,F1,F2,F3,F4,F5,F6,F7,F8,F9,F10,F11,F12,F13,F14,F15
protein|HLA-A,-0.18997847,-0.5847735,0.4322729,-0.45527792,0.27681726,0.21034002,0.23990059,0.117688015,-0.025512554,-0.06579185,0.040831007,-0.48450008,0.17207213,-0.5804818,-0.085420705
protein|HLA-DQB1,-0.13815577,-0.28255492,0.07931454,-0.062358007,0.3889928,0.030290823,0.13691469,-0.17661314,0.22709155,0.30410817,0.12762424,-0.3487734,0.0095023755,-0.4280872,-0.3233952
protein|NCBP2-AS2,-1.0966122,-1.121221,-0.31444603,-0.42713574,-0.51921904,1.2583005,0.94078237,0.46751544,-0.8075567,-0.45925143,-0.3108616,-0.59144217,0.96722025,1.090669,-0.686556
protein|CLC,-0.36925852,-0.15517238,1.3030612,-0.012321534,-0.9882094,0.28328457,-0.36578682,-0.54051846,-1.0981177,0.28986767,0.098009706,-0.33933595,-0.2683854,0.07351653,0.63191396
protein|A0A0G2JIF2,-0.004706222,-0.310301,0.630022,0.027008953,0.08464631,0.2338124,-0.01917556,-0.14016007,-0.031227624,-0.034974225,-0.09648875,-0.099481404,-0.28529498,-0.26582474,-0.17165874
protein|HLA-CW,-0.27556193,-0.19820938,-0.2767533,-0.16197939,-0.1284269,0.16065247,0.070000544,-0.0034029419,0.069561325,0.09106209,-0.18522754,-0.006532588,0.0675554,0.09209455,0.15209755
protein|SCARF2,-1.0696709,-1.1346267,-0.3922343,-0.42734027,-0.7081153,1.4118476,1.2309222,0.7763921,-0.85363716,-0.49591023,0.069076456,-0.6356503,0.9846417,1.1952516,-0.72963804
protein|A0A182DWH4,0.17021246,-0.48437488,-0.06821656,0.07763416,0.13130313,0.27672076,0.5293478,-0.15166083,0.012319602,0.30845746,-0.10375429,-0.2537778,0.32085213,-0.043590177,-0.123687245
protein|DEFA3,-0.6571563,0.2232987,1.1006529,-0.31719303,-0.8094668,-0.1728092,0.27117282,0.18478233,-0.93177056,0.14563072,-0.059003327,-0.29763144,0.11966855,0.5314486,-0.044743653
protein|MAGEB2,-0.010447256,-0.039954275,0.077365816,0.06663514,0.31642216,0.35806918,0.005280527,0.16941983,-0.088497594,0.12474932,-0.09678309,0.17084521,0.30054578,0.12984501,-0.49510205
protein|AZU1,-1.0932822,0.16092935,1.5685039,-0.2074562,-1.019636,-0.57642776,0.23675352,0.17181905,-0.43433934,0.16804251,-0.17262976,-0.023336733,0.09757594,0.8541853,-0.23644583
protein|KRT6B,-0.58721113,-0.3282612,0.417934,-0.7449896,0.091120005,-0.24020083,0.26596004,0.39363083,-0.83989084,-0.07250946,-0.91686606,0.24993996,0.42890146,0.00497431,-0.34276858
protein|HLA-DQA1,0.22663623,0.5921909,0.24778786,-0.40296495,0.7837266,0.26159528,-0.14520682,0.14067134,0.3456317,0.1868006,0.37878224,-0.55163014,0.1199513,-0.9781122,0.01892183
protein|PHF21A,-0.96425056,0.05264938,0.6674057,-0.19077861,-0.8100291,-0.13425787,0.39586172,0.5408781,-0.26141655,-0.14341502,0.43854195,0.39458787,0.416134,0.80285066,-0.4024312
protein|PLK2,-1.1532921,-0.13692479,-0.18065113,-0.4246622,-0.42527124,0.5021442,-0.19361545,0.22739148,-0.9863405,-0.22104955,0.33540478,-0.8339189,0.047973428,0.6436234,-0.16412258
protein|HLA-DRB1,-0.001454012,-0.29285908,0.052540235,-0.15861034,0.11893601,0.10869009,-0.17142546,0.14009243,-0.019279554,-0.04421304,0.21923374,-0.43492144,0.3646523,-0.41294196,-0.26346406
protein|COL1A1,-1.039609,-0.81255615,-0.27019516,-0.8659576,-0.6560492,1.5255888,1.1409756,1.0451648,-1.176663,-0.4804205,-0.0042222315,-0.7864083,1.2831881,1.2351873,-0.93124825
protein|HLA-B,0.31436524,-0.59731144,0.45867604,-0.1620648,0.050233796,0.049729574,0.2978167,-0.15328568,0.15089329,0.02250784,-0.15943378,0.17040063,-0.2132352,-0.35332185,-0.014826481
protein|PRTN3,-1.02847,0.2700277,1.3579576,0.119093955,-0.8988894,-0.55654454,0.038332686,0.026471067,-0.7327889,0.27121344,-0.08163993,-0.17546484,0.23217994,0.6002079,-0.4780953
protein|HLA-DRB5,-0.42773592,-0.31711617,-0.11599496,0.0575773,0.08171504,-0.07487253,0.13706782,0.09449201,0.24795984,-0.4152955,0.13515595,-0.04476155,0.010440751,-0.23271827,-0.16563575
protein|ADARB1,-0.5279969,-0.15640798,-0.20699772,-0.03663357,-0.03207543,0.62808233,0.49549508,0.71287847,-0.24915478,-0.11771391,-0.068640806,-0.19729444,0.4916776,0.8962658,-0.4683474
protein|HBA2,-0.82575375,0.2048559,0.51793,0.05072571,-0.43841115,-0.45842385,0.30253914,0.6062898,-0.4303738,0.3678105,-0.092936516,0.14505519,0.6845214,1.1956372,-0.5885574
protein|COL1A2,-1.0920837,-0.86352617,-0.42226002,-0.6886068,-0.73506993,1.6226655,1.1523328,1.0046247,-1.1136512,-0.42000043,0.06649611,-0.77448493,1.2075027,1.2601755,-0.9486792
protein|S100A12,-1.0948219,0.13630702,1.3510951,-0.4328046,-0.77612597,-0.49383903,0.056267016,0.14012891,-0.2762749,0.13629466,-0.04550727,0.342753,0.20456344,0.5043232,-0.32871544
protein|CRP,-0.60192513,0.9771062,0.09085262,0.15193325,-1.0354365,-0.19007808,0.105419725,0.01149701,-0.2672115,0.46364173,0.36698818,-0.0010324486,-0.33541438,1.2531844,-0.19519624
protein|HBA1,-0.6858925,0.3957874,0.39810938,-0.22588821,-0.83080775,-0.573372,0.52946115,0.6007265,-0.23495549,0.3866574,0.1713716,0.34087458,0.5816545,1.2958436,-0.29969558
protein|GSTM1,0.27986458,0.30978253,0.16613522,1.0648593,0.08907129,-0.03533679,-0.35180682,-0.081343256,-0.28790915,0.018648531,-0.5794371,-0.48172396,-0.42415702,-0.124040626,0.22090892
protein|SERPINA1,-0.5516164,0.22104576,0.71368116,-0.2952076,-0.41041774,0.45632347,0.5158859,0.1966181,-0.6750538,-0.106480055,0.5606173,-0.109910175,-0.06327198,0.7400477,-0.32474375
protein|SAA2-SAA4,-0.549108,0.148691,0.6735451,0.10512189,-0.5856908,0.42967558,0.44322604,0.32344952,-0.15170628,-0.10931259,0.44312328,0.12912449,0.14309248,0.7675218,-0.64520955
protein|E9PMV2,0.13226615,0.20265347,-0.048908032,-0.032251406,0.4883743,0.028879713,-0.05638902,0.24273208,0.5094209,0.51702726,-0.22881639,-0.11675848,0.22251904,-0.5273593,0.030697279
protein|HLA-DRB4,-0.058548532,-0.0822188,0.013650715,0.14467552,0.04034655,0.11752355,-0.127247,-0.023567714,-0.03236563,0.019313188,0.13436228,-0.5072862,0.06740746,-0.24643107,-0.19740121
protein|IGJ,-0.41343668,-0.14301316,0.123834714,-0.18490192,0.078537345,0.1295652,0.58744425,0.5698861,-0.0826648,-0.16111195,-0.11932666,0.44500747,-0.06388148,0.41318142,-0.33303207
protein|COL11A2,-0.56461173,-0.345502,-0.06332447,-0.5755469,-0.19646169,0.4973742,0.64415264,0.56374,-0.61956453,-0.23478171,0.045306604,-0.1666457,0.9558404,0.514307,-0.7198624
protein|COL3A1,-0.86470103,-0.7082485,-0.3397925,-0.7753813,-0.6401979,1.4900205,1.0499558,0.9798417,-1.1184807,-0.38628873,-0.08299929,-0.8837274,1.2024624,1.2343005,-0.7737112
protein|Q5Y7H0,0.051538132,0.070715055,-0.036737684,-0.12886389,0.6403071,0.06850497,0.22070879,0.16862707,0.34249538,0.5280742,0.06645833,-0.33822682,0.09134411,-0.7746391,-0.12534072
protein|Q5Y7D1,0.26682732,-0.5427887,0.41242674,0.04559511,0.30044547,0.05249218,0.5130748,0.33336958,0.027194649,0.06216569,-0.46725327,-0.14913964,0.2609416,-0.39540955,-0.11079778
protein|P0DP04,-0.48195225,0.2651769,-0.08195549,-0.035769217,-0.23254411,0.20996192,0.19914329,0.19925316,-0.35176846,0.06774357,0.14629106,-0.032197755,0.16127309,0.84177405,0.111740254
protein|UACA,-0.8593836,-0.069559515,0.026167741,0.044391867,-0.45119908,0.023908252,0.44503927,0.2811374,-0.039829534,0.36630884,0.032887924,0.335207,-0.02984773,0.9272294,-0.15049013
protein|HLA-DOB,0.5438267,-0.40707383,0.06318245,0.16726348,0.4536694,0.44766334,0.18162201,0.36151233,0.40113977,-0.0035127134,-0.20235537,-0.71743,0.7581306,-0.8257061,0.27169317
protein|KMT2C,0.01581745,0.40972736,-0.6783731,-0.05286111,-0.07784172,-0.4602888,-0.09094717,-0.33844227,0.008174665,0.23428105,-0.6343082,-0.26009464,-0.77954173,0.05830152,0.12049195
protein|Q5Y7D2,0.40047568,0.14104977,0.33984783,-0.21627901,0.111174606,-0.09394877,0.062745824,-0.30784535,0.0005021568,0.4470969,-0.043713324,-0.14487696,-0.09376351,-0.2622974,0.1712004
protein|EPX,-0.4562456,-0.3650804,1.1798024,0.08874189,-0.5409445,0.39243606,-0.0518734,-0.44612458,-0.8426554,0.039705854,-0.03730763,-0.2981915,-0.016691785,0.07974375,0.1343853
protein|POSTN,-0.6340599,0.44151032,-0.9980088,-0.32731262,-0.8357398,1.0600343,0.759998,0.7216268,-0.80341834,0.41216707,0.33106717,-1.1368415,0.8166246,0.9819356,-0.53626287
protein|S100A9,-1.2562613,0.29759082,1.4299088,-0.5041856,-0.5580952,-0.6579622,-0.54252356,-0.06699255,-0.5605418,0.06014477,0.2563157,0.46223655,-0.46665007,0.5144867,-0.25716913
protein|EIF1AY,-0.0071008173,0.09882993,0.41168866,-0.0072725555,0.3059826,-0.0026177762,0.1934742,0.21293148,0.21228668,-0.16256407,-0.06590919,0.32460007,0.038755924,-0.119368576,-0.049610216
protein|ELANE,-0.9406915,0.39816457,1.3262688,-0.073108554,-1.1285048,-0.22267923,0.18502323,0.26347303,-0.823435,0.23844354,0.34760392,-0.19824356,0.0072317612,1.050882,-0.17660646
protein|CA3,-0.703919,0.22780852,-0.10259987,-0.039893024,-0.5917243,-0.0111655295,0.4514191,0.25643575,-0.28927678,0.7148979,-0.06700678,-0.13607244,0.9662131,0.44955167,-0.19305941
protein|IGHM,0.13179258,0.24676049,-0.31073618,-0.031045923,-0.05374609,-0.29276896,0.3537603,0.053181168,0.22508499,0.1398249,-0.27397597,0.35369253,-0.20199709,0.33397377,0.0063467473
protein|HBB,-0.6609263,0.45133442,0.38426495,-0.25034064,-0.85753983,-0.57935,0.47610697,0.57243294,-0.25388682,0.31433398,0.20851095,0.27728942,0.52799016,1.361405,-0.33129096
protein|DDX3Y,-0.24769525,-0.32940412,0.2835873,-0.05749327,0.33255965,0.10548809,-0.04497523,0.39471474,0.23881134,-0.32582247,-0.16489789,0.26848578,0.023925327,-0.45537758,-0.28051904
protein|COL5A2,-1.0051275,-0.9598153,-0.049478587,-0.6920435,-0.37621936,1.5997466,1.0638729,0.8000509,-0.73723924,-0.40488547,0.14776094,-0.67214936,0.9602927,0.9521651,-1.0592569
protein|HLA-DPB1,0.09138567,-0.049466785,0.39560303,-0.393887,0.1382554,0.10732625,-0.026553899,0.27891314,0.1651544,0.11028205,-0.008297889,-0.3796021,0.37849838,-0.9065078,-0.38775653
protein|FGG,-1.1144999,0.7675715,0.65560555,-0.45965707,-1.100014,-0.44832864,-0.0007590016,0.6175686,-0.4989985,0.3345427,0.7512572,0.34338644,-0.058382757,1.5743192,-0.36773378
protein|FRAS1,-0.615224,-0.90063137,-0.19928464,0.1065195,0.14705819,0.41564438,0.6979437,0.08463078,0.04838824,-0.25529703,-0.046392962,-0.26182362,0.41384456,0.47974887,-0.19961585
protein|FGA,-1.1966901,0.5285353,0.50344753,-0.4216241,-1.0997052,-0.36098918,0.3226739,0.696345,-0.49946353,0.2755512,0.6435577,0.33421537,0.0786705,1.701094,-0.51515657
protein|HLA-DRA,0.25859076,0.32306975,-0.04734609,-0.20586553,0.8389908,0.20535462,0.011720238,0.10854142,0.20477802,0.6758794,0.11722273,-0.48304576,0.245838,-1.0627115,-0.011142127
protein|LTF,-0.80810535,0.2127078,1.1690958,-0.24222161,-1.0843601,-0.19572614,0.35883245,0.16644648,-0.5661468,0.24648686,0.16325979,-0.114251465,0.16920994,0.63816124,-0.13171656
protein|FGB,-1.1396016,0.552704,0.6531573,-0.51067734,-0.9671476,-0.3914079,0.07857878,0.72960365,-0.45305523,0.29990137,0.72445977,0.35673156,-0.032203797,1.5524942,-0.49048677
protein|Q5SU54,0.062554866,0.12445678,-0.18383448,-0.13244365,0.4484151,0.29966897,0.1795352,0.12717985,0.27381438,0.5101523,0.06073371,-0.22264479,0.40603676,-0.7219157,-0.13512512
protein|CMA1,0.10850089,0.02376995,0.3118167,-0.6969393,-0.76641136,-0.06830895,0.19090322,-0.14076197,-1.3725666,-0.31643596,-0.8037234,-0.32309577,0.6639311,-0.038880523,0.2023718
protein|Q2L6G2,-0.30056372,-0.5020345,0.29739472,-0.2781136,0.09290968,0.08784433,-0.120308034,-0.050892588,-0.21416256,-0.05758256,0.018584235,0.03156556,0.14385134,-0.11323735,-0.38817212
protein|PLIN4,-0.18716839,0.0051722806,-0.32805166,0.33151385,-0.39209116,0.6365801,0.32927397,-0.12726402,-0.40428057,-0.26194817,0.24597903,-0.59311485,0.52918875,0.8269888,-0.26305953
protein|P01911,0.109795555,-0.0006971167,-0.045565993,-0.17038736,0.5615652,0.22838181,0.16612875,0.11739758,0.28819984,0.56932783,-0.013982138,-0.1945265,0.3233833,-0.65922683,-0.32881522
protein|CD34,-0.5358966,-1.2515963,0.14020067,-0.19597518,-0.43177518,0.7724943,0.79823154,0.4209074,-0.57924074,-0.6644457,-0.41758052,-0.184998,0.5671308,0.61987054,-0.76316273
protein|Q5EP54,-0.109281,-0.22544795,0.07945219,0.022948446,0.48246914,0.088130474,0.2505297,-0.16494992,0.00094081956,0.30059987,0.051188752,-0.273812,0.28387573,-0.6511752,-0.24491936
protein|IGKV2D-28,-0.79328996,0.37029207,0.09630989,-0.20368737,-0.74673396,-0.11533425,0.09546466,0.34381017,-0.52664924,0.34387562,0.33471677,0.11170566,0.06535166,0.9354831,-0.17075229
protein|MARCKSL1,0.34246653,-0.43069088,-0.69794506,-0.13837983,0.692373,0.9482074,0.84367526,1.0216961,0.32223138,0.27169096,-0.011175954,-0.34189036,1.0978583,-0.7074513,-0.51349616
protein|SPTLC2,-0.65204984,0.74376136,0.09158347,0.11727636,-0.08887233,-0.6391056,0.2148,0.18336207,-0.4478352,0.25442728,-0.103150375,0.15522122,-0.0063240505,1.0036525,-0.12103212
protein|TMSB4X,0.360841,-0.632632,0.9728481,-0.25694567,0.7202266,0.87552917,-0.07857411,0.1773869,0.34590968,-0.78971034,0.32323068,-0.1925281,0.21476088,-1.2081996,-0.3516366
protein|PLIN1,0.023386132,-0.12817033,-0.48996675,0.34276357,-0.39228165,0.54879135,0.3147106,-0.12052515,-0.6625941,-0.32977703,0.21710114,-0.5779602,0.39060712,0.7059936,-0.12092763
protein|COL5A1,-0.89770323,-0.7603042,-0.14807895,-0.6488681,-0.3592295,1.481052,1.013322,0.8249363,-0.70720476,-0.16359249,0.25552607,-0.4108106,1.0849453,0.95023113,-1.0824271
protein|CKM,-0.6145067,-0.15360522,0.46604422,-0.27552804,0.035572488,-0.323506,0.369286,0.1535192,-0.49542978,0.67172277,-0.29950753,0.07950018,0.5938178,0.14646332,-0.2108474
protein|FCER1G,-1.4662455,-0.30129182,0.6274918,-0.025223263,0.10821442,-0.5290212,-1.1964567,0.048178557,-0.46302253,-0.42156935,0.7894804,0.6392405,-1.114482,0.27335247,-0.44507077
protein|P0DP03,-0.23681282,0.29981387,-0.12892792,-0.14208853,-0.5872211,0.038800832,0.19027379,0.29030976,-0.7093501,0.26726988,0.37013483,-0.22050302,-0.20630538,0.89165574,0.06533867
protein|RPS4Y1,-0.25916275,-0.07006339,0.007733137,-0.15579507,-0.1845805,-0.2752963,-0.03164327,0.0053742137,0.31294578,-0.12202666,-0.122452,0.4822671,-0.055832747,-0.6018437,0.17008133
protein|Q5QT33,-0.12968676,-0.25499573,-0.054599322,-0.023166014,0.31569862,0.0044062138,-0.17731212,0.33595175,-0.104809746,-0.30158085,0.052550994,-0.11328895,-0.250747,-0.34115353,-0.31609154
protein|CPA3,-0.012286701,-0.23501644,0.34212616,-0.51919526,-0.6581311,0.09708471,0.3255508,-0.117111996,-1.4058758,-0.3816116,-0.8523243,-0.4823407,0.5202728,-0.04567974,0.3854675
protein|Q5Y7D3,0.09760375,-0.04206591,0.2936299,0.11074414,0.16354047,-0.08077033,-0.09173103,0.017081592,0.031009905,0.07936725,0.08945721,-0.030248642,-0.12359122,-0.1033594,0.28869897
protein|A0A0D5XQ77,0.18631017,0.093699485,-0.05063307,-0.03850495,0.30996168,0.15871178,0.25899214,0.06821975,0.25496653,0.51925,0.16587985,-0.4477907,0.2561449,-0.41680685,-0.23371209
protein|IGLV4-69,-0.54781914,-0.45023176,0.20694171,-0.28778177,-0.48402828,0.42161158,0.59661144,0.16918075,-0.3536029,0.05460906,0.2716141,0.10270687,0.5585314,0.7150664,-0.17497085
protein|IGHV4-4,-0.54541355,0.7422834,-0.038193986,-0.1356051,-0.4554052,0.2105649,0.09594764,0.21874191,-0.17200959,0.26513672,0.2250336,-0.28661594,-0.069045864,0.6647884,0.18562861
protein|ALPL,-0.7601195,-0.7431443,0.038101863,0.061015505,-0.59444183,0.53212154,0.43075722,-0.076013006,-0.07518614,-0.5808067,0.117467105,-0.25723058,0.29709026,0.43030927,-0.5864384
protein|IREB2,-0.11639321,-0.20842727,0.1382725,-0.25938037,0.39504564,-0.25325328,0.2026936,-0.13693269,0.2474261,0.14951949,-0.336378,0.07597277,0.04685583,-0.33135438,-0.07421252
protein|HBG1,-0.5778954,-0.19688654,0.19391386,-0.1925853,-0.65166825,-0.08058131,0.6867096,0.5136525,0.007207224,0.09326446,0.22771716,0.19159827,0.54992855,1.2599455,-0.44277713
protein|D7RIG5,0.24726196,0.122979194,-0.13141413,-0.12782349,0.7636736,0.55029446,0.19371024,0.24793598,0.11349419,0.51054335,0.2198841,-0.38540983,0.24762726,-0.8471105,-0.14011279
protein|O19617,-0.44993266,-0.3179082,0.11023814,-0.07790838,0.027172772,0.5970814,0.086596176,0.19029318,-0.14307667,-0.3115201,0.09683718,-0.34586215,0.1690915,0.0586871,-0.20491198
protein|JMJD1C,0.45134637,-0.8405111,0.4057721,-0.16961719,0.9801438,1.0324895,0.61173546,0.27336875,0.7254579,-0.48867327,-0.13476531,0.84317744,0.60764724,-0.5988381,-0.8006907
protein|MB,-0.5743031,-0.18908009,0.14931484,-0.21339329,-0.21154469,0.013960743,0.3639712,0.10256863,-0.5966539,0.53829986,-0.34591588,0.09380933,0.66043586,0.44936723,-0.2047096
protein|C8A,-0.6142384,0.41463852,0.54605,-0.68095756,-0.73034745,0.2526466,0.36049035,0.6120497,-0.63747627,0.30950138,-0.63464284,0.3249469,0.3157559,0.72939837,-0.4955377
protein|CHDH,0.3512875,-0.13444157,-0.02104691,0.32057053,0.49720156,-0.19162102,-0.011086379,0.057265352,0.092192516,-0.07077352,-0.2168657,-0.24777646,-0.023083553,-0.38574812,0.058319896
protein|HLA-DOA,0.4429248,-0.305203,0.32841986,0.33878505,0.67855155,0.29569685,0.36808723,0.23696654,0.37362924,0.122792006,0.03449369,-0.8376501,0.35144767,-0.90258473,0.024288801
protein|SOD2,-1.1841213,-0.12401208,0.24016137,0.3455132,0.2093856,-0.67247975,-1.2370344,0.10438114,-0.3639729,-0.24610056,0.055833492,-0.11126447,-1.3985821,0.11789843,-0.22111079
protein|IGLV7-46,-0.3412454,0.25345317,0.1311454,-0.09324981,-0.46489355,0.1750165,0.052647207,0.24310468,-0.25337154,0.21902919,0.0043432997,0.18364616,0.13411973,0.5771037,-0.0023828067
protein|DCN,-0.67225456,-0.032735154,-0.44288635,-0.723179,-0.87585634,1.2516514,0.65426624,0.8983012,-1.1838078,-0.19203527,0.13460824,-0.86706656,0.98092,0.9526632,-0.47352436
protein|FBXL18,-0.28565013,-0.11575457,-0.4155834,0.17866403,-0.027032949,-0.0237428,0.2997948,-0.5167725,-0.1382514,0.20815429,-0.79461604,-0.4103935,-0.3659638,0.04618104,0.23595504
protein|HMGN4,0.092380956,-1.6122823,1.1116394,-0.33205274,0.73699075,0.9792269,0.21257825,0.41971368,0.55969465,-0.9861301,0.23609905,-0.1436841,0.52649105,-1.0275409,-0.12960386
protein|MPO,-1.073286,0.03368543,1.3141286,-0.031580303,-0.8070666,-0.21547489,0.106943235,0.06536132,-0.5742708,0.16324571,0.1215261,0.004014289,-0.12432103,0.60548514,-0.37032896
protein|MCM3AP,-0.26851925,0.1243293,-0.20166318,0.18711329,-0.2803329,0.23921824,0.38455,0.18643118,-0.018629963,0.11656719,-0.034494746,0.12366264,0.43049142,0.14146575,-0.018373199
protein|COL6A6,-0.2177783,-0.052106455,0.06328023,0.0516745,-0.69005597,0.09153805,0.06302348,-0.0013007649,-0.5035559,-0.06471296,-0.15210731,-0.4079067,0.36132494,0.19833523,0.098801576
protein|CTSG,-0.7967652,-0.07651119,1.2938658,-0.14579105,-1.1239618,-0.16928169,0.38418826,-0.063729204,-1.0343496,-0.009486519,-0.20638517,-0.19153288,0.38729125,0.5400496,0.089428894
protein|TTN,-0.22330236,-0.6092862,0.7307117,-0.38862145,0.5472211,0.2250383,0.23167609,-0.014519388,-0.32353532,-0.3785268,-0.26918894,0.009160575,0.0768565,-0.29136032,-0.17951775
protein|UCHL1,0.31470263,0.12334557,-0.32374105,0.2023868,0.37595436,0.3291486,0.22892731,0.25718975,-0.111629635,0.26523322,0.18228394,-0.229056,0.099106535,-0.25190222,0.065642565
protein|S100A8,-1.0961698,0.24450868,1.3057866,-0.45505598,-0.5798657,-0.56809926,-0.32916272,-0.060680084,-0.5442409,0.03221037,0.1084291,0.3127388,-0.40579644,0.5112223,-0.076590955
protein|RECQL5,0.31010216,-0.82929206,0.22169232,-0.94154155,0.5785606,0.24854834,0.17998888,-0.19985996,0.9301018,-0.40762123,-0.33693963,0.6509571,-0.29606214,-0.01645485,-0.6459047
protein|CA1,-0.55153906,0.4893914,0.2763635,0.03667556,-0.93970674,-0.6149642,0.47448123,0.5030532,-0.15158947,0.3371142,0.24075182,-0.008790902,0.5377803,1.1404022,-0.062337033
protein|FCER2,0.28537115,-0.14082049,-0.0134682935,0.044705845,-0.22722164,0.29048094,0.28403065,-0.10060336,0.033954833,-0.056396533,-0.22886685,-0.39420125,0.4171095,-0.20466307,-0.20117383
protein|HMGCS2,-0.031561177,0.17133842,-0.03475176,1.4494106,0.31647035,0.005830678,-0.17014895,0.016441965,-0.07414305,0.4895364,-1.1079345,-0.28411958,-0.34644338,-0.2221824,-0.4869616
protein|FABP4,-0.031094695,0.097045906,-0.4338992,0.13480861,-0.47051454,0.34672406,0.24265838,-0.18032351,-0.29820567,-0.40545705,0.11526101,-0.5730956,0.1248917,0.61631906,0.119266815
protein|HBD,-0.6432909,0.33629355,0.4162971,-0.11527474,-0.77735454,-0.54916775,0.41002184,0.53163385,-0.20312533,0.24873097,0.12596108,0.23777717,0.47679985,1.2699887,-0.27966166
protein|C1QA,-1.0964221,0.2512993,0.0050443914,-0.09791146,-0.26956016,-0.107356764,-1.0820911,-0.07009358,-0.3873081,-0.10702092,1.1070969,-0.025051555,-1.0920693,0.5822659,-0.10129122
protein|FTL,-0.71964717,0.27615678,0.46243504,-0.15015405,-0.38260263,-0.2287424,-0.5521509,-0.19452521,-0.28926328,0.019388659,0.078649506,0.34534103,-0.56237656,0.1452622,-0.35266066
protein|IGHV1-18,-0.50389093,0.34398612,0.07099574,-0.29460374,-0.6177694,0.40777498,0.31036755,0.2267805,-0.6865593,0.2303934,0.2095273,-0.20185943,0.20920335,0.82393867,-0.011916221
protein|P80748,-0.75511456,-0.2001217,0.08813519,-0.3944721,-0.51328987,0.4304686,0.41322988,0.3091891,-0.32587057,0.13382122,0.3934553,0.18095468,0.3188961,0.6502979,-0.553892
protein|IGLV4-60,-0.62269735,-0.7145247,0.106597416,-0.20682447,-0.36842403,0.52255905,0.9664605,0.42614415,-0.25686297,0.0066262544,0.117005646,0.036282573,0.5775674,0.8169122,-0.3736337
protein|P0DOY3,-0.3937043,-0.045893162,0.20803565,-0.49232438,-0.39011452,0.33255428,0.38159233,0.56495607,-0.22321844,0.33586627,0.21326654,0.43227986,0.31619874,0.99817103,-0.20771918
protein|MBP,0.020737719,-0.80466634,0.86107147,-0.56897146,0.124694906,0.22022447,0.04956194,0.37004614,0.31707194,-0.6076957,-0.15877678,0.22062129,-0.072690435,-0.57181966,-0.44647267
protein|PLTP,-0.8940124,-0.16662824,-0.12801714,0.025505068,-0.4121397,0.58649004,0.28186524,0.18756503,-0.5389917,0.4476838,0.4453922,-0.2865359,0.11820249,0.7180905,-0.45330167
protein|AKR1C3,-0.3587549,0.26984644,0.34474498,1.1497319,-0.59989285,-0.080788724,-0.1578114,0.27873573,-0.7574999,0.0014606663,-0.84643465,-0.49617258,-0.09500855,0.32376477,-0.049858127
protein|IGKV2-24,-0.50157005,0.40647295,0.04813627,-0.13788883,-0.6374963,-0.17443748,0.14328197,-0.16623071,-0.118134454,0.2659713,0.12439585,-0.03923834,-0.05166539,0.6596447,-0.1637821
protein|IGKC,-0.5306525,0.48568323,0.14302051,-0.44947964,-0.5455529,0.2579067,0.31123742,0.5736187,-0.2714562,0.31981823,0.06853294,0.3375248,0.07643601,0.9035289,-0.11732948
protein|UCK2,-0.15513146,-0.42789632,0.087322265,-0.19469988,-0.21973506,0.44582945,0.13954473,-0.03475449,-0.24038573,-0.11318972,-0.5638546,0.075506374,0.5941797,0.53598523,-0.20865673
protein|TUT1,-0.37218797,-0.22776924,0.4747591,-0.119147874,-0.45928672,0.42876232,0.2880728,0.25804383,-0.27621654,-0.066458456,-0.12062809,-0.16704899,0.62083673,0.6282828,-0.20961337
protein|MAGEA9,0.1416008,0.3374006,-0.30558383,-0.036430392,0.4518361,-0.026135687,0.11292914,-0.12768583,-0.15177618,-0.00033968053,-0.18783529,0.19694118,0.017035594,0.2990137,-0.4077483
protein|LCN2,-0.67005247,0.5376539,0.92276734,-0.19330794,-0.6618583,-0.4474951,0.26547402,0.1887788,-0.56161886,0.44078326,-0.06700399,-0.056244828,-0.04678528,0.54837644,-0.079396814
protein|PTMA,0.34238067,-0.77445084,0.5978338,-0.70803106,1.0503937,1.1028408,0.7337451,0.46940777,0.61520636,-0.56341255,-0.26338422,0.7890451,0.6712906,-0.4865203,-0.7706408
protein|IGKV3OR2-268,-0.5991726,-0.11547292,0.00799945,0.024175558,-0.72439617,0.09359755,0.30394995,0.043836255,-0.1538776,0.23821503,0.086054295,0.18897977,0.08178262,0.65378755,0.09059758
protein|A0A182DWE9,-0.07167606,-0.051532406,-0.27654487,0.0972084,0.57293487,0.3252293,0.29649654,-0.08129764,0.28445178,0.40183252,0.1216028,-0.44446048,0.10146938,-0.2473344,-0.05795478
protein|ACTN2,0.038497597,-1.0930743,0.20528883,-0.28966498,0.18968329,0.6042236,0.606682,-0.2464314,0.36464867,-0.4081075,-0.1949236,-0.04442877,0.64929396,-0.2282189,-0.038712546
protein|HLA-DPA1,0.19558613,-0.08839842,0.21688943,-0.21515973,0.95187044,0.5292368,0.110871986,0.19571444,0.42069855,0.32188675,0.2458049,-0.5093575,0.0760306,-1.0294864,-0.37917995
protein|GYPA,-0.49975905,-0.20961352,0.36529404,0.03818126,-0.7061384,-0.22873852,0.35252404,0.57039475,-0.008653657,0.2134886,0.40655008,0.38895229,0.5184066,1.191009,-0.601177
protein|MECP2,-0.05645256,-1.4321253,0.99426275,-0.34344038,0.30488133,0.90765744,0.4665885,0.19120055,0.30996233,-1.0426981,0.30148047,-0.61581,0.72002757,-0.4861918,-0.25740007
protein|PRSS3,-0.635043,-0.97892785,-0.009639371,0.23088846,-0.049706064,0.095172584,0.555309,-0.061088778,0.048827056,0.1317299,-0.16667572,0.16945566,0.2739178,0.35895762,-0.21900977
protein|HMGN3,0.058818184,-1.0806085,0.30086756,-0.34893295,0.7869221,0.6665835,0.5570042,0.5011048,0.73979855,-0.55256426,0.100209005,0.6511575,0.43419287,-0.24824744,-0.31510293
protein|TMEM2,-0.22556944,0.24042647,0.46274504,-0.10967958,-0.3744008,0.35027975,0.36412138,0.51585335,-0.13057844,-0.09973777,-0.19529632,-0.23539943,0.06994111,0.9845074,-0.24141066
protein|ERAP2,-0.10079455,0.0164243,0.13054061,0.114861205,0.07017304,-0.111884296,-0.27900666,-0.30533847,-0.025950074,-0.21010605,0.35219368,-0.15113539,-0.27262554,0.05356763,-0.0541012
protein|IGHA1,-0.66356397,0.16178362,0.4676023,-0.38993135,-0.6269476,0.24569117,0.3649167,0.5132477,-0.5221737,0.36778527,0.054129917,0.17985775,0.3668275,0.8523383,-0.4424053
protein|RPL22L1,0.10958532,0.312279,-0.3025297,-0.41620588,0.20418659,-0.06072897,0.26426023,-0.36250064,0.3625273,0.049347572,-0.26115218,0.3617508,-0.09739372,-0.20981522,-0.1570112
protein|OGN,-0.4481319,0.05175268,-0.34831703,-0.398029,-0.69879586,0.775013,0.6141599,0.6534639,-1.1204051,-0.28017095,-0.106226966,-0.8004489,0.75579876,0.91753715,-0.2860848
protein|RCL1,0.026112651,-0.9190486,-0.42436856,0.11549131,0.0069181384,0.2349697,0.44787273,-0.43242046,0.53192973,-0.087656416,-0.8445734,0.56137234,0.098552324,0.3958597,-0.4282943
protein|MYL9,-0.58082736,-0.4564718,0.29111266,-0.20063508,-0.7206829,0.67997706,0.46606585,0.3011272,-0.7594351,-0.2871426,-0.10165443,-0.79637736,0.0876411,0.7387892,-0.5531825
protein|KIF26A,-0.21667467,-0.10106849,-0.0074668163,-0.24448134,-0.02705837,0.107990265,0.16207288,-0.15891638,-0.32231233,-0.15867256,0.26605332,0.16351448,0.53095007,0.5439746,-0.22246084
protein|FAM151A,0.42388958,-0.5962702,0.26787835,0.27894673,0.08303035,0.093025275,-0.22344165,-0.29583505,0.48120633,-0.6135219,-0.08950739,-0.54970545,-0.29218543,-0.32536525,0.690824
protein|MYL3,-0.25962803,-0.08171596,0.015284347,-0.12054418,-0.55408096,0.33121884,0.09022269,0.12743326,-0.50206995,0.4433471,0.03739245,-0.34283304,0.51622987,0.28886482,-0.052068796
protein|PAWR,-0.024604509,-0.42332432,-0.35710365,-0.476436,0.27668068,0.65801954,0.39725262,0.4481834,-0.1588125,-0.16059755,-0.4554311,-0.056349706,0.29735705,-0.033372328,-0.6364227
protein|ACAA2,0.4754587,0.250832,-0.7507451,1.9176983,0.21655081,-0.759742,-0.25409946,0.39991152,-0.03198703,0.054086745,-1.2453985,-0.35370973,-0.86485606,0.19076028,0.08030129
protein|HMGN2,0.5150431,-1.0336244,0.5610721,-0.59789604,0.8243208,0.59453,0.6484428,0.4179911,0.9652521,-0.6868868,0.17291267,0.6006076,0.525351,-0.60776126,-0.17235541
protein|PRF1,-0.6266112,-0.26053548,0.7003422,-0.24547184,-0.1104638,-0.11460544,-0.1275248,-0.06507275,-0.08418418,-0.4640739,0.21324447,0.051765535,-0.016354777,0.29317644,-0.043225586
protein|IGHG2,-0.54477435,0.45616445,0.06396185,-0.2697324,-0.8533334,0.16958848,0.21932468,0.54160386,-0.23862949,0.50718147,0.43772492,0.25323057,0.1562226,1.003884,0.08137016
protein|TRAC,-0.30427748,-1.0150405,1.0311548,-0.23462126,0.05640153,0.10645758,-0.46380064,-0.04037611,-0.0081846,-1.0392567,0.64847106,-0.57055557,-0.030017842,-0.43283176,0.21309394
protein|IGHG4,-0.41276607,0.4239517,0.022022128,-0.14107987,-0.49640414,0.11222466,0.29190633,0.290576,-0.31899187,0.3254769,-0.02470544,0.09466443,0.15936612,0.74751157,0.18752313
protein|CILP,-0.14210145,0.04068046,-0.57324755,-0.1521838,-0.20271029,0.7841864,0.38940305,0.5405797,-0.018384418,0.3014799,0.4570203,-0.3069246,0.4828997,0.17259784,-0.57573044
protein|DSP,-0.47239393,-0.33030194,0.46489966,-0.24762785,-0.050497506,0.04768713,0.45087904,0.5293794,-0.79725564,-0.19851153,-1.4046487,0.3017281,0.3992973,0.3849517,-0.4543637
protein|HEL-S-117,-0.07226989,-0.07703865,0.2727736,0.8889282,-0.55850327,0.0594967,-0.0788192,0.2748139,-0.6290472,-0.45466498,-0.04649797,-0.65347505,-0.021374224,0.36119446,0.08404805
protein|CYB5R2,0.172137,0.06661818,-0.117208496,0.18226057,0.45951155,0.00733542,0.6677412,-0.43007702,-0.016534964,0.024328414,-0.7418767,0.30593833,-0.15357684,0.6218315,-0.53310263
protein|KRT1,-0.56773007,-0.28410304,0.11519545,0.10539112,-0.42356938,0.0233212,0.14321354,-0.10044183,-0.2472298,0.038829483,-0.4579653,-0.29146498,0.13364814,0.6847522,-0.30187953
protein|CTHRC1,-0.70077705,0.33827525,-0.7788996,-0.11098682,-0.71736354,0.5521027,0.2763118,0.47662947,-0.64341027,0.191371,0.35390833,-0.50344497,0.35820383,0.56929004,-0.534296
protein|CXCL13,-0.16015077,-0.005166712,0.28014734,0.043826867,-0.4692882,0.29534364,-0.29491475,-0.30943915,-0.34091485,-0.23337182,-0.2116384,-0.39094213,-0.22550927,0.33418524,-0.065982975
protein|P01742,-0.52805656,0.38051948,-0.023491994,0.06950371,-0.7090935,0.07079869,0.2942387,0.16410571,-0.6277909,0.20897757,0.25626868,-0.0942058,0.064374976,0.7129269,0.016183965
protein|IGHV3-21,-0.45448086,0.32826185,-0.23199847,-0.19338882,-0.5646616,0.16365133,0.17615874,0.047872707,-0.76049566,0.437278,0.27115807,-0.19276026,-0.029142423,0.73643744,8.0842074e-05
protein|CCDC25,-0.09521321,0.540437,0.2998861,0.20080425,-0.44273466,-0.37745994,0.032000978,0.09803171,-0.12278045,0.37467116,0.47871327,0.44719774,0.099438146,0.34465882,0.076246604
protein|ITGA2B,-0.83874965,0.07184477,0.50284106,-0.31675246,-0.5421501,-0.28590593,0.30075058,0.1661183,-0.53406405,0.44742075,-0.044269536,0.32274106,0.04541599,1.1706299,-0.40581685
protein|COL6A3,-0.685173,-0.21098194,-0.2481838,-0.35416183,-0.51067364,0.7166275,-0.12742767,0.22002302,-0.87534076,-0.4101785,0.39263535,-0.99251,0.22305825,0.5446866,0.09047672
protein|FBP2,-0.78899693,-0.15662634,0.08700227,0.077446304,0.010128192,-0.23254204,-0.75281876,0.009778639,-0.18908757,0.04419674,0.54213834,-0.011490337,-0.6930724,-0.27278152,-0.03214397
protein|SEMA7A,-0.16879705,0.0026649279,0.19733596,0.11266721,0.05029303,0.4609874,0.39358222,-0.3549767,0.37286428,-0.0046789087,-0.19157234,0.042200767,0.09423749,0.05605559,-0.57334465
protein|LUM,-0.81400335,0.102648355,-0.27663133,-0.78915673,-0.6468512,1.2599208,0.564265,0.90781873,-0.9916417,-0.05768004,0.33196378,-0.9311882,0.7494986,0.86108696,-0.59700674
protein|ANXA6,-0.029696241,-0.35163197,0.15633519,0.022843096,-0.6700971,0.20690714,-0.20862634,0.025894377,-0.44072175,-0.4021619,0.0641864,-0.24258494,0.029993888,-0.24455145,0.0124893375
protein|HP,-0.4054978,0.57414496,0.43058392,-0.3201516,-0.9193261,0.3787417,0.3624609,0.71263516,-0.7056037,0.44154614,0.11168713,-0.16091113,0.16716255,1.099787,-0.39846206
protein|RRAS2,0.39084166,0.12131805,-1.0091518,0.14260684,0.27876243,0.36912724,0.4323482,0.30579615,-0.12340571,0.49173588,-0.00078383967,-0.84478736,0.60510343,-0.4974415,0.13868943
protein|KRT19,-0.40101007,-0.3282195,0.372822,-0.4073828,-0.28820112,0.35317177,0.16756487,0.120249525,-0.9484632,0.07816873,-1.1008064,-0.058652233,-0.004384351,0.17102809,-0.3224148
protein|OSBPL10,0.51299417,-0.30897254,-0.37644064,0.08730212,0.0831665,0.23549438,0.29726905,0.2896813,0.2760933,-0.022298874,-0.40168786,-0.15111797,0.43923348,-0.032062273,0.30085734
protein|VTN,-0.8698029,0.120967105,0.34132153,-0.15855661,-0.39741695,0.2880174,0.14279705,0.43945682,-0.087779984,0.27891743,0.34604046,0.3290418,-0.30544618,1.1306332,-0.78126293
protein|HMGN1,0.35836065,-1.0822381,0.22434172,-0.4307215,0.76274216,0.81266356,0.5007057,0.6769134,0.85121375,-0.56973666,0.018893184,0.07068307,0.6946892,-0.7892718,-0.19795159
protein|MDN1,-0.2775809,0.21507433,0.4098649,0.018174477,-0.32506695,-0.34090552,0.35443604,0.038019143,-0.17540437,0.481713,0.19721562,0.4949233,0.09050229,0.71581584,0.08846423
protein|COL5A3,-0.91888046,-0.92003757,0.1335497,-0.55413276,-0.12385775,0.9954493,0.6865727,0.48790476,-0.12899888,-0.37011495,0.09040867,-0.0424373,0.6830252,0.7293281,-0.83894175
protein|SOD3,-0.3401307,-0.65920955,0.6251488,-0.16103873,-0.20322157,0.9245592,0.232299,0.39412928,-0.6910426,-0.43613994,-0.28646255,-0.8700052,0.46112555,0.20439091,-0.32901505
protein|D9J307,-0.29596382,-0.69714123,0.12491766,-0.05994876,0.2526294,0.67380893,0.4066921,0.3973429,0.036870874,-0.087526344,0.17328799,-0.14523111,0.6273069,-0.15582138,-0.5865757
protein|SERPINA3,-0.84751874,0.8070007,0.4572311,-0.18044125,-1.1115917,0.11355092,0.19914505,0.1951005,-0.23885587,0.5146543,0.64404505,0.03730784,-0.016903419,1.1422422,-0.25489578
protein|GP2,-0.84898883,-0.46953878,-0.19814597,-0.10315138,-0.4052786,0.07999178,-0.115842745,-0.12849373,-0.5275604,-0.17507018,0.14925411,-0.79653746,-0.0013663628,0.45009825,-0.13543302
protein|ANXA3,-0.61807853,0.33323988,0.8103292,0.2463445,-0.6165912,-0.43704453,-0.020216886,-0.10515426,-0.5157798,0.33728218,0.024250118,-0.27164504,-0.01428297,0.3347385,0.22783291
protein|LBP,-0.70286196,0.67693305,-0.12504546,0.32793993,-1.1104817,0.0013863968,0.10254179,0.011610762,-0.4957592,0.45491523,0.36469582,-0.4457474,-0.16346991,0.9759227,-0.089894876
protein|CHD1L,-0.5078536,-0.13285622,-0.37847704,0.11859847,0.14958003,0.56008476,0.61088645,0.36888912,0.15179701,0.15551747,-0.404723,-0.45871958,0.2804952,0.34864542,-0.31139213
protein|CENPV,0.22986773,-0.11365295,0.012066098,0.3372339,0.027236072,-0.09492929,0.37128434,0.4078221,0.073252216,0.0832798,-0.07177695,-0.027652912,0.3695369,0.12905093,-0.08059734
protein|CD9,0.16678046,0.38220167,-0.2407465,0.06536133,0.16673896,-0.10362361,0.1270446,0.5515653,-0.6239564,0.40801555,-0.3939607,-0.4669807,0.33347183,-0.1166809,0.2901231
protein|LRRC15,-0.07801688,0.18778439,-0.577613,-0.21477751,-0.1361043,0.5049903,0.40302557,0.36395139,-0.26736274,0.36649078,0.2333056,-0.5586146,0.57042974,0.17155702,-0.49228764
protein|HSP90AB4P,0.9388111,1.3138695,-0.58419186,-0.3644155,-0.11961158,-0.46850768,-0.42741773,-0.47224745,0.028184952,0.4591893,-0.12332026,0.41113716,-0.5059999,-0.17860968,0.33628666
protein|HIST1H1D,0.11524584,-1.3530183,0.9049932,-0.23505563,0.1657824,0.3629474,0.066133425,-0.091232926,0.6355578,-0.81407905,0.68723196,-0.044954978,0.5315899,-0.74959046,0.19142537
protein|CFHR1,-0.43899354,0.5484099,0.08830586,0.00087967486,-1.0923065,0.3714919,0.39169466,0.28359842,-0.70598614,0.26261058,0.2290559,-0.5595406,0.17968923,0.8072974,-0.27161556
protein|APOC2,-0.055406693,0.0056568966,-0.6385614,-0.17475371,-0.18564178,0.040429503,0.03846798,-0.60169053,-0.032529384,0.18284015,-0.5418939,-0.16281337,-0.30848992,0.3298838,0.3055038
protein|DES,-0.30398083,-0.2518119,0.23928922,0.13830297,-0.57335263,0.047928166,-0.05723008,0.10275033,-0.5278126,-0.27123058,-0.14912052,-0.45513415,0.08543675,0.41622233,0.26841787
protein|ZNF185,-0.40532053,-0.8763312,0.27333382,-0.62782115,0.43053952,0.673368,0.48131487,0.72653514,-0.4778136,-0.0006494882,-0.46740323,0.048318848,0.9487881,-0.21194887,-0.7997734
protein|EBI3,-0.28732318,0.1704397,0.021120083,-0.10686623,0.0063067637,0.053671718,-0.22110863,-0.3732094,-0.08331788,0.084839806,0.29990846,0.09295606,-0.3344678,0.029824613,-0.25958306
protein|HIST1H2AJ,0.40487793,-0.8103928,0.7431879,-0.40526053,0.22241151,0.15433939,0.43662077,0.22596264,0.8278243,-0.5001035,0.325836,0.24557751,0.19235043,-0.7322786,0.12808575
protein|P01717,-0.39876086,-0.32212907,0.20561117,-0.16561492,-0.09073344,0.40200976,0.13472015,0.20373757,-0.07455533,-0.11740828,0.19563267,-0.041647036,0.14824383,0.4376049,-0.35978356
protein|LGMN,-0.59885937,-0.51690865,0.6641594,0.023672447,0.45501846,0.04758369,-0.45244345,-0.09947813,-0.061997227,-0.7138776,0.22170135,-0.017159496,-0.5652909,-0.015259504,-0.2875503
protein|FN1,-0.93712705,0.45311126,-0.5121338,-0.49991032,-0.7918798,0.56373787,0.3923223,0.79784197,-0.3807051,0.39479828,0.6441344,-0.31804413,0.3912952,1.0866181,-0.5744943
protein|TCL1A,0.31753847,-0.22420487,0.038576927,-0.06292296,0.14842965,0.04494028,0.45270953,0.21008994,0.2821902,-0.27392516,-0.27485785,0.1338019,0.32478458,0.049643423,0.2072348
protein|SPN,-0.5174146,-1.4756902,1.0693617,-0.26674592,0.5332289,0.40771744,0.3015594,0.22693393,0.14924923,-0.7306322,0.40945736,-0.032293875,0.2053925,-0.3931279,-0.30597243
protein|KIAA0907,-0.401946,-1.2153884,-0.040723,0.07931896,0.12969765,0.5692033,0.8645336,-0.018794747,0.2149162,-0.38458514,0.17332503,0.08735752,0.67855257,0.43903255,-0.29250297
protein|PADI4,-0.67619985,0.0036598884,0.96428156,0.24014282,-0.48745063,-0.58988947,0.06788266,-0.15303898,-0.25292507,0.4050743,0.124954686,0.02278248,-0.06735677,0.33845833,-0.14315954
protein|TAGLN,-0.28578725,-0.20986244,0.09920913,-0.3314966,-0.5271552,0.83112484,0.14018665,0.31004292,-0.88948846,-0.5107923,0.23636326,-0.98964226,0.24453337,0.46640566,-0.19907637
protein|HSD11B1,-0.86206186,-0.10474432,0.51611686,0.7061697,0.13224441,-0.7096452,-1.091459,0.05702405,0.09856197,-0.39265192,0.21361579,0.07674033,-0.98058265,-0.18368901,0.26933002
protein|COL12A1,-0.6519184,-0.15612243,-0.4325669,-0.39690036,-0.6627037,0.8795278,0.58952487,0.49794632,-0.6783825,-0.11422811,0.36781818,-0.9061717,0.6731557,0.9861623,-0.31176957
protein|SLC4A1,-0.61189544,0.42282626,0.25283483,0.13631865,-1.0458568,-0.50780785,0.33463785,0.31721187,-0.42058295,0.39262295,0.41844526,0.030135779,0.44688344,1.2130214,-0.049797576
protein|SNX29P2,0.41115263,-0.11242955,-0.4154897,-0.071561076,0.27519578,0.6680918,0.5795376,0.27026778,0.51191735,0.3051741,0.021567926,-0.30468997,0.7013585,-0.4438862,0.04026789
protein|A0A6Q8PGN6,-0.34616065,-1.1618702,0.47882336,-0.3745044,0.5641892,0.6792294,0.10512312,0.16911557,0.22404717,-0.51689583,0.07609079,-0.053511832,-0.011159392,-0.108489595,-0.61891913
protein|P01619,-0.42201313,-0.073857486,0.29410383,0.06200712,-0.42776096,0.021269705,0.15820515,-0.37976608,-0.0015559869,0.31908408,0.13394341,0.15068209,-0.1141059,0.4899394,-0.2465117
protein|HIST2H3PS2,0.4747056,0.41948962,0.24027877,-0.55722964,-0.40509772,-0.028205065,-0.13123153,-0.2808767,-0.1493288,-0.086795054,0.26474112,-0.22266228,0.046831165,-0.83553183,0.5588848
protein|IGKV3D-20,-0.54136217,0.073451124,0.12155927,0.11186875,-0.2984188,0.15751173,0.32369456,0.1673716,-0.28571603,0.18235038,-0.13212402,0.06573213,-0.0024487772,0.6763131,-0.17985924
protein|LSAMP,0.27378324,-0.7315604,0.013811063,0.24179478,-0.21942046,0.2900433,0.29294953,-0.011623188,0.08113456,-0.6741074,-0.22142547,-0.5502766,0.3185362,-0.1084366,0.17470887
protein|IGKV3D-11,-0.73129326,0.041732166,0.3314755,-0.0046567763,-0.7519967,0.07180487,0.29581735,0.046505652,-0.024162075,0.14874592,0.33396223,0.15539397,0.19035216,0.8705568,-0.34215808
protein|S100A16,-0.5564009,-0.8041905,0.22053781,-0.45860645,-0.33178553,0.8395073,0.5342812,0.6316014,-0.96009135,-0.288949,-0.21780606,-0.21931686,0.6780439,0.4313981,-0.7447679
protein|HLA-DRB3,0.4584873,0.098670006,0.065236405,-0.14061068,0.34499922,0.14824916,0.31471032,-0.25563326,0.04763081,0.35753706,-0.17664585,0.13514826,-0.061902802,-0.42432883,0.021633172
protein|AQP1,-0.37836716,-0.13376008,0.3855994,0.45976818,-0.9597916,-0.2822438,0.36609593,0.1016915,-0.7576491,-0.22896479,0.31388676,-0.22628382,0.6044351,0.76983994,0.33684394
protein|PRELP,-0.5065445,-0.3417961,-0.05753447,-0.47882223,-0.31078857,1.015443,0.7712447,0.63349533,-0.87112963,-0.21221502,-0.0025659464,-0.89780444,0.850268,0.48492226,-0.39860296
protein|MX1,-0.24084778,-0.12943543,0.25538978,-0.026344715,-0.125539,-0.47277436,-0.70914984,-0.41635442,0.051340163,-0.23376799,0.30356506,-0.12981494,-0.36925992,-0.151309,0.012395378
protein|APOA2,-0.48917395,0.4148948,0.36684176,-0.31822127,-0.26311663,0.30227196,0.20740408,0.96393543,-0.38178238,0.3722756,0.63763654,0.011671428,0.24468161,0.5858719,-0.5745266
protein|IGHV4-61,-0.41685706,0.19412747,0.08881854,-0.11455936,-0.31335557,0.02838837,0.11651141,0.07291983,-0.21528006,0.20950596,0.13063112,-0.03277916,0.039245684,0.52218825,0.16497001
protein|MZB1,0.009122677,-0.3224148,0.023588022,-0.18002777,0.27792814,-0.15952493,0.37981167,0.09874335,0.053311024,-0.0067036357,-0.38862947,0.44850758,0.02268917,0.21137863,-0.0133070005
protein|P01714,-0.22123227,-0.0014892835,0.4555498,0.052912585,-0.04043201,-0.23334792,0.22788343,0.29271287,-0.29705626,-0.016738253,0.122879066,0.34906724,0.099380285,0.6336071,-0.022319559
protein|CD19,0.2362857,-0.14004047,0.19438607,-0.33070043,0.10956607,0.59476936,0.60362315,-0.071167156,0.30945972,0.38703308,-0.11116267,0.079573445,0.61576104,-0.15736847,-0.31685576
protein|HNRNPD,0.23129115,-0.4714369,-0.4734093,-0.65200776,0.27813432,0.3725398,0.6693943,-0.22775204,0.64868397,-0.41328767,-0.19940506,0.44649026,0.07038416,-0.18673846,-0.20372297
protein|IGLL5,-0.58564955,0.016159978,0.35362726,-0.38905886,-0.4854235,0.31670642,0.37239885,0.5445991,-0.3049859,0.2116711,0.34101525,0.36421034,0.20361842,0.75831777,-0.33957425
protein|IFIT1,-0.2046344,-0.6182228,0.34733775,-0.090477385,0.0649679,0.07551356,-0.32200617,-0.4676075,0.08028704,-0.2764276,0.44613084,-0.22974241,-0.29072455,-0.613982,-0.127634
protein|AK1,-0.5684429,0.10141997,0.5354209,-0.012073741,-0.6930943,0.021812614,0.35438406,0.42923874,-0.5064113,0.2868992,-0.18871458,-0.20450382,0.3771373,0.73672074,-0.24403758
protein|FBN1,-0.59796935,-0.35122484,0.05640147,-0.5847127,-0.308784,1.2465168,0.38731745,0.7568205,-0.88674784,-0.26691195,0.19576828,-0.88993895,0.6965977,0.3549877,-0.43146983
protein|GBP1,-0.9844678,-0.34996077,0.46852317,-0.18866237,-0.028455602,-0.6614421,-1.6356218,-0.43490568,-0.03562504,-0.57126623,0.92072123,0.14205381,-1.2217612,-0.3777891,0.20929311
protein|MRC2,-0.45385823,-0.1039532,-0.4822503,-0.42335945,-0.5358232,0.9802404,0.44755656,0.5443018,-0.5394076,0.12230198,0.14265463,-0.52715397,0.36897635,0.169481,-0.8171719
protein|SLAMF1,-0.3637918,-0.43208745,0.20230868,0.15399809,0.13956888,0.4564107,0.06740906,0.3561415,0.22958736,0.103435464,0.5161277,-0.44200268,0.5155067,-0.80175924,-0.37448436
protein|IDO1,-0.77734417,-0.40630603,0.5607165,-0.14597765,0.051985007,-0.5919614,-1.1557572,-0.1568435,-0.092494465,-0.36230695,0.50448626,0.073704876,-0.8574732,-0.066925004,0.14654411
protein|C1QB,-0.9779546,0.086740546,0.10032296,0.11898599,-0.22371596,-0.20669587,-0.9536468,-0.10912495,-0.29827562,-0.06954168,1.0103202,0.28650647,-0.8781601,0.49443975,-0.14840971
protein|SLC29A1,0.34239423,0.6006782,-0.39787802,0.04363019,0.07451699,0.41737008,0.5115749,-0.033825673,-0.26476967,0.67319864,-0.0012961813,0.22036925,0.21273352,0.25699374,-0.038853683
protein|DPT,-0.70034164,-0.18508053,-0.6075255,-0.34268218,-0.7701367,0.817209,0.5371541,0.45943135,-0.9181193,0.047084425,0.16513824,-0.7480018,0.58087844,0.7051018,-0.41577485
protein|TOR1AIP1,-0.09953701,-0.71878743,0.38798192,0.34555387,0.18002868,0.09565897,-0.08469964,-0.116455324,0.43728203,-0.24767375,-0.14093387,-0.067727834,-0.11989599,0.21378578,-0.30108765
protein|RCN3,-0.7232259,-0.17344396,-0.2778804,-0.452542,-0.27779007,0.6677527,0.50380725,0.35846692,-0.5969028,0.124163605,0.12002567,-0.28265074,0.37265015,0.6045301,-0.96422696
protein|FBP1,-0.8544554,-0.2425707,0.18911839,0.5599378,-0.06019323,-0.13448924,-0.63575846,0.33404538,-0.13899235,0.02193691,0.3185329,-0.19004332,-0.6869585,-0.16665478,-0.060953654
protein|HIST1H1A,-0.34424418,-0.37691027,0.07484372,-0.29950604,0.18060681,-0.006607201,0.2056493,0.3123161,0.22793296,-0.2171106,-0.25659445,0.34280747,0.37689346,-0.0328586,-0.17954983
protein|CHIT1,-0.6128512,-0.44387656,0.18569231,0.08438611,-0.21996255,-0.09001438,-0.44758177,-0.050125647,0.15381508,0.0922383,0.51000553,0.051019777,-0.23734978,-0.048764993,0.06280374
protein|FHL1,-0.2088267,0.010556038,0.21582164,-0.014829459,-0.43675393,0.06606852,0.28318086,0.22275957,-0.51397306,-0.100846834,-0.13939373,-0.46770713,0.5674729,0.32279697,0.19926013
protein|C6,-0.5516369,-0.17357382,0.31547827,-0.06355998,-0.7910999,0.44957814,0.510189,0.72978866,-0.33200687,0.47717395,0.14478308,-0.2190956,0.43477416,1.1832393,-0.49701932
protein|ATP1B1,-0.6751396,-0.34577698,0.16039649,-0.055546835,0.36073777,0.07549244,-0.08614207,0.37096736,-0.021360302,0.1510997,-0.28917548,-0.10324207,-0.35008836,0.04276848,-0.3292294
protein|C5ORF51,0.025947137,-0.7797915,-0.054194782,0.17245954,0.19831724,0.38413167,0.49987805,0.1329754,0.41724032,-0.23685285,-0.08957636,0.03708342,0.20853662,0.021393755,-0.18821493
protein|ORM1,-0.49719906,0.47094,0.80643225,-0.35739008,-0.3929713,0.31226948,0.1419344,0.4149853,0.07729515,0.2791425,0.15529522,0.22595882,-0.106757365,0.5588776,-0.59302586
protein|DVL3,-0.2508187,-1.099237,0.15685496,0.14326915,0.3539039,0.36054984,0.6467175,-0.019839372,0.425045,-0.4502622,-0.20099013,0.01744237,0.23213513,0.18946628,-0.32209405
protein|TPM2,0.05681488,-0.053508427,-0.21770251,0.14783664,-0.1899817,0.24071082,0.2473403,0.22235058,-0.5163948,-0.16817458,-0.31504756,-0.6365723,0.14357665,0.62153345,0.43318185
protein|HIST3H2BB,-0.21263753,-1.3250406,0.45471117,-0.13252714,0.5560769,0.32850382,0.5536522,-0.16237831,0.41618207,-0.56369567,0.26559123,0.19492644,0.17196262,-0.22433393,-0.21413282
protein|PAFAH1B3,-0.352354,-0.23682217,-0.083788686,-0.36012676,-0.073873706,0.45932034,0.5488935,0.34763265,-0.60670894,-0.11158382,-0.06615895,-0.15514885,0.53837866,0.45061213,-0.6323138
protein|FAM129C,0.6067452,0.020968216,-0.15665038,-0.14603609,0.27567858,-0.16515878,0.28582287,-0.2184083,-0.019094825,0.043431032,-0.5495889,0.5193583,0.08674854,0.08441397,0.08057106
protein|APOC1,-0.4833168,0.2007883,0.34723377,-0.2704225,0.08913689,0.3639793,0.1804803,0.7829658,-0.6460752,0.13356492,0.15773547,-0.293189,0.07532409,0.6587539,-0.7528607
protein|OLFML3,-0.012979362,-0.9098025,0.060766358,-0.024475789,-0.4460112,0.94537354,0.4012656,0.28433368,-0.62628937,-0.7385385,0.15677214,-0.99821174,0.7536087,0.095360875,-0.18871486
protein|CNN1,-0.3011611,0.037619304,-0.051993813,-0.26440695,-0.75137657,0.47153205,0.23956937,0.34575668,-0.8897804,-0.106629096,0.09880584,-0.61030626,-0.06520755,0.46683663,-0.23900923
protein|HDHD2,0.43758982,-0.2546195,0.40066594,0.06238508,0.32997468,-0.16156006,0.004270527,0.0019405723,0.49347556,0.05847721,0.14379388,-0.17182612,0.1797053,-0.45956016,0.3011533
protein|XIRP1,-0.035934962,-1.2356433,0.30253723,-0.036648918,0.30648497,0.26123783,0.73912627,-0.37073272,0.5871769,-0.44475773,-0.07882422,0.03746761,0.5532393,-0.32459068,-0.03204796
protein|H1F0,-0.24366383,-1.060254,0.75957733,0.0774619,0.05065634,0.5602804,-0.037282214,0.51369643,-0.12671067,-0.39528638,0.09176017,-0.49772215,0.42831582,-0.32921183,-0.40841246
protein|STMN2,0.7575499,0.21782298,-0.57774675,-0.6550939,0.52833277,0.066254385,0.71773267,0.026897242,0.47092018,0.2125039,-0.21056765,0.66628516,0.42279014,-0.47343758,-0.14584234
protein|PLBD1,-0.45125666,0.21423075,0.5902246,0.1660875,-0.32855287,-0.42163384,0.0017988691,0.27550888,-0.09395332,0.49285346,-0.26217553,0.33023098,-0.40804225,0.7030547,-0.011147157
protein|COL4A2,-0.8531708,-0.75284225,0.02132888,-0.23736475,-0.33960614,0.9392065,0.50828433,0.46051183,-0.69041234,-0.47250637,-0.12824333,-0.31890163,0.6861905,0.90502816,-0.6122427
protein|COMMD2,-0.25669515,0.12220817,-0.07749525,0.028927,-0.08994257,-0.5024016,-0.021082371,-0.2407555,-0.007812356,0.20203741,0.077262804,-0.167328,-0.41382748,-0.047377035,0.3079721
protein|GOLGA6L22,0.21289411,-0.6087358,0.7115974,0.0062856837,0.7281918,0.8155431,-0.03709098,0.22535747,0.11062786,-0.67673504,-0.09403094,-0.30674982,0.20926236,-0.49001256,-0.18635488
protein|UGT2B15,0.42622033,0.34315485,-0.6540769,0.92458093,0.6251665,-0.6082333,-0.4561474,0.134021,-0.13275966,-0.08635215,-0.9633486,-0.36078304,-0.82137716,-0.32283464,0.25259742
protein|PLG,-0.90430146,0.18805091,0.39227122,-0.2842036,-0.75548327,0.23065835,0.6116608,0.8060227,-0.22477953,0.3647249,0.40259266,0.22526969,0.2876218,1.261112,-0.5500475
protein|ITIH4,-0.6475186,-0.56346947,0.64355505,-0.12756911,-0.4292445,0.6624933,0.65467876,0.29457596,0.25284687,-0.0033235464,0.16653629,0.16445473,0.49370235,0.61378706,-0.6312102
protein|IGHG3,-0.70386565,0.2950784,0.019470451,-0.1600612,-0.77349114,0.17703235,0.25201127,0.44702503,-0.46751785,0.1691017,0.37684846,-0.008857778,-0.024718704,0.7530795,-0.14750211
protein|GPNMB,-0.6400906,-0.40314776,-0.3579008,-0.3840374,0.031851795,0.17321067,-0.10134146,-0.06455351,0.058823735,0.09528236,0.45007017,0.23931444,-0.26370233,-0.068396665,-0.78296906
protein|TREX1,-0.14027846,-0.8328742,-0.0045605246,-0.12995733,-0.017924257,0.14629512,0.45019555,-0.25484627,0.119372174,-0.34105414,-0.033597436,0.20117775,0.26355523,-0.2814899,-0.5527943
protein|CD8A,-0.643915,-0.9168961,0.40661472,-0.14688511,-0.25398532,-0.03736164,-0.107127376,0.06937154,-0.26832923,-0.35999107,0.54482245,-0.009232689,-0.20744583,-0.31955394,0.074293196
protein|CKB,0.024137674,-0.084876664,-0.075563,0.020217445,-0.013008246,-0.04683532,0.27202043,-0.015677175,0.17717232,0.31832263,-0.46529153,0.3077968,-0.06212231,0.15265073,-0.39037395
protein|WWC3,-0.03543078,-0.66890585,-0.2298,0.045166023,0.14054757,0.271128,0.45190746,-0.07618078,0.19534618,-0.09417668,-0.14803685,-0.062289342,0.18697734,-0.23988661,-0.30954048
protein|PIN4,0.45218518,-0.6553254,0.26765892,-0.5710852,1.0249132,0.62733936,0.63298315,0.2920621,0.6567007,-0.40205964,-0.43388304,0.42443746,0.4818586,-0.48023474,-0.36379406
protein|GBP5,-0.90959144,-0.33720037,0.4616878,-0.014157616,0.07360425,-0.7096083,-1.4479051,-0.46942303,-0.038214862,-0.43229648,0.8463981,0.18419357,-1.1095829,-0.28647637,0.20590673
protein|FCRLA,0.36039853,-0.155413,-0.42649043,-0.28762972,0.42986497,0.3174659,0.20018896,0.09448912,0.2477051,0.09335862,-0.06813268,0.30946898,0.27870527,0.0015875222,0.2061141
protein|HIGD1A,-0.047895044,0.030749163,-0.73517424,0.5991221,0.06358696,0.43816385,-0.04990762,0.04428626,-0.11549801,-0.01940862,-0.47072753,-0.35341522,-0.24137774,0.29718876,-0.7083569
protein|LIPA,-0.13913836,-0.48035246,0.23061524,0.024260117,0.12543501,-0.42333332,-0.51760304,-0.5158088,-0.036773335,-0.41317523,0.014244493,-0.29077178,-0.68373555,-0.008499835,0.2624288
protein|A0A0G2JL54,-0.47298855,0.842759,-0.07661169,-0.022086602,-0.6139408,-0.123265386,-0.18187158,0.3442377,-0.27928305,0.3826107,0.19230975,-0.4271038,-0.26743048,0.7528913,0.17917633
protein|HNRNPA1L2,0.04427534,-0.76422864,-0.56255096,0.12755908,0.50123125,-0.115799606,0.7297115,-0.22949892,0.64817804,-0.06432458,-0.5149525,0.26811728,0.16454962,0.3096892,-0.08367074
protein|FAM65A,-0.30153114,-0.68337315,-0.16545707,0.11246263,-0.0049440307,0.08145167,0.0701284,0.23933475,-0.21664354,-0.031543907,-0.5117603,-0.11925286,0.041876655,0.20890048,-0.5062433
protein|A0A7I2V334,-0.07633741,-0.5628737,-0.08312585,-0.1359999,0.50505257,0.57191163,0.4642455,0.3507228,0.4866875,-0.294424,-0.32416725,0.46707854,0.21356633,0.099989735,-0.55129594
protein|CA2,-0.49432346,0.29973277,0.47118163,0.118944645,-0.62094176,-0.44563013,0.14833741,0.5089572,-0.052762114,0.19286336,-0.21353582,0.1640592,0.1601923,0.8875427,-0.124843635
protein|BASP1,0.33377042,0.1874418,-0.16240308,-0.5776576,0.6401676,0.97470754,0.4850588,0.509313,0.12786748,0.2438034,0.27243206,-0.123347476,0.7880866,-0.4682985,-0.5769393
protein|CLU,-0.65845287,-0.22363938,0.46485534,-0.075117305,-0.36232945,0.35281003,0.0044961283,0.37229323,0.15104534,-0.08660014,0.43524823,0.17195226,-0.10990598,0.74265885,-0.4775518
protein|LUZP1,-0.2341987,-1.3857604,0.14961033,-0.09295137,0.27843297,0.3456732,0.6809507,-0.13179992,0.5253583,-0.57932574,0.06550742,0.07249884,0.07227119,-0.26279816,-0.3424555
protein|CD163,-1.0871669,-0.3570908,0.17790179,-0.259154,-0.10779035,-0.19190809,-0.6795734,0.10655842,-0.24572967,-0.28538933,0.5087461,0.553189,-0.5985964,0.74440706,-0.55074537
protein|LYZ,-1.1357799,-0.31557316,0.6920116,-0.23516402,-0.48853356,-0.20589744,-0.2091256,0.05915011,-0.3031017,0.007274427,0.3911405,0.2719233,-0.31778666,0.27084735,-0.49682906
protein|SERPIND1,-0.58523583,0.8851212,0.13091412,-0.42663866,-0.98068196,-0.055868194,0.22810848,0.6961207,-0.79347265,0.5814739,0.25164905,-0.29194626,0.15776664,1.0315454,-0.009866985
protein|MMP2,-0.78414893,0.027684962,-0.43548068,-0.3472695,-0.83418715,0.6687305,0.19190085,0.3305431,-0.38220435,0.07338413,0.038415655,-0.4732869,0.17025739,0.75008774,-0.4383504
protein|HLA-G,-0.009802254,-0.4279891,0.57711697,-0.13878506,0.4685631,-0.19245201,-0.05760908,-0.10511672,0.021453295,-0.26984018,-0.15196304,-0.17481014,-0.42328367,-0.42165604,0.040342312
protein|CD83,0.10388387,-0.24282366,0.059940446,-0.10326271,0.54837817,0.11645605,0.106786646,0.15167923,0.5978448,0.33000183,-0.12041884,0.09665217,0.28213134,-0.49248877,-0.5090737
protein|CRYAB,-0.16458689,-0.20940506,0.048982967,-0.21824837,-0.32280043,0.25547814,0.4168772,0.08933054,-0.1952476,0.279112,-0.46195522,-0.12310641,0.41908535,0.09549867,-0.3086455
protein|CES1,-0.8159716,-0.06384272,-0.18919925,0.84349114,-0.034584135,-0.31603235,-0.28209502,0.29693902,-0.17257,0.26231283,-0.4982926,-0.38311172,-0.7669348,0.245962,-0.21974666
protein|TPM1,-0.11940268,-0.05392962,-0.3768169,0.09200189,-0.73564345,0.52892554,0.32896015,0.38998225,-1.1583201,-0.2588481,-0.06490372,-1.0948781,0.43138131,0.85727215,0.1557888
protein|CD37,0.793769,0.47156012,-0.7068384,-0.17834036,0.2704978,0.09358532,0.56952953,-0.16050027,0.36903855,0.541452,-0.23813027,-0.11430632,0.37805396,-0.06173838,0.123083614
protein|MEF2B,0.20154935,-0.15654625,-0.62566185,0.108192146,0.6429823,0.22616263,0.26007578,0.0487826,0.26990554,0.34400454,-0.10220552,0.30432343,0.35283887,-0.48810646,0.07989353
protein|MS4A1,0.5145545,0.5602527,-0.60489,-0.107433625,0.35664424,0.33281115,0.3660704,-0.10409496,-0.100528345,0.7763266,0.0020666178,-0.4370218,0.4198471,-0.55385995,0.12479658
protein|PADI2,-0.5180295,0.20986943,0.062926464,0.13749775,-0.0003951393,-0.2948395,-0.5077913,-0.18790592,0.04558538,0.30317625,0.13836399,-0.07992166,-0.32385272,-0.16945751,0.30801952
protein|VCAN,-0.6732659,0.21183507,-0.41121596,-0.35769448,-0.6482312,0.94812626,0.50919193,0.5744898,-0.6442279,0.24062671,0.3967259,-0.5381264,0.5885178,0.737309,-0.6050638
protein|FAS,-0.32309932,-0.030745111,0.0787369,-0.12637715,-0.30750898,0.30135816,-0.081902646,-0.19821697,-0.23583062,-0.15103939,0.11630996,-0.48614073,0.07387069,0.2115821,-0.17305039
protein|CADM3,0.15309004,-0.926261,0.41345546,-0.37398478,0.3826385,0.63761955,0.5828018,0.2013385,0.5642856,-0.31817022,0.015569912,0.33454627,0.45842075,-0.4145958,-0.24894713
protein|ARID3A,-0.07994218,-0.2272769,0.14197002,-0.2210332,0.3491324,0.19505654,0.1354519,-0.5230584,-0.043605547,-0.32340392,-0.2711215,0.7246865,-0.11247349,0.20270708,-0.35210487
protein|PFN2,0.12261061,-0.50775915,-0.23511976,0.120219454,0.006346432,0.662696,0.58367705,0.14775649,-0.2907989,-0.5192002,-0.25781038,-0.68376344,0.43269172,0.019769775,-0.3072288
protein|CD40,-0.05575369,-0.053169187,0.11686126,-0.050894428,0.7101915,0.5241107,0.02397365,0.105920635,0.18457066,0.34452897,0.24891421,-0.18394269,-0.022625204,-0.5488271,-0.8144131
protein|MFAP2,-0.4962104,-0.3309742,-0.16994292,-0.42054868,-0.7135961,1.0613534,0.43339983,0.44758818,-0.761,-0.08315736,0.15896256,-1.0513325,0.6082006,0.5493916,-0.34055942
protein|BGN,-0.75389695,0.12599513,-0.4859031,-0.44558153,-0.52830595,0.89180094,0.56896365,0.8068288,-0.7153562,0.044178266,0.23453318,-0.8893678,0.5661319,0.90219843,-0.5712473
protein|C8ORF33,-0.04677583,-0.23367806,-0.17625977,0.53079593,-0.033480562,0.14716716,0.3000078,0.09923183,-0.12938608,-0.20066202,-0.45742324,0.32083696,-0.048651002,-0.09084505,-0.4838021
protein|IGHV3-72,-0.7262277,0.20519485,0.030334735,-0.45146275,-0.6259824,0.3703364,0.1595635,0.20321663,-0.7510476,0.4118197,0.15588501,-0.06420917,0.042277273,0.65792465,-0.23671682
protein|COL7A1,-0.36635444,-0.6148326,0.18742234,-0.37166134,0.17129356,0.3704556,0.59907496,-0.078761354,-0.26124188,-0.31245276,-0.5956069,0.15007651,0.19686362,0.3109645,-0.3600127
protein|DSC2,-0.054546,-0.92708075,0.45384297,-0.23335285,0.23768958,0.5054488,0.4999617,-0.020815944,-0.075799,-0.22054924,-0.41634804,0.20481987,0.12931839,-0.32203603,-0.65903515
protein|CD99,0.016721234,-0.7798799,0.11979402,0.03896192,-0.19974932,0.67142606,0.07402192,-0.03892051,-0.3874856,-0.44978088,-0.020651868,-0.61688566,0.11891306,-0.565039,-0.4477796
protein|ENAH,-0.533585,-0.69912916,0.29568478,0.21634519,0.15666525,0.5853227,0.44482055,0.24458046,-0.13436262,-0.56312776,-0.043689247,-0.8530222,0.07569084,0.2669378,-0.6028297
protein|GRHPR,0.587856,0.6172037,-0.524339,0.2339195,0.5386903,-0.19922881,0.16453774,0.14620802,0.24103938,0.4897631,-0.13132408,-0.016399467,0.020001495,-0.3090619,-0.059449688
protein|HMGA1,0.37880751,-0.849893,0.10209275,-0.5766542,0.9339266,0.69584554,0.8161001,0.5083399,0.81003314,-0.17488062,0.0194987,0.5796479,0.54248923,-0.5658246,-0.59888285
protein|FKBP10,-0.7126618,0.04794115,-0.20256267,-0.23664942,-0.12933959,0.16739137,0.3409846,0.20318295,-0.20041549,-0.0111977,0.3209597,-0.22172828,0.34973875,0.1456461,-0.31560013
protein|KRT18,-0.22929005,-0.30286264,0.34108293,1.0663522,-0.37644508,0.118943304,-0.025192907,0.31941137,-0.34255016,-0.091359325,-0.9827309,-0.3499736,-0.12650436,0.24434817,-0.2817141
protein|C1QC,-1.0012469,0.18821609,-0.12601301,0.30511177,-0.46361256,-0.06726072,-0.7264631,0.11877232,-0.33409777,0.04373136,0.8717645,0.14890377,-0.6199481,0.6323643,-0.12797697
protein|ATP5G1,0.5720936,0.37081772,-0.27842394,-0.13991772,-0.27944365,-0.3252663,-0.50029457,0.16567989,0.024700554,0.07379361,0.10911773,0.16469409,0.063300274,-0.14457338,0.15538907
protein|CRIP1,0.083923824,-0.82975775,0.025912851,-0.4376037,0.37832874,0.37520465,-0.02558336,-0.19427863,0.23756693,-0.4534312,-0.22719769,0.010249115,0.032204714,-0.7595456,-0.115307696
protein|CD36,-0.41260618,0.07794882,0.017419413,0.08318101,-0.38275748,0.1441742,0.21790673,0.035081238,-0.13376343,-0.21302553,0.09731566,-0.4295762,0.030258933,0.91027534,-0.068864
protein|HIST1H1C,0.17279355,-1.1518302,0.4653005,-0.31900078,-0.014462805,0.4124568,0.30656505,0.04232617,0.58096266,-0.48896888,0.42488402,0.3260637,0.69356894,-0.42627984,-0.005406821
protein|C18ORF25,0.09617764,-0.6575712,0.25547242,-0.20298094,0.83068985,0.2900828,0.7183619,0.4399678,0.3283735,-0.5172902,-0.25302652,0.59624195,0.09518607,0.012892375,-0.4220044
protein|LTBP2,-0.27830857,-0.38467216,-0.19944994,-0.14655985,-0.21197338,1.1353834,0.6598202,0.7384005,-0.26304114,-0.046670128,0.03049399,-0.61880755,0.91197795,0.30497122,-0.6630273
protein|FAM26F,-0.4721156,-0.28006285,0.30739895,0.22181731,-0.016100023,-0.45552844,-1.0218999,-0.5120143,-0.25074127,-0.43667424,0.28600624,0.14075896,-0.97281176,0.057016432,0.20337364
protein|H1FX,-0.18821634,-1.4234853,0.99714434,-0.12960589,0.33121893,0.3128297,-0.019296676,0.26629177,0.37399748,-0.6075157,0.5573523,-0.21835245,0.45510146,-0.6567816,-0.13110816
protein|PHGDH,0.039585907,0.044300657,-0.826684,0.15813056,-0.2046291,0.3169753,0.52330273,0.03289471,-0.2046926,-0.16470496,-0.34141037,0.16675231,0.5047284,0.4909141,-0.010907011
protein|SLC2A1,-0.4153623,0.75342137,-0.31882006,0.23464829,-0.8403991,-0.4647215,0.22563408,-0.042712938,-0.39459392,0.70123625,0.37737545,-0.08041446,0.27775493,0.95228374,0.19338077
protein|IGHG1,-0.5782858,0.29648528,-0.012322229,-0.16457388,-0.637831,0.15147564,0.11264244,0.3296923,-0.38111892,0.35835177,0.44772527,0.060171474,0.10485096,0.9746795,-0.064676516
protein|D6RBQ9,0.57367736,-0.11577734,0.058593966,-0.40150842,0.47980225,0.44259492,-0.05726894,0.2994046,0.26042506,-0.38119832,0.17045604,0.29406986,0.29953805,-0.64744264,-0.11149259
protein|S100A13,0.21732107,-0.28167987,0.79036236,-0.4715751,-0.02879891,0.44996175,-0.13751006,0.15902597,-0.37967008,-0.7510091,-0.3785288,-0.63394254,0.14567411,-0.39422923,0.0087384125
protein|OLFML1,-0.012915995,-0.11005417,0.019963775,0.057136517,-0.6627937,0.5158124,0.15494055,0.24675271,-0.734243,-0.39145213,-0.03198324,-1.0842304,0.5840751,0.24502724,0.18204266
protein|PSTPIP2,-0.6159688,-0.30301583,0.3382019,0.1586509,-0.19447073,-0.4098917,-1.0561229,-0.2322008,0.16553366,-0.19052096,0.42982498,0.3210223,-0.97530055,-0.055054497,0.17621757
protein|APCS,-0.4985018,0.31671366,-0.074446805,-0.09631135,-1.1857646,0.09576521,0.27437064,0.42097068,-0.8440359,0.20745772,0.057524834,-0.5537194,0.23220631,0.70965976,-0.10999374
protein|RNASE3,-0.55043215,-0.16878353,1.1611607,0.1614641,-0.5990514,0.023187757,0.012708001,-0.18148296,-0.42201853,0.15995316,0.09244477,0.024961587,-0.09137987,0.17695455,0.04185366
protein|COL14A1,-0.41044375,-0.3778284,-0.04991439,0.07243724,-0.7916681,0.8756284,0.38095665,0.3830317,-0.7868686,-0.50547904,0.13997658,-0.9971768,0.50623345,0.7106252,0.082218856
protein|GIMAP7,-0.34552604,-0.55416805,0.95362306,0.13255398,-0.27198422,-0.32418653,-0.9529878,-0.6226403,-0.13122128,-0.82101643,0.68920904,-0.55169,-0.63452536,-0.65271276,0.67219085
protein|AIF1,-0.72778916,-0.6260586,0.93578285,-0.1818309,0.4668678,0.10589047,-0.7837494,-0.28384173,-0.1917871,-0.7972791,0.7257096,0.004149207,-0.74748915,-0.1460292,-0.08632821
protein|CD300LF,-0.9269852,-0.53860277,0.3162622,-0.026550258,0.12443183,0.4948331,-0.6316457,-0.2301701,-0.5592901,-0.3468452,0.16401881,-0.19862954,-0.3758861,0.11864455,-0.16206002
protein|STAP1,0.4890349,0.113280475,-0.48901707,-0.1179708,0.3329264,0.34185126,0.3860048,0.16155463,0.045695316,0.22582856,0.2683745,-0.3020958,0.6601243,-0.6024251,0.20276517
protein|CTSK,-0.42800742,-0.12403409,-0.6504887,-0.40221885,-0.30077112,0.5041977,0.2865386,0.057194546,-0.3357349,0.025976604,-0.13783188,-0.24754407,0.38377228,-0.13315503,-0.043475173
protein|APOL3,-0.5260492,-0.6557754,0.36030197,-0.029326076,0.021818183,-0.37750056,-1.0859845,-0.30457017,0.053463925,-0.53357625,0.16165303,0.011376419,-0.85528094,-0.36738428,0.20848836
protein|CR2,0.35007483,-0.35467622,-0.016291367,0.237733,-0.018285137,0.44627365,0.4307878,-0.12494311,0.15311521,-0.37734142,-0.05682725,-0.5141596,0.522076,-0.17606333,0.17026697
protein|AKNA,-0.16965038,-0.21414702,0.23715988,0.15631692,-0.524345,0.14191222,0.047062322,-0.005234227,-0.22214152,0.07903796,-0.06583963,0.14507128,0.03714718,0.30909353,-0.032502204
protein|PTMS,-0.32627577,-0.93306273,0.8967933,-0.23065814,0.5840898,0.6747098,0.12484221,0.39091033,0.11594023,-0.7272479,0.08331412,0.27566284,0.08195976,-0.5453447,-0.7070296
protein|IGKV1-5,-0.62637335,-0.30408177,0.32235792,-0.32497928,-0.4208677,0.49306798,0.21582924,0.219366,-0.24253336,-0.0659736,0.33348167,0.057475463,0.3408345,0.61434984,-0.43468544
protein|TRBC2,-0.21354403,-0.56694096,0.8051348,0.266617,-0.3131545,-0.45702583,-0.5545045,-0.2453778,0.020812562,-0.62932014,0.6403636,-0.6567437,-0.3432753,-0.3228509,0.5540089
protein|BST1,-0.9508768,-0.6034368,0.71668893,0.042924542,-0.32459602,0.14180794,0.09587998,0.23780742,-0.16655013,-0.40375447,0.76254356,0.011483443,-0.018303216,0.4350934,-0.48876685
protein|ALDH1A1,-0.6116609,0.03662509,0.18637921,0.86734194,-0.14799795,-0.65019363,-1.1522347,0.060639415,-0.3479258,0.035938367,0.38413668,-0.41842765,-0.98866075,-0.26500633,0.23102854
protein|TGOLN2,-0.19999082,-0.4749842,0.17742974,-0.34184006,0.32867017,0.6903197,0.43616375,0.34677753,0.23066007,-0.47856265,-0.10254628,-0.057759136,0.32789174,0.044593833,-0.5345514
protein|H7BYY1,-0.43384665,-0.0065639038,-0.17520756,0.5484401,-0.7815778,0.21544904,0.10354743,0.49470606,-0.7100389,-0.10324902,-0.06624896,-0.88457274,0.22333023,0.8101823,0.08631654
protein|GPD1,-0.045061566,-0.14001842,-0.3444923,0.9850475,-0.0070038904,-0.16247326,0.18369357,0.04559253,-0.09056414,-0.07651925,-0.34559292,-0.24032772,-0.25428203,0.4477906,-0.28787705
protein|IRF4,0.26978937,0.22798985,-0.26186514,-0.43472785,0.1968997,0.18884064,0.36383137,-0.30669397,-0.09269157,-0.04858689,-0.59115523,0.6282288,-0.21556334,0.55305797,-0.13702695
protein|ITGB5,-0.5443727,-0.42354596,0.5629715,-0.35155416,0.030792637,0.057283383,-0.42194,-0.12031411,0.3498492,-0.42634636,0.39790744,-0.6230257,-0.44433102,-0.16794665,-0.04254115
protein|CDK13,0.054173086,-0.57453716,-0.07618208,-0.021042863,0.7713191,0.3958112,0.3764571,-0.11837271,0.77722013,-0.31139356,-0.049154762,0.27978918,0.13568889,-0.3603863,-0.4185075
protein|PLXDC2,-0.7536678,-0.6579661,-0.060822576,-0.6336658,-0.39885116,0.97818995,0.45639306,0.1875426,-0.32317907,-0.2221806,0.041211292,-0.22878121,0.50855625,-0.05452972,-0.65325725
protein|CTH,-0.32900712,0.034680746,0.08635366,0.84392333,0.059716985,0.088879354,-0.06340847,0.039437342,0.06975649,0.07079394,-0.5446302,0.29572248,-0.37399226,0.5200094,-0.36307013
protein|TIMP1,-0.7024416,0.3633994,0.1714284,-0.08396147,-0.16517162,0.35879955,0.37965485,0.30802223,0.06240771,0.349723,0.18868743,-0.31418368,0.028159985,0.58523023,-0.58500504
protein|FBLN2,-0.26703835,-0.22841392,-0.5048185,-0.3616185,-0.36404255,0.8934298,0.3520765,0.553395,-0.6811862,-0.15035214,0.31790334,-0.96185,0.66487217,0.4685333,-0.2616433
protein|WARS,-0.6399839,-0.010711437,0.5968918,-0.101263456,0.32086575,-0.47199512,-1.3423992,-0.27527016,-0.14453627,-0.45716038,0.83275795,0.19004613,-0.9438269,-0.5231467,0.22933057
protein|TMA7,0.3542259,-0.8725795,0.4509073,-0.20984119,0.97403276,0.27207196,0.45946717,0.0074718343,0.99334574,-0.5680513,0.086909786,0.26356527,0.116504826,-0.50088555,-0.19875835
protein|FMOD,-0.49738634,-0.38931242,0.03435739,-0.06755553,-0.42696878,0.64593726,0.41923368,0.138961,-0.5542475,-0.04805548,0.13580649,-0.74574804,0.45579275,0.3968739,-0.06654371
protein|GZMA,-0.4896826,-0.57413757,0.5324235,-0.046466388,0.044155594,-0.2420785,-0.7250923,-0.07921338,-0.13454212,-0.59783393,0.47555706,-0.08326899,-0.5012517,-0.23878029,0.21057834
protein|HLA-DMB,0.42576164,0.24132147,-0.014497969,-0.06836567,0.5790964,-0.024542851,0.008087223,0.3797327,0.45647255,0.16833846,0.055826765,-0.09481845,0.10841647,-0.7826635,0.11296308
protein|FCGR1A,-1.1423496,-0.45598933,0.17114307,0.09652512,0.032478843,-0.3842131,-0.89451665,-0.2550037,-0.081412844,-0.24071771,0.45698002,0.35274282,-0.9532752,0.11588465,-0.14242603
protein|P01009,-0.48720753,0.58226484,0.6005675,-0.23053741,-0.6554782,0.24315,0.22202954,0.4413379,-0.061340977,0.2097722,0.44831106,0.07183213,0.10001135,0.7696284,-0.19492307
protein|HVCN1,-0.46263218,-0.2508292,0.050691597,0.08652103,-0.66238135,-0.09907571,-0.2666421,-0.06738434,-0.1553481,0.1107293,0.41290104,-0.36797437,0.28279063,-0.22999911,0.0069289966
protein|MORF4L2,-0.16965418,-0.94228625,-0.082971334,-0.05994688,0.445149,0.81459266,0.86557156,0.37603158,0.39340976,-0.3009896,-0.45181927,0.44217575,0.29607263,0.4362483,-0.72772527
protein|SLC1A4,0.23331374,0.35597566,-0.7216352,-0.19043986,-0.059269894,-0.031600434,0.3322476,-0.0605383,0.23615238,0.65902257,-0.18390512,0.06850544,0.057121515,-0.10093911,0.09485868
protein|XPO6,0.016312145,-0.3241373,-0.38639748,0.19357328,0.34183338,-0.2385158,-0.07430219,-0.49946284,-0.2793936,-0.09808483,-0.49361902,-0.29328555,-0.38226774,-0.1634301,0.15122236
protein|NFKBIE,0.11410335,-0.35470837,0.06930799,-0.051052857,0.14839786,0.5186826,0.062913455,0.20458679,0.35879272,-0.13049982,0.016453778,-0.12564078,0.2833198,-0.57657194,-0.50916815
protein|PTPN18,-0.4340114,-1.2406191,0.48018047,0.13528115,0.33588588,0.4997565,0.18104224,-0.123312645,0.48971406,-0.4455523,0.017155979,0.5244266,0.27268562,-0.14517727,-0.7772768
protein|VPS72,-0.4776598,-0.83043665,-0.19618368,-0.045046207,-0.2389871,0.5148704,0.6423807,-0.17056152,0.51122147,-0.24401662,-0.33263877,0.22736531,0.43430132,-0.016747333,-0.06521127
protein|UQCRH,0.2137693,-0.4111432,0.05439046,-0.07651671,0.77493197,0.54308504,0.1584808,0.13823333,-0.15484838,-0.23563966,-0.2713443,0.14586057,0.046454683,-0.31227496,-0.61756516
protein|C19ORF53,0.18315662,-1.2769195,0.6783296,-0.2186564,0.52413756,0.5647635,0.31540713,0.04194433,0.7972868,-0.74613446,0.22775301,0.31803352,0.30367848,-0.5963481,-0.17706884
protein|CNOT10,0.1586839,0.24225733,-0.40084958,1.0364859,0.24226008,-0.48463297,-0.30086,-0.3189032,-0.24736436,0.21861178,-0.96107936,-0.52940196,-0.3896647,0.14326112,0.461813
protein|TRIM33,-0.51743644,0.33117434,0.26596937,-0.2501575,-0.53687847,-0.4956242,0.107944965,0.3512565,-0.1383653,0.21542943,0.37068537,0.15687442,-0.019965436,0.90499353,-0.10216613
protein|BAG3,-0.41852707,-0.90230376,-0.019244174,-0.44721612,-0.048762966,0.7068452,0.21963337,-0.0463727,-0.16720358,-0.27628696,-0.60585153,-0.20189714,0.14105996,0.1885943,-0.52722627
protein|CYP2S1,-0.90300024,-0.14583562,0.0017303289,0.09423208,-0.22254094,0.28905764,0.11180124,0.1927156,-0.65116084,0.06437566,-0.1436365,-0.30673045,-0.26749578,0.37186146,-0.4920373
protein|CD2,-0.46085817,-1.0383805,0.7607029,-0.38247228,0.10363916,0.2505548,-0.46473154,0.06748185,0.17624675,-0.8693503,0.62420774,-0.52892154,-0.090331465,-0.45171654,0.02290764
protein|EPB42,-0.46188712,0.21401197,0.44045246,0.33979493,-0.8265841,-0.19741626,0.1739315,0.31273693,-0.32872975,0.25862074,0.18998508,-0.23769417,0.27900308,0.92960304,0.030246986
protein|PLIN2,-0.14896703,-0.34552664,-0.0890146,0.30069494,-0.10732746,0.14972657,-0.024231736,0.040145423,0.39802164,-0.17969851,-0.17186876,-0.25549242,0.06532526,0.47479376,-0.054355234
protein|PRNP,-0.5370749,-0.7151263,0.76324964,0.06994617,0.0658734,0.49034306,0.41788435,0.29925072,0.02272865,-0.41124418,0.16299064,-0.07310892,0.42739487,0.1069567,-0.5173866
protein|CD82,-0.13856265,-0.31328186,-0.046779912,-0.20514484,0.22114706,0.5086816,0.37640402,-0.07371836,0.06942475,0.2422523,0.06406897,-0.3091006,0.094005905,-0.15281205,-0.4316342
protein|CR1,0.13374299,-0.44214335,0.19370584,0.3762375,-0.22581425,0.27232388,0.28478667,-0.29972488,0.29031935,-0.39927334,-0.022220202,-0.27300087,0.21532089,0.25046176,-0.07770379
protein|FDX1,-0.27544132,-0.3694121,-0.20043123,0.32588008,0.25234365,-0.1572747,-0.13176683,0.20380285,0.07189934,-0.060564302,-0.040249463,0.11791962,-0.115120865,-0.22993577,-0.4452538
protein|PM20D2,0.08452255,0.4082643,-0.61147565,0.29996392,0.23564138,-0.040568847,0.20690387,-0.0921306,-0.07652483,0.38367486,-0.12751092,-0.07949606,-0.007050675,0.32162243,0.12623581
protein|FAU,0.25134474,-0.70802397,0.3236216,-0.3494564,0.955765,0.31749186,0.49119642,0.076293476,1.162386,-0.34577647,-0.4181359,0.9520899,0.06382975,-0.29323328,-0.47584906
protein|TRAF1,-0.08771073,0.1906735,-0.2107948,0.02138078,-0.3304797,-0.24209778,-0.34409553,-0.40248597,-0.023274047,0.48281452,0.24279557,-0.67629814,0.17486893,-0.31048077,0.085067764
protein|GOLIM4,-0.5349192,-0.67496496,-0.19165273,0.0054995073,0.21917996,0.6141573,0.59573835,0.5814715,-0.013589305,-0.13139118,0.056096736,0.18426774,0.19371615,0.41532898,-0.7254332
protein|ORM2,-0.3439085,0.34694055,0.44019893,-0.4023686,-0.35137117,0.27664423,0.20547794,0.20841475,-0.061020732,0.23368104,0.2025149,0.15568182,-0.16335711,0.4979192,-0.5187669
protein|PPBP,-0.47221005,0.18816637,0.13665505,-0.3155471,-0.74771065,-0.07877876,0.36339656,0.21943709,-0.12480851,0.18757343,0.26606923,0.035790276,0.2228507,0.95173764,-0.319129
protein|PRDX2,-0.0035143753,0.45546073,0.2330508,0.28903353,-0.5672163,-0.7099995,0.03924527,0.10444212,-0.1214812,0.2437526,0.2795688,-0.06328875,0.021539664,0.49628085,0.4800729
protein|GATM,0.36744618,0.16985297,0.12981986,0.5402199,0.70423305,-0.24186586,-0.099555455,0.19560932,-0.03906589,0.39339703,-0.73938674,0.04260669,-0.53090453,0.006853711,-0.03784001
protein|RPL37,0.15642652,-1.0202109,0.16830796,-0.5468643,0.521219,0.48884398,0.5497903,0.011425584,0.86080766,-0.39574993,-0.20990667,0.88818115,0.40341902,-0.19817269,-0.59463257
protein|SLC43A3,0.17599995,0.6112649,-0.7805408,-0.33532426,-0.20497148,0.19897725,-0.04970535,-0.47628787,-0.08299479,0.48514318,0.20495754,0.29300362,-0.44871762,0.29356638,0.26129144
protein|HIST1H1B,0.4449975,-0.96671975,0.45368016,-0.4677859,0.4519639,0.29463646,0.4309878,0.08712405,0.95362276,-0.5108428,0.41586334,0.43310773,0.5185041,-0.5088467,0.13618974
protein|SPTB,-0.60367674,0.24435408,0.24924536,0.053336754,-0.89726,-0.25787437,0.36601296,0.2606837,-0.2495772,0.21967681,0.37794352,0.0052829017,0.4601283,1.0134164,-0.048923727
protein|P50579,0.19554214,-0.38130966,-0.24558787,-0.001232875,0.5957514,0.31355423,0.37664592,0.6656975,0.44234398,-0.041705713,-0.1279626,0.44483075,0.6370005,-0.2359795,-0.12583403
protein|NOM1,-0.16746058,-0.55469704,-0.29261184,-0.07886371,0.21397632,0.56919235,0.83631194,0.1332649,0.27063003,-0.184701,-0.648209,0.52135223,0.4092195,0.7627411,-0.81372964
protein|GPX3,-0.5729717,0.043465685,0.29872438,-0.38981023,-0.4734146,0.49946004,0.020159606,0.46291953,-0.7159994,-0.19807169,0.30928156,-0.74765223,0.097233266,0.24104182,-0.15189895
protein|Q9UN36,-0.30946416,-0.6053313,0.35000992,0.26990333,0.14246301,0.06011068,0.22692907,0.25359303,0.11795074,-0.39766875,-0.37295887,-0.235388,0.19423907,-0.15785964,-0.15726991
protein|SKAP1,-0.42521858,-0.9942991,0.837093,-0.06959774,-0.25730714,0.032072883,-0.54623705,-0.36699945,-0.14172012,-0.75922704,0.6116131,-0.64998966,-0.12683477,-0.361773,0.3043711
protein|ALOX5AP,-0.04362741,0.11018183,0.0779186,0.18381344,-0.34829116,-0.3237562,-0.2187668,-0.15584782,-0.05448127,0.26846412,0.66286474,-0.6502516,0.13583034,-0.30937526,0.5456785
protein|MLKL,0.07771135,-0.008892708,-0.33788046,0.2718517,0.06884655,-0.40486652,-0.3553247,-0.51587605,-0.173836,-0.19767895,-0.24612014,-0.07954772,-0.48595768,-0.3080305,0.16340329
protein|PRMT9,0.27588308,0.20256521,-0.6029987,0.27465442,0.10460564,-0.39738247,-0.023305273,-0.8603195,0.09724306,0.11836229,-0.46681836,-0.41397467,-0.2400768,-0.06829092,0.47443798
protein|TPD52,0.48916698,0.008415144,-0.15227282,-0.03840744,0.5612898,0.035685144,0.16383418,0.3163346,0.2020523,-0.0872209,-0.35113925,-0.26740387,0.22251523,-0.35071564,0.14239007
protein|FABP3,-0.22743715,-0.092079856,-0.20914923,-0.0091682095,-0.21651499,-0.41839096,-0.24546883,-0.035956483,-0.28879267,-0.01892193,-0.01882913,-0.037781976,-0.2912566,-0.039073963,0.23554192
protein|A0A0S2Z4G6,-0.20111488,0.22016233,-0.33112723,0.24151005,-0.80308014,0.26500836,0.118292816,0.47118112,-0.5657143,0.018006925,0.065978,-1.0549212,0.28009337,0.5809797,0.3236919
protein|NPL,-0.29278407,0.045242127,-0.16809677,0.21118928,-0.28221035,-0.16105902,-0.86120063,-0.3497072,-0.39565024,-0.14562061,0.73642385,-0.4286911,-0.66319925,-0.38191533,0.08762513
protein|CD79A,0.79408914,-0.004301888,-0.3137963,-0.039291218,0.33592856,0.09063631,0.6868875,0.08799641,0.45701826,0.16203862,-0.20153616,0.114454865,0.45787394,-0.40458897,0.0793395
protein|VSIG4,-0.8058059,-0.36308685,0.20181838,0.041662753,0.06584573,-0.03499065,-0.503129,0.1764912,-0.09756389,-0.25202993,0.2625451,0.3532713,-0.6050419,0.3509523,-0.47023746
protein|FBLN1,-0.5733932,0.16478531,-0.39546296,-0.3112607,-0.7980309,0.74765706,0.2786232,0.6988437,-0.5937931,0.07696332,0.39856854,-0.6227135,0.52371126,0.8721018,-0.42227793
protein|CD109,-0.6571635,-0.012646019,0.026740344,0.07625105,-0.53927094,0.17894526,0.2680564,0.02835061,-0.28158215,-0.053696085,0.26170906,-0.23361969,0.2889736,0.5004742,-0.26292846
protein|A0A7I2V5H0,-0.3310123,-0.6925292,-0.4586009,-0.2643666,-0.22218777,0.6399773,0.629562,0.22429311,-0.29415268,-0.34245083,-0.16179962,0.060658593,0.60177135,0.33815268,-0.61944324
protein|PTPMT1,-0.05784056,-0.2511121,-0.18996923,0.1385409,0.3190088,-0.108726434,-0.011546473,-0.05636945,-0.0460935,-0.05702245,-0.10436564,-0.052932937,0.21665424,0.23901811,0.23076755
protein|PSEN1,-0.24609773,-0.87222916,-0.059653755,0.086900435,0.516813,0.5228654,0.28689912,0.43314746,0.31464928,-0.48533213,-0.28364557,-0.0014568183,0.18564823,0.3523911,-0.5589204
protein|C10ORF54,-0.17552233,-1.1723206,0.30331948,0.26891685,0.14840801,0.32127184,0.3123955,-0.043093886,-0.096292056,-0.51388717,-0.113301426,-0.0053847646,0.346672,-0.058516193,-0.23011361
protein|MNDA,-0.51326877,0.38928938,0.6029401,-0.0913843,-0.58760226,-0.41717625,-0.36929587,-0.4019842,-0.3638292,0.03326944,0.045436136,0.22487968,-0.45054576,0.2263112,0.07587606
protein|TAX1BP1,0.43890512,0.38059235,-0.4150737,0.052608393,0.33095634,-0.3958904,-0.21209972,-0.67378455,-0.07673021,-0.025346622,-0.47395572,-0.29473817,-0.27972174,-0.52499086,0.6231235
protein|ITIH3,-0.7430351,0.31243807,0.036607143,-0.13092694,-0.75178736,0.025593609,0.01918566,0.3769948,-0.18449424,0.38988644,0.33358207,0.16795923,0.07962432,0.8616011,-0.36861318
protein|ZNF280C,0.2755033,-0.3359506,-0.31907156,-0.054292064,0.5242894,0.2765476,0.403366,-0.10796673,0.5696098,-0.1430696,-0.2739161,0.2788713,0.25177374,-0.37817946,-0.07079312
protein|USE1,-0.52406275,-0.35738555,-0.08274484,0.1631182,0.3559719,0.4867359,0.47997722,-0.27887425,-0.15952533,-0.06777986,-0.56529397,-0.26977357,0.12624598,0.49042973,-0.37794295
protein|IGHV3OR16-12,-0.3088739,0.30558035,-0.093154915,0.08283132,-0.65535206,-0.09110184,0.28134173,0.16007155,-0.6773995,0.17533477,0.23280102,-0.29896492,0.08708922,0.6520734,0.28530395
protein|MEPCE,-0.15850627,-0.87865716,0.108929805,-0.37321493,0.57268953,0.79413706,0.83513767,0.29166546,0.3214986,-0.070984505,-0.31470636,0.20920943,0.5665463,0.008290266,-0.62257594
protein|ALDH2,-0.5283436,0.16661927,-0.55067563,0.7815602,0.19487916,-0.37994313,-0.5126956,0.54389876,-0.44617105,0.3989116,-0.15885633,-0.516932,-0.43256453,-0.34835264,-0.028283635
protein|MXRA5,-0.6745973,0.04884411,-0.7379517,-0.373714,-0.25593048,0.5706973,0.2661651,0.4063747,-0.20528097,0.32001558,0.30462953,-0.4260418,0.152109,0.5654781,-0.5808944
protein|C9,-0.5632008,0.49471152,0.382994,0.028019624,-0.8097524,0.14464585,0.18576223,0.4676625,-0.48863393,0.41541657,0.50455886,-0.32195812,0.13731821,0.8289484,-0.046088863
protein|TRMT5,-0.1854156,-0.27922526,-0.17852555,0.07870547,-0.027342467,0.32190248,0.41794112,0.1524649,-0.06374883,0.18745656,-0.09376858,0.2176461,0.10810234,0.08364624,-0.20574586
protein|SEC11L3,0.14483634,-0.09468444,-0.20048392,0.08794575,-0.1405568,-0.38050345,0.014519157,-0.2843472,-0.121349186,0.15396704,-0.48157656,0.1885361,-0.28050756,-0.15893032,0.33170834
protein|TK1,0.3220922,0.57706183,-0.8329433,-0.21822336,0.23383139,-0.045776837,0.21826673,-0.14200522,0.37026802,0.5936778,-0.27500263,0.1189189,-0.11388749,0.046869442,0.10696916
protein|APOBR,-0.70252484,-0.54407966,0.59524804,-0.14684615,-0.18515746,0.4309427,-0.035239857,0.31554562,-0.293671,-0.16959625,-0.023053061,0.044250503,-0.06307418,0.46983445,-0.076205954
protein|SNX29,0.10564454,-0.18708159,-0.3065754,-0.08655678,0.111397594,0.19436842,0.55103344,0.11564415,0.28497043,-0.054012686,0.21175194,-0.17109612,0.6645992,-0.2477118,0.02887607
protein|NUCKS1,0.23547703,-1.0720948,0.42633063,-0.26740092,0.9304264,0.53773683,0.5324196,0.42900243,0.5689695,-0.5553905,-0.12942141,0.25358018,0.3571311,-0.5013943,-0.3261135
protein|ANK1,-0.5211535,0.327362,0.2679902,0.1458174,-0.90303004,-0.38415968,0.28207117,0.33078194,-0.21181095,0.32337156,0.31909594,0.03043033,0.3594601,0.93459827,0.02333721
protein|CD79B,0.6556275,-0.082219414,-0.44389468,0.020173375,0.17672016,0.06301175,0.49741974,-0.06189346,0.3157067,0.29688907,-0.3723836,0.13502067,0.27397257,-0.0045767715,0.24250749
protein|TFRC,-0.11126793,0.3067435,-0.60272443,-0.3246548,0.0065169567,-0.22411358,0.120829515,-0.45184484,-0.08243767,0.522496,-0.43535858,0.16725166,-0.46682093,0.45636082,-0.28699553
protein|UTP20,-0.092299506,-0.020162607,-0.52927434,0.11241495,-0.25726178,-0.034882348,0.16185124,-0.23545545,-0.014516797,0.042973667,-0.101079285,0.036850013,0.084485866,0.36735943,0.051750783
protein|CPB2,-0.5575188,0.6096381,0.043993402,-0.095948584,-1.0580157,-0.14100312,0.15569374,0.38003445,-0.42164564,0.4642008,0.3568817,-0.11564616,0.08001989,0.86155045,-0.068713225
protein|GCA,-0.56962204,0.0781184,0.8189722,-0.10703538,-0.019402638,-0.361157,0.10359289,-0.10574743,0.02888895,0.036981188,0.06293146,-0.07452539,-0.2349459,0.27565566,-0.21993983
protein|TAF15,0.2349571,-1.008753,0.3073789,-0.32038853,0.88713884,0.5214248,0.68540454,0.22087453,0.9212535,-0.39238816,-0.25238365,0.5978858,0.2914403,-0.4233829,-0.6145522
protein|FTH1,-0.67593896,-0.0787832,0.520592,-0.3510393,-0.31663027,0.0056038224,-0.3205284,0.003572716,-0.2968219,-0.058958128,-0.09057284,0.20030272,-0.2713064,0.13697359,-0.4146246
protein|P01889,-0.15998791,-0.5048725,0.17638882,-0.11494426,0.08230607,-0.026242226,0.10610307,0.17898801,0.27608153,-0.21773219,0.008481949,0.22234291,-0.14718169,-0.22179864,-0.269402
protein|KANK2,-0.101232044,-0.73275554,0.09878647,-0.31762826,0.048095774,0.6363976,0.30034977,0.04355236,-0.14072911,-0.13698688,-0.023526996,-0.028121449,0.44216102,0.20941974,-0.37912533
protein|C5,-0.6020428,0.43445548,0.026891962,0.1502758,-1.074441,0.13457198,0.05869474,0.54892296,-0.61949396,0.32445768,0.40959772,-0.18583982,0.1561511,1.1675553,-0.07151034
protein|ITIH1,-0.74025655,0.47844082,-0.029969744,-0.36250636,-0.89440787,0.1952422,0.1571986,0.21997286,-0.4899885,0.63878304,0.42038435,-0.037110064,0.10709503,0.8239724,-0.35389987
protein|FYB,-0.40669215,-0.8314765,0.53742385,0.06363162,-0.27106547,0.13236217,-0.7467201,-0.33477145,-0.124648124,-0.7019079,0.5097669,-0.62459844,-0.27807733,-0.66938174,0.24693836
protein|HIST1H1E,0.25292298,-1.0700415,0.6880051,-0.32832378,0.27044016,0.25479737,0.25788915,0.11032887,0.667597,-0.5982302,0.405597,0.13463505,0.56474817,-0.5921299,0.20241067
protein|HIST1H2BD,0.28210545,-0.75043327,0.65859044,-0.66902643,0.57626927,0.25340295,0.46656215,0.16182612,0.7843583,-0.545432,0.08271681,0.11968877,0.37208584,-0.32672516,0.06763472
protein|GALM,-0.57902104,-0.09405852,0.6773439,0.183135,-0.109495245,-0.41166043,-1.0868973,-0.34460163,-0.16613726,-0.31315452,0.86198837,-0.46523982,-0.6976205,-0.5538907,0.41785368
protein|BANF1,0.5022954,-0.2647549,0.43901134,-0.59269196,1.1371237,0.38520712,0.25255138,0.2044524,0.27278176,-0.21604396,-0.33998922,-0.047833588,0.07616403,-0.5395211,-0.35036618
protein|ATPIF1,0.2948209,-0.3676048,-0.4954787,0.4630903,0.74493027,-0.20383832,0.30239674,0.564611,0.4016216,-0.1076569,-0.37213576,-0.19858906,0.26259008,-0.429259,-0.043047775
protein|UHRF2,0.024996411,-0.5125865,-0.26216274,-0.278899,0.41594636,0.49827546,0.86114335,-0.22935347,-0.032732595,-0.17791775,-0.30843878,-0.021500405,0.22185901,0.0793384,-0.45227963
protein|TMEM245,-0.12537481,-0.5149766,-0.30134475,0.5276797,-0.15612957,0.29587898,0.35641867,-0.210267,-0.39338085,-0.11564536,-0.01328903,-0.5126236,0.31611198,-0.0024063238,-0.06274743
protein|HIST2H2AB,0.19653937,-0.70586294,0.42197007,-0.31849262,0.58768016,0.23244055,0.42310372,-0.026696794,0.49276438,-0.3884683,-0.016379096,-0.060376383,0.36386436,-0.65434444,-0.048139505
protein|DDHD1,0.21386684,-0.6593716,0.028227521,-0.19553562,0.5231257,0.1552391,0.38354564,-0.026263813,0.82325035,-0.1546305,-0.3170146,0.40854466,0.3128396,-0.32456228,-0.33204076
protein|MMRN1,-0.07588172,-0.13708441,0.120227106,0.5958679,-0.45138255,-0.083200365,0.2846956,-0.0010902638,-0.18660781,-0.18606326,-0.11425722,-0.48432073,0.25439093,0.54200226,-0.009248147
protein|ZFP91,-0.484697,-0.72504365,0.15481408,0.0020183201,0.32783392,0.58455706,0.4832154,0.15871748,0.21065803,-0.3180602,-0.113898136,0.19313097,0.33726326,-0.117600836,-0.47016314
protein|SNX33,-0.4980445,-0.23008898,0.08343494,-0.12134527,-0.379545,0.098420404,-0.07634594,0.14185724,-0.15074769,-0.16812642,0.07188575,-0.33759677,-0.14855966,0.18831013,-0.19436893
protein|NDRG1,-0.9413495,-0.9416364,0.44385797,-0.40923998,-0.18654828,0.41554943,-0.124843076,0.1923056,-0.23619041,-0.3963675,0.22114712,0.0034703878,-0.029179715,0.13114636,-0.5522696
protein|SULT1A4,-0.16299301,-0.37277955,0.4131529,1.0879246,-0.038100418,0.16249359,-0.39514434,0.21266916,-0.2126842,-0.42251778,-0.5706791,-0.5415594,-0.2621248,-0.26083428,-0.004781799
protein|IGF2BP3,0.5493578,0.12967235,-0.63516474,-0.20567042,0.6920283,-0.083284646,0.33535695,0.16617863,0.44397205,0.4118132,-0.49646488,0.56484556,0.29999086,-0.18000688,-0.13161531
protein|ABI3BP,-0.24821149,-0.21173733,-0.17129453,-0.24604519,-0.19237061,0.7532091,0.4354798,0.22955513,-0.22676758,-0.08330307,0.03243653,-0.17128903,0.61779404,0.23949549,-0.34148538
protein|P12111,-0.6441213,-0.22018555,-0.14003281,-0.228703,-0.5210764,0.54170585,-0.07890163,0.27994788,-0.53132737,-0.2105105,0.4490029,-0.5911993,0.23172583,0.5230722,-0.045639254
protein|ZNF318,-0.553689,-0.5974744,0.10762596,-0.013520546,0.14071174,0.47371516,0.26869947,0.15555374,0.15346363,0.0969252,-0.07373294,-0.014568395,0.23071982,0.17052281,-0.31848383
protein|CYP1B1,-0.6093866,-0.175014,-0.23439942,-0.19663851,-0.20578824,0.17294,-0.36565748,-0.087044045,-0.5689212,0.10787716,0.27082562,-0.71099514,-0.26269692,0.08167369,-0.3336527
protein|GC,-0.41142103,0.5448639,0.5213679,-0.24403045,-0.51307863,0.4057721,0.32367888,0.7519934,-0.2651819,0.42281568,0.47788322,-0.15202308,0.08973193,0.7735791,-0.4568492
protein|TXN,-0.44596216,-0.009652162,0.49529544,-0.12760422,0.2566202,-0.20988436,-1.0360236,-0.28880373,0.15885927,-0.17650616,0.30461106,0.4251174,-0.846871,-0.38584125,-0.07044505
protein|PON1,-0.41546986,0.39771396,0.421967,0.38693416,-0.5130258,-0.068720855,0.14542758,0.548554,-0.2763708,0.3705548,0.21178351,-0.030168282,-0.023532705,0.8329127,-0.43679488
protein|SERPINF1,-0.47935674,0.48979843,-0.38906512,-0.14772807,-0.76400155,0.64859736,0.3991939,0.49740645,-0.501139,0.41772792,0.62638956,-0.73221576,0.39082465,0.6182931,-0.22794463
protein|ARID4B,-0.086837195,-0.53321105,0.18419099,-0.34837762,-0.053212963,0.028815338,0.02437327,-0.17498083,0.1360794,-0.0771962,-0.008012728,-0.056593925,0.08580173,0.16064551,-0.28862086
protein|HNRNPU,0.6322345,-0.099257044,-0.30351794,-0.4377999,0.23374084,0.31788033,0.2880166,0.17505203,0.26687557,-0.40909716,-0.2369305,0.4299832,0.22472772,-0.59562266,-0.013245176
protein|GRAP2,-0.39930204,-0.79257464,0.8195656,0.06324713,0.03082057,-0.040298365,-0.41010877,-0.3690105,-0.16617881,-0.59384066,0.34901175,-0.49854454,-0.090164736,-0.52535784,0.21340449
protein|SLC16A3,-0.96325344,0.01399858,-0.20115867,-0.20597528,0.0640126,-0.31752685,-0.32082382,-0.09898744,-0.11947083,0.28230003,0.3654511,0.10269998,-0.33147383,0.3257943,-0.008260247
protein|COL6A1,-0.6667982,-0.4997412,-0.055946097,-0.3175617,-0.43569726,0.73572737,0.07475275,0.32174104,-0.4948498,-0.27737463,0.38218823,-0.5775965,0.2900657,0.5400751,-0.16341133
protein|SLC7A5,-0.07844101,0.07411713,-0.98046577,0.106742784,-0.17368767,0.05961737,0.30227435,-0.48122743,-0.1751597,0.08880654,0.30057245,0.16638729,-0.0541448,0.4425143,0.13955973
protein|CD38,-0.51829565,-0.6059406,0.3489634,0.15580377,0.59117144,-0.061819255,-0.48956808,0.24215083,0.15570253,-0.5380092,0.36413604,0.08045934,-0.5152618,-0.01462195,-0.13517928
protein|HDGFRP3,0.12189074,-0.83517236,0.6786084,-0.46661213,0.03268274,0.36908618,0.13899152,0.15394615,0.39907816,-0.4887099,0.07440918,-0.009445735,0.25928244,-0.20107648,-0.26527375
protein|AOC3,-0.27079302,-0.29210207,-0.16032131,0.33518168,-0.4678285,0.43994072,0.119299166,-0.051517572,-0.42710313,-0.30161646,0.11038144,-0.61875904,0.07121187,0.4744548,-0.014987701
protein|GRAP,0.5385727,-0.22882459,-0.4265252,0.22722313,-0.31461194,-0.40144557,-0.12922388,-0.29283074,-0.025705189,-0.14531128,0.101617366,-0.28365913,0.11726677,-0.28588745,0.5177004
protein|TONSL,0.18101482,-0.8307287,-0.6112987,-0.03588339,0.44874647,0.15356323,0.8762023,-0.00018907344,0.81983006,-0.12153756,-0.5572045,0.64522725,0.17620833,0.27411574,-0.46526533
protein|SLC16A1,0.45609653,0.03953707,-0.7513757,-0.10759573,0.2553288,0.3013282,0.39943168,-0.12869549,0.17106515,0.06834098,-0.34788048,0.022777088,0.27327377,0.31524205,0.13823768
protein|SDSL,-0.29805797,-0.034504876,0.017514654,0.40551573,-0.024716778,-0.2939322,-0.31815135,-0.17632176,-0.031240635,0.052722543,0.32075804,0.069930896,-0.73417497,-0.06373095,0.0653645
protein|SDC4,-0.45508245,-0.3829856,0.047369447,0.15519822,-0.07521225,0.3113839,-0.016972987,0.10162574,-0.07307279,-0.01878559,-0.24923374,-0.168351,0.03190147,0.0008616386,-0.49932578
protein|GOT2,0.68805075,0.22644912,-0.4145956,0.49174157,0.49931902,-0.5033045,-0.03654069,0.13205227,0.0047293487,0.20432961,-0.8699717,-0.02205484,-0.44599575,-0.09297172,0.16039364
protein|GPHN,-0.14180908,-0.48386118,0.23965979,0.13859539,0.25876215,0.41222295,0.018420298,0.088752754,-0.26427552,-0.048427407,-0.3042104,0.040399108,0.15987611,0.09700323,-0.364089
protein|MRC1,-0.53971106,-0.35881433,0.3341435,0.18217584,-0.10873194,-0.031150063,-0.47191092,-0.50110877,-0.301242,-0.45920214,0.45450735,-0.089549005,-0.21678755,0.38205656,-0.0062938626
protein|BSN,-0.32722515,-0.15648656,0.16862395,0.05662147,-0.28208274,0.112805285,0.11259508,-0.22859636,-0.19358844,-0.1388588,0.41382924,-0.2382252,0.20617515,0.41150665,0.14057906
protein|GZMK,-0.50414294,-0.8404244,0.8943946,0.01242662,0.14112733,0.06187653,-0.32894978,-0.2337126,0.09655297,-0.53795797,0.7035081,-0.2957368,-0.15887909,-0.27730665,0.12745292
protein|A0A140T9X5,-0.14512365,-0.10312937,0.20080462,-0.21793844,0.15197317,-0.05125863,-0.065476835,0.067489415,0.037831966,-0.13051355,0.29667696,0.023230504,-0.35479206,0.021133905,-0.21865436
protein|EFEMP1,-0.31324866,0.16638465,-0.21109809,0.044709623,-0.650675,0.58015114,0.19001326,0.3835078,-0.6808129,0.054447856,0.35153532,-0.7192528,0.56252867,0.63748705,-0.0160256
protein|DNPH1,-0.16589986,-0.08272702,0.34284532,-0.17995894,0.17559272,0.012533382,0.1432381,-0.2692298,0.017556345,-0.16829984,0.112487376,-0.0647254,-0.17442246,-0.2093902,-0.3057328
protein|ARPP19,-0.27536157,-0.30999333,0.32211953,-0.21841906,0.20107406,0.52167517,0.3194437,0.11719761,-0.049861353,-0.11816253,-0.04129121,-0.34101775,-0.03802146,0.07246617,-0.6286348
protein|C4B,-0.6068397,0.40525225,0.023541661,0.022782447,-0.8086691,0.082994506,0.062662646,0.43870398,-0.6365613,0.24981748,0.5872149,-0.33094257,-0.10011873,0.89199394,-0.18234248
protein|GBP2,-0.5723969,-0.29876763,0.5974145,-0.17367934,-0.04408586,-0.42149267,-1.0271062,-0.5187926,-0.22942558,-0.53005004,0.44450772,-0.13438302,-0.82718796,-0.34316462,0.32784092
protein|DAP,0.05755774,-0.8520739,0.208599,-0.057140227,0.5169573,0.4740352,0.528137,0.22706863,0.7083088,-0.33177614,-0.19447142,0.38721517,0.27082127,-0.13876446,-0.46693513
protein|F13A1,-0.33053118,0.16221374,-0.015626444,-0.123364516,-0.6660287,0.08709718,0.0716074,0.19107716,-0.92183924,-0.04644495,0.14651825,-0.45367342,0.05154295,0.5923198,0.14022854
protein|SP140,0.22991891,-0.16381562,-0.03762819,-0.22888516,0.25766128,0.123260684,0.37391075,-0.46876666,0.45501333,-0.34490192,-0.5049254,0.37779203,0.00831579,-0.007816655,-0.11937658
protein|CEACAM1,-0.49982846,-0.24492486,0.7500488,0.33177397,-0.03135532,-0.23145887,0.28740472,0.24015535,-0.13541272,0.0077666054,-0.3085875,-0.041491732,0.11872337,0.1767052,-0.27248806
protein|PHF6,0.23641877,0.103229605,-0.9239456,-0.239955,0.23739539,-0.0030058937,0.54281116,-0.016114483,0.30987197,0.23622121,-0.18938243,0.2577986,0.44790444,-0.2852542,0.0041875658
protein|B1AHL2,-0.35782346,0.21691465,-0.041386936,-0.11179145,-0.75765854,0.09213193,0.1797095,0.22892024,-0.40855235,0.42384773,0.00826387,-0.34194794,0.27691185,0.40134636,-0.24628276
protein|TRMT1L,0.027846621,-0.41179574,-0.59899306,-0.23945913,-0.098682396,0.17102568,0.16787447,-0.04622653,-0.2892325,-0.14101164,-0.09049461,-0.10968151,0.040097505,0.20422128,-0.34133536
protein|APOA1,-0.38639703,0.40027377,0.11808799,-0.44736946,-0.468979,0.20814617,0.20418802,0.5111839,-0.44704863,0.36227974,0.5378717,-0.27700964,0.10813252,0.7993994,-0.34144536
protein|RNASET2,-0.027047813,-0.6196349,0.88917845,-0.014008882,0.49415398,-0.060503945,-0.10834845,-0.09676361,0.23773266,-0.44754243,-0.38119125,-0.053179923,-0.27482545,-0.12842728,-0.15369292
protein|GIMAP4,-0.3180033,-0.6704551,0.81068873,-0.01805266,-0.20664167,-0.17121205,-0.8951661,-0.5768941,-0.113516636,-0.78031194,0.7085222,-0.58102643,-0.53992236,-0.6608251,0.41287634
protein|E9PGZ1,-0.32815394,-0.18110661,-0.05318631,-0.09927162,-0.6935179,0.7972793,0.21057157,0.42132935,-0.73661005,-0.38980535,0.0790764,-0.8592055,0.3236304,0.46174943,-0.10214569
protein|MYEF2,0.17410107,-0.22166009,-0.11523253,-0.09067737,0.5195779,0.2870213,0.5684614,0.1283872,0.3641159,-0.022860337,-0.2146309,0.10202768,0.15448989,-0.16812485,-0.29133165
protein|AZGP1,-0.5068898,-0.46987233,0.5229482,-0.20839092,-0.031871058,0.6950673,0.5306611,0.50134027,-0.24923523,-0.06250804,-0.020236874,0.21965177,0.36571315,0.39203706,-0.7197986
protein|CAMK4,0.15341999,-0.11833644,-0.17670615,0.020932643,0.20863909,-0.027421184,-0.101354174,-0.41386214,-0.03646879,0.09691146,0.0653656,0.4168559,0.082761906,-0.26967156,-0.10794179
protein|APOL2,-0.75592065,-0.051017016,0.15853488,0.29695773,-0.06508754,-0.47248873,-0.7997517,-0.47740224,-0.28870884,-0.25862238,0.234353,-0.00402912,-0.9132423,0.11049934,-0.22745849
protein|EHHADH,0.059402574,0.2155187,-0.0793344,0.8415881,0.2624506,-0.14761764,0.051544026,0.279992,-0.062153142,-0.016913934,-0.8763045,0.09713066,-0.38989183,0.2428356,-0.2776072
protein|ABLIM1,0.17590159,-0.4386618,0.107808754,-0.2402659,0.13263875,0.08505274,0.33965895,0.2594576,0.023029983,0.20981844,0.03887482,-0.21349065,0.59674937,-0.34107885,-0.33962536
protein|AEBP1,-0.64412445,-0.25030637,-0.47613573,-0.16408463,-0.4350688,0.77475214,0.5479731,0.34689003,-0.48533362,0.046429362,0.2836536,-0.5473522,0.49282458,0.62739515,-0.44149944
protein|CROCC,0.6249535,-0.012806828,-0.49965423,0.24786073,0.15216032,-0.26951593,-0.031518072,-0.44064742,0.21930765,0.16644932,-0.19319761,-0.29672176,0.22166298,-0.664735,0.66951466
protein|ALDH5A1,0.5355406,0.011820497,-0.3971476,0.91937345,0.6572716,-0.10337059,-0.00832183,0.36810943,0.059983216,0.047151607,-0.38988647,-0.29698598,-0.11977962,-0.84440386,0.21477646
protein|PEA15,0.12857828,-0.15993439,0.25226063,-0.2694148,0.3712518,0.6592757,-0.09701815,0.4593788,0.033523604,-0.20366853,0.39899734,-0.34714374,0.1387206,-0.87352306,-0.061642837
protein|TAF9,-0.13434123,-0.1797762,-0.4570007,-0.32134935,-0.2003102,0.26858348,0.4056376,-0.7503697,-0.3201432,-0.079330206,0.1238236,0.047230594,0.20710272,0.5056123,-0.059402876
protein|CD14,-1.2880867,-0.5027505,0.39407367,-0.120827936,0.07180929,0.07023177,-0.5383958,-0.12109359,-0.12787956,-0.24697816,0.66374576,0.1470161,-0.6746827,0.400702,-0.463348
protein|BCAM,-0.27228737,-0.4590896,0.4762614,0.12401839,-0.3882648,0.43867397,0.24284506,0.06175029,-0.58937764,-0.48100057,-0.018697869,-0.3580071,0.46850675,0.39646617,-0.08763538
protein|AHSG,-0.3067301,-0.06802277,0.6540789,-0.6855382,-0.064585626,0.4733191,0.3071813,0.78470814,0.13026032,0.10940618,0.58089185,0.28849992,0.12070002,0.26554516,-0.30564302
protein|RPS28,-0.12636086,-0.8198505,0.39828184,-0.3329255,0.76848775,0.60051954,0.65606815,0.13501506,0.509209,-0.31411082,-0.40905643,0.661034,0.19641751,-0.038609177,-0.9188399
protein|S100A4,-0.45131284,-0.3276393,0.948962,-0.7009181,0.052541874,-0.19783013,-0.3321029,-0.20153135,-0.5529769,-0.41804639,-0.16665451,-0.3028559,-0.21938217,-0.27079976,-0.014020135
protein|LRMP,0.39278647,0.20466307,-0.62226427,0.20385721,0.34377575,0.17088722,0.31628805,0.15340075,0.12682335,0.4746183,0.15081796,-0.1658375,0.71084416,-0.4806012,0.1298349
protein|SYPL1,-0.4796678,-0.4354255,-0.2318175,-0.3371168,-0.209927,0.7922771,0.7661577,0.5437214,-0.39657757,-0.2124187,0.057860814,-0.439984,0.62947094,0.35167193,-0.48747805
protein|TPPP3,-0.29268625,0.0067605176,0.44402334,-0.15275897,-0.37744054,0.115498684,0.35510647,0.11443058,-0.61521155,0.16671419,-0.4795408,-0.09219036,0.11613934,0.40803504,-0.007216167
protein|A0A140T941,-0.07205804,-0.14961621,0.19263907,0.02184333,0.03485002,0.015285462,-0.36460596,0.10578874,-0.09072932,0.06891494,-0.09135573,0.14465252,-0.043455936,-0.11857901,0.07179902
protein|TOP2A,0.4732396,0.21566045,-0.9920958,-0.49585116,0.15849476,0.053912573,0.51730925,-0.20755658,0.36970082,0.23725075,-0.45370287,0.96983916,-0.023588315,0.37280592,-0.13959119
protein|PNO1,0.09669581,-0.16001175,-0.72169226,-0.17967081,0.13025042,0.33405986,0.6939029,-0.3592998,0.0007809477,-0.09156954,-0.3602466,0.45741475,0.19235827,0.38383096,-0.30639708
protein|P01700,-0.51055133,-0.012952204,0.013799753,-0.1581904,-0.331913,0.28792632,0.3420726,0.3412973,-0.11073754,0.18166831,0.121285014,0.21680298,0.1703502,0.69932747,-0.29102966
protein|CTNNB1,-0.21612191,-0.06896925,0.012992528,0.57764184,-0.37439156,0.051014315,-0.0422906,-0.087553926,-0.34077662,-0.035613347,-0.5676732,-0.4646634,0.10806129,0.3065037,0.04383737
protein|IL4I1,-0.39114037,0.077100635,-0.44242564,-0.11149717,0.2606645,-0.103873685,-0.0341164,-0.09523246,0.16494565,0.37383398,0.35851943,-0.23544742,-0.2108078,-0.42492774,-0.30077043
protein|ADA,0.25126123,0.0022777766,0.108200125,-0.23000646,0.6132169,0.025314026,-0.072414376,0.21954758,0.14624338,0.08497802,0.043246496,0.030322827,-0.28330213,-0.44630203,-0.041840732
protein|SQSTM1,-0.19032569,-0.40303347,0.14025801,-0.29575175,0.53534436,0.65546125,0.13751711,0.16931087,0.30689907,-0.19475463,-0.06811028,0.46895215,-0.030614275,-0.16209064,-0.8470335
protein|UBE2E1,-0.054757047,-0.27798352,-0.16051726,-0.11139971,0.25687185,0.22861853,0.48089567,0.40803173,0.37661764,-0.06881134,-0.060225807,0.3279441,0.27710134,0.13004038,-0.39111525
protein|TNPO2,0.11668467,-0.16850936,-0.46494058,0.0485455,0.42103544,0.391863,0.34464443,0.114622295,-0.28920007,-0.17666459,-0.3766378,-0.0899633,-0.0048127836,0.09077963,-0.093271606
protein|SLC2A5,-0.0022594421,0.2752732,-0.6840455,0.25295383,-0.13202363,-0.09688837,0.09277792,0.071874514,-0.2011364,0.054858282,0.38079286,-0.14096686,0.27205312,0.34252554,0.15178165
protein|MMP9,-0.7881623,-0.051210303,0.6774094,-0.24140464,-0.618469,0.02417437,0.08485878,0.093780056,-0.059313502,0.22443303,0.1601571,-0.11743526,0.009502791,0.43272132,-0.231552
protein|APOD,-0.17124036,0.45148206,0.19190831,0.13429175,0.12644193,-0.036495436,0.011879933,0.44523346,-0.23265299,0.2936604,0.252292,0.047674727,0.12080911,0.22038287,-0.2805899
protein|PSAP,-0.5686977,-0.26224217,0.7008073,-0.24320649,0.6652058,0.10678805,-0.4611953,-0.07556898,0.07945346,-0.48046046,0.37538338,0.03166386,-0.52159494,-0.14317857,-0.57084996
protein|LRRC25,-0.524315,-0.2920461,0.23214047,0.25832126,0.03738427,-0.3542794,-0.4260182,-0.17412202,0.39424756,-0.09147389,0.18959689,-0.04859281,-0.5974592,0.47392252,-0.24395414
protein|APOL1,-0.61884105,0.017370258,0.006831691,-0.039650578,-0.7182783,0.3713346,0.28726983,0.33013833,-0.48063582,0.36159107,0.4294948,-0.25278795,0.09328753,0.76158214,-0.28427067
protein|DPP4,-0.3172153,-0.08165894,0.2045667,0.13362105,-0.55534995,-0.058454264,0.024845742,0.10356459,-0.33839354,-0.24224225,-0.16420531,-0.08369099,0.08750044,0.37893826,0.049823415
protein|CD44,-0.3628106,-0.2647448,0.27909172,-0.5187668,0.10265699,0.437519,0.16045457,-0.2563168,0.02058798,-0.22246587,-0.10577907,0.21772222,-0.3436966,0.30404153,-0.74642736
protein|CRTC2,0.16343066,-0.14681855,0.12736934,-0.019829059,0.057706114,0.44513223,0.3236463,0.3173298,0.027403118,0.011811593,0.15293284,-0.09066442,0.36758056,0.0153777925,-0.0715669
protein|LAIR1,-0.88101315,-0.880396,0.4553229,-0.18876047,0.2539942,0.28975844,-0.12195192,-0.013997714,-0.119813465,-0.36804336,0.41232336,-0.11577146,-0.30329686,0.11270177,-0.56578374
protein|FDFT1,0.17611389,0.23221153,-0.5696637,0.27706212,-0.09188466,-0.3640756,0.26341972,-0.5014615,-0.15236032,0.42338043,-0.38385153,-0.19972187,-0.110620685,0.16943075,-0.16525778
protein|PDLIM7,-0.07502045,-0.02136873,-0.15738133,0.066659346,-0.4560757,0.3402691,0.024779394,0.0760104,-0.3614593,-0.08527696,-0.19199072,-0.67083097,-0.16277695,-0.049130104,-0.013179571
protein|BLM,0.32865724,0.10925461,-0.59838337,0.16169077,-0.34567106,-0.2941501,-0.32023484,-0.65949124,-0.07406364,0.08814264,0.18065679,-0.22541285,0.01468438,-0.4878345,0.5594892
protein|SPTA1,-0.45036316,0.2316366,0.23916495,0.29295903,-0.7502933,-0.39780754,0.27554405,0.3716342,-0.2013192,0.2532932,0.14985453,0.016292034,0.27700242,0.9636021,-0.08625959
protein|SWAP70,0.5497738,0.6521561,-0.814895,-0.11501798,0.20007777,0.1218668,0.1533161,-0.10612571,-0.018447852,0.5333851,0.08169572,-0.43911502,0.5090603,-0.5704655,0.15985107
protein|TNC,-0.48027927,-0.3125658,-0.10199475,0.06178578,-0.13625954,0.28170565,0.036444034,0.14149077,-0.15114783,-0.32530776,0.26290733,-0.3663829,0.14940014,0.4607396,0.036400676
protein|SLAMF7,-0.38196346,-0.4228903,0.5987566,0.06389364,0.42248982,-0.16120537,-0.64886266,0.026679559,0.23232849,-0.09102442,0.20767231,0.33368042,-0.5562057,-0.47207627,-0.22769982
protein|FBXO4,-0.062301323,0.31498617,0.19551456,0.0066812024,0.05886106,0.19732253,0.28549516,-0.042117205,-0.09865065,-0.22642894,-0.19492488,-0.23543008,-0.20260651,-0.13504256,0.15679495
protein|IGF2BP1,0.009659343,0.063049525,-0.3529728,0.11101772,0.17473885,-0.0134539865,0.13838491,-0.014893836,0.36310425,0.06015462,-0.28710192,0.018658565,-0.03965741,-0.019254727,-0.2447566
protein|THBS2,-0.44631836,0.13332783,-0.10199887,-0.121936224,-0.28834033,0.5670175,0.42666277,0.4350932,-0.44715732,0.048369102,0.26188022,-0.48982683,0.24457557,0.74310654,-0.14651845
protein|FBLN5,-0.07733134,0.03615604,-0.13180637,0.31438395,-0.58513546,0.4887348,0.040015005,0.34559938,-0.6566877,-0.07414564,0.045993693,-0.7890661,0.3648988,0.7068328,0.23926714
protein|RING1,-0.36809263,-0.97045666,0.06493973,0.067582406,0.15726902,0.7285193,0.55844295,0.05306111,-0.15796252,-0.2549958,0.10645963,-0.11452042,0.46064886,0.18030211,-0.55123717
protein|EPHX2,0.21836251,-0.25836182,0.52472746,0.7404949,-0.038550332,-0.17283475,-0.044534095,-0.07497468,0.020263396,-0.33225042,-0.6275601,-0.5064842,-0.21552193,-0.23531304,0.21914332
protein|TMEM119,0.04972867,-0.73400867,-0.035876207,-0.13790515,-0.35980564,0.81248575,0.4353898,0.14746535,0.20528044,-0.46755973,0.285308,-0.60175556,0.57843465,-0.10172153,-0.1847383
protein|FKBP11,-0.08107047,-0.13593256,-0.2338649,0.26489037,0.05889164,-0.28709084,0.088306464,-0.22197177,-0.17762674,-0.108972624,-0.39946923,0.1699613,-0.34547275,0.46258572,0.122863434
protein|PTGIS,-0.2991693,0.16291055,-0.2841895,0.16832538,-0.2792202,0.39296094,0.338631,-0.07732958,-0.26163685,0.09475227,0.12520711,-0.48948988,0.2600543,0.13688251,-0.1606473
protein|ALCAM,-0.17497043,-0.005957707,-0.11793934,-0.04773735,0.10363636,0.40496606,0.28979468,0.4748739,-0.02235452,0.3543043,0.08155419,-0.005621658,0.30140004,-0.058149002,-0.39336145
protein|C7,-0.36266685,0.15745962,0.44464228,-0.04051894,-0.6790454,-0.094188504,0.110767566,0.23007603,-0.2129426,0.24889977,0.39518544,-0.18296126,0.2751553,0.71255815,0.25339743
protein|ITGAV,-0.71283793,-0.24095416,-0.22608006,-0.30017957,-0.43661594,0.6690412,0.36699447,0.45337412,-0.5136109,0.04504147,-0.06831764,-0.43429774,0.26718804,0.61238664,-0.65076584
protein|C4BPA,-0.45047885,0.69421315,0.2055254,0.013450033,-0.74009323,-0.028104475,0.20260091,0.4001005,-0.36036435,0.4835287,0.30496946,-0.21262677,-0.05020221,0.9058096,-0.12307131
protein|LPCAT2,-0.62558186,-0.049782168,0.24889338,0.09890972,-0.31589574,-0.44771495,-0.7822855,-0.47679844,-0.3239084,0.1056368,0.35970905,-0.018133847,-0.8316892,-0.017943867,0.29401812
protein|C11ORF31,0.03643406,-0.61310846,0.8990234,-0.28698185,0.4276772,0.22419962,0.09259029,-0.24305588,0.3843367,-0.58655,0.065534815,-0.29210946,-0.10037385,-0.58518016,0.071714416
protein|S100A10,-0.17386708,0.39091846,0.38725662,-0.82914996,0.06715669,-0.18973047,-0.40295225,0.28320074,-0.8749114,-0.094607376,-0.10596141,-0.3572954,-0.34966764,0.05747572,-0.09124557
protein|H3F3B,0.38539362,-0.64730036,0.38121682,-0.32607964,-0.07968186,0.24777336,0.09124755,-0.35378262,0.34095472,-0.40291303,0.28189102,-0.07330691,0.33271435,-0.7147144,0.37709028
protein|RB1,0.40314394,0.41478643,-0.43488625,-0.61749935,-0.087431766,-0.28000438,0.036690284,-0.4986655,0.3181938,0.18829545,-0.3014969,0.571382,-0.13892238,0.25742376,0.17375033
protein|ACADM,0.52066106,0.29046583,-0.71883947,0.60757554,0.50092095,-0.6576543,-0.14771602,0.27672434,-0.042939838,-0.037177265,-0.48732492,-0.028656786,-0.24792254,-0.3744769,0.42313746
protein|EPHX1,-0.24802718,0.12380232,0.0666817,1.1105754,-0.3269154,-0.50981975,-0.56613827,-0.09639252,-0.5566418,-0.041791476,-0.14681472,-0.60381883,-0.69844073,0.065644614,0.20498714
protein|TBCE,-0.15720157,0.31950897,-0.0022889657,-0.16995685,-0.6381437,-0.15723266,0.036351148,0.113668464,-0.34220824,0.01587436,-0.30912513,0.048065975,0.10141474,0.48257145,0.07100328
protein|TCF20,0.10569293,-0.33393878,-0.38642302,0.039489437,0.2942982,0.26285172,0.42609373,0.11496676,-0.035441685,-0.033607487,-0.33535185,0.15474382,0.01195198,0.15574723,-0.055543847
protein|TCF4,0.36901465,-0.12972377,-0.05431837,-0.0618782,0.37100235,-0.12400624,0.4671298,-0.13803038,0.26691023,0.030693203,-0.6212203,0.4221669,-0.22080584,0.090497084,-0.14633271
protein|CP,-0.70773935,0.4437173,0.3078475,0.010290319,-0.9077591,0.05640103,0.19118106,0.16193822,-0.47185218,0.30996343,0.45095697,-0.19453874,-0.00667873,0.9862577,-0.10674864
protein|PIAS1,-0.06178873,-0.8936102,0.12668502,0.17635106,0.18159737,0.17098887,0.34517488,-0.06001122,0.47890756,-0.24336809,-0.1679801,0.37125573,-0.12408296,-0.023647506,-0.3233676
protein|A0A804F6T5,0.2590463,0.09739414,-0.12949522,-0.13433811,0.07159303,-0.2583934,-0.11239555,-0.37557068,0.048588283,-0.015303168,0.3412438,-0.12973484,-0.08996408,-0.3868982,0.33530375
protein|CSTA,0.008198541,-0.33405462,0.5680951,-0.30368245,0.04881386,0.36236814,0.078840494,0.23393036,0.074532725,-0.37458292,-0.25090945,0.049029995,0.18123767,-0.41772762,-0.3053787
protein|COBLL1,0.42783743,-0.0035127068,-0.09473863,0.158815,0.26694107,0.012059734,0.0823019,-0.03788416,0.31988543,-0.1565549,-0.0728405,0.048180915,0.044088777,-0.10882467,-0.18791221
protein|EPB41L3,-0.35326675,-0.33033118,0.11232501,-0.10485555,-0.36475313,-0.045628324,-0.8845146,-0.2755089,-0.14855121,-0.38882098,0.30124182,0.02805193,-0.6151522,-0.027725704,0.11580685
protein|HIST1H4A,0.2168994,-0.44260967,0.5407544,-0.540703,0.25580338,0.2549511,0.3479115,-0.056456868,0.2694695,-0.35617155,0.028530737,-0.15057705,0.3171169,-0.5299354,0.065495886
protein|LAGE3,-0.3998407,-0.65084624,-0.12894432,-0.12753947,0.09355477,0.7333355,0.73838943,0.27818683,-0.20043671,-0.3392167,-0.09997852,-0.14909074,0.5701171,0.38478965,-0.49311936
protein|SP110,-0.045459878,-0.5257018,0.41312045,-0.33456057,0.39493874,0.24123526,0.15581466,-0.23016821,0.14468732,-0.6034079,-0.010488689,0.081371434,-0.14206451,-0.21258907,-0.46182787
protein|SCRN1,0.07518416,-0.4682122,0.14338678,-0.14201541,0.0851747,0.33574662,0.32750583,0.3338051,0.06020571,-0.04661906,0.18453601,-0.1465601,0.6134881,-0.102801055,-0.18620215
protein|C8G,-0.6079385,0.37885392,0.101426475,0.104229204,-1.070183,0.13991545,0.21176103,0.07194264,-0.3965971,0.41389006,0.5343603,-0.26883042,0.17422567,0.81545776,-0.13152142
protein|EMILIN2,-0.5578475,-0.3122933,0.3445038,-0.19178726,0.010599926,0.15611744,-0.33028135,-0.03337739,-0.19876745,-0.4088215,0.22522338,0.4059715,-0.25452703,0.5405402,-0.3526083
protein|TUBB2A,0.19973385,0.2102702,-0.37063855,-0.33339447,-0.14228368,0.103388935,0.22032127,0.24590512,-0.20488702,-0.15528171,-0.049188457,-0.15401064,-0.060500976,0.40094498,-0.24347708
protein|FAM96B,-0.32504135,0.07349455,0.32747298,0.40718877,0.23988888,0.10227818,0.46349177,0.29220253,-0.04903426,0.4666545,0.019173626,0.25786096,0.27606577,0.088613376,-0.5698318
protein|SZRD1,0.08308168,-1.0649027,0.25079408,-0.37311628,0.53003645,0.58639747,0.41521433,-0.06689089,0.3612034,-0.50834197,-0.055378754,0.17333297,0.34183124,-0.38927352,-0.50846285
protein|APOB,-0.54012555,0.44166562,-0.020293841,0.06443653,-0.7696066,-0.04824302,0.08019962,0.1914537,-0.53821117,0.2913453,0.15784296,-0.16051222,-0.15275589,0.9164607,-0.21604407
protein|MGMT,0.28227347,-0.16618055,-0.002926477,0.026929727,0.48600993,0.081159994,0.23224461,0.41589966,0.316716,-0.106472604,0.04253315,-0.32367,0.38946187,-0.4716039,-0.045945317
protein|ASF1B,0.28597528,0.13269797,-0.88385665,-0.14720424,-0.03384162,-0.13260856,0.32479617,-0.29504064,0.07767406,0.47861978,-0.29033464,0.23414998,0.07882023,0.23204182,0.24342318
protein|BANK1,0.4277172,-0.185156,-0.13326183,-0.07618905,-0.20000994,0.13845815,0.29338518,-0.6598963,0.20353566,-0.09872242,-0.28538284,-0.067354955,0.1803071,-0.08904862,0.16676737
protein|HAUS8,-0.17728074,-0.5614236,-0.10839722,-0.22981024,-0.1567984,0.41727915,0.33772564,0.09565253,0.025966633,-0.23571661,-0.17475317,0.19559027,0.39066082,0.2671793,-0.4348802
protein|CTSL,-0.59810805,-0.7040503,0.35804784,-0.17597683,0.4796073,0.4322413,0.1741304,0.32273415,0.24834009,-0.37819993,0.16752553,0.16184339,0.062065415,0.024807014,-0.77182496
protein|SOD1,0.32324082,-0.61145663,0.5124651,0.0641226,0.87776214,0.4504168,0.29221517,0.38133293,0.547216,-0.2715556,-0.11646062,0.2242032,0.31204444,-0.3710512,-0.44169277
protein|FAM213A,-0.011535466,0.25031862,-0.08161373,0.49736637,-0.15073283,-0.51388466,-0.54937243,-0.32061228,-0.36641952,-0.13429743,-0.010503396,-0.5572006,-0.54994535,-0.26671526,0.4511901
protein|PLXNA1,0.13304904,-0.053238764,-0.07204916,0.048448697,0.2879078,-0.12928464,0.21316056,-0.26617065,0.20602226,-0.14752752,0.016796388,-0.0063411416,0.07619949,-0.10773763,-0.16495775
protein|CTPS2,0.47582164,0.4826702,-0.48945504,-0.06564445,0.4310694,-0.06666829,0.091793,0.12992623,0.08332422,0.7209273,-0.067424044,-0.25468895,0.21834634,-0.39344844,0.047682576
protein|FUS,0.5369451,-0.47976542,-0.079173684,-0.655376,0.87493163,0.5936876,0.6508513,0.30151168,0.5777346,-0.23630594,-0.2981486,0.47995102,0.33829406,-0.26341048,-0.5727475
protein|H0YAY3,-0.13669644,0.44726095,-0.09182492,0.0645393,-0.17028753,-0.138025,-0.32920495,-0.33813867,-0.18008472,0.4357196,0.2252147,-0.4487947,-0.11211357,-0.4223114,-0.072558574
protein|STOM,-0.9523813,0.16079175,0.4346551,0.65627205,-0.7287191,-0.5425554,-0.50063235,-0.051765937,-0.43715948,0.068581186,0.53352046,-0.08210194,-0.39959064,0.52062446,0.123431705
protein|DBI,0.30397642,-0.40044007,0.27290016,0.099616855,0.2993274,0.03058787,-0.27261955,0.21819167,0.23493938,-0.0058217817,0.28078017,0.30490044,0.25452837,-0.9559608,-0.28063795
protein|RTN3,-0.22821152,0.18260038,-0.078013785,0.29329374,-0.2370536,-0.12713264,-0.13716692,-0.22372808,-0.2582559,-0.15014273,0.18607272,-0.23974472,-0.4841483,0.37141386,0.16005746
protein|HRG,-0.71708095,0.027423287,0.2467028,-0.14462386,-0.615686,0.13745023,0.36894104,0.42981592,-0.26429442,0.37616283,0.33924532,-0.071893446,0.14197746,0.9301617,-0.34199536
protein|ASPN,-0.2761793,-0.052570067,-0.114331454,-0.18063158,-0.47542673,0.23498781,0.14184023,0.22107051,-0.36317712,0.0230156,0.002490644,-0.4922821,0.2824158,0.5645274,-0.12873875
protein|UBE2F,-0.16115671,-0.8996081,0.54866314,0.295459,0.49989998,0.25885546,-0.20201975,-0.33703062,0.2836206,-0.50071573,0.018653058,0.022828165,-0.26041514,-0.33699578,-0.43405533
protein|METTL7A,0.42424983,0.4582518,-0.1809973,0.7780816,-0.22489752,-0.28665093,-0.16449818,-0.059344027,-0.22388342,0.037219476,-0.17984034,-0.662336,-0.13179639,-0.28641048,0.5388234
protein|P51608,-0.017776784,-0.98961014,0.85698986,-0.17829114,0.25092998,0.56506,0.14881018,0.20057747,0.22206265,-0.66997933,0.4220638,-0.42391706,0.45915952,-0.42327133,0.02919111
protein|SRSF2,0.102937095,-0.9924518,0.19025536,-0.38952965,0.7722085,0.5130441,0.75365543,0.2866966,0.81719524,-0.31606242,-0.28602558,0.5649136,0.28589037,-0.20410618,-0.666884
protein|YAF2,0.15292954,-0.5660802,-0.067622826,-0.32240546,0.19281729,0.26463386,0.18260634,-0.1958995,0.13611263,-0.3681253,-0.081352,0.1330274,0.3970487,-0.07235889,-0.016036928
protein|TTR,-0.23405613,0.3194045,0.5022703,-0.4653524,-0.46816173,0.21862176,0.20092256,0.36699417,-0.26923177,0.14986396,0.62116694,0.051467087,0.0046590627,0.37761056,-0.17225216
protein|ITPK1,0.30854177,-0.37092006,-0.060514163,-0.23573433,0.5392647,-0.13996352,0.3529064,-0.1549201,0.65810615,-0.07006855,-0.31559202,0.25392178,-0.24463847,0.20669144,-0.0856688
protein|CD300A,-0.72978836,-0.48940155,0.452677,-0.21378206,0.120258726,0.32401928,-0.087376826,-0.23783371,-0.39533705,-0.37284544,-0.017227422,0.0014111772,-0.39812034,0.6862658,-0.30451187
protein|OSTC,0.2340342,0.71235484,-0.21598831,0.45620435,-0.35072023,-0.61566895,-0.18671584,-0.24323535,-0.2646583,-0.05687947,-0.10494534,-0.40661874,-0.53959537,0.009113138,0.5873682
protein|SNRPC,0.41873112,-0.40208742,0.13535623,-0.32536653,0.95191514,0.5148632,0.4337746,0.23296441,0.4363079,-0.28802124,-0.20234998,0.4738074,0.3243256,-0.33878708,-0.37174678
protein|MRPS18B,0.024867862,-0.46930552,-0.30078584,0.30999905,0.58268505,0.33481795,0.48316824,0.10227541,0.083259724,-0.22880106,-0.7804645,0.13711078,0.030538358,0.20138583,-0.44295704
protein|VPS52,0.14885424,0.18008028,-0.43770543,0.2818586,-0.28432378,-0.45666847,-0.3313943,-0.2915393,0.15096985,0.25409293,0.23752609,-0.6412271,-0.2725851,-0.25267366,0.5306372
protein|SERPINH1,-0.6762203,0.22835645,-0.5749109,-0.14418729,-0.78448784,0.3260349,0.19936417,-0.036817502,-0.5156249,0.06254868,0.007397134,-0.56393266,-0.15589565,0.7531343,-0.16387697
protein|RBCK1,-0.13002886,-0.7593017,-0.21138786,-0.18481965,-0.25763258,0.060567684,0.29028347,-0.23037352,-0.14309815,-0.3533413,0.32178712,-0.23586032,0.6476359,0.059537176,-0.088198215
protein|MRM1,0.31768328,-0.11649155,-0.22940835,0.50202584,0.17451757,-0.15214038,0.027849475,-0.34449592,0.16416539,0.08856372,-0.3477651,0.18882546,-0.35844654,0.060448285,-0.2850531
protein|TXNDC5,0.0063695316,0.03570347,0.061023,0.16232789,0.06473866,-0.021366706,-0.012428406,0.09847894,-0.11586985,-0.12017656,-0.3547387,0.11791306,-0.24892399,0.010198213,-0.0024888257
protein|SH3BGRL3,-0.2235045,-0.8981402,0.78244454,-0.18734372,0.23868185,0.41693088,-0.030387625,0.020395562,0.1603521,-0.6342558,0.21485719,0.03546711,-0.027819911,-0.54105794,-0.28883785
protein|HIGD2A,0.19553024,0.1651793,-0.6274074,0.78506446,0.2087103,-0.28196847,-0.0036796122,-0.2797893,-0.07396259,-0.054463726,-0.22105128,-0.23440671,-0.49694687,0.30574733,0.036267973
protein|CYBB,-0.76793265,-0.2628181,-0.00011463917,0.029527608,-0.38168538,-0.31049955,-0.7879113,-0.09739657,-0.074273475,-0.050507456,0.7342414,-0.10311914,-0.4980512,-0.18807976,0.048593406
protein|LGALS3BP,-0.7440023,-0.32258573,-0.04578453,-0.111350164,-0.10515311,0.38506934,-0.04777253,0.4784624,-0.30747798,0.11131401,0.3811345,-0.19925235,0.035676662,0.15108612,-0.5829683
protein|C5AR1,-0.22312531,0.113034286,-0.28400642,0.23600958,-0.6350442,0.027889103,-0.093168,-0.019636663,-0.20362636,0.08957052,0.2579203,-0.5924547,0.0026504556,0.02343493,-0.07468514
protein|HIST1H2BO,0.13542531,-0.9762129,0.5504781,-0.42116708,0.2907836,0.2919474,0.5233225,0.08802201,0.7071727,-0.38262436,0.1889856,0.22538793,0.40016901,-0.40633166,-0.11081989
protein|HSDL1,0.0782898,0.2635685,-0.73783535,0.32703102,0.12347431,-0.44472197,-0.16904712,0.15497622,-0.04735672,0.29141468,-0.2688922,-0.4129268,-0.025669284,-0.027350754,0.29827517
protein|MYH14,-0.21211663,0.23160903,0.14212722,0.30166382,-0.41556844,-0.15986691,-0.31654763,-0.35445672,-0.2760899,0.19555755,-0.051349822,-0.7209385,-0.27850193,-0.33693564,0.40026253
protein|TSPO,-0.26060918,0.022020772,0.04198182,0.25092456,-0.13808295,-0.5032937,-0.76575947,-0.064541295,-0.1541739,-0.11325144,0.25948578,-0.090017974,-0.6947444,-0.32436532,0.3309464
protein|SERPINF2,-0.5247274,0.14727794,0.41222543,-0.16387446,-0.43257305,-0.19890992,0.26327425,0.34068382,-0.15854432,0.1393687,0.25466767,0.1676655,-0.20455837,0.69989717,-0.3497873
protein|CD5,-0.29751164,-0.9169441,0.72616506,0.03552422,0.14547104,0.22707196,-0.16796887,-0.030369725,0.33528745,-0.60207605,0.21053125,-0.35922363,0.009960674,-0.15845975,0.010782261
protein|RAB13,-0.3403815,-0.24008209,-0.22933428,0.17439748,-0.3943126,0.08561919,-0.08822275,0.21217757,-0.43094397,-0.10117678,0.06954451,-0.35473773,-0.05098529,0.46346542,0.2490144
protein|UBE2D3,0.13668726,-0.4238874,0.014849796,0.040433276,0.56513494,0.25420326,0.18277442,-0.16120179,0.098054074,-0.1935891,0.00479876,0.31602314,0.10281297,-0.2961559,-0.14585096
protein|SDF2L1,-0.24116835,-0.39306018,-0.1351824,0.311891,0.32022014,0.12456235,0.16313118,-0.036997095,0.27160916,-0.42742187,-0.32505774,-0.15907885,-0.45890284,0.109770335,0.04710302
protein|ATP5I,0.40440965,0.47144818,-0.47584406,0.63918614,-0.035567313,-0.5756961,-0.29373333,-0.06251539,-0.27379248,0.14024164,-0.42052183,-0.088763736,-0.40497008,-0.12787008,0.19550644
protein|SLC25A5,0.55275536,0.5774344,-0.9080546,0.50171393,0.16843931,-0.55231917,-0.2258424,-0.17134158,-0.084912226,0.24637355,-0.33377942,-0.042216264,-0.35735336,-0.07990173,0.3290459
protein|RBP5,0.48248538,-0.2500348,-0.09287486,0.3098552,-0.14361104,0.21422267,-0.26130617,-0.3739074,-0.20744078,-0.3684388,-0.12932357,-0.8248332,0.07780612,-0.08497038,0.3032397
protein|SERF2,0.16812015,-0.77083164,0.002540944,-0.029974911,0.50286996,0.40391007,0.67749685,0.16217421,0.7253229,-0.28172523,-0.032720674,0.7217941,0.30991083,-0.2523904,-0.44093263
protein|ACTB,0.2902762,-0.2701665,0.47754785,0.094756015,0.31161255,0.23971294,-0.31649476,0.1686285,0.33044058,-0.094350256,0.48321342,-0.20947863,0.0072921356,-0.896272,-0.095333666
protein|ACE,-0.48008588,-0.2988835,0.21931317,0.07607482,-0.07781128,-0.23888601,-0.5878726,-0.33331507,-0.30890536,-0.07655745,0.21862255,0.047225654,-0.6507728,0.14272279,0.030649032
protein|BLNK,0.38650244,-0.25463274,-0.10656657,0.013629525,0.5103477,0.090250544,0.42027435,-0.11786317,0.30935946,-0.0027759057,-0.52917844,0.4276897,0.052360922,-0.27639902,-0.2262724
protein|SELENBP1,-0.36986962,0.0026902272,0.48163787,0.79621154,-0.5296437,-0.25509357,-0.20484893,0.11074169,-0.24505973,0.030189965,-0.23588471,-0.27346137,-0.07561751,0.5809534,0.06354904
protein|RAB29,0.29838595,0.3065919,-0.013826486,0.060924392,-0.19568975,-0.44822878,-0.267563,-0.4754764,0.024243347,-0.10752966,-0.25707856,0.1484536,-0.5450395,-0.018825682,0.3133581
protein|PQBP1,0.20573837,-0.53389776,0.22461765,-0.2291643,0.84730023,0.5476859,0.556445,0.34654477,0.5775541,-0.36544883,-0.36760432,0.53143793,0.16685493,0.06561681,-0.58204037
protein|TXNDC17,0.22768135,-0.16587557,0.089577496,-0.0032375413,0.36242244,-0.08658619,-0.2661756,-0.2502564,0.33787006,0.05246424,-0.1126296,0.17682631,-0.17674759,-0.5820843,0.094397835
protein|TGFBI,-0.615568,-0.18083239,0.056603733,0.054848522,-0.42718586,0.1825669,-0.18650652,-0.025221739,-0.3946878,-0.29904962,0.27196935,-0.6289657,-0.0437455,0.4576867,0.21960028
protein|SERPINC1,-0.49477354,0.43263605,0.51668227,-0.21499503,-0.7626361,0.1639378,0.16519496,0.49922106,-0.27583715,0.46765274,0.33403474,-0.045880314,0.012212801,0.7486824,-0.12782674
protein|UFM1,0.0329466,-0.273829,0.6200572,-0.2929903,0.9357365,0.32623258,0.011428509,0.057162788,0.26659468,-0.13193536,-0.18593873,0.23283724,-0.26420608,-0.4127316,-0.6046044
protein|H0Y9Y3,-0.29702047,-0.42007342,0.06522779,0.023776159,-0.45340806,0.2552671,0.15894188,0.16402076,-0.50993896,-0.35299516,-0.07237769,-0.4154803,0.17468566,0.4058391,-0.008500355
protein|TFEB,0.13351835,-0.48929602,0.027244464,0.19297212,0.4474637,0.124266826,0.392326,-0.026376609,0.56962526,0.14538454,-0.23651591,0.18885314,0.1720708,-0.30599177,-0.26613304
protein|GSTZ1,0.23436935,0.30651644,0.05721768,0.5495649,0.058259156,-0.3559614,-0.11743215,0.26932994,-0.037046097,0.13352178,-0.35724416,-0.0728677,-0.03695217,-0.065997936,0.0069724745
protein|PSAT1,0.11118179,0.30036092,-0.63367873,0.19481762,0.12393352,-0.44514284,0.11175474,-0.15388025,0.12604357,0.08204936,-0.39987072,0.2837476,-0.3733546,0.35586753,0.030882457
protein|FGL2,-0.4961259,-0.3188265,0.49521467,-0.22237375,0.0056631444,0.1403149,-0.3434023,-0.10949018,-0.32980797,-0.5001018,0.36029407,-0.30899948,-0.09356122,0.07893616,-0.0129149305
protein|TYMS,0.057612088,0.19760944,-0.6281427,-0.31192246,0.44044748,-0.2564238,0.38306794,-0.5276899,0.24190505,0.20056704,-0.62502706,0.36733845,-0.14991124,0.34416288,-0.018595733
protein|APOE,-0.63513196,0.09226838,-0.1907154,0.17131534,-0.15201846,0.4438737,0.04608522,0.35743976,-0.24254858,0.37707835,0.64443934,-0.12921898,-0.10838781,0.5096382,-0.67614114
protein|CD22,0.24382868,0.080945894,-0.24744184,-0.046133704,0.038263574,0.45241022,0.49324355,0.043684512,0.25861916,0.3682359,-0.014268637,-0.34281844,0.5756541,-0.13433027,-0.09609167
protein|ISLR,-0.4209347,-0.29088384,0.098683536,-0.4104528,-0.13147356,0.7712696,0.4502641,0.26084408,-0.14298175,-0.07525813,0.122776315,-0.28203982,0.48986736,0.03786339,-0.49564898
protein|DERL1,-0.58034736,-0.32005674,-0.0917891,0.6819475,-0.2326538,0.32638782,-0.048573717,-0.08709045,-0.13043341,-0.27413127,0.032792848,-0.24501961,-0.17338176,0.3886953,-0.4929799
protein|CPVL,-0.4883532,-0.46969667,0.4473473,-0.07850799,0.032417707,-0.12866116,-0.2871037,-0.10293572,-0.4225385,-0.3875876,0.13038659,0.005489411,-0.4882814,-0.06671253,-0.0044319406
protein|M0QYT0,0.5561683,0.37767726,-0.5945855,1.0223433,0.41079244,-0.43470317,-0.1555715,-0.032033302,-0.055729438,-0.02042249,-0.6222108,-0.47946948,-0.57131153,-0.1497182,0.34076384
protein|COL6A2,-0.5675136,-0.41119185,0.095736235,-0.30275625,-0.1925505,0.72384965,0.07088038,0.38259223,-0.41347805,-0.31841114,0.354627,-0.47510356,0.3437189,0.5581501,-0.1789845
protein|RCSD1,0.31477085,-0.49746197,0.15545692,-0.1753937,0.4503044,0.6167013,0.3733698,0.27331102,0.3184204,-0.41465443,0.009241086,0.12522756,0.5198874,-0.36988032,-0.027775677
protein|CD58,-0.41870725,-0.31129655,0.12246028,-0.20535307,0.022442216,0.34070596,0.39857325,0.14794803,0.35066652,0.09754833,0.041385442,0.23734668,0.32473794,0.075111866,-0.43147728
protein|NVL,-0.018932795,-0.53706646,-0.6379221,0.07419997,-0.17983599,0.030237552,0.32454938,0.011426426,-0.044677675,-0.09878287,-0.24108617,0.2172246,0.25590488,0.64010876,-0.20629139
protein|SLC25A6,0.5764654,0.5887214,-0.83043957,0.65273225,0.3604504,-0.59547,-0.25860858,-0.35105443,-0.0983054,0.22424139,-0.55476266,-0.27759355,-0.66563505,-0.09239961,0.39729786
protein|MYDGF,-0.07266569,0.37257257,-0.2869064,0.22772801,-0.3800312,-0.3322134,-0.5565131,-0.30791962,-0.22547522,-0.08219832,0.1299153,0.027436359,-0.52443016,0.046231933,0.44464737
protein|LMCD1,-0.2750836,-0.045358784,-0.07281637,-0.6870444,-0.2638005,0.5603437,0.20467511,0.32512823,-0.5893519,0.0023175497,0.14717148,-0.6137834,0.17229694,0.2870962,-0.36255133
protein|Q5SRN5,-0.23569764,-0.3811226,0.116753094,-0.1948172,0.06636941,-0.09510136,-0.23118617,0.14410341,0.0395672,-0.14775683,0.25229216,-0.10447266,-0.21038073,-0.44211563,-0.22871694
protein|HDDC2,-0.30737007,-0.023103638,0.4500534,0.22017246,-0.18139473,0.12827979,0.36814746,0.2615985,0.10537637,0.17772762,0.31281236,-0.011497927,0.68939257,0.09651094,-0.10800852
protein|YBX3,-0.32433143,-0.58219814,0.1505313,-0.32887986,0.14497116,0.58346194,0.49963793,0.17509736,-0.047809318,-0.34092376,-0.49872905,0.38341248,0.3421881,0.34042975,-0.4685393
protein|SYF2,0.0013493377,0.2518053,0.58987385,0.4883747,0.06738939,-0.19453041,0.16018923,-0.16909459,0.27363113,0.2347226,0.32921535,0.09917292,0.13079387,-0.037320722,0.2259091
protein|SMAP,0.2573905,-0.7869089,0.22397359,-0.040975515,0.495396,0.32648298,0.4135151,0.012206902,0.6199444,-0.29302764,-0.072285764,0.40648988,0.2796708,-0.40027696,-0.31185803
protein|PDLIM3,-0.45902452,-0.28368944,-0.21809122,0.07800483,-0.46105036,0.28150225,0.4844559,0.0821419,-0.10996948,-0.010398251,-0.01601237,-0.41816545,0.44831538,0.3704046,-0.18594338
protein|CLIP2,-0.16886975,-0.19532722,0.06052128,0.10978301,-0.112295836,0.20099361,0.12853345,0.041051626,-0.017757861,0.19073473,0.134413,-0.24867865,0.32337683,-0.277389,-0.29376876
protein|SLC1A5,-0.24593368,0.15218465,-0.5083183,0.14500378,-0.21780433,0.0746248,0.3683028,-0.24442337,-0.2147258,0.23727669,0.06731515,0.29532683,0.14865083,0.8186251,-0.028702984
protein|BCL11A,0.38254574,-0.4164907,-0.2318434,0.044020638,0.08523295,0.2194075,0.7214903,-0.0780901,0.12421435,0.06462256,-0.32824573,0.15091974,0.67617327,0.1734828,-0.21088749
protein|FUCA1,0.39797685,0.0014464665,-0.19125736,0.51116,-0.11477035,-0.3151532,0.0813184,-0.42700303,-0.09746581,0.0035436605,-0.4059114,-0.54169554,-0.019934706,-0.1856361,0.4333114
protein|A2M,-0.38251182,0.57673967,-0.11844359,-0.09403792,-0.7972932,-0.08290262,0.09552876,0.19337915,-0.5326453,0.25374663,0.36751825,-0.13474713,0.049632583,0.9923961,0.048280485
protein|MRPL34,0.091447785,-0.6652946,0.14864866,-0.047723547,0.66705143,0.34245008,0.5119937,0.2369892,0.4098552,-0.21039039,-0.40169764,0.49201933,0.10688723,-0.00994676,-0.61343586
protein|TAP2,0.10258145,-0.19678535,-0.10590077,-0.045744233,0.24060039,-0.12409266,-0.3468572,-0.109931454,0.06036676,0.2525318,-0.034301806,-0.10318457,-0.12028842,-0.29312626,0.35708034
protein|DNASE2,-0.50185996,-0.8319847,0.3494059,0.025867539,0.4938935,0.3233687,0.0031707373,-0.12771425,0.27018833,-0.56505877,0.09051365,0.22746001,-0.2988495,-0.13450733,-0.63330823
protein|GLRX,-0.26247472,-0.2904593,0.58215517,-0.1413997,0.72076756,0.28073126,-0.36118945,-0.16185674,-0.041212857,-0.07594687,0.2343741,-0.12895864,-0.3797506,-0.3134056,-0.50662005
protein|RFTN1,0.30036265,0.17057884,-0.6888043,-0.029739847,0.06786456,0.23905218,0.17990734,0.25672862,0.009996762,0.29226637,0.2959491,-0.5655672,0.6481466,-0.57662666,-0.03780399
protein|IGHD,-0.18558127,-0.09624132,-0.1436722,0.21775743,0.0029900142,0.3258284,0.34208483,0.54592,-0.022005487,0.12631725,-0.25463447,-0.02041309,0.24907269,0.3132706,-0.0057819723
protein|CIRBP,0.21682021,-0.6157362,0.044329964,-0.6022128,0.67002183,0.25734863,0.5875988,0.3157391,0.27525774,-0.16408148,-0.3875921,0.17809848,0.66197,-0.39924586,-0.14961794
protein|SPG20,-0.48007745,-0.7661526,-0.06306451,-0.37838972,-0.10096839,0.28914586,0.06809478,-0.17974795,-0.5884273,-0.3829272,0.061259266,-0.18721706,-0.2741489,0.24336398,-0.21750872
protein|PRKCDBP,-0.286416,-0.5306051,-0.07972272,-0.047126662,-0.33158052,0.3524041,0.43204194,-0.03783369,-0.3134328,-0.2887576,-0.15630414,-0.37347507,0.10306586,0.3567372,-0.21139331
protein|HIST1H3A,0.42066395,-0.29770148,0.12808068,-0.5234999,-0.11950244,-0.023539796,0.18320328,-0.1740163,0.36947262,-0.18619947,0.3058994,0.1060316,0.3926766,-0.6015339,0.41478288
protein|LACTB,-0.358281,0.25542727,-0.24875624,0.61294746,0.03307276,-0.6679245,-0.71472996,0.09129853,-0.23463264,-0.102624595,-0.1183894,-0.32296017,-0.771819,-0.08656592,0.15398031
protein|ABRACL,-0.3086544,0.14794976,0.21869856,0.09558081,-0.011517072,-0.3975586,-0.087774016,-0.15359697,0.17602254,0.45775056,0.507974,0.05415844,-0.027751694,0.22161485,-0.052875776
protein|DHFR,0.3202028,0.28986266,-0.80082333,0.0008805444,0.19725738,-0.2737597,0.23343666,-0.16809109,0.3058626,0.50150746,-0.42459005,0.44762838,-0.13553068,0.12178353,0.16305572
protein|ICAM2,-0.00017132837,-0.12236504,0.3568431,0.24533777,0.24991862,-0.08591736,0.30632445,0.004510886,0.36760452,0.051288616,-0.13221769,0.16885503,0.040068805,0.23724413,-0.24644978
protein|LTBP1,-0.39014882,-0.23018348,-0.2866815,0.036251098,-0.4395744,0.5321708,0.35273668,0.40316096,-0.39372966,-0.0429905,0.15195756,-0.35960782,0.30282217,0.57106465,-0.4382931
protein|GSTK1,0.18407728,0.25328124,-0.26762336,0.74266994,0.029549504,-0.5416645,-0.68479615,0.23561957,-0.42038468,-0.011959109,-0.11199992,-0.5451702,-0.4502495,-0.5903929,0.34783825
protein|FBN3,-0.39533234,-0.3410751,0.002284687,-0.10966362,-0.33227548,0.55076957,0.3326634,0.36863798,-0.34501344,-0.21473387,0.17520726,-0.49250814,0.66809183,0.4577593,-0.26283044
protein|APOH,-0.5435991,0.18334946,0.15100263,-0.21877879,-0.36885127,0.40256152,0.44509542,0.58522815,-0.33795574,0.42903107,0.4532459,-0.24661972,0.19436148,0.7776342,-0.41827297
protein|LAMP2,-0.46148887,-0.48497257,0.39829084,-0.33430365,0.72183794,0.46566042,0.03979646,0.341704,0.19168842,-0.25925598,-0.021373672,-0.18139602,-0.19083673,0.042342965,-0.68932223
protein|EWSR1,0.23289372,-0.5676315,0.30563068,-0.51648825,0.6410661,0.5585057,0.41088393,0.5574306,0.34808552,-0.2884354,-0.09723027,0.20214376,0.2414072,-0.51861185,-0.48367497
protein|HSPA1L,0.576284,0.5947407,-0.31334925,-0.40504798,0.2930395,-0.20291133,-0.23765157,-0.08532086,0.09661303,-0.0062679737,-0.040380213,0.32839447,-0.17602128,-0.4628465,0.23301293
protein|CYP51A1,0.14645782,0.376938,-0.5821601,0.5088228,0.060312245,-0.35369962,0.15809716,-0.28248668,-0.099788256,0.37371367,-0.5220651,0.08876634,-0.19075441,0.0773697,-0.002919601
protein|PRDX3,-0.061992846,0.18983898,-0.71288055,0.9851218,0.1779956,-0.5594612,-0.15671745,-0.119088955,-0.27933645,0.14673749,-0.711003,-0.4596295,-0.59929717,0.13508406,0.082326286
protein|EVPL,-0.28926384,-0.20963742,-0.16409685,0.007946881,-0.49723995,-0.18558894,-0.010276628,-0.25637072,-0.36605865,-0.33556646,-0.37863627,0.12386643,-0.1298576,0.33416885,0.12658015
protein|BPGM,-0.43048593,0.23930773,0.48270372,0.19851062,-0.31119066,-0.39886436,0.05748739,0.10447015,-0.11673605,0.24514863,0.26228702,0.20001465,0.06758375,0.566526,-0.11425193
protein|CYP27A1,-0.44394192,-0.11317396,-0.32965413,0.62487507,0.04267189,-0.42780346,-0.17818502,-0.040314004,-0.20864809,-0.022601068,-0.19555108,-0.4519621,-0.5200027,0.011330942,-0.0070123635
protein|SGPL1,0.17114782,0.25062266,-0.3258065,0.25297627,-0.27352142,-0.40837625,-0.557744,-0.5708909,-0.34310064,-0.116185226,-0.040352162,-0.6697795,-0.55016756,-0.32747886,0.609972
protein|MPP1,-0.39564103,0.28299338,0.10376122,0.24389625,-0.43699697,-0.6315781,-0.34893113,-0.022722026,-0.09260403,0.35039315,0.790121,0.09331643,-0.2868881,0.4178944,0.20209473
protein|HADH,0.7914132,0.5211385,-0.7903229,0.9821281,0.34996605,-0.5152411,0.035368137,0.15830363,-0.16640396,0.1910957,-0.70583576,-0.11064538,-0.33869338,-0.16743183,0.39952946
protein|NARS2,0.31995943,-0.059307486,-0.8335902,0.7815439,0.41197625,-0.05895093,0.21587111,0.19149084,-0.6027473,-0.07097045,-0.6442573,-0.115110494,0.07424278,0.10774861,-0.16695833
protein|KIF2C,0.25879857,0.07604977,-0.9550126,-0.35815555,-0.13664691,-0.2199718,0.26521274,-0.46639675,-0.07823519,0.32847324,-0.15642056,0.4528451,-0.018438248,0.43225467,-0.018803775
protein|IFI30,-0.5305187,-0.7476318,0.058327798,-0.061260574,0.32519466,0.23183635,0.28040934,0.020856386,0.11736519,-0.3205899,0.13644758,-0.027673233,0.00941014,0.111242786,-0.42613527
protein|TMA16,0.39240038,-0.30702496,-0.016956076,-0.38780123,0.6994751,0.14754775,0.53851277,-0.012511556,0.49710193,-0.31454805,-0.50797874,0.62160677,-0.040336207,-0.143256,-0.031571753
protein|GPATCH4,0.109875664,-0.35675663,-0.51621276,-0.09721309,0.19021648,0.24037822,0.70500445,0.19171318,0.46194816,-0.31296575,-0.451791,0.6262204,0.14727196,0.1753851,-0.25281236
protein|GRID2,0.32371956,0.35093865,0.040491007,0.4444705,-0.12706168,-0.4565293,-0.18478711,-0.44671804,0.06691518,0.33312625,0.430202,-0.28722167,0.16317812,-0.3588878,0.55865574
protein|SAP30BP,0.018032858,-0.7848263,0.18002851,-0.029725682,0.62473303,0.4460449,0.7088445,0.33924097,0.6237141,-0.2755848,-0.3012189,0.37479624,0.22392671,0.04921539,-0.61248326
protein|GNG12,-0.32280606,-0.49305087,-0.06368014,0.4519455,-0.4595485,0.33037317,0.23973536,0.35675204,-0.8033431,-0.14814779,-0.2707183,-0.583048,0.11746684,-0.010586829,-0.17647009
protein|TGM2,-0.6266673,0.035215333,0.33713514,0.16496332,-0.32007825,-0.100334175,-0.6398092,-0.15176886,-0.55726916,-0.16194618,0.4704702,-0.5331672,-0.67910665,0.22068799,0.16459468
protein|MRPL3,0.39968392,-0.11360278,-0.298106,0.16505066,0.643062,-0.25704625,0.3206903,-0.20501319,0.2067686,-0.093787074,-0.9130481,0.02899307,-0.3585261,-0.028335497,0.029266143
protein|UBQLN4,-0.48782226,-0.78040844,-0.011898048,-0.2212485,-0.013133005,0.7069099,0.53154975,0.1549032,-0.27207914,-0.2315977,-0.14116992,-0.3518976,0.42756015,0.41895133,-0.37499058
protein|HK2,-0.2504447,0.09291322,-0.26508096,0.15837541,-0.033442795,-0.066247016,-0.15757544,-0.27906504,-0.14370999,0.105306126,-0.34290645,0.17210881,-0.34274864,0.59081507,-0.19391014
protein|EVL,-0.041494947,-0.89370483,0.6319423,0.11271886,0.30286235,0.21381824,-0.27051634,-0.03681341,0.2519371,-0.7010258,0.37743267,-0.4698597,0.1890548,-0.7477733,0.19136998
protein|UPP1,-0.4615918,0.07703482,0.05941747,-0.014391661,-0.03186155,0.059828706,-0.30471116,-0.2949532,-0.34715927,0.058948204,0.44135508,-0.089605905,-0.22382398,-0.015370144,-0.17988446
protein|COX6C,0.19032726,0.034068882,-0.3623358,0.7785799,0.12006074,-0.5511402,-0.39845815,0.09899853,-0.22996593,0.20889513,-0.42604795,-0.21698324,-0.53497535,-0.3496618,0.015858086
protein|C3,-0.46171197,0.59271324,-0.05892156,0.0047539193,-1.0125538,0.18652055,0.16644304,0.3039524,-0.5602392,0.3467538,0.42475644,-0.51177484,0.037321165,0.9116778,0.0044350005
protein|NPEPL1,-0.21588746,-0.5098336,0.019661384,-0.14339761,-0.2518022,0.5081235,0.1212648,0.42679206,-0.44727147,-0.14850909,0.15148772,-0.17962888,0.15974174,0.2585604,-0.36651117
protein|CPM,-0.63245666,-0.24978976,0.20683408,-0.21678896,-0.0020117534,-0.15070347,-0.5506375,-0.017806973,0.10159101,-0.23133685,0.45553356,-0.16764759,-0.48785397,0.04560015,-0.041700587
protein|TSPAN10,0.15928507,-0.09480289,-0.20272647,0.0027700723,0.1131354,-0.38012263,0.2921808,-0.6639546,0.2476048,-0.028862398,-0.43080676,-0.03070269,-0.007617929,-0.10617353,0.4073281
protein|DAXX,0.47568423,-0.46501493,0.20915663,-0.2876247,0.64265275,0.31959292,0.35194597,0.062031183,0.75700665,-0.23698464,-0.3122572,0.48704955,0.12389533,-0.3366889,-0.43756387
protein|EZR,0.6671579,0.21431954,-0.41617322,0.11064357,0.06663451,-0.18249242,-0.13812622,-0.16834602,0.18421404,0.10792845,0.012187744,-0.33207405,0.27424836,-0.77366906,0.6599253
protein|WDHD1,0.2985495,0.63465816,-0.6795466,-0.16868415,0.05477848,-0.25251192,0.35618186,-0.31075966,0.079789475,0.23878407,-0.1888713,0.71210897,0.08512176,0.24889518,0.0404124
protein|ASNS,0.32673383,0.512949,-0.76481736,0.17485307,0.06759259,-0.23605548,0.09870206,-0.3364262,0.094983794,0.39389238,-0.27167553,0.29970187,-0.2412145,0.36092496,0.107723564
protein|ELP4,0.24504408,-0.6110435,-0.27265507,0.10654482,-0.13552478,0.3038316,0.43490988,-0.23527803,0.14451721,-0.14181572,-0.038861085,0.22168201,0.26595083,0.2757976,-0.12601843
protein|RPL36AL,0.013485413,-0.89818025,0.3560343,-0.28116587,0.52525663,0.22891729,0.4331228,-0.11611195,0.6328936,-0.50304717,-0.34551793,0.45234504,0.13980165,-0.124006666,-0.2565666
protein|CLPTM1,-0.3388096,-0.42467687,-0.36362457,-0.03519322,-0.38112375,-0.12287799,0.17138444,0.013568593,-0.16853306,-0.15721844,-0.22093423,-0.05593016,0.19196941,0.4083585,-0.16300076
protein|FAM126A,0.13261865,0.7363356,-0.26983154,0.29375726,-0.061008554,-0.27625376,-0.22601856,-0.10889218,-0.13521656,0.41376948,0.32897007,-0.31847385,0.054674715,-0.27652746,0.27377322
protein|SUMO2,0.32653332,-0.53019714,0.45863998,-0.46078864,0.6187873,0.3049188,0.24070983,0.2807874,0.60922784,-0.3485628,-0.06877836,0.6194156,0.07285545,-0.60748345,-0.4394412
protein|MBD1,0.07288408,-0.84494597,0.03808933,-0.39769328,0.35083446,0.41633517,0.587753,0.22816402,0.21583563,-0.23631549,-0.26174244,0.1560639,0.23324488,0.112779275,-0.20431289
protein|GALNT2,-0.042801633,-0.0032963457,-0.4330581,0.3347334,-0.01672098,-0.027704613,0.041719396,0.11475483,-0.1275982,-0.0050222576,-0.25814116,0.17613022,-0.057291973,0.39101702,-0.08958876
protein|ACSL1,-0.43432358,0.37301582,-0.2909169,0.7283786,-0.10792947,-0.6223411,-0.63887024,0.12926401,-0.3592038,0.12360301,-0.12216887,-0.13313071,-0.79897994,0.12924337,-0.14126763
protein|AFM,-0.28532732,0.074619055,0.07831644,-0.1312313,-0.34294945,0.35150138,0.0026252496,0.43198013,-0.15413833,0.14598219,0.26949516,0.062337995,-0.0065731015,0.48825374,-0.34001008
protein|GYS1,-0.08182055,-0.009105071,0.04055747,-0.25182614,-0.045803882,-0.3683719,-0.31156307,0.02469355,-0.20484015,0.13452978,0.104489334,0.04032435,-0.13141595,-0.19074525,-0.12256761
protein|RNPS1,0.38044345,-0.47526643,0.22956823,-0.5946381,0.69296324,0.23844424,0.44013098,0.33975855,0.7318403,-0.2659937,-0.16180187,0.7084275,0.16086787,-0.19925876,-0.31277826
protein|SUB1,-0.20922762,-0.72840595,0.86113876,-0.016562736,0.2975684,0.24214217,-0.02207125,-0.3024793,0.15588146,-0.67185044,-0.066695355,0.12528534,-0.2254673,-0.047134418,-0.26463392
protein|NDUFB5,0.25221506,0.33743116,-0.71403146,0.9155236,-0.11176196,-0.74667484,-0.389789,-0.31735435,-0.26657587,-0.076640226,-0.5636904,-0.5642618,-0.436538,-0.11053478,0.38226727
protein|MIEN1,-0.11874449,-0.33563793,0.052123368,0.13070177,0.21288885,0.5637918,0.08585711,0.2799976,0.0629582,-0.1799479,0.016925804,-0.0376793,0.20066428,-0.2378231,-0.3298194
protein|LPCAT3,0.123132594,0.2590834,-0.30166298,0.65770864,-0.15957461,-0.57728773,-0.59465915,-0.3208,-0.13031895,0.04322155,-0.017681614,-0.27991545,-0.5101656,-0.38026413,0.53068507
protein|ANPEP,-0.7589444,0.015182,0.039389785,0.16189116,-0.34592965,0.040921204,0.041130725,0.13127197,-0.54003173,0.20181018,-0.15996726,-0.30450904,-0.25357503,0.3984304,-0.22441518
protein|ANKRD28,-0.17019151,0.15296732,-0.20216678,0.075646006,-0.18833308,-0.5629157,-0.40961763,-0.42750785,0.107569225,0.3165662,0.2799708,0.018686619,-0.4265862,0.0137444,0.30391443
protein|TNXB,-0.24116161,-0.41945013,0.2655129,0.048164967,-0.27493697,0.4885839,0.3514328,0.11048035,-0.71500796,-0.35057953,-0.29992396,-0.32127455,0.631987,0.2077837,-0.21317029
protein|CYCS,0.2176996,0.033400435,-0.47886872,0.43743977,0.6180022,-0.27275953,-0.30177203,-0.051267065,-0.12990351,-0.0035735026,-0.62806964,0.15859804,-0.5087828,-0.13849236,0.14290291
protein|KIFC1,0.26605672,-0.2935651,-0.5237718,-0.2344564,0.42153054,0.42806387,0.56730103,0.22110426,0.5310832,0.15921332,-0.40081748,0.26124427,0.12048465,0.10984329,-0.31415483
protein|GCC2,0.10011919,-0.14149143,-0.34458718,-0.09271467,-0.1638835,-0.51601774,0.12602867,-0.29899544,0.12994796,0.2272272,-0.039966762,-0.0021514953,0.14066088,-0.10485036,0.2137694
protein|ITGAX,-0.20740896,-0.17728151,0.0170753,-0.008885165,-0.46464765,0.17609385,-0.17512976,-0.22000708,-0.10881245,-0.037465703,0.26838887,-0.49941212,-0.10437798,-0.3700091,0.083448276
protein|GM2A,-0.3635188,-0.20054105,0.33803236,-0.03645089,0.567052,-0.108647764,-0.5149035,-0.032842997,0.35418588,-0.29686815,-0.018813945,0.17678383,-0.6473058,-0.2872504,-0.20257661
protein|LIME1,-0.2864634,-0.60193783,0.19815579,-0.059055075,-0.035991374,0.5772307,-0.033489063,-0.14739077,-0.117464446,-0.3744285,-0.061966345,-0.1324353,0.021070227,0.25414282,-0.33277392
protein|CACYBP,0.69185364,0.45236498,-0.6071685,-0.27897686,-0.13629119,-0.37493727,-0.27499995,-0.50439763,0.24242362,0.26032043,-0.09517579,0.39878884,-0.25488606,-0.17662333,0.37106743
protein|FCGRT,-0.50786597,0.16953053,0.11891447,0.3464278,-0.039581418,-0.2972075,-0.3638189,0.04414685,-0.2047027,-0.16663967,-0.17068349,-0.21961191,-0.4024118,0.30589673,-0.15228899
protein|UBE2L3,0.17201063,-0.44524702,0.4389068,-0.271374,0.8472773,0.51672786,0.15539423,0.057294436,0.51150286,-0.44200945,-0.13253565,0.20794894,0.08568468,-0.45209193,-0.25855583
protein|TIMM8A,0.09744341,-0.038281377,0.009937493,0.46001795,0.7455092,0.16873986,0.15622449,0.19387431,0.010298313,0.04843536,-0.64206725,-0.14804722,-0.21122979,-0.07708633,-0.6340582
protein|PLGRKT,-0.1640011,0.33689457,-0.4292441,0.30478597,-0.29405835,-0.5791707,-0.15756595,-0.34724963,-0.17600024,0.2062365,0.095685594,0.07962723,-0.44555062,0.09317686,0.04349973
protein|FSCN1,0.20010556,0.057911437,-0.2907264,0.053765744,-0.66120374,0.21222156,-0.088318035,-0.25380716,-0.22939849,0.17159988,0.025656246,-0.58605784,0.11448571,-0.27992135,-0.02190731
protein|MARCKS,-0.13338298,-0.46874282,0.31218854,-0.5219713,0.22692132,0.49236333,0.21447992,0.12706435,0.10853112,-0.44774625,0.04021874,0.15569076,-0.05612922,0.033320982,-0.64323294
protein|H0YKJ4,-0.37455902,-0.35348102,0.13064879,0.5425951,-0.48325536,0.24971175,0.14339232,0.27014616,-0.35826704,-0.27537903,-0.38996902,-0.56955826,0.16263096,0.639536,-0.015942538
protein|PIP4K2B,-0.066040635,-0.02674423,0.02133774,-0.6696606,0.14206667,0.53822887,-0.013486661,0.22343495,-0.2721876,-0.0957464,0.48952815,-0.42437252,0.5398722,-0.5390252,0.20195764
protein|CAT,-0.47011533,-0.010961008,0.6740653,0.42343175,-0.30153787,-0.16466781,0.11508559,0.46979746,-0.090352684,0.08798222,0.049397685,-0.0005112725,0.20980752,0.62164116,-0.27799568
protein|CDC2,0.35410824,0.38113046,-0.97321784,-0.40205747,0.08375449,0.04111419,0.35926935,-0.40967944,0.09204908,0.4342213,-0.39695835,0.49681252,-0.18834327,0.41201013,-0.059081774
protein|UBE4A,-0.20273367,-0.21832743,-0.28579536,0.16651885,0.510902,-0.19291033,0.10965395,-0.51116884,-0.042012345,-0.048860926,-0.06678267,0.10776693,-0.34058148,0.31401116,-0.5498379
protein|GLS,0.5039387,0.34575745,-0.6600823,0.2799772,0.490501,-0.48092756,0.07104531,-0.40196902,-0.058908727,0.065580085,-0.3795008,0.04010924,-0.29783216,0.014051551,0.18191126
protein|MAPRE2,0.49394763,-0.3345808,-0.20261885,-0.20176712,0.5001872,0.11728818,0.14922032,0.0067692897,0.15760687,0.028274262,-0.3385304,0.31064072,0.14601025,-0.34169364,0.29004738
protein|SRM,0.19481385,0.23408552,-0.5833069,0.008114258,0.0038661065,-0.3244353,0.121593386,-0.52014905,0.121766016,0.33251178,-0.28302404,0.4626801,-0.32024944,0.3890583,-0.04088903
protein|OAT,-0.1674815,-0.10334598,-0.79549384,0.25013372,0.09619658,-0.16954538,0.048361585,-0.16143309,-0.28315297,0.092833884,-0.13909082,-0.1420405,-0.22029541,0.0670415,0.00985826
protein|OPLAH,-0.21971391,-0.21661445,-0.21409318,0.6245368,0.118589714,-0.078594394,-0.042209253,-0.2775907,-0.20260991,0.15527658,-0.08317257,0.1350239,-0.31463856,0.06719841,-0.20292166
protein|KNG1,-0.51700026,0.46545687,0.3686903,-0.23729368,-0.4297455,0.27168918,0.35428903,0.5690255,-0.15749282,0.34175205,0.4592193,-0.01741512,0.0515303,0.8204383,-0.314521
protein|CD7,-0.37942657,-0.7699796,0.63257325,-0.008622634,0.19973642,0.03813628,-0.025096973,-0.118003316,-0.0133511275,-0.699357,0.23430806,-0.51194966,-0.3740135,-0.2024038,-0.22734115
protein|CBX5,0.7007144,0.08499291,-0.58817136,-0.4829419,0.16387357,-0.08756699,0.52634823,0.07877653,0.3705344,0.18631633,0.0022254037,0.1713452,0.3732274,-0.32433048,0.3298091
protein|RPLP1,0.34063688,0.18159942,0.22698182,-0.48319653,0.50098276,0.08593704,0.007922537,-0.18995783,0.38089663,-0.10123807,-0.3200876,0.5032146,-0.32792476,-0.17742501,-0.37523347
protein|TUBB4A,0.13310054,-0.12333891,-0.24224046,-0.099381976,-0.13286787,-0.3603592,0.02859434,-0.24740049,0.17258114,-0.20172314,0.053760797,0.36467722,-0.35902414,0.27038,-0.12623253
protein|VCAM1,0.021245103,-0.40883818,0.35005,0.27447033,-0.30294737,0.23052907,-0.12266198,-0.055768106,0.13844767,-0.46421075,0.28617486,-0.20148039,0.013541169,0.12326898,0.2739329
protein|STX11,-0.5195796,-0.24072042,0.23670784,-0.10290366,-0.07859505,-0.20042504,-0.6590271,-0.45771646,-0.193105,-0.2774991,0.8586359,0.026185157,-0.37403372,-0.22711208,0.30569866
protein|PTGDS,-0.18692504,-0.028943708,0.24788189,0.016096622,-0.24760248,0.18539873,-0.025732426,0.14430726,0.23405969,0.09005305,0.4251063,-0.119273484,0.08730669,0.010899681,-0.27401322
protein|NIPSNAP1,0.25022358,0.0089491075,0.06153751,0.7766965,0.36016247,-0.32874584,0.028388934,0.12747392,-0.005258931,-0.18120293,-0.6184567,-0.28043485,-0.258335,-0.17152269,0.12051438
protein|COTL1,0.1288225,-0.13776071,0.5176733,-0.03805362,-0.04675877,-0.1310779,-0.66590816,-0.5682975,-0.038442783,-0.3941654,0.5353444,-0.60143775,-0.22538848,-0.8372541,0.50823957
protein|NT5C3A,-0.023097554,-0.46861327,-0.017264267,-0.092703626,0.09811136,0.5182907,0.24317919,0.13116539,-0.15904178,-0.097225115,-0.22914143,0.013829593,0.45682484,-0.24228396,-0.2095291
protein|EHD3,0.2565105,0.18761007,0.06517543,0.48253712,0.0065279086,-0.0643145,0.1132161,-0.36392063,0.13103124,0.14809301,-0.09629108,-0.23495367,-0.08925675,0.24177818,0.11729084
protein|INTS3,0.0747321,-0.12153822,0.13353465,-0.08560482,0.023909746,0.07201093,0.2763607,-0.1867572,-0.15219514,0.011758973,-0.41428635,-0.040564246,0.14093879,0.09494199,-0.14342701
protein|FOXP1,0.54406375,-0.1076114,-0.15062316,-0.16504985,0.12600131,0.05972811,0.30205956,-0.25534078,0.44817314,-0.03469599,-0.3055951,0.4437124,0.039314076,0.07967073,0.003899073
protein|S100A6,-0.62447214,-0.11921868,0.72801304,-0.2789875,-0.35242754,0.020273093,-0.3232449,-0.018195692,-0.6561795,-0.02292696,-0.34222212,-0.24937037,-0.07284143,0.07922394,-0.22012526
protein|ACOX1,0.10012462,0.22796987,-0.6490117,1.195328,-0.06626041,-0.54650897,-0.14921243,0.0787521,-0.29402766,0.13115077,-0.8488277,-0.26746756,-0.33937973,0.15665822,0.075512454
protein|PTAFR,-0.352488,-0.050955363,-0.018893406,0.2859915,-0.055126928,-0.038100448,-0.39935496,-0.15377526,-0.05607114,0.15916775,0.15424302,-0.20826085,-0.5240409,-0.101639986,-0.108847186
protein|ZC3H4,0.0059539997,-0.94042635,0.058361318,-0.11810908,0.550526,0.5510902,0.5998684,0.070005685,0.1553053,-0.34763473,-0.14008732,0.2991627,0.4572248,-0.21750799,-0.57622564
protein|AGT,-0.34929886,0.5488159,0.25291473,-0.09531664,-0.6488639,0.024818763,0.14014307,0.21368912,-0.24349263,0.523834,0.3686028,-0.07351795,0.13819672,0.70821464,-0.1069118
protein|TOR1A,-0.18385528,-0.12507911,0.02463815,0.410113,-0.15899728,-0.21231368,0.07063482,-0.2350119,-0.3687998,-0.043904915,-0.12400529,-0.3124067,-0.08637779,0.01589709,-0.058435418
protein|MYO1E,0.25864524,0.43906665,-0.6302299,0.27869973,-0.02574928,-0.3460009,-0.04353473,0.10282779,0.076028585,0.17286767,0.043324456,-0.22996394,0.14361493,-0.2572347,0.34038067
protein|ISG15,-0.1414294,-0.18048884,0.16458993,0.065037586,-0.115925215,-0.23174435,-0.3558999,-0.23176259,0.10780546,-0.019184673,0.20473513,0.05551501,-0.08750473,0.03984521,-0.037867732
protein|TMUB1,-0.13898194,-0.35471398,-0.15589258,0.5876909,0.095205896,0.5127625,0.25128353,0.092413545,-0.3896784,-0.20405698,-0.5712919,-0.13839407,0.03321702,0.09295209,-0.5987629
protein|P08133,-0.07488918,0.057393298,0.3770524,0.11280335,-0.3863536,-0.35204902,-0.4817795,-0.41686735,-0.30762434,-0.21587706,0.41749412,-0.5639277,-0.23418115,-0.4866533,0.5627606
protein|HSDL2,0.26375932,0.099233285,-0.6305324,1.0066674,0.07507766,-0.19918185,-0.13398108,0.0711751,-0.25370994,0.027790213,-0.47044456,-0.54515845,-0.06658248,-0.14600888,0.09787881
protein|CCDC50,0.20546725,-0.35894886,0.062296096,-0.25061116,-0.10432073,-0.010706466,0.32556567,-0.30819735,-0.007120388,-0.54809827,-0.32913092,0.27718043,-0.007088534,0.15964969,-0.0327492
protein|PRDX6,0.2785774,0.41427362,-0.0092477575,-0.06400656,0.2285241,-0.037556097,-0.18072902,0.11293644,-0.030495197,0.5487254,-0.060056295,-0.07626477,0.052725106,-0.26459417,-0.022093771
protein|H2AFV,0.2918296,-0.44387326,0.2786947,-0.47988933,0.62896645,0.25536117,0.4096022,-0.07314615,0.34115002,-0.2386712,0.022515513,-0.030548133,0.10647471,-0.3785729,0.025135146
protein|A0A1B0GW05,-0.2807649,-0.4492877,-0.15633418,0.08336228,-0.29252306,0.5532447,0.63679534,-0.06325416,-0.49062258,-0.11558614,-0.1962761,-0.51090586,0.18806292,0.32218572,-0.19797258
protein|CD53,0.31052774,-0.10237059,-0.22061595,-0.17678608,0.07010656,0.22253291,0.015694326,-0.10329724,0.07043377,0.21524735,0.19215602,-0.16466421,0.25035453,-0.35174596,0.1920916
protein|NGDN,-0.04876015,-0.03729357,-0.545794,0.2535483,0.051604923,-0.15691923,0.36908892,-0.4553878,0.2629935,0.0027243367,-0.3017062,0.11684592,-0.16155721,0.4514404,-0.0653416
protein|MAD2L1,0.41790587,0.17210993,-0.8692729,-0.12540327,0.057318468,-0.23864482,0.23561682,-0.73126066,0.15085912,0.3608407,-0.41161275,0.15839563,-0.19978566,0.067509435,0.2047524
protein|RPL29,0.12670447,-0.70182204,-0.07978393,-0.3112117,0.28236857,0.30628687,0.3884722,0.097135685,0.65486366,-0.20366469,-0.2435589,0.79688704,0.2717515,-0.09104523,-0.5840549
protein|AK4,-0.19436875,0.20685852,-0.26038608,0.5119611,0.18015179,-0.37224776,-0.2888128,0.077702634,0.0025698498,0.27639934,-0.5900395,-0.064637706,-0.32235408,0.2980068,-0.121760085
protein|USF1,-0.07227818,-0.6709925,0.08296078,-0.41811937,0.22388019,0.30048296,0.6154544,0.16212289,0.3611964,-0.20424871,-0.19880693,0.14603089,0.29026267,0.08974672,-0.20831348
protein|FLNC,-0.5277356,-0.36788556,-0.06693232,-0.36354062,-0.28846276,0.12915747,0.26619238,0.041006166,-0.4607797,-0.05386093,-0.19161732,-0.25645798,0.3348384,0.3924818,-0.17742208
protein|NDUFA5,0.10952013,0.40652922,0.06532914,0.7836358,0.23601478,-0.09350419,-0.21927074,0.07606418,-0.04023746,-0.06681944,-0.21027869,-0.54584134,-0.28747526,-0.25219542,0.032594524
protein|TGFB1I1,-0.45710218,-0.39285463,-0.023439301,0.2143622,-0.55729616,0.31450272,0.39598265,0.09189543,-0.5864233,-0.4074235,-0.019119244,-0.41350627,0.38574022,0.57652235,-0.32935527
protein|SDPR,-0.22700292,-0.063102104,0.41317356,0.23991148,-0.25191432,-0.13982548,0.17542231,-0.103730455,-0.3062964,-0.07561274,0.047610655,-0.13033617,0.16814525,0.5715937,-0.028332315
protein|EFEMP2,-0.43954518,-0.26176158,-0.3877032,0.06546585,-0.5294352,0.56016386,0.21334656,0.0414765,-0.38198787,0.028077995,0.25423682,-0.52194965,0.4426629,0.32657105,-0.32539898
protein|STMN1,0.66092694,0.21074313,-0.39150786,-0.29147074,0.5813805,-0.10200222,0.48010215,-0.098104835,0.54680914,0.28605318,-0.16739008,0.5498566,0.21759816,-0.2633672,0.036401697
protein|ABHD16A,-0.35950753,-0.0792224,-0.16549902,0.30937734,0.09114963,-0.30339757,-0.02878134,-0.3455257,-0.2004256,0.011867501,0.2111095,-0.09092848,-0.4691282,0.055564508,-0.22079365
protein|CPT1A,-0.100083046,-0.07761772,-0.37339395,0.8691529,-0.21449386,-0.056314502,-0.06604814,-0.11088183,-0.56197625,-0.15577655,-0.60733855,-0.3377022,-0.21045959,0.45612207,-0.011066883
protein|DBNL,0.13793685,-0.46744317,-0.19267997,-0.20852794,-0.092172354,0.16487165,0.20795704,-0.12568906,0.18583319,-0.17505586,0.008838226,-0.07300029,0.37420687,-0.5449595,0.06246444
protein|APOA4,-0.26547357,0.37260056,0.111472145,-0.10863458,-0.21201636,0.21909565,0.12687936,0.4415271,-0.3633695,0.2760967,0.4595365,-0.2993573,0.21125343,0.55906284,-0.13457525
protein|C1QBP,0.29190794,0.20408271,-0.22031002,0.11837978,0.6373334,-0.2689096,0.023543963,0.15246941,0.31288403,-0.16029596,-0.49831936,0.19364715,-0.27143732,0.11115935,-0.016086135
protein|BPNT1,0.4418509,0.24328217,-0.3413603,0.06293508,0.35575795,0.3612747,-0.04719331,0.12154624,0.12725998,0.4504818,0.06580602,-0.49069098,0.4312303,-0.6760439,0.16809401
protein|DUT,0.24779654,0.011311482,-0.45592323,-0.3230692,0.5204576,0.15341549,0.45861077,-0.36300606,0.4257587,0.2719006,-0.33000934,0.7207011,-0.07916098,0.17364419,-0.32158092
protein|MPHOSPH10,0.24825698,0.18036464,-0.6355679,0.45566672,0.20872104,-0.15235794,0.4469044,-0.20492785,0.11541668,0.07732552,-0.47841072,0.4075731,-0.15292266,0.33073762,0.09845102
protein|NDUFB11,0.15981121,-0.26692218,-0.19554086,0.98860514,0.45948747,-0.045574475,0.13211785,0.37951538,-0.05620611,-0.11248811,-0.34414098,0.18108489,-0.3278752,-0.16085783,-0.52732164
protein|TUBB8,0.5544801,0.6771755,-0.30829576,-0.3180881,0.3688345,-0.13931398,-0.27065226,0.22148846,0.07069969,0.27946627,-0.004355629,0.03360436,-0.48388508,-0.101512626,0.21780916
protein|CD200,0.029148808,-0.5206523,0.13897805,-0.0019843313,-0.21593626,-0.22643636,-0.105358146,-0.05708745,0.26753375,-0.33432597,0.23210464,-0.13234589,-0.09000862,0.05798162,0.00650552
protein|HN1,-0.084252566,-0.5052645,0.071363986,-0.02722009,0.59421426,0.4858752,0.5329554,-0.06578542,0.5365305,-0.28092384,-0.26831537,0.4076449,0.029078346,0.10515999,-0.5963882
protein|APOC3,-0.33822224,-0.020974044,0.21248423,0.15067807,-0.32847136,0.48367655,0.18814494,0.41971904,-0.2333704,0.30857655,0.19935265,-0.2192937,0.16793111,0.66851956,-0.45201597
protein|FAH,0.06629993,0.092831254,-0.030251406,0.71931183,0.032216884,-0.05193849,-0.04970722,0.2317733,-0.09816537,0.102426626,-0.14277147,-0.03778928,-0.26440242,0.25844562,-0.24679296
protein|CIC,-0.10771591,-0.30434096,0.009783315,0.14161588,0.12213696,0.060342364,0.34745762,0.05839188,-0.10368569,-0.26286077,0.13914192,0.15421452,0.32648987,0.4314651,-0.41666853
protein|ACADS,-0.25664577,-0.1071521,-0.10880171,1.0154496,0.043103483,-0.49053225,-0.42946327,-0.09477857,-0.42355034,-0.031521592,-0.32925862,-0.26254877,-0.4622536,-0.07437916,0.05618405
protein|CD3D,-0.30805945,-0.60964525,0.6317392,0.22440235,0.051718146,-0.23943947,-0.30008945,-0.22162053,-0.10389987,-0.5019115,0.37580416,-0.44413075,-0.22619483,-0.26175055,-0.0028366568
protein|C1R,-0.48158762,0.4278876,0.00439881,0.078804195,-0.8224838,0.24977185,0.06881075,0.13682485,-0.27647328,0.2228133,0.3226602,-0.5280717,0.0023597367,0.6140152,-0.123269215
protein|ANXA1,-0.7617518,0.1379327,0.4799624,-0.486668,-0.71920973,-0.24935362,-0.24484245,0.0079428125,-0.85624576,0.086087756,0.046226308,-0.2770053,-0.07497897,0.1693218,0.100318916
protein|MRPS16,0.058312718,-0.44613758,0.27631512,-0.09626626,0.76192194,-0.01890704,0.07109789,0.10554768,0.15689783,-0.2179587,-0.60935664,0.26850605,-0.15956494,-0.21864966,-0.67274284
protein|CRYM,0.15974149,0.044100676,-0.008787331,0.22215776,0.051357947,-0.12049789,0.35267195,-0.101305835,-0.01637555,0.18156856,-0.094584025,-0.0061840517,-0.06992402,0.0038461736,-0.0464111
protein|CD74,0.121731356,-0.109045684,-0.18376265,0.017147148,0.25694308,-0.00819489,0.08898295,-0.10030957,0.351288,0.10759918,-0.053808227,-0.110479966,0.17320387,-0.6798512,0.003994921
protein|DOK2,-0.52894205,-0.6721761,0.45298135,0.07471275,-0.19882321,-0.1606644,-0.62193984,-0.47273937,-0.3527717,-0.60890853,0.41601026,-0.27451766,-0.50875187,-0.1295046,0.2518409
protein|THYN1,0.27530274,-0.72910845,0.40566227,-0.18826735,0.50988644,0.35530126,0.16058008,0.21639535,0.39243257,-0.41299912,-0.16105157,0.19340554,0.16589303,-0.48674172,-0.16991404
protein|BCAT1,-0.30344373,0.33054695,-0.035836093,0.3344068,-0.060618103,-0.062930495,-0.23906821,0.13875209,0.14525211,0.3765717,0.16771328,0.14250992,-0.12360953,0.08906487,-0.16964392
protein|NCF2,-0.72921306,0.09180827,0.38263735,0.029352244,-0.116316594,-0.50579697,-0.7256167,-0.26098114,-0.042643625,0.056682512,0.3360795,0.2968221,-0.62116593,-0.13832642,-0.07953506
protein|NT5C,0.19390953,-0.08113641,0.31823015,0.00017222535,0.4537596,-0.17893313,0.082482554,-0.17928293,0.030020108,-0.117324345,-0.0657795,-0.03221563,0.20118083,-0.4853319,0.04484751
protein|C8B,-0.48295337,0.42322505,0.01338045,0.347585,-0.78357905,-0.09266863,0.122851096,0.05040941,-0.4581631,0.38223657,0.3718073,-0.26380405,-0.026952364,0.871307,-0.019741323
protein|TRIOBP,-0.51822186,-0.200814,-0.042872045,0.043856233,-0.54604024,0.37149426,0.042301986,0.04054039,-0.2435045,-0.19342744,-0.004184817,-0.28646085,0.19269486,0.43081224,-0.12416635
protein|CD46,-0.2885976,-0.7282713,-0.04105687,0.30547428,0.22147033,0.49385276,0.22901306,0.09520778,0.124712795,-0.14670606,-0.3877835,-0.21369204,-0.10748252,-0.19531213,-0.39834607
protein|ALDH4A1,-0.044204056,-0.28480342,0.0013485727,1.2580577,-0.11622531,-0.35624883,0.091060236,0.2495639,-0.06796465,-0.15408218,-0.69492644,-0.26358703,-0.22087015,-0.037092954,-0.26469526
protein|DLAT,0.45729575,0.53442013,-0.66649085,0.8001798,0.1166751,-0.74174666,-0.18076879,-0.31331852,-0.2245521,0.13592583,-0.44106776,-0.30196807,-0.5565635,0.08606127,0.45429206
protein|WDR75,0.3008777,0.6045604,-1.0919195,0.3315965,-0.0629006,-0.25592026,0.2754606,-0.37370178,-0.34178644,0.2654994,-0.57820576,0.13941503,0.022289848,0.28465712,0.20105135
protein|ZFYVE16,-0.2759732,-0.27706757,-0.076195896,0.008503626,0.14644599,-0.17078549,0.10177462,-0.25828424,0.09085923,-0.0752686,-0.26023906,0.06419391,-0.19858524,-0.21332026,0.1462359
protein|RRP1,-0.10742044,-0.5476852,-0.42071155,-0.07481821,0.32250413,0.1280755,0.6828807,-0.08087156,0.31525698,-0.11345942,-0.4379769,0.5460426,0.28040612,0.39928126,-0.47297114
protein|MPEG1,-0.055305544,-0.08961203,0.0344963,0.032014467,-0.1451707,-0.43976212,-0.046628676,-0.44120455,0.11313867,-0.13860765,-0.23401602,0.03450659,-0.21607085,0.34507462,0.20809534
protein|MKI67,0.21525754,0.070417434,-0.6568926,-0.377427,0.37804368,0.0069902935,0.5806705,-0.08663937,0.53191435,0.15025385,-0.2148591,0.82117397,0.0010270842,0.2898195,-0.25423807
protein|CAPG,-0.3202563,-0.27768853,-0.15197197,-0.21788146,-0.046549432,-0.022076545,-0.32922634,-0.098163106,0.014661019,0.06279094,0.33415467,-0.24401331,-0.38060218,-0.5709545,-0.19393972
protein|POTEE,0.344215,0.44505358,-0.02402911,0.05972674,-0.42957407,-0.2504995,-0.45707342,-0.46935934,-0.11225474,-0.008882711,0.4640019,-0.15571702,-0.1962145,-0.6976525,0.39483836
protein|CDV3,0.20372985,-0.5765068,0.30253866,-0.25436875,0.7151042,0.43219376,0.36542958,0.16657841,0.6805044,-0.39639923,-0.21297988,0.37863654,0.20666476,-0.3478438,-0.54845434
protein|TPSAB1,-0.018919164,-0.19159865,0.39433846,-0.23749258,-0.39812863,0.04591257,0.23209357,0.059471495,-0.69181985,-0.12706238,-0.4577381,-0.11796754,0.38595524,-0.098919265,0.058704663
protein|ACAT1,0.24726132,0.14719425,-0.628581,1.2673004,0.37880126,-0.37475315,-0.09798567,0.33574677,-0.09011537,-0.11661341,-0.83497316,-0.1773024,-0.49215645,0.17384368,-0.04241369
protein|CSRP2,0.11208302,-0.48763227,0.11663107,-0.037458554,-0.49268177,0.32727078,0.2558507,-0.0076225884,-0.24365325,-0.5477234,-0.032298114,-0.6553705,0.4782678,-0.06382778,0.20024768
protein|ALOX15B,-0.58239317,-0.07572989,-0.03264675,0.19744225,-0.15242684,-0.441613,-0.4520808,-0.24131353,0.11097025,-0.017290257,0.27503526,0.123707496,-0.5289942,-0.06743768,0.018520812
protein|ATOX1,0.10784494,-0.44810033,0.52438766,0.05987299,0.71180904,0.22242203,-0.1550661,-0.049697723,0.49840596,-0.43819323,0.13570304,0.02389165,-0.2089637,-0.4105723,-0.26238918
protein|SERPINA4,-0.52231413,0.4013818,0.021384353,0.02795147,-0.46944517,-0.0967288,0.057400186,0.3981831,-0.19769734,0.37291718,0.08158266,-0.19661908,0.045257445,0.51363736,0.0005542462
protein|PYGL,-0.57410014,0.36883014,0.55692494,0.6391092,-0.42440325,-0.35978684,-0.59422195,-0.06696313,-0.5252924,0.123249814,0.0286745,-0.3457035,-0.4835616,0.103311725,0.14853542
protein|RBM3,0.06450044,-0.73363143,-0.11499912,-0.29015672,0.48957545,0.1701459,0.43732974,0.13874814,0.401107,-0.15313858,-0.32722074,0.35535195,0.35133243,-0.18299837,-0.42495775
protein|IL16,0.38152006,-0.38166708,0.7053285,-0.11083215,0.43844342,0.15560408,0.17912179,-0.35935315,0.45858362,-0.41986704,-0.10511515,0.19846104,-0.031604584,-0.3790915,-0.07685699
protein|RPL37A,0.31663647,-0.12918542,0.11990978,-0.53692675,0.7057797,0.44473746,0.24456301,0.20805502,0.3681808,-0.23944739,-0.20602988,0.4582293,0.123299964,-0.11016158,-0.4611433
protein|RNF31,0.1405105,-0.29083583,0.052293144,-0.122049,0.05888573,-0.3642443,0.0006323195,-0.35708246,-0.06959202,0.014459644,-0.0010209378,-0.060448367,0.02538216,-0.11822738,0.17260067
protein|CRYZ,0.26382384,0.06065581,-0.04559161,0.5928314,0.27875006,-0.31776753,-0.018309062,-0.015644722,0.04687672,-0.091436654,-0.30783984,-0.3341863,-0.23888002,-0.15948398,-0.0038902138
protein|CD48,-0.2801951,-0.4246405,0.6282979,-0.11421893,0.28721994,0.12859894,-0.3997582,-0.1380713,0.46785098,-0.34444207,0.2824173,-0.10898854,-0.4743524,-0.40355313,0.056687325
protein|HMGB1,0.5242519,-0.55789196,0.24409258,-0.40049735,0.5944434,0.25336686,0.23269658,0.1728805,0.7394078,-0.3142846,0.0502427,0.22273955,0.22621854,-0.46074393,0.23378661
protein|NDUFA9,0.24699007,0.43685403,-0.08099122,0.52534586,0.2534951,-0.3301189,-0.24328259,0.061658006,-0.06328262,-0.09391501,-0.13590366,-0.25058556,-0.39082152,-0.13647155,0.25707793
protein|PDAP1,0.270324,-0.5754122,0.28584984,-0.26804534,0.8173686,0.36740458,0.49247742,0.13896878,0.60925657,-0.19845977,-0.27707314,0.44245458,0.19335227,-0.34338075,-0.44785428
protein|PLEKHA7,0.07910715,-1.0416782,0.34961548,-0.27663612,0.29874605,0.09130874,0.35324046,-0.18216722,0.58995354,-0.32846767,0.06689785,0.13563924,0.2550273,-0.23846944,-0.013919295
protein|ZMPSTE24,0.4651524,0.45739096,-0.72183347,0.20277959,-0.41314512,-0.57854605,-0.41058853,-0.27813485,-0.01250766,0.29598752,-0.093254045,-0.0603405,-0.52067125,-0.31466037,0.5960135
protein|COL15A1,-0.68952423,0.2077264,-0.1991489,-0.23870683,-0.49858508,0.1883162,0.15993094,0.006769097,-0.48800918,0.07814588,0.3151143,-0.3063544,0.014578173,0.69207674,-0.050439615
protein|GNB4,-0.47644958,-0.13961804,-0.075604,-0.08319701,-0.19568264,-0.10881263,-0.57978255,0.17632115,-0.23160918,-0.29787183,0.47992858,-0.2067287,-0.30747095,-0.20653759,0.0048657926
protein|SGTB,-0.23311186,-0.52887934,0.06348544,0.0069078193,0.089585945,0.56079996,0.26600876,0.023216143,0.27814785,-0.39781004,-0.17918366,-0.10466363,0.023098433,-0.082811855,-0.43623748
protein|IRF9,-0.24154198,-0.60472614,0.17726354,0.059265148,0.14681493,-0.005523145,0.14515974,-0.34176886,0.22407612,-0.24011931,-0.037169997,0.15496127,0.069492765,0.0015429256,-0.07295533
protein|LIMD1,-0.16028698,-0.8580451,0.20460376,-0.062871784,0.20256697,0.33260766,0.2815597,-0.2009419,0.043621,-0.46017948,0.024279188,0.39166707,-0.0778916,0.20135342,-0.4555168
protein|REL,0.38562644,0.18305576,-0.5353505,0.10418586,0.090935044,0.0020341948,0.2833575,-0.064537264,0.12542948,0.49538228,0.18456705,-0.07462531,0.39608935,-0.41617748,-0.030017644
protein|HSP90B1,-0.06939726,0.3442632,-0.14676633,0.17925629,-0.2306854,-0.3582883,-0.31802914,-0.27559525,-0.16350892,-0.095622376,-0.40062553,0.144576,-0.69758385,0.32559034,0.18268543
protein|NOLC1,0.36439294,-0.060800284,-0.5639231,-0.12059401,0.16839112,0.17678027,0.5191545,-0.0029110468,0.21392855,-0.16069198,-0.5496869,0.72489405,0.3395563,0.365414,-0.17554824
protein|ZAP70,-0.0472551,-0.5457271,0.5378115,0.06987108,-0.2830942,-0.16867259,-0.49147066,-0.30891818,-0.17758305,-0.46993473,0.3107455,-0.6001767,-0.413169,-0.406455,0.30579934
protein|PAK1IP1,0.3641662,0.33735633,-0.2675004,-0.20738813,0.12590276,-0.14653973,0.17124543,-0.22862402,0.24449961,0.11550659,-0.43608326,0.36944094,-0.020692594,0.13889018,0.23162068
protein|PCCB,0.22155032,-0.11626147,-0.14123768,1.1631427,0.021265212,-0.36758217,-0.23267695,0.0059998054,-0.20207469,-0.12788649,-0.70126975,-0.22892226,-0.48140696,-0.0433659,-0.0038518794
protein|C19ORF43,0.22578287,-0.7844482,0.27946553,-0.10387219,0.61332434,0.3979118,0.43583104,0.0010716583,0.66905046,-0.3813545,-0.056185015,0.43852645,0.1862681,-0.25962764,-0.37694648
protein|CLYBL,-0.0751597,-0.026471386,0.031566296,0.99975294,0.14422736,-0.12435014,-0.24057205,0.25005272,-0.35704064,0.0024207784,-0.24859224,-0.23867546,-0.086150914,-0.11134428,-0.023830382
protein|C11ORF54,0.09468269,-0.36999568,0.2775036,0.4278686,0.31601462,-0.06009081,0.10128112,0.008091839,0.37369248,-0.32994008,-0.25567117,-0.08284905,-0.1137644,-0.10970125,-0.0653372
protein|OAS3,-0.45328447,-0.014072566,0.21144262,-0.019372556,-0.17264149,-0.3815095,-0.6704275,-0.4297073,-0.17431554,-0.18453851,0.22575812,-0.23997478,-0.39711925,-0.15400004,0.099933475
protein|GNL3,0.014972322,0.50895625,-0.44618684,0.058626063,-0.27074426,-0.5158198,0.15327567,-0.26859072,-0.07342262,0.12948999,-0.40482056,0.48074213,-0.01119742,0.58108366,0.08988015
protein|H2AFX,0.1981324,-0.7704535,0.4686576,-0.3744202,0.34741962,0.2919195,0.46169606,0.045725096,0.49354336,-0.35257626,0.06805397,-0.012400576,0.41123003,-0.43848675,-0.058647122
protein|NUSAP1,0.26038975,-0.06303315,-0.60164756,0.0137545485,0.09525016,-0.13324834,0.6121907,0.016026556,0.30483636,0.27010453,-0.16035822,0.2626651,0.11979405,0.31946668,-0.29794008
protein|BLK,0.60410273,0.19067349,-0.5982341,0.34444472,-0.08975295,-0.0071635093,0.19601041,-0.053882007,0.014746926,0.31155783,-0.14643463,-0.11512304,0.28235912,-0.17689231,0.20345327
protein|UTS2,-0.21777326,-0.004673298,-0.5576705,0.59424764,-0.20634554,-0.15775082,-0.13595855,-0.31751937,-0.118978366,0.07119968,-0.2864807,-0.17456122,-0.50733095,0.03460468,0.20912156
protein|DENND1C,0.14895356,-0.211168,0.04827041,0.19850464,-0.03890046,0.092133194,-0.13048047,-0.4338657,-0.055930775,-0.4148455,0.2060843,-0.09577118,0.05319938,-0.2768344,0.05275134
protein|PSIP1,0.2673082,-0.5314232,-0.036133744,-0.35949335,0.5324853,0.3847915,0.55573964,0.24354012,0.59938455,-0.22409219,0.16366,0.1091587,0.47029236,-0.44310233,-0.032272063
protein|FAM129B,-0.6795381,0.17553295,-0.21213432,-0.24235126,-0.52558106,-0.13330135,-0.19730456,-0.020074468,-0.49952582,0.28070143,-0.19569442,-0.17217837,-0.19090939,0.3288151,0.0031184766
protein|Q14624,-0.5143822,0.19132628,0.2929768,-0.26048878,-0.64200187,0.2617741,0.3605499,0.30097693,-0.20055051,0.19446804,0.11725204,-0.08131327,0.1136769,0.80433935,-0.28317496
protein|TMEM33,-0.034617312,0.34403247,-0.46053654,0.20288174,-0.1437542,-0.70971155,-0.27292418,-0.5134212,-0.09051604,0.16000947,-0.29135332,-0.11166296,-0.5793149,0.14213084,0.24687065
protein|CALM2,0.031539798,-0.47278902,0.7326556,-0.24068233,0.9403405,0.49913406,0.044673193,0.10927575,0.06389554,-0.27001235,0.0006486547,0.11114752,-0.046417043,-0.5427507,-0.5637093
protein|MMTAG2,0.15029714,-0.5700946,-0.1542476,-0.22852166,0.49093664,0.036824774,0.6398624,-0.06557705,0.38932025,-0.10346481,-0.38150227,0.14055511,0.07012786,0.060746767,-0.17019042
protein|IFIT3,-0.45869932,-0.022968045,0.23134252,0.10979826,-0.09073587,-0.23432887,-0.5852865,-0.20636527,-0.2975424,-0.31166598,0.2545225,-0.23875433,-0.4772636,0.08484224,-0.009961254
protein|GLIPR2,-0.92081374,-0.6692687,0.3732932,-0.13601804,-0.48557797,0.061577808,-0.33304232,0.036723383,-0.31730777,-0.34052056,0.43686113,-0.18462895,-0.073744714,0.07523597,-0.1528062
protein|GK,-0.70217437,-0.022304134,0.006026048,-0.05683745,0.050340246,-0.4112461,-0.7487322,-0.09106148,-0.38223723,-0.04402774,0.35221612,0.031960554,-0.7047984,0.021272324,-0.086940326
protein|FGR,-0.34133843,-0.0947866,0.10457708,0.1695158,-0.34218296,-0.40334982,-0.5252321,-0.36557996,-0.4436414,-0.16402276,-0.032047946,-0.052085955,-0.5874907,-0.06262918,0.15206282
protein|FCN1,-0.37691015,0.2384366,0.37799725,0.15509634,-0.2310554,-0.13188241,-0.30228198,-0.08569929,-0.25936097,-0.024226118,0.3566525,0.02956231,-0.2667947,0.29016545,-0.123225376
protein|FAM129A,-0.21600197,0.05597903,0.14791213,0.022679554,0.10651259,-0.1653531,-0.32029343,0.098544806,-0.13009746,0.25247338,0.28934962,-0.2928654,0.16584773,-0.5193652,-0.01367967
protein|NDUFA10,0.22691557,-0.20388114,-0.33531934,0.8850222,0.14777471,-0.5236828,-0.07562294,0.085873224,-0.28032857,-0.07561921,-0.6238344,-0.5251541,-0.4352517,-0.2866597,0.108584695
protein|CPNE3,0.18041816,0.33330038,-0.17763883,0.043944113,0.21761316,0.10633023,-0.082378566,-0.018411798,-0.06956315,0.3762188,0.17291014,-0.45934764,0.22084095,-0.57987624,0.16973741
protein|RRP15,0.04222168,-0.029483778,-0.32461333,-0.09572196,0.15873311,0.086034,0.25173905,-0.14667217,0.105875224,-0.21057089,-0.7570262,0.25439024,-0.047272168,0.32126412,-0.14490245
protein|RAB12,-0.39176354,-0.13225514,0.449659,0.46151954,-0.21739696,-0.054275997,-0.39413425,-0.16257247,-0.08914212,-0.14066938,0.2696579,0.00065339677,-0.4217197,0.122244656,0.014537819
protein|TIMM10,0.09962803,-0.38859817,0.18285905,0.45629203,0.2609342,0.1927121,0.33145627,0.16081536,0.23217802,-0.09939649,-0.4271089,0.0897006,0.1833192,0.12389124,-0.52660155
protein|SYK,0.5076563,0.50943446,-0.50332326,0.22282493,0.064745486,-0.2918672,-0.047231693,-0.26863807,0.022092728,0.17032845,0.09528902,-0.22202352,0.07714674,-0.42565945,0.37109953
protein|RNMTL1,0.20033218,-0.7035216,-0.122848496,-0.0638247,0.3147361,0.1288697,0.43226966,-0.056925196,0.44369632,-0.4213409,-0.40154028,0.45670637,0.30837455,-0.013543457,-0.38776413
protein|MGST3,0.03030176,0.015300699,0.08721334,0.45306414,-0.15503609,-0.1381179,-0.41520184,0.43167487,-0.6613989,-0.13340378,0.010680282,-0.18849401,-0.35285094,-0.13600658,0.005763909
protein|PSMB5,0.07478203,0.27671424,-0.35599807,-0.11759365,-0.27698544,0.027241427,0.3578363,-0.10376203,0.002415689,0.25027665,-0.601162,0.27287638,0.23156835,0.39884463,-0.017638858
protein|B2M,-0.21357606,-0.27650687,0.39461875,-0.44100726,0.19803548,-0.14824049,-0.37281471,-0.018878235,-0.023637746,-0.28678414,0.07845779,-0.045132868,-0.422571,-0.47549245,-0.07341384
protein|MLF2,-0.28102332,-0.43174374,0.15931506,-0.32329082,0.012317647,0.019759165,0.48241052,0.18842015,0.08478063,0.024805197,-0.26977408,0.35994083,0.3564408,0.1633205,-0.44281498
protein|F12,-0.4117396,-0.084294476,0.0059958203,-0.046120863,-0.3770903,0.25875437,0.45049578,0.13822551,-0.15656179,0.43897352,0.42278358,-0.19943435,0.16935022,0.70378375,-0.052147187
protein|DCK,0.7030312,0.36975014,-0.47003895,-0.133425,0.16832896,-0.19687453,-0.015653277,-0.2735163,0.18752241,0.14949994,-0.09640959,-0.18952502,0.15699069,-0.625842,0.475727
protein|POLD3,0.529116,0.56520087,-0.44538245,0.04392059,0.035248697,-0.066621736,0.3503401,-0.25095317,0.25050932,0.39104292,-0.45508045,0.43619996,-0.0931969,0.029901396,0.10108182
protein|RRM2,0.31277147,0.21709993,-0.74875504,-0.13498798,0.15055051,-0.12686966,0.24760455,-0.40792927,0.103123315,0.34235758,-0.26570803,0.27875832,-0.12265327,0.27884826,0.021856587
protein|PAG1,-0.24432765,-0.5549036,-0.035855714,-0.12972589,0.22455937,0.42454275,0.05353927,0.23527005,0.34932578,-0.17571941,0.33730325,-0.16447407,0.3378975,-0.30959946,-0.11837687
protein|EHD2,-0.24670042,-0.08176951,-0.13752764,0.15808174,-0.42991346,0.1546082,0.27454907,-0.02392435,-0.7905724,-0.14853498,-0.23449007,-0.4469036,0.122355044,0.56668544,-0.089192875
protein|SLFN5,-0.019359749,-0.18008925,0.5008079,-0.018940436,-0.31645307,-0.35732484,-0.6036906,-0.56757635,-0.10989198,-0.32461262,0.3205904,-0.65996146,-0.3045024,-0.4655586,0.5838876
protein|LGALS1,-0.56585705,-0.040423274,0.03666737,-0.78620684,-0.05017948,0.32364577,0.08796809,0.44892597,-0.42795777,-0.0004470147,0.14395586,-0.029473968,-0.024808953,0.17801,-0.45968193
protein|TTC4,-0.03739322,0.20686325,-0.33877087,-0.030276949,-0.10500753,-0.16679956,0.1388797,-0.069918215,0.10342734,-0.10987663,-0.18164903,0.14526069,0.15000564,0.14825487,-0.057860874
protein|PTPN1,0.15871902,0.18681513,-0.11041223,-0.16459905,-0.11548565,-0.18129867,-0.005987631,-0.7172924,-0.1770872,-0.0046267025,-0.36162087,0.26853338,-0.4412863,0.14930394,-0.07534774
protein|GUSB,0.11677801,-0.004096308,0.20571133,0.71060044,-0.048701815,-0.3240125,0.08235649,-0.19142205,-0.15927608,0.058446243,-0.7041648,-0.21626398,-0.1587088,-0.02962153,0.062823206
protein|KIN,-0.021503028,0.22275612,0.09650138,-0.19192769,-0.18954085,-0.53441805,0.3782341,-0.013511848,0.12602763,0.257929,-0.17218535,0.16415341,-0.15653354,0.13749275,0.23135993
protein|PHF1,-0.29042438,-0.58471847,0.14085764,-0.055061284,0.056471493,0.6025905,0.4565844,0.27790892,-0.30933505,-0.31847626,0.1750557,-0.44736505,0.34214702,0.036796562,-0.29934946
protein|HSPB1,-0.35528007,-0.6187418,0.35020727,-0.1642045,-0.119829185,0.40529993,-0.16202019,0.18851629,-0.2356358,-0.28345197,-0.11221484,0.0341851,-0.0924694,-0.14625755,-0.55422544
protein|TJAP1,-0.19194119,-0.66198164,0.0015202555,-0.33579302,0.076850355,0.3574666,0.45134974,-0.04842481,0.2608066,-0.08454041,0.12325091,-0.04374294,0.2673479,0.06500123,-0.27264637
protein|CTDSPL2,-0.3757668,-0.0012144881,0.41666666,-0.08123209,-0.037285987,0.12670943,0.60576415,0.34343055,0.13833632,-0.0102156885,-0.01591606,0.083089076,0.4020603,0.31746447,-0.2665617
protein|OAS2,-0.061772678,-0.02306901,0.07469306,0.06951332,-0.07788024,-0.507213,-0.77590597,-0.4323618,-0.10398355,-0.079211496,0.15365686,-0.09518258,-0.50296575,-0.2717031,0.36720335
protein|CTCF,0.2276659,-0.48849487,0.12612744,-0.5769233,0.36511987,0.12260251,0.37704718,-0.24012262,0.4885267,-0.28505343,0.052773286,0.30644998,0.18536901,-0.2162474,0.25398132
protein|SNX8,-0.1878824,0.2251943,0.032146264,0.05756792,-0.036075953,0.07236486,-0.1144504,-0.36871666,0.07297656,0.22471122,0.16608006,-0.24874185,0.15900293,-0.5093268,0.10527381
protein|GSTP1,0.32687458,0.55140007,-0.26837036,0.019704048,0.108043104,-0.2800919,-0.26169404,-0.020841492,-0.14635131,0.34558287,0.026698302,-0.45289797,-0.06829312,-0.6672683,0.279091
protein|ACY1,0.13268547,0.18905048,0.13534816,0.5541794,0.36104435,-0.13934027,-0.16648075,0.23401566,0.09406272,0.1154555,-0.50795513,0.16484492,-0.3023862,-0.08891752,-0.11392457
protein|RALGPS2,0.30451402,-0.27128342,-0.33178484,0.16775687,0.12523249,-0.012408027,0.22926873,-0.052226845,0.37242782,0.13261548,-0.10834909,-0.03209725,0.33328694,-0.16694148,0.32573807
protein|CETN2,0.36771724,-0.045045294,0.15615337,0.094658315,0.26275772,-0.065260254,0.045552094,0.4117722,0.11884389,-0.012886768,-0.45159784,-0.19798155,-0.019894851,-0.16235231,-0.19619544
protein|PRKAR2B,0.001890837,-0.32305622,-0.20002119,0.04982946,0.18552624,-0.2953004,-0.008659708,-0.0686825,-0.14725536,-0.011954546,-0.034722432,0.075517155,-0.14466725,0.022226885,0.46133327
protein|SUMO3,0.2814788,-0.64554954,0.32938802,-0.21155235,0.5747338,0.37114522,0.16528985,0.20577812,0.55014455,-0.46159154,-0.025662342,0.3063532,0.26760602,-0.60184985,-0.28840035
protein|DYSF,-0.54095984,0.04314679,0.1634829,0.25604373,-0.20091203,-0.44701976,-0.12879914,-0.18346126,-0.15475881,-0.094732516,0.15783958,0.15872796,-0.20622332,0.4633715,0.09772143
protein|WDR43,0.27296883,0.26318836,-0.971824,0.17968768,0.035945833,-0.2969245,0.43595514,-0.42463958,0.13242148,-0.12191218,-0.4090002,0.20903447,-0.011053169,0.16134913,0.20423365
protein|PARVG,-0.14282447,-0.01286336,0.14571248,0.13838078,0.08231058,-0.28421682,-0.31071097,-0.31284124,-0.07904322,0.20434141,0.25518736,-0.30925763,-0.24776368,-0.3845806,0.21283749
protein|PAX5,0.23181345,-0.31765488,-0.19035481,-0.4329614,0.15995356,0.43442008,0.5237219,0.0026165284,0.08918796,0.21688458,-0.22379199,0.1771721,0.5696605,0.033541813,-0.107740015
protein|NFATC1,0.17051981,-0.4085562,-0.24092193,0.02652753,0.1102783,-0.20613506,0.05547559,-0.087780625,0.3568336,0.12160217,-0.09522491,0.42567557,0.20345515,-0.038003303,0.20722239
protein|MMAB,0.044638842,-0.14907265,-0.006840049,0.7450045,0.4300549,-0.12016321,0.19013461,0.32486692,-0.046945777,0.11277378,-0.41690913,0.04164744,0.07612843,0.03945764,-0.504604
protein|NME1,0.43319634,0.3786675,-0.3366865,-0.35873392,0.3009049,0.35578573,0.18712972,-0.1587592,0.016241519,0.043805387,-0.43458602,0.5012158,-0.0013447823,0.07375875,-0.18980908
protein|PRPF38B,0.35105044,-0.41809973,0.046613343,-0.28267226,0.16462335,0.007422281,0.3337665,-0.47233993,0.5965055,-0.395562,-0.10840311,0.14405304,0.041342914,-0.21750505,0.2600324
protein|SIGLEC1,-0.586817,-0.326823,0.47693306,-0.008157272,-0.16886522,0.09302174,-0.39104316,0.10599534,0.19970162,-0.052371554,0.04675355,0.15846206,-0.34318772,0.15720588,-0.28365877
protein|FYN,0.017771738,-0.40662137,0.07133264,0.39852974,-0.098765604,-0.40795842,-0.51219445,-0.49200997,-0.18858077,-0.31600437,-0.03540805,-0.48408014,-0.35199004,-0.14530753,0.32601205
protein|ATF7IP,0.14321655,-0.055216696,0.0055823396,-0.017712884,0.17882529,0.081729874,0.08854261,-0.18822727,0.06726732,0.008081954,-0.11247637,0.21475671,0.20526677,0.024945054,0.050587445
protein|IKBIP,-0.06922261,0.16071497,-0.32035622,0.07188456,-0.087137155,-0.06413551,0.14030677,-0.2788403,-0.24114092,0.0025495857,-0.09316881,-0.20180942,-0.35171193,0.3340672,-0.14413385
protein|RANBP1,0.6605219,0.5437186,-0.14897859,-0.44941303,0.7494275,0.0124858795,0.15570037,-0.22553341,0.3767044,0.1548695,-0.40767044,0.43305886,-0.041741345,-0.17970039,0.056047305
protein|HM13,-0.17096059,-0.14571725,-0.020758169,0.1258898,0.16664672,0.0556794,-0.2838279,0.111864716,-0.19388059,-0.31425977,-0.24575742,0.27065092,-0.5474076,-0.06360466,-0.2794419
protein|CDH13,-0.612942,-0.16972461,0.022976162,0.14248344,-0.0686016,0.30196613,0.33162576,-0.025785102,-0.110163756,0.12432323,0.04209109,-0.05990309,0.23206462,0.46487948,-0.4045777
protein|DCTPP1,0.39820555,-0.07920891,0.045099538,-0.048348386,0.5407718,0.3365653,0.44783828,-0.26518375,0.3655087,0.14741348,-0.4942964,0.17994057,0.005562206,-0.10652397,-0.3446494
protein|ATP5E,0.4274608,0.19695328,-0.44531792,0.7036691,0.45144278,-0.20838293,-0.21932888,0.17785169,-0.12023,-0.039944,-0.5967892,0.032822885,-0.34877908,-0.28683636,0.06990867
protein|P01594,-0.32591632,-0.020557366,0.39672807,0.030043192,-0.2154079,0.0668022,0.17179365,0.060744386,-0.08220241,0.11568822,0.09783774,-0.07120204,0.032048974,0.47034484,-0.14263421
protein|FAM107B,0.31208864,-0.36678582,0.20611781,-0.15289114,0.25435308,0.31183285,-0.0028809174,0.0533263,0.3867922,-0.21610688,0.3311005,-0.061524533,0.16709228,-0.6228983,0.15997086
protein|ENTPD1,-0.12927052,0.061045036,0.029448854,-0.12860988,0.02108875,-0.13764341,0.043782827,-0.32746413,-0.1178481,-0.12243688,-0.12737976,-0.06294841,-0.36416727,0.089007266,-0.08089983
protein|FKBP1A,-0.25281194,-0.8082925,0.31911197,-0.29934585,0.10902772,0.6957476,0.2613345,0.26542476,0.012320049,-0.385586,-0.12866981,-0.024145141,0.3896735,0.17830388,-0.47312987
protein|SLC25A3,0.37901685,0.34630448,-0.90273416,0.69216084,0.07306442,-0.6061462,-0.24992761,-0.10020327,-0.39155093,0.1477802,-0.46956557,-0.34234077,-0.3614519,-0.022726115,0.41325685
protein|ITGA5,-0.9021192,-0.3182892,0.082517646,-0.29907548,-0.17349416,0.1396849,0.05857028,0.23835242,-0.2545902,0.09105119,-0.034470692,0.20583677,-0.103095286,0.46572244,-0.55823225
protein|HSPD1,0.55878496,0.5358025,-0.9323383,0.67927194,0.32761928,-0.5865982,-0.06251054,-0.14012569,0.021291547,0.20945427,-0.6906801,0.07521436,-0.5063822,0.21361946,0.13916026
protein|COX6B1,-0.02930911,-0.6419617,0.08073221,0.41578677,0.8225861,0.12752485,-0.009644372,0.25837722,-0.027322438,-0.28182018,-0.6109514,-0.04424427,-0.4435313,-0.31629902,-0.44587535
protein|PCNA,0.53134084,0.47376582,-0.5956562,-0.47853845,0.2618953,-0.12557423,0.33360666,-0.39696535,0.44290596,0.31699112,-0.45667645,0.5835459,-0.12240525,0.07789376,0.01628278
protein|AKAP12,-0.17848834,-0.43613425,-0.05648661,0.20834701,-0.25710097,0.4089643,0.20916565,0.11182765,-0.39800748,-0.37246737,-0.05676731,-0.14268728,0.32419398,0.36390045,-0.13808903
protein|SPNS1,0.0463203,-0.32368526,-0.2740082,0.19825637,-0.013118819,0.023643428,0.17345636,4.7170994e-05,0.1370794,-0.16686688,-0.15689208,-0.03731016,0.2351863,-0.06095083,0.15194632
protein|STRBP,0.44243887,-0.14336175,-0.4222587,0.08402443,0.5649479,-0.09713044,0.4325246,0.16110268,0.4452892,0.027384492,-0.31528962,0.053049337,0.37378582,-0.38579154,-0.04189075
protein|SLC2A3,-0.46916118,-0.22779156,0.47671106,-0.008612258,-0.31541738,0.044979323,0.010465371,-0.35068998,-0.022048803,-0.04965154,0.4933038,0.045927007,-0.047724504,0.011662148,0.073300615
protein|TM9SF3,-0.012609018,0.56213427,-0.61799616,0.385379,-0.34800068,-0.55864114,-0.25108144,-0.16435714,-0.28613946,0.20073909,-0.14230321,-0.2666954,-0.36544207,-0.028970726,0.47729123
protein|HABP2,-0.12966964,0.3359999,-0.0952423,0.004867065,-0.32623345,-0.33153623,-0.63711447,0.07189105,0.011928677,0.06127386,0.32980967,-0.030849135,-0.48127195,-0.34962317,0.08439964
protein|GLUL,-0.49570796,-0.18413982,-0.021350041,-0.17393775,0.105564654,-0.08620529,-0.14228871,-0.10450284,-0.111694455,0.0640849,-0.053189073,0.08347912,-0.39819124,0.33022472,-0.46418968
protein|HIP1R,0.19304533,-0.01596287,-0.38610503,0.2817274,-0.19114551,-0.18920144,0.1827053,-0.36108562,-0.17695263,0.1072208,-0.27088532,-0.27112445,0.057663165,-0.30621466,0.20477809
protein|PFKM,0.2807879,0.46498835,-0.5163285,0.0025474585,0.07310644,-0.12250504,0.02731243,-0.16422917,-0.046822228,0.34937087,-0.1738773,0.2404038,0.14522524,0.10098853,0.37155205
protein|CKAP4,-0.27102703,0.1421022,-0.43599904,0.053161778,-0.49670008,0.046095338,0.07709634,0.12707752,-0.5985561,0.10023329,-0.25863826,-0.181985,-0.3225482,0.6167548,0.022693586
protein|AMBP,-0.52995557,0.13211168,0.30966115,-0.030455733,-0.37745556,0.3994104,0.30205783,0.4494073,-0.4181134,0.21435227,0.2987196,-0.22569661,0.15900761,0.5799991,-0.46160805
protein|PWP2,0.06104531,0.6678566,-0.5034521,0.32774317,-0.23330933,-0.6354223,0.19225524,-0.44591925,-0.060276482,0.1801407,-0.3310227,0.1952746,-0.1332219,0.60374904,0.21617176
protein|G3V3G2,-0.11771054,-0.71440876,0.09510421,0.008129474,0.074358396,0.59450966,0.48064923,0.2385848,0.037858736,-0.41053826,0.0651459,-0.1602326,0.52237034,0.5129565,0.0324226
protein|CFB,-0.52419835,0.35225102,0.16287032,-0.20967525,-0.72127837,0.22883698,0.18212318,0.32473776,-0.42410293,0.2341521,0.33016244,-0.40157646,0.07053682,0.6655055,-0.05278047
protein|HAO1,0.2528614,0.19244754,-0.14515215,0.4985402,0.27182165,-0.18259712,0.0455487,0.00683729,0.38015497,-0.064172715,-0.78464884,0.056800008,-0.33941138,-0.031157287,-0.14498076
protein|GSK3B,-0.18107074,-0.26880226,-0.16300108,-0.14764805,-0.06793437,0.43925717,0.14781135,0.10870469,-0.0149890855,-0.021199005,0.014811243,-0.077410415,0.29317734,0.15971832,-0.49523622
protein|CYB5A,-0.3515759,-0.32761902,0.0066715353,0.46648923,0.033268478,0.37289828,0.045177516,0.31023613,-0.22149804,-0.0657348,-0.28816065,-0.55432934,-0.058504518,-0.013073565,-0.7872538
protein|MTHFD2,0.053079825,0.24899125,-0.3496314,0.15081017,0.2315593,-0.26153266,0.32224664,-0.5261539,0.19160908,0.06547376,-0.35532147,0.5393749,-0.13535601,0.39997354,0.048183285
protein|MATN2,0.09663575,-0.05411313,-0.15148519,0.43963772,-0.39314148,0.11414207,0.16192494,-0.04184126,0.04079604,-0.2300585,-0.13925333,-0.46351132,0.3613533,0.15473513,0.2731552
protein|ARRB1,-0.306083,-0.11637758,0.26396853,-0.08677962,-0.32747382,-0.32655782,-0.6804454,-0.097738974,-0.00905077,-0.34258428,0.33024028,-0.11367184,-0.46657103,-0.09745227,0.36433592
protein|ITIH2,-0.66620564,0.12846212,0.17438067,-0.2777241,-0.64581645,0.3042561,0.023226457,0.3568069,-0.27746275,0.26405457,0.46506712,0.14361735,0.07113208,0.78385967,-0.3734749
protein|ACBD5,-0.5344267,-0.5925391,-0.11371944,0.6126031,0.016643459,0.10129169,-0.05461865,0.3905752,-0.09814012,-0.12473689,-0.13864732,-0.0015924177,-0.23304495,0.34233314,-0.5948677
protein|FYCO1,-0.018088115,-0.07230654,0.07113551,0.18298712,-0.0557446,-0.058571648,-0.25656328,-0.380014,-0.22765651,0.21944362,-0.09063532,-0.40340957,-0.20311718,0.0027122344,0.13752376
protein|BCL10,0.17127533,0.06524443,-0.033814233,0.00040732516,0.2708931,-0.20843296,0.09870938,-0.34530818,0.4699427,0.008291027,-0.37735114,-0.10491948,-0.17319262,0.010778274,-0.14174743
protein|SLC25A19,0.3334044,0.37265655,-0.73758864,0.2723033,0.2806572,-0.35272938,0.13264602,-0.32176557,0.116219565,0.1392,-0.44491217,0.12519793,-0.30238786,0.10586766,0.049398735
protein|LCK,-0.16515763,-0.21106958,0.042890813,0.29013327,-0.14544052,-0.3623735,-0.35204485,-0.1097219,-0.16643448,-0.0725886,0.43980545,-0.73947185,-0.023974014,-0.53539354,0.34823683
protein|EVI2B,-0.3526015,-0.2951677,0.72470903,0.39794824,0.12318396,-0.13163303,-0.26427406,0.21545097,0.35614434,-0.33896217,0.21903667,0.031418707,-0.10655786,-0.24067543,0.07555588
protein|BST2,-0.19153811,-0.51541686,-0.106602475,0.05898417,0.058793887,0.24052297,0.28310293,0.28150633,0.020558378,-0.15385656,-0.02169114,-0.015797028,0.32469338,0.22989538,-0.4030671
protein|LIMD2,0.38600865,-0.4484048,-0.0232394,-0.25983158,0.1173135,0.37120286,0.46215022,-0.0034433648,0.3158572,-0.31686848,0.21204591,-0.18116874,0.29836386,-0.45772022,0.05654082
protein|COX7A2,0.026252618,0.040151086,0.0060714586,0.82356304,0.045979917,-0.57314026,-0.40448475,-0.030687355,-0.16484441,0.13571414,-0.33377376,-0.24643491,-0.5408871,-0.31664708,0.11078812
protein|STAMBP,-0.058527388,0.011462383,0.34416708,0.3006682,0.09610465,-0.27221027,0.10178805,0.011115531,0.15243612,0.09531506,0.05540075,0.25972405,0.24293117,-0.019154508,0.14550148
protein|LACTB2,-0.046143524,-0.02679594,-0.0151426345,0.41653872,0.12804899,-0.46476975,-0.08271471,-0.26779428,0.11294694,-0.089000635,-0.5408598,-0.2753329,-0.45398498,-0.09492124,0.11261714
protein|NUTF2,0.4686137,0.18657857,0.55883026,-0.33258685,0.52149767,-0.008944239,-0.1114018,0.10614092,0.4777884,0.052022863,-0.12984811,0.27377784,-0.16759355,-0.3903805,-0.0015020062
protein|CYB5B,0.034980543,-0.2947082,-0.06631046,0.097245514,0.25447106,0.20675953,0.40303835,0.22094078,-0.03255646,0.033217933,-0.54620284,-0.085660726,0.07090316,0.20243172,-0.36932263
protein|GRN,-0.45170242,-0.5171365,0.28479803,-0.056905463,0.3126909,0.19359587,-0.0012614201,-0.101174355,0.17992245,-0.16338983,0.13757528,0.49328485,-0.13527325,0.015418036,-0.55442184
protein|POU2AF1,0.64650625,0.30128297,-0.33090997,-0.22343376,0.39044583,0.020298403,0.48593867,0.11978782,0.4780419,0.31800184,-0.3679482,0.22235316,0.07404224,0.08228476,0.23164178
protein|FERMT2,-0.1309766,0.3064488,-0.3179521,0.14154333,-0.7339021,-0.14973287,-0.14833792,-0.015747182,-0.7271283,-0.06865149,0.032676958,-0.6923811,-0.012962313,0.44687307,0.2264588
protein|NIP7,0.1982751,0.37353912,-0.8212523,-0.19468167,0.10206684,-0.2160733,0.26221675,-0.4342196,0.0020523246,0.016814,-0.5430686,0.19707543,-0.123510234,0.44290486,0.12993363
protein|ALDH7A1,0.012959709,-0.15607277,-0.18582357,0.71990746,-0.21038514,-0.104388565,0.044398252,0.38343632,-0.51641685,-0.3445725,-0.5834008,-0.38305005,-0.04936211,0.1243016,0.090962104
protein|NDUFA11,0.031095939,0.32155785,-0.40185323,0.87413883,-0.033240262,-0.6881684,-0.27517053,-0.09510092,-0.22092754,0.11528342,-0.16878,-0.15918899,-0.76657766,-0.028266512,0.419001
protein|BCCIP,0.40148318,0.071688704,-0.27763167,-0.17746131,-0.17307499,-0.27392197,0.1031688,-0.2402574,0.48344195,0.02012639,-0.31498104,0.33001676,-0.052739613,0.1504567,0.18980244
protein|MTMR1,0.17960995,-0.45776525,-0.20207556,0.17459446,-0.010856256,0.10474036,0.22534528,-0.33490166,0.557135,-0.2200105,-0.02904267,-0.049519412,0.16392083,-0.3143221,0.2221932
protein|WRNIP1,0.13315578,-0.5846015,0.050672136,0.050531104,0.522578,0.23841581,0.37220982,-0.14600393,0.37046295,-0.09608648,-0.039812077,0.1317709,0.16825151,0.023981316,-0.22221665
protein|FAM195B,-0.053321626,-0.54119575,0.28402132,0.044830706,0.26055077,0.3916469,0.5320479,0.20833908,0.12737058,-0.20404807,-0.020437438,0.25451085,0.42909938,0.14993869,-0.46706873
protein|HSPE1,0.42153144,-0.11029378,-0.31314027,0.2431107,0.7717238,0.03583485,0.23633993,0.1695386,0.56679666,-0.01776213,-0.838425,0.52143997,-0.25527325,0.07267787,-0.561148
protein|GIMAP1-GIMAP5,-0.5703358,-0.73299664,0.5724388,0.010722739,-0.08184515,-0.05220055,-0.6774747,-0.2830474,-0.17949605,-0.7087278,0.4656022,-0.3205482,-0.4504178,-0.24066114,0.052885056
protein|SNCA,-0.28673717,0.07550791,0.15978134,-0.1354425,-0.27126378,-0.25139084,0.19956447,0.2892933,-0.021641541,0.1140651,0.035995293,0.2378238,0.23628983,0.6085187,-0.29579744
protein|HACD2,0.22653952,-0.344422,-0.6075033,0.13069996,0.088444136,-0.0084493365,0.20001288,-0.37351987,0.062818006,0.07697096,-0.17400987,-0.15059987,0.19799843,-0.23011129,0.2453548
protein|BROX,0.21544965,0.41154647,-0.04617913,0.8124815,-0.046483833,-0.47470284,-0.20776619,0.1887072,-0.002164636,0.08345833,-0.25286603,-0.25653222,-0.16317968,-0.22965097,0.30740863
protein|KEAP1,0.43022642,0.024651816,-0.10350024,-0.055290814,0.3698658,-0.007100858,0.034194663,-0.44338557,0.29046455,-0.009944765,-0.29524532,-0.0027249996,-0.034963585,-0.07967153,0.20127174
protein|BLVRB,-0.5886745,-0.071562245,0.54282063,0.11520801,-0.4656389,-0.106284246,-0.05968399,0.22260442,-0.09817534,-0.031152716,0.35439572,0.25983468,0.15387769,0.5621667,-0.2326058
protein|PHB2,0.5038679,0.4231064,-0.9893964,0.8712124,0.03481465,-0.632723,-0.041475777,-0.09415516,-0.3376098,0.1978032,-0.523774,-0.24767141,-0.33203223,-0.028083732,0.4392183
protein|F11R,-0.1505441,-0.49068725,0.19761463,0.101129614,-0.080833174,0.19322692,0.22723427,0.24883579,0.12962598,-0.03517194,-0.3486908,-0.31844744,0.05266557,0.15033484,-0.14504007
protein|LMO7,-0.026788607,-0.13565847,-0.21833734,0.077452704,0.21243064,0.3151622,0.29739398,0.14482006,0.064336464,0.10833853,-0.15187617,-0.12440937,0.41137317,0.14647868,-0.41711146
protein|EXOC6,-0.1448949,0.36712247,-0.2896428,0.26088783,-0.052607443,-0.20222929,-0.072404064,-0.14573918,-0.051892303,0.12932566,-0.00083547016,-0.04093787,-0.11644895,0.14774688,0.14447922
protein|BID,-0.17873324,-0.14477947,0.14106366,-0.28440675,0.2269176,0.33275712,0.09318847,-0.41148564,-0.06442117,0.047245998,-0.086467035,0.23571168,-0.05762124,-0.02706247,-0.5450806
protein|PRKAA1,0.008843157,0.30660877,-0.46637118,0.23064977,-0.47552624,-0.088607356,-0.087009676,-0.08637817,-0.20478255,0.0026094262,-0.20232916,-0.1497979,-0.011083652,-0.0517466,0.18029375
protein|HPCAL1,-0.25352183,-0.59466714,0.42432594,0.34637007,0.10510239,-0.20510714,-0.03810995,-0.36865723,0.022903377,-0.41814655,-0.26605785,-0.410941,-0.15708248,-0.2167386,0.08489367
protein|EDF1,0.14530727,-0.6725441,0.18569998,-0.20864499,0.82991594,0.45282358,0.45758808,0.08904178,0.6016525,-0.40186414,-0.16707717,0.5045325,0.0067971875,-0.25946766,-0.50306517
protein|SVIP,-0.08029798,-0.2456394,0.485726,0.15308456,0.06460727,0.10864958,0.28719616,0.25223675,-0.055455312,0.2064326,0.013108006,-0.25430807,0.30878693,-0.10195431,-0.38015795
protein|ARHGAP18,-0.33003378,-0.5566829,0.093766466,-0.034305327,0.05575596,0.16402638,-0.25562492,0.21647285,-0.23407243,-0.26054966,-0.00074215524,-0.06322938,-0.14225835,0.06798622,-0.28862903
protein|VRK1,0.44157884,-0.107452884,-0.0860884,-0.59630436,0.29496694,0.021697676,0.4158347,-0.12216137,0.39100465,0.04992415,-0.45631737,0.552216,0.3246209,-0.189886,-0.051780958
protein|QTRT1,-0.12904084,-0.17860317,-0.2043348,-0.112840004,-0.048589308,0.36393604,0.30792758,-0.04508145,-0.20177267,-0.14659588,-0.15187581,-0.06096767,0.14077963,0.24823354,-0.24459298
protein|PTRF,-0.21712026,0.024973817,-0.3668673,0.13819283,-0.6725092,0.16952853,0.18053977,-0.0395425,-0.7271733,-0.09433824,-0.09834615,-0.51216096,0.14342351,0.465997,0.1245589
protein|NFX1,-0.3519767,0.05542354,0.493596,0.23044449,-0.08062077,0.034381613,0.23696889,0.016370572,0.03494141,0.13441487,0.26084688,0.008918196,0.09001901,0.24061836,-0.011015135
protein|STK38L,0.24034393,0.64438415,-0.09724538,0.024231803,0.1195951,-0.30827728,-0.18189636,-0.547267,0.0476028,0.23262677,0.1827496,-0.1262502,-0.5606218,-0.12476095,0.21139586
protein|PAPSS2,-0.09549988,0.35261872,-0.16254649,0.3786735,-0.49966955,-0.063956596,-0.21908164,-0.1959039,-0.29950628,0.12183963,-0.38025415,-0.54046214,-0.38834918,0.09977321,0.2174761
protein|PRDX4,-0.18618868,0.20272996,-0.5660811,0.5843705,-0.18747343,-0.2866354,-0.15314448,-0.21305983,-0.3312665,0.032839216,-0.2766951,-0.11629982,-0.48233613,0.37145302,0.18566608
protein|TRIP10,-0.21443452,-0.3374726,0.07756926,-0.41224298,-0.13559926,0.5178689,0.2924215,0.25317827,-0.13461964,-0.09555384,-0.033292904,-0.12756115,0.27477336,0.33466125,-0.44136816
protein|CD274,-0.45483193,0.16001981,0.096152514,-0.21089455,-0.051284403,-0.5368544,-0.59693587,-0.10795477,0.1779989,-0.0072641927,0.18424714,0.03099924,-0.63976467,0.06259345,0.05256345
protein|MME,0.20069133,0.15806608,-0.35009712,0.119669415,-0.3655414,-0.0544965,-0.15307204,-0.05210522,-0.024552697,0.10231893,-0.16531041,0.006208314,-0.15898608,-0.12771589,0.020761814
protein|HK3,-0.95690984,-0.25922862,0.26899946,0.065506905,-0.3109744,-0.30629802,-0.56168747,-0.21292731,-0.20421761,-0.021764768,0.5119789,0.17082772,-0.4943197,0.22838627,-0.13224067
protein|LXN,-0.22568771,0.15757681,0.07627374,-0.098828524,-0.6097792,0.14889786,-0.062274378,0.16123812,-0.19085416,-0.056367047,0.15715419,-0.73239994,-0.03726069,0.26891762,0.029248053
protein|HEBP1,-0.48707956,-0.48866445,0.5072547,-0.026146868,-0.1922346,0.13807371,-0.05437281,0.14769131,-0.12409541,-0.46673363,0.14763936,-0.18342246,-0.094310775,0.09993242,-0.27786937
protein|ISYNA1,0.45275137,-0.10461388,0.023056017,0.23145124,-0.2559371,-0.24540435,-0.069415756,-0.06552972,-0.033526495,-0.17102528,0.06311275,0.06998235,0.020061936,-0.07321001,0.4660402
protein|LIMK1,-0.26502323,-0.31697038,-0.05037965,0.3687316,-0.11217974,0.08186894,0.13288106,-0.36757517,0.0026850046,0.029342318,0.48047274,0.34260145,0.03380797,0.16636853,-0.11153393
protein|KIAA0020,0.24248427,0.4117847,-0.283866,0.015668774,0.10437906,-0.21023907,0.36183763,-0.28591242,0.3013607,0.0025695532,-0.22705084,0.5311281,0.17036633,0.34614268,-0.10086305
protein|H2AFY2,-0.19823113,-0.12157208,0.10147454,-0.107113436,-0.381593,0.3455932,0.048224475,-0.031994212,-0.23965494,-0.09670186,0.19598316,-0.74494326,0.14146659,-0.1442026,0.154046
protein|HSD17B11,0.08424473,0.22796497,-0.019729953,0.7989818,-0.3776253,-0.4958634,-0.31441018,-0.09502427,-0.034376707,0.11865133,-0.2806485,-0.319472,-0.43407434,0.041461665,0.28330073
protein|VPS26B,-0.4510379,-0.10171796,-0.13900538,0.16557407,-0.533098,0.10117827,-0.1941523,-0.029645087,-0.67689455,-0.24387623,0.22730717,-0.44843516,-0.017744264,0.12125594,0.22419128
protein|MYH10,-0.10470605,0.012471256,-0.25414175,0.34177047,-0.4075448,0.29821938,0.2535675,0.01656556,-0.57533365,0.056493282,-0.097943775,-0.73872614,0.21265368,0.39561355,-0.05283633
protein|EMILIN1,-0.64349616,-0.4813266,0.012677255,-0.10180818,-0.30116665,0.66364855,0.131018,0.34553796,-0.19943714,-0.17302988,0.23467657,-0.28988922,0.13374843,0.58589846,-0.47779775
protein|RAB3D,-0.3173484,0.2880441,0.28615108,0.32270786,-0.27837008,-0.4843941,-0.1618741,-0.23366493,-0.32474482,0.23993967,-0.016647078,-0.06304712,-0.14279237,0.1340853,0.10482451
protein|ME1,-0.28888828,0.02782178,0.2699493,0.18822217,-0.27068007,-0.36949012,-0.6066534,-0.30930483,-0.23400693,0.15961868,0.23166277,-0.16694725,-0.28539836,-0.20897892,0.27336827
protein|MFF,-0.06510854,-0.350894,-0.29993388,0.2856702,0.010229856,-0.044689115,0.4745613,0.1565607,0.0068952744,-0.057448022,-0.016460443,0.0622579,0.07398525,0.33426577,-0.27307793
protein|ITGAM,-0.7487258,-0.1333323,0.4383433,-0.052259862,-0.4462331,-0.021162292,0.08136786,0.047750134,-0.06510482,0.20402454,0.41231203,0.012840282,0.032117516,0.33972937,-0.24757229
protein|ATP5J,0.050056305,-0.24661256,-0.18303312,0.59060395,0.6041022,0.19824006,0.0901352,0.27529266,-0.38556233,-0.25181508,-0.53374946,-0.25262126,-0.20996577,0.0925275,-0.31672794
protein|EPT1,0.14590459,0.5727907,-0.63370055,0.46429676,-0.0546397,-0.16602619,-0.22964714,-0.18901037,0.09468727,0.1643765,-0.22605972,-0.1483892,-0.44371873,0.20116372,0.27680707
protein|C1S,-0.69808453,-0.009443548,0.062292524,0.2145818,-0.55368876,0.34262156,0.20685826,0.22695638,-0.21087727,0.26600337,0.4054816,-0.28635207,0.12889327,0.49464527,-0.43121195
protein|TPP1,-0.320738,-0.7698623,0.5230594,-0.103697196,0.44526064,0.3630327,0.12086907,0.20044695,0.18090573,-0.3383166,-0.13092734,-0.16264975,-0.032420676,-0.11582361,-0.50619996
protein|HMOX1,-0.37454054,-0.25561357,0.2099417,0.2668408,-0.10705679,-0.020571638,0.05261752,-0.2743475,-0.016782945,-0.2960215,-0.16733523,0.027667161,-0.21175301,0.0871075,-0.17974645
protein|IRF8,0.31149393,0.14244482,0.031929754,0.038942162,0.025077965,-0.14475901,0.29094082,-0.039628915,0.2391118,0.18501213,0.07397349,0.1442999,0.4125988,-0.24686912,0.16959628
protein|PDCD4,0.26555386,-0.47187778,0.40501174,-0.16902052,0.3475014,-0.0783182,0.05951724,-0.031503256,0.22084038,-0.24829608,-0.20388691,0.4173192,0.14971447,-0.3862207,0.024221418
protein|F8W0Q9,0.20663677,-0.5630962,0.0038464123,-0.38801986,0.34452206,0.3325124,0.4576084,0.009311862,0.43521118,-0.3617466,-0.38470355,0.56521016,0.061362457,-0.27239382,-0.121677496
protein|PCBD1,0.096159354,-0.05354287,0.3305806,0.61825556,0.20074028,-0.021830224,-0.21134622,-0.012105341,0.08591628,-0.12911487,-0.23927404,-0.11363932,-0.095592916,-0.1672034,-0.29848358
protein|Q01196,-0.14248586,-0.112636745,0.19424255,-0.28095835,0.10837167,0.049426313,0.03341491,-0.14826822,0.36497074,-0.07468216,0.13008597,0.2952028,-0.068705015,0.19041838,-0.06443937
protein|GIMAP1,-0.28801787,-0.48620996,0.37961957,-0.010315931,-0.12735565,-0.19129178,-0.55780965,-0.22547601,-0.029218795,-0.6110715,0.27271384,-0.37667164,-0.30367252,-0.22640374,0.13592218
protein|MRPL53,0.20643368,-0.3191317,0.060486097,-0.16944206,0.5525517,0.41885984,0.23120946,0.26235992,0.014798838,-0.12677956,-0.77864426,0.1767275,-0.032517638,-0.043543987,-0.5526839
protein|GSN,-0.19414632,0.14342484,-0.006506468,0.025032237,-0.44740298,-0.2823636,-0.28706497,-0.22181717,-0.028824508,0.07259091,0.29618543,-0.24987008,0.06834869,-0.13726069,0.3167983
protein|HSD17B12,0.16796121,0.5478855,-0.4119999,0.38491797,0.0010304807,-0.30461618,-0.22640105,-0.2677322,-0.148696,0.32092074,-0.068741985,-0.3380417,-0.081978634,-0.25913444,0.45904273
protein|CCNK,0.26926124,0.10536591,-0.22327493,0.43510786,0.11398669,-0.4440407,0.12596852,-0.2849267,0.09484177,0.16527006,-0.24278861,0.004141644,-0.007606943,0.24774846,0.21067756
protein|TIMM13,0.30610758,-0.046784125,0.037472207,0.26414955,0.5694712,0.2971912,0.04594908,-0.017727,0.15222988,-0.06919812,-0.30669957,-0.27333784,-0.24810764,-0.101126805,-0.3988906
protein|AGK,0.2995759,0.120883,-0.33826128,0.2937003,0.51616,-0.49721316,-0.22363736,0.11476687,-0.17296985,-0.034864493,-0.43025646,-0.20617022,-0.35432586,-0.00025596554,0.20408393
protein|SRSF9,0.18086419,-0.5605781,-0.04290564,-0.5103457,0.8842185,0.46590385,0.58286595,0.19147243,0.52187896,-0.19005287,-0.34341758,0.40329194,0.15270221,-0.06053409,-0.4158202
protein|CTSB,-0.8195981,-0.22711863,0.13224752,-0.28116545,0.17600742,-0.034034505,-0.46822384,0.103066854,-0.15472718,-0.1770893,0.27894703,0.27759355,-0.6114274,0.17434639,-0.45863613
protein|TLN2,0.21676001,-0.40935475,0.120006956,-0.35849428,0.5160602,0.23675828,0.1833564,0.0018977491,0.6671059,-0.23809594,-0.36848503,0.7011006,-0.09820291,-0.07558315,-0.40365487
protein|CWC15,0.1747978,-0.6818336,0.15916097,-0.27478698,0.471793,0.57745683,0.5932777,0.35130545,0.32613096,-0.29206115,-0.1257417,0.51743644,0.37795225,0.0283929,-0.32113183
protein|NPM1,0.31107533,-0.21101737,-0.3094265,-0.20925185,0.5999441,0.15937288,0.50692606,-0.055819362,0.6433541,-0.2606219,-0.58366245,0.7445875,0.00045876874,0.2011268,-0.2814094
protein|ACP2,-0.57210547,-0.5460088,-0.2595685,-0.11789952,0.047473464,-0.006351458,-0.30281258,-0.0005160779,-0.20893887,-0.3529507,-0.055082463,-0.1871846,-0.49786025,0.03741191,-0.29813817
protein|PFKFB2,-0.0023012282,-0.5011631,-0.5373222,-0.08334439,-0.2558845,0.032704473,0.08551037,-0.17251532,-0.22803532,-0.4832598,-0.0073912707,-0.22313711,0.12445454,0.04961595,-0.051756296
protein|TOE1,-0.10922034,-0.23878852,-0.21613573,-0.08213696,-0.23752922,0.30286124,0.09521578,-0.032593332,-0.080341965,0.045939695,-0.0012989319,-0.064978346,0.30138972,0.14106555,-0.12822957
protein|ATP6V0D1,-0.3234914,0.47530392,-0.29615882,0.17651555,-0.3767385,-0.57973546,-0.6670532,-0.3737607,-0.31875598,0.122829296,0.3217149,-0.07502172,-0.6514576,-0.071667425,0.44383273
protein|NCF1,-0.13450477,-0.13402513,-0.0408772,-0.19815676,-0.013606319,-0.284696,-0.23822536,-0.02482921,0.27609617,0.05044488,0.39512736,0.097397216,0.04901284,-0.48531806,0.0024312933
protein|TSTD1,0.033284925,-0.4343373,0.3426278,0.38552034,0.48770168,-0.118152924,0.02697271,-0.05036172,0.19983566,-0.14126003,-0.4401811,0.07960895,-0.09655683,-0.33457002,-0.16323932
protein|GAR1,0.3597302,0.045590393,-0.36514935,-0.15459156,0.48833948,-0.1679449,0.2591847,-0.13684322,0.13734794,-0.029522695,-0.48020256,-0.0804792,0.052258123,0.19686197,0.1281774
protein|CFH,-0.53131026,0.15235454,-0.010002154,-0.12668258,-0.5451722,0.34956813,0.31372127,0.51084834,-0.493295,0.15086149,0.4067146,-0.34607187,0.12917282,0.88498795,-0.3273524
protein|KAT7,0.06752847,-0.4426745,-0.13678722,-0.047121726,-0.1017473,0.19394882,0.24444088,0.29783306,0.20652919,-0.23453596,-0.037546072,0.19712186,0.44134426,0.041757897,0.0529441
protein|INCENP,-0.008888248,0.13814574,-0.29501465,-0.028781699,-0.06100431,-0.2020692,0.44511855,0.023551758,0.048813727,0.20251998,-0.19805956,0.3906628,0.27449092,0.31118125,-0.019968357
protein|DNTTIP2,-0.11388266,-0.3407293,-0.3760033,-0.059220884,-0.11006074,0.22927843,0.60313404,0.36793113,0.16093059,-0.21544279,-0.34133148,0.22722918,0.31238744,0.5823234,-0.20386492
protein|CECR5,0.33990395,0.32439342,-0.4646473,0.56797487,0.23672691,-0.27574378,0.1309829,-0.009547505,-0.027760936,0.14074193,-0.36370662,-0.07874983,-0.09075443,0.2745166,0.2501841
protein|FCGR2C,-0.5503922,-0.12267727,0.35037476,-0.008307161,0.29238415,0.04619804,-0.17525382,-0.14606564,-0.2129675,-0.042264003,0.27437013,0.09004855,-0.33805487,0.11984445,-0.2008425
protein|HMGB3,0.290046,-0.009985926,-0.10436692,-0.32037827,0.55098087,0.18176606,0.5284062,0.19606955,0.37851825,0.036341924,-0.21756011,0.38551518,0.18951958,-0.0016195622,-0.273696
protein|MTCH2,0.30401787,0.4442264,-0.24789666,0.82581395,0.066884555,-0.5546549,-0.10503823,-0.07881947,0.038342267,0.19255029,-0.3020209,-0.20263182,-0.32315388,0.0009344684,0.015784651
protein|MYD88,-0.04430195,-0.54752576,-0.21998072,0.100490175,-0.27123132,-0.040287413,-0.20174107,-0.22630659,-0.23461694,-0.021757178,0.22103676,0.13850994,0.12246699,0.11939192,-0.010044906
protein|FOXO1,0.33182517,-0.543629,-0.069571964,-0.08349717,0.28629768,0.45338282,0.39504284,0.2116857,0.38525817,-0.55920124,-0.094221875,-0.09554952,0.33518875,-0.1736293,-0.060728658
protein|TLE3,-0.03472477,-0.42309535,0.067433536,-0.09716628,-0.11684487,0.07451565,0.24480368,-0.13482368,-0.064504206,-0.16335213,-0.08941031,0.08440272,0.22478233,-0.033721417,-0.11535514
protein|A0A2R8Y5V9,-0.026246632,0.250373,0.014390437,0.27537686,-0.18545714,-0.112728894,-0.029031813,-0.15017766,-0.15869763,0.31077766,0.20928353,-0.14440021,0.12960966,0.09184421,0.20273212
protein|VKORC1,-0.16772489,0.17355584,-0.25910693,0.08812141,0.016084466,0.18646602,-0.042304847,0.21419309,-0.7532995,-0.19498444,0.08490672,-0.57052445,0.013767268,0.13816652,0.02034049
protein|XPO5,0.3260253,0.03602034,-0.4198429,-0.17478803,-0.15588686,0.12009095,0.01232932,-0.57809895,-0.15032774,0.049514648,-0.034749866,0.3373526,-0.0026150215,0.02749612,-0.0050662598
protein|PLEKHF2,0.41464534,-0.10017615,-0.42413014,-0.040763363,0.19463214,0.29780912,0.30118385,0.10112719,0.29246977,0.12752372,0.064861946,-0.22255266,0.59053755,-0.3287361,-0.08515675
protein|HMGCL,0.1298274,-0.02922342,-0.23401868,1.1761103,0.26178777,-0.28837538,-0.33115894,0.24766855,-0.28981328,-0.044958904,-0.5872091,-0.4237242,-0.3544772,-0.19318245,0.07677644
protein|P06396,-0.39304695,-0.11899074,0.20579185,-0.24856849,-0.27264228,0.13801093,-0.21524225,-0.0053062774,-0.17630994,-0.04841653,0.40027156,-0.36774352,-0.016768966,-0.16045257,0.0326224
protein|KIF11,0.17701712,0.13573354,-0.7998925,-0.118820615,0.07164317,-0.16910736,0.315649,-0.34798658,0.04007359,0.33913147,-0.12736948,0.38747743,0.015244634,0.3903833,0.005242459
protein|APOBEC3C,0.30345035,-0.06463952,0.10240907,0.16261092,0.17161284,-0.11548679,0.021935584,-0.112546206,0.18978894,-0.24056354,0.012668557,-0.23937048,-0.073597796,-0.26181856,0.10747039
protein|NTPCR,0.12044946,-0.2443811,0.052324757,-0.07688217,0.35497764,0.057833433,0.14043306,0.049549095,0.1252088,0.048428904,-0.25939852,0.39347023,0.13605586,-0.09945664,-0.33517358
protein|CNDP2,0.16702637,-0.0068863863,0.0504775,0.3089952,0.43714523,-0.36863002,-0.5447838,-0.00014605837,-0.00912163,-0.03438112,-0.017401893,0.061990984,-0.4677469,-0.36020255,0.14592433
protein|J3KQL8,-0.6487875,-0.34379902,-0.034343913,0.048993252,-0.13267903,-0.0136778755,-0.67163247,-0.21222045,-0.3261315,-0.36760294,0.30789965,0.029785264,-0.47211054,-0.027790718,-0.24714954
protein|PRAF2,-0.10550831,-0.037209965,-0.0886665,0.12104943,-0.22988282,0.06787304,-0.13210012,-0.11848032,-0.065572806,-0.0050444007,0.026311643,-0.4312834,-0.31977934,0.06400905,0.30753654
protein|NR2C2,-0.14096127,-0.30563164,0.14245328,0.053756516,-0.2714347,0.312967,0.2539738,0.24331717,0.12317139,-0.057432413,0.020402271,-0.24985854,0.23053114,0.26783404,-0.11947876
protein|ASCC2,0.11411137,-0.3623512,0.05206331,0.13387005,-0.08396208,-0.09911431,0.079005405,-0.22010641,0.0023018327,-0.113371536,-0.1484452,0.005878274,-0.07724948,0.26153818,0.0529959
protein|TBRG4,0.24567868,0.20134173,-0.6745774,0.13285373,0.22073296,-0.15889673,0.14549479,-0.3427006,-0.17856066,0.10499632,-0.73983914,0.17599095,-0.25110334,0.0865724,-0.06608133
protein|CD55,-0.15009093,-0.0099781025,0.16681662,0.18899874,-0.14449039,0.14542119,0.28494874,0.1686727,-0.124800846,-0.045818843,0.0014385909,-0.016671896,0.21428345,0.09260175,-0.03453624
protein|PCLO,0.0061898576,0.0049807075,-0.17836565,0.15194,0.5589748,0.04826767,0.061026063,-0.15056065,0.28325528,0.23196922,0.07529814,0.09310255,-0.013115611,-0.24026379,-0.19248562
protein|GRPEL1,0.24812563,0.20725793,-0.5518706,0.32992887,0.23235661,-0.2707618,0.012531113,-0.4610542,0.10678581,-0.0498222,-0.30971637,0.22207186,-0.36259872,0.16420962,0.08844954
protein|MYO1B,0.03321706,0.22942378,-0.36652976,0.2883566,-0.34384024,-0.13968979,-0.0033203554,0.052921273,-0.3362622,-0.14546975,-0.22574265,-0.65544266,-0.13916472,0.08368844,0.17476806
protein|TOR3A,0.10070499,0.016781868,-0.6464795,0.1701114,-0.028653882,-0.14369671,-0.014257291,-0.3976782,-0.07551239,0.08617891,-0.06560989,-0.38784984,-0.1967144,-0.008677099,0.13996209
protein|PAPLN,-0.36324695,-0.5038037,0.11007509,0.4215977,-0.12710185,0.3029703,0.31201196,-0.010515417,-0.109413885,-0.12836196,0.06335808,-0.076793656,0.15828152,0.2465344,-0.41895917
protein|MP68,0.040621325,-0.9294769,-0.19015037,0.2051986,0.354593,0.12785488,0.34231648,0.066572346,0.25005746,-0.2009239,-0.17701316,0.2859708,0.2827522,-0.16644464,-0.16670398
protein|ASF1A,0.3057755,0.097092405,-0.39464235,-0.20462987,0.10430967,-0.13427822,0.15367126,-0.35208425,0.16128482,0.0774519,-0.17754282,0.36682177,0.1788977,-0.21798512,0.44770658
protein|EXOC3L4,-0.102966204,-0.32501283,0.14151256,0.30380997,0.11774947,0.19342366,-0.02357673,-0.41786602,-0.031177364,-0.32397667,-0.32922354,0.093861066,-0.16858374,-0.11795586,-0.05123177
protein|ICAM1,-0.7225677,-0.5519678,0.23684867,-0.17196201,0.09033258,0.37810674,-0.009680563,0.058336634,0.103321634,-0.105145395,0.31132618,0.0009678089,-0.09597788,0.02450217,-0.6205822
protein|DDAH1,-0.06653334,-0.11272674,-0.019901862,0.2301144,-0.06985814,0.3296845,-0.05836998,0.0912594,-0.16914402,-0.033786796,-0.39681968,-0.04186087,-0.14441772,-0.03788154,-0.021229379
protein|PTPN6,0.26070204,0.06517127,0.23814449,-0.09634908,-0.12511824,-0.36033538,-0.26296607,-0.45993918,0.14864688,-0.15555328,-0.027668588,0.062084798,-0.09260242,-0.59339577,0.31473944
protein|NNMT,-0.39892668,0.18099688,-0.094847076,0.25329608,-0.40523973,0.30501506,-0.078698635,0.11074878,-0.4862842,0.07148808,-0.11711522,-0.62434053,-0.2048831,0.10114782,-0.23070909
protein|ENGASE,-0.1673345,-0.26346943,0.09904695,0.08010645,-0.20535015,-0.070203386,0.078396715,-0.046466455,0.06960043,0.014250252,0.043917015,-0.23278815,-0.057453033,0.117749885,-0.081060454
protein|ECI2,-0.09585663,-0.02724257,0.13014561,0.4347254,-0.010337429,-0.30043843,-0.055675216,0.15824892,-0.37163067,0.01785591,-0.03562073,-0.012946516,-0.26037255,0.17044407,-0.0151733225
protein|CHCHD2,0.13771695,-0.17175855,0.009865429,-0.26639372,0.75975084,0.2975587,0.4980236,0.20341806,0.19485003,-0.0682734,-0.38734594,0.11941562,-0.12884218,-0.17483503,-0.35206527
protein|RHOF,0.17566961,0.16559975,-0.013660554,0.039080683,0.08439772,-0.026963267,0.061024882,-0.173545,0.03652223,0.11085755,0.09277319,-0.18076035,0.16589746,-0.30173334,-0.016108513
protein|SRSF3,0.15354194,-0.61394227,0.21199824,-0.26543579,0.8264933,0.40433267,0.54807794,0.24987517,0.6311334,-0.22989592,-0.22174323,0.51767355,0.17782898,-0.13770367,-0.50915456
protein|EEF1D,-0.2581638,-0.26896665,-0.20671837,-0.29885966,0.0026512663,0.58327895,0.3411025,0.09979635,-0.31211782,0.0476669,-0.061916485,0.05918987,0.34804145,0.20956424,-0.39529675
protein|LAMC1,-0.46335867,-0.3155142,-0.19926767,-0.10994986,-0.44723123,0.44060925,0.3403547,0.14320363,-0.36957076,-0.3604635,0.102946885,-0.47747016,0.22776458,0.6962495,-0.099099286
protein|PDLIM4,-0.06576068,-0.30500144,0.2775513,0.13261323,-0.19659682,0.13635954,0.17051248,-0.19190411,-0.09207707,0.09857432,0.041459512,-0.42584634,0.2202108,0.06529488,-0.24577771
protein|MYOF,-0.88149214,0.006822518,-0.017311819,0.008637428,-0.4282881,-0.14772454,-0.5694349,-0.048571277,-0.25082687,0.046388637,0.52197474,-0.26202294,-0.57313824,0.29008082,0.08363045
protein|BTF3,0.33200067,-0.15860388,0.0065734126,-0.52792454,0.7537777,0.22671667,0.38795903,-0.0636445,0.68581694,-0.16007529,-0.41963273,0.6953843,0.018033426,-0.23107632,-0.35077038
protein|MNT,-0.35530406,-0.2936239,0.095094234,0.18452694,-0.19145726,0.18328296,0.22649609,-0.082136326,0.16609742,-0.005612858,0.11161486,0.026148846,0.03356723,0.22311035,0.048219357
protein|LANCL2,-0.07461987,0.17273949,-0.1702385,-0.09545251,0.063291304,0.000939739,0.0067508416,-0.16790819,-0.20893233,0.081179686,-0.23437189,-0.40875822,0.011507723,0.039683826,0.18483987
protein|PHRF1,-0.032013793,-0.5089242,0.119044825,-0.25733906,0.44586313,0.33397952,0.19281133,0.05546019,0.1988323,-0.1472227,-0.31334376,-0.13903838,0.18030967,-0.010792579,-0.28153962
protein|HMGB2,0.3710075,-0.5250608,0.30851334,-0.42231333,0.6346677,0.3166394,0.41534102,0.3015756,0.5792666,-0.26562995,0.16390319,0.27893823,0.30826113,-0.28046787,-0.042960737
protein|METTL21A,0.3038465,0.042136144,0.10863459,0.19199598,0.33231795,0.16375825,-0.124276236,-0.042727977,0.2776878,0.4143126,-0.18710344,0.08855758,-0.11450067,-0.20638476,0.17734317
protein|LTA4H,-0.21122134,0.23515178,-0.0997834,-0.055217043,-0.11162677,-0.48125553,-0.6737909,-0.13185896,-0.04933508,0.055730227,0.4625868,-0.10046949,-0.5406667,-0.50263697,0.3638265
protein|SLIRP,0.13171293,-0.1828653,-0.16213188,0.0064810086,0.7184551,0.13496083,0.4159633,0.08411144,0.09792615,-0.14374925,-0.82365364,0.5937925,-0.13380875,0.17358439,-0.7647396
protein|FABP5,0.031197967,-0.19543467,0.26511562,-0.48624846,0.4897772,-0.07321248,-0.12033374,-0.33782217,0.26471293,-0.41634673,-0.25804642,0.4598041,-0.27649912,-0.016311282,0.05814168
protein|RPLP2,0.21327358,-0.18554822,0.45835802,-0.50811774,0.9095534,0.17406066,0.23621593,0.07798551,0.5499693,-0.28777838,-0.46753916,0.5403595,-0.12723926,-0.16054082,-0.5587658
protein|ITGA1,-0.13892482,-0.43157586,0.10994822,0.64802,-0.4012454,0.18093535,0.115929075,0.19449429,-0.22866233,-0.2324059,-0.21233557,-0.46203956,0.09332593,0.33500254,-0.10152361
protein|MANF,-0.04211204,0.23782569,0.015157878,0.055860747,0.27214372,-0.19273621,-0.22830473,-0.19679917,-0.009679303,-0.25377595,-0.32636142,-0.076646455,-0.64964044,0.095642954,0.13798471
protein|RAB32,-0.31748885,0.2171504,-0.07879341,0.3427953,-0.52160454,-0.47529846,-0.6993873,-0.32567823,-0.37054154,-0.03691927,0.35962135,-0.29930338,-0.61144006,-0.13159317,0.33815798
protein|MCM6,0.5347899,0.385051,-0.87592447,-0.26267502,0.023875961,-0.1355504,0.342499,-0.5245055,0.08307899,0.35886666,-0.4530653,0.52069974,0.03646211,0.18579991,0.08669155
protein|MSI2,0.28621376,-0.14401892,0.0992076,-0.038871128,0.50711,-0.09807769,0.20293367,0.10537905,0.28903463,0.1269604,-0.44107735,0.123275675,0.12209872,-0.20199277,0.13843715
protein|SEC11A,-0.05797865,0.07850565,-0.21163921,0.43094292,-0.066481285,-0.5877716,-0.19560544,-0.528327,-0.09583088,0.044953108,-0.2632835,-0.5486432,-0.411958,0.012004269,0.49607623
protein|VWA1,-0.35714114,-0.53359795,0.16989797,-0.06794788,-0.04890825,0.5341955,0.3455993,-0.050969947,0.11173043,-0.4106284,0.26726162,-0.30493015,0.18306142,0.32405782,-0.17893405
protein|LDAH,0.26721123,0.30561227,-0.45006555,0.4578973,0.09882778,-0.45139125,-0.059841152,-0.51379853,0.1870947,0.34808788,-0.41614017,-0.19289601,-0.054377865,-0.08517523,0.37803957
protein|CWC22,0.06143358,-0.16236563,-0.5909098,-0.2255899,-0.05134978,0.16000478,0.39896342,-0.3097151,-0.18361805,-0.017437214,-0.49225342,-0.19883847,0.18460326,0.12640557,0.008968773
protein|NOC2L,0.2349203,0.40835616,-0.75820297,0.30231604,0.075124204,-0.40222418,0.18820679,-0.48048034,0.025343455,0.07055667,-0.56099814,0.16214691,-0.25666642,0.41525498,0.2217844
protein|MRTO4,0.19586019,0.15451925,-0.39783803,-0.23817363,0.18568341,-0.10619596,0.48488402,-0.36718273,0.24125788,0.04862699,-0.49309254,0.28513792,0.22180364,0.33227533,0.060589943
protein|UBE2O,0.054950356,-0.37957606,0.14449699,0.082811914,0.07435764,0.17282367,0.3575655,-0.08117431,-0.03817641,-0.20187117,0.08783072,0.13271694,0.4073092,0.041080825,-0.12812914
protein|NSA2,0.06934518,0.17626093,-0.7043582,-0.15821135,0.0303285,-0.08168615,0.23925406,-0.3045615,0.0033425034,0.019324444,-0.38197103,0.32288334,-0.11557309,0.41897476,-0.06735013
protein|ADK,0.46466312,0.25058436,-0.030685151,0.17830577,-0.033967145,-0.015951931,-0.18899602,-0.2696298,-0.02975217,0.007331219,-0.16369642,-0.20938602,0.031663477,-0.077833116,0.43106994
protein|AIFM1,0.468509,0.19777961,-0.71419203,0.79914427,0.34342253,-0.16638695,-0.14740399,0.10483625,-0.2819706,0.0981825,-0.56241924,-0.28973365,-0.32107744,-0.09673362,0.019369688
protein|ARHGDIB,0.48551825,-0.113031305,0.5250678,-0.15432303,0.426852,0.15779264,-0.13143884,-0.13410605,0.29988083,-0.21450454,0.49541596,-0.09270944,0.13305394,-0.9416418,0.26559958
protein|AKAP8,0.0631431,-0.5204323,-0.19418818,-0.45876625,0.4460187,0.3548657,0.52843547,0.049063995,0.30153936,-0.17679,-0.42688015,0.22755963,0.28717798,0.2454631,-0.54553044
protein|ALOX5,-0.21275108,0.037614617,-0.12690198,0.095075265,-0.41423857,-0.3178514,-0.15151459,-0.06614392,-0.31127745,0.09797423,0.25285107,-0.30205762,0.13455454,-0.0804619,0.26073134
protein|LAMA4,-0.5101029,0.036245268,-0.3341103,-0.08229074,-0.41327178,0.34547228,0.15559506,0.10396293,-0.23354164,-0.14628063,0.20946936,-0.46899608,0.08112126,0.65418243,-0.11335975
protein|STAT1,-0.5121646,-0.18064572,0.20669217,0.0052839625,-0.02543845,-0.49782673,-1.0200737,-0.39728376,-0.08417381,-0.24205536,0.5637877,-0.0351314,-0.7259369,-0.41534588,0.22006786
protein|IRF5,0.001631027,0.19452764,0.12017859,-0.13056709,0.0845099,-0.35100645,-0.006883037,-0.5417138,0.25034148,0.19546036,0.10005304,-0.15309162,-0.14120992,-0.22689828,-0.018570498
protein|PPAN-P2RY11,0.09361709,-0.055474512,-0.79780036,-0.032271415,-0.05869323,0.13919324,0.48891342,-0.25468555,-0.07972239,-0.007981155,-0.47983825,0.4002281,0.25431526,0.4006605,-0.10848307
protein|MRPS34,0.08908271,0.004999413,-0.2624979,0.37185842,0.31153896,-0.2876634,0.05226594,-0.07706311,0.040365845,-0.010042457,-0.7244604,-0.06788118,-0.21875106,0.3041768,0.04266293
protein|NOSIP,0.032389283,-0.6492635,0.043701902,0.08131093,0.38405702,0.2282445,0.5391956,-0.08263001,0.38808176,-0.14030594,-0.35620046,0.44809252,0.13396323,0.19925086,-0.46930495
protein|PRKCA,-0.081802875,-0.2761383,0.007031375,0.16112483,-0.31788114,0.16579154,0.15023054,-0.06495124,-0.03650914,-0.052486435,0.29358298,-0.30782202,-0.121188104,-0.118004054,0.1021086
protein|POLA2,0.31414473,0.088474624,-0.64638114,-0.09551197,0.24312384,-0.041409105,0.1355934,-0.29770502,0.19691351,0.06890711,-0.033677477,0.15009122,-0.08583694,0.19501333,0.14183672
protein|SLC15A3,-0.38315952,-0.25433066,0.023829145,0.14278959,-0.038295005,-0.3358604,-0.2923093,-0.02443468,-0.17996351,-0.1745606,0.23693271,0.113947295,-0.26090226,0.16761117,-0.026363963
protein|DDX60,-0.19591822,-0.16110936,0.19850533,-0.0010215542,-0.0709918,-0.09585082,-0.34012452,-0.33018312,-0.228704,-0.05621748,0.09154456,-0.06702882,-0.39016277,-0.1643448,0.04640836
protein|SORD,0.07952827,0.21358417,-0.012073711,0.5541763,-0.046622038,-0.23900901,-0.15293066,-0.10358438,-0.01232555,0.41472822,-0.27524185,0.03654471,-0.24866684,0.21534953,-0.1696756
protein|VIM,-0.29193166,-0.1272801,-0.09846065,0.047937457,-0.6751535,-0.18779255,-0.32521033,-0.20160224,-0.61439645,-0.41879004,0.07297323,-0.539292,-0.2535895,0.042046614,0.26339415
protein|HDHD1,0.15850264,-0.08317435,0.18214323,-0.31289575,0.34757477,0.29370764,0.20503467,-0.094532326,-0.018087927,-0.105216175,-0.32011685,-0.28817037,0.025844505,-0.3031596,-0.20235835
protein|LRPPRC,0.4836561,0.53890234,-0.9225285,0.4350892,0.2785404,-0.48062405,0.095915936,-0.35715035,-0.22164863,0.22793768,-0.70222765,0.11362444,-0.39627412,0.2865795,0.21134673
protein|GBP4,-0.3448595,0.06011382,0.36652634,-0.037470024,-0.17396317,-0.5082624,-0.9518563,-0.47213334,-0.11561846,-0.1882961,0.35450694,-0.19312744,-0.5325493,-0.39605162,0.41213644
protein|PEBP1,0.40225518,-0.36721656,0.44089583,0.15476981,0.6337954,0.088565156,0.025556656,0.4968967,0.3509576,-0.28566664,-0.24046606,0.10953129,-0.084794,-0.41291702,-0.22450039
protein|INPP5B,0.29169077,0.53075784,0.22539312,0.27710235,-0.18088998,-0.40129492,0.108906366,-0.35762006,0.16308905,0.22354145,0.21344408,-0.24163958,0.16353859,-0.13435413,0.46826616
protein|LAMB2,-0.17868121,-0.54304314,0.10172763,0.17055452,-0.41826865,0.375202,0.28937775,-0.0050148964,-0.41690025,-0.48169178,-0.020351812,-0.5403968,0.46719986,0.34631214,0.07474013
protein|TJP2,-0.07869064,-0.6124501,-0.13720448,0.49357516,0.13101959,0.12715821,0.3561026,0.3992621,0.24407189,-0.11097242,-0.1312692,0.02935033,0.20976526,-0.03083513,-0.16148981
protein|IDH3G,0.2498102,0.26158652,-0.5859191,0.607249,0.009716529,-0.55837727,-0.25308138,-0.3879219,-0.098059826,-0.07323193,-0.3011897,-0.13458638,-0.45616782,-0.053946145,0.36469397
protein|RPL7L1,0.05186702,0.28394237,-0.687803,0.3706263,-0.043441504,-0.25491896,0.10107279,-0.64485687,0.069106676,0.117185414,-0.45763183,0.024672993,-0.3668191,0.39542696,0.26332876
protein|SLC35F6,-0.38327932,-0.7704311,-0.14801756,0.15920694,-0.14683786,0.22107029,0.2660293,0.0061388416,-0.11036852,-0.26379186,0.10783834,-0.08045287,0.21000423,0.14700067,-0.31312954
protein|SEC61G,-0.3049307,-0.3680534,0.16824132,0.03837224,0.06738038,0.07378405,0.10340992,-0.04735134,-0.14619713,-0.007236855,-0.14425832,-0.17756797,0.032402433,0.23340277,-0.3190939
protein|HERPUD1,-0.1662182,-0.043047693,-0.09447485,0.21964867,-0.014480761,0.022808399,0.3346866,-0.0544782,0.13116935,-0.081527255,-0.15176505,0.020108292,-0.20995228,0.13343547,-0.27509844
protein|TUBB3,0.038664892,0.10469052,-0.10944911,-0.24849969,-0.035502166,0.05708991,-0.058601953,-0.21803667,0.07760068,0.09311528,0.012320945,-0.1879324,-0.17119093,0.0036253084,0.17528906
protein|IVD,0.22237125,-0.007401114,-0.26599693,1.1048894,0.056961954,-0.49536496,-0.289302,0.053522144,-0.12123041,-0.02654714,-0.49286255,-0.3535732,-0.2972942,-0.21827793,0.19770417
protein|LGALS3,-0.55917215,-0.10325356,0.20542057,-0.20227724,0.2663056,0.13579138,-0.3177998,-0.054152332,-0.074184395,-0.07341734,-0.07691851,0.1230838,-0.50454134,-0.24647516,-0.29211244
protein|EHMT2,-0.06647699,-0.60548,-0.08082648,-0.018113967,0.26181105,0.32717097,0.5248085,0.12020435,0.29829326,-0.095819175,-0.021634694,0.27348483,0.21229666,0.19196092,-0.30406487
protein|NDUFB3,0.15551592,0.10416994,-0.29748657,0.30538237,0.2989253,-0.27106094,-0.1132566,0.120210126,0.0953259,-0.24029146,-0.3445365,-0.03522721,-0.44652823,-0.24461773,-0.05770328
protein|RRM1,0.33105054,0.2412138,-0.6668142,-0.18848775,0.054243296,-0.22276364,0.20907418,-0.38413045,0.13326666,0.2472807,-0.48000294,0.24992032,0.111639164,0.13168037,0.32091618
protein|ATP5H,0.4736742,0.29670906,-0.5334802,0.7254933,0.28612167,-0.50634223,-0.21710202,-0.08039857,-0.21709017,0.0972036,-0.5407969,-0.30381554,-0.40896758,-0.040395923,0.44442144
protein|BYSL,0.1365752,-0.41963533,-0.50788045,-0.1042331,0.2824543,0.30716226,0.55276823,-0.21601291,0.2846363,-0.18089609,-0.47218674,0.48717496,0.014464246,0.20144902,-0.44277203
protein|GINS4,-0.12625611,0.17419197,-0.062530585,-0.14328322,-0.19019529,-0.11607194,0.15557581,-0.08084324,-0.0054456186,0.13024917,-0.18817781,0.13266128,0.004709145,0.43585438,0.036647126
protein|GNG2,-0.046011593,-0.567856,0.15782952,0.047684822,0.30333588,0.37379703,0.3709545,-0.10526756,-0.038178112,-0.11779353,-0.0066276575,-0.25689808,0.08466211,-0.2166283,-0.12005614
protein|CREBBP,0.13999763,0.047537122,0.10893296,-0.059174977,0.013893245,-0.029225266,-0.13899083,-0.09733228,-0.16863506,0.15444033,-0.0844197,-0.0029191596,-0.02299945,0.016020583,-0.04825463
protein|ABCD1,-0.15524143,-0.23760457,-0.34773657,0.4363925,-0.25082898,-0.19841288,-0.3738616,-0.09454315,-0.4625598,-0.288072,-0.42060667,-0.37909105,-0.46841148,0.20951281,-0.08038459
protein|OGFR,-0.32725462,-0.8494578,0.19217347,-0.31738505,0.13523929,0.4969637,0.3244742,0.011268459,0.26035947,-0.31489754,-0.22665182,0.15586714,0.26512182,0.060442485,-0.56113243
protein|PCNP,0.502491,-0.3160037,0.092348486,-0.27360156,0.4799751,0.22853073,0.32189,0.07889157,0.6207496,-0.37207246,-0.18920466,0.6539978,0.13427731,-0.20985007,-0.24813063
protein|IGHV3OR16-9,-0.23800619,0.27859998,-0.015329535,-0.14013068,-0.27355552,-0.046845797,0.19630198,0.041924022,-0.14627576,0.32389498,0.37479624,0.13689768,0.1307718,0.69652265,0.009808068
protein|RNF126,0.095144354,-0.32303283,-0.02326799,-0.13546148,0.5134562,0.3151697,0.4091932,0.16430785,0.15537213,-0.14403689,-0.24563096,0.17971957,0.2168898,0.07588774,-0.34184968
protein|DHRS4,0.12129988,0.2779477,-0.4102181,0.87995464,0.044257797,-0.64148206,-0.4609833,0.022897156,-0.11133319,0.14991418,-0.2897036,-0.23374963,-0.53987646,-0.13862216,0.21069632
protein|C9JYN0,0.40889034,0.22329247,-0.3482925,0.34103078,0.191521,-0.037562296,0.14132367,0.046499874,0.18044265,0.12946169,-0.1679781,-0.53771406,0.17495772,-0.3336771,0.19221753
protein|AKR1B1,0.2241888,0.1420486,-0.2031094,0.017326113,-0.09795232,-0.38983536,-0.6368718,-0.46129206,-0.1408001,-0.068986304,0.4078681,-0.13303782,-0.542464,-0.51257443,0.47230548
protein|PCYOX1,0.21656358,0.1392604,0.003057351,0.5578221,-0.32248813,-0.29045206,-0.44110376,-0.117380396,-0.3846634,-0.038649023,0.071136765,-0.7574213,-0.29081985,-0.1537664,0.3676894
protein|SIGLEC10,-0.31523296,-0.3510185,0.31033814,0.05501977,0.11649745,0.119619645,0.04039616,-0.22351475,0.26463783,-0.21724367,0.22849704,0.21663411,-0.36032906,-0.040630706,-0.25314733
protein|MYH11,-0.05317156,0.1751354,-0.1599906,0.14978077,-0.46919233,0.13139452,0.09991336,-0.03554919,-0.46655056,0.028238486,-0.11207727,-0.83639544,0.011918456,0.18298408,0.13279614
protein|INIP,0.047231734,-0.41058072,0.12903911,-0.23734848,0.32460395,0.41266873,0.29156464,-0.13226147,-0.18210696,-0.18301918,-0.1389262,0.22842488,0.28818735,0.18570356,-0.36725658
protein|ITGB6,-0.40121594,-0.1785615,0.1870546,0.14869803,-0.14800052,0.28908095,0.02165487,0.053505767,-0.08545733,-0.35206303,-0.111831784,-0.26123875,-0.29913765,0.579874,-0.16826089
protein|LARP4,0.013503274,0.043289464,-0.5196745,0.14450958,0.1737971,-0.35562226,0.06506563,-0.5143034,0.01726074,0.0044830428,-0.05211879,0.4310894,-0.1974916,0.4061666,-0.118484765
protein|PDGFRB,-0.11213514,-0.19870682,-0.28029,0.39401525,-0.11107473,0.07335198,-0.06940932,0.17788242,-0.40591756,0.19048733,-0.2827712,-0.2271283,0.0002646639,0.10375083,0.15712038
protein|A1BG,-0.46556574,0.085549034,0.46176565,-0.26170915,-0.15779433,0.24242747,0.27543533,0.24711685,-0.16937776,0.1287149,0.29280904,0.193558,-0.059407156,0.534466,-0.34544733
protein|EP300,0.3770675,0.1684876,-0.20608523,-0.16313091,0.18408136,-0.15588637,-0.11088798,-0.4463589,0.43048787,0.11099989,-0.17824714,-0.20657748,-0.15047786,-0.35983855,0.28208786
protein|HPRT1,0.20288983,0.38198224,-0.051436353,-0.16132891,0.48964414,-0.0027861407,-0.09756071,0.051062427,0.31951666,0.32676896,0.040183757,0.23494355,-0.06873075,-0.39495254,-0.03793401
protein|YARS2,0.2894788,0.38077936,-0.36179298,0.30258486,0.38397726,-0.2484481,-0.04969423,-0.21929061,0.0889263,0.08568357,-0.29683992,-0.06716105,-0.56754196,-0.12666401,0.059142575
protein|TF,-0.31458217,0.43158492,0.06571377,-0.33327973,-0.22756693,0.21958385,0.14572749,0.39310142,-0.30879346,0.3568454,0.39211294,-0.05141578,-0.06801996,0.5731086,-0.19253182
protein|MCM4,0.5150898,0.24162778,-0.63600206,-0.3339243,0.29256254,-0.16010398,0.40309405,-0.32767126,0.29228762,0.3437575,-0.49382094,0.740915,-0.0050357683,0.13266842,-0.10641831
protein|DLGAP4,-0.00324232,-0.19435255,0.25386417,0.03463587,-0.035705015,-0.29707724,-0.06660995,0.058014654,-0.13976693,-0.14605108,-0.14330417,-0.18687758,0.06831873,-0.16086362,0.015447979
protein|ZMIZ1,0.08936689,0.47922197,0.07827477,-0.09156298,-0.31061634,-0.33979094,-0.21707815,-0.57083476,0.025980476,0.30830926,-0.007132048,0.15775912,-0.2690186,-0.09090346,0.23219825
protein|MTPN,0.44834,0.082976386,0.27387595,-0.31802765,0.6577481,0.035022583,-0.0036365837,-0.07197379,0.08208463,-0.18542756,0.03295241,0.023090597,0.14686464,-0.6472237,-0.02091186
protein|BRI3BP,0.14533673,0.12897007,-0.27531993,-0.2717111,0.14243789,-0.17055349,0.34608343,-0.02278422,0.108902425,0.2181115,-0.026922805,-0.07026249,0.24488583,0.032263115,0.23172015
protein|VWF,-0.42100415,0.04568879,0.18071674,0.04193629,-0.7873388,0.056342933,-0.03242778,0.0682554,-0.40676013,-0.05682685,0.23132618,-0.1783913,0.12880518,0.85676664,0.09523887
protein|LSM5,0.48257,0.15776199,0.18583475,-0.37624222,0.49183863,0.071899146,-0.072853476,-0.4075809,0.44921657,0.124273725,-0.084069364,0.042567458,-0.27804732,-0.23568349,0.22090551
protein|AKT2,0.21874589,-0.015910352,-0.28172117,-0.38932896,0.09641073,0.1937011,0.13132685,-0.08375798,-0.009973362,0.03592225,0.08660216,-0.116056465,0.025144365,-0.2822305,-0.01688111
protein|RAB6C,0.073919594,0.65014845,-0.14541842,0.25181338,-0.34333214,-0.47487786,-0.16747081,-0.15213317,-0.2817868,0.33357635,0.21619697,-0.30906543,-0.26702923,0.19580789,0.35257825
protein|ACSS1,0.040278867,0.15649758,-0.23095548,0.5260658,0.17264225,-0.38742313,-0.30496928,0.11300038,-0.26795033,-0.1422874,-0.35980797,0.013949052,-0.34600553,-0.031998057,0.18795028
protein|FLI1,-0.36678723,-0.26913056,0.096503094,-0.06999175,-0.06531734,0.7889655,0.4174128,0.4849776,-0.35310858,-0.23746221,-0.111900896,-0.3140031,0.5334734,0.396148,-0.3619557
protein|FAM134C,-0.24471729,-0.43111736,0.07483132,0.16393287,-0.023864828,0.15402414,0.21560584,-0.20510489,-0.21021177,0.12940954,0.09043732,-0.12529115,0.32595208,0.18886904,-0.1519904
protein|MMRN2,-0.26036593,-0.25595087,-0.19190899,0.107850894,-0.27239874,0.27186495,0.24699882,-0.10663678,-0.29341754,-0.17612205,-0.16495486,-0.3095248,0.0019700932,0.45983925,-0.10874701
protein|DBN1,0.15724862,-0.07162083,-0.34280774,-0.040310785,-0.010236604,0.17080525,0.4172219,-0.04264604,-0.11615275,0.005228038,-0.29161316,0.07212029,0.0016391764,0.26311257,-0.19130284
protein|NTHL1,0.035497867,-0.103290446,-0.07643869,0.07400672,0.0845253,0.12898734,0.22138603,-0.09211708,-0.07012452,-0.15968376,-0.116761774,0.2839016,0.1595093,0.26038688,0.011329758
protein|MFGE8,0.035617914,-0.24800639,-0.08794265,0.015338819,-0.10512516,0.35312238,0.12551662,-0.24219947,0.033485517,0.10637071,0.06682644,-0.39659685,0.37572294,-0.027723767,0.1422054
protein|ATP2B1,0.22106971,0.24922961,-0.5657738,-0.027002221,-0.3144152,0.22707383,0.12263098,-0.099997014,-0.32967585,0.20538226,0.08377518,-0.47296473,0.31550714,0.05255356,0.16994087
protein|S100A11,-0.6964817,-0.28817773,0.47341314,-0.5164797,0.1262423,0.13470392,-0.4593366,0.11991041,-0.4249348,-0.23604244,0.19339743,-0.18675198,-0.35607028,0.013138523,-0.34519964
protein|PES1,0.09964249,0.065731026,-0.62151265,-0.2170493,0.0633006,0.30153504,0.4820334,-0.273273,-0.08904234,0.07659189,-0.41365033,0.5033518,0.23045613,0.3070572,-0.20571929
protein|PRKD3,0.1996577,0.31836882,-0.38690045,0.28515688,-0.030366959,-0.13943458,0.10744515,-0.4934715,0.13539389,0.12713899,-0.038376804,-0.0983427,0.06904496,-0.15041062,0.25451505
protein|RPL36A,0.19986145,-0.2662069,-0.016444111,-0.5516206,0.70598817,0.3923552,0.42519543,0.05883945,0.4633277,-0.21154153,-0.2767277,0.48486704,-0.00094789505,0.092664495,-0.31092647
protein|SSNA1,0.2198921,-0.028580837,-0.08917943,0.08444908,0.11124495,0.040183123,0.21700194,-0.7788425,-0.08517183,-0.19851148,0.04742157,-0.0026698671,0.04733071,-0.06934818,-0.17001314
protein|PSMG1,0.43628335,0.5063417,-0.5582548,0.20440185,0.1776322,-0.37522936,0.047614574,-0.58664745,0.2125306,0.38461322,-0.3370023,0.3429456,-0.36491868,0.15132858,0.15353265
protein|CAPN2,-0.29563913,0.02265797,0.26679772,-0.027932256,-0.12667975,0.015436828,-0.45263407,-0.32470712,-0.5538808,-0.30261934,0.082925074,-0.4953265,-0.4397263,-0.14286847,0.073542744
protein|LGALS9,-0.32773322,-0.28609043,0.020463686,0.17118245,-0.24707963,-0.1048105,-0.61361456,-0.24779665,-0.16588598,-0.17449747,0.25151998,-0.43463522,-0.4510695,-0.29169878,0.119267106
protein|FCRL3,0.16150989,-0.151272,-0.28943387,-0.019447675,0.28236538,0.098560445,0.33556986,-0.0779316,0.34096202,0.16083542,-0.28493422,0.12488154,0.1635338,0.13369824,0.017279962
protein|SNRPF,0.3476095,0.26712698,-0.28346753,-0.28939998,0.23710531,-0.05173405,0.19071355,-0.2365704,-0.0126071805,0.14877555,-0.15789068,0.1591713,0.060391,-0.022522317,0.08865011
protein|RGS10,-0.084947675,-0.63508046,0.111512296,-0.38702843,0.0124627,0.3047886,0.22664845,-0.07389891,0.070286416,-0.1702324,-0.05804433,-0.15583919,-0.015696483,-0.21944281,-0.32907146
protein|FAM160B1,-0.09366377,-0.4053915,0.06631344,0.03649887,-0.22333048,-0.04266286,0.074794844,-0.19613251,0.05948038,-0.24576242,-0.24172744,-0.22011635,-0.14134088,-0.10758323,0.003043829
protein|RPS19,0.19011422,-0.43228474,0.13139929,-0.3787289,0.672869,0.34155768,0.37337792,-0.044594947,0.3346672,-0.2990839,-0.6176645,0.5141061,0.0012896624,-0.19521256,-0.6377128
protein|NCAPG,0.29835105,0.11763204,-0.5984251,-0.32033038,0.07375181,-0.13345957,0.20087484,-0.45498154,0.18906927,0.050480273,-0.06984674,0.34589276,-0.01673248,0.17300202,0.08955625
protein|HNMT,-0.31526053,-0.15009007,0.2836027,0.18418136,-0.11395601,0.13253282,-0.544429,-0.03110559,-0.042025898,-0.27572986,0.3405541,-0.4844967,-0.40972954,-0.40488377,-0.061522897
protein|POLR1A,0.049619157,-0.03629085,-0.59115297,0.18231976,-0.04278,-0.091509186,0.36914665,-0.34904706,-0.19018199,0.05203437,-0.20216444,0.05146347,0.22071595,0.44010305,0.088078365
protein|X6RM59,0.05156048,0.3242086,-0.017930903,0.06671924,0.19464983,-0.06212617,0.07343065,-0.2976004,0.09168401,-0.03296953,-0.039427556,-0.2814703,0.022478668,-0.26532033,0.009252856
protein|UTP3,0.20101862,-0.050305292,-0.8100606,0.4848121,-0.15318826,-0.22673535,0.33376032,0.0014174652,0.19447081,-0.094254464,-0.55627394,0.36594868,-0.19258152,0.39196756,-0.1712173
protein|POU2F2,0.4850702,0.17895731,-0.26829726,-0.338244,0.49120948,0.11877437,0.40236288,-0.2915235,0.3409874,0.20456122,-0.43803293,0.37971634,-0.026561707,0.13554451,-0.081261635
protein|VAMP2,-0.61163974,-0.16160649,0.10097816,-0.15948977,-0.14671373,0.46794766,0.1280383,0.07346713,-0.079772085,-0.0006232222,0.14768653,-0.181141,0.21700497,0.4091204,-0.20918496
protein|KIAA1143,0.33976105,-0.4093588,0.18850651,-0.071343064,0.43397796,0.20251766,0.28060114,0.10347452,0.45187277,-0.1552475,-0.14704672,0.39236307,0.3179599,-0.12514551,-0.16764858
protein|STT3A,0.06750122,0.3470416,-0.58426166,0.41362384,-0.3783761,-0.47297046,-0.23763128,-0.2555708,-0.57569677,0.017609155,-0.3217812,-0.3028314,-0.45322055,-0.034656104,0.4576626
protein|ARPC1B,0.16451724,0.16433805,0.3918725,-0.11319267,0.28262228,-0.005787644,-0.46333104,-0.008894756,0.36130944,-0.19312823,0.437247,-0.18012471,-0.115304,-0.7965338,0.21160087
protein|ICAM3,-0.040413424,-0.6686097,0.5235213,-0.116467156,0.34621334,0.18844137,0.334481,-0.24257033,0.49184716,-0.28573698,0.004923948,0.10044494,-0.053470917,-0.037908018,-0.40371174
protein|CAMK2G,0.1869107,0.028017685,-0.07579751,0.17692585,-0.18722963,0.044867624,0.019891175,-0.26399162,-0.0985073,0.07515018,-0.12067065,-0.3099682,0.17028554,-0.17133251,0.26841736
protein|PIK3CG,0.075404495,-0.16624273,-0.21093363,0.2820411,-0.06954982,-0.2238064,-0.13133614,-0.0856928,0.21695626,0.10239209,0.16806403,-0.23082732,0.033861987,-0.3786382,0.2711455
protein|STK38,0.27915964,0.4148287,-0.02496527,0.32665688,-0.19426163,-0.42917415,-0.48515624,-0.5223816,-0.15556343,-0.024699887,0.26534832,-0.39556986,-0.27501923,-0.41369706,0.5922328
protein|PARVA,-0.16452694,0.19783677,-0.18828264,0.27243572,-0.7477702,-0.08263463,-0.18774159,-0.035822146,-0.32633117,-0.0132984035,-0.10596806,-0.66553783,-0.1684473,-0.021535033,0.25383377
protein|CD47,0.0907692,0.33066162,0.47148955,-0.04064685,-0.18171574,-0.3655532,-0.34417468,-0.35051775,0.070476644,-0.03524077,0.45678633,-0.08011266,-0.2535579,-0.0023037586,0.23141384
protein|SERPINB9,0.10479307,0.01669031,0.20592536,-0.03765451,0.09083171,-0.14725494,-0.36418158,-0.46259475,0.03934367,-0.01417792,0.3489421,-0.27214447,-0.28937548,-0.47556317,0.3651646
protein|FNBP4,0.23607713,-0.33530998,-0.17984356,-0.06550557,0.31571,0.2656717,0.37467825,0.0924976,0.091881834,-0.12576038,-0.24860856,0.110832885,0.07274945,-0.09599094,-0.040145624
protein|EIF4E2,0.20192003,-0.0879717,-0.5802983,-0.26656467,-0.103921585,0.10610784,0.046397563,-0.46604073,-0.053558003,0.009238083,-0.12879562,-0.054002065,-0.11893605,-0.11406028,-0.08213886
protein|ZNF598,0.0031274958,-0.30083242,-0.24414198,-0.0942512,0.08141897,0.26744834,0.43433878,-0.004055341,0.23885404,-0.08893211,-0.46918425,0.4447031,0.055096775,0.55561966,-0.434278
protein|SLC35B2,-0.06862503,-0.06489534,-0.20241891,0.5171368,-0.37354767,0.37165695,-0.0069961064,0.27538916,-0.5231087,0.09802437,-0.09945125,-0.21675274,0.31706932,0.19013648,-0.15391058
protein|COQ9,0.1471416,-0.018922862,-0.23594414,0.88247037,0.12027915,-0.17198816,-0.15257493,0.114885196,-0.22501077,0.067393295,-0.69708717,-0.32684305,-0.3910623,-0.118243374,-0.2228936
protein|A0A0B4J2A4,0.3338438,0.1527808,-0.3707827,1.0348135,0.2894656,-0.3673982,-0.14991094,0.33353856,-0.046221457,0.007136212,-0.75088114,-0.17181842,-0.5375419,0.06666703,0.042095274
protein|HCG_1984214,0.11618897,0.13757923,-0.22163104,-0.021440212,0.30447125,-0.20085573,0.08561292,-0.21559042,0.21389192,-0.047225613,-0.42080683,0.14743166,-0.3030665,0.018698584,0.012189047
protein|CLTCL1,0.19356678,-0.27638882,0.22442956,-0.16012944,0.33129606,0.13491501,-0.19012038,-0.51021534,0.4534186,-0.10458933,0.22949444,0.18137985,-0.19736317,-0.35831884,0.08355913
protein|SHMT2,0.4369689,0.28799713,-0.7412298,0.4415981,0.47945127,-0.43445852,0.22013433,-0.13143073,0.111903474,0.33312622,-0.61377954,0.24114282,-0.2956964,0.19746315,0.04890768
protein|SET,0.6705814,0.068187006,0.08602114,-0.57471156,0.60345036,0.06948008,0.28153753,-0.1353575,0.4761648,-0.037203286,-0.2316122,0.4968655,0.08359348,-0.5103207,-0.029397322
protein|NPC2,-0.35339683,-0.4282185,0.2992022,-0.27414855,0.37525737,0.39105177,-0.14044292,0.27576688,0.080406055,-0.44980383,0.2502465,-0.15866548,-0.15686475,-0.19235666,-0.3817133
protein|UHRF1,0.20958135,-0.16070619,-0.6949743,-0.33841962,0.11490852,0.07460788,0.5625981,-0.26112467,0.24231,0.13206342,-0.31468463,0.5455599,0.25429514,0.34070224,-0.14519472
protein|CHTOP,0.0023878338,-0.81087846,0.052646365,-0.29450038,0.31568933,0.35931498,0.5047875,0.13076773,0.18784009,-0.33638588,-0.13630258,0.20622759,0.3110976,-0.16465484,-0.46608475
protein|ERLIN2,-0.11719907,0.43989584,-0.23348953,0.76593417,-0.20498773,-0.42628267,-0.6249165,-0.081399284,-0.43431363,0.26180884,-0.15693587,-0.3554658,-0.40465525,0.10366794,0.3065289
protein|TFAM,0.5497154,-0.32982194,-0.1895507,0.1369593,0.68102884,0.15786791,0.4343956,0.44730985,0.34601134,-0.26072928,-0.43166628,0.1391663,0.21941997,-0.11036618,-0.118328355
protein|UIMC1,0.2579119,-0.63546455,-0.13473165,-0.2790459,0.31739065,0.36329922,0.44407526,-0.13530016,0.32278386,-0.24893229,-0.202735,0.029256787,0.19088998,0.06785468,-0.22336085
protein|IGFBP7,0.028561143,-0.26660252,-0.015426758,0.16745712,-0.030631809,0.31565875,0.47529212,0.06691869,0.054706402,-0.20338465,-0.2139489,-0.07018984,0.18467455,0.21459563,-0.2159421
protein|BUB1B,0.30602235,0.02610236,-0.5896811,-0.10674586,-0.00084530987,0.025837211,0.17594074,-0.20109387,0.37697968,0.19814718,-0.4369862,0.32135913,0.20271108,0.3589894,0.042828802
protein|CHI3L1,-0.53154963,-0.08096584,0.08625367,-0.029813364,-0.10086166,-0.35184082,-0.37300664,-0.09706055,-0.085017316,0.19179656,0.26717803,0.076436915,-0.2624725,0.11965569,0.17733113
protein|ZC3H12D,0.15321392,-0.09220011,-0.27297348,-0.16644068,-0.18123895,0.18504238,0.11397761,-0.37197033,0.2793538,-0.029603017,-0.058717325,-0.15057702,0.36236417,0.07788769,-0.06382292
protein|SMG1,0.03283175,-0.14561144,-0.17921898,0.40522435,0.08739302,-0.1454401,-0.06236665,-0.48026693,0.31053144,0.1221899,0.107457854,0.064412095,-0.27337188,-0.11892437,0.13331224
protein|GLO1,0.40914658,0.17976166,0.45491162,0.11133228,0.5491112,-0.08199552,-0.01185542,-0.24598329,0.17760639,0.0025034843,-0.32887027,0.22470626,-0.2906528,-0.26383305,-0.119273216
protein|CTSD,-0.563808,-0.25163993,0.05728564,0.01905756,0.15510054,0.109880716,-0.37288767,0.041891966,0.10037261,-0.12510239,0.30482647,0.11384928,-0.4969924,-0.09628702,-0.41963574
protein|HYPK,0.105869696,0.10936418,0.21164508,-0.58595484,0.46170956,0.23751688,0.24981688,0.025899298,0.05133408,-0.090828,-0.2268715,0.27878994,0.22854331,0.029344412,-0.38945675
protein|COA6,-0.17854135,0.10354517,0.29424727,0.5290726,0.6351235,0.18391769,-0.036851138,0.19400352,-0.21058877,-0.28916204,-0.13792573,-0.2185593,-0.3473282,-0.07376881,-0.31545642
protein|SLU7,-0.028619556,-0.4681746,0.011030824,0.16450696,0.008277067,0.4960698,0.31279394,0.044623062,0.50001955,-0.24438637,0.078234695,0.10462694,0.25832313,0.12843469,-0.19019279
protein|SIRPA,-0.6599212,-0.32147938,0.5221012,-0.20473483,-0.06189113,-0.022056099,-0.28795624,0.20987484,0.08606546,-0.23535828,0.47812936,0.116167404,-0.18888639,-0.03367149,-0.18895417
protein|WDR6,0.1404754,0.05337585,0.27078167,0.124092266,-0.09547598,-0.16654192,0.16299558,-0.12817848,0.03849604,-0.16529994,0.22828598,-0.15976128,-0.16407469,0.40879777,0.26749527
protein|CPOX,0.1994337,0.08120155,-0.32065746,0.4849763,0.08594887,-0.1921771,-0.09553833,-0.11488316,-0.10993056,-0.13727054,-0.27977374,-0.19201578,-0.47500926,0.22967456,0.12735502
protein|AGPAT3,0.069112435,0.12880191,-0.14781457,0.7134551,-0.31540918,-0.42819017,-0.526658,-0.2964869,-0.06046977,0.15845871,-0.25839245,-0.25073737,-0.5116177,-0.36232218,0.21927108
protein|PDLIM1,0.3175924,-0.26330832,0.045297947,0.04509926,0.08776535,0.002605275,0.3399086,-0.15280321,0.11183451,-0.42455903,-0.5699176,0.27574685,-0.077513635,0.2997193,-0.17662987
protein|MTX1,-0.00870681,-0.1990331,-0.49845362,0.17274094,0.25266987,0.19948871,0.279318,-0.1624969,-0.4409778,0.029647404,-0.54196244,-0.35314125,0.023643512,0.2644837,-0.22236337
protein|WDR3,0.21322611,0.33030415,-0.86429566,0.19006607,-0.26197854,-0.4959586,0.17166203,-0.4812124,-0.2176838,-0.051288392,-0.56216335,0.11858305,-0.09335382,0.2398214,0.22944872
protein|SRI,-0.16755493,-0.027140692,0.2758983,-0.17064366,0.43553206,0.278371,-0.009963123,-0.14939915,0.1240335,0.13272992,0.030397143,0.033932272,-0.09882249,-0.3403165,-0.5856114
protein|LPCAT1,0.21652602,0.07738768,-0.5132656,0.22604558,-0.12855364,-0.12056366,0.119503826,-0.49816462,-0.1574511,0.1267435,-0.021328332,-0.25519794,0.07720851,-0.16264868,0.29443967
protein|SMS,0.35668755,0.2955032,-0.21695851,-0.15301566,0.42940584,0.15582599,-0.019122317,-0.15676051,0.251788,0.21056867,-0.075273715,0.07460216,-0.10574828,0.077480555,0.0132048195
protein|YBX1,0.18325591,-0.11844218,-0.21673414,-0.5425737,0.54583603,0.263296,0.47948688,0.073189445,0.57782435,-0.1564809,-0.4309223,0.6845478,0.06305091,0.15436873,-0.4114635
protein|AFG3L2,0.42461044,0.26327306,-0.6133158,0.9181567,0.30953515,-0.48473284,-0.07768945,0.03665095,-0.10510393,0.17559683,-0.8715653,-0.06213774,-0.4229961,-0.055592667,0.13147242
protein|ZNF326,0.02985728,-0.2658719,-0.27395317,-0.25219685,0.017797332,0.4770806,0.3991853,0.19473015,0.04691851,-0.10378261,-0.35673285,0.22158866,0.1581571,0.21618508,-0.43948662
protein|POLR2M,-0.07856543,-0.44219416,0.4228019,0.20358206,0.029005418,0.39923722,0.08738268,0.0838075,-0.047154985,-0.24998304,-0.23899613,-0.09404145,0.069584206,-0.14174661,-0.5988229
protein|CHCHD3,0.40858957,0.19351718,-0.85604715,0.7480758,0.21455352,-0.39671782,-0.09688747,0.13374522,-0.47785735,0.036485456,-0.5547334,-0.31165737,-0.2970336,-0.08751789,0.24629696
protein|RABGGTB,-0.16913931,0.09387391,0.036987774,0.17800279,0.13097952,-0.14379884,-0.3551731,-0.38590458,-2.3516106e-05,0.17332743,-0.12717305,-0.18942316,-0.38190144,-0.0042235204,0.1671923
protein|GNPDA1,0.07298523,0.34809303,-0.014139393,0.17580675,-0.30581808,-0.5834387,-0.5957178,-0.44009358,-0.18968607,0.12977457,0.054764986,-0.2551177,-0.4442509,-0.37690765,0.5047663
protein|KIAA2013,-0.049687408,-0.16425712,-0.2897186,0.17502494,-0.109686024,0.071441635,0.058634337,-0.08095194,-0.18139336,0.0884307,-0.27261844,0.22085631,0.15692267,-0.03047459,0.09619944
protein|SCARB2,-0.6692022,-0.45191917,0.32064155,0.14384568,0.0069334363,0.24637544,-0.25388464,0.07559687,-0.29781365,-0.35652557,0.07156043,-0.09483921,-0.3978095,0.24160163,-0.5335997
protein|RTFDC1,0.4227784,-0.040447313,-0.32957563,-0.3396801,0.12032782,0.30538478,0.22514918,-0.16017261,-0.08370882,-0.2756848,-0.31390104,0.05721946,0.2280738,-0.06754767,-0.12745158
protein|SCPEP1,-0.45977,-0.10935182,-0.09159261,0.016627686,0.043589957,-0.26599962,-0.553151,-0.13670006,-0.0967819,-0.056207407,0.549269,0.05340675,-0.63758904,-0.24925525,-0.18182631
protein|BRMS1,-0.26473096,-0.47924453,0.21735297,-0.0786406,0.06727357,0.1788275,0.17006911,-0.109416865,0.27498898,-0.13356273,-0.08621881,-0.06754106,0.18637857,0.09932819,0.06421805
protein|CYFIP1,-0.39877975,-0.019345528,0.03293917,0.19822331,-0.24834572,-0.33380848,-0.67627823,-0.53783834,-0.3938346,-0.24059236,0.35914168,-0.3452143,-0.75435746,-0.1442647,0.34782138
protein|PDCD5,0.17318764,-0.2607617,0.057923242,0.108338244,0.49005395,0.2499917,0.09636528,-0.08994618,0.23916422,-0.11813045,-0.16520244,0.37622842,0.0467783,-0.2550992,-0.24035606
protein|BLVRA,-0.00881713,0.2527453,0.14934127,0.102268904,-0.37044904,-0.4335931,-0.6577952,-0.6885936,-0.08554712,-0.07070507,0.3606329,-0.38399473,-0.57248,-0.23491381,0.25519276
protein|DDX21,0.25588882,0.44914493,-0.8798228,-0.081210025,0.04737997,-0.26306635,0.30954105,-0.440956,0.14928547,0.08365392,-0.4048124,0.48364708,-0.20619684,0.48524532,0.1500362
protein|NT5E,-0.3394671,-0.23705766,0.17986,-0.052663267,-0.63859636,0.40105844,0.06428977,0.15655218,-0.4442342,-0.045054812,-0.1146838,-0.36034596,0.10445324,0.29515213,-0.18778081
protein|UBAP1,-0.15560643,0.07300054,-0.31309077,0.35265082,-0.15305941,-0.13983369,0.2470737,-0.14623903,0.04539278,-0.10281957,-0.12738606,0.010420585,-0.101217374,0.376208,0.020069296
protein|MOB3A,0.349264,0.22613455,-0.041490845,0.17068401,0.04666678,-0.10400228,-0.054473188,-0.3088709,0.16539998,-0.024192784,0.15063754,-0.4128785,-0.05673169,-0.47494918,0.5100199
protein|PGAM5,0.440819,0.02111071,-0.6271499,0.23547158,0.5255123,0.007013071,0.34175268,-0.18849085,0.0053722076,0.11020508,-0.5405429,0.14740622,-0.07059856,0.13472675,-0.20604625
protein|LCP2,-0.40491977,-0.5239795,0.51521474,-0.032569412,0.015147074,-0.21553613,-0.6328808,-0.48159176,0.13680162,-0.4627458,0.30437472,-0.2413157,-0.51308364,-0.4670046,0.19665101
protein|TAF10,-0.15735973,-0.5753245,0.10965687,-0.35256064,0.11356025,0.28129786,0.19309495,0.026746262,-0.13823688,-0.3273418,-0.36444208,-0.099034436,0.26994196,0.14691871,-0.3427323
protein|TEX264,-0.21287006,-0.39394698,-0.10352615,-0.16484886,0.075639494,0.39075553,0.15988773,0.32372838,-0.024591098,-0.2744673,-0.0898337,0.13729768,-0.045627467,0.28163517,-0.3859494
protein|BAG2,0.36794516,0.21720889,-0.7193276,0.078041,0.049322344,0.018283857,0.26647764,-0.11672293,0.058353405,0.07562145,-0.32573038,0.07474748,-0.13860402,0.45766318,-0.064089276
protein|MCAM,-0.23364072,-0.38134125,-0.26517826,-0.033883743,-0.13122112,0.33208045,0.45838198,-0.012076953,-0.17975213,-0.01783583,-0.27234513,-0.1960452,0.11071487,0.54613495,-0.28523847
protein|TBXAS1,-0.59337854,-0.1575905,0.029097045,0.07033294,-0.31292564,-0.20778206,-0.43177018,-0.39424714,-0.30504265,0.08024154,0.31641197,-0.18308395,-0.47419712,0.19469084,-0.07086244
protein|BCKDHA,0.10833096,0.2863954,0.05320844,0.52581745,0.092944585,-0.3893223,-0.010068057,-0.10583335,-0.10168133,0.055549,-0.05400581,0.10731579,-0.021174818,0.06280723,0.10178666
protein|RPS25,0.15125524,-0.3575213,0.13637692,-0.39171547,0.66318685,0.04596719,0.4260767,-0.15804802,0.6623086,-0.18694766,-0.65039724,0.5272007,-0.052013893,-0.040263765,-0.38720122
protein|FAM208A,-0.18127705,-0.14492682,-0.2521623,0.15187716,-0.07495972,0.13937682,0.3240656,-0.23869139,-0.04933675,0.025721734,0.050726607,0.0050000367,0.09970035,-0.013913934,-0.0069122557
protein|RBMX,0.29081517,-0.7729233,-0.055189636,-0.22159359,0.5483081,0.40242335,0.62964576,0.02444593,0.7369392,-0.2823271,-0.25692782,0.44954532,0.29380825,-0.26963562,-0.289774
protein|ECH1,0.51682216,0.35218564,-0.63096386,0.7937619,0.16567452,-0.48446333,-0.22977722,0.021373296,-0.28735828,0.034945436,-0.41102272,-0.45021594,-0.26540852,-0.08127538,0.24529254
protein|SRSF1,0.045160208,-0.77360666,0.18911684,-0.25138524,0.6919188,0.45467472,0.6655993,0.16805783,0.5997637,-0.2737893,-0.2552217,0.39710385,0.21753147,-0.07751241,-0.47939533
protein|ALG1,0.06080594,-0.22168414,0.24835779,0.26642424,-0.13723347,-0.14893022,0.3706857,0.13927427,0.2494684,0.1306939,0.16805226,0.13887523,0.45094854,0.3806957,-0.04115693
protein|Q16594,0.14543466,-0.20081419,-0.017155852,-0.032640606,0.11613541,0.12460663,0.23550487,-0.2949252,0.20576836,-0.055219654,-0.10913113,0.06656332,0.11358743,0.018694462,0.040130552
protein|PHPT1,0.066508085,-0.19053473,0.36162943,-0.36385977,0.039119314,0.09650877,-0.22454917,0.15270029,0.26483113,-0.11703263,0.27790102,0.111940525,0.07641391,-0.4009636,-0.060507793
protein|YTHDC1,0.239876,-0.64484096,0.006706085,-0.12270349,0.3724334,0.09927144,0.44743514,-0.018494919,0.57393664,-0.19216238,-0.25550538,0.41725427,0.15897241,-0.09695962,-0.32332915
protein|SERPING1,-0.7264726,0.14766812,0.22532856,-0.048486236,-0.43229797,0.033757843,-0.12972175,0.18349978,-0.21522824,0.2163308,0.55751115,-0.11817843,-0.204942,0.72684973,-0.28338626
protein|ARPC4-TTLL3,0.19420129,0.3100446,-0.13110855,0.20788622,-0.3191576,-0.38926628,-0.4812088,-0.57055974,-0.08752434,0.22565594,0.4141043,-0.39597023,-0.19079724,-0.6101467,0.58477545
protein|TYROBP,-0.7472851,-0.36846182,0.21270691,0.24189724,-0.039224356,-0.024986561,-0.28323093,0.009915026,-0.097468376,-0.094552845,0.37258694,0.04095195,-0.46031156,0.118566476,-0.45350993
protein|TMEM167A,-0.020464217,0.30186412,-0.40520957,0.35821885,-0.1389997,-0.4166592,-0.053623363,-0.45923135,-0.13457572,0.14543124,-0.18711986,-0.18893522,-0.40853918,0.20600958,0.27735353
protein|NDUFA4,0.43971917,0.045628056,-0.040919267,0.34727356,0.09523469,-0.21187867,-0.13527928,0.3077903,-0.14822759,-0.2262593,-0.45141473,-0.18048376,-0.21240169,-0.5742036,0.07023787
protein|ZC3HAV1L,0.2697503,0.08675867,-0.21162719,0.6646851,-0.055647008,-0.16974515,0.07446551,0.17362832,0.057820715,0.10085272,0.051485524,0.11549565,0.21335848,0.032996383,-0.15351681
protein|TMED2,-0.27756694,-0.30646423,-0.3754229,0.26504785,-0.20095763,0.18146156,0.10584731,-0.10490843,-0.6106692,-0.28672427,-0.23372984,-0.3071859,0.0069298586,0.2779744,-0.020906815
protein|MX2,0.013022354,-0.16638593,-0.019839555,-0.07667865,-0.19898333,-0.1611987,-0.18835065,-0.24901988,-0.14110899,-0.18755125,-0.09072918,-0.24485387,-0.021338873,-0.09184477,0.17726135
protein|ITIH5,-0.12910533,-0.17983525,0.15121396,0.052044723,0.018392008,0.3006221,0.34977877,0.21044987,0.08523904,-0.4893219,0.18147287,-0.25330484,0.13234682,0.1081998,0.05336079
protein|MCM7,0.40954554,0.3136279,-0.9149793,-0.19981682,-0.08709415,-0.08667805,0.27468425,-0.37067038,-0.011861,0.36002475,-0.45850664,0.4586186,0.072445504,0.25121045,0.063422516
protein|HEBP2,-0.17683852,-0.25225037,0.43496758,-0.23192276,0.07615523,0.2075355,-0.014891431,0.2626378,-0.23364654,-0.1845176,-0.22724302,0.05700798,-0.033653557,0.16483681,-0.33629465
protein|VIPAS39,-0.0064518135,-0.40366212,0.063156776,0.12903841,0.16679591,0.131829,0.24966419,-0.25825506,0.11416431,-0.12850624,-0.041803394,-0.06831185,0.34613767,0.18799748,-0.124666035
protein|SSR1,-0.31119895,-0.3846767,0.33849502,-0.18225333,0.43189973,0.13015047,0.18983226,0.26638877,0.2011645,-0.2346004,-0.388315,0.24964172,-0.30234477,0.32886484,-0.45529768
protein|SSR3,0.052280553,0.1205793,-0.45655128,0.36436003,-0.394497,-0.5379455,-0.30049324,-0.36448675,-0.3023694,0.098478206,-0.21293274,-0.16392116,-0.4142002,-0.1684392,0.3959563
protein|PPIF,0.0575962,0.25614667,-0.3180578,0.21975678,0.5583675,-0.32970068,-0.20219108,0.095568754,0.17639111,-0.0015359952,-0.46758917,0.09621747,-0.63850987,0.10070445,-0.16111
protein|ALDH18A1,0.32178804,0.21974787,-0.69352955,0.2751695,0.058756143,-0.3550464,0.278896,-0.34039122,0.0046617514,0.077441506,-0.5188292,0.09937251,-0.31596136,0.44507602,0.051236566
protein|KBTBD8,0.037030417,0.1419499,-0.2987541,0.12427859,0.31109083,-0.20062505,0.1651877,-0.16801408,0.09745878,-0.026789332,-0.10910266,0.15893272,0.071003884,-0.01880033,0.11504177
protein|MSRA,-0.04102178,-0.18636756,0.020731267,0.210176,0.12074339,0.075217046,0.062468443,0.110126294,-0.04296598,0.04558302,0.16924836,-0.101709895,0.18766294,-0.28433847,0.09156691
protein|PPME1,0.21437411,0.28193152,-0.30705565,0.15568365,0.056675863,-0.2583429,0.12042664,-0.15008046,0.13272241,0.40917292,-0.15190619,-0.081244856,-0.022274563,-0.1176906,0.36529455
protein|BOD1L1,0.14124912,-0.57707334,-0.22560471,-0.25861478,0.17484027,0.077198006,0.35860384,-0.020324513,0.41333058,-0.25234896,-0.27917838,0.1325264,0.120923445,-0.101390995,-0.2599177
protein|TP53I3,-0.07983315,-0.018678155,0.08097467,0.39410102,-0.009880711,0.010174631,-0.040250324,-0.2337262,-0.19319573,0.053250767,-0.19200799,-0.37840056,-0.1746179,0.021459043,0.08733999
protein|BRIX1,0.16494419,-0.037469387,-0.46932212,0.054851457,-0.12303076,-0.103522226,0.42766276,-0.39285588,0.1295738,-0.08505077,-0.3717997,0.31230178,0.13797052,0.2343041,0.054200154
protein|MRPL30,0.31323084,-0.2370639,-0.16072668,-0.026216606,0.39781436,0.1958197,0.25701153,0.2021964,0.44997653,0.0065811966,-0.22631119,0.5590995,0.16276813,-0.28707185,-0.31486872
protein|BZW2,0.47550568,0.49451962,-0.6444495,-0.103411324,0.22992995,-0.048232056,0.17050987,-0.58780164,0.11172818,0.34202623,-0.43962312,0.24729475,-0.14587927,0.14511244,0.13293642
protein|B4DLN1,0.49650073,0.33681768,-0.1631454,0.21412534,0.73192114,-0.2386356,0.1396561,-0.14898951,0.13455723,-0.0464476,-0.521305,0.2560828,-0.36653286,-0.108598575,-0.040045884
protein|PARP1,0.6643884,0.07973762,-0.635208,-0.12851869,0.260582,0.08763785,0.2808732,0.08095306,0.24642667,0.3719436,0.06279187,-0.110084206,0.51070553,-0.61510473,0.36453015
protein|RPF2,0.052276902,-0.22807093,-0.47237778,0.24051434,0.051431578,0.08105632,0.45626098,-0.113464355,0.20358033,-0.06556643,-0.6079772,0.123027936,0.15160842,0.47966745,-0.067643315
protein|NNT,0.3642553,0.31797433,-0.5991457,1.0305527,0.122540236,-0.5281525,-0.28485337,0.06269368,-0.25567147,0.08666354,-0.31409934,-0.35929674,-0.44404775,-0.087162085,0.32927734
protein|KCNAB2,-0.094304845,0.06694338,0.25716662,0.02674157,-0.119433336,-0.532575,-0.5440954,-0.32011947,-0.08087167,-0.1950645,0.47873977,-0.3306639,-0.28263637,-0.3346445,0.5098086
protein|TAP1,-0.19743575,-0.021910543,-0.028751334,0.12496736,0.053165082,-0.3858711,-0.6919118,-0.2701,-0.17505515,-0.11934026,0.48164046,-0.17652923,-0.45004565,-0.42571908,0.33685285
protein|ENO2,-0.04475698,0.015886823,0.27337518,-0.006742812,0.21953699,0.037495963,0.14264394,-0.16872315,0.09388315,0.14682105,0.27035466,0.00037288712,-0.2004244,-0.07946989,-0.10188236
protein|CD80,-0.3358116,-0.04861868,0.07624007,-0.07591433,0.31467423,0.121451385,-0.009144539,-0.06527254,0.1884599,0.1394265,0.20214072,0.033880305,-0.13839433,0.056172512,-0.3104534
protein|F5GYV5,0.0030202074,-0.7643628,0.13645084,0.08019863,0.48033264,0.30739984,0.48697314,0.08917369,0.47072765,-0.37560514,-0.13957566,0.29967427,0.23583749,0.009415054,-0.33062938
protein|ECI1,0.19298087,-0.0806496,-0.19261979,1.1126741,0.39313334,-0.41961884,-0.06749319,0.1473144,-0.18546961,-0.06052107,-0.6526042,-0.15960452,-0.34367645,-0.04704027,0.13344021
protein|RPL17,0.3149275,-0.18678157,0.17283008,-0.6812656,0.62085307,0.2929697,0.22510265,0.15427317,0.489177,-0.29619837,-0.21387349,0.658971,-0.0027921258,-0.21709974,-0.3161742
protein|SPARC,-0.21500412,0.1013889,-0.2968335,-0.1526906,-0.64694035,0.2753881,0.14930873,-0.09759288,-0.13237734,-0.10470437,0.10182616,-0.34779868,0.11669228,0.4312416,-0.13794716
protein|DPM3,-0.102760084,-0.45433295,-0.49826217,0.19118983,-0.104554154,0.17625062,0.07677226,-0.17734614,-0.39811996,-0.051456943,-0.36969385,-0.28163382,-0.045722622,-0.18884242,-0.08890266
protein|SMC6,0.24690183,0.0025292304,-0.16603865,-0.16375364,-0.0326749,0.0043521984,0.21162301,-0.36603096,-0.21393833,0.16620544,-0.012751081,0.09842523,0.28420916,0.11490959,0.28581682
protein|LSM14B,0.12492816,-0.1363099,-0.054192122,-0.21788843,0.07053835,0.17856891,0.19115408,-0.12778556,0.039665565,0.010080175,-0.32466155,0.101182945,0.066604234,0.12511666,-0.45984527
protein|AHCYL1,0.15751612,-0.078337975,-0.23847961,0.51053184,-0.22981347,-0.30398223,-0.2936528,-0.12911937,-0.13387468,0.0047496534,-0.31001955,-0.46745205,-0.40415543,-0.15678757,0.37606356
protein|TRAP1,0.36811295,0.40007547,-0.75558126,0.62673736,0.23745199,-0.42914018,-0.008003676,-0.4211577,-0.11114098,0.15312202,-0.75643396,0.0721414,-0.50720423,0.34280828,0.1809949
protein|ATP6V0A1,-0.39100417,0.21581003,-0.15284,0.20840126,-0.20765607,-0.5336463,-0.5253761,-0.14906716,-0.27371374,0.07993719,0.19706991,0.08509213,-0.64445204,0.07088445,0.24509399
protein|AASDHPPT,0.38675806,0.3782777,-0.17990443,-0.17743622,0.16129418,-0.092439175,-0.013688882,-0.38758814,0.065061964,0.00423926,-0.25793892,-0.09122914,-0.21787906,-0.23071453,0.19870274
protein|PEX11B,0.060743902,-0.3017712,0.018916177,0.26532945,0.19650863,-0.07715477,-0.18663964,0.14800778,0.08145244,0.2118407,-0.32699925,-0.36267322,-0.0442918,-0.35879487,0.0608517
protein|UFC1,0.43084994,-0.0383945,0.2054266,0.49888957,0.43232372,-0.147078,-0.28004146,-0.28512248,0.13715453,-0.071207516,-0.29610685,-0.13682681,-0.5035324,-0.41940764,0.021673566
protein|UTRN,-0.5492103,0.06578605,0.43580166,-0.07573876,-0.46373996,-0.2995869,-0.11923975,-0.09746684,-0.3625215,0.042445295,0.08295779,-0.02318794,-0.0152466,0.2450905,0.05046689
protein|LMNA,-0.32845068,-0.1870441,-0.15684032,0.09100741,-0.62922376,0.16539414,-0.013933338,0.10294581,-0.6996692,-0.16583803,-0.3603732,-0.7722449,0.12619829,0.14571944,0.02495479
protein|SRC,-0.3800014,-0.21434154,-0.14763448,-0.029419327,-0.089962825,-0.2375536,-0.4352585,-0.10750773,-0.19690761,0.14429949,0.3074399,-0.09090655,-0.2953365,-0.33040303,-0.031802744
protein|PPP1R14B,-0.046858907,-0.3916914,-0.12540174,-0.001415793,0.027978895,0.56693596,0.4206818,0.028393127,-0.021805605,0.033834968,-0.09170363,0.116084404,0.17232096,0.11193537,-0.3987405
protein|RPS3,-0.07237049,0.100728266,-0.028883595,-0.06678253,-0.17953014,-0.44066986,-0.064411856,-0.29816717,-0.07011459,0.16701677,-0.40681812,0.27806604,-0.09011942,0.3069947,-0.0071621262
protein|PKM,0.21507296,0.52459174,-0.30575827,-0.1465152,0.1275184,-0.40640634,-0.3713675,-0.5426696,0.049347363,0.49143854,0.20743999,0.15456985,-0.35547858,-0.30447775,0.18277742
protein|SNAPIN,-0.38283598,-0.19390847,-0.0993267,-0.10608234,-0.07635127,0.50316226,0.29060766,0.3515163,-0.18750173,-0.058512613,0.022108011,-0.32722014,0.16332802,0.43357477,-0.41897485
protein|TNS1,-0.30786112,-0.068651035,0.19728115,0.16909438,-0.22945602,0.16725633,0.11083786,-0.037079137,-0.020529075,-0.1629125,0.12047085,-0.31415635,0.12833007,0.1061058,0.029549224
protein|MEMO1,0.11162582,0.058383957,-0.18865941,-0.0597536,-0.1523527,0.14260758,0.27271697,-0.35632125,-0.21983778,-0.12532274,-0.35984066,0.13280524,0.16056323,0.13650464,-0.2871956
protein|PALD1,0.0464567,0.23496032,-0.50057185,0.24247581,-0.012138092,0.004747482,0.17358248,0.022509495,-0.1279446,0.29177418,-0.19286667,-0.48183852,0.4675801,-0.18867499,0.15785879
protein|NOL11,0.08976005,0.10488711,-0.63243634,0.16699952,-0.045660816,-0.20534362,0.2719463,-0.32356888,0.027598977,-0.010385801,-0.33634663,0.2681581,-0.19132741,0.34395093,0.1257105
protein|MRPS14,-0.052589968,-0.12443584,0.03975015,0.03413064,0.13637727,-0.12599355,0.103879206,-0.2678047,0.31269336,0.2052071,-0.33414304,0.20634122,-0.28034404,0.027012728,-0.060416427
protein|RAPGEF1,0.14040989,0.19603467,0.0035970462,0.105679974,-0.015398992,-0.21331461,-0.03818109,-0.41346517,-0.071508825,0.11721927,0.07053413,-0.31346577,-0.18375948,-0.010034087,0.092373066
protein|ALDH6A1,0.24331017,0.052880175,-0.013091872,1.2482369,0.19449338,-0.45653847,-0.19682053,0.2647381,-0.112198345,-0.06940692,-0.5129472,-0.21183793,-0.3617396,-0.06719107,0.024036724
protein|HLA-F,-0.25237006,-0.44973904,0.39670026,0.09160665,0.10150941,-0.16340306,-0.30069816,-0.42136163,-0.042594858,-0.20389076,0.2609021,-0.39608672,-0.22314267,-0.43021795,0.0025352032
protein|PDHB,0.44788942,0.36067268,-0.53701574,0.6183987,0.20641546,-0.5072677,-0.28420004,0.0076370724,-0.2380963,0.10503909,-0.3768219,-0.30863842,-0.3650302,-0.13386524,0.24258702
protein|PSMB7,0.2802014,0.23791526,-0.29426578,-0.23428428,0.056458596,0.14397345,0.41120034,-0.19161946,0.23510286,0.24842843,-0.52095926,0.4539932,0.044860777,0.20811933,0.0077716415
protein|HRSP12,0.21182992,-0.12520827,0.06807967,0.7754128,0.25067675,0.0659352,0.123119235,-0.042503294,0.10849679,-0.030572977,-0.42394328,0.079414904,-0.1811716,-0.011965151,-0.38905343
protein|ECHS1,0.13226563,0.33337656,-0.24987179,1.094937,0.2790922,-0.52949655,-0.2642198,0.23894745,-0.15174307,-0.030207405,-0.54533184,-0.4363933,-0.5471108,0.091392875,0.22769462
protein|ACAA1,-0.14115602,-0.05864817,0.06540922,1.0437025,0.27803475,-0.33384073,-0.32263848,0.33573818,0.071700014,-0.05677088,-0.5909715,-0.13758387,-0.4009006,0.1201068,-0.22462276
protein|HDGF,0.10459856,-0.6043428,0.45607525,-0.30982342,0.55179054,0.4980309,0.268769,0.41393927,0.5257049,-0.40406862,-0.10575391,0.28640252,0.16185269,-0.24808113,-0.238609
protein|DENND4A,-0.04686615,0.1519362,-0.19232795,0.3653456,0.24721348,0.060340658,0.13853066,-0.0062349997,0.26492545,0.17963956,0.12602195,-0.050521106,0.14890748,-0.12144494,-0.12886402
protein|TOMM5,0.38286442,0.076667204,-0.3900781,0.18485226,0.45774028,-0.28488678,-0.062164072,-0.25750765,-0.020089984,0.14300679,-0.6150563,-0.15311347,-0.3577747,0.028328158,-0.05291098
protein|POP1,-0.049181283,-0.012711764,-0.2868292,-0.19960564,0.23323646,0.27779442,0.47031182,0.09891198,-0.004904799,-0.048001446,0.09694282,-0.048151296,0.2303227,0.15626897,-0.1502388
protein|GABARAPL2,0.21191682,0.19155647,-0.4546407,-0.11438786,0.43372387,0.051229082,0.017964263,0.0003215871,0.1467926,0.37425527,-0.0017304436,0.00054181105,0.18134253,-0.42722717,0.14269128
protein|F2,-0.52272457,0.03787354,0.39714652,-0.2910605,-0.45230246,0.22739108,0.25507694,0.2799285,-0.12740093,0.3183968,0.16893536,-0.039708793,0.08994658,0.66409504,-0.42777446
protein|CDK6,0.15169868,0.10327493,-0.5073043,-0.1143097,-0.007893787,0.14977203,0.2956664,-0.21632671,-0.16532132,0.3165992,-0.0060287844,0.044941794,0.055655643,0.12930442,0.11283432
protein|TCAF2,-0.12848133,0.009890541,0.2538167,-0.056942884,0.13405685,-0.30949855,-0.24901263,-0.28401783,0.115807354,-0.0009823529,-0.06895368,0.07247015,-0.11371739,-0.35038275,0.13733652
protein|NOC4L,0.0569403,-0.05304978,-0.6978676,0.15304741,0.08239224,-0.06011675,0.1348061,-0.48931074,-0.14385974,0.06897239,-0.57948816,-0.042649988,-0.2307881,0.37493047,-0.05848679
protein|GALT,-0.19862555,-0.548036,0.41116643,0.4245455,0.21453439,0.32567653,0.058167644,-0.13608935,-0.19176507,-0.35765326,-0.10263566,-0.4416477,0.101880535,-0.27352566,-0.31910858
protein|MPST,-0.048095938,-0.26591912,0.30005607,0.7336574,0.13831277,-0.1724674,0.070605084,0.22943611,0.14550568,-0.13754652,-0.48010463,0.15985139,-0.28522936,0.3490803,-0.39388803
protein|ANP32E,0.55848646,0.45692578,0.13155696,-0.309002,0.256558,-0.37041956,-0.00016703094,-0.16850276,0.20915559,0.20410728,-0.15841383,0.16748828,0.09442295,-0.40350065,0.466229
protein|THY1,-0.15153955,-0.3244852,0.06622716,0.094999455,-0.015263829,0.56895995,0.21458976,-0.0601069,-0.11132114,-0.17040391,0.14326261,-0.5053066,-0.024955025,0.17687151,-0.064416654
protein|SHMT1,-0.009212805,0.06580315,0.07680708,0.63008016,0.06940314,-0.18849151,-0.09129453,0.101596095,0.052282777,0.12236716,-0.5074032,-0.1095273,0.014921416,0.07532839,-0.01541832
protein|C7ORF50,0.011543356,-0.4712149,0.0024329938,-0.120299056,0.5219355,0.31465873,0.5409862,-0.10796552,0.35294795,-0.15380745,-0.35753578,0.29307908,0.2262145,0.0059231007,-0.11424434
protein|PYCR2,0.10758431,0.13411503,-0.19961454,0.08861567,-0.12298904,-0.18308318,-0.03047515,0.018723834,-0.33361712,0.20695691,-0.60076225,0.086492084,0.0005072139,0.29346326,0.0985756
protein|MRPL57,0.38103953,0.13196813,-0.10508472,0.0073486594,0.65021634,-0.1564973,0.17437759,-0.0033069155,0.31211963,-0.097520255,-0.43596247,0.4080247,-0.2117431,-0.0006842308,0.1224205
protein|DDT,0.11361125,-0.0023512708,0.37748402,0.07469998,0.46631172,0.21983384,0.065752365,-0.08190423,0.2867752,0.049329296,-0.25076136,0.19582012,0.095923536,-0.25855672,-0.44426835
protein|NDUFB7,0.4173008,0.2985399,-0.034374937,0.46905622,0.459718,-0.5138842,-0.25718176,0.03539093,-0.2328658,0.16144615,-0.47265565,-0.2136089,-0.493957,-0.16820522,0.268452
protein|SURF1,-0.11209899,-0.2363426,-0.13381699,0.25013348,-0.119972356,0.084405266,0.17430617,-0.13279195,-0.3819373,0.12896112,-0.027918417,-0.18817304,0.11732983,0.13921103,-0.29432845
protein|IGSF8,-0.096070416,-0.06784985,-0.25915796,0.474396,-0.0050723883,0.15509711,0.195367,0.057884056,-0.071843326,0.014923556,0.11900156,-0.050752603,0.076141834,0.29386383,-0.17340918
protein|LDHA,0.2779867,0.768793,-0.5663899,0.036444366,0.11767617,-0.15192589,-0.110261284,-0.3609161,-0.06796976,0.46032402,-0.005862123,-0.10781558,-0.12076774,-0.072337,0.25274134
protein|CLIP1,-0.27610484,0.32163906,0.34800968,0.21071823,-0.2350156,-0.25434002,-0.26388192,-0.0442547,-0.3200929,0.2013169,0.36501572,-0.047857266,-0.11181377,0.3110706,0.042347
protein|ABHD14B,0.43143937,-0.09908917,-0.06479552,0.31748644,0.34554482,-0.021362454,-0.07181998,0.01333064,0.20879006,-0.089374505,-0.1833822,-0.27158165,-0.12495917,-0.4249177,0.14362106
protein|ARMT1,0.05747248,0.20631482,-0.21477334,-0.050411526,0.2924673,-0.15361254,-0.19858475,-0.16195472,-0.05115032,0.09666939,-0.10375503,-0.28425133,-0.16146286,-0.1585392,0.12550375
protein|TAPBPL,-0.48170155,-0.31747884,0.019432364,0.10284425,0.09011212,-0.16731133,-0.11226096,0.02837327,-0.047008984,-0.2614385,0.100011736,-0.057190437,-0.36191526,0.07331862,-0.1968697
protein|PCOLCE,-0.46403974,0.18258697,-0.12885837,0.025423279,-0.50220615,0.48420817,0.30937544,0.38110057,-0.36089498,0.24427892,0.29536486,-0.43145648,0.33231854,0.5910023,-0.16273539
protein|PTPRCAP,-0.16673227,-0.62005305,0.18120089,0.1846168,0.3861681,0.4558304,0.42019328,0.2621739,0.16782428,-0.28148732,-0.17046404,-0.23537236,0.21426699,-0.36598617,-0.15771623
protein|CYBA,-0.5646008,-0.09540564,-0.15984291,0.04700027,-0.23221554,-0.29805836,-0.51292795,-0.05961045,-0.16371037,-0.050869472,0.59682614,-0.019356824,-0.20375526,-0.13613988,0.12717818
protein|SCARB1,-0.13611308,-0.10685029,-0.20118095,0.437141,-0.040681444,0.116487265,0.1341728,0.109916136,0.3015009,-0.031564202,-0.31113324,-0.19027817,-0.14412831,0.13932109,-0.34933656
protein|LAMTOR1,0.031698436,0.3159351,0.21228062,0.13126624,0.19583395,-0.1695715,-0.05208163,0.19893326,0.032426234,0.17829329,0.357058,0.37729013,-0.0073440913,-0.35007086,-0.07821994
protein|PTGFRN,-0.23182026,-0.3196561,0.18998303,0.115773074,-0.023677178,0.37895137,0.34103015,0.19608037,-0.049440656,-0.25605306,-0.36103547,-0.09507525,0.07205113,0.24091738,-0.21267496
protein|SQRDL,-0.47921717,-0.10134273,-0.06564986,0.39473823,-0.040265232,-0.35371405,-0.6454531,0.08409605,-0.50660115,-0.052254036,0.14308734,-0.39742437,-0.5599855,-0.0704841,-0.011350569
protein|CTSH,0.15977941,-0.022233143,0.11455079,-0.08527401,0.41445056,0.12883916,-0.10652004,-0.1554511,0.14915541,-0.2565398,-0.144977,-0.059759278,-0.12191035,-0.37384626,-0.10252102
protein|TECR,0.3965593,0.24579379,-0.36400223,0.41404223,0.03341419,-0.4992097,-0.21488997,-0.303455,-0.08092912,0.13202612,-0.060772236,0.0052879085,-0.33164325,-0.29629976,0.49937555
protein|PRPS2,0.6165031,0.3868388,-0.39064005,0.064691454,0.12478452,-0.29933655,-0.2646864,-0.36249915,-0.014912813,0.22463281,0.011033103,-0.3987241,-0.2259736,-0.23862669,0.43115628
protein|PTK7,-0.43081743,0.07103995,-0.2674766,0.15070385,-0.36421692,0.17906556,0.16833065,0.18752395,-0.5154778,0.044984616,0.19640252,-0.2783584,-0.13058917,0.49745017,-0.14425917
protein|PHLDB1,-0.46744624,-0.23033857,-0.17654261,0.63015515,-0.13725145,0.25051302,0.14959699,-0.005382451,-0.15339081,-0.04317519,-0.121805616,-0.3470508,0.21032286,0.44843662,-0.24600652
protein|GNS,-0.44991335,-0.77995473,0.46609524,-0.07354213,0.451682,0.28447273,0.1792988,0.14140561,0.23063378,-0.4738197,-0.033651732,0.14482775,-0.06870462,0.27542612,-0.44306022
protein|TADA1,0.06976373,-0.03605219,0.21349771,0.14052679,0.12971097,-0.084341995,-0.051483322,-0.47413602,-0.033706453,0.029391265,0.04077363,-0.37359318,-0.04302797,0.03535051,0.18342334
protein|C17ORF62,0.137051,0.3911781,-0.106877044,0.26182032,-0.24315149,-0.39143863,-0.39141968,-0.4291185,-0.23074916,0.12345746,0.2080307,-0.28942478,-0.26424986,-0.29984534,0.41796818
protein|RPS6KA1,-0.07761857,0.1114076,0.18266922,-0.0074650054,-0.27829987,-0.5861323,-0.20384225,-0.28600985,0.122080304,0.17311737,0.20359461,-0.0027202263,-0.1538598,0.061279215,0.30985823
protein|DTD1,0.057628784,0.19350201,-0.12605225,-0.1462578,-0.08557605,0.01250469,0.32268775,-0.11164561,-0.09816853,0.15949966,0.07408,0.27741742,0.29471934,0.13061756,-0.21924959
protein|SAMHD1,-0.4072188,-0.25635856,0.46865755,-0.086522855,-0.28885576,-0.17148711,-0.7146606,-0.49141654,-0.2682771,-0.416028,0.4152692,-0.5101921,-0.48739916,-0.38165808,0.29875502
protein|ACTC1,-0.026519911,0.13301036,0.068050236,0.06924184,-0.5359918,0.16963866,0.00299774,-0.10638531,-0.6700151,0.06486316,-0.019028636,-0.4966185,0.16358586,0.107655816,0.17283434
protein|UQCRB,0.2966894,-0.031256467,-0.31224406,0.50998396,0.4716576,-0.3038857,-0.1611176,0.20732951,-0.18922055,-0.10532936,-0.77009016,-0.17415252,-0.47825375,-0.2344306,-0.022691991
protein|TRAF3IP3,0.07483115,-0.020076415,0.3352117,0.079636656,-0.1545411,-0.4143332,-0.21536388,-0.20366363,-0.11274608,-0.01328629,0.1751956,-0.23984456,0.08896944,-0.2236488,0.36341792
protein|TSC22D2,-0.1682953,-0.46072054,0.5469815,0.09922995,0.3717374,0.18135498,0.27876583,0.113435164,0.40175232,-0.26091087,-0.2658182,0.1235827,0.17858514,-0.0065420377,-0.37719756
protein|OTULIN,0.24319622,0.178955,-0.3753759,-0.088324174,0.16856728,0.26983777,-0.028918799,-0.030071866,0.007632203,0.201687,0.21199079,-0.16471699,0.27532527,-0.37119588,0.18215978
protein|PASK,0.3505328,0.24970067,-0.14376514,-0.043542292,0.029337203,-0.22302708,-0.08209125,-0.19155385,0.22719632,0.07847586,0.045945924,0.06162717,0.14668489,-0.29209903,0.14667696
protein|BUD13,-0.12784058,-0.46541026,-0.013032848,-0.00076956925,-0.011449019,0.5633339,0.30746993,-0.03954451,-0.07651303,-0.17668667,-0.06614779,0.031492356,0.24075027,0.2302571,-0.19635276
protein|NID2,-0.6201208,-0.31625906,-0.10754946,-0.113777615,-0.23890363,0.60778314,0.25826725,0.18782574,-0.31623057,-0.14440702,0.33946803,-0.13671368,0.094560094,0.64857703,-0.36645365
protein|CD247,-0.17759773,-0.4799372,0.6498151,-0.04330959,0.14243685,-0.03130281,-0.34969333,-0.15175267,0.00029256888,-0.39543402,0.52504057,-0.29283825,0.009897985,-0.41963753,0.10108324
protein|ATAD3A,0.43999586,-0.054272503,-0.73890054,0.48854384,0.2010109,-0.44595146,0.15005097,-0.27273846,-0.14703034,0.09881742,-0.5769738,-0.026726844,-0.24012357,0.045727223,0.14951362
protein|PCK2,-0.20603228,-0.086443536,0.035233695,1.037432,0.26463702,-0.3297909,-0.15806676,-0.07205275,-0.043933127,-0.15425187,-0.70422506,-0.024611268,-0.6614483,0.15132359,-0.27615225
protein|POMP,0.32549202,0.0070671183,-0.089787506,0.17258435,0.2521984,-0.052217938,0.07860865,-0.34495723,0.17386949,-0.01034011,-0.35762662,-0.040669892,-0.25792235,0.1516071,-0.2759194
protein|ARF4,-0.060051203,0.4846673,-0.38482022,0.2784848,-0.26903015,-0.4988341,-0.33899802,-0.24775076,-0.26442957,0.072432816,0.009308499,-0.37174428,-0.43795997,-0.07095117,0.4731588
protein|SRSF7,0.1352515,-0.5265393,0.18318339,-0.34016293,0.6877085,0.325264,0.47379836,0.28271478,0.63416976,-0.16649307,-0.2328116,0.46409988,0.038446788,-0.134295,-0.50647753
protein|PSTPIP1,-0.36059088,-0.122317575,0.3965178,-0.048033286,-0.0008439032,-0.4713425,-0.4993813,-0.19845821,-0.22504458,-0.34875405,0.3639861,-0.30371934,-0.40709075,-0.28543767,0.32526353
protein|CIRH1A,0.1234237,0.4107292,-0.5552921,0.5881305,-0.08478168,-0.23772009,0.087321274,-0.18066499,-0.0949292,0.02221222,-0.29799652,0.021674793,-0.043545622,0.35422206,0.13354929
protein|CD81,0.06310655,0.4812063,-0.00017830014,-0.029242707,-0.31999704,-0.15810005,-0.49830157,0.06703722,0.12386524,0.20874083,0.33548075,-0.36111435,-0.091018945,-0.17339645,0.27390397
protein|SYTL1,0.07963318,-0.45834866,0.27874,0.0882381,-0.22490327,0.17941412,0.21008742,0.033553053,0.22181903,-0.16927491,-0.21947931,-0.016825143,0.34106958,-0.15471734,-0.11913348
protein|C20ORF27,0.017044054,0.28288698,0.016187945,0.2578321,-0.1779584,-0.44836164,-0.3671161,-0.22763556,0.019254431,0.035779458,-0.025219714,0.099817105,-0.2418272,0.02005584,0.19949621
protein|SSBP1,0.38704792,0.15977637,-0.3537649,-0.028156152,0.6458359,-0.1663506,0.17634575,0.270618,0.06515426,-0.006749946,-0.57781243,0.053189393,-0.07481296,-0.08098462,0.012712973
protein|HNRNPAB,0.50489396,-0.13348465,-0.25323904,-0.47989932,0.67979157,0.3122712,0.3645335,0.08940628,0.4574872,0.06759963,-0.30170956,0.61427355,0.026597776,-0.22701891,-0.31962729
protein|MRPS12,0.08752869,-0.20539548,0.0068752887,-0.11908409,0.6211016,0.19369966,0.23095642,0.048207186,0.42603964,-0.21903408,-0.34741977,0.49223325,0.04141907,0.04466249,-0.2178732
protein|VAMP7,0.19266295,0.35521942,-0.36487672,0.2123028,0.034766074,-0.2194515,-0.10793023,-0.2573672,-0.004473478,0.19646549,0.0985554,-0.4061154,0.04388326,-0.17019433,0.31976503
protein|FN3KRP,-0.080853015,-0.86542374,0.14415027,0.09919228,0.08203588,0.15798649,0.24473557,-0.10117337,0.22599712,-0.30944434,-0.11216282,-0.08812103,0.15144102,-0.05983971,-0.034649998
protein|LAMA3,0.09305871,-0.33001485,0.22709256,0.30690444,-0.16276348,-0.00025262762,0.1696011,-0.41677845,-0.117605545,-0.41069838,-0.07638778,-0.40630445,-0.0070238234,0.013757035,0.33357903
protein|SASH3,0.23829207,-0.28203,0.1669075,-0.21532033,0.45434403,0.33162132,0.27094373,0.060168494,0.3924938,-0.0291403,0.2426855,0.009970275,0.22904865,-0.4981718,-0.23095433
protein|ITPKB,-0.13605054,-0.35058093,0.15886562,0.32812777,0.5012108,0.35842934,0.19029142,0.31872228,0.049583003,0.070905656,0.0524474,-0.21912098,0.35099152,-0.377869,-0.112366445
protein|ATP5F1,0.47868007,0.28599626,-0.5687267,0.7605485,0.24560331,-0.43600082,-0.2539357,0.06125452,-0.29820624,-0.05098475,-0.44855472,-0.35936907,-0.32526544,-0.16157103,0.36257312
protein|PUS7,0.13703506,-0.0017151021,-0.19006482,0.02859379,0.058819115,0.04904322,0.1692827,-0.14051591,-0.08014014,0.06324555,-0.26567525,0.23279132,0.14370464,0.30776846,-0.183804
protein|RPL35A,0.2764814,0.19897538,-0.16545591,-0.3686553,0.28126925,0.08395755,0.028211573,-0.3833729,0.06856238,-0.0030338718,-0.44395575,0.3950605,-0.18355279,-0.2199207,0.02269569
protein|RAB30,0.46353495,0.3864867,-0.42352027,0.006622139,0.05174505,0.045357082,0.37138772,-0.029981365,0.105300315,0.29756814,-0.19797651,-0.056230884,0.327796,0.06381356,0.07217332
protein|DHODH,0.120608434,0.12529896,-0.056933198,-0.08456318,-0.09625287,-0.254364,0.08711834,-0.068647586,-0.023389762,-0.1725806,-0.4497784,0.23330276,-0.10770269,0.15722051,0.015181973
protein|EP400,0.0077375937,-0.23779754,-0.085014656,0.1710912,-0.18281066,0.10972818,0.034968987,-0.22366996,-0.034829654,0.11089211,0.3484367,-0.109741144,0.3536424,0.014384591,0.12855022
protein|PPP1R2,0.01979601,-0.58566284,0.5321303,-0.3553009,0.53868,0.19187462,0.13852698,0.0075089177,0.21773672,-0.4695764,-0.14703397,0.22757843,0.025209133,-0.33740085,-0.26372516
protein|ALYREF,0.05255481,-0.70752066,0.109098636,-0.11962263,0.477902,0.2872483,0.577105,0.117085025,0.60510373,-0.21312343,-0.24251245,0.47101548,0.28181425,-0.19369441,-0.39234138
protein|E7ENX8,-0.008421091,-0.020210868,-0.06567525,0.29855925,0.10756314,-0.4441855,-0.49935567,-0.29018667,-0.044807516,-0.0116347205,0.31937352,-0.23372123,-0.36292785,-0.55805033,0.45097527
protein|JUNB,-0.23573484,-0.20390546,0.20115846,-0.29507548,0.17555125,0.18381093,0.12141332,-0.3044427,0.119014435,-0.14808416,-0.06511819,0.11884157,-0.09719085,0.07006626,-0.34448966
protein|NAMPT,-0.19586475,0.34082618,0.28138298,0.16575825,0.2813198,-0.4820831,-0.20660388,-0.19947687,0.04903441,0.19913158,-0.32650805,0.24841106,-0.60508984,0.18864362,-0.1541637
protein|DTX3L,0.021124456,-0.06604002,-0.02283713,0.131907,-0.1102887,-0.28491443,-0.33782127,-0.6272486,-0.053801067,-0.10011066,-0.11163323,0.07233958,-0.3367901,-0.1042945,0.08550608
protein|CTNND1,-0.3306714,-0.4193379,0.056232292,0.6242853,-0.2733691,0.13572133,0.065278806,0.12678275,-0.250695,-0.26218286,-0.25287807,-0.3995592,0.074349105,0.106123395,-0.19543062
protein|SEC61B,0.013788468,-0.3523937,0.0016086528,0.21587205,0.17788474,0.212393,0.12132595,-0.20186195,-0.07091067,-0.22745338,-0.4250461,0.11267069,-0.2447345,-0.078088716,-0.46307537
protein|HP1BP3,0.16838698,-0.7967141,0.46542627,-0.21141788,0.2988557,0.26064348,0.29319715,0.19723757,0.2843494,-0.42319265,0.05522017,-0.2864663,0.34311685,-0.4356706,0.12611279
protein|PARP9,-0.15282944,0.022460606,0.045242637,0.24939743,-0.10275673,-0.31879243,-0.383274,-0.64652085,-0.3001562,-0.23478417,-0.08800414,-0.23864256,-0.5174967,-0.061637923,0.17939803
protein|STK17B,0.2684909,-0.06625196,0.056428988,-0.21811444,0.080342054,-0.013281039,-0.06351284,0.0014377295,0.14842282,-0.29655108,1.5690504e-05,-0.26844802,0.1755361,-0.53692174,0.23940936
protein|ALDH1B1,0.19058684,0.20203024,-0.36333695,0.580249,-0.004843612,-0.094340004,0.054864414,0.01886905,-0.19694284,0.103004016,-0.38471293,-0.39597362,-0.21241036,0.22699404,-0.002443675
protein|ATAD2,-0.06931465,-0.113060914,-0.34711966,0.020731485,0.1892306,0.047647912,0.22452569,-0.13371165,0.11760335,0.13445151,-0.28498873,0.262982,0.14972658,0.14836113,-0.12530017
protein|NKTR,0.18419117,-0.0065245116,-0.12618655,-0.072816595,0.23104489,-0.15570733,-0.0037688438,-0.37357476,0.11632897,0.08480552,-0.13739656,0.011249207,-0.055531513,-0.12876104,0.13537526
protein|NLN,0.20674138,0.3112398,-0.26399782,0.4523629,0.06476087,-0.4416389,-0.27713254,-0.18150786,0.041074958,0.16534732,-0.4110468,0.08745283,-0.37536442,-0.011879338,0.15339084
protein|PLEKHF1,-0.038314074,0.056406543,-0.109428525,0.18207182,-0.17742056,-0.04145235,-0.014131064,-0.09070481,0.19994822,0.12769099,0.15600203,-0.4646087,0.16254997,-0.3769379,0.34063268
protein|UBR7,0.15706089,-0.08269747,-0.09956495,-0.083345726,0.1353258,0.12819889,0.21148014,-0.33460093,-0.004387186,-0.17633635,-0.014625693,0.0063771782,0.28258282,-0.13396057,0.13713773
protein|PSMB6,-0.0013921937,0.15176329,-0.31022346,0.09811097,-0.20317522,0.034872755,0.54571646,-0.05535517,-0.010107171,0.11665912,-0.64516973,0.35916114,0.14037852,0.44259724,-0.069467686
protein|TMED4,-0.12444849,-0.069412425,-0.15754758,0.5059352,0.16630374,-0.20399672,-0.072158836,0.071022086,-0.22592843,-0.13085088,-0.3430641,-0.24190618,-0.35465014,0.17327666,0.06453157
protein|ATP11C,0.10899275,0.35674438,-0.34464,0.42439649,-0.045256797,-0.46481034,-0.03927877,-0.3213302,-0.12696454,0.08953871,-0.15216544,0.06083604,-0.23298997,-0.0618772,0.21622051
protein|UBE2J1,0.042868845,-0.05678601,-0.31026724,0.18073939,0.21653487,0.07678269,0.12777156,0.11640265,0.078417584,-0.059128657,-0.05425086,0.058634244,0.1308069,-0.18938777,0.10509075
protein|DARS2,0.43156317,0.21891218,-0.19953416,0.2615847,0.4271767,-0.44568104,-0.09340282,-0.15777072,-0.055059414,0.04741854,-0.6109477,-0.1048432,-0.26763597,-0.27171028,0.31889427
protein|CAPNS1,-0.0028877088,0.13469423,0.6134027,-0.3463801,0.24126035,-0.0025278837,-0.13892229,-0.023112116,-0.13946241,-0.16116604,-0.052083712,-0.43426114,-0.112011075,-0.26319703,0.086142324
protein|GOSR1,-0.029506348,0.0062119667,0.037844926,-0.28409338,0.3226467,0.058831707,-0.023288364,0.21237202,-0.17786768,0.049144197,-0.35127947,0.23963651,-0.049585693,-0.190808,-0.251077
protein|LAMTOR5,-0.17537202,-0.58510894,0.34646255,0.051476084,0.73819405,0.2732144,0.16120653,0.2704043,0.3325284,-0.15410048,0.045069404,0.27448076,-0.118593544,-0.2755877,-0.5832877
protein|CDK3,0.39124122,0.26616976,0.03218803,-0.11864708,0.033401508,-0.24867135,-0.062777236,-0.14008763,0.15052243,-0.021389147,-0.08244781,0.06791009,-0.07162835,-0.4221045,0.23844202
protein|BRE,0.047658104,-0.0027588792,0.21136715,0.18921281,0.40206096,-0.18036623,-0.014126054,-0.2805106,0.08456853,0.012816565,-0.12760834,-0.41839677,-0.4441857,0.07652089,-0.141925
protein|MCM5,0.4638034,0.26506656,-0.8029399,-0.13506675,-0.027992606,-0.2070844,0.31832534,-0.57780904,0.1875481,0.36232013,-0.30805975,0.50494593,0.02350548,0.13970344,0.10896679
protein|RMDN1,0.20755294,0.21925743,-0.4148318,0.27215296,0.13958618,-0.3245192,-0.1698258,-0.24316649,-0.03024326,0.09763227,-0.2921937,-0.28148705,-0.2117127,-0.25279835,-0.0078695305
protein|PPIG,0.18018275,-0.3762583,-0.05203812,-0.35095844,0.44512022,0.1126668,0.40154198,0.0840284,0.44476047,-0.21551733,-0.20888603,0.32965353,0.053019874,-0.16175142,-0.20629895
protein|SYNPO,-0.14652672,-0.39815158,0.13897444,0.1746697,0.13734925,0.1710448,0.22658017,-0.042825464,0.012350172,-0.19493006,-0.21390438,-0.06733359,0.118741326,0.20437978,-0.37371525
protein|SAMM50,0.36482358,0.25162536,-0.55174685,0.6785789,0.22161245,-0.4032089,-0.12594533,-0.11453366,-0.2327933,-0.025058975,-0.26358593,-0.1908674,-0.15882653,0.15578322,0.27745584
protein|TYMP,-0.57995456,-0.44482327,0.4095562,-0.23974389,0.004661679,0.06968939,-0.5738488,-0.3664669,-0.16751482,-0.21807463,0.52236396,-0.05480993,-0.53739804,-0.2868679,-0.26528528
protein|RRM2B,0.22161101,0.10627851,-0.45408434,0.062378757,0.14540482,-0.041369744,0.015642887,0.06902864,-0.053183846,0.11873308,-0.014798383,-0.13740481,0.21011212,-0.43217,0.36748123
protein|SNX11,-0.07362348,0.22731118,0.08821341,0.07375599,0.3495139,0.0784892,-0.029857017,0.16885448,0.03902103,0.16217874,0.13147853,-0.19379951,0.09486779,-0.28542978,-0.18371983
protein|AIFM2,-0.48737594,-0.010657222,-0.36318657,0.2768802,-0.33501232,-0.19364753,-0.33528718,-0.32245037,-0.10273964,-0.07996073,0.034045026,-0.27826023,-0.5674704,0.23920052,-0.020112073
protein|DHPS,0.2298574,0.12082549,-0.12059191,0.08750995,0.3235811,-0.2427543,0.082855135,-0.24327102,0.22221775,0.08408343,-0.21677305,0.3138591,-0.31443676,0.09610339,-0.009612508
protein|LRG1,-0.22420582,0.2141389,0.30566183,0.07098766,-0.39313138,0.0065847686,0.16427155,0.0073408145,0.017731136,0.18482856,0.22933188,0.20653863,-0.008301926,0.3962804,-0.18527696
protein|KDM2B,0.40091854,0.38112247,-0.47097978,0.0780809,0.006803013,-0.30967593,-0.063612804,-0.4261354,0.12567444,0.34395728,-0.22691512,-0.04236994,-0.014424224,-0.04562264,0.24766383
protein|PANK4,-0.2526679,-0.47182736,0.051662143,0.21784991,-0.027920468,0.20273519,-0.046432555,-0.2917897,-0.15806523,-0.24187544,0.07971788,-0.310035,-0.03742543,0.042455103,-0.07802225
protein|BRD8,0.03780164,-0.31420788,-0.25001627,0.13981788,0.10012854,0.082239866,0.23033412,-0.04706009,0.17468609,-0.08447493,-0.40764236,-0.064198695,0.062601134,0.024517158,0.006055576
protein|SNX18,-0.26486456,-0.6188765,0.27937603,0.2905151,-0.13470139,0.23272477,-0.022529945,-0.3376965,-0.0049480353,-0.341186,-0.08664035,-0.0090427445,-0.18860099,0.16618957,-0.24362771
protein|SRSF6,0.44857797,-0.19136567,-0.32892746,-0.20305632,0.24271327,-0.042690802,0.3266802,-0.06669965,0.6327111,0.08245794,-0.2957488,0.7597696,0.13226022,-0.20916076,-0.033279605
protein|LAPTM5,-0.023269478,0.29169065,-0.1160492,-0.118364535,0.40523332,-0.08631865,0.008444637,-0.1324309,0.22045586,0.09294031,0.15236668,-0.0733664,-0.022932453,-0.25300103,0.21029507
protein|GAA,-0.46016985,-0.3119682,0.13366264,0.43223742,-0.112584606,0.059337284,-0.24118805,-0.026049454,-0.3274618,-0.18751222,0.21774799,0.047334947,-0.19935505,0.009899389,-0.26631176
protein|RAB11FIP1,-0.13021165,-0.4806258,0.078578606,-0.2516701,0.15194163,0.18931454,-0.039992884,-0.15927517,0.01497692,-0.1347194,0.031602073,-0.25510007,0.26029405,-0.41723722,0.13745344
protein|MPP6,0.12320602,0.11120173,-0.5956141,0.15993431,0.32398412,0.023574954,0.28151417,-0.15838836,0.085515104,0.4436349,-0.07193821,-0.022693537,0.0759707,0.08683391,-0.1283673
protein|SFT2D2,-0.02212853,-0.36874905,-0.33521008,0.21169658,-0.11754558,0.005303415,-0.06919458,0.08680023,-0.04664738,0.113246575,0.027325159,-0.1450459,0.20904581,-0.46608338,-0.05349819
protein|RPP30,0.1132725,-0.038102813,-0.22581218,-0.1646051,0.48363593,-0.15859522,0.029578758,-0.47951314,0.15659167,0.07197067,-0.4049686,-0.1127645,-0.34707615,0.021013724,0.16882832
protein|GPSM3,-0.20845297,-0.3384883,0.6022613,0.44963005,0.28975347,-0.03234997,-0.14435342,-0.2548672,-0.07695369,-0.21814941,0.077402614,-0.49378935,-0.16706932,-0.417026,-0.23995504
protein|MCM3,0.5309449,0.29941085,-0.67541534,-0.13660897,0.19839618,-0.12954354,0.34710956,-0.32985815,0.2736719,0.30004877,-0.5028901,0.6295006,0.026007058,0.05931671,0.04220425
protein|AMDHD2,0.06869319,0.041627437,-0.2068968,0.19706732,-0.20575298,-0.28484553,-0.36700317,-0.61201197,-0.040630132,0.14392059,-0.19421013,-0.18934813,-0.42734647,-0.3116834,0.26083958
protein|FBXO6,-0.33601493,-0.1899576,0.42476746,0.44625092,-0.12123877,0.03551259,-0.13798943,-0.10482303,0.102387145,-0.07907758,0.27962202,0.005211688,-0.19424365,-0.24902293,-0.10989172
protein|ICT1,-0.000905216,-0.1867922,-0.43142867,0.0013316134,0.30414447,0.1448386,0.3865097,0.08566209,0.09834351,-0.11724395,-0.7059514,0.10010292,-0.12589116,0.13414961,-0.40903306
protein|ARMC10,0.17665516,0.18808377,-0.34803557,0.42945945,0.001652492,-0.57846904,-0.30796397,-0.19219288,-0.0759943,0.044746466,-0.29106382,-0.081553064,-0.437946,0.14632443,0.2173206
protein|HAGH,-0.14810003,-0.27251008,0.5867514,0.4024901,0.11927288,-0.18447717,-0.029535249,0.15876845,0.23928243,-0.08456457,-0.07005979,-0.28757474,-0.049733493,0.14905459,0.01369543
protein|LIMA1,-0.22003353,-0.20420189,-0.15687582,0.04183535,-0.16271667,0.36398032,0.15707412,0.14060928,-0.284962,-0.14072438,0.16278084,-0.39685374,0.2054314,-0.02223128,-0.025795238
protein|LDHB,0.6484714,0.5307977,-0.37866974,-0.1408856,0.11736309,-0.28954026,-0.079241425,-0.42557532,0.21546389,0.25281933,0.024533665,0.22695078,-0.09982662,-0.23617524,0.39407626
protein|ARHGAP17,0.34732103,-0.14755113,0.30232075,-0.17887698,0.19551553,-0.10117371,0.07809412,-0.15321861,0.29859194,-0.17315257,-0.19297925,0.15818328,-0.06429659,-0.31152523,0.14744364
protein|SERPINB1,-0.39092958,0.020393388,0.6010949,0.12339672,-0.14777422,-0.35279042,-0.6546254,-0.33559868,-0.028969387,0.11425084,0.41627952,-0.103258975,-0.43522933,-0.35578743,0.30411056
protein|SUCLG2,0.35846284,-0.008589922,-0.30422935,1.0797359,0.25202173,-0.44801345,-0.23036881,0.24571803,-0.28274596,-0.16731915,-0.4990599,-0.49428797,-0.31130856,-0.3237552,0.20825365
protein|SCAF11,0.16805212,-0.44508696,-0.04740275,-0.55834913,0.37511256,0.32625213,0.3401109,-0.04760278,0.24014874,-0.21496889,-0.15742037,0.30991173,0.1243304,-0.07067831,-0.06306552
protein|NCF4,-0.4793609,-0.032976024,0.28061405,-0.1619676,-0.10540873,-0.45601952,-0.4984557,-0.25544435,-0.14382398,-0.019984603,0.26990408,0.16436073,-0.19706653,-0.23148099,0.08797513
protein|GGA3,-0.15726934,0.052983917,0.15293583,0.09668573,0.026572205,-0.0036200378,-0.07578747,0.02082185,0.14311214,0.08835305,-0.08112416,-0.12137921,-0.052381832,0.254295,-0.058415603
protein|TRAPPC5,0.11233775,0.21390533,-0.110731915,0.1373065,0.07194495,-0.42098373,-0.09240221,-0.26431444,-0.08041921,-0.004097273,-0.24626559,-0.2500605,-0.12880029,-0.3328423,0.35542086
protein|ENSA,0.33086598,-0.3510909,0.2522327,-0.2816444,0.54367864,0.30226037,0.087919556,-0.03683732,0.45606712,-0.10926442,-0.12140392,0.36059132,0.13118385,-0.46482366,-0.28701913
protein|PXN,-0.31039995,-0.5430587,0.1135805,0.31354052,-0.41856673,-0.071843125,-0.111585245,-0.10712362,-0.05790103,-0.3639749,0.12227729,-0.25459036,-0.11031581,0.21487956,-0.10200532
protein|NOB1,0.32847357,0.1689927,-0.48625684,0.021488415,0.049190097,-0.28191808,0.18220457,-0.61385435,0.13349116,0.25385472,-0.21173532,0.35253838,-0.0020383075,0.009493887,0.17028207
protein|ANXA4,-0.38934132,0.004775364,0.07757266,0.29747573,-0.23759463,0.08814095,-0.34746745,0.035201058,-0.4882641,0.043107335,0.014654095,-0.60214883,-0.21952131,-0.10766365,-0.054438118
protein|ACAD9,0.24454796,0.32759827,-0.6786367,0.44217035,0.09881003,-0.6112868,-0.053584132,-0.21768376,-0.08979767,0.11265661,-0.5009166,-0.16429184,-0.22455816,0.052865185,0.3113668
protein|SYNGR2,0.20212975,0.0043040207,-0.47985464,0.28675768,-0.08684568,0.020154482,0.07768189,-0.05266294,0.058700383,0.24829079,0.07122319,-0.4044696,0.21917248,-0.41611218,0.0937484
protein|ENPP4,-0.10656775,0.10006504,0.013544314,0.22198606,0.27186832,-0.17691405,0.06470172,-0.19212516,0.33512554,0.20492129,-0.31164953,0.10954945,-0.34213766,0.23587774,-0.2516996
protein|GNL2,0.19485268,-0.64525294,-5.9542996e-05,0.005159772,0.5185344,0.36330613,0.37938446,-0.027239343,0.28916624,-0.18729983,0.07411077,0.06972313,0.097344816,-0.23636653,-0.08076154
protein|FAM3C,-0.24455059,0.15495488,0.04504272,0.117982104,0.26169443,-0.12213394,0.09582438,0.0745757,0.09144773,0.15901487,-0.31318805,-0.2472165,-0.20257922,-0.1836869,-0.098694496
protein|SDHB,0.13092507,-0.08483252,-0.11957541,1.0192325,0.41014585,-0.46652982,-0.32712045,0.17466925,-0.19017547,-0.2445755,-0.54139245,-0.29186955,-0.5674819,-0.070529275,0.075530276
protein|ACYP1,0.38240224,0.049759597,-0.037480503,-0.08206825,0.35733962,-0.06652604,0.29113868,-0.1275892,0.318078,0.13423607,0.014098269,0.10346137,-0.060151428,0.08115744,0.012027478
protein|GNA11,-0.12429871,-0.17752255,-0.14025909,0.19966623,-0.38190794,-0.15258457,-0.04980268,-0.1092338,-0.25211892,-0.17033413,-0.22137679,-0.37218687,-0.04719655,-0.011371417,0.13758636
protein|NPM3,-0.04990209,0.087519035,0.014956258,0.6303285,0.07305912,-0.147186,0.23150761,0.05561618,0.21595715,-0.060461067,-0.6942743,0.19124927,-0.1889484,0.40596473,-0.18836841
protein|D6RF44,0.105371386,-0.4180322,-0.047863215,0.21147697,0.16195038,-0.17221415,0.25195312,-0.26792058,0.2859026,0.08978401,-0.18359998,-0.032542594,-1.662648e-05,-0.091718115,0.11118213
protein|ENY2,0.08691798,0.04710484,0.3878288,0.2765882,0.33843654,-0.22449465,0.3536991,0.013166425,0.07357322,0.1540693,-0.25524846,0.18724686,0.22243914,0.37184137,-0.13587332
protein|SEMA4A,-0.10917728,0.11182135,-0.21634457,-0.28052235,0.011334208,-0.05043215,-0.01720375,0.052361432,0.07125589,0.3856557,-0.09872503,-0.058361802,0.12331095,-0.15205513,0.013406036
protein|LAMB1,-0.4882615,-0.074411355,-0.3956838,-0.09402388,-0.40589374,0.24985768,0.20716938,0.057537597,-0.261953,-0.15305789,0.20232451,-0.3344782,0.0010975485,0.67550224,-0.07056013
protein|COL4A1,-0.3625977,-0.3754778,-0.085106425,-0.16516094,-0.122502826,0.47315603,0.123595215,0.19243059,-0.49726844,-0.22125249,0.05032053,-0.31536305,0.13794649,0.4062484,-0.19537018
protein|HNRNPDL,0.17055155,-0.28228134,0.05294343,-0.096539475,0.5735983,0.21590796,0.35814774,0.09747833,0.46687356,-0.18055995,-0.19685759,0.49661872,0.0038136197,-0.13163605,-0.29426512
protein|NDUFA6,0.21342778,0.15165949,-0.20482135,0.24770658,0.13888806,-0.62456465,-0.17347947,-0.4403089,-0.08253665,-0.111681625,-0.32175827,-0.12312733,-0.5484878,-0.30297682,0.27825457
protein|FAM136A,0.09664102,-0.0694439,-0.26225618,0.42265344,0.26459426,0.098790415,0.079380676,0.13688213,0.044949,-0.10109996,-0.22514011,0.15906715,-0.04842344,0.12769215,-0.15362784
protein|NDUFS8,0.044628333,-0.3715345,0.026300207,0.674548,0.6028406,-0.18290539,-0.06971474,0.0319474,0.08450033,-0.16967808,-0.44514263,-0.080197744,-0.2630222,-0.18866976,-0.021223035
protein|ATP5C1,0.30388135,0.4343172,-0.5096812,0.8793227,0.049203172,-0.58065957,-0.17212494,-0.08508897,-0.30777717,0.043718413,-0.29481414,-0.1640855,-0.2337734,0.124553375,0.48540938
protein|CSNK1A1,0.2562709,0.049179487,-0.30154037,-0.19067667,-0.28230783,-0.3956542,-0.027553095,-0.4652177,-0.0033571653,-0.02879409,0.20949598,-0.11581188,0.26647288,0.043370314,0.47278783
protein|ITGB1,-0.4795027,-0.26461414,0.21919888,-0.052967515,-0.09564715,0.35048783,0.17921178,0.2642604,-0.20131384,-0.3457403,-0.053778242,-0.24845865,-0.012677723,0.5927657,-0.28123868
protein|CHORDC1,0.23947194,0.5019219,-0.23225817,0.1204805,-0.056493677,-0.06695147,-0.14592533,-0.42835936,-0.0019854868,0.1441449,0.031630624,-0.06846616,-0.15769972,0.016242975,0.2965712
protein|TAPBP,-0.19271891,-0.26610455,0.077507794,0.05241411,0.07155482,-0.36529374,-0.56017303,-0.23166047,0.18461229,-0.11655357,0.42094523,0.067769974,-0.52632684,-0.4398749,0.19757894
protein|STK39,0.27818173,-0.1478872,-0.061165385,-0.17107473,0.14665873,0.26785424,0.1432867,-0.07293756,-0.07204807,-0.09523138,-0.047830164,0.075148754,0.22848795,-0.34025574,0.06666287
protein|FCHO1,0.004479873,-0.43025586,-0.17511931,0.0326502,0.05869549,0.18666294,0.13886829,0.22418866,0.11851653,0.016569788,-0.08097161,-0.0043425537,0.45060727,-0.12767929,-0.21946019
protein|MYO1D,0.025689982,0.34436807,-0.037180353,0.104569376,-0.067449935,-0.0007482407,0.19796062,-0.07279818,-0.36250922,0.3533191,-0.23215525,-0.33128154,0.22605233,-0.006656603,0.19775388
protein|UBAP2,0.12866473,-0.010973948,-0.38834286,-0.010126076,0.41999102,-0.098222494,0.3127713,-0.22338215,0.3594128,-0.045394562,-0.37294507,0.54278404,-0.14715262,0.04796981,-0.30553168
protein|NANS,0.030321864,0.26518828,-0.25034344,0.09313023,-0.051724143,-0.060292717,-0.40136555,0.0042474573,-0.111054614,0.15228717,0.11104124,-0.18741573,-0.29892683,-0.33890003,0.2943744
protein|DSCR3,-0.050026532,0.2126123,-0.18230288,0.016066365,0.0372286,-0.55053616,-0.17628464,0.02499561,-0.08389126,0.032548167,0.077461556,-0.18044102,-0.37432984,-0.014693518,0.37554017
protein|INTS8,0.15762205,0.2574,-0.41221073,0.056405418,-0.11860782,-0.34451488,0.015742978,-0.58355165,-0.14903285,-0.04191789,-0.14407681,-0.19826756,-0.24992958,0.10865083,0.31532565
protein|HSPG2,-0.49560478,-0.2554852,-0.25972134,-0.11660958,-0.4474338,0.53366005,0.3511983,0.24024142,-0.34797168,-0.16944844,0.0917787,-0.39284796,0.27745506,0.73030514,-0.2533191
protein|DDX20,0.090273656,0.11681206,-0.43578678,0.3211662,0.14467265,-0.3076396,0.18414101,-0.2693721,-0.011690639,0.18789195,-0.27917072,-0.115504205,-0.20367183,0.00814126,0.12370841
protein|POLA1,0.16247214,0.204234,-0.28789738,0.3797179,0.27170122,0.12586047,0.2279382,-0.033099417,0.26806176,0.17264839,-0.6374768,0.21811564,-0.08843237,0.13029033,-0.2904388
protein|SH3BGRL,0.16869156,-0.41992623,0.40204853,-0.35060993,0.6113707,0.3278423,0.039001107,0.23868924,0.3749801,-0.24377511,0.15903373,-0.1487157,0.13381013,-0.5749127,-0.09764925
protein|FEN1,0.4086136,0.14247422,-0.4837866,-0.3894411,0.4657972,-0.010394329,0.40527087,-0.18370283,0.4241065,0.31493694,-0.21318449,0.5474703,0.12917309,-0.17987834,0.025333053
protein|ANP32A,0.5328486,0.016923517,0.37726215,-0.21245904,0.8550521,-0.033044517,0.18124449,-0.19566298,0.5584003,-0.17654905,-0.28475088,0.16975956,-0.0643389,-0.35863858,-0.08629875
protein|UTP6,0.08438472,0.013971095,-0.6677581,0.16045122,-0.17086032,-0.38718998,0.23156598,-0.25160867,-0.1549965,-0.042843502,-0.47341934,0.16506912,-0.052048586,0.35918546,0.30607495
protein|SMAP1,-0.051194873,-0.022320498,-0.12908399,0.13998137,-0.018488178,-0.18854348,0.037214834,-0.34874016,0.034110084,0.20273916,-0.03429416,-0.085697,-0.008926938,-0.085888244,-0.07886245
protein|RLTPR,0.21393837,-0.46318406,0.16145772,-0.22115251,0.38728112,0.29148808,0.30850217,0.08034563,0.31021768,-0.21784732,-0.212554,0.12291037,0.3324012,-0.13355246,-0.19472392
protein|GGH,0.08045792,0.18216014,-0.20683467,0.099739924,0.08513239,-0.29741514,0.16052282,-0.027439957,-0.10677018,0.15672207,-0.4258246,0.19262259,-0.26464245,0.26210222,-0.039992943
protein|IGFALS,-0.47238004,0.013062353,0.019976996,0.284166,-0.23574923,0.13619415,0.03142681,0.28225332,-0.06546968,0.24408941,0.20759365,-0.3186986,0.0497827,0.52752215,-0.09951789
protein|LAMTOR3,-0.28748924,0.016051773,0.05403551,-0.12908472,0.13008226,-0.08247312,-0.13125996,-0.1931537,0.008100355,0.15418223,0.17734852,-0.05888336,-0.35494706,-0.23897591,-0.20037968
protein|CCDC58,0.24498965,0.17928933,-0.222768,0.12979381,0.5261238,-0.27878892,0.061781187,-0.25961715,0.014966496,0.21368259,-0.4089388,0.3094893,-0.18069068,-0.08383702,-0.14191177
protein|PAICS,0.49878702,0.5841931,-0.6834722,-0.007901335,0.22679456,-0.2893993,0.121822774,-0.44155368,0.14238094,0.4270798,-0.38855144,0.42295358,-0.13939138,0.21979284,0.10040132
protein|PTK2B,0.024606703,0.119623475,-0.2518935,0.2390168,-0.13184099,-0.14452434,-0.18113154,-0.14968282,-0.055583574,0.10951293,0.3559022,-0.4880166,0.18833955,-0.33024693,0.25119758
protein|MMP14,-0.56386256,-0.16513453,-0.29498968,-0.32533747,-0.20711142,0.22162534,0.008822019,0.076710604,-0.27815303,0.084412396,0.17106897,-0.36255836,-0.16197106,0.35098428,-0.25250623
protein|NPC1,-0.27561864,-0.3027008,-0.20926514,0.0250733,-0.1778329,-0.0063786325,-0.14028227,-0.07290465,0.05414834,-0.1374448,0.050427828,-0.05022974,-0.105404295,0.058935817,-0.29385146
protein|PAIP1,0.19982605,0.04029068,-0.47525403,0.31403846,-0.000734263,-0.29757628,-0.017110556,-0.5390556,-0.07902833,0.121684425,-0.3493046,-0.114667684,-0.3256935,-0.14915328,0.20976953
protein|RPL23A,0.34122697,-0.2615399,0.05210737,-0.3830657,0.4571609,0.060174655,0.15972836,-0.12277313,0.7142862,-0.14379948,-0.3834926,0.7256783,-0.04261825,-0.22337304,-0.2448546
protein|DOCK7,0.07199327,-0.28645766,0.030158315,0.028043577,0.43199542,0.0030992106,0.11770579,-0.49591613,0.43996412,-0.13880016,-0.4844765,0.45349678,-0.123197734,-0.12006534,-0.3037523
protein|PDIA4,-0.11210389,0.12724493,-0.24136539,0.3120174,0.24591753,-0.016807156,-0.14384751,0.15842457,-0.062305808,-0.06471807,-0.23990284,-0.036423385,-0.29237336,0.06574452,0.014438742
protein|LTBP4,-0.17016464,-0.4232151,0.29911736,0.16979258,-0.046889037,0.20231216,0.2341549,0.14149691,0.056123503,-0.2207648,-0.2285583,-0.036758933,0.16424483,0.5037524,-0.20724648
protein|SPATS2L,-0.23091617,-0.42400318,0.017782986,0.17693825,-0.020278554,0.13146864,0.11114105,-0.0172863,-0.0018741052,-0.24759318,0.10145938,-0.0029023925,-0.28969428,0.10750055,-0.13649009
protein|COL18A1,-0.5009644,-0.331077,-0.043357883,0.053183556,-0.34101665,0.316061,0.08336831,0.015694316,-0.34216663,-0.30076382,0.014474669,-0.096266374,-0.054661725,0.5766109,-0.266381
protein|NUDT4,0.056119952,0.2927204,-0.1427901,-0.14987399,-0.25786114,0.18696603,-0.02988573,-0.20046283,-0.06888847,0.16769204,-0.14484905,-0.020205043,-0.008254994,0.12444789,-0.08766388
protein|ASMTL,0.2481013,0.18567137,-0.24377815,-0.13542362,0.007004642,-0.10387667,-0.03707671,-0.27931085,-0.08889259,0.12500574,-0.17517518,-0.13379534,-0.1599828,-0.09722183,0.026585337
protein|MRPS28,0.29445356,0.19678679,-0.33913147,0.50973135,0.29584727,-0.28564757,0.00398858,-0.3282731,0.072357,0.1558188,-0.6337426,0.09996311,-0.36019784,-0.13152823,0.07079053
protein|SMARCC1,0.12007509,-0.16113816,-0.035548095,-0.19867112,0.1809672,0.20568584,0.25794607,-0.10386136,0.22840479,0.058334943,-0.122567944,0.44511965,0.123234995,0.2550733,-0.38595656
protein|CC2D1B,-0.06555144,-0.23311736,-0.03800874,0.07122648,0.23362193,-0.20117728,0.10148239,-0.49466366,-0.06088825,-0.11165975,0.09227626,-0.115624376,-0.14901055,-0.0898288,-0.106732324
protein|FKBP5,0.3650399,0.25928274,-0.24045646,-0.18774767,0.09026871,0.026005577,-0.36570317,-0.16089442,0.056371793,0.0018369925,0.23242322,0.039757363,-0.31022778,-0.22219902,0.14861386
protein|FAM49A,-0.0075615332,0.07302607,0.019100063,0.13401873,-0.0636814,0.075817294,-0.13860193,-0.3810034,0.032600656,0.13589892,0.01583311,-0.30238825,-0.062632285,-0.34614682,-0.052540068
protein|GTF2A1,-0.11282152,-0.44279206,0.19717018,-0.30381495,0.26292342,0.24291624,0.31174186,-0.027881641,0.15695238,-0.099103115,-0.2338746,0.02563847,0.22678666,0.12209882,-0.32011536
protein|HSF1,-0.19905832,-0.50524354,-0.0031805946,0.042852327,0.3109273,0.3915672,0.43529993,0.07395069,0.05610007,-0.1566722,-0.17344393,0.098731644,0.2987016,0.17192273,-0.51016957
protein|CCDC88A,-0.15533106,0.25770572,0.08079887,0.014092019,-0.14741226,-0.064192496,-0.020670421,0.27014548,-0.0029878258,0.30207792,-0.14070758,0.17217293,0.08960032,0.054872785,0.15360995
protein|CLIC2,-0.015126799,-0.15560964,0.28010854,0.30829972,0.053856798,-0.23661533,-0.24525139,-0.2476034,-0.14804846,-0.122228734,0.21520355,-0.2790922,-0.18777849,-0.09591721,0.31933627
protein|ERCC4,0.008961753,-0.1696877,-0.33709133,0.20965509,-0.09410968,0.047690295,0.39796525,-0.099143386,-0.41401136,-0.17935136,-0.088042215,-0.2670716,-0.07134902,0.36846673,-0.07008204
protein|STAB1,-0.4527676,-0.18686679,0.44927746,0.19860159,-0.17820823,-0.014734293,0.059287034,0.06728545,-0.42976853,-0.13304465,0.10441729,-0.09062253,0.010979527,0.35367787,-0.18677716
protein|E9PQG4,-0.077779084,-0.46238086,-0.15307824,0.29940253,0.03589858,0.0138214845,0.051552683,-0.30289817,-0.20420182,-0.042648617,-0.30342817,-0.49990597,-0.07704979,-0.3455965,0.05257333
protein|REPS1,0.034216113,0.045827642,0.264861,0.119019374,-0.23315282,-0.053308483,0.12152987,0.088662714,0.07321621,0.15623459,0.1657904,0.14433198,0.45277944,0.11340352,0.062069282
protein|MYLK,-0.06743947,-0.015431803,0.045497272,0.2180308,-0.64903176,0.016866997,-0.35639462,-0.19393617,-0.4044555,-0.16440801,0.033501703,-0.5872108,-0.18248671,0.105338104,0.17575139
protein|TRABD,0.23939654,0.26148525,-0.649198,0.5081551,-0.05716493,-0.11961032,0.058962654,-0.21046788,-0.31613186,0.1911134,-0.14147489,-0.20269819,-0.11890064,0.1996861,0.015552435
protein|LTV1,0.20997581,-0.24848007,-0.30240214,0.05113755,-0.027523652,0.10382134,0.3064454,0.037360962,0.19245341,-0.14648962,-0.4428568,0.33675697,0.049839836,0.21363777,-0.24940445
protein|CDK9,0.17765492,-0.28116688,-0.04614896,0.12308151,0.17734747,0.21606179,0.24095435,-0.15177539,0.20176266,-0.10373049,-0.28948358,0.34072185,0.24036597,0.09516771,-0.43374547
protein|PAPSS1,0.3792633,0.3550934,-0.31847328,0.080869615,0.059812155,-0.18228868,-0.04439382,-0.037511576,-0.106256254,-0.052185655,-0.12577784,-0.069517225,-0.09336129,-0.22001751,0.27336696
protein|SH2B2,-0.14815132,-0.3454595,-0.14254661,-0.034719214,0.049820654,0.1545693,0.12220453,0.007582355,0.1708107,-0.035991102,-0.22907926,-0.06586104,0.17468524,-0.03311781,-0.23080528
protein|GCLC,-0.078709915,0.12278392,0.39584222,0.52971816,-0.0567909,-0.47601655,-0.3233772,-0.3204241,-0.06761099,0.029950079,0.18042997,-0.051869046,-0.37194377,0.13228719,0.16320446
protein|TRIP13,0.20752895,0.110772096,-0.5287731,0.1592396,0.090616345,-0.20488927,0.37402955,-0.3445921,0.2702121,0.24483767,-0.3105349,0.22784144,0.19513045,0.17855132,0.008861028
protein|FGD3,-0.08501037,0.12943114,0.16713645,0.19593063,-0.04375749,-0.23023896,0.10394417,-0.22618991,0.31448478,0.09917374,0.07957194,0.09401483,0.05981373,-0.09278692,0.040822897
protein|NADK2,-0.05439256,0.083092175,-0.033731855,1.0936912,-0.107274055,-0.46061534,-0.00213495,0.13247691,-0.10141231,0.11314169,-0.33526745,-0.1383242,-0.15489046,0.19859874,-0.043951258
protein|NDNL2,0.035070173,-0.42269748,-0.060457364,0.0009731881,-0.015215574,0.29384947,0.3578713,-0.043648794,-0.19707578,-0.05883822,-0.25706723,0.05400616,0.29549667,-0.026293615,0.020902017
protein|ATL3,0.06627365,0.44924343,-0.06274095,0.41343758,0.013430957,-0.3681709,-0.21375582,-0.25279474,-0.31076643,-0.13882661,-0.041241292,-0.44440898,-0.38435987,-0.036037277,0.37992713
protein|ITPR1,-0.098502375,0.051609326,-0.2624276,0.060836986,-0.14528808,-0.33136544,-0.29970923,-0.28744608,-0.117768615,0.20102917,0.31656298,-0.41333026,-0.07897304,-0.239589,0.22487664
protein|GTF2E2,0.32331705,-0.23202898,-0.37411034,-0.16168353,0.22747825,0.06011209,0.29510018,-0.11202426,0.316207,-0.021583535,-0.12796926,0.41030207,0.054162335,0.0029735032,-0.14719859
protein|ANKRD13A,0.27374682,0.21015142,-0.20470624,0.23435561,0.1476045,-0.16341716,-0.034539334,-0.1260417,-0.07393826,0.2030086,0.29074514,-0.34260684,0.17692617,-0.4877525,0.26472566
protein|AGTRAP,-0.3195038,-0.11261258,-0.14441478,0.10769736,-0.3834422,-0.29788882,-0.25536662,-0.1825652,-0.18404675,-0.007657407,0.23809947,0.14192627,-0.22485293,0.10430045,-0.09960471
protein|PTPRE,-0.30465576,0.038616642,0.081897624,0.10731239,-0.12362159,-0.3769779,-0.34163794,-0.352304,-0.12214389,0.017302115,0.25586545,-0.041692425,-0.38265383,-0.104189545,0.29884866
protein|ATP5J2-PTCD1,0.12260086,0.28270477,-0.37950486,0.88103104,0.050270315,-0.52221555,-0.23389414,-0.34233904,-0.19750835,0.24499945,-0.35518652,-0.39305595,-0.39564645,-0.021523533,0.3872014
protein|PLCG2,0.5688289,0.32910812,-0.56665987,-0.008453745,0.17374074,-0.052650362,0.19300656,-0.33486298,0.080606505,0.3168294,-0.1593487,-0.08936304,0.112710014,-0.20732167,0.18665135
protein|RRBP1,-0.4211474,-0.34253025,-0.20060697,0.24761902,-0.42148444,0.12318279,-0.07383681,-0.040438548,-0.28724942,-0.27759495,-0.26991862,-0.27100492,-0.30126187,0.3202626,-0.11468332
protein|CTSC,-0.21982794,-0.2839828,0.38354793,0.025313217,-0.20956698,-0.07388413,-0.304711,-0.25433815,-0.03334865,-0.22892933,0.5288796,-0.126251,-0.16700624,0.008262208,0.18181066
protein|CARS2,0.09934866,0.0918827,-0.47997633,0.5854229,0.2690713,-0.15567149,-0.0015714923,0.012023046,-0.16310912,0.06013679,-0.30999807,-0.25423574,-0.46674958,0.21781047,0.04764765
protein|ROCK2,0.048195932,-0.17897257,-0.3881277,0.2263604,-0.24119145,0.09066558,0.08809098,-0.09662567,-0.13873987,-0.051061705,0.12551612,-0.085589856,0.37038398,-0.1813663,0.120160356
protein|RASA2,-0.3221613,-0.41330218,0.16858166,-0.22715467,-0.33123845,0.30061248,0.1934423,-0.05455041,-0.072086595,0.08177265,-0.14915313,-0.25962284,0.20600761,0.18261078,-0.284586
protein|HSD17B8,0.19300215,-0.1809423,-0.024143465,0.79392654,0.26032636,-0.12204001,-0.031397577,0.1250572,-0.0652443,-0.0133146765,-0.51630455,-0.41190135,-0.11489434,0.15040527,-0.1026517
protein|C15ORF40,0.2186378,-0.39654872,0.327713,-0.012003943,0.56389403,0.18435776,0.254963,0.189462,0.34268028,-0.10813059,0.021336839,0.13383248,0.08410574,-0.27599266,-0.26225486
protein|APOBEC3G,-0.04192981,-0.26474628,0.079677016,-0.012080576,-0.21309061,-0.4505651,-0.37868884,-0.35520446,0.005700461,-0.21608734,0.2888977,0.001592175,-0.17457299,-0.32884878,0.12499033
protein|BIN1,0.14393343,-0.47453302,0.44646907,0.085761495,-0.08016329,-0.022446977,-0.015049679,-0.0003775474,-0.05405149,-0.24384956,0.0014118947,-0.2826854,0.32050386,-0.2829232,0.24659932
protein|GPX1,-0.46451995,-0.33972073,0.44938362,-0.17201914,0.03544948,0.107000485,-0.36494738,-0.022115313,-0.040679086,-0.19335294,0.30541056,-0.060605958,-0.42892593,-0.24013466,-0.48254335
protein|TNKS1BP1,-0.24485902,-0.42704344,0.17300431,0.11928911,0.0043775393,0.47953656,0.18634911,0.28503802,-0.18225487,-0.09556076,-0.43715242,-0.16294561,0.24904801,0.014394059,-0.27684447
protein|PGD,-0.316821,0.40594372,0.07199471,-0.017653778,-0.16316143,-0.5343443,-0.68251663,-0.26991367,-0.06866442,0.0699958,0.3169533,0.0009875103,-0.68759924,-0.085462674,0.22575702
protein|UBE2L6,-0.07180597,0.005775232,0.43098804,-0.3773003,0.07850398,-0.2430903,-0.27749372,-0.13365276,0.24013987,-0.2532753,0.09975431,0.31319138,-0.24480173,-0.07479703,0.0664995
protein|CCDC12,0.32054836,-0.42781258,-0.09069317,-0.45195693,0.4188845,0.22004403,0.2839399,-0.150939,0.23732498,-0.29175827,-0.5181077,0.10793514,0.069505125,-0.3241607,-0.10188544
protein|SEC62,0.22695942,0.11615119,-0.40989864,0.07047615,-0.23194145,-0.19184814,0.0048701544,-0.16466597,-0.20518708,-0.025160782,-0.07946495,-0.08686944,-0.16458572,-0.1617956,0.15185426
protein|WDR70,0.267815,0.07005418,-0.24281394,-0.067627385,0.105153464,0.023655416,0.14498271,-0.38338336,-0.21094719,-0.12526463,0.2289855,-0.033417333,0.2442271,-0.050228707,0.1369635
protein|GMEB1,-0.16105519,-0.22121644,0.09683033,-0.14741972,0.179735,0.07932639,0.22425544,-0.2408729,0.07742973,-0.04832856,0.17134486,-0.11815787,0.2476671,-0.013666859,-0.12357481
protein|SEC24B,-0.23192474,-0.30899394,0.023094112,0.23698673,-0.06968725,0.101373926,0.31497478,-0.17762911,0.076548256,-0.08643304,0.004241528,-0.15783079,0.368921,0.37010026,-0.058943573
protein|PARL,-0.15433386,0.011093478,0.070592545,0.601803,0.033438995,-0.28526452,-0.0984726,-0.11725765,-0.18749826,0.010665946,-0.1044849,-0.2309503,-0.22495407,0.34015185,-0.031009432
protein|HCK,-0.253948,0.03777793,-0.07882847,-0.055471454,-0.09493088,-0.080189854,-0.15612608,-0.25637785,-0.13027234,-0.06577073,-0.17978567,0.021030359,-0.34675148,0.12627248,0.05946881
protein|MAP4K2,-0.019698719,0.0963437,-0.117439255,0.357361,0.26382828,0.10475907,0.07046131,-0.12964754,-0.06240001,0.14764996,0.021018464,-0.26944485,0.23173426,-0.17787184,0.027230436
protein|STAT3,0.078909636,0.3308607,0.06644336,-0.089024745,-0.20521496,-0.18427627,-0.34008247,-0.58104974,-0.23414454,0.10186852,-0.077182546,0.15118803,-0.4383468,-0.016957503,0.11642127
protein|SLC25A20,0.14746241,0.073593445,-0.14192612,1.0181892,0.2335023,-0.4462933,-0.25212637,-0.032685366,-0.29520607,-0.0845,-0.26765916,-0.50436044,-0.41166034,-0.03494023,0.09491675
protein|CHMP7,0.5302839,0.033292163,-0.2207974,0.37312216,0.2939418,-0.34382102,-0.071790226,-0.19508064,-0.030082112,-0.06308262,-0.3847646,-0.1809057,-0.19716686,-0.20277202,0.13533206
protein|WDR4,0.22988357,0.29044738,-0.25052696,0.029243208,0.22290854,-0.15394962,0.19476463,-0.11712038,0.22805615,0.1938676,-0.3051307,0.36314294,-0.0034021134,-0.005683923,-0.06428864
protein|TBC1D17,-0.042317104,-0.22999701,0.06476489,0.2656174,-0.2630043,-0.18970829,0.10577256,-0.23568918,-0.012594845,-0.2365743,-0.06058765,-0.3211179,0.12481223,-0.0831113,0.10518066
protein|TBC1D1,0.28852162,0.17351946,-0.082987696,0.24162036,0.054634113,-0.35027286,-0.29732347,-0.19566809,0.070938915,0.18412729,0.026586702,-0.2654477,-0.012898178,-0.39536712,0.45641932
protein|ACADSB,0.14029218,-0.063882254,-0.112362534,1.1075959,0.15352036,-0.29870558,-0.0756337,0.21325958,-0.12229319,-0.1427896,-0.6611677,-0.2306751,-0.3171615,0.05287389,-0.09383016
protein|CCDC55,0.08254427,-0.30733943,-0.20873234,-0.42075467,0.18690671,0.32458925,0.6257257,0.015398452,0.33208102,-0.06696646,-0.56943786,0.2839473,0.2603403,0.3408854,-0.14781821
protein|PSMD10,0.2935439,0.31312427,-0.12999104,-0.13725819,0.34703806,-0.033583693,-0.09995789,-0.20130427,-0.11875129,0.21523583,-0.052800506,-0.3157067,-0.10089795,-0.18191442,0.298224
protein|WDR91,0.071834564,0.037671097,-0.17085725,0.14830315,-0.24237509,-0.017124174,0.10996021,-0.0076676826,-0.41401023,-0.14043555,0.14647041,-0.47998673,0.088832475,-0.1926831,0.08442851
protein|M0R2S1,0.17842439,-0.28262457,0.27014205,7.7613135e-05,0.44294176,0.35871288,0.20004424,0.26761505,-0.060519125,-0.22361656,-0.43806988,0.1682401,0.19134974,-0.009248171,-0.25067165
protein|ITGA6,-0.23225409,-0.2014747,0.083373785,0.18988141,-0.13524173,-0.01228498,0.1045373,0.13548532,-0.17757481,0.08372126,-0.3033351,-0.05168564,0.06967589,0.24930236,-0.020945555
protein|HEATR1,0.18383549,0.45183432,-0.6700654,0.2482766,-0.03317003,-0.42720076,0.2126877,-0.34755945,-0.10764943,0.15456246,-0.49874747,0.058404066,-0.19715472,0.33207184,0.23090015
protein|METAP1,0.38130695,0.31520095,-0.28345743,0.012073739,0.36822984,-0.20714879,0.04051008,-0.3511898,0.2402052,0.166402,-0.49663416,0.09062414,-0.04113572,-0.12839888,0.23222877
protein|EBF1,0.17974244,-0.12551907,-0.39734516,-0.09878818,0.21856111,0.16787435,0.43254516,-0.3092845,0.02370635,0.26307315,-0.083001986,-0.12137476,0.20886193,-0.061460234,0.017493242
protein|ACOT2,-0.0011947722,-0.04550438,-0.026668753,0.96473616,0.25682768,-0.41471094,-0.14409368,0.03530556,-0.11025713,0.14903472,-0.63908386,-0.08535994,-0.2928612,-0.1524671,-0.09243464
protein|IDH3B,-0.03560268,-0.15194677,-0.36496913,0.3323682,0.1351179,-0.13885811,0.23360363,-0.37537464,-0.10456794,-0.18682894,-0.101086795,-0.2525465,-0.08742634,0.109973505,0.13303542
protein|BTK,0.5049085,0.45341355,-0.42048088,0.07386231,0.17802344,-0.34139317,-0.06114228,-0.38888985,0.090764575,0.13996525,-0.19438207,0.04769958,-0.17892836,-0.21057853,0.24964526
protein|PLS3,-0.2228473,0.20747918,0.033344187,0.019206315,-0.45243973,0.10796477,-0.14445561,0.091532715,-0.64470756,0.022381386,0.19715919,-0.7489348,0.067875065,0.13351475,0.09296202
protein|VTA1,0.07615314,-0.36896986,0.0046598637,0.2735441,0.32893115,0.054202955,-0.056374762,-0.06304274,0.18085307,0.032170407,0.11143267,0.1817093,0.007291181,-0.35698694,-0.18782637
protein|DNAJC10,-0.0050528543,0.11203049,-0.62560844,0.14894737,0.009170274,-0.023020118,0.10300269,-0.082334176,0.037114147,0.20120727,-0.11020034,-0.597768,0.17775472,0.024195358,0.18960916
protein|INTS10,0.017076083,0.14655118,-0.113820404,0.046422765,-0.08410644,-0.23213547,-0.048040014,-0.41185477,-0.21124561,0.19577205,-0.10686586,-0.19384179,-0.1747263,0.07943532,0.13738246
protein|HMBS,0.33577767,0.34596214,0.020027278,-0.2068096,0.03570427,-0.3085601,-0.12965491,-0.34660408,0.216064,0.21905605,-0.27252787,0.37195286,-0.25517577,0.18347307,0.25848758
protein|GSPT2,0.2904587,0.27118152,-0.300668,0.18818018,0.32100976,-0.052009895,-0.09886169,-0.28597528,0.03337047,0.27055442,-0.15912013,-0.14370197,-0.23089896,-0.24683133,0.0782797
protein|PXK,0.29868004,-0.0032478266,-0.13077728,0.0893064,0.08399802,-0.030550133,0.124936014,-0.15187167,0.33176228,0.15058969,-0.13415825,-0.052366693,0.11443587,-0.32541984,0.16667393
protein|TM9SF2,0.12153335,0.3661793,-0.24389936,0.34971142,-0.2508677,-0.41825157,-0.051393658,-0.26694345,-0.20069812,0.12267687,-0.26553085,-0.37945512,-0.35806832,0.17313011,0.2918425
protein|TBC1D2B,-0.28220433,0.06260511,0.09158622,0.070922874,-0.06581049,-0.09595147,-0.19718301,-0.18139097,-0.0687398,-0.05089548,-0.11296804,-0.15666775,-0.1975324,0.11889938,0.07047158
protein|SEC24D,-0.21663032,0.15349871,-0.27319527,0.0038613733,-0.11550582,-0.094138,-0.12645817,-0.18708497,-0.3820317,0.029533673,-0.27275527,0.052969314,-0.324762,0.1459047,-0.020554407
protein|EOGT,-0.118179895,-0.04372938,-0.1166042,0.19738506,-0.2034993,-0.17768367,-0.20261194,-0.24012157,-0.14088081,0.09046545,-0.04955686,-0.26863554,-0.1759056,0.06739122,0.29820278
protein|RPN2,-0.041943196,0.38635656,-0.41727027,0.48095354,-0.32258883,-0.5024615,-0.20386611,-0.32952857,-0.3603688,0.0900133,-0.25901788,-0.38980743,-0.44458222,0.17518978,0.4894252
protein|SFN,0.390049,0.24557322,0.17782427,-0.17174612,-0.03829838,-0.322743,-0.35625237,-0.294447,-0.11385028,0.11702953,-0.27429765,0.051104628,-0.14374563,-0.66259533,0.21991546
protein|HINT1,0.2893158,0.05986439,0.30045635,-0.086102374,0.8261556,0.034534823,0.028836707,0.21799958,0.21640714,-0.11741653,-0.3069285,0.22164387,-0.13768618,-0.23720205,-0.14538187
protein|MAGED2,0.33735102,-0.27474338,-0.28466123,-0.11577402,0.2906274,0.07788738,0.21037547,0.08201499,0.1320299,0.12743165,0.056831095,-0.0052349363,0.13741851,-0.11569095,-0.28907683
protein|RBM47,-0.44616422,0.029524269,-0.05328135,0.37229067,-0.20556732,-0.37111422,-0.33830363,-0.2554791,0.020876255,0.013556657,0.20110604,-0.0053493967,-0.42803633,-0.013872571,0.12804413
protein|DHX29,0.060016006,-0.048317276,-0.43166888,0.2571928,-0.02045154,-0.3798517,0.006041418,-0.3485504,0.13893715,0.20077212,-0.26022622,-0.016364468,-0.06076835,-0.019722164,0.124552734
protein|CASP4,-0.220966,-0.06164568,0.31418985,-0.10197047,-0.008614801,-0.37717482,-0.5071381,-0.49953803,-0.20490827,-0.027299687,0.08257735,-0.08383299,-0.46164468,-0.059005696,0.22932236
protein|PREX1,-0.33690077,0.01383563,0.23264273,0.18442136,-0.24928887,-0.38183588,-0.2523297,-0.3438674,-0.12578462,-0.27524203,0.08235422,-0.1226356,-0.35695875,-0.083538696,0.088922344
protein|ARL1,0.014234784,0.44143903,-0.3370366,0.36479953,-0.22577566,-0.5435426,-0.23586318,-0.266678,-0.017901504,0.21463586,0.027086621,-0.1609598,-0.29613012,-0.03536273,0.29634643
protein|B8ZZA8,-0.019743072,-0.27989247,-0.18153147,-0.021388456,0.40796965,0.12926637,0.24190761,0.117786884,0.039968908,-0.13812855,-0.17627053,0.24382062,-0.03117761,0.16045031,-0.46515018
protein|TOP1,0.43882906,0.22911586,-0.43605438,-0.5021216,0.1932248,-0.0037550016,0.3367046,-0.45382932,0.475471,0.14520086,-0.21079181,0.42007628,-0.13071716,0.15543833,0.054889444
protein|PSD4,0.023936862,-0.074777216,0.4157167,-0.012986621,0.17314313,-0.1611522,-0.19083782,0.015349232,0.17967646,-0.002105085,0.11015753,0.1350647,-0.18130933,0.0039540306,0.0861369
protein|TAF6,-0.073475406,-0.208165,0.26461565,-0.110809006,-0.067248695,-0.018354405,0.23621297,-0.33059004,0.19582374,0.0031902113,-0.0958249,-0.0421063,-0.03351894,-0.16603379,0.009510687
protein|MOB1A,0.50114864,0.40146953,-0.11013745,-0.1754931,0.04759878,-0.27504137,-0.09004624,-0.56188154,0.18083887,0.06358537,-0.04197282,-0.057736985,-0.14712368,-0.5384229,0.25445026
protein|EIF4EBP1,-0.14262785,-0.4691695,0.09940828,0.17486899,0.10795929,0.06821721,0.1974266,0.09181682,-0.067496374,-0.048869386,-0.09348129,0.35323572,0.027862506,0.18134859,-0.49997157
protein|CLPTM1L,0.3500635,0.302778,-0.3760972,0.13718694,-0.0633033,-0.21207996,-0.01746262,0.085792385,-0.19717468,0.02704629,-0.16495301,-0.1960683,0.01537033,-0.10185325,0.33691368
protein|RRP9,0.07243429,-0.117367454,-0.707437,0.07264472,-0.06292606,-0.03781978,0.4685319,-0.27019554,0.10849694,-0.024924457,-0.29041085,0.40181002,0.08451301,0.71640813,-0.23654895
protein|TMEM256,0.12717421,-0.49653745,-0.07785294,-0.10126572,-0.015296114,0.3051764,0.21938184,-0.08633853,0.2900683,-0.22378717,0.17335513,0.28800166,0.18744989,-0.16353492,0.058014933
protein|SERPINB6,-0.022804536,0.04955104,0.285127,-0.037203923,-0.3634571,-0.2776491,-0.4507786,-0.35923177,-0.26072115,0.035936136,0.02708204,-0.28994286,-0.43746197,-0.12603293,0.18707043
protein|HCCS,0.16411325,-0.35981596,-0.36828035,0.16576521,0.21584305,0.053563684,0.038710028,-0.118022054,-0.032135192,0.0028819744,-0.42228055,0.03706957,-0.09665073,-0.017962232,-0.5135188
protein|IL18,0.062126633,0.017341712,0.006128725,-0.24151015,-0.24217676,0.061508484,-0.39976883,-0.18470724,0.16479635,-0.0050970176,0.36928475,-0.24633947,-0.3111372,-0.3406469,0.035839953
protein|NOC3L,0.11134189,0.110374644,-0.4016602,-0.14719042,0.21520236,-0.01695071,0.22211672,-0.19314176,0.22468811,-0.044135835,-0.30940673,0.19842908,-0.00925723,0.12763229,-0.06494772
protein|FAM32A,0.12165404,-0.38741502,0.20679091,-0.059652127,0.33193365,0.21747507,0.27399635,0.11433489,0.367248,-0.3570704,-0.30345762,0.10543104,0.032538965,-0.12959033,0.014035835
protein|FCHO2,-0.39642832,-0.19497778,-0.13601866,0.14867751,-0.12604322,-0.02450661,-0.23159112,0.057258636,-0.2624186,-0.30099458,0.12038463,0.021392347,-0.2643371,0.2660874,-0.007884623
protein|MDH2,0.41578358,0.31322992,-0.57708895,0.7297422,0.4974347,-0.45360407,-0.06889587,-0.0042742603,-0.100790255,0.0744601,-0.59783095,-0.14359364,-0.42843473,-0.114796415,0.24665767
protein|SCP2,0.05535578,0.088518105,-0.111397,0.57864255,0.4109684,-0.1773484,-0.1997355,0.3987242,-0.0047545265,-0.06571351,-0.7179093,-0.15564317,-0.29257387,-0.059321437,-0.2338094
protein|CARD11,0.29008412,-0.074855424,0.009776637,0.02576434,0.04205032,-0.4028453,0.18421707,-0.45993787,0.16687083,0.00044330594,-0.4021209,0.04292947,0.0009282066,-0.18939914,0.2559194
protein|MLLT4,0.07632969,-0.2252511,0.12164826,0.3278319,0.04272242,-0.1105661,0.21436596,0.096951894,0.14449582,-0.027308615,-0.42421314,0.050617468,0.095416196,-0.08519525,-0.048241694
protein|RENBP,-0.2607109,-0.11819328,0.036872197,0.0015980796,-0.10078368,-0.27425283,-0.6023692,-0.29240406,-0.09649801,-0.1503489,0.5447738,-0.10279725,-0.42239508,-0.12843415,0.12908235
protein|MT-CO2,-0.06373253,-0.07314108,-0.27908447,0.70747834,0.06891879,-0.4987981,-0.1590402,-0.06403649,-0.24934424,0.1007597,-0.5383484,-0.40557063,-0.46866238,-0.23207517,0.018811898
protein|MVP,-0.28464648,0.17102367,0.12619235,0.14878155,-0.2326533,-0.32026935,-0.67867345,-0.35695592,-0.20994979,-0.021079317,0.21622902,-0.40663067,-0.4709083,-0.19750494,0.18431215
protein|CD68,-0.4179922,-0.117923856,0.17061816,0.020861654,-0.17033313,-0.102242,-0.13148469,-0.035876486,-0.15748645,0.036601298,0.29622996,0.04218302,-0.1102398,0.4333298,-0.23575512
protein|PTDSS1,0.032756437,-0.50846756,-0.29236057,0.13624175,0.19129165,0.31246004,0.030686168,0.09650277,-0.1396977,-0.29683116,-0.21406041,-0.19484457,0.035733756,-0.19462353,-0.11335536
protein|MVK,0.22202161,0.15297437,-0.29344425,0.2071645,0.14438163,-0.0461802,-0.06004389,-0.24353908,0.005187721,0.2140137,-0.17163628,-0.20408137,0.03148875,-0.2094322,-0.11729257
protein|MRPS30,0.17521656,-0.0685418,-0.33266094,0.22569403,0.3533317,-0.33918825,0.086969905,-0.19882889,-0.081381835,0.083208315,-0.34899083,-0.008175697,-0.24523886,0.09261474,-0.2242048
protein|PLEKHO1,-0.19326518,-0.09758964,0.3669523,0.012335984,0.1347251,-0.012088771,0.2740996,0.06908309,0.31276476,0.011194705,0.1686645,0.14989497,0.144971,-0.05108342,-0.150471
protein|BAP18,0.08480485,-0.047132995,0.39501834,-0.35971245,0.13539201,-0.043605,-0.27643907,-0.043046445,0.258128,-0.25811866,0.22902076,-0.22302496,-0.12129629,-0.6875872,0.07501039
protein|FKBP3,0.37190875,0.032852888,0.027779728,-0.11821567,0.5378184,0.22451368,0.33968505,0.13013604,0.44965518,0.09978628,-0.16757676,0.5413073,0.21134736,-0.2285071,-0.24449225
protein|PPP4R2,0.24992874,-0.23745257,-0.1788818,-0.24856244,0.26326734,0.2880069,0.33685642,-0.1590279,0.16227332,-0.24755894,-0.014348128,0.103510424,0.2251927,-0.120449126,-0.19091105
protein|PALLD,-0.30874008,-0.12616922,-0.14895818,-0.03919674,-0.42167157,0.40390718,-0.066536285,0.21348946,-0.37010384,-0.252778,0.21732277,-0.43954608,0.08950048,0.38296375,-0.096786045
protein|SUGP2,-0.009311278,-0.14287905,-0.42199695,0.20332183,0.069371775,0.22121225,0.37815925,-0.017996818,0.10083523,0.24188285,-0.12753235,0.26126367,0.31169653,0.16460223,-0.030053558
protein|SMC4,0.31520322,0.41524595,-0.780225,-0.13566191,0.107537545,-0.14886263,0.3074908,-0.44587448,0.045449223,0.32830125,-0.21583529,0.20004132,-0.15836132,0.15780467,0.13304916
protein|ATP6V1D,-0.23805456,0.24118455,-0.011403109,0.18882674,-0.23489535,-0.56114405,-0.70564955,-0.39216983,-0.16295634,0.06989903,0.41437662,-0.050149396,-0.61722517,-0.20233674,0.3450365
protein|IPO8,0.1063654,0.09187545,-0.020517621,-0.309824,0.07957499,-0.24316254,0.18182464,-0.46176216,0.038245738,0.28218278,-0.07123066,0.10418165,-0.15015434,-0.036679935,0.02015225
protein|PYCARD,-0.43472916,-0.35510573,0.39164287,0.061147172,0.0048453934,-0.18250252,-0.5191238,-0.46147177,-0.21990642,-0.16282494,0.346015,-0.41363454,-0.42501134,-0.25886294,0.02971726
protein|COX4I1,0.22424042,0.11679749,-0.48998266,0.79782945,0.16747959,-0.55704296,-0.2508899,-0.07634109,-0.14719379,-0.004068251,-0.42246327,-0.26420808,-0.46393943,-0.12196548,0.29418704
protein|NDUFB4,0.052486002,-0.1761192,-0.17999485,0.8355039,0.069419935,-0.37315464,-0.23756532,-0.1408152,-0.14138657,0.15298852,-0.5579251,-0.33184773,-0.53663355,-0.14307539,0.007901754
protein|HLA-E,-0.24704991,-0.35285097,0.33076817,-0.0950049,0.31926897,0.05469107,-0.13765295,-0.09421193,0.1389867,-0.13087747,0.12295859,-0.10542107,-0.0018495024,-0.2602378,-0.24375544
protein|ITGAL,-0.30653638,-0.41810077,0.4944278,-0.032798376,-0.095995836,-0.25104854,-0.64298815,-0.24080822,0.2151202,-0.49756616,0.51544964,-0.21709014,-0.28243116,-0.34667858,0.32299656
protein|ARL6IP5,-0.039324086,0.15233266,-0.030584551,0.29194653,-0.4049702,-0.5084751,-0.5638779,-0.5293401,-0.20853867,-0.16688332,0.077007316,-0.50553936,-0.52121764,-0.25253487,0.4917527
protein|ERGIC1,0.29238367,0.1772857,-0.14722283,0.4719353,-0.23114744,-0.38627943,-0.30212682,-0.12805763,-0.27924377,0.11507847,-0.23088822,-0.24674834,-0.20950882,-0.27917388,0.27208808
protein|DLD,0.41358697,0.19068787,-0.7146489,0.6765415,0.35610998,-0.35258433,-0.11803158,0.14549714,-0.21905716,0.012589822,-0.43344167,-0.30893984,-0.33260918,-0.16727187,0.07210188
protein|NUBP1,0.22112846,-0.12593774,0.04489413,0.1580405,0.45706254,-0.08451387,0.07548917,-0.12051446,0.24007404,-0.039879557,-0.074427485,-0.17228742,-0.27312458,-0.34234878,0.005474281
protein|PEX5,-0.122094706,-0.03680309,-0.34270144,0.4403218,-0.09977932,-0.3148521,0.050418712,-0.3567143,-0.087121114,0.124122776,-0.61059284,0.05344105,-0.1826003,0.25033036,-0.00442325
protein|SLK,-0.07628461,0.05734512,0.08642641,0.10012092,-0.048621874,0.04271039,0.065844014,0.09993331,-0.058868974,-0.065446615,-0.046711598,-0.28787714,-0.078659005,0.17578793,-0.060841378
protein|DDX51,-0.1570395,0.041512907,-0.49831802,0.050852057,-0.32808754,0.07295876,0.07673954,0.0011687244,-0.2590721,0.017268805,-0.20072545,0.038346726,0.00040508894,0.20533198,-0.049688965
protein|FLYWCH2,0.052597668,-0.64257216,0.18066496,-0.20111468,0.19495635,0.30963138,0.22795239,0.12154235,0.116880655,-0.3460624,-0.0431611,-0.067523375,0.061914712,-0.22217593,-0.23363066
protein|IKZF1,0.30879393,-0.06127668,-0.3524829,-0.37575984,0.09374646,-0.024919478,0.4877877,-0.40811038,0.12250211,-0.07834297,-0.2563933,0.41984832,0.11988747,0.17836112,0.061957505
protein|DIABLO,0.30233592,0.26787394,-0.508366,0.6088162,0.124390006,-0.40287256,-0.11644215,-0.110973425,-0.26053232,0.1251176,-0.2248169,-0.39541405,-0.1429495,-0.038679115,0.25044844
protein|CPPED1,-0.22093067,0.058889244,0.67641926,0.0717717,-0.21138304,-0.48314458,-0.39306626,-0.25896016,-0.09715291,-0.14024787,0.41780457,0.15471402,-0.18160233,-0.05284066,0.11995428
protein|PSMF1,-0.045509327,-0.23622155,0.005724398,0.2844654,-0.009592628,-0.06385551,0.13966705,-0.041427504,0.2948674,-0.094548665,-0.11546272,0.2134056,0.004909597,0.15534247,0.059189085
protein|SCAMP1,0.36324912,0.15881906,-0.5043531,0.5390862,-0.34516686,-0.2646375,-0.22380209,-0.026335662,-0.1510405,-0.016312653,0.081877306,-0.10614918,-0.024690265,-0.12100599,0.12781772
protein|MRPL43,0.20997834,-0.20467843,-0.07069134,0.075686,0.59139407,0.004179122,0.33236676,0.0042394605,0.2163738,-0.10072652,-0.671747,0.28290156,-0.18428025,0.06761992,-0.21395202
protein|TM9SF4,-0.003233573,0.37090796,-0.2972275,0.32190213,-0.18969744,-0.48423517,-0.026434353,-0.0847781,-0.07212815,0.29584497,0.04752045,0.030561704,-0.2019117,0.2814182,0.23571868
protein|STAU2,0.20878801,0.3221167,-0.3471171,-0.24199124,-0.011864231,-0.37238666,0.1356563,-0.11395062,0.3750844,0.14922197,-0.10922549,0.25544772,-0.07646085,0.2930081,0.022355828
protein|CNN3,-0.28308144,-0.14575727,0.05626654,0.026171021,-0.2704765,0.39046335,0.19845748,0.19306798,-0.17656131,-0.16437326,0.020319069,-0.5169991,0.2330466,0.28822112,-0.08849344
protein|HPX,-0.134172,0.41158167,0.23249026,-0.31805995,-0.44886932,0.24979651,0.20348327,0.14643098,-0.35358074,0.30833632,0.2758843,-0.29374725,-0.008490907,0.5716866,-0.019955605
protein|P0CAP2,-0.002904704,-0.5606248,-0.13352667,0.1135669,-0.043264654,0.22811198,0.23342553,0.08980095,0.09725574,-0.18618612,-0.030000117,-0.014982055,0.2503707,0.25824395,-0.22864974
protein|FKBP4,0.49516976,0.3216293,-0.56143475,-0.03197899,0.16687399,-0.11682583,0.09831198,-0.39332813,0.13005824,0.14596707,-0.31113783,0.34563562,-0.22839878,0.30519584,0.14074375
protein|MPI,-0.0061072265,0.27924114,0.21075784,0.07269572,0.16602805,-0.13799635,-0.22892429,-0.40416163,-0.040254675,-0.013164159,-0.06136162,-0.07606024,-0.43542007,-0.3496066,0.011868524
protein|SAMD1,-0.038086634,-0.46463704,-0.05066891,0.05054625,0.14229935,0.061779313,0.30355152,-0.1275995,0.26197872,0.11228588,-0.22651589,0.24988444,0.020257106,0.19664466,-0.20469642
protein|HADHB,0.1589703,0.050050452,-0.25263953,1.0685768,0.22595811,-0.5353808,-0.36671156,0.104124464,-0.28526828,-0.10484742,-0.55493474,-0.4337593,-0.5043173,-0.18935648,0.20546317
protein|CISD1,0.19618975,-0.44292918,0.24480082,0.28786904,0.25035533,0.009652475,0.086342365,0.24919482,0.07978855,-0.26143506,-0.105998315,0.21689983,0.1953096,-0.23068984,-0.21894431
protein|RPS10,0.120303564,-0.5524438,-0.05734799,-0.23337318,0.4610803,0.3625594,0.33145112,-0.082276985,0.2862771,-0.24813136,-0.52800995,0.47691467,0.00618443,-0.114431255,-0.5556078
protein|DOK3,-0.04921227,-0.16593689,0.10316356,0.07596179,0.11109822,-0.19063425,0.049457557,-0.33631682,0.099016935,-0.042669207,0.094184704,0.23156309,0.0016761388,-0.22383578,0.13148455
protein|SDHA,0.11895727,0.011232934,-0.26464164,1.0183617,0.21132301,-0.42685506,-0.32950118,0.2007312,-0.2833127,-0.1954254,-0.3810139,-0.32169625,-0.51293486,0.01763618,0.056007244
protein|HSPA2,0.020421486,0.121295735,-0.14663331,0.20362243,-0.41613287,0.16883397,-0.061116647,-0.16982348,-0.26466405,-0.079571284,-0.14189954,-0.3304732,-0.14860684,0.074676536,0.029659022
protein|MCCC1,0.21518852,-0.085502684,-0.43425015,0.83521986,0.11912941,-0.3013162,-0.10665622,-0.07908699,-0.2779917,-0.15675762,-0.5354821,-0.32757583,-0.119372845,-0.12051177,0.20409298
protein|EXOSC5,0.29260492,0.08662553,-0.2905213,0.030973924,0.034277003,-0.030464342,0.07793012,-0.23540106,0.14009117,0.050965868,-0.25068027,0.28704372,-0.12301276,-0.25880647,-0.12464326
protein|PITPNM1,-0.02077392,-0.17718244,0.20187035,0.17807382,0.01959323,-0.20033723,-0.15499993,-0.45869792,0.1037295,-0.008979331,0.05436387,-0.31906593,-0.17889933,-0.25477877,0.19202109
protein|TUBAL3,0.024478782,-0.043670025,-0.12060123,0.12668146,0.17191899,-0.18833104,-0.06582687,-0.52396417,-0.019282253,0.0077396743,-0.12029744,-0.28022024,-0.17492186,-0.16490656,0.0873779
protein|CS,0.43296695,0.32313567,-0.56711745,0.33812478,0.48008996,-0.5569238,-0.22209653,-0.072761334,-0.05012849,0.15105674,-0.300512,-0.2834986,-0.38064635,-0.30422512,0.29312158
protein|HSD17B4,-0.04635867,0.196865,-0.44523636,1.0318538,0.073899694,-0.44391352,-0.3384819,0.07641324,-0.14657193,0.047521766,-0.57737195,-0.24893694,-0.5170075,0.0870074,-0.0067049013
protein|VAV1,0.11794191,0.268526,-0.0062069925,0.16572636,-0.23188737,-0.3840303,-0.51328766,-0.6156196,-0.11199197,0.025318697,0.29741257,-0.329148,-0.20073254,-0.42385295,0.43709338
protein|GPRIN3,0.1614935,-0.14834128,-0.06927519,0.13425054,-0.3566093,-0.06551727,-0.23846176,-0.2833108,0.068371795,-0.103347816,0.28997234,0.121350184,-0.09884295,-0.19878787,0.18242368
protein|PRKCB,0.36612344,0.0022787394,0.32833686,-0.037620492,-0.23306991,-0.30755046,-0.26174358,-0.2688583,0.0546153,-0.25055248,0.023315288,-0.3737021,-0.129327,-0.35756242,0.47816205
protein|NDUFA2,-0.09737635,-0.40951335,0.30068335,0.20071615,0.61154956,0.1109425,0.089058176,0.36914572,-0.10279797,-0.16107763,-0.40890667,-0.0767917,-0.23300405,0.13905135,-0.31519857
protein|UTP11L,0.0052736867,-0.015389548,-0.17531025,-0.12559016,0.16292128,0.21342461,0.27179205,-0.23427317,-0.035461135,-0.015309714,-0.2568925,0.15171698,0.24100228,-0.024197815,-0.19298735
protein|MEF2D,-0.013044143,-0.22895801,-0.22805993,0.25882873,-0.12979387,0.120320015,0.30395448,-0.3984092,0.32103044,-0.12536757,-0.05012526,0.48879898,0.28094494,-0.082397535,0.12744226
protein|LAMTOR4,-0.14710385,0.16425307,0.2645596,0.074647695,0.10955088,-0.28069633,0.19785203,0.18919471,0.022744719,0.11564191,0.14701042,0.13605529,0.021430153,0.30078423,0.17999019
protein|SH3KBP1,0.11799219,-0.3269649,0.48381904,0.03888585,0.09433826,-0.0107247345,-0.3642427,-0.02811531,0.1925748,-0.28940734,0.42590103,-0.41885254,0.16152985,-0.67159224,0.3148258
protein|MYO1F,-0.463263,-0.17251523,0.20554382,0.07112547,-0.38121024,-0.43447536,-0.67457426,-0.2000897,-0.26489502,-0.15616444,0.3659361,-0.21320945,-0.54635024,-0.1849289,0.23902261
protein|MRPL21,0.23214804,0.22358009,-0.5839901,0.33742455,-0.01866059,-0.5197457,0.018695522,-0.19241425,-0.10831457,0.17073771,-0.15787573,-0.11818275,-0.1429523,0.1483162,0.1964261
protein|SREK1,0.012034849,-0.17174985,0.20101479,0.064809754,0.2373488,0.12354934,0.3961673,0.004063441,0.2638593,-0.006323992,0.051007938,0.15431999,0.11210885,0.22034073,0.03348076
protein|PNKD,-0.16217779,-0.11732789,-0.24454327,0.51007575,0.03287254,-0.043343123,-0.15354207,-0.007615129,0.04956932,0.074297495,-0.2802112,-0.21780205,-0.070328444,0.11720603,-0.06209118
protein|CD97,-0.5303066,-0.56120884,0.5958971,-0.040470347,0.051904485,-0.0068539,-0.23378944,0.13844258,0.3827218,-0.2861402,0.35013813,0.2231496,-0.22220676,-0.071995854,-0.35178623
protein|CLASRP,0.29607788,-0.027314078,0.08254915,-0.08062749,0.2539557,0.07072026,0.34424207,-0.10740976,0.44865242,-0.142129,-0.12514703,0.1934576,-0.018817402,-0.083281815,0.1757564
protein|NUP50,0.16647485,-0.18421786,-0.07673788,-0.18625131,0.2626218,0.2928797,0.37442374,0.17059536,0.14316437,-0.24283981,-0.16384603,0.16419643,0.016511839,0.37594828,-0.014948427
protein|HACD3,0.15295285,-0.031074153,-0.50025064,0.5558881,-0.062839545,-0.24270833,0.012134583,-0.4969015,-0.15767285,0.17101848,-0.07235154,-0.19584104,-0.23790777,0.15486075,0.14890836
protein|TUBA4A,0.34642515,0.20934972,0.026605867,0.15228653,0.0129312975,-0.36601678,-0.14245887,-0.5424224,0.1405954,0.1497776,-0.022571558,-0.17971139,-0.19052747,-0.28211543,0.31418428
protein|SRP9,0.53303206,-0.02703962,0.019757845,-0.44889286,0.55141073,0.1996595,0.098240525,0.18361232,0.14375234,-0.03674526,-0.16486691,0.0156105645,0.117427945,-0.36275557,0.07611453
protein|CLPB,-0.025598407,0.100113764,-0.3468754,0.29243878,-0.015593762,-0.20214662,-0.0003801009,-0.14627703,0.008252984,0.0422029,-0.063296914,0.019420577,-0.18728039,0.341985,0.11153768
protein|PLCB2,-0.11344058,-0.0048958566,0.3629751,0.1639283,-0.013616568,-0.03694412,-0.4752043,-0.39114237,-0.12841073,-0.022397608,0.03519838,-0.25570172,-0.2878606,-0.22367595,0.10161114
protein|MRPL40,0.3070089,-0.31264305,-0.17489281,0.1739792,0.46120155,-0.15369229,0.15647382,-0.14892904,-0.08639591,-0.025367368,-0.18266748,0.480303,-0.23722836,-0.019327667,-0.29306814
protein|FKBP15,-0.23944877,-0.37848362,-0.13251351,0.10342933,-0.08488211,0.0754597,-0.085025385,0.11196515,-0.028180344,-0.23115918,0.32653564,-0.14156136,-0.028394567,0.04334297,-0.18280302
protein|MIF,0.26541808,0.05473512,0.0032019794,0.040054496,0.54787624,0.068270534,0.055020228,-0.23368657,0.39706838,0.121543676,-0.21909158,0.26754627,-0.09858225,-0.17617065,-0.24179155
protein|LILRB2,-0.28801936,-0.56732476,0.45504418,0.018511884,-0.056289136,0.040767185,-0.097919196,-0.050181504,0.08135396,0.00038949656,0.100479215,0.29886162,-0.096950054,0.004245439,-0.2409002
protein|JAGN1,0.02142513,-0.5310329,0.01683259,-0.051958263,0.06385755,0.07709791,0.182043,-0.18298124,0.20184964,-0.26565963,0.0550666,-0.023752648,0.062116463,-0.062816106,-0.0074774157
protein|MEF2C,0.35842255,0.17972815,-0.29334715,0.03955212,-0.22282676,-0.040274944,0.27669972,-0.31909266,0.27739087,0.23305859,-0.01396428,0.03453754,0.45361012,0.040758405,-0.086114995
protein|RPL31,0.12263429,-0.5174391,0.011044704,-0.28945106,0.5630031,0.3585987,0.3812454,0.008461054,0.5025232,-0.28014192,-0.4798092,0.5155155,-0.086704634,-0.06542485,-0.4712982
protein|RABEP1,0.2899026,0.1500492,-0.16577683,-0.13742259,0.34481382,-0.11583929,0.044777725,0.002490431,0.24652241,0.127189,-0.25431702,0.12442964,0.042179015,-0.07602301,0.27692774
protein|BRK1,0.105343275,0.0077598826,0.20764281,0.33307332,0.37643498,-0.29942682,-0.26644146,-0.30163962,-0.04788179,0.08686195,0.06792036,-0.049084462,-0.33661208,-0.49318722,-0.04968673
protein|CNN2,0.13325626,-0.117587715,0.21479973,-0.39587742,-0.0033706177,-0.123310365,-0.20484133,-0.02120927,-0.05376881,-0.19126625,0.17641203,-0.32637876,-0.14569409,-0.37478504,0.10301837
protein|LIG1,0.41141647,0.011293713,-0.4608248,-0.3481566,0.38931042,0.27173793,0.3750366,-0.122422315,0.31237552,0.19967619,-0.2032766,0.45043945,0.1299825,0.064207084,-0.06543158
protein|PPIL1,0.011071847,-0.268255,0.32368428,-0.08989645,0.41873044,0.4250069,0.41619644,0.1160844,0.17564856,0.0012874032,-0.06498345,0.40042105,0.30024502,-0.059811953,-0.5165089
protein|RPL38,0.10329824,-0.06795669,0.27851152,-0.25757614,0.5180985,0.07082356,0.19177711,-0.1336245,0.29291606,-0.17522459,-0.53517646,0.31295574,0.013251214,-0.20203826,-0.19310983
protein|PLEKHA2,0.3218086,0.3300251,-0.32504946,0.057098795,-0.024706913,-0.393679,-0.042178087,-0.47126538,0.09696893,0.12016056,-0.08463946,0.07591784,-0.16405608,-0.22559021,0.298211
protein|GIMAP8,-0.31399435,-0.18321276,0.4984619,0.11708772,-0.18932539,-0.3420038,-0.617228,-0.29261807,0.062383726,-0.39604908,0.2689565,-0.087246224,-0.35733142,-0.22138011,0.2690897
protein|TWF1,-0.058616195,0.009855876,-0.3451712,0.3010608,-0.19833052,-0.027367113,-0.551572,-0.14165199,-0.465094,0.03493552,-0.0865594,-0.37295544,-0.35290635,-0.3167187,0.19174437
protein|MRPL54,-0.055656724,-0.28828105,-0.11643628,-0.015072459,0.37384847,0.050868332,0.2550486,0.07592299,-0.0051540113,-0.061898578,-0.54328364,0.09005297,-0.28692988,-0.02751322,-0.292882
protein|SPCS3,0.22090356,0.12296603,-0.26377082,0.11057454,-0.16409731,-0.38719937,-0.09516284,-0.20806648,-0.13849281,-0.121771134,-0.32441968,-0.1312765,-0.30034015,-0.17627253,0.45691404
protein|SCYL2,0.30102453,0.24118172,0.0121913245,0.1966818,-0.13051528,-0.27228862,-0.25953215,-0.36260986,-0.03877795,0.11856264,-0.1531286,-0.41709572,-0.020760242,-0.50002503,0.45841077
protein|CFDP1,0.38102722,-0.10932154,-0.37146866,-0.023448918,0.0700296,0.10809757,0.37917614,-0.06790956,0.37097687,0.019742941,-0.4477041,0.1363721,-0.038523182,-0.30923504,0.044021953
protein|SMAD4,0.3058896,-0.16320512,-0.32165807,-0.19449352,0.1330212,-0.04321854,0.24977133,-0.11934424,-0.102097414,0.03157007,-0.273139,0.172785,0.1038428,0.059984136,0.12610126
protein|CASP8,0.10893761,0.27245775,0.1039536,0.015487254,-0.0013809181,-0.5386375,-0.20297727,-0.4087946,-0.055429135,0.1897836,0.08950367,-0.12662187,-0.10451939,0.038490493,0.16717084
protein|MRPS33,0.31880376,0.07375829,-0.25614622,0.11940149,0.27594742,-0.25044215,0.015616233,-0.17987227,0.122822724,0.076886594,-0.20586257,0.29580018,-0.25605083,-0.14220439,0.09286943
protein|NKRF,0.20040388,0.2036408,-0.42197376,-0.13723563,0.15556957,-0.04884969,0.1516155,-0.27855352,0.16319083,0.0718767,-0.6050689,0.25814894,-0.0012250424,0.06731091,-0.060006186
protein|CCDC86,0.12015975,-0.5016867,-0.24187349,-0.37260175,0.2964083,0.30824187,0.5949377,-0.058567733,0.299642,-0.23439534,-0.26744562,0.5086112,0.16873874,0.1833521,-0.2318073
protein|UQCRQ,0.1581493,-0.02058805,-0.21454982,0.69898826,0.06752436,-0.29182747,-0.07294427,-0.0957366,-0.20927392,0.12875748,-0.51309276,-0.030073527,-0.18977204,-0.14604025,0.2171991
protein|TST,-0.076506965,-0.018658409,-0.011851898,0.99277055,0.005727458,-0.30152422,-0.0975889,0.08721361,-0.0030433086,0.13467538,-0.62130415,-0.13881095,-0.41635627,0.18691087,-0.27917397
protein|RPL8,0.01716058,-0.6424803,-0.015446032,-0.22974178,0.39988488,0.2884813,0.45682305,-0.12116766,0.49124965,-0.15231718,-0.41739693,0.60546374,0.05338983,0.024694685,-0.50364053
protein|TMEM160,-0.11872169,-0.33152503,-0.26188168,0.13368481,0.04192421,-0.060160246,0.14910422,-0.17764466,-0.36734205,-0.007882189,-0.33465254,-0.20244718,0.023240501,0.4042268,-0.14064123
protein|DLG1,-0.11198748,-0.30029252,-0.34971702,0.3556686,-0.10937007,-0.08486368,0.14832202,-0.10852674,-0.07848326,0.08876998,-0.11221004,-0.110860705,-0.18775645,0.3604158,0.12366554
protein|NUFIP2,0.021532819,-0.09381715,-0.19772978,-0.28216565,0.16936392,0.101306394,0.061972834,-0.13260548,0.03187614,-0.08514609,-0.22518347,0.48049772,-0.08241208,0.21501696,-0.26595962
protein|SPATA5,-0.09306656,0.09997457,-0.031087637,0.16102506,0.044678394,-0.23754734,0.09913402,-0.6037625,-0.017238019,0.04387617,0.12732722,0.13374017,-0.24968247,0.27777725,-0.07601422
protein|HSP90AB1,0.46929833,0.6558555,-0.5441567,-0.17160474,0.017425833,-0.25132313,-0.16144037,-0.5895245,0.053312443,0.36603138,-0.2248101,0.24584161,-0.40983096,-0.034277067,0.21680772
protein|LENG8,-0.007918527,-0.075396255,-0.1211268,0.33516473,0.2683011,-0.1547019,0.13348772,-0.110395424,0.14379904,0.24220972,-0.3565105,-0.06149356,-0.14510243,0.18176018,-0.04585252
protein|LAP3,-0.51825833,-0.18134248,0.28411573,-0.043125067,-0.071209244,-0.09423169,-0.85547036,-0.16635948,-0.06898162,-0.3158162,0.5693288,-0.15473944,-0.55841166,-0.2006232,0.041789014
protein|PDK3,0.27660435,0.22080895,-0.5147541,0.2728117,0.1970193,-0.14566144,-0.040543165,-0.12115181,-0.06246942,0.10025284,-0.19885348,-0.22760813,-0.04549723,-0.113031365,0.21537109
protein|LRRC57,0.17122027,0.09814898,-0.122615755,0.10094754,-0.015448037,-0.24044402,-0.060374368,-0.019076133,-0.030630132,0.16225712,-0.12756447,-0.30804974,-0.004710469,-0.2698287,0.13510495
protein|PHB,0.43328393,0.3080347,-0.83151895,0.83798784,0.14533046,-0.4923166,-0.047515552,-0.09174593,-0.23513284,0.16951817,-0.49099272,-0.27416098,-0.4139576,0.015221471,0.28728092
protein|RPRD1A,0.19257618,0.11086325,0.12945615,0.04306867,0.071965605,-0.22060925,0.16343437,-0.42517155,0.10574781,0.1732625,-0.14268194,0.1880447,0.0787265,0.060866132,0.22493333
protein|TJP1,-0.16951413,-0.32901803,0.007252395,0.4339888,-0.4484553,-0.11828884,-0.03287827,-0.08572629,-0.2461979,-0.26083776,-0.21792941,-0.3797187,0.060577985,0.32299578,0.034592032
protein|SF3B4,0.34239694,-0.049953565,-0.043383196,-0.3559242,0.31896523,0.39493588,0.22093853,-0.058007296,0.18240856,-0.14420606,-0.22189699,0.18294874,0.1812336,-0.1849716,-0.2084529
protein|PLEK,0.03051036,0.065397315,-0.08719879,-0.11792546,0.1001498,0.072943054,-0.3398788,-0.15833032,-0.05216228,-0.01707991,0.5458575,-0.28554353,-0.20474048,-0.18823442,-3.1874813e-05
protein|STIM1,-0.1034564,-0.38612565,0.11124745,0.2788147,0.06203666,0.042962328,0.05670935,-0.13801487,0.014402375,-0.3278958,-0.011884233,-0.22382875,-0.07491538,0.184468,-0.10980516
protein|GGT5,-0.17871964,-0.42272046,0.4704493,0.36041823,-0.105293095,0.3203891,-0.08899456,-0.02058632,-0.072979465,-0.23209634,-0.09866703,-0.4053876,-0.07801312,0.041657895,-0.029184876
protein|ICMT,-0.05832491,-0.004319995,-0.6731705,0.5321958,-0.23727047,-0.035260163,0.29751286,-0.017411968,-0.044832606,0.02083656,-0.18001612,0.07162571,-0.015604069,0.26364043,0.13247152
protein|LMAN1,-0.07004643,0.1813999,-0.36483312,0.41935164,-0.21371968,-0.33473465,-0.1936707,-0.10146717,-0.24250104,0.004081594,-0.2978652,-0.20722815,-0.55888855,0.28367975,0.29676905
protein|DIDO1,0.019279638,-0.6683424,0.0068879724,-0.24856703,0.31231144,0.44013852,0.5006378,-0.06325447,0.3397183,-0.23572135,-0.28791428,0.2078285,0.2759282,-0.01644854,-0.3371987
protein|LY9,-0.23123084,-0.4243765,0.35646772,0.20122787,0.4030925,0.07104828,0.21650358,-0.053134307,0.23650081,-0.24629599,0.05684346,0.04884511,-0.08515744,-0.012149459,-0.0776072
protein|GCDH,0.35801196,0.11843264,-0.3428861,0.7598776,0.41035903,-0.3698608,-0.12433996,-0.15213738,-0.14101619,-0.116844125,-0.49574244,-0.047104012,-0.400283,-0.14199576,-0.07821437
protein|CST3,-0.28379402,-0.17956997,0.34449947,0.18971811,-0.3821295,0.17116123,-0.32756382,0.13906285,-0.012206171,0.034012705,0.35924196,0.09106546,0.07479431,0.030298604,-0.017895933
protein|ARFGEF1,-0.06522865,-0.06296802,-0.27229354,-0.12567823,-0.16845053,-0.29846147,0.046037145,-0.26874682,0.14262746,-0.00041391188,-0.0027621605,-0.14606391,-0.032515932,-0.0012618528,0.08997865
protein|Q96AE4,0.15184242,-0.66272956,0.14045933,-0.33969763,0.57804877,0.29665688,0.4554945,0.20140016,0.5387703,-0.25623253,-0.27008292,0.38177165,0.24989925,-0.21501228,-0.34532622
protein|CRYL1,0.05480857,-0.019674484,0.1926885,0.49317768,-0.11174198,-0.129686,-0.30885357,-0.24505374,-0.1464738,0.051859155,-0.0789318,-0.37574938,-0.49604502,-0.18659103,0.06950937
protein|CTSZ,-0.45104545,-0.5584282,0.20114344,-0.11963752,0.065203555,0.2180569,-0.15106526,-0.035770204,-0.032538544,-0.2971614,0.2200473,0.20713538,-0.26679286,-0.019093331,-0.3639948
protein|RPL34,0.3199108,-0.22690599,-0.14620815,-0.43574634,0.39362836,0.13567305,0.17363495,-0.19035734,0.3953124,-0.16032824,-0.4338319,0.55401546,-0.11499058,-0.31406558,-0.23187414
protein|SAMD9,0.099936366,0.020579034,0.06430442,-0.15874085,-0.22285105,-0.31135204,-0.08009162,-0.45066583,0.1193999,0.0884975,0.18219045,0.16971163,0.037559867,0.17479359,0.21473897
protein|STX18,0.24620391,0.39116925,-0.49377975,0.2096238,0.06672702,-0.29389656,-0.13837188,-0.35905555,0.02132335,0.050664067,-0.2053524,-0.029901693,-0.3872311,-0.20735823,0.23452108
protein|NID1,-0.3687071,-0.3283184,-0.10399885,0.2076471,-0.5011979,0.16954346,0.15878206,-0.13112901,-0.23801467,-0.34426644,0.10584645,-0.39658102,0.05201823,0.57139254,0.11035695
protein|IFIH1,-0.25292456,-0.17130353,0.01933418,0.13593365,-0.028509775,-0.26638684,-0.30141914,-0.32338184,0.034134675,-0.2683642,0.47784927,-0.2224083,-0.24209164,-0.07722639,-0.0857611
protein|EIF2B2,0.2510233,0.4357955,-0.23359151,0.14941105,0.19679616,-0.2915783,-0.12760608,-0.47133985,-0.17429365,0.16511388,-0.31505716,-0.13079242,-0.44373688,-0.14702328,-0.046363596
protein|PSMG4,-0.13060594,-0.049734194,0.020553863,0.22595946,-0.05233907,-0.0034371908,0.26320815,-0.020919323,0.18002476,0.1770185,-0.020915437,0.052451745,-0.035004772,0.24807723,-0.28760466
protein|MAVS,-0.03643454,-0.4658106,-0.16979262,0.067773186,0.25132275,0.24275102,0.15146694,0.06758235,0.19346479,-0.03255157,-0.2642308,-0.08623406,-0.11540527,0.12852296,-0.4224203
protein|KPNA2,0.09805843,0.21830857,-0.58170277,-0.20361355,0.11165052,-0.11243212,0.3030644,-0.17794034,0.23513357,0.22981538,-0.31543937,0.57199764,-0.15846191,0.41397175,-0.2886129
protein|MAX,-0.035327725,-0.7620275,0.41651627,-0.17128707,0.22456731,0.29258874,0.2616489,0.042729486,0.28857198,-0.44753784,-0.06100281,0.20854732,0.3698804,-0.23651552,-0.19334278
protein|ARSA,-0.24743305,-0.23869434,0.46231988,0.25859767,-0.028465815,-0.104668625,0.055382464,-0.09339212,0.084440745,-0.13730219,-0.15621263,-0.21928947,-0.0787551,0.07359334,-0.29468316
protein|SNRNP70,0.16588129,-0.47626594,0.028698765,-0.5354715,0.42364332,0.33299142,0.5549437,0.11091121,0.553843,-0.20765577,-0.3410657,0.43729228,0.23267788,-0.11250219,-0.29537097
protein|ITPR2,0.078747384,-0.052264977,-0.6700927,0.13595524,-0.14078566,-0.22624023,-0.1594048,-0.012310536,-0.27522498,-0.12163571,0.074185096,-0.004454035,-0.072146155,-0.09975542,0.21108015
protein|P4HB,-0.32732284,0.30613866,-0.11008927,0.3036924,-0.23582916,-0.37008134,-0.47057953,0.02008737,-0.2756569,-0.071577005,-0.19796509,-0.012730242,-0.66812515,0.29029766,0.0323281
protein|ALDH3A2,-0.20986845,-0.048168793,-0.074589185,0.66747475,-0.016832175,-0.4061268,-0.22736952,-0.043669857,-0.2822927,-0.113791086,-0.59405965,-0.23253047,-0.51063263,0.12722816,0.0717215
protein|SEC61A1,-0.12932822,0.027104955,-0.40635902,0.36297888,-0.14192906,-0.35942072,-0.011405281,-0.3974826,-0.27090842,-0.088636614,-0.36709377,-0.24368812,-0.4007797,0.24224097,0.2937585
protein|NIPSNAP3A,-0.13268289,0.09759766,-0.25417057,0.7321697,-0.19724007,-0.3931715,-0.18771514,0.054776385,-0.1423172,0.09688262,-0.18263781,-0.27029702,-0.09517314,0.087869026,0.23568772
protein|NOL8,-0.17948392,-0.19705005,-0.3502761,0.30621547,0.056943722,-0.07919816,0.11109116,-0.18399696,0.14873917,-0.0055523035,-0.28429583,0.06103196,-0.16005582,0.30523583,-0.114815466
protein|HSPBP1,0.06450294,0.24193135,-0.28298575,0.03619741,0.15379637,-0.25050497,0.038125757,-0.46772072,-0.0504311,0.25866604,-0.17351305,0.07366586,-0.018904533,0.08750965,0.3083347
protein|NCL,0.5938162,9.601668e-05,-0.5699218,-0.15771909,0.31803116,-0.08614478,0.36803117,-0.24379343,0.47199452,0.013899078,-0.37277734,0.52328694,0.25088575,-0.10905346,0.11857357
protein|RRAGA,0.10644268,0.28900477,-0.020083923,0.33790004,-0.29751787,-0.3499046,-0.23670875,-0.1588436,0.13403372,0.078386456,0.45078966,0.24583176,-0.097024105,-0.059004262,0.035410922
protein|SRSF5,0.29886392,-0.32068753,0.14114073,-0.49933246,0.68032074,0.07650771,0.3477155,0.12942548,0.48759413,-0.16540807,-0.38276362,0.30367896,0.041455183,-0.1871483,-0.13311267
protein|RALB,-0.38666862,-0.3114838,0.016723925,0.18005322,-0.3595251,-0.2572581,-0.34599403,-0.24845037,-0.17839658,-0.18655303,0.08231359,-0.12499132,-0.40255898,-0.032818876,0.25850305
protein|PRUNE,0.09833945,0.16809228,-0.09048025,0.16301835,0.09271385,-0.24883693,-0.022591857,-0.23937479,-0.12865815,0.11053484,-0.00922747,-0.18404415,0.007554545,-0.039442047,0.3792814
protein|BCAP31,0.033294987,0.23334321,-0.26862913,0.39229167,-0.13370247,-0.37841213,-0.5680841,-0.1704986,-0.2720354,-0.123588026,0.14345232,-0.26979074,-0.4371436,-0.24196655,0.33605754
protein|PTRHD1,0.16074908,0.060304746,0.25341874,0.030107912,0.5812984,-0.119018294,0.07105416,-0.24313095,0.07782752,-0.09112701,-0.011649716,0.040850166,-0.061619963,-0.16138522,-0.21280782
protein|ETHE1,-0.49843055,-0.1567708,0.20008424,0.39692444,0.017980294,-0.1796944,-0.6078076,-0.106572375,-0.2204501,-0.12367867,-0.015433235,-0.22235644,-0.592137,-0.12815782,-0.10607683
protein|PPP6R1,-0.08785608,-0.55254644,0.17353679,-0.22174206,0.3933102,0.09592303,0.19705415,-0.037044276,0.12834737,-0.22699654,0.22716989,0.02002366,0.21672145,-0.18230523,-0.2872682
protein|EIF4A2,0.17472266,0.13794757,0.027727934,0.14496993,0.046930235,-0.24505492,-0.10956716,-0.49173096,-0.11157364,-0.023327135,-0.060992055,-0.32872003,-0.10252585,-0.0702546,0.31982443
protein|SKAP2,-0.37132025,-0.32319066,-0.040894806,0.32852024,-0.0988931,-0.21416877,-0.36333334,-0.4065479,-0.12810439,-0.14986008,0.22114559,-0.15152916,-0.43644693,-0.116525374,0.03806026
protein|TXNRD2,-0.06129138,-0.35530493,-0.116257675,0.5714521,0.31382674,0.036878355,-0.11814991,0.07444112,-0.049476795,0.10403258,-0.21001743,-0.10393385,0.02883898,-0.20306286,-0.20283438
protein|A0A0C4DGB5,-0.11885732,-0.70585364,0.48588708,-0.14360388,0.32720336,0.44149652,-0.000965209,0.1602712,0.21879037,-0.34529153,0.117149696,0.04578876,0.06931876,-0.2567009,-0.40917203
protein|UBFD1,0.37186426,-0.19039714,-0.028125545,-0.2477124,0.34950244,0.26736256,0.09202101,-0.058448497,0.28220293,-0.29452017,-0.15622324,0.19483419,0.08203485,-0.25016764,-0.0576921
protein|HSPA14,0.27597517,0.09702312,-0.26101512,-0.13116455,0.12619662,0.19473079,0.26892927,-0.23601164,0.29193446,0.19963339,-0.1568087,0.3931417,-0.08737405,0.19377045,-0.20846328
protein|ATG7,-0.13507691,0.17850202,0.017320191,-0.044391364,-0.20578441,-0.3245732,-0.5029996,-0.37266114,-0.04146444,-0.031056123,0.3621596,-0.24770607,-0.33773986,-0.23524007,0.35230613
protein|MDH1,0.31180725,0.12541561,0.07925624,-0.011637521,0.29358333,-0.09199342,-0.17672288,-0.14880748,0.09181641,0.10131421,-0.04932129,-0.3067752,0.13846742,-0.5860475,0.25759333
protein|FAHD2A,0.23265956,0.10081322,-0.2244436,0.47978583,0.16351418,-0.222614,-0.1726011,-0.18636486,-0.018608958,0.34765604,-0.5782572,0.0057928152,-0.08709723,-0.32850304,-0.0899592
protein|MRPS26,0.17968334,-0.17248575,0.04858716,0.29627323,0.054901734,-0.43164706,0.062214714,-0.21891148,0.25663987,0.11135901,0.1307497,0.16446808,0.19715169,0.004140525,0.004906934
protein|LHPP,-0.038767323,-0.18745188,0.4823682,0.4193466,-0.110076606,-0.17794621,-0.19182128,-0.10551483,-0.14330065,-0.29813743,0.18357,-0.19809918,-0.14245315,-0.15359998,0.20929742
protein|SETD3,-0.06283628,-0.20611648,0.0730264,0.28331074,-0.14560314,-0.043087035,0.35038555,-0.09200817,-0.037726525,0.11614663,0.02185337,0.040211745,0.20618077,-0.22538033,-0.11392882
protein|ASL,-0.14674832,-0.0095426105,0.052835435,0.6355645,0.07719431,0.007417331,0.0026030766,0.041702904,0.04655504,0.12187115,-0.4972203,-0.34983116,-0.105949774,0.013917145,-0.16694126
protein|SLC9A3R1,-0.2537908,-0.81674045,0.6556114,0.18265957,0.11607911,0.103534475,-0.13139476,-0.07653681,0.0005729695,-0.6170038,0.046054598,-0.09833551,-0.19174702,-0.25480548,-0.10951727
protein|CECR1,-0.1688692,-0.023210915,-0.028052706,0.06713226,-0.09277589,-0.25283325,-0.35665238,-0.24120964,-0.031456906,-0.05735611,0.28456146,-0.18459742,-0.3335227,-0.20846999,0.14029257
protein|PSMB3,0.22091213,0.34002566,0.1324884,-0.12877166,0.06972956,-0.3107899,-0.43267134,-0.40962386,0.045739435,0.13530622,0.051619645,-0.11683095,-0.5141475,-0.4686546,0.20356669
protein|CDH5,-0.2547809,-0.39692503,0.21551761,0.1513866,-0.097892046,0.200782,0.38123038,-0.09347527,-0.049332313,-0.27447167,-0.17585169,-0.047495656,0.07862416,0.52969426,0.019875972
protein|FNBP1,0.29178545,-0.006988229,0.19603762,-0.28101796,0.21340634,-0.12198614,-0.1337386,-0.28783482,0.2519169,-0.067646444,0.17816533,-0.2488437,-0.022816299,-0.7519807,0.15199159
protein|SRA1,-0.0395601,-0.631435,0.012553644,-0.0053853123,0.17513333,0.583149,0.12781925,-0.1809906,0.055447012,-0.11666992,-0.1455578,0.025172265,0.22596116,-0.24396683,-0.40015233
protein|ASH2L,0.21834625,-0.11560389,0.24373703,-0.17317076,0.27971697,0.06660048,0.2581264,0.012691109,0.107904166,-0.1854273,-0.14747635,0.14573257,0.26964906,-0.10611337,0.11428248
protein|GMFB,0.08612515,0.2633289,0.21001954,-0.106532186,0.110905044,-0.010737987,-0.36037028,-0.32432404,0.09470168,0.11212341,0.028827244,-0.3140917,-0.3167163,-0.23612864,0.23024939
protein|RSL1D1,0.25497308,0.10660845,-0.6689894,0.040762804,0.14265054,0.05241212,0.48456132,-0.19082677,0.1515049,-0.060373735,-0.3612988,0.28983766,0.10636504,0.39858723,-0.010756613
protein|LST1,-0.53524786,-0.17565507,0.3487694,0.039735593,-0.24622475,-0.19462161,-0.4903541,-0.086069345,-0.14258079,-0.09976627,0.31123656,-0.1187749,-0.3948274,-0.057872064,0.024513805
protein|TUBB6,-0.18688309,-0.2786211,-0.055419423,0.16927427,0.034684688,0.1197394,0.14686023,-0.03791084,0.03762355,0.22426952,0.019053796,-0.018777037,-0.014933198,0.23923256,-0.18678609
protein|ZDHHC5,-0.23182252,-0.54667664,0.05181164,0.04727464,0.19347434,0.36872092,0.3193414,0.07335073,0.1276761,-0.2665572,-0.18533824,-0.07312657,0.2004064,0.04306057,-0.27938765
protein|EEF1E1,0.41786832,0.39266035,-0.33785924,0.209353,0.15512374,-0.30396688,-0.08449993,-0.42810613,0.18677062,0.36718935,-0.2604689,0.08659736,-0.1972326,-0.097820364,0.2542467
protein|RBM42,0.06321831,-0.26982558,0.004652265,-0.31197813,0.11611727,-0.051443223,0.2644752,-0.20733602,0.34442416,-0.08092913,-0.13410385,0.23208517,0.038457133,0.056533176,0.15027675
protein|ACSF3,0.22317828,-0.042538345,-0.27786887,0.60252804,0.17000084,-0.34693298,0.14211011,-0.11943121,-0.043430142,-0.032272622,-0.23370406,-0.16998097,-0.051408567,-0.13580109,0.24886838
protein|PXDN,-0.2291939,0.024287695,-0.0046288455,0.12450012,-0.15598644,0.110686146,0.4056014,-0.07132576,-0.102499135,0.024994502,-0.16371614,-0.18858385,0.14395456,0.52317154,-0.08945832
protein|ARPC2,0.19167556,0.39277503,0.05440515,0.08085111,-0.0942011,-0.23687652,-0.44910523,-0.41597882,-0.110340014,0.10377354,0.35960373,-0.617434,-0.1762416,-0.55667096,0.53582066
protein|SAMSN1,-0.19288266,-0.123148546,0.019864248,-0.0046055894,0.11855701,-0.19293651,-0.026252173,-0.13572711,0.004211342,0.11168085,0.047785386,0.0029193186,0.016134864,-0.10219467,-0.011400025
protein|ERC1,-0.03966209,0.024076626,-0.12703958,0.16959584,-0.17349641,-0.40545315,0.0065210476,-0.0973613,-0.109910406,0.21178585,-0.105630554,-0.075370915,-0.14055319,0.28281838,-0.09523014
protein|CASP3,0.05131586,-0.20244186,-0.16298003,0.004780604,0.014475832,0.06903297,0.16180961,-0.24336445,0.16304816,-0.036528654,-0.14318427,-0.028777793,-0.007093762,-0.17348367,-0.16022304
protein|WDR11,-0.025691634,-0.36527407,0.021215562,0.30293238,0.50073785,-0.13015598,0.14867017,-0.13219713,0.25594482,-0.119004756,-0.2433128,-0.056230728,-0.10054341,-0.15523614,0.105373606
protein|DPYSL3,-0.09487864,-0.16350605,-0.20264061,-0.09110164,-0.42378414,0.46963584,0.17812902,0.14364022,-0.39924324,-0.17754105,0.13530427,-0.7634173,0.25542665,-0.029234342,-0.11292392
protein|NCEH1,-0.17274308,-0.165324,-0.18493961,0.3957583,-0.3481306,-0.18171407,-0.42804047,-0.38047844,-0.15474536,-0.18508151,0.2220448,-0.41741467,-0.33738583,-0.25270897,0.36907375
protein|SCAF4,0.3756891,-0.29966602,-0.15640095,0.09752427,0.3094495,0.18524863,0.47336796,0.14350298,0.52467823,-0.0862999,-0.11777654,0.28437963,0.27083322,-0.26943368,-0.21081398
protein|GMFG,0.0830356,0.05552677,0.60575914,-0.12144208,-0.06962561,-0.4169813,-0.42236242,-0.43217137,-0.04935038,-0.26251072,0.269325,-0.049548667,-0.38184273,-0.41409227,0.35735917
protein|RSF1,-0.044684127,-0.14741383,-0.024801776,0.09132519,-0.27188352,-0.010271131,-0.003805448,-0.043346763,-0.05985802,0.11202099,-0.06627674,0.0536614,0.16668034,0.24758098,-0.14092383
protein|TNFAIP2,-0.65930146,-0.22300075,0.20007464,0.06983789,-0.28647754,-0.2950248,-0.51678157,-0.3351464,-0.13483539,-0.12528834,0.4613438,-0.0148801645,-0.38225767,-0.05036973,0.07582933
protein|SAP30,0.054982882,-0.29948366,-0.39270326,-0.45801723,0.40659145,0.30431932,0.50292647,-0.14214858,0.22516158,-0.07636017,-0.05626724,0.29957357,0.07064651,-0.123708814,-0.14263433
protein|PTPRJ,-0.35383812,-0.42157325,0.28335127,0.14464985,0.18585226,-0.23073553,0.1947655,-0.09716845,0.40489763,-0.16513352,0.14121257,0.3803629,-0.20137534,0.32340032,-0.14842057
protein|CAPRIN1,0.16452543,-0.094582215,-0.040509347,-0.40199384,0.31614926,0.23140955,0.31406698,0.02893876,0.34004563,-0.18610388,-0.48298103,0.5792016,0.010470114,0.31833977,-0.35959107
protein|SYNJ2BP,-0.19376528,-0.4569601,-0.022281205,0.31634754,0.2902687,-0.085175835,0.2868275,-0.05497854,0.29383504,-0.07950468,-0.24176662,-0.036460426,-0.27615106,0.18227018,-0.4128566
protein|RAB27A,-0.3741953,-0.27341723,0.39590028,0.23644707,-0.2527758,-0.45816594,-0.37035486,-0.30349943,-0.08356324,-0.041581176,0.27423003,-0.058006983,-0.19811893,-0.2231694,0.26212674
protein|PPP3R1,0.23223463,-0.07397758,0.23735772,-0.38302848,0.4916776,0.000459377,0.036614463,-0.07689415,0.015527261,-0.15563804,-0.09401163,-0.32874823,0.00035278298,-0.12470148,-0.013350453
protein|RBM6,-0.14966969,-0.6169476,0.19801354,-0.055977263,0.54617864,0.3712641,0.50812906,0.117001854,0.5193079,-0.1959244,-0.14656669,0.14655782,0.21055394,-0.010042942,-0.3784982
protein|SARS2,0.025829773,-0.28466803,-0.10376677,0.2994065,0.16784991,0.060454965,0.339931,0.26989633,-0.17676364,-0.2063361,-0.3044252,-0.16081804,0.03751982,0.37661952,-0.00022627028
protein|NT5DC1,0.37882617,0.09830937,-0.11877868,-0.08505055,-0.024313195,0.14411423,0.026888238,-0.25882265,-0.051733445,-0.018612383,-0.11907052,0.15826428,-0.09806423,-0.10144367,0.21408795
protein|ARSB,-0.1870546,0.22121648,0.30626872,0.16486008,-0.012127735,-0.1288422,0.18366748,-0.13197179,0.017747976,0.28433594,-0.09634955,-0.05147689,-0.033835683,0.30928564,-0.27756828
protein|CNOT2,0.009151038,-0.3244245,0.07509109,0.012407557,0.45114657,0.17003502,0.31058824,-0.18786517,0.045831632,-0.18093172,-0.24242854,0.1516237,-0.12520164,-0.009400733,-0.24589534
protein|GMDS,0.16412434,0.016486907,-0.05838089,0.29744142,-0.0055439873,-0.1734919,-0.15622418,-0.24934351,0.020264897,0.004077622,-0.30922872,-0.09068306,-0.14883809,-0.14382476,0.2632005
protein|PRDX5,0.21959844,0.22541924,0.29665336,0.24788456,0.5361611,-0.19148262,-0.3199947,0.088001676,0.017720662,0.17061608,-0.11751893,-0.3091965,-0.22650076,-0.41208532,0.12170703
protein|RPL27A,0.33332503,-0.032367125,0.06653208,-0.4503804,0.4887869,0.004944867,0.11888722,-0.004468431,0.48072442,-0.21746942,-0.30730057,0.36611688,-0.20518155,-0.08476197,-0.1835274
protein|SKP1,0.28496724,0.21008363,0.027135752,-0.27510688,0.17002013,0.13261934,-0.05745364,-0.16802922,-0.00040150958,0.015728164,0.12614681,-0.21083146,-0.017409777,-0.30602518,-0.012156662
protein|LEO1,0.16789384,-0.34735253,0.2476222,-0.43423408,0.48871234,0.09753704,0.22800481,-0.035308745,0.5377952,-0.09682262,-0.26226693,0.4267051,-0.05917668,0.06111504,-0.2933037
protein|TBC1D22A,0.031767186,-0.14337541,0.12209747,0.25409696,0.03595028,-0.12435528,0.1274838,-0.20194562,0.23371057,-0.013366213,-0.105257906,-0.105795,-0.0069141737,-0.21123303,0.08500466
protein|CELF2,0.19049379,-0.5612747,0.17626749,-0.591515,0.011161772,0.017852783,0.08992402,-0.39153028,0.37509853,-0.40061587,-0.0028309566,0.4230571,-0.011252856,-0.27560103,0.021920586
protein|NEK7,0.2208158,0.11094465,0.082715765,0.16084465,0.03481743,-0.31073168,-0.28156805,-0.19999549,0.11957194,-0.06610272,0.10012653,-0.440655,-0.25218713,-0.36931923,0.39094037
protein|MGST2,-0.25662628,-0.15635878,-0.18116525,0.64259017,-0.5186092,-0.09115582,-0.3256041,-0.057741895,-0.36074078,-0.06143551,-0.1625681,-0.3249225,-0.21776158,-0.121598974,0.019468052
protein|FERMT3,-0.030384053,0.3969563,-0.043499503,-0.016776111,-0.22984104,-0.39694428,-0.5704242,-0.44750842,-0.07581174,0.11361904,0.37898514,-0.33312201,-0.2813846,-0.5536163,0.38920897
protein|PAIP2,0.3605073,-0.3670687,-0.37962997,-0.31038657,0.36570695,0.10680367,0.21906443,-0.026196832,0.20602138,0.12214282,-0.25288767,0.32432416,0.12135202,-0.061157525,-0.25050288
protein|MOSPD2,-0.25042263,-0.43641436,-0.18267368,0.2934339,-0.28463066,0.29854912,-0.02062466,-0.06471104,0.016810598,-0.16566639,0.066336036,-0.16109034,0.035060205,0.050472654,-0.2421073
protein|GNA13,0.0039952984,0.1263127,-0.20140265,0.1166159,-0.06557389,-0.31188396,-0.2077262,-0.23930973,0.015219804,0.16853736,0.24256265,-0.32693073,-0.3056174,-0.32178926,0.3927001
protein|NOP14,0.10137995,-0.06849589,-0.5072595,0.018331511,0.30713773,-0.064374276,0.46469152,-0.20740622,0.12396675,-0.25146317,-0.43462092,0.36179468,-0.046529908,0.44381684,-0.115677476
protein|CBR3,-0.42651227,-0.26758173,0.59847504,0.15454066,0.022833284,-0.0075456765,-0.4046521,-0.22166997,-0.15455543,-0.2639473,-0.06753285,-0.22515036,-0.45699033,0.19507882,-0.16651133
protein|DPP7,-0.1689857,-0.18115018,0.23784272,0.024824329,-0.062998526,-0.04496117,0.1580084,-0.03862753,-0.15390159,-0.14713939,0.008503338,-0.2654033,-0.06470038,-0.15359464,0.019831128
protein|NMRAL1,0.13212126,0.39538473,0.2956781,-0.006265555,-0.013776739,-0.23360229,-0.09300051,-0.3092038,-0.09060463,0.05739528,-0.1811801,-0.11152348,-0.15338661,-0.116528526,0.159663
protein|RRP1B,0.14166717,0.08165357,-0.60089135,0.17497347,-0.017516818,-0.06013115,0.42990932,-0.29834247,0.053439394,-0.08405439,-0.5462411,0.29442084,0.0566172,0.3386967,-0.04984683
protein|K7EL81,-0.273973,-0.49674582,0.09198565,0.3221534,0.07945068,0.47790194,0.3913285,0.17881717,0.007852449,-0.3212057,0.064426206,-0.12943746,0.12442926,0.017429886,-0.36875287
protein|CIAO1,0.1445197,-0.5214623,0.09758682,-0.05133266,0.34377673,0.2966743,0.32913843,-0.059600838,0.518718,-0.19268535,0.04510706,0.08072374,0.15664694,-0.0043845065,-0.14425196
protein|PGK2,0.13659358,0.068466924,-0.021139765,0.03865108,0.21288703,-0.19659856,-0.33492634,-0.20820804,0.20875973,0.120858595,0.20051077,-0.017732944,-0.0007751945,-0.050284162,0.097310014
protein|AGAP2,-0.0033867727,0.26076883,0.49481866,0.0042759883,-0.17447783,-0.31631106,-0.09085195,-0.033153504,0.09967812,0.10081305,0.399022,0.13289055,0.16506054,0.007709332,0.39728034
protein|PDXP,-0.057091564,-0.21193846,0.02013226,0.029438475,0.075358294,0.03416929,0.20017415,0.021663647,0.14970177,-0.03473626,-0.3198098,0.15314461,0.124793515,-0.038036466,-0.034303203
protein|SERPINB8,-0.029415073,-0.03591423,0.29614943,0.1264844,0.029992552,-0.4597,-0.20898809,-0.26247334,0.011452559,-0.024517795,-0.13923253,-0.10078242,-0.3568558,-0.21244748,0.28455982
protein|SLAMF6,0.21234421,-0.52289337,-0.057590395,0.06012234,-0.105257854,0.23484486,0.20599647,-0.08413014,0.15809909,-0.22328618,-0.12080844,-0.07456368,0.21219856,-0.22261938,-0.0037500511
protein|TRAFD1,-0.24433891,-0.55331546,0.104375154,-0.10274095,0.1510431,0.17712283,0.13465507,-0.12028063,0.19722474,-0.35673532,0.034139223,0.1243548,-0.11188072,-0.18354538,-0.26086697
protein|PPA1,0.017929632,0.06769664,0.19220977,0.037952468,0.29179382,-0.17195767,-0.53055733,-0.4710277,0.30627847,-0.0768117,0.10306523,0.14194372,-0.59563756,0.013917679,-0.03108451
protein|DR1,0.00037251093,-0.6378848,0.39726546,-0.2015592,0.4490575,0.2679783,0.17157546,-0.054807413,0.21424265,-0.36240676,-0.1549316,-0.072762914,-0.07133169,-0.19290854,-0.22865842
protein|PAK1,-0.18996468,-0.33168143,0.19476475,0.05038283,-0.10055009,0.15019415,0.026069118,-0.009040456,0.053677842,0.058900926,-0.41345364,-0.15557349,0.0159276,0.19345129,-0.18968236
protein|WDR13,-0.21104546,-0.40158665,-0.052321,0.10246004,0.015858991,0.316127,0.18451107,0.21151383,-0.4546756,-0.11850332,-0.15344024,-0.14387259,0.100339994,0.39253578,-0.41014275
protein|EXOSC9,0.21127006,-0.30348793,-0.24253854,-0.08587898,0.32129052,0.07656414,0.2139198,-0.046414066,0.14751667,-0.17439722,-0.46313933,0.41871238,-0.05134764,-0.07712556,-0.047647767
protein|DEK,0.30603468,-0.37636474,0.095743135,-0.4324748,0.4300218,0.18442076,0.3689619,0.064827584,0.60005844,-0.076614216,-0.0025638598,0.13885906,0.26498133,-0.26892447,0.004434584
protein|TBC1D13,-0.009705763,0.24393962,0.31777307,0.05086394,-0.058266155,-0.069792,-0.115477294,0.029513804,-0.05149624,0.15747148,0.14778371,0.002428952,-0.0047201393,-0.13218372,-0.12087228
protein|SRRM1,0.2441963,-0.32962522,-0.07287986,-0.11009282,0.5723925,0.14886145,0.4380444,0.35791463,0.43242344,-0.1889446,-0.26204273,0.4816299,0.11909303,-0.04801151,-0.18838084
protein|GGACT,-0.059466235,-0.042608462,0.38997552,0.0842238,0.055952143,-0.057496615,0.039462473,-0.15527739,0.08134853,0.15584077,0.21531564,-0.063087195,0.16139244,-0.03809417,0.024397373
protein|PGM2L1,-0.012964934,-0.013535153,0.27007014,0.15912466,-0.36400607,-0.19347508,-0.0130670415,-0.40331975,-0.0976472,-0.020371305,0.07456448,-0.2687464,-0.072160415,0.04045721,0.32974657
protein|CSTB,-0.24984561,-0.13668382,0.20177336,-0.17025107,0.1499862,0.07882956,-0.2012582,-0.03170472,-0.124292016,-0.022405425,0.13271603,-0.14919597,0.0039344127,-0.28028488,-0.23889469
protein|ELMSAN1,0.07153369,-0.40293458,0.056241572,0.22384071,0.16518891,0.051745314,0.1889545,-0.12250382,0.4477174,-0.13587579,0.10009941,0.26536942,0.25765964,-0.17762804,-0.1644263
protein|ATP5A1,0.33780545,0.14167038,-0.5744962,0.7828871,0.38081965,-0.451632,-0.13678186,-0.08303864,-0.14747971,0.08874942,-0.6110831,-0.17924602,-0.50907564,-0.06741773,0.3185377
protein|ZC3H18,0.10032589,-0.65878224,0.07664059,-0.27513987,0.4552212,0.41551414,0.46449095,0.17926422,0.4812275,-0.24169087,-0.22801255,0.28547108,0.24483657,-0.082272135,-0.41608524
protein|DDX58,-0.10653506,0.028081337,0.37561336,0.32799852,-0.18628329,-0.39255267,-0.4428309,-0.4037201,-0.040267553,-0.20316052,0.19464512,-0.50742054,-0.37377858,-0.09775746,0.32418
protein|TNFAIP8,0.27414453,-0.1809531,0.42582187,-0.1913777,0.3588318,-0.088737756,-0.1820879,-0.29128385,0.13961504,-0.33152032,-0.033150528,0.09121272,-0.27661273,-0.34693396,-0.01604477
protein|LSM7,0.39957792,-0.25854257,0.12016148,-0.27675217,0.4913947,0.12270455,0.043272115,-0.19706415,0.4258805,-0.08404508,-0.18213595,0.32552785,-0.09986193,-0.43174776,-0.06630117
protein|NOL6,0.16757593,0.3781235,-0.6014521,0.14073223,0.011074437,-0.3213187,0.2186053,-0.48602724,0.008047864,0.011097743,-0.5375347,0.19178118,-0.11286816,0.27559444,0.050126713
protein|TOMM22,0.25607088,0.2854523,-0.40385142,0.5994361,0.41604212,-0.24613239,0.07881486,-0.21801552,-0.098044015,0.11717963,-0.16606729,-0.020141656,-0.2525753,0.28631043,0.051985238
protein|CYB561D2,-0.26827344,-0.46647754,-0.18921006,0.06797297,-0.12790751,0.34829158,0.3257656,-0.13155642,-0.20834164,-0.10706167,0.1178413,-0.10491191,0.27420786,0.36895192,-0.20750628
protein|TAF5,-0.08017585,-0.23053539,0.25930992,-0.06718089,0.09226196,-0.02993309,0.18171029,-0.1225926,0.1159916,0.026733167,0.11882659,-0.11874592,-0.006261896,0.12912127,-0.13485515
protein|LSP1,0.09121272,-0.29066077,0.23505366,-0.054611288,0.20546544,-0.10553826,-0.023460418,0.16698638,0.16607724,-0.15034625,0.2200782,-0.050986294,0.1744681,-0.617583,-0.044714067
protein|GPR108,-0.004041051,-0.06465635,0.1560495,0.088399634,-0.06261392,-0.21095297,-0.4583486,-0.1916293,0.014773632,-0.048900332,0.4917788,-0.24597722,-0.2572011,-0.2390329,0.3179284
protein|SRSF10,0.12076632,-0.5487782,0.028419968,-0.30360463,0.4807851,0.1561187,0.5424676,-0.05710785,0.5933111,-0.16600853,-0.39712644,0.28015736,0.14053272,0.026349481,-0.22862446
protein|PMPCA,0.28964388,0.29008782,-0.7196599,0.40647617,0.2367841,-0.40272084,0.11920625,-0.109653905,-0.13288902,0.020457255,-0.49773178,-0.0032389015,-0.26796055,0.035267454,0.02802711
protein|CAV1,-0.11825307,-0.06954281,-0.036120296,-0.200893,-0.36926016,0.35625035,0.13714902,0.063390546,-0.49796534,-0.181463,-0.22575377,-0.33088103,0.13381886,0.28145707,-0.010025846
protein|UBE2I,0.316625,-0.27857634,0.0987154,-0.2873345,0.23491447,0.09782066,0.24965313,-0.0315694,0.22362344,-0.14857225,-0.25263235,0.103741385,0.06353907,-0.14261433,-0.14112288
protein|EMC3,-0.29640934,-0.027565354,-0.041913822,0.14846484,-0.26113084,-0.2283831,0.16633941,-0.22727059,0.022408493,0.042685036,-0.15220717,-0.03504501,0.0057423254,0.15523717,-0.012720574
protein|STXBP3,-0.19013466,-0.32075393,-0.08072898,0.13957845,-0.12975013,-0.02176478,0.018108172,-0.23438852,-0.25317925,-0.23941673,0.19310199,-0.34015793,0.08961002,0.106153876,0.16892084
protein|MRPL14,0.05794491,-0.17780526,0.13888061,0.06419192,0.40646976,0.04641496,0.36263475,0.14530016,0.3339738,-0.006882867,-0.32461482,0.38084227,0.034326218,0.19250467,-0.3198621
protein|SH2D1A,-0.28594002,-0.5178799,0.28160813,0.1047471,-0.076360874,-0.1812674,-0.24654636,-0.30389577,-0.08407917,-0.47969344,0.24459894,-0.10149748,-0.24137716,-0.44850108,0.20673344
protein|THEMIS2,-0.27017012,-0.17148305,0.29431993,0.050348494,-0.12635562,-0.3487807,-0.3920265,-0.55881184,0.051413577,-0.22306068,0.059845425,0.0024743564,-0.50500166,-0.100064345,0.19789657
protein|ETFDH,-0.19170381,-0.19354229,-0.17887107,0.83101636,0.055537153,-0.21412894,-0.03669064,0.04267687,-0.33227417,-0.21688618,-0.5591395,-0.17066348,-0.20851883,0.09309776,-0.17871347
protein|TCEB3,-0.071683615,-0.15274753,-0.20761967,0.20200583,-0.060132165,0.1201133,0.16691726,-0.107227966,0.14835556,-0.043063596,-0.100957334,0.04168819,-0.06162382,0.22506285,-0.17842622
protein|DYNLT1,-0.28024378,-0.21347259,-0.14594223,0.042862967,0.004920343,-0.030641193,-0.17031537,-0.215145,-0.21822402,-0.22649123,0.06679901,-0.05672181,-0.26542982,0.3233531,-0.14178278
protein|PGRMC1,-0.08214122,-0.12939024,0.20475851,0.47494197,0.3075375,0.15690559,0.15736493,0.11592291,-0.041853987,-0.20572913,-0.5345921,-0.13307604,-0.24360184,0.13500601,-0.4438528
protein|ITGA4,-0.14506704,-0.38046145,0.067705184,0.24077164,-0.15414783,-0.015838373,0.06729628,-0.21352613,0.040552437,-0.4218008,0.1878198,-0.111128435,-0.12005525,0.16252367,0.042258203
protein|TM7SF2,0.14496839,0.2598104,-0.18480626,0.46177268,-0.007990709,-0.28251812,0.13325681,0.056250285,-0.044496793,0.3185345,-0.30111292,0.051826157,0.14668055,0.19816667,0.02065581
protein|SLC39A11,-0.18593504,0.09064201,-0.13555524,-0.124235265,-0.20310767,-0.41313136,-0.23346606,-0.3783015,-0.37218818,0.03025035,0.22113378,-0.084630065,-0.19689015,0.055675942,0.3274463
protein|SH3PXD2B,-0.5592813,-0.32767874,0.05316192,-0.010314296,-0.17566426,-0.0015441438,-0.20881106,-0.13767694,-0.04118106,-0.074566565,0.21174586,0.06351399,-0.24560678,0.31584597,-0.12472702
protein|CD63,-0.4151716,0.12505543,0.2759715,-0.09116392,-0.19296807,0.060364038,-0.21703574,-0.058009427,-0.21638349,-0.040992886,0.110893175,-0.111831024,-0.25426185,0.28851917,-0.040649213
protein|MAD1L1,-0.054505304,-0.31584322,-0.3533084,0.15008847,-0.20867719,-0.0077792243,0.18621254,-0.28339422,-0.10278002,-0.1261429,0.07988607,-0.15238537,0.26140612,0.081623465,0.06421019
protein|SERBP1,0.24915658,-0.4345049,0.00575111,-0.39908832,0.5863487,0.30668044,0.4751346,-0.034209073,0.4563278,-0.26290575,-0.3252538,0.6319488,0.1097311,-0.052657187,-0.40932256
protein|UCKL1,0.19093207,0.17563783,-0.37054798,0.08587891,-0.017611941,-0.40470138,-0.04507827,-0.76828444,0.07975076,0.3061135,-0.2421629,-0.019647012,-0.32758164,-0.07680292,0.10580506
protein|ACACA,-0.004994047,0.105419725,-0.65544033,0.39979768,-0.15776423,-0.31300443,0.06986685,-0.3378802,-0.038722795,0.15336685,-0.22583531,0.01836236,-0.09950117,0.36312932,0.026721688
protein|DAGLB,0.1526736,0.28631368,-0.33127624,0.085511155,-0.27880308,-0.30221683,-0.08032535,0.05376821,-0.21305606,0.042061746,0.048302855,-0.029935772,-0.05288207,0.035794873,0.2018534
protein|BIN2,-0.27994132,-0.6469002,0.6131705,-0.07530014,0.015015394,-0.033984795,-0.19389763,-0.20903198,0.086514615,-0.37637714,0.48472333,-0.07718081,-0.1666828,-0.27529177,0.035454985
protein|CFI,-0.38638508,0.213656,0.009798106,0.16925505,-0.4349299,-0.06296665,0.16537197,0.15380052,-0.027906181,0.31933245,0.0936557,-0.16794437,-0.12420826,0.55994314,-0.13043587
protein|FARP1,-0.20298557,-0.263288,-0.01074825,0.31028715,-0.0976721,0.16422501,0.14489709,0.05078743,-0.08118542,-0.08791206,0.08542725,-0.2739037,0.08531776,0.3327829,-0.21817678
protein|PRMT1,0.4234505,0.54360646,-0.43692276,-0.14226846,-0.07150199,-0.36915937,-0.020412413,-0.66449565,-0.016328733,0.1938279,-0.17749749,0.05306375,-0.18235514,-0.0441202,0.38014168
protein|HIBCH,0.39308837,0.061833132,-0.2116852,0.83926845,0.24139367,-0.24541984,0.002343147,0.30530712,0.014534175,0.05686387,-0.5187781,0.029172348,-0.18338236,-0.08132249,-0.029474776
protein|SMARCE1,0.10779783,-0.3824962,-0.035385992,-0.19398332,0.15286964,0.025565716,0.26693696,-0.17451535,0.3528349,0.050557617,0.028208831,0.3000924,0.1670707,0.0042191995,-0.07533437
protein|VPS53,-0.09901151,0.09712866,-0.14987582,-0.09400486,-0.042390697,-0.1486994,0.14571889,-0.085137926,-0.17999314,0.06599311,-0.11075991,-0.050880913,-0.014994422,0.09195944,-0.029011121
protein|CUX1,0.1566706,-0.10893456,-0.40769857,0.031823695,-0.025080018,-0.05791672,0.223698,0.058363378,0.059753876,0.21549977,-0.062141854,-0.0798335,0.03797887,0.087557,0.0457534
protein|GABPB1,0.17843378,-0.24801554,-0.027273122,-0.14927351,0.14085847,-0.06499472,-0.080675445,-0.43287015,0.28958482,-0.11690756,-0.116816975,-0.1691104,-0.18721019,-0.42523888,0.018908095
protein|LBR,0.44022384,-0.11077499,-0.17644255,-0.047821634,0.10061883,-0.0735683,0.036059145,-0.19960797,0.23048393,0.0810571,0.33148643,-0.09179394,0.11207118,-0.34413892,0.41976783
protein|CAB39,0.18160398,0.36864713,0.010243446,-0.12654525,0.08094707,-0.30898058,-0.23715882,-0.30090123,0.081151195,0.13085236,0.0056125773,-0.3770877,-0.16912511,-0.28307796,0.26682013
protein|CAMK1D,-0.023796597,-0.031526253,0.2810697,0.034591332,0.14246263,-0.04925171,0.021799006,-0.35207072,0.099088244,-0.080852024,-0.27361244,-0.01826731,-0.060727775,-0.14260004,0.05604363
protein|SLC4A7,-0.14378574,-0.13953975,0.057071242,0.083183214,-0.08398332,-0.08657677,0.20031911,0.02625229,0.19980365,0.034741037,-0.14004274,0.10704789,-0.020761976,0.3383669,-0.35106176
protein|ITGB2,-0.54639524,-0.31415334,0.2088233,-0.035619296,-0.2407252,0.0037326557,-0.35137993,-0.095882386,0.074524626,-0.15341571,0.627432,-0.25735083,-0.25560603,-0.07741668,-0.04156571
protein|RBM34,0.06378747,0.00055855076,-0.3217791,-0.037072,-0.013733484,-0.14171459,0.33417532,-0.30165514,0.051000092,0.14524315,-0.3913033,0.24796355,0.15233806,0.32693446,0.06160281
protein|IMMT,0.36673874,0.1641906,-0.77415067,0.755926,0.14914578,-0.41637623,-0.09969516,-0.06604431,-0.3510692,-0.006453191,-0.35691068,-0.34763715,-0.23116061,-0.03223476,0.36510006
