,F1,F2,F3,F4,F5,F6,F7,F8,F9,F10,F11,F12,F13,F14,F15
protein|HLA-A,0.042363033,-0.31355825,0.42586657,-0.35335654,0.0064307386,0.120527074,0.19801915,0.005360478,-0.43148193,-0.14425607,-0.1415868,0.56733143,0.0381743,-0.10271283,0.77562904
protein|HLA-DQB1,0.03499005,-0.12652922,0.020102797,-0.06963516,0.25558978,-0.20635507,0.11316505,0.26681247,-0.094158776,0.006447173,0.08321185,0.38008955,0.04213423,0.1420682,0.40743726
protein|NCBP2-AS2,-0.084169246,-0.6094325,1.1732013,-0.6304266,-0.03287438,-0.88170815,1.0691801,-0.9470244,-0.33771157,-0.08647337,-1.2448442,0.5565232,-1.591429,-0.448504,-0.57482535
protein|CLC,-0.56819624,-0.5592461,0.8648478,0.92733645,-1.1833831,-0.5129631,0.09933022,-0.016287094,-0.6606957,-0.5253441,-0.32407853,-0.5533336,0.514097,0.015177033,0.40767232
protein|A0A0G2JIF2,-0.013036825,-0.408915,0.11310724,0.14976043,0.13404153,-0.10648301,0.32561985,0.050475657,-0.117107786,-0.20836695,0.12856612,0.22845653,0.27233157,-0.041221317,0.40069214
protein|HLA-CW,-0.07730383,-0.08435312,0.24012505,0.037485544,0.22442089,-0.06641429,-0.0001895393,-0.2826539,-0.20232145,0.2300827,0.0056410017,0.16262083,-0.02218729,-0.19720793,0.028177
protein|SCARF2,0.20493902,-0.75763863,1.2186719,-0.6940324,-0.11760264,-0.96677,1.1950096,-1.0978818,-0.22920716,0.056830462,-1.2379785,0.44757065,-1.8560938,-0.9965118,-0.42422792
protein|A0A182DWH4,0.30696487,-0.28134173,-0.028164897,-0.13319243,0.09437237,0.11400896,0.032866966,-0.35024393,-0.2492297,0.1195991,-0.4796167,0.19717804,-0.27692765,-0.03540306,-0.15791237
protein|DEFA3,-0.98555666,-0.36852738,0.42072117,0.19979638,-1.5523704,-1.0399191,0.5243646,-0.17971753,-0.1357844,0.27878442,0.14625978,0.19548573,0.2918528,-0.32397017,0.1749352
protein|MAGEB2,-0.043721564,-0.22120261,0.020283177,-0.39150017,0.26566702,-0.17953126,0.19225575,-0.17604613,-0.0538247,0.21541977,-0.21139726,-0.1028513,-0.2564812,0.47160938,-0.21599124
protein|AZU1,-1.0348078,-0.46528175,0.24359381,0.28725213,-1.8521581,-1.2644533,0.60034865,-0.41239735,0.24845104,0.068450294,0.5440726,0.15077858,0.16812137,-0.006307568,0.18135065
protein|KRT6B,-0.914346,-0.17239985,0.53495497,-0.6064763,-0.35174823,0.08786106,0.7362588,-0.44111556,0.026873583,0.5410378,-0.26187232,0.5077097,0.1405516,0.38586926,-0.013233609
protein|HLA-DQA1,0.40252012,0.5413026,-0.26152584,-0.29633272,0.035281207,-0.078441426,-0.027796268,0.5883754,-0.5807191,-0.1955735,0.3015981,0.103026435,0.12811175,0.34329915,0.67912084
protein|PHF21A,-0.19140491,-0.6234731,0.233941,-0.1643489,-1.2756629,-1.0333885,0.58068824,-0.56903,0.4318073,0.24052879,0.28204432,-0.26197478,-0.5907314,0.024476329,-0.084494784
protein|PLK2,-0.16609943,-0.49670595,1.5197523,-0.038958024,-0.19642468,-0.6253042,0.2510182,0.06235781,-0.10352777,-0.17308636,-0.19743627,-0.061839543,-0.8733412,-0.37809512,-0.3843837
protein|HLA-DRB1,0.028598515,-0.025458377,0.3021295,-0.394422,0.018287478,-0.07679301,0.15368217,0.2859491,-0.29994416,-0.24025638,-0.071933575,0.28901234,-0.0406637,0.18603984,0.2931784
protein|COL1A1,0.020828538,-0.5544603,1.5700084,-1.0850484,-0.25195068,-0.9439282,1.213387,-1.2287346,-0.28619692,0.2771976,-1.2087824,0.47099537,-1.9039823,-0.8924404,-0.42559448
protein|HLA-B,0.23317876,-0.3512312,-0.12590095,-0.086327426,0.0073695066,0.124457896,0.079696596,-0.114685096,0.13215834,-0.073442355,-0.29786623,0.12862606,0.36042464,0.15341973,0.48618913
protein|PRTN3,-1.263365,-0.37181115,0.23238988,0.26207244,-1.6807123,-1.0533779,0.6049311,-0.062324833,0.1456225,-0.03232629,0.3984528,0.038602367,0.10557333,-0.010998305,0.005574133
protein|HLA-DRB5,0.2574885,-0.36610782,-0.07902836,-0.089617275,-0.06552022,0.102352805,0.15786803,0.0059365425,0.18525505,-0.2535111,0.4262482,0.45112112,-0.29305172,-0.04380832,0.1255279
protein|ADARB1,0.055516265,-0.1460849,0.4196242,-0.4189044,-0.20996226,-0.5414568,0.6786965,-0.25439742,0.024518864,0.38142422,-0.4385976,0.17863926,-1.0795648,-0.15262163,-0.36815986
protein|HBA2,-0.131454,0.10612919,0.36008078,-0.002623893,-1.5934672,-0.742773,0.616812,-0.69126695,0.060523644,0.19237614,0.24102621,0.14142835,-0.4692784,0.1252172,-0.8601192
protein|COL1A2,0.059529416,-0.6070793,1.4785906,-1.014093,-0.14775449,-0.971737,1.264334,-1.1493186,-0.27337697,0.24557704,-1.1717151,0.3149041,-2.0272532,-0.97270656,-0.5092697
protein|S100A12,-1.1218622,-0.310535,0.16226737,0.12747584,-1.5142033,-1.1025451,0.57718325,-0.49002534,0.30169925,0.09395601,0.69448066,0.013514483,0.2036662,0.15271074,0.4864503
protein|CRP,-0.50661975,-0.18032603,0.13763776,0.43054336,-1.0513765,-0.9273659,-0.06996615,0.08500334,0.41028523,0.9066514,0.58714414,-0.48275965,-0.27001405,-0.49274498,-0.7226022
protein|HBA1,0.0066801403,0.26856387,0.2953018,0.026634293,-1.6067212,-0.84162426,0.4686756,-0.83140934,0.2808076,0.54256433,0.13155223,-0.092793144,-0.4926092,-0.1364174,-0.74041635
protein|GSTM1,-0.39830494,0.11243718,-0.23748408,0.6085118,-0.296885,0.3974914,-0.06616218,0.46226788,-0.2745592,-0.6956555,-0.10751897,0.039729126,0.3884947,-0.0013450007,-0.592739
protein|SERPINA1,-0.27518708,-0.09274867,0.5906594,0.1176377,-0.7110762,-0.8685614,0.68084806,-0.33744875,0.12601018,0.32918423,-0.113331735,-0.20088282,-0.48089343,-0.3537281,0.29774016
protein|SAA2-SAA4,0.08517195,-0.43835524,0.11028812,-0.17595214,-0.8187344,-0.8172955,0.5962678,-0.44340804,0.20067763,0.12585485,0.14181419,-0.22848973,-0.52722913,-0.16110422,-0.08594029
protein|E9PMV2,0.30195114,0.20584384,-0.4555364,-0.30278388,-0.0060308916,0.30284575,0.01034434,0.10063344,-0.42302004,0.11609898,0.26247886,0.26745886,0.30625632,0.3220389,-0.1611458
protein|HLA-DRB4,-0.09717886,-0.054823965,0.037773997,-0.05861559,0.02063695,-0.15851624,0.12970828,0.44980803,-0.2426855,-0.26192313,-0.052669104,0.13038959,-0.042260174,0.033246897,0.041616224
protein|IGJ,0.1278501,-0.012683959,0.06341088,-0.17017566,-0.14406574,-0.23110916,0.67434573,-0.6121206,0.55720985,0.287149,-0.010153262,0.060300518,-0.2941265,-0.24699241,0.10642952
protein|COL11A2,-0.13747913,-0.19110414,0.61265945,-0.7611412,-0.22462298,-0.48362914,0.7437221,-0.5124677,-0.14089258,0.35091144,-0.5296426,0.4030928,-0.9406335,-0.14377475,-0.13578855
protein|COL3A1,0.12432484,-0.3900053,1.5440098,-0.9231787,-0.22861816,-0.85680854,1.1083515,-1.070882,-0.32313728,0.27738237,-1.1790302,0.45010498,-1.8203772,-0.95321393,-0.47486466
protein|Q5Y7H0,0.21951832,0.1065609,-0.45437723,-0.1671824,0.035580516,0.09738574,0.23634276,0.43228132,-0.47054875,0.27898058,0.26180434,0.4630085,0.14056027,0.12228153,0.3031378
protein|Q5Y7D1,0.16024372,-0.31994697,-0.23027918,-0.39265427,-0.18737169,0.38958037,0.37618437,-0.2512665,-0.06446487,-0.009940796,-0.3822887,0.5353231,0.14616078,0.031114923,0.11880532
protein|P0DP04,0.14297783,0.3966104,0.7249023,0.24047738,-0.3597271,-0.32683277,0.21296094,-0.34186068,-0.10279358,0.2134383,-0.11620527,-0.3660781,-0.62017226,-0.21758862,-0.285586
protein|UACA,-0.062555954,-0.18207365,0.16373834,0.26243386,-0.5972804,-0.65798455,0.55760133,-0.63112926,0.50117624,0.3272759,0.2690209,-0.20110843,-0.5878797,-0.2642324,-0.40386066
protein|HLA-DOB,0.44227308,0.011431049,-0.6182179,-0.5857237,-0.25300008,0.23395105,-0.090375826,0.15815628,-0.8158668,-0.52618325,-0.50052404,0.517184,0.067991205,0.037400223,0.2903131
protein|KMT2C,-0.19308764,0.13459484,0.08078159,0.7858326,0.3793758,0.37990746,-0.32348663,0.5765232,0.26937234,0.5126629,0.2883964,0.51277786,0.28353342,-0.23800388,-0.56120086
protein|Q5Y7D2,-0.025794547,-0.042620864,-0.03950025,0.037587825,0.0189078,0.012607251,-0.32270858,-0.0030505285,-0.11910718,0.30825785,-0.0044020656,-0.04107775,0.5336878,0.047407944,0.16208255
protein|EPX,-0.54226744,-0.653455,0.4617687,0.59325063,-0.9444652,-0.54132414,0.3791584,-0.18774404,-0.58952034,-0.4990064,-0.22136992,0.09954286,0.14889182,-0.006860829,0.31041977
protein|POSTN,-0.11340092,0.29461515,0.7283682,-0.6183985,-0.08232088,-1.0191545,0.6023303,0.15255904,-0.7301486,0.6372647,-0.58712786,-0.38643205,-1.4459203,-1.2307957,-0.97737014
protein|S100A9,-1.0271109,-0.5331268,0.78089476,0.43604556,-1.4356631,-0.85915184,0.57859015,-0.09754893,0.5172408,0.1268766,1.0561577,-0.043051347,0.4656193,0.5115173,0.3169004
protein|EIF1AY,0.11570755,0.0876325,-0.31847513,-0.19044212,-0.13537169,0.081235185,0.29880637,-0.2658542,0.06855831,-0.038124263,0.33852157,0.1174264,0.06962943,0.1948086,0.35661784
protein|ELANE,-0.8852662,-0.53143984,0.33931068,0.36344302,-1.8838556,-1.3012009,0.6004959,-0.06810273,0.017121818,0.2568754,0.38099653,-0.12683228,0.10621932,-0.3020806,-0.08788921
protein|CA3,-0.43911055,0.14897875,0.41344985,-0.37667227,-0.502123,-0.31086683,0.28154972,-0.50140893,-0.3630115,0.59764874,-0.057400234,-0.38514385,-0.82795703,-0.3020015,-0.6039172
protein|IGHM,0.18928254,0.38791108,-0.32384413,0.23336597,-0.15326567,0.031388793,-0.017943267,-0.26016724,0.38461918,0.38454545,0.05746719,0.25466025,0.11646335,-0.22803079,-0.3106456
protein|HBB,-0.006178275,0.35595873,0.3666025,-0.026292978,-1.6364386,-0.8471486,0.43248662,-0.7704801,0.33637938,0.5086175,0.113991134,-0.14005966,-0.51179856,-0.15443091,-0.7434441
protein|DDX3Y,-0.062390946,-0.13627419,-0.054325562,-0.3398613,0.28107557,0.1817564,0.6209226,-0.025130188,0.22208145,-0.23182525,0.09744915,0.15893243,-0.15588552,0.30820966,0.532532
protein|COL5A2,0.24888231,-0.7303774,1.1620281,-0.8965598,-0.078238994,-1.0090199,1.3368667,-0.9431153,-0.28478283,0.12799676,-0.97119176,0.6265532,-1.72915,-0.58512473,-0.12600167
protein|HLA-DPB1,0.16584948,0.0127476035,-0.075903326,-0.5316463,-0.18632461,-0.18193206,0.16447693,0.27594453,-0.43266234,-0.1544596,0.12560064,0.47252414,0.37758753,0.111444876,0.46710682
protein|FGG,-0.45541584,-0.049254447,0.7054637,0.047432568,-1.6235051,-1.1578559,0.6048616,-0.11057708,0.6236749,0.86908466,0.5852435,-0.6973919,-0.45207503,-0.105083436,-0.46309456
protein|FRAS1,0.022403797,-0.80531895,-0.03003837,-0.27148172,-0.008697166,-0.3545372,0.23597218,-0.5645635,0.0326213,0.0459759,-0.20501466,0.56258184,-0.73662114,-0.2846666,-0.04083408
protein|FGA,-0.42768517,-0.17542224,0.65410596,-0.05551281,-1.5642918,-1.1949092,0.79284424,-0.30293193,0.63369024,0.94133556,0.44114035,-0.50145864,-0.7119518,-0.25865993,-0.57641965
protein|HLA-DRA,0.19502512,0.31886548,-0.41647133,-0.2275067,0.15111834,0.08589077,-0.0053855074,0.59765446,-0.8252393,0.29581946,0.302181,0.3397644,0.34325323,0.24690361,0.39745122
protein|LTF,-0.8563694,-0.47549903,0.14570731,0.14153358,-1.789906,-1.07058,0.5529523,-0.2615343,-0.11560362,0.32529452,0.3216223,0.030453028,0.05519279,-0.33608446,0.120270826
protein|FGB,-0.39843056,-0.15265475,0.6994161,-0.0950128,-1.5477698,-1.1475564,0.7805206,-0.14081383,0.6704296,0.85963166,0.5342286,-0.54236984,-0.49076474,-0.07163196,-0.40848112
protein|Q5SU54,0.25292823,0.11155995,-0.40340218,-0.4724648,0.1981605,0.058458045,0.08088627,0.19183023,-0.64916,0.21554767,0.17416596,0.22244863,0.10818053,0.07506015,0.075815864
protein|CMA1,-0.86956614,0.30035037,1.1501884,-0.1755475,-0.7096243,0.21859306,-0.048559356,-0.60112184,-0.42429432,0.007517794,-0.6316467,0.3967903,0.3540396,-0.35978472,-0.038286913
protein|Q2L6G2,-0.17533596,-0.27601326,0.36150506,-0.053629145,-0.056895096,-0.18916501,0.40014195,-0.08713879,0.1171435,0.00429816,0.020416103,0.41694915,-0.07874123,0.32407758,0.3047069
protein|PLIN4,0.07700494,-0.28967652,0.45410362,-0.06024962,-0.15795997,-0.57409644,-0.07671705,-0.17675266,-0.37355414,0.124691114,-0.40836957,0.2955879,-0.9127972,-0.64242333,-0.49493134
protein|P01911,0.28222254,0.04596724,-0.38957703,-0.459153,0.21483181,-0.060136247,0.14911234,0.19195867,-0.5714164,0.30350903,0.2282224,0.36573526,0.24134015,0.20432876,0.12868573
protein|CD34,-0.0930838,-0.9024452,0.67919225,-0.7143585,-0.00074698497,-0.40327063,0.8909621,-0.71506596,0.28424135,-0.12936386,-0.94735736,0.64308536,-0.9466201,-0.233221,-0.12692152
protein|Q5EP54,0.02427202,-0.2248793,-0.15098095,0.014203391,0.19330515,0.0066250823,0.08390159,0.008655576,-0.4947272,0.11293547,0.21541686,0.5530179,-0.03961113,0.03437715,0.29617333
protein|IGKV2D-28,-0.31673568,0.020165399,0.5770724,0.07105324,-0.7189723,-0.77767193,0.38207507,-0.17469536,0.44003776,0.48455766,0.3037495,-0.6786515,-0.4821658,-0.4510453,-0.33511624
protein|MARCKSL1,0.9365078,0.058875382,-0.5133988,-1.2125471,0.57512265,0.118137084,0.53826475,-0.35253742,-1.074956,0.29138032,-0.39583364,0.5599387,-0.5221858,-0.23633948,-0.046430446
protein|SPTLC2,-0.41166946,0.3532744,0.3379688,0.28269315,-0.8112021,-0.339879,0.16455151,-0.056323867,0.37302837,0.74550235,0.35406503,-0.11284236,-0.37205502,0.010061639,-0.5918266
protein|TMSB4X,0.3095943,-0.19884814,-0.39332986,-0.55708706,0.476835,-0.16814421,0.5146562,0.19808054,-0.4751062,-0.9094397,-0.3515113,0.40870944,0.19719604,0.41142786,1.5554211
protein|PLIN1,0.17350613,-0.41232625,0.5900003,0.051927768,-0.088738196,-0.2152299,-0.20644659,-0.21994025,-0.2577698,0.036326595,-0.57110447,0.26923546,-0.8174602,-0.7012721,-0.5125223
protein|COL5A1,0.16764049,-0.44563526,0.9284587,-1.0055346,-0.02707742,-1.0391372,1.277854,-0.9238774,-0.24249181,0.35950455,-0.87819314,0.22725046,-1.7333449,-0.49184215,-0.14999226
protein|CKM,-0.77009636,-0.18734683,0.114799574,-0.24228345,-0.46796244,-0.29377,0.38582778,-0.39474028,-0.14021507,0.6446855,0.0007335008,0.12729684,-0.030233663,0.1258914,-0.062242094
protein|FCER1G,-0.27813864,-0.68576777,1.4930421,0.60439986,-0.23937248,-0.07001711,0.6694864,0.19480883,1.1482074,-0.59542185,1.2665263,-0.35704604,-0.05717072,0.7835914,0.31970856
protein|P0DP03,0.062421337,0.0814404,0.7363686,0.38689584,-0.61855406,-0.34980527,0.23339054,-0.01776066,0.14023252,0.52473366,-0.04978386,-0.39044073,-0.24644779,-0.6204413,-0.41785893
protein|RPS4Y1,-0.06758647,0.05101541,-0.11107477,-0.08148871,0.12867321,0.42233637,0.12328841,-0.072481155,0.21837741,-0.04182986,0.43471727,-0.02696542,-0.09650549,0.10335828,0.3545078
protein|Q5QT33,0.24128097,-0.094571285,0.20051946,-0.14294751,0.025897034,0.2453118,0.42182046,0.37766945,0.09374492,-0.25063762,0.20154183,0.337702,-0.07541681,0.1376664,0.11367789
protein|CPA3,-0.9340992,-0.1581256,1.0349954,0.10741547,-0.74562675,0.2525799,0.015734432,-0.56676453,-0.45529214,-0.105327405,-0.8183556,0.5685821,0.10148407,-0.5484758,0.012696249
protein|Q5Y7D3,-0.020229897,-0.155614,-0.30800787,0.27682775,-0.29215866,0.1317383,0.08373238,0.3137398,0.073773794,-0.17554973,-0.07832675,0.036312252,0.118409194,0.064346224,0.09726696
protein|A0A0D5XQ77,0.28626302,0.18846008,-0.29845366,-0.32972482,0.043464374,-0.19669645,0.05806398,0.22507711,-0.48293856,0.19798258,0.027012499,0.17348117,0.119839236,-0.019312765,0.07547306
protein|IGLV4-69,0.009284928,-0.2967863,0.41625354,-0.12516488,-0.5079529,-0.7082944,0.45918632,-0.7740832,-0.0077919294,0.21898411,-0.42005956,-0.13254723,-0.7744681,-0.27725905,0.024812704
protein|IGHV4-4,-0.13354778,0.220815,0.46235016,0.10997507,-0.42074606,-0.454343,0.100074805,0.08056788,-0.13822885,0.41844538,0.24380267,-0.48774877,-0.39335185,-0.40054575,-0.29123163
protein|ALPL,-0.15466455,-0.7822705,0.52324206,-0.22033831,0.068154834,-0.42765993,0.46385354,-0.4163153,0.21113645,-0.34828106,-0.3006219,0.3831581,-0.97897565,-0.44947094,-0.021957777
protein|IREB2,-0.36172786,0.062343996,0.00951873,0.029325427,0.27911198,0.41679716,0.16022786,-0.1368563,-0.18211195,0.14416812,0.07492559,0.5014947,0.05743405,0.22580478,0.3600268
protein|HBG1,0.29711705,-0.24618673,0.1959468,-0.25489306,-1.1179179,-0.6760189,0.44811052,-0.8191183,0.38044176,0.40751508,-0.12048984,0.15687782,-0.8039408,-0.21159866,-0.5354215
protein|D7RIG5,0.28348324,0.24675243,-0.47674468,-0.2905137,0.2940234,-0.092758775,0.22568765,0.3092157,-0.84666187,0.16126992,0.06250289,0.2523713,0.1745485,0.011595887,0.3679706
protein|O19617,-0.02458968,-0.34848893,0.32760924,-0.10990908,0.08869581,-0.4368612,0.414669,-0.08678665,-0.25835115,-0.2489926,-0.10447691,0.344216,-0.4184264,-0.22210872,0.2052234
protein|JMJD1C,0.69827366,-0.09864589,-0.95563436,-0.8078501,0.97289336,-0.09908412,0.8482293,-0.97654843,-0.10123641,-0.22514759,-0.4210357,0.5384889,-0.09259364,0.5791397,0.87290347
protein|MB,-0.6734987,-0.1322851,0.33661518,-0.18007667,-0.37509602,-0.3019324,0.43023542,-0.6457421,-0.291906,0.4911671,-0.1902873,0.10992336,-0.21980081,-0.05659104,-0.33308315
protein|C8A,-0.73957217,0.112359054,0.43688846,-0.4166807,-0.8376004,-0.7339222,0.82479364,-0.5610549,0.071654886,0.928065,-0.06278135,-0.14764746,-0.1887682,-0.08195597,-0.20439686
protein|CHDH,0.0018248757,0.13801809,-0.41310465,-0.02795813,0.16558352,0.13362294,-0.1201625,0.18410702,-0.067599826,-0.29963458,0.0027627444,0.25105053,0.2603588,-0.08289915,0.25185224
protein|HLA-DOA,0.3082124,-0.017636716,-0.7854087,-0.25284192,-0.33696756,0.020474594,0.09369286,0.45448226,-0.68351686,-0.3672781,-0.24075536,0.71439666,0.15849589,-0.06489356,0.5738684
protein|SOD2,-0.73315907,-0.69104487,1.0245417,0.6022381,-0.05870666,0.21889138,0.5499745,1.2673889,1.0239383,-0.36034536,1.0059431,-0.054797843,0.15613048,0.546511,-0.07957344
protein|IGLV7-46,-0.124006234,0.21346289,0.4199958,0.05395747,-0.32868776,-0.3991403,0.3267219,-0.26207373,0.029578956,0.23775963,-0.029986853,-0.57379186,-0.30770636,-0.072893016,-0.16440457
protein|DCN,-0.091853425,0.05096579,1.3832932,-0.81830186,-0.38299397,-0.69005865,0.79271317,-0.48887572,-0.44727924,0.35940695,-0.89419836,-0.21753798,-1.5474454,-0.89370394,-0.5101876
protein|FBXL18,-0.6767189,-0.28087062,-0.045774486,0.70489544,0.2671996,0.03947419,-0.10856383,-0.019191323,-0.09507443,0.058939803,-0.13799198,0.7455402,0.016014086,-0.43127617,-0.43841004
protein|HMGN4,0.66570276,-0.7181946,-0.29540762,-0.7456731,0.118567966,-0.025926776,0.8257139,-0.19596118,-0.32276654,-1.2891028,-0.7829384,0.8196149,-0.21612813,0.52650225,1.6866318
protein|MPO,-0.8631645,-0.7255731,0.2479694,0.32671615,-1.6409316,-1.147915,0.68275005,-0.2477812,0.13005915,0.046606127,0.53886276,0.18996787,0.12230798,-0.11459027,0.12664613
protein|MCM3AP,-0.102834076,-0.28486535,-0.4043923,-0.16869362,-0.18717909,-0.24986541,0.1041887,-0.25738025,-0.0148835145,0.2430594,-0.09200973,-0.15492778,-0.3327981,-0.20705627,-0.3474804
protein|COL6A6,-0.38634127,-0.11450365,0.5700057,-0.07997659,-0.49833256,-0.086246364,-0.023784388,-0.009976368,-0.20920071,-0.025893979,-0.37124243,-0.04007505,-0.3982523,-0.2876687,-0.15344997
protein|CTSG,-1.0841048,-0.6790366,0.43012545,0.2628504,-1.8737508,-0.7997481,0.42339006,-0.5243854,-0.2390627,-0.019139612,-0.11629979,0.24300262,0.021667598,-0.262461,0.0075664506
protein|TTN,-0.41029704,-0.6212443,-0.09514535,-0.026684128,-0.051392592,-0.36284494,0.4898667,-0.33097994,-0.11804549,-0.14454718,-0.1100171,0.8332135,0.32070297,0.20815445,0.7612713
protein|UCHL1,0.25267926,0.034821518,-0.25685316,-0.060512085,0.24595058,0.13114238,0.058650907,0.23035173,-0.5684614,0.27274412,-0.11855633,-0.0012663823,0.016188249,-0.18415941,-0.02771176
protein|S100A8,-0.9333224,-0.47311762,0.63140666,0.36272976,-1.4127669,-0.7601642,0.48206347,-0.07536665,0.45647088,0.11113238,0.8276585,-0.060703572,0.42437088,0.31476527,0.28055778
protein|RECQL5,0.72534776,-0.28226218,-0.2267807,-0.47328267,0.80917513,-0.18735594,0.15067317,-0.42049977,0.6396717,0.14650391,-0.26356938,0.7829463,0.09938128,0.7410684,0.8843803
protein|CA1,-0.026625337,0.28738022,0.232062,-0.018499786,-1.6421396,-0.6331933,0.21237588,-0.45612553,0.11000228,0.43374696,0.09473971,-0.22367553,-0.5183399,-0.31879434,-0.7383494
protein|FCER2,0.14579694,-0.11756979,-0.17581847,-0.195331,0.0644068,-0.24493764,-0.3209541,-0.22171961,-0.35968542,-0.07550772,-0.3996035,0.25375903,-0.07302152,-0.3664561,0.064235896
protein|HMGCS2,-0.2936833,-0.115783565,-0.5337587,0.061404802,0.3180195,0.2783642,0.45685995,0.37712446,0.07215747,-0.44484082,0.3818182,0.2177759,0.43330282,-0.24713014,-1.0977353
protein|FABP4,0.03910393,-0.16653079,0.47342,0.23091772,-0.12448706,-0.27049372,-0.39273134,-0.037810598,-0.0802893,0.15685216,-0.30831614,0.2907306,-0.6531379,-0.75411433,-0.19107556
protein|HBD,0.044904348,0.22992828,0.35186556,-0.01486883,-1.644845,-0.71475875,0.3872879,-0.75180507,0.3009398,0.36922893,0.10123708,-0.054596078,-0.4454635,-0.07707033,-0.7468975
protein|C1QA,0.021215118,-0.28199884,1.4805617,0.61190146,0.018833045,-0.32222426,0.08603912,0.49169993,0.7060017,-0.39305365,0.9422798,-0.84788597,-0.26230976,0.17854829,-0.053845745
protein|FTL,-0.36666915,-0.041249182,0.6108645,0.38008484,-0.23671675,-0.2584572,0.40274173,0.055879533,0.6060218,-0.23674566,0.61088043,-0.41453972,0.09035339,0.42344663,-0.13632853
protein|IGHV1-18,-0.30386844,0.146265,0.6251368,0.24638158,-0.5261904,-0.7926379,0.30695388,-0.3995332,-0.054571837,0.44412708,-0.12784433,-0.39220738,-0.55710363,-0.5866364,-0.16430464
protein|P80748,-0.05968212,-0.45304886,0.4471566,-0.24531798,-0.31829202,-0.68993276,0.7182241,-0.4483687,0.1510434,0.45616874,-0.0032497498,-0.28115496,-0.8965953,-0.006802136,-0.16667937
protein|IGLV4-60,0.2373876,-0.42426065,0.34100795,-0.24368429,-0.41993377,-0.5745685,0.696666,-0.9652092,0.058441482,0.2873934,-0.47801274,0.2522732,-0.91371167,-0.44059783,-0.005490317
protein|P0DOY3,0.309505,0.079374984,0.39342692,-0.18290864,-0.65224683,-0.6544139,0.6239066,-0.7409444,0.15289307,0.5398311,-0.18508905,-0.45971584,-0.48165065,0.032639503,-0.21545418
protein|MBP,0.3239677,-0.36741716,0.11332482,-0.68288416,0.059045613,0.15351874,0.7224816,-0.21066217,0.42797837,-0.5814701,-0.20525527,0.2395122,0.11264632,0.43626195,0.9188956
protein|PLTP,-0.104007356,-0.64290476,0.65606207,-0.13304898,-0.24786015,-0.6650259,0.63350105,-0.05341531,-0.043782804,0.47818103,0.10590185,-0.27422073,-0.7151085,-0.40499872,-0.55766034
protein|AKR1C3,-0.6166407,0.101407066,0.49582824,0.26878178,-0.53376716,0.19669275,0.4115794,0.19342528,0.05849011,-0.5726121,-0.1780864,-0.07322377,-0.01270121,-0.42626244,-1.0654877
protein|IGKV2-24,-0.15140465,0.13409232,0.38697386,0.037790295,-0.5104443,-0.54264235,-0.09034112,-0.21803977,0.052336726,0.28721285,0.33276513,-0.40608823,-0.17866558,-0.19721678,-0.38917264
protein|IGKC,-0.06918359,0.3973648,0.47587,0.006031725,-0.587012,-0.6449194,0.61452055,-0.458399,0.30803108,0.6994323,0.042187966,-0.5754608,-0.48074204,-0.2545891,-0.15820152
protein|UCK2,-0.15743043,-0.4496011,0.2501114,-0.33418515,0.0115387635,-0.22818771,0.10098578,-1.0421333,-0.086106785,-0.113919154,-0.3628455,0.47482723,-0.013077308,-0.11821994,-0.5327331
protein|TUT1,-0.06204003,-0.17908001,0.38663864,-0.23123075,-0.6901437,-0.60485274,0.37873504,-0.5122742,-0.041948285,0.13164943,-0.47979525,0.09289278,-0.6067269,-0.010989339,-0.06369826
protein|MAGEA9,-0.06207726,0.48925897,-0.0333347,0.0015978375,0.45684752,-0.15359981,0.004333562,-0.22105718,0.22654057,0.26843676,-0.024885608,0.117655575,0.009407363,0.18436651,-0.39668864
protein|LCN2,-0.78155303,-0.10545773,0.2356567,0.2591872,-1.4626106,-0.7792749,0.41932216,-0.12162611,-0.071645916,0.5693008,0.32616216,-0.05398848,0.15594351,-0.08387968,-0.05273555
protein|PTMA,0.65441424,0.11541379,-0.64729357,-0.8498406,0.75856835,-0.1727625,0.9993101,-1.0685307,-0.09129998,-0.026005305,-0.5687869,0.74289685,-0.29323444,0.6975498,1.1990556
protein|IGKV3OR2-268,-0.09986217,-0.33672187,0.38479847,0.3020437,-0.39351708,-0.375847,0.28870508,-0.3488847,0.059086602,0.30360237,-0.02020613,-0.34891367,-0.47375375,-0.28628504,-0.32215998
protein|A0A182DWE9,0.2462737,-0.027349781,-0.21596119,-0.16279086,0.36254993,0.0022952633,0.049034145,0.28312877,-0.51161206,0.14310527,0.046172544,0.20202646,-0.18180564,0.045698922,-0.05349558
protein|ACTN2,0.26486123,-0.70752335,-0.32947752,-0.3144919,0.21092595,-0.05649186,0.18414098,-0.58614916,-0.31056702,-0.45591062,-0.6928353,0.7610275,-0.4139238,0.1200064,0.41342577
protein|HLA-DPA1,0.49229285,0.033470377,-0.42956442,-0.35637125,0.36961266,-0.13174234,0.3273761,0.4331851,-0.6853892,-0.07204966,0.2601042,0.63028926,0.34881988,0.14910318,0.66517615
protein|GYPA,0.2276965,-0.26836085,0.100763716,-0.32291597,-1.2984729,-0.816387,0.44440717,-0.7479965,0.47889444,0.29631412,-0.008247755,-0.054900613,-0.5977129,-0.0076993858,-0.4549107
protein|MECP2,0.52666444,-0.7645255,0.05355933,-0.7157773,-0.16642205,-0.37636432,0.5199641,-0.38563412,-0.192922,-1.2374918,-0.93333024,0.8476213,-0.50853705,0.074759506,1.2217352
protein|PRSS3,-0.031292967,-1.0931221,-0.18632828,-0.0045962417,-0.15504786,-0.30423385,0.299574,-0.64160085,0.09560776,0.010867239,-0.08547297,0.54479533,-0.35917038,-0.06530142,-0.35727817
protein|HMGN3,0.7108717,-0.34239897,-0.32043967,-0.5940632,0.6392777,0.14033432,0.7329155,-0.8674109,0.046988413,-0.17141035,-0.30620655,0.6608498,-0.33655202,0.31748337,0.9741035
protein|TMEM2,0.07941522,0.050648738,0.25846493,-0.038681757,-0.65400857,-0.65976715,0.4163613,-0.3188185,0.20576361,0.28301582,-0.3030052,0.087520115,-0.3105888,-0.2593153,-0.23279336
protein|ERAP2,0.13886663,-0.21673304,0.29843402,0.27390105,0.08309217,-0.0070228763,-0.24272826,0.2931813,0.29026508,-0.13672817,0.31342852,0.0130431,-0.1336289,0.10452544,0.16114588
protein|IGHA1,-0.18450525,0.043647848,0.5243651,-0.28559223,-0.7472247,-0.8526111,0.78568983,-0.54387146,0.17026849,0.5155907,-0.06423455,-0.5137558,-0.35787386,-0.10400243,-0.2602497
protein|RPL22L1,0.20649394,0.3777762,-0.18743958,-0.008483531,0.47561413,0.18824254,-0.17905217,-0.26715067,-0.043529212,0.33640406,0.24047555,0.31534314,0.046144817,0.105524726,0.072408676
protein|OGN,-0.13005152,0.31196883,1.3379614,-0.44608977,-0.47348475,-0.3757589,0.57380724,-0.5690303,-0.34464553,0.17304312,-0.7184977,-0.012031322,-1.1904796,-0.925309,-0.50632536
protein|RCL1,0.15453683,-0.5969609,-0.41634363,0.03911072,0.5132575,0.0015137861,0.10249711,-0.99212974,0.2585126,0.15619005,-0.22247136,0.76702,-0.24201001,0.14047185,-0.47155026
protein|MYL9,-0.108950205,-0.32434458,0.8619799,-0.0751874,-0.6128523,-0.886339,0.8023247,-0.21969014,-0.1675995,-0.31602538,-0.5766678,0.42627916,-0.5100711,-0.6737836,-0.16499433
protein|KIF26A,0.030632751,-0.109050244,0.21490896,-0.22946483,-0.16683078,-0.43168813,-0.0932175,-0.4018697,0.08725723,0.23115261,-0.16143104,0.0019807213,-0.43500736,0.093844935,-0.24511287
protein|FAM151A,0.43904388,-0.5631085,-0.21575376,0.35210633,-0.008996719,0.2576035,-0.6172231,0.37672165,-0.13300137,-0.78638035,-0.45049796,0.43593243,0.14026791,-0.030656485,0.5799031
protein|MYL3,-0.2673804,0.12180291,0.4963586,-0.21512662,-0.17067495,-0.46629548,0.24725464,-0.09885748,-0.40106285,0.024276752,-0.4319836,-0.47553375,-0.31757623,-0.2037398,-0.21754509
protein|PAWR,0.2723663,0.042730875,0.3693282,-0.7519457,0.6009645,-0.022464894,0.55208147,-0.35638085,-0.12659016,0.22130717,-0.5732732,0.3350527,-0.24745081,0.105377294,-0.065020464
protein|ACAA2,-0.22171034,0.3013784,-0.63994217,0.5051492,0.27092987,1.0295473,-0.037293665,0.754873,0.7809651,-0.27016437,-0.05750791,-0.020531658,0.3926184,-0.4443308,-1.5606425
protein|HMGN2,1.0681864,-0.109693035,-0.62910265,-0.6994797,0.42168316,0.220261,0.54936,-0.8177121,-0.03753587,-0.33847168,-0.4911283,0.7436062,-0.15347657,0.5072944,1.3249153
protein|PRF1,-0.036845777,-0.3285051,0.54273355,0.14999741,-0.5581622,-0.39949545,0.271738,-0.060204163,0.2935202,-0.37715286,0.012225059,0.039082102,-0.30340356,0.52526945,0.31155792
protein|IGHG2,0.025906427,0.1897884,0.4782521,0.005087329,-0.69943535,-0.58947766,0.4414346,-0.22658268,0.103914745,0.69566745,0.070965126,-0.9851233,-0.5861492,-0.3644458,-0.30921552
protein|TRAC,0.038768444,-0.8299956,0.7569877,-0.06791476,-0.34214413,-0.0689479,-0.010340049,0.28764564,0.041005205,-1.1977272,-0.28941154,0.24285102,-0.18766971,0.29534072,1.2985414
protein|IGHG4,-0.27270675,0.3791174,0.46902087,0.15716736,-0.43506804,-0.2905287,0.4612433,-0.20264003,-0.13665254,0.5769929,0.05662187,-0.587536,-0.45146462,-0.27586198,-0.24663436
protein|CILP,0.3761106,-0.19491507,-0.2395382,-0.7226135,0.09732388,-0.6190435,0.52639616,0.31057996,-0.6623404,0.49904686,-0.11648199,0.0261314,-0.61832315,-0.40188563,-0.39797685
protein|DSP,-0.7701363,0.007680094,0.35748753,-0.32278845,-0.44629076,-0.097509965,0.9468344,-0.7955693,0.27257714,0.29144242,-0.3084712,0.6778395,-0.04513905,0.024613481,-0.24521898
protein|HEL-S-117,0.046731878,-0.18447265,0.64542824,0.20690024,-0.73026866,0.06195085,0.106185645,0.1277587,0.067896605,-0.68883824,-0.32800397,0.001232843,-0.24828239,-0.5580305,-0.46167535
protein|CYB5R2,-0.08805019,0.26780063,-0.2756541,0.41927344,0.4134483,-0.06478107,0.24645142,-0.64409107,0.4368725,0.4167083,-0.1862131,0.6959069,-0.12169565,0.06482122,-0.45619792
protein|KRT1,-0.34323794,-0.691692,0.33319435,0.034436055,-0.42654806,-0.4082827,0.09353661,-0.38316527,0.040887777,-0.02118601,0.00993513,0.49749458,-0.17629863,-0.27884603,-0.71819234
protein|CTHRC1,-0.24823706,-0.031142823,0.58199644,-0.37518743,-0.15932293,-0.5598265,0.53120416,0.21845585,-0.49253625,0.3206735,0.105802506,-0.16262625,-0.8340266,-0.84365004,-0.88637096
protein|CXCL13,-0.37679625,-0.4496678,0.40590474,0.1686261,-0.20659822,-0.37850863,-0.11565355,0.114525735,0.18338019,-0.26384068,-0.21168491,0.08341613,0.032903913,-0.03663102,-0.15800203
protein|P01742,-0.44486114,0.1189699,0.5041025,0.2552839,-0.4803992,-0.5271794,0.28897166,-0.22259128,0.16036141,0.3701051,0.039535247,-0.6402815,-0.5110099,-0.669777,-0.2841509
protein|IGHV3-21,-0.2529951,0.10197409,0.66380614,0.3142729,-0.2970492,-0.6006899,0.20781961,-0.0535083,-0.061815664,0.63693327,-0.074904494,-0.4094889,-0.32468858,-0.5524675,-0.39638337
protein|CCDC25,-0.15556547,0.05935225,-0.061124366,0.14892414,-0.61411256,-0.1788512,-0.115253516,-0.23434064,0.09422551,0.3807317,0.31368777,-0.66235954,-0.03524289,-0.02196738,-0.17227192
protein|ITGA2B,-0.25003624,-0.11773897,0.6083904,0.20189103,-1.022928,-0.7962663,0.64110655,-0.49086922,0.1853504,0.5542404,0.24575484,-0.008733252,-0.25241226,-0.005387324,-0.39117956
protein|COL6A3,-0.12257328,-0.49698853,1.3777328,-0.20644608,-0.19494407,-0.38772872,-0.012353954,0.20655593,-0.22112744,-0.34455243,-0.56604236,-0.23505665,-0.9570279,-0.42175725,-0.23290469
protein|FBP2,-0.24193873,-0.66488695,0.7685544,0.4492156,0.016890755,0.24435751,0.42501742,0.81599605,0.0066978005,-0.14946179,0.82044584,-0.13817737,0.005801486,0.30389568,0.06307298
protein|SEMA7A,0.054551993,-0.5162588,-0.4604317,-0.23844624,0.25494668,-0.43374965,0.042311855,-0.24089299,-0.0738172,0.17352809,0.16443117,0.24720536,-0.30909503,-0.03716118,-0.025149135
protein|LUM,-0.03549308,0.047906782,1.2804068,-0.7423629,-0.33050713,-0.8707082,0.87773526,-0.28743735,-0.49304056,0.3388458,-0.58704394,-0.2560916,-1.42844,-0.76331484,-0.33271667
protein|ANXA6,-0.03126887,-0.26618853,0.50783306,-0.031946935,-0.2930499,0.04939508,0.18619917,0.14039546,-0.031462513,-0.58483666,-0.30342996,-0.044418845,-0.07255584,-0.2915697,0.1709401
protein|HP,-0.3213257,0.14289188,0.41175175,-0.1253061,-1.1272948,-0.8964079,0.72702396,-0.2558884,-0.007089183,0.81196225,-0.054515928,-0.4349014,-0.2704836,-0.6011124,-0.49362126
protein|RRAS2,0.27563137,0.10163067,-0.20215027,-0.47441867,0.26708132,0.38560003,-0.2848048,0.39313778,-1.0850468,0.40722418,-0.3357822,0.25843385,-0.2659593,-0.5313333,-0.51612437
protein|KRT19,-0.7188327,-0.015832735,0.6186367,-0.19966991,-0.28375408,-0.12396282,0.9520591,-0.28943998,-0.1413102,0.11091227,-0.38829818,0.37255687,0.22157693,0.078448266,-0.21876206
protein|OSBPL10,0.21402273,0.16964453,-0.5500687,-0.23272638,-0.10669967,0.22910121,-0.15962638,-0.19904612,-0.20289056,0.025768913,-0.6207896,0.19391735,-0.13548933,-0.16455334,-0.11299848
protein|VTN,-0.058068886,-0.4782722,0.1674515,-0.10211695,-0.57434624,-0.9655465,0.8545834,-0.15404828,0.6203849,0.5833554,0.33436772,-0.28597945,-0.51886415,0.07025464,-0.3984896
protein|HMGN1,0.9597954,-0.17015956,-0.44988024,-0.97627264,0.57468814,0.21647963,0.58175534,-0.38708586,-0.40214476,-0.43421954,-0.57124186,0.7766091,-0.281366,0.2923425,1.0843315
protein|MDN1,0.013210869,-0.38287652,0.024412336,0.11198203,-0.7184866,-0.23610988,0.07517997,-0.43821836,0.23463754,0.605411,0.12974386,-0.42987388,-0.0433182,0.13700962,-0.32263866
protein|COL5A3,0.22380894,-0.7533619,0.7521722,-0.7858706,0.036961835,-0.68830097,0.9958964,-0.8254234,0.15336585,0.12815627,-0.510643,0.36933202,-1.3598795,-0.012725366,0.0886624
protein|SOD3,-0.076503076,-0.3937331,0.91482097,-0.46686986,-0.32445496,-0.4148407,0.625121,-0.2415328,-0.3111178,-0.5765823,-0.85726625,0.35391974,-0.5441329,-0.28855306,0.17703068
protein|D9J307,0.30161557,-0.46132916,-0.009003336,-0.6528295,0.12063149,-0.33875024,0.55804056,-0.42653993,-0.15700412,-0.22418769,-0.3522213,0.34437525,-0.5696036,-0.019161839,0.15132576
protein|SERPINA3,-0.26089042,-0.1733431,0.26468396,0.23671536,-1.2889247,-1.2093985,0.3023156,-0.15064752,0.027218284,0.78475374,0.5824209,-0.6464974,-0.4255013,-0.3958046,-0.47170973
protein|GP2,-0.16388384,-0.6135638,1.1735961,-0.044074345,-0.24889442,-0.2626785,-0.055724844,0.21012266,0.020384049,-0.31325948,-0.2745647,0.14054255,-0.77269393,-0.09029487,-0.32648924
protein|ANXA3,-0.82615304,-0.26358348,-0.00012881859,0.43100625,-1.41773,-0.74010867,0.09474426,0.22476202,-0.25395563,0.047789354,0.38151836,-0.098972954,0.30919304,-0.1988616,-0.1423764
protein|LBP,-0.47103676,-0.21804152,0.32818916,0.40230808,-1.0456978,-0.8661201,0.033854466,0.24609765,-0.10630703,0.48658684,0.3403952,-0.42734504,-0.39492047,-0.71287286,-0.8114863
protein|CHD1L,-0.028580237,-0.02163357,0.07907738,-0.19382316,0.18510836,-0.16111614,0.45058814,-0.34521317,-0.27453908,0.07128805,-0.26178637,0.31214982,-0.7512459,-0.31229374,-0.51633763
protein|CENPV,0.22482772,0.10492836,-0.22035329,-0.33911926,-0.12903301,0.021624899,0.091407895,-0.09478222,-0.097974434,0.112163275,-0.42567256,-0.16244377,-0.22818866,-0.0321381,-0.12511124
protein|CD9,-0.18607526,0.34317592,0.22968104,-0.2846696,-0.42337584,0.474709,-0.015009718,0.1522146,-0.6305297,0.43457195,-0.075621806,-0.035033826,0.076413445,-0.2256319,-0.46338272
protein|LRRC15,-0.032214127,0.009420367,0.0034592682,-0.73836887,0.10607425,-0.459574,0.122117616,0.12896483,-0.5469006,0.36940712,-0.27240002,-0.026641844,-0.3901616,-0.46362212,-0.5187224
protein|HSP90AB4P,-0.09359686,1.1559064,-0.1942028,0.41555122,0.3606411,0.49476263,-0.73587173,0.24881789,0.10365821,0.7416861,0.29656675,-0.5156339,0.6555274,0.08956794,-0.3183273
protein|HIST1H1D,0.6720091,-0.82489187,-0.13773333,-0.45359248,-0.08235259,0.041101743,0.016104735,-0.23956248,-0.24066865,-1.1654544,-0.52445626,0.3510389,-0.24022613,0.41594622,1.2928418
protein|CFHR1,-0.44972843,-0.0255533,0.39578035,-0.06392187,-0.867095,-0.91336226,0.2927305,0.022121243,-0.123781174,0.4103257,-0.2077968,-0.4858676,-0.56026876,-0.9435964,-0.55011123
protein|APOC2,-0.30409768,-0.04372059,0.2714084,0.66543555,0.5257085,-0.013061813,-0.40290114,-0.12493555,-0.16565642,0.29248542,0.0050208154,0.44114348,0.10195453,-0.37834027,-0.32449692
protein|DES,-0.280755,-0.34117767,0.70169336,0.13717549,-0.5856057,-0.06269727,-0.006789494,0.12680577,0.0075727566,-0.2342673,-0.41021186,-0.002033917,-0.3114413,-0.3494062,-0.116653234
protein|ZNF185,-0.07050313,-0.35238174,0.3410611,-1.0104012,0.070228934,-0.30604404,1.0887275,-0.65380996,-0.4249581,0.19341283,-0.5221099,0.587699,-0.45411143,0.41182402,0.18086855
protein|EBI3,0.058628254,-0.35275522,0.13450839,0.12908992,0.11443888,-0.52433795,-0.27333483,0.08062147,0.1054594,0.011057243,0.37944672,-0.061059687,0.036555413,0.20271444,-0.0016679164
protein|HIST1H2AJ,0.8499811,-0.23664306,-0.49534068,-0.3892605,-0.13304847,0.22256431,0.22955273,-0.42488965,-0.032700278,-0.609963,-0.32292077,0.41703185,0.16978647,0.20074372,1.148916
protein|P01717,0.066661924,-0.27114585,0.3536675,-0.0977848,-0.081238225,-0.5875443,0.3645015,-0.39403987,0.07782828,-0.045951977,-0.07523745,0.174279,-0.30564773,-0.11335456,0.1817912
protein|LGMN,0.15393488,-0.1511655,1.0118963,0.3231965,0.22923449,-0.022068707,0.37072167,-0.112738125,0.5459355,-0.9572672,0.26076138,0.13589127,-0.1442,0.4911886,0.70258355
protein|FN1,-0.04401114,-0.10738994,0.6010358,-0.53880346,-0.5761487,-0.92132705,0.7072139,0.11615112,-0.28043804,0.8699812,0.16835399,-0.41166738,-1.1244893,-0.5908976,-0.68354154
protein|TCL1A,0.3513857,0.07991261,-0.40320584,-0.1728781,-0.02094351,0.13139352,0.033753455,-0.53570944,-0.012994149,-0.10375297,-0.36304408,0.24070984,-0.04074457,-0.02107626,0.024171045
protein|SPN,0.22499329,-1.1847163,0.20586939,-0.4300572,-0.050517518,-0.015861467,0.7837972,-0.25983226,0.26289558,-0.7068231,-0.3054226,0.66178524,-0.4888048,0.34061778,1.2229948
protein|KIAA0907,0.32766575,-1.1171371,-0.045507133,-0.19906308,0.15149581,-0.15868308,0.49606264,-0.76215893,0.13727616,-0.07647472,-0.5052367,0.78565854,-1.053814,-0.11260872,0.056074325
protein|PADI4,-0.5190189,-0.37354195,-0.0139025245,0.3464783,-1.2146181,-0.65106845,0.15454417,-0.116568774,-0.009969185,-0.08917185,0.41644138,-0.136658,0.23091762,0.18901634,0.039739348
protein|TAGLN,-0.05839941,-0.16478255,0.8525684,-0.16324286,-0.45463753,-0.75473213,0.36268708,0.13400759,-0.4799851,-0.4920112,-0.74139273,0.10180063,-0.6216572,-0.6000643,0.07092118
protein|HSD11B1,-0.41474056,-0.7222319,0.6168832,0.5700447,-0.084972866,0.4928495,0.023740252,0.7840132,0.6639588,-0.79851097,0.9547546,-0.30495775,0.21062897,0.4558665,0.016212177
protein|COL12A1,0.02435143,-0.17379752,0.84150267,-0.41390237,-0.37311396,-0.8413344,0.47361356,-0.079748906,-0.41953444,0.23775338,-0.65860707,0.018355504,-1.3180187,-0.82196957,-0.42529643
protein|SLC4A1,-0.2347284,0.0661593,0.39437407,0.1055507,-1.5900394,-0.7243191,0.0632932,-0.43674746,0.07001275,0.43992984,0.008128558,-0.3863874,-0.4607585,-0.3812261,-0.7746573
protein|SNX29P2,0.50971293,-0.0909685,-0.82668763,-0.54929227,0.37951446,-0.124682486,-0.12608144,-0.19471453,-0.7927974,0.2409512,-0.3514328,0.26909575,-0.2291817,-0.32752025,0.02386608
protein|A0A6Q8PGN6,0.37019137,-0.78051275,-0.021960242,-0.38825342,0.2660574,-0.30277804,0.8203829,-0.076380216,0.25856197,-0.46249133,-0.25176325,0.8397533,-0.31612232,0.36486596,0.67914873
protein|P01619,-0.155377,-0.33857745,0.029607678,0.34134686,-0.15911606,-0.71512544,0.15032555,-0.16075864,0.15167353,0.15235437,0.036928736,-0.30796003,-0.10844168,-0.13721828,-0.013477125
protein|HIST2H3PS2,-0.03216818,0.38926896,-0.044084035,0.08484014,-0.3207541,0.10825082,-0.5152035,0.2716047,-0.49850172,-0.19393189,-0.15743248,-0.28681347,0.4709862,-0.09172675,0.6539699
protein|IGKV3D-20,-0.1315895,-0.10237386,0.22675176,0.088886894,-0.49280503,-0.43585032,0.38875324,-0.4659103,0.1581503,0.30236703,0.0722339,-0.1144962,-0.2740121,-0.19554977,-0.4020507
protein|LSAMP,0.17580204,-0.20909606,-0.03949793,-0.13351098,-0.063354105,0.09335975,-0.15178026,0.044729352,-0.21824862,-0.71582276,-0.88045275,0.48654038,-0.44200003,-0.34045932,0.3606224
protein|IGKV3D-11,-0.0499755,-0.364223,0.27326038,0.11039857,-0.67389995,-0.8502027,0.3088918,-0.25057653,0.21424985,0.3548485,0.13043831,-0.31673875,-0.69527376,-0.15966426,-0.2090348
protein|S100A16,-0.15503387,-0.5454274,0.8496809,-0.63994676,-0.31711355,-0.53492165,0.984109,-0.82066625,-0.10937208,-0.06305151,-0.7158568,0.44674292,-0.73565006,-0.30039492,-0.100884885
protein|HLA-DRB3,0.17992842,0.21651085,-0.4170513,0.10811549,0.23953992,0.11206017,-0.032727957,-0.21600367,-0.23612121,0.28573394,-0.0014019776,0.14950877,0.4760668,0.045074742,0.19874682
protein|AQP1,-0.36142966,-0.064777784,0.6530191,0.13072902,-1.1612328,-0.0447745,-0.03951019,-0.56986105,0.05241389,-0.38611433,-0.45519635,-0.43789145,-0.38451368,-0.6533943,-0.47583318
protein|PRELP,0.034345217,-0.09218185,0.9943943,-0.6770569,-0.3235527,-0.47573256,0.69334674,-0.47703376,-0.55125487,-0.0076900953,-0.87153333,0.12822774,-1.2123861,-0.614552,-0.15915303
protein|MX1,-0.13117877,-0.31799743,0.48454943,0.26539516,0.0038861544,0.059418254,-0.27440566,0.47717726,0.3451848,-0.50782347,0.44222942,0.097631715,0.2423607,0.2672182,0.22339971
protein|APOA2,0.028511614,0.29009092,0.4064368,-0.4781366,-0.6829952,-0.63778013,0.94593084,-0.11221022,-0.018977111,0.5990561,0.31575486,-0.4914166,-0.4553061,-0.35624227,0.0010090589
protein|IGHV4-61,-0.06356606,0.17531687,0.42916518,0.250362,-0.46499947,-0.23846288,0.11161767,-0.22270137,0.00016826234,0.13997917,0.047914412,-0.28979132,-0.38498253,-0.10430669,-0.17606372
protein|MZB1,0.21019126,0.46627736,0.010770693,0.21818902,-0.12649234,0.049509898,0.3497414,-0.57432324,0.17714222,0.066478126,-0.2680682,0.33623877,-0.03160734,0.19584979,0.17978714
protein|P01714,0.04180526,0.098631136,0.22411627,0.08415791,-0.54475635,-0.22687015,0.38997045,-0.42159784,0.46841472,0.22398753,-0.046067018,-0.22432546,-0.14512342,0.012555548,-0.0047747134
protein|CD19,0.37883398,-0.21701272,-0.6991296,-0.40449297,0.118659094,-0.5322436,0.078988664,-0.60121,-0.4923558,0.34290326,-0.23160677,0.29788837,-0.071134225,0.01825136,0.13242951
protein|HNRNPD,0.47333613,-0.07706132,-0.35812134,-0.24916002,0.89452004,0.13678631,0.02513173,-0.49876624,0.11057983,0.29980594,-0.1722035,0.6266801,-0.35105148,-0.058423623,0.451545
protein|IGLL5,0.11096719,0.10047177,0.5376584,-0.15411872,-0.54357886,-0.5588248,0.849357,-0.5472617,0.18536068,0.36821747,0.023478445,-0.4846003,-0.5629532,-0.1229121,0.011028124
protein|IFIT1,0.0046350425,-0.54627234,0.40144128,0.35649,0.27022266,0.039415006,0.10624611,0.15389478,-0.13202998,-0.742324,0.18732966,0.38727584,0.12087145,0.036521718,0.68103236
protein|AK1,-0.30161175,0.021679856,0.40159735,-0.1420588,-1.0762343,-0.60007167,0.61288977,-0.3254189,-0.1294771,0.13179797,-0.14948907,-0.11053289,-0.24475384,-0.2994179,-0.47051167
protein|FBN1,0.07341005,-0.29897222,0.9863084,-0.80598396,-0.2276817,-0.7041144,0.7981532,-0.07389192,-0.5723725,-0.04291554,-0.7267342,-0.04929788,-1.0122324,-0.39811713,0.041239228
protein|GBP1,-0.31904972,-0.89185053,1.3791987,0.64735544,0.19459079,0.31190157,-0.20625852,1.0077255,0.8541355,-0.91533613,1.1346004,-0.36625275,0.27259204,0.71014774,0.74518275
protein|MRC2,-0.10454644,-0.21116845,0.34460545,-0.6678546,0.1751258,-0.6726565,0.8496199,0.13528335,-0.49548054,0.37526223,-0.22112204,0.1345113,-0.720907,-0.7121274,-0.3347311
protein|SLAMF1,0.2589859,-0.577114,0.02411409,-0.63718283,-0.0017052414,-0.12547883,0.2535562,0.20415917,-0.5990762,-0.37520313,0.23417155,0.055970255,-0.35531664,-0.004373932,0.4046981
protein|IDO1,-0.3541108,-0.87568754,0.9756808,0.41328532,-0.14467935,0.14561738,-0.034252863,0.54747015,0.82264763,-0.6420882,0.84163946,-0.0629153,0.47332284,0.5275324,0.42073634
protein|C1QB,-0.0031838093,-0.4404713,1.1135389,0.54669315,-0.09024776,-0.2585256,0.11314911,0.26658452,0.72917825,-0.39312378,0.893947,-0.8239655,-0.22358164,0.3665722,-0.074839965
protein|SLC29A1,0.18031147,0.40268004,-0.2727302,0.21603355,0.11807381,-0.02497754,0.042584486,-0.47435716,-0.40115637,0.89695424,-0.020091338,-0.2542494,-0.19662227,-0.13943018,-0.44196585
protein|DPT,-0.19206996,-0.21105866,1.0270101,-0.50165045,-0.22176747,-0.56288505,0.49838588,-0.20016918,-0.3402295,0.30396542,-0.5506505,-0.16234341,-1.2141874,-0.77583146,-0.5461067
protein|TOR1AIP1,0.018249022,-0.67536235,-0.18792959,-0.18941827,0.2762014,-0.3746021,0.11770315,0.080338724,0.2839337,-0.5193156,-0.2759072,0.10972436,-0.05352585,0.27241072,0.19326593
protein|RCN3,-0.20559289,-0.18111694,0.54117364,-0.4626041,-0.019168524,-0.89256823,0.82887524,-0.3118236,-0.31551814,0.46186835,-0.038550343,0.41638318,-0.6696341,-0.5133811,-0.2635176
protein|FBP1,-0.23621844,-0.7667513,0.6784397,0.3798183,-0.091162175,0.35489374,0.51734143,0.69431394,0.10433543,-0.38182873,0.7073548,-0.139789,-0.11159138,-0.00799601,-0.15916245
protein|HIST1H1A,0.1780349,-0.11189778,0.17598914,-0.3858419,0.033764385,0.12325365,0.39836633,-0.6551719,-0.02679347,-0.12834957,0.16924423,0.42331952,-0.103037536,0.27044955,-0.06821162
protein|CHIT1,0.047587913,-0.9476381,0.37627345,0.1134265,-0.14102702,0.0108035635,0.08886757,0.4198564,0.03705223,-0.04063339,0.48033693,-0.16001533,-0.1478459,0.24087183,0.02973607
protein|FHL1,-0.3994115,0.13716862,0.5667175,-0.16453388,-0.52602446,-0.116221316,-0.018258313,-0.18863931,-0.2418748,0.067336984,-0.53327703,-0.15142834,-0.46367395,-0.37232554,0.057336427
protein|C6,-0.15469499,-0.671555,0.25292438,-0.4309093,-0.95605767,-0.90212464,0.6301068,-0.3602902,-0.01740478,0.57854205,-0.39307073,-0.26933277,-0.6030248,-0.5171733,-0.59562546
protein|ATP1B1,-0.06141674,-0.25615337,0.4689028,-0.12075982,0.20561604,0.14085118,0.8254166,0.047461554,0.113009326,-0.026559414,0.37627006,0.21308732,-0.032780986,0.19052052,-0.17884211
protein|C5ORF51,0.17557012,-0.6237843,-0.5589345,-0.17104276,0.2512151,-0.18133333,0.2307547,-0.39433512,-0.050894015,-0.11918645,-0.3373267,0.6896948,-0.10329992,-0.26930645,0.2128942
protein|ORM1,-0.11727594,-0.04239391,-0.036876913,-0.16270928,-0.80523586,-0.89606214,0.62165946,-0.19566351,0.24012342,0.57752115,0.417109,-0.22481488,-0.11337127,0.08398869,0.14082234
protein|DVL3,0.26466227,-0.8602269,-0.37082347,-0.08719024,0.10645694,-0.12554157,0.39503616,-0.7541896,0.13525178,-0.33202374,-0.21975271,0.9994468,-0.3000496,0.046350997,0.14619741
protein|TPM2,0.122797035,0.06963557,0.33760887,0.21170288,-0.5929751,-0.0067119314,-0.07951912,0.03283858,-0.076046385,-0.042708278,-0.6455388,0.16594663,-0.48189428,-0.47582763,-0.39763668
protein|HIST3H2BB,0.56708467,-0.898195,-0.30287078,-0.1395346,0.14793856,-0.07688897,0.4611878,-0.47030026,0.1494392,-0.4769103,-0.2885557,0.9831179,-0.383018,0.21353725,0.77856594
protein|PAFAH1B3,-0.047567904,-0.027188987,0.7150598,-0.5538118,-0.04852758,-0.29608798,0.5731084,-0.76113474,-0.0828683,0.18865158,-0.2973691,0.28606957,-0.5982795,-0.33064264,-0.22194208
protein|FAM129C,0.0059829517,0.2587391,-0.6248243,0.13919896,0.064747766,0.33740103,0.038388792,-0.37349537,0.118179455,0.37457958,-0.20493564,0.44111827,0.32524186,0.18619902,-0.29400253
protein|APOC1,-0.09135054,0.23657449,0.44097748,-0.20016646,-0.59085596,-0.792969,0.88375616,-0.19696857,0.17930849,0.36876965,0.1013807,0.16004121,-0.34310734,-0.26197666,-0.08614233
protein|OLFML3,0.13090815,-0.6166574,0.3815287,-0.5475181,-0.32315764,-0.5931468,0.24994896,-0.044378772,-0.5528319,-0.63651514,-1.0504214,0.46549422,-0.7381615,-0.54797816,0.29023153
protein|CNN1,-0.24017373,0.02074257,0.90959126,0.06698001,-0.48307937,-0.39814538,0.62564194,0.1999737,-0.1603595,0.14469196,-0.33441842,0.06315176,-0.5141925,-0.7925892,-0.059481874
protein|HDHD2,0.34115598,-0.07724977,-0.3672947,-0.11305425,0.042829253,0.28600463,-0.2892953,0.054986663,-0.17411064,-0.42626292,-0.21783277,0.17506166,0.40845478,0.14564249,0.36763096
protein|XIRP1,0.51510066,-0.87944186,-0.5471561,-0.1581555,0.016112713,-0.12641144,-0.011587514,-0.7035826,-0.22821242,-0.49143824,-0.47157884,1.0847149,-0.3298266,0.12112729,0.56142396
protein|H1F0,0.120165266,-0.6780056,0.26098198,-0.5595016,-0.30581325,-0.21143033,0.80933607,0.030931981,-0.3252054,-0.8618604,-0.45179787,0.46011758,-0.1560081,0.11227158,0.44585028
protein|STMN2,0.3309776,0.44003123,-0.93454164,-0.52454233,0.7599568,0.35075772,-0.12898399,-0.5622658,-0.14622805,1.0169142,-0.0053262375,0.29334763,0.12148295,0.080006905,0.16384451
protein|PLBD1,-0.2753439,-0.11312048,-0.060325086,0.41134337,-0.870657,-0.47538882,0.5328856,-0.2529386,0.33235705,0.14896068,0.41922513,-0.19459288,0.5033212,0.07862465,-0.48287523
protein|COL4A2,-0.032373037,-0.59546375,1.0713031,-0.4988833,-0.17121957,-0.49982557,0.84604067,-0.84831786,0.015708918,-0.16803908,-0.6579205,0.40374967,-1.2760433,-0.28769317,-0.34622666
protein|COMMD2,-0.3196979,-0.36305308,0.056787305,0.39863187,-0.20501402,0.036678854,-0.32528952,0.25018236,-0.023257345,0.21579912,0.456406,0.10831792,0.3087202,-0.13667925,-0.119410835
protein|GOLGA6L22,0.21397704,-0.2973983,-0.25826663,-0.30717215,0.1845582,-0.17513774,0.35980216,-0.071645774,-0.25573412,-0.69689465,-0.43373036,0.7033288,0.029550767,0.2710783,0.89922804
protein|UGT2B15,-0.29380703,0.63796127,-0.09687046,0.4912392,0.54088056,0.8347728,-0.106026635,0.77875286,0.367002,-0.39728725,0.12566964,0.079058565,0.63205206,-0.24918568,-0.45313966
protein|PLG,-0.119917065,-0.23891462,0.22504781,-0.3094549,-1.1787202,-0.9830202,0.94356585,-0.5269003,0.24175423,0.81957304,0.1555651,-0.2961978,-0.76568484,-0.39805287,-0.41004968
protein|ITIH4,0.27588373,-0.62633115,-0.13228498,-0.4980733,-0.529869,-0.8448224,0.73176557,-0.79222697,0.11131756,-0.04344157,-0.29926723,0.053073674,-0.73835945,0.036570355,0.008412426
protein|IGHG3,-0.20735443,0.08306411,0.7522526,0.046597652,-0.48042092,-0.53082997,0.50927866,-0.24282382,0.3162238,0.42148745,0.13905853,-0.74175245,-0.6790693,-0.54703826,-0.15796284
protein|GPNMB,0.13955607,-0.68900913,0.4209532,-0.2343159,0.62275636,-0.21001379,0.35451862,0.11299824,0.31829017,0.35741633,0.45811045,0.039231215,-0.48773235,0.30767143,-0.0011098059
protein|TREX1,0.11374275,-0.41886747,-0.036438726,-0.17381549,0.15820375,-0.044988718,0.26424798,-0.46671933,0.0596096,-0.26289108,-0.21425267,0.65767854,-0.29956347,0.08198975,0.33929768
protein|CD8A,0.029896079,-0.86462855,0.71489227,0.050851855,-0.29004782,0.0618896,0.28720057,0.11152202,0.11719909,-0.5293696,-0.097606644,-0.062418215,-0.2584255,0.010365312,0.62277144
protein|CKB,0.07205606,-0.20519601,-0.37484488,-0.13998328,0.11346673,-0.06835066,0.20145145,-0.14702256,0.14891908,0.39924404,0.10472598,0.28129372,0.13026893,0.027673485,-0.4016308
protein|WWC3,0.07179729,-0.52555317,-0.052510973,-0.25237435,0.5509328,-0.064134285,0.10353884,-0.2144892,-0.044950426,0.04551308,-0.19165327,0.49136934,-0.17449568,-0.18735537,0.28357783
protein|PIN4,0.58502895,0.18265992,-0.6687985,-0.6155461,0.66792566,0.058142345,0.5463443,-0.73462826,-0.11274282,-0.055594835,-0.52975,0.77908593,-0.10649451,0.5539986,0.90414226
protein|GBP5,-0.28980735,-0.79289645,1.2330334,0.70601225,0.15476523,0.3314109,-0.16963097,0.7779616,0.7876262,-0.8176395,1.0768368,-0.29729193,0.28786224,0.6639693,0.5889371
protein|FCRLA,0.49779025,0.11468383,-0.3449722,-0.2732724,0.32172057,0.27607128,-0.0881785,-0.40371937,-0.3151729,0.22981635,-0.12119069,0.2568851,0.052200392,0.06919205,-0.10454663
protein|HIGD1A,-0.28247574,0.16988482,0.04361218,-0.13571815,0.8809065,-0.124029055,0.2978448,0.23663938,0.11564901,-0.119193695,-0.23719493,-0.013085041,-0.35352948,-0.38235295,-0.7598228
protein|LIPA,0.023151208,-0.3406713,0.7185975,0.5588035,0.03267044,0.27190948,-0.3853812,0.15065682,0.58789486,-0.58524,0.18838733,0.28491488,0.2476445,0.18417956,0.29748675
protein|A0A0G2JL54,-0.31304282,0.34289348,0.47470754,0.27852947,-0.716827,-0.5427513,-0.054067794,0.39378664,0.0019788444,0.51303977,0.41900346,-0.5631979,-0.24324746,-0.48343056,-0.36182374
protein|HNRNPA1L2,0.36716825,-0.5132819,-0.6499146,0.066504896,0.3923508,0.12726077,-0.120997176,-0.5906861,0.25320023,0.25352907,-0.17050359,1.0776339,-0.24806261,0.04968705,-0.29388928
protein|FAM65A,-0.07665219,-0.5579493,0.10508414,-0.29296273,-0.07698354,-0.12601523,0.527383,-0.02720092,0.15113865,-0.16907594,-0.089469746,0.7559419,-0.029137457,0.08091074,-0.5039245
protein|A0A7I2V334,0.25885302,-0.27691597,-0.41609582,-0.42854166,0.47963968,-0.11342454,0.6590878,-0.5274515,0.22218807,0.1612729,-0.17522568,0.6225275,-0.39723888,0.17933367,0.20950043
protein|CA2,-0.00017946013,0.13379604,0.22901356,0.041053966,-1.2881802,-0.40726388,0.32911295,-0.4438808,0.17075633,0.1342256,0.19964638,-0.07798747,-0.12974529,-0.05162464,-0.6363679
protein|BASP1,0.46692476,0.2684556,-0.39816493,-0.9187545,0.58566415,-0.36553356,0.3790327,-0.30776995,-0.7786272,0.49554574,-0.0971945,0.2346587,-0.20193277,0.0132781,0.31122988
protein|CLU,0.21251926,-0.6755336,0.09574854,-0.22915505,-0.5504953,-0.7388444,0.5516376,-0.05453049,0.5184523,0.047699403,0.057625037,-0.20543571,-0.509948,0.15822268,-0.05931096
protein|LUZP1,0.4490432,-1.087305,-0.37498796,-0.20447811,0.292969,-0.058651753,0.4748237,-0.31709397,0.20562647,-0.3924007,-0.26495576,1.0390403,-0.34699586,0.007940567,0.5695771
protein|CD163,-0.12477793,-0.4302566,1.1999578,0.18889771,-0.054904714,-0.32572654,0.5924628,-0.063068554,1.023176,-0.1545868,0.6518841,-0.2491035,-0.36633027,0.56625503,0.041107
protein|LYZ,-0.5257928,-1.0007607,0.57029694,0.114822045,-0.72272855,-0.59772193,0.6356404,0.04882537,0.30384114,0.09947411,0.69034374,0.050242327,-0.14443699,0.25594762,0.1502971
protein|SERPIND1,-0.40937024,0.47524816,0.7115727,-0.07479605,-1.228909,-0.7391409,0.44339314,-0.064398594,-0.06063552,0.82332593,0.104872234,-0.7951563,-0.36818507,-0.64058197,-0.5849566
protein|MMP2,-0.22434,-0.437884,0.5518948,-0.2912144,-0.3001371,-0.73088866,0.3930766,0.12422111,-0.20279679,0.3521927,-0.01745117,-0.011909821,-0.8552047,-0.6709803,-0.60130244
protein|HLA-G,0.06636229,-0.6927716,-0.036007382,0.14030932,-0.26097125,0.21412472,-0.05876869,0.20440209,0.104606554,-0.16190165,0.2726487,0.70079494,0.44699985,0.26315477,0.575168
protein|CD83,0.3113921,-0.1835528,-0.45942673,-0.43073386,0.4798863,0.064655624,0.19105345,-0.14675184,-0.1920956,0.08409255,0.23738104,0.41478464,0.12762335,0.351432,0.079884514
protein|CRYAB,-0.33360383,0.00725181,0.09933718,-0.27542844,-0.1397305,-0.20277685,0.39608157,-0.28475326,-0.29261172,0.3625044,-0.20458257,0.27114353,-0.24046597,-0.19979358,-0.032109085
protein|CES1,-0.5022879,-0.38319868,0.41148674,0.46640417,-0.18168867,0.34771934,0.64681345,0.6687377,0.2900176,-0.08467291,0.5436616,0.23107213,-0.13303801,-0.19894506,-0.8083921
protein|TPM1,-0.11297339,0.09777774,0.90838647,-0.04705993,-0.6656696,-0.37467554,0.11618353,0.08174635,-0.39053646,-0.101285085,-0.9361868,-0.030994114,-0.8161527,-0.9442793,-0.59750843
protein|CD37,0.23379241,0.5844473,-0.80028635,-0.19616637,0.41889912,0.03781071,-0.55239743,-0.23859797,-0.45051202,0.7319439,-0.24801712,0.20457914,0.14681244,-0.32263958,-0.30336058
protein|MEF2B,0.30659404,0.25001353,-0.51877314,-0.10094602,0.49481753,0.39288196,0.058991496,-0.26328936,-0.63076216,0.2617147,0.10248208,0.4059952,0.03646306,0.1799097,-0.17761473
protein|MS4A1,0.11113223,0.522601,-0.5009767,-0.05153394,0.4111614,-0.03494691,-0.3083464,0.19147155,-1.0804267,0.6750113,-0.07195837,0.06643843,0.15086758,-0.34716505,-0.1424148
protein|PADI2,-0.22087008,-0.28629768,0.23655143,0.45068267,-0.13623992,0.0676216,-0.13833396,0.48232153,-0.24306566,-0.030857932,0.7404216,-0.14657469,0.15156254,0.18361355,-0.12830958
protein|VCAN,-0.059627444,0.11040761,0.6496341,-0.49794877,-0.13026053,-1.0236428,0.67395514,-0.13789518,-0.57913285,0.4015336,-0.33725077,-0.40041795,-1.0520716,-0.70805424,-0.45283943
protein|FAS,-0.17445846,-0.34076303,0.42538455,-0.18226789,0.0824191,-0.3668513,-0.13693447,0.050827187,0.09600276,-0.20926066,-0.08387604,-0.03245209,-0.31536615,-0.32296246,-0.090070695
protein|CADM3,0.6675265,-0.44751188,-0.67518514,-0.37055206,0.14935476,-0.26483506,0.63007367,-0.6276009,-0.277016,-0.3187047,-0.41562766,0.69883364,-0.057216022,0.30517182,0.7428797
protein|ARID3A,-0.19935904,-0.056304716,-0.22216138,0.33865914,0.5023996,-0.2735388,0.13886014,-0.8024433,0.5197951,0.051750623,0.09337598,0.4414562,-0.07191672,0.14682756,0.3747791
protein|PFN2,0.16974524,-0.13420957,0.21142912,-0.3321983,0.08522826,-0.18990275,0.22904886,-0.20940691,-0.39130583,-0.31395528,-0.81711775,0.65215766,-0.55231047,-0.5217955,-0.010464945
protein|CD40,0.23993039,-0.22282405,-0.19842008,-0.32077867,0.6926166,-0.3860233,0.32634228,0.16236635,-0.23703375,0.23325236,0.29348406,0.2954842,-0.005177417,0.23339827,0.43448454
protein|MFAP2,0.085338846,-0.17215802,0.7286494,-0.51018614,-0.535726,-0.8625527,0.55694324,-0.10063374,-0.5405964,-0.06823915,-0.6607185,-0.044707913,-1.0201318,-0.73474675,-0.32169008
protein|BGN,0.0041850302,0.12387936,0.9253213,-0.536117,-0.3040869,-0.79748243,0.7852562,-0.05915561,-0.43883556,0.3653039,-0.42451087,-0.09629072,-1.3260107,-0.78380746,-0.5532119
protein|C8ORF33,0.12518983,0.32861492,-0.094262205,-0.18043621,0.30596203,0.08419589,0.66736954,-0.48034152,0.21233255,-0.3538647,-0.08978956,0.044488367,0.12454637,-0.24596818,-0.44293517
protein|IGHV3-72,-0.4092706,-0.052209828,0.81152004,0.16577946,-0.32740337,-0.7332362,0.4972996,-0.31642342,-0.109524935,0.49736378,0.028286891,-0.44167078,-0.40582338,-0.47162217,-0.20002621
protein|COL7A1,-0.37176323,-0.4256548,0.0054297703,-0.21013288,0.07993355,-0.28471184,0.5949653,-0.7160492,0.14963865,0.118787706,-0.21175405,0.719014,-0.18262783,0.0010713543,0.08839622
protein|DSC2,-0.06295056,-0.50872296,-0.24188595,-0.34100422,0.25099835,-0.4172054,0.82301474,-0.3972456,-0.06773072,-0.092663564,-0.35600796,0.71028894,0.13380663,0.10921309,0.5275495
protein|CD99,-0.03963685,-0.56394106,0.2079407,-0.33892658,0.21974067,-0.1587201,0.29695565,0.22106722,-0.15209402,-0.5762485,-0.5553288,0.35145843,-0.33462843,-0.2836781,0.44744366
protein|ENAH,0.1255636,-0.46958917,0.35270843,-0.11232953,-0.07822751,-0.6075765,0.6924027,0.04010128,-0.03379718,-0.5428912,-0.3435468,0.92220217,-0.6190586,-0.4504485,0.19613099
protein|GRHPR,0.0013704262,0.44908318,-0.79649884,-0.1668975,0.3645758,0.3439505,-0.2181962,0.35657808,-0.28615496,0.6425544,0.17349572,-0.08419059,0.27716225,0.009496932,-0.35776293
protein|HMGA1,0.8061108,-0.09134086,-0.9215367,-0.8071478,0.6900553,-0.08275089,0.7521942,-0.75319725,-0.17520674,0.13497084,-0.39195028,0.7410675,-0.120775044,0.36121058,0.8486475
protein|FKBP10,-0.33207902,-0.12424707,0.18797994,-0.18910728,-0.19921993,-0.45556566,0.4753831,0.17136775,-0.1783314,0.32983187,0.16239887,0.22751117,-0.6755788,-0.23995934,0.061523445
protein|KRT18,-0.31929865,-0.17023027,-0.0006064385,-0.005197251,-0.4497825,0.014742845,0.68083763,0.13303243,0.08724082,-0.67823356,-0.24385108,0.23362516,0.11151461,-0.2473859,-0.79438645
protein|C1QC,0.009493484,-0.35529485,1.1602528,0.4574451,-0.12236971,-0.22747453,0.1633742,0.17984504,0.4607147,-0.254545,0.7095514,-0.92350775,-0.4712708,0.023422576,-0.4079294
protein|ATP5G1,0.27018,0.77063113,0.08310099,-0.3956502,-0.014371166,0.23028205,-0.35238022,0.2353503,0.10991054,-0.16680953,-0.057798017,-0.66160095,0.46487305,0.16646361,-0.21728547
protein|CRIP1,-0.017049314,-0.6591964,-0.2259042,-0.2870235,0.6604735,0.17666583,0.017362941,0.018205835,-0.09409117,-0.26991466,-0.15703219,0.66834843,0.077223584,0.23150855,0.7459005
protein|CD36,0.32942092,0.012246259,0.58923095,0.20243354,-0.68302655,-0.4660849,-0.007100841,-0.20405786,0.13659565,0.017387018,-0.06614669,0.19476806,-0.6364224,-0.39042085,-0.3331476
protein|HIST1H1C,0.6666757,-0.57901347,-0.3095905,-0.5687881,0.036249783,-0.04920983,0.17260492,-0.6589004,-0.18997248,-0.6635207,-0.49857432,0.28862602,-0.1901992,0.27784944,0.7754656
protein|C18ORF25,0.4947529,0.05594041,-0.368567,-0.35498893,0.26661745,0.22634038,0.8382401,-0.7810488,0.40466338,0.036983944,-0.26418173,0.73301154,-0.29870874,0.29840067,0.48686242
protein|LTBP2,0.26873812,-0.14392869,0.02097834,-0.9186686,-0.09637835,-0.7719159,0.77538145,-0.23971134,-0.59582305,-0.006852211,-0.6797475,0.20658176,-0.86328703,-0.44457805,-0.2849626
protein|FAM26F,-0.3199128,-0.63657796,0.75603616,0.6826866,0.11839708,0.11634965,-0.23140593,0.5321262,0.71455204,-0.72707933,0.4600805,-0.14236163,0.42016432,0.37675193,0.18523592
protein|H1FX,0.47151944,-1.0023665,0.0353466,-0.5626704,-0.22359228,-0.117470644,0.38961962,-0.04992646,-0.14164583,-1.051729,-0.41726288,0.46269196,-0.18643986,0.45394486,1.1117357
protein|PHGDH,0.042705875,0.1858586,0.10108895,-0.04853899,0.3648512,0.23611566,-0.059043895,-0.73774695,-0.10325528,0.28920412,-0.40477163,0.09285335,-0.7392169,-0.45476836,-0.67069435
protein|SLC2A1,-0.36232188,0.07522238,0.1101544,0.28453907,-0.9419241,-0.5232263,-0.33480224,-0.06809295,-0.1855511,0.75094587,0.17370248,-0.5643206,-0.3458368,-0.53340244,-0.99202025
protein|IGHG1,-0.0018006038,0.08638735,0.65224826,0.13803428,-0.62738144,-0.621361,0.34145808,-0.20928949,0.07663443,0.47858152,0.06883391,-0.6330042,-0.6130937,-0.27499878,-0.36599705
protein|D6RBQ9,0.29982445,0.5336794,-0.24264464,-0.6410425,0.5060775,0.29013032,0.25190914,-0.018207012,-0.13824949,-0.1734601,-0.33473775,-0.19282983,0.052911017,0.36969247,0.7632861
protein|S100A13,-0.044158425,0.009374371,0.41257426,-0.18746892,-0.36164534,-0.16042463,0.15114294,0.03196689,-0.26908314,-0.7029481,-0.56174695,0.52156323,0.2777088,0.017537873,0.73291373
protein|OLFML1,-0.089409076,-0.074094266,0.7634953,-0.3699004,-0.5939063,-0.24320602,-0.2706082,0.13421936,-0.3593576,-0.36514,-0.9464191,-0.14419739,-0.7223614,-0.5887004,-0.20301427
protein|PSTPIP2,-0.021660103,-0.53094393,0.75494623,0.63557935,0.15547854,0.20049281,-0.034299947,0.54169405,0.68371,-0.5476614,0.76052696,-0.5393522,0.1998503,0.4289114,0.24020812
protein|APCS,-0.38686252,0.06234983,0.7680615,-0.06645026,-1.0245148,-0.5124283,0.34527335,-0.08322214,-0.12851581,0.30458394,-0.1313897,-0.3319356,-0.49833137,-0.8523546,-0.64229167
protein|RNASE3,-0.50170106,-0.5554715,0.16407149,0.48858538,-1.1526078,-0.54495984,0.4342531,-0.11873489,-0.22947378,-0.22312973,0.07992711,-0.021667164,0.11682714,0.046180017,0.26988733
protein|COL14A1,0.06740548,-0.23899552,0.9201336,-0.13015342,-0.52272123,-0.61144114,0.31414315,-0.11778867,-0.3567722,-0.4637478,-0.8775463,-0.021356221,-1.0387386,-0.8212377,-0.14196496
protein|GIMAP7,-0.2017465,-0.82230973,0.7703877,0.5644793,-0.37559608,0.15426095,-0.4936477,0.8290065,0.093093924,-1.468867,0.20013037,-0.123959295,0.33007762,0.21222933,1.035669
protein|AIF1,-0.06613374,-0.79808235,0.90813655,0.53883547,0.041221946,-0.18891925,0.31211302,0.28473336,0.52390677,-0.91537094,0.47002882,0.21315816,-0.045327313,0.5904021,1.0999938
protein|CD300LF,-0.3755687,-0.90693426,1.1561517,0.22388488,0.3749026,-0.15118176,0.32353872,0.005581171,0.06552863,-0.55638516,0.21866499,-0.049464647,-0.31429756,0.35013893,0.09455977
protein|STAP1,0.48053533,0.39563626,-0.3982947,-0.4915276,0.23807976,0.10972297,-0.31642613,-0.15684815,-0.8333935,0.14599282,-0.16824596,-0.13280474,-0.11227813,-0.2562293,0.1146531
protein|CTSK,-0.5270526,-0.42176032,0.27559313,-0.2621129,0.29523137,-0.11630766,0.1911128,0.15747263,-0.7238125,0.44606948,-0.20908917,0.30716994,-0.5879243,-0.4100899,-0.14505889
protein|APOL3,-0.2806378,-0.94719154,0.758508,0.46241426,0.20532802,0.33368707,-0.1462262,0.6275482,0.58085275,-0.76979524,0.48156342,0.0865238,0.265393,0.5048907,0.527674
protein|CR2,0.32459825,-0.32935008,-0.48321003,-0.11699149,-0.07518762,-0.13504022,-0.23815635,0.03391772,-0.47041017,-0.3153006,-0.6292211,0.58376765,-0.3095347,-0.36554915,0.10252731
protein|AKNA,-0.0341614,-0.30177742,0.14130794,0.16247413,-0.3084452,-0.2516035,0.07664442,-0.49283522,0.3169084,-0.107764915,-0.1822439,-0.2942759,-0.15516874,-0.15990308,-0.17322552
protein|PTMS,0.0996893,-0.4637813,-0.03438334,-0.52481616,0.25381625,-0.17348947,1.0427222,-0.23534134,0.17655306,-0.6655623,-0.24643074,0.36485815,-0.22177418,0.5826815,1.0273582
protein|IGKV1-5,0.11425098,-0.4606707,0.5756748,-0.27909753,-0.31142282,-0.69399893,0.4210962,-0.5610662,0.09861598,0.117069855,-0.12485335,-0.16697152,-0.6235852,-0.07908663,-0.0075820596
protein|TRBC2,-0.029889777,-0.73559624,0.52884704,0.21745968,-0.5990646,0.23891094,-0.46354675,0.6690305,0.19753984,-1.1459329,-0.092589885,-0.23546915,0.1844354,0.10997335,0.62280744
protein|BST1,0.031505853,-0.9181169,0.587838,0.00046649983,-0.67810416,-0.6950663,0.58843595,-0.22980139,0.4197552,-0.22832918,0.2695946,0.13242833,-0.704294,-0.035343666,0.4938468
protein|ALDH1A1,-0.32006243,-0.5370021,0.8631154,0.5706824,-0.24731913,0.5444547,-0.072310045,1.1825875,0.36161584,-0.72722554,0.75582975,-0.6216802,0.26687518,0.1329928,-0.30794883
protein|TGOLN2,0.2211554,-0.09978327,-0.081909865,-0.5727752,0.32586515,-0.35552576,0.7352364,-0.3371066,-0.020793218,-0.15925072,-0.15623654,0.54662365,-0.5242384,-0.033982728,0.43739265
protein|H7BYY1,-0.2267228,-0.15652308,0.61895746,-0.033803586,-0.7012259,-0.393863,0.1663705,0.3257646,-0.20695376,-0.20850094,-0.53136444,-0.23567228,-0.5620388,-0.77901644,-0.76486397
protein|GPD1,0.0345201,-0.0371392,-0.01323249,0.3492156,0.16420533,0.088499494,0.16373654,0.06331023,0.36880568,-0.22536908,-0.09691631,0.23756705,-0.18943125,-0.46996573,-0.8303269
protein|IRF4,0.013446072,0.59464043,-0.07113231,0.405935,0.5183036,-0.14411815,0.18269481,-0.7228109,0.4533078,0.49754512,-0.22731349,0.15278925,0.035555813,0.11450588,-0.11862218
protein|ITGB5,0.016126452,-0.8701071,0.3682505,0.09956958,-0.18821256,-0.34941414,-0.09472936,0.5945528,0.1754992,-0.44065952,0.38129073,0.58231044,-0.03519739,0.11904918,0.7624003
protein|CDK13,0.6386035,-0.2967339,-0.48656744,-0.40004316,0.87079656,0.19173515,0.21814536,-0.48573864,0.093589574,-0.21953459,0.02548453,0.6187456,-0.1910432,0.31743506,0.16967215
protein|PLXDC2,-0.10614881,-0.5099783,0.64494574,-0.58937985,0.25636306,-0.50686145,0.7686927,-0.5918748,-0.47182846,-0.101650886,-0.16354385,0.29973167,-0.7348784,-0.29977375,0.14113304
protein|CTH,-0.14958605,-0.13717848,-0.2557502,0.33200184,0.057054684,-0.20120956,0.39487958,-0.1683616,0.49173778,-0.2571635,0.086452,0.017987227,-0.012696322,0.029185833,-0.5988653
protein|TIMP1,-0.0012765845,-0.13500766,-0.03488626,-0.13368501,-0.35833654,-0.8117706,0.5745115,-0.05058647,-0.247426,0.38698825,0.4191795,0.19321726,-0.3803616,-0.32123163,-0.31709558
protein|FBLN2,-0.049057912,-0.27773884,0.46311766,-0.6129755,-0.14147961,-0.6190254,0.3788767,0.31300777,-0.5769006,0.22015412,-0.70122117,0.1634617,-0.9365263,-0.64938533,-0.23141423
protein|WARS,-0.19333166,-0.42910427,1.0259706,0.57613486,0.122703455,0.40850353,-0.07555474,0.764547,0.5537163,-0.7439423,1.0314218,-0.38914314,0.30799872,0.7076844,0.7461473
protein|TMA7,0.8474195,-0.27155647,-0.5868063,-0.31182164,0.6102673,0.11941051,0.1936329,-0.4504364,0.004795227,-0.51327884,-0.24594526,0.81298155,0.0775373,0.45585775,0.992968
protein|FMOD,-0.1588789,-0.59652025,0.37329787,-0.11798918,-0.44978133,-0.5049977,0.24583049,-0.1236076,-0.51856625,-0.15132886,-0.5162203,0.12368648,-0.78664505,-0.52662414,-0.2729442
protein|GZMA,-0.00435721,-0.6488071,0.7232423,0.17213024,-0.23198959,0.17730801,-0.011242578,0.5234827,0.3099103,-0.71795076,0.20137095,0.011293494,0.01752266,0.38251612,0.6370646
protein|HLA-DMB,0.4974307,0.3874466,-0.47713622,-0.30740505,0.10163308,0.3076743,-0.029253835,0.24667911,-0.23165956,-0.0062774667,0.21624668,0.20760591,0.4236782,0.13650693,0.28167742
protein|FCGR1A,-0.14162356,-0.88557565,0.9644409,0.5580746,0.01145326,0.09578897,0.27739564,0.36363488,0.74872243,-0.46321937,0.9973821,-0.043078255,-0.07421984,0.5424828,0.04315061
protein|P01009,-0.0037559974,0.048596,0.15792684,-0.04470172,-0.9841603,-0.8439358,0.4231728,-0.15725541,0.04317943,0.5538959,0.3177891,-0.5118798,-0.40285423,-0.18440215,0.010152862
protein|HVCN1,-0.04230501,-0.48635218,0.4684138,-0.18619406,-0.4506436,-0.16187052,-0.18163474,0.21159416,-0.23956631,-0.2681046,0.15733437,-0.37142208,-0.3789967,-0.054258045,0.014892596
protein|MORF4L2,0.5679111,-0.5518735,-0.29648635,-0.3786955,0.56687814,-0.28149614,0.7819403,-1.1081706,0.29792133,0.18486762,-0.457979,0.8477661,-0.6191228,-0.017447177,0.10894047
protein|SLC1A4,0.23148698,0.18626608,-0.35440928,-0.008568361,0.20397678,0.19127621,-0.25213557,-0.06278362,-0.5292657,0.73097104,0.18420105,0.082563065,0.0928503,-0.29391393,-0.54120535
protein|XPO6,-0.28653163,-0.33378574,0.02439546,0.5146035,0.24532557,0.2932092,-0.36289826,0.11303281,-0.014665675,-0.1379544,-0.015754696,0.65280753,0.2822342,-0.070838526,-0.23367444
protein|NFKBIE,0.31434953,-0.03386533,-0.30608934,-0.5307441,0.15878057,-0.04670947,0.5528897,-0.068594396,-0.48723617,-0.3462025,0.12221726,0.5052666,0.00995427,0.04597126,0.25767365
protein|PTPN18,0.3139851,-0.9929281,-0.16967675,-0.48131868,0.4081013,-0.2507501,0.6695228,-0.62868136,0.25416258,-0.6277797,-0.09296772,0.59328026,-0.3020311,0.63871694,0.33866096
protein|VPS72,0.11272978,-0.7387561,-0.24653302,-0.2795678,0.2847537,-0.049162872,0.16965298,-0.6233726,0.016941788,-0.13465948,-0.39296868,0.5140522,-0.78177476,-0.025844986,0.07242129
protein|UQCRH,0.08053349,-0.016842378,-0.22559132,-0.33399293,0.7477814,-0.20601444,0.5493725,-0.21621358,0.009745279,-0.044007573,-0.22412354,0.4522659,0.11528662,0.1949663,0.4040713
protein|C19ORF53,0.7858171,-0.66982627,-0.41365287,-0.50902605,0.3555495,0.07060324,0.38149843,-0.4582591,0.042959735,-0.8464563,-0.50617385,0.59249854,-0.16793886,0.5002034,1.0948293
protein|CNOT10,-0.52562356,0.089933224,-0.30336186,0.7121669,-0.018336441,0.32156214,-0.40344942,0.592413,-0.08232797,-0.15379895,-0.051447656,0.30896327,0.42698747,-0.11754707,-0.88030267
protein|TRIM33,-0.1234172,-0.051262483,0.32813957,0.106148474,-1.0502566,-0.5129711,0.1966,-0.099958286,0.33250278,0.47754163,0.31137136,-0.14589487,-0.16614266,-0.10040981,-0.2830282
protein|BAG3,-0.17298529,-0.56463146,0.38722304,-0.31517974,0.5291146,-0.31798458,0.6923263,-0.12833446,0.0054892646,-0.13379407,-0.51829106,0.6072542,-0.3515898,0.111691006,0.05153867
protein|CYP2S1,-0.5080817,-0.5864291,0.4432398,-0.006817964,-0.1460363,-0.43398908,0.71265566,0.18121336,0.09151014,0.07804499,0.24489792,0.21869674,-0.2885799,-0.38715002,-0.36402285
protein|CD2,0.25954506,-0.86301386,0.8506482,-0.3317163,-0.015597534,0.01729597,0.119279556,0.40708673,0.19146658,-1.2392156,-0.25045875,0.25784135,-0.31612384,0.25778165,1.0648322
protein|EPB42,-0.1733659,-0.14220081,0.31011382,0.078711346,-1.4045439,-0.58259773,0.017150857,-0.40562105,-0.06792218,0.054642733,0.032460302,-0.17635898,-0.14397639,-0.44511518,-0.55397624
protein|PLIN2,0.32959086,-0.16348809,0.050071377,-0.021859366,-0.051906653,-0.14187345,0.008494017,0.02292766,0.12486797,-0.3103612,-0.19839326,0.29672778,-0.34010854,-0.17528228,-0.31818846
protein|PRNP,0.07948474,-0.6888209,0.25742474,-0.52196425,-0.22153375,-0.30136448,0.6057008,-0.51671606,0.15625666,-0.46184543,-0.30664322,0.16247529,-0.628579,0.04392941,0.32728702
protein|CD82,0.08033131,-0.5442196,-0.3043431,-0.17912832,0.2488318,-0.46255472,0.191208,0.03356178,-0.35586858,0.35706168,-0.003450122,0.5339341,-0.127392,-0.17890233,0.110820375
protein|CR1,0.09648991,-0.53888285,-0.431309,0.022232963,-0.20290303,-0.25627336,-0.18123873,0.011914595,-0.00868822,-0.24507783,-0.44479737,0.44802216,-0.424659,-0.16386853,0.10191908
protein|FDX1,-0.12933908,-0.37694922,-0.062277086,-0.2941735,0.38520968,0.13061573,0.39763004,0.29886508,0.13544415,-0.09059295,0.2791807,0.10727661,-0.005097562,0.21865949,-0.12329927
protein|PM20D2,-0.0938093,0.36999473,-0.2235194,0.2558163,0.32216668,-0.008331753,-0.20917058,0.10131117,-0.16619152,0.41587973,-0.06947653,-0.16403218,-0.25355065,-0.16942728,-0.47527274
protein|FAU,0.6944663,-0.122901715,-0.7957104,-0.35351837,0.82286125,0.22405082,0.5317368,-0.7809977,0.29663303,-0.005225739,0.005592533,0.823035,0.037452415,0.7377606,0.74875474
protein|TRAF1,-0.31241554,-0.16453776,0.24750385,0.06205575,-0.0031434023,-0.11866104,-0.49364558,0.706725,-0.54319024,0.12302679,0.25760448,-0.122786045,0.047982614,-0.112389736,-0.15814057
protein|GOLIM4,0.31634024,-0.49466896,0.03983183,-0.58364815,0.32798755,-0.31620643,0.90632874,-0.48822263,0.1398496,0.08409512,-0.089356564,0.24408007,-0.6137215,-0.20847152,-0.21004993
protein|ORM2,0.048880056,0.13545777,0.102697484,-0.14821038,-0.48155907,-0.6349275,0.56475043,-0.13255088,0.17646876,0.48578435,0.22198172,-0.23327142,-0.17879498,-0.024186809,0.0403984
protein|PPBP,0.20005773,0.11282892,0.36535582,0.01388687,-0.9098148,-0.68887305,0.2956671,-0.35004315,0.110205874,0.43289417,0.115129285,-0.069050655,-0.39432776,-0.2406009,-0.34940144
protein|PRDX2,-0.12667397,0.18237133,0.037490346,0.3545455,-0.988215,-0.108274154,-0.35062218,0.094796315,0.027463548,0.10763623,0.026817909,-0.5095986,0.10738127,-0.22184497,-0.32592115
protein|GATM,0.034009073,0.3927982,-0.2886099,0.28447777,0.112388745,0.36731803,0.23514357,0.15111616,0.17607245,0.08111325,0.08809116,0.14349152,0.68117666,0.21255158,-0.3327368
protein|RPL37,0.6993856,-0.3321234,-0.52623796,-0.66531223,0.78674275,-0.03558621,0.4940228,-0.94501454,0.257187,-0.07112051,-0.330842,0.63639826,-0.19862086,0.626892,0.59105444
protein|SLC43A3,-0.13643911,0.22090654,0.13992098,0.46896604,0.88555217,0.07110422,-0.4462032,0.05596405,0.1025394,0.9492096,0.1409832,-0.61755,-0.041868016,-0.321993,-0.2363115
protein|HIST1H1B,0.9336395,-0.37414327,-0.6273326,-0.5360985,0.15059637,0.15456055,0.05066649,-0.55727327,-0.06687519,-0.42058954,-0.39899436,0.49856535,-0.11281628,0.4078814,1.0109559
protein|SPTB,-0.14547673,-0.18091333,0.27441353,0.00042654987,-1.3054665,-0.65162426,0.10234709,-0.4790966,0.046863444,0.34161317,0.06643013,-0.200668,-0.52701414,-0.38658687,-0.5884376
protein|P50579,0.49220037,0.17628035,-0.39719102,-0.62485045,0.23951596,0.41739482,0.39008605,-0.6122848,-0.32736814,0.06670035,-0.1987947,0.3492839,-0.2194183,0.2705414,0.074934855
protein|NOM1,0.3634203,-0.13190217,-0.20935994,-0.42511845,0.5845192,-0.3882596,0.59840184,-1.0933038,0.38001117,0.3560283,-0.4046925,0.6038097,-0.69055927,0.01998194,-0.38755077
protein|GPX3,-0.18349071,-0.10244297,0.8883634,-0.27148587,-0.6237599,-0.62700105,0.44737247,0.40392527,-0.20961209,-0.0892688,-0.28723758,-0.23493862,-0.5834308,-0.25414705,0.18968719
protein|Q9UN36,-0.17677072,-0.21153857,0.20485488,-0.0750067,0.025097609,0.08040974,0.47912025,-0.08008683,-0.0013000132,-0.4355793,-0.26339665,0.57774013,-0.3705039,-0.08250756,0.53942966
protein|SKAP1,0.0090800235,-1.0434335,0.7809841,0.079772174,-0.35832423,-0.07494608,-0.1768026,0.4749433,0.10311354,-1.2580854,-0.27636892,-0.019123117,-0.19693236,0.18601629,0.80990326
protein|ALOX5AP,0.054984096,-0.24848285,-0.054865066,0.042433448,-0.76561815,-0.08700994,-0.48105565,0.7412048,-0.6098222,-0.31025097,0.15640698,-0.22226715,0.22709322,-0.15029715,-0.12509476
protein|MLKL,-0.28967264,0.012489774,0.25274435,0.44250172,0.5311638,0.4800698,-0.27656803,0.33769113,0.075749926,-0.38624886,0.17735808,0.2932974,0.47787985,-0.12333451,-0.29483575
protein|PRMT9,-0.26631966,0.15571077,-0.20524862,0.63494486,0.33179182,0.34794146,-0.8113937,0.22993521,-0.21951416,-0.016736664,0.04229487,0.5119406,0.24320966,-0.19792053,-0.33525935
protein|TPD52,0.23272459,0.5689361,-0.3154418,-0.3051782,0.19670767,0.20941198,-0.054892007,0.049528472,-0.37003818,-0.052432712,-0.22703257,0.38141823,0.3034231,-0.052574262,0.25321573
protein|FABP3,-0.17714787,-0.21546419,0.5938112,0.27273348,0.004785086,0.4511678,-0.15952782,0.19879934,0.12919496,-0.004075352,0.08618957,-0.19122572,-0.013427869,-0.028492829,-0.21190035
protein|A0A0S2Z4G6,-0.15088193,0.08513736,0.4968065,-0.068444535,-0.59648377,-0.36470133,0.0003768582,0.53979486,-0.36445054,-0.056091893,-0.45524868,-0.38362595,-0.61487174,-0.8995021,-0.61135924
protein|NPL,-0.27864897,-0.5179171,0.8243376,0.43180984,0.3195308,0.14620271,-0.38749996,0.9927022,0.0981097,-0.36108878,0.39734048,-0.44909027,0.017072925,-0.055938944,0.1424591
protein|CD79A,0.40519506,0.44087642,-0.99778765,-0.37070292,0.1846143,0.20923729,-0.13024844,-0.28604296,-0.3842492,0.43094978,-0.355452,0.3386802,0.08774648,-0.117869,0.13286658
protein|VSIG4,0.13161476,-0.53965473,0.84000146,0.16496865,-0.033314504,-0.10957134,0.4349989,-0.09493856,0.7381825,-0.31597695,0.6021799,-0.02525145,-0.19610913,0.4202485,-0.023444248
protein|FBLN1,0.0024769711,-0.020170966,0.7113127,-0.5165292,-0.42422742,-0.85023314,0.47908252,-0.01702007,-0.25729454,0.31586853,-0.35147288,-0.4017142,-1.0272182,-0.63765323,-0.512806
protein|CD109,-0.38134935,-0.37127918,0.22309755,0.003995431,-0.55905217,-0.658589,0.2922817,-0.30047116,-0.06596463,0.08453639,0.25701898,0.07860669,-0.48905677,-0.40095297,-0.12446337
protein|A0A7I2V5H0,0.16568936,-0.5059225,0.2987749,-0.55725425,0.46520868,-0.23046799,0.55818456,-0.607264,0.035373975,0.1508242,-0.5080187,0.3556584,-0.9616253,-0.3327684,-0.28935793
protein|PTPMT1,-0.07046019,-0.14917895,-0.16030093,0.1077285,-0.032547746,-0.0100466665,-0.083024785,-0.02252752,-0.08215306,-0.05935815,-0.1619033,0.27551484,-0.1221135,0.18446052,-0.22456992
protein|PSEN1,0.27446172,-0.5215077,0.0065566255,-0.5367195,0.49321386,-0.30577776,0.46666464,-0.5408427,0.40156618,-0.39507928,-0.32578692,0.63916457,-0.5160244,-0.04456629,0.100182004
protein|C10ORF54,-0.04631303,-0.95135635,-0.1288067,-0.13660094,0.05538393,-0.03036524,0.46629205,-0.2511925,0.001778529,-0.46357682,-0.44151342,0.7772002,-0.358777,-0.08267148,0.36112386
protein|MNDA,-0.87118965,-0.2646727,0.42087075,0.43332127,-0.45104918,-0.24509218,-0.028198319,0.080071576,0.41783214,0.100216046,0.5338456,-0.38063025,0.31408298,0.017296702,0.115086034
protein|TAX1BP1,-0.52258056,0.2069153,-0.381549,0.4706769,0.3031312,0.51866126,-0.7897375,0.36428118,-0.2524426,0.062098987,0.16625974,0.24895269,0.6390389,-0.019676825,0.0284951
protein|ITIH3,-0.22058992,-0.39837357,0.41712165,-0.07561045,-0.64697915,-0.6540311,0.3003153,-0.26954842,0.122605264,0.47763848,0.4495164,-0.42068183,-0.37906244,-0.2948134,-0.5635554
protein|ZNF280C,0.39471593,-0.19993994,-0.66438204,-0.2800009,0.57379985,0.20665239,-0.035578266,-0.42957526,-0.1798375,0.14738919,-0.13258862,0.44128716,-0.07281394,0.19429158,0.09968877
protein|USE1,-0.30018455,-0.34899348,0.08824623,-0.02506761,0.23846571,-0.19988047,0.41803107,-0.46533248,0.047575094,-0.051338743,-0.15471466,0.7447052,-0.55728126,-0.03409264,-0.46342504
protein|IGHV3OR16-12,-0.3612581,0.0060384017,0.5546747,0.30513677,-0.5620329,-0.14041698,0.06407772,-0.029850824,-0.115548536,0.34767017,-0.12258543,-0.48066196,-0.41031665,-0.7000104,-0.4037496
protein|MEPCE,0.48302376,-0.42173848,-0.31106737,-0.5717647,0.47663105,-0.314881,0.7624851,-1.0120066,-0.16191164,0.05607671,-0.40893102,0.78371054,-0.39845026,0.11169906,0.1963515
protein|ALDH2,-0.30189607,-0.22823407,0.34879184,0.059834886,-0.06376455,0.45291275,0.24020544,1.0015464,-0.23036286,-0.005144148,0.55628586,-0.13668191,0.075952776,-0.10913553,-0.7854486
protein|MXRA5,-0.034025043,-0.19684085,0.3344313,-0.39862505,0.08573369,-0.6227536,0.56236875,0.29166493,-0.24445637,0.6410332,0.0699338,0.10656741,-0.78792274,-0.3693641,-0.5537861
protein|C9,-0.38914418,-0.26411223,0.21147001,0.047260173,-1.1639848,-0.83404654,0.3107991,0.1433793,-0.17871879,0.54597646,0.044510208,-0.5930426,-0.40974006,-0.4532915,-0.3887923
protein|TRMT5,0.0966786,-0.23529057,0.07643467,-0.059213102,0.17480479,0.05266835,0.39340094,-0.51130754,-0.14020035,0.20878413,-0.028708806,0.1490543,-0.1905161,-0.2088531,-0.23008533
protein|SEC11L3,-0.3350422,0.19177862,-0.06942112,0.43553048,0.024517655,0.3367195,-0.081841305,0.0037349788,0.02431893,0.051293705,-0.00516728,0.055217396,0.39579532,-0.06677955,-0.031939663
protein|TK1,0.13768193,0.39381874,-0.2894709,0.2507129,0.6270012,0.30109188,-0.2939596,-0.0074291835,-0.21618384,0.96231717,0.28090605,0.14808503,0.0709808,-0.2749384,-0.48947436
protein|APOBR,0.044498276,-0.54409516,0.7322591,-0.033559594,-0.3807516,-0.3249259,0.6056045,-0.370707,0.16077897,-0.24743636,-0.05990928,0.014765412,-0.28619817,0.035163376,0.19122466
protein|SNX29,0.41025314,-0.08280217,-0.35780287,-0.3050183,0.02978053,-0.037729975,-0.15220608,-0.21780385,-0.46694273,0.110955164,-0.26740003,0.39650413,-0.49511,-0.19428019,0.1027616
protein|NUCKS1,0.7099439,-0.3514428,-0.4922883,-0.6095256,0.4506464,0.13961913,0.6189299,-0.57922465,0.01531601,-0.3963983,-0.44442564,0.8450228,-0.1039562,0.38222733,0.89191186
protein|ANK1,-0.10786575,-0.09180611,0.2141061,0.032046974,-1.4535698,-0.4961732,0.053783197,-0.36488566,0.025331393,0.36421555,0.09786002,-0.28976473,-0.40699324,-0.30430365,-0.6587533
protein|CD79B,0.41556865,0.16371994,-0.8925691,0.016395645,0.029292049,0.14345863,-0.218748,-0.25377592,-0.33264357,0.42168146,-0.36997536,0.47260198,0.1324924,-0.09828847,-0.3324702
protein|TFRC,-0.4144917,0.062240582,0.08176586,0.5052818,0.6298869,-0.1551917,-0.13808286,0.0061879237,0.3723226,0.9553622,0.30325535,0.22427909,0.083232895,-0.19043133,-0.45761153
protein|UTP20,-0.13364953,0.000876562,0.09741733,0.045033023,0.2659679,-0.02488788,-0.17009476,-0.07355077,-0.016047727,0.1872292,-0.15113604,-0.12034128,-0.28471825,-0.17866205,-0.40868685
protein|CPB2,-0.43132293,-0.07377646,0.23873869,-0.037527658,-1.0850403,-0.65183204,0.19747621,0.16491272,0.01417375,0.7158149,0.19656049,-0.64105624,-0.39569706,-0.52466035,-0.6206555
protein|GCA,-0.43633503,-0.36859006,0.01367042,0.2552787,-0.6898059,-0.6116169,0.22190644,-0.019599581,0.25827053,0.09922998,0.5121741,0.25038692,0.13869539,0.13235113,0.32794994
protein|TAF15,0.70549786,-0.333201,-0.8292918,-0.6679552,0.6854599,0.03014939,0.676844,-0.7045792,0.19339529,-0.12813222,-0.28073978,0.9069584,-0.102221,0.50526303,0.7917216
protein|FTH1,-0.39025214,-0.24715205,0.5478769,0.081756026,-0.25860518,-0.35673234,0.59532535,-0.007088419,0.42189822,-0.1063422,0.30945092,-0.03250011,-0.020044843,0.3085716,0.06931332
protein|P01889,0.3773351,-0.50209475,-0.07937819,-0.29191026,-0.013666769,0.13946468,0.26184657,-0.020645928,0.33669326,-0.10969622,0.16778073,0.2513537,-0.0448844,0.17787413,0.20918243
protein|KANK2,0.13304858,-0.40155262,0.21362084,-0.29927316,0.10747623,-0.30150658,0.43360734,-0.4533064,-0.26203778,-0.03536723,-0.492665,0.5048726,-0.37020013,0.035849616,0.15742956
protein|C5,-0.30745596,-0.21861447,0.4975172,-0.007511478,-1.0518496,-0.74616855,0.28760242,-0.07244472,0.043632597,0.4429758,0.058647785,-0.65475345,-0.48292387,-0.71258175,-0.8246848
protein|ITIH1,-0.28365535,-0.044756453,0.5438045,0.02115649,-0.66601545,-0.91204107,0.4118414,-0.16728155,-0.23287241,0.766156,0.4447534,-0.43283537,-0.38510457,-0.5470663,-0.5167876
protein|FYB,-0.15820217,-0.88665736,0.753675,-0.0072046425,0.11326452,0.12206534,-0.13752253,0.7220523,-0.044930857,-1.3290145,-0.08221785,-0.09781729,-0.010133362,0.08317902,0.6872104
protein|HIST1H1E,0.73193157,-0.4830149,-0.36553186,-0.4494921,-0.16849072,0.0977684,0.111848764,-0.40650058,-0.17516601,-0.76068693,-0.4508737,0.49756104,-0.0754985,0.3636646,1.0341033
protein|HIST1H2BD,0.79552865,-0.14974909,-0.3864918,-0.34540257,-0.10926661,-0.027988642,0.2001484,-0.57919115,-0.056951035,-0.42020598,-0.34613398,0.82504416,-0.042963848,0.40511614,1.0244428
protein|GALM,-0.244262,-0.6765184,0.9487393,0.44077432,-0.18117137,0.28924206,-0.35409024,0.945457,0.032499254,-1.0271796,0.6243647,-0.509931,0.30056086,0.23396415,0.48674485
protein|BANF1,0.4654589,0.30094376,-0.4056463,-0.2147448,0.43202537,-0.061421834,0.37811023,-0.36126906,-0.14999385,-0.18169469,-0.22235717,0.96420044,0.45401153,0.32733265,0.76103526
protein|ATPIF1,0.35454664,0.24659334,-0.48040384,-0.5277404,0.34943503,0.52180725,0.14865158,0.28027776,-0.0801398,-0.111320674,-0.22735283,0.40054253,-0.12481166,0.08462065,-0.030893818
protein|UHRF2,0.22285123,0.0046381424,-0.17340018,-0.120960586,0.48042876,-0.27129534,0.408074,-0.49468467,-0.046087362,0.26245606,-0.53830713,0.7245259,-0.5272459,0.03620249,0.24268617
protein|TMEM245,-0.08927269,-0.5522936,0.19313939,-0.020685382,0.21483137,0.021614041,-0.12936391,-0.11984494,-0.24613887,-0.3233059,-0.62528855,0.10588839,-0.48580346,-0.42110595,-0.3688314
protein|HIST2H2AB,0.43280098,-0.40172982,-0.5341303,-0.27312905,0.078516506,0.034593236,0.07695811,-0.2934507,-0.23245548,-0.3975285,-0.2842896,0.84104913,0.015754668,0.253547,0.80603814
protein|DDHD1,0.497251,-0.09293671,-0.7429101,-0.4365209,0.46161848,0.013402804,0.31568784,-0.42171052,-0.02322082,-0.08106555,-0.08866556,0.6485959,0.0010090362,0.4815413,0.31766683
protein|MMRN1,0.2120968,-0.3499888,0.057071388,-0.0018480283,-0.8576922,-0.22217816,-0.15999494,-0.16720767,0.055299032,-0.28026858,-0.3598327,0.15858333,-0.3298445,-0.32602492,-0.53410596
protein|ZFP91,0.1462705,-0.67347586,-0.15539269,-0.30360213,0.33829215,-0.20934801,0.57885885,-0.6160782,0.11147435,-0.23949185,-0.26229486,0.48702186,-0.5846808,0.10215015,0.118930146
protein|SNX33,0.03128537,-0.5037062,0.54291916,-0.07257406,-0.31753588,-0.1141272,0.19163235,0.32096222,0.11433413,0.002107288,0.057696432,0.048018426,-0.35675973,-0.041426215,-0.13025157
protein|NDRG1,-0.29420048,-1.104153,0.72744375,-0.3541319,0.06811049,-0.4520476,0.7080721,-0.03865998,0.39273363,-0.29725614,-0.08900689,0.13558023,-0.5824553,0.1918956,0.43404973
protein|SULT1A4,-0.17449383,-0.32072625,0.14100398,0.06390655,-0.11080578,0.21458004,0.28220642,0.42846242,0.0703666,-0.9717194,-0.1119344,0.10639353,0.14024824,-0.13526641,-0.16455022
protein|IGF2BP3,0.39996246,0.696743,-0.5963502,-0.28968868,0.63536084,0.43689394,0.12021076,-0.39818084,-0.13713929,0.6011332,-0.05109138,0.28871128,0.14916572,0.36333707,-0.29277882
protein|ABI3BP,0.11470028,-0.14375244,0.24015158,-0.47567266,0.16746542,-0.4744584,0.34608188,-0.4147423,-0.3884056,0.11055886,-0.36543798,0.09495979,-0.63440305,-0.3172208,-0.08064334
protein|P12111,0.03216903,-0.4668021,1.0156653,-0.25762936,-0.21577361,-0.392555,0.14722586,0.14878961,-0.054843765,-0.1536086,-0.39839235,-0.39139587,-0.88623536,-0.23247159,-0.22467293
protein|ZNF318,0.2188477,-0.49421343,0.016759459,-0.25283188,-0.15102814,-0.33729059,0.41435328,-0.53766,-0.05579232,-0.1736039,-0.033312283,0.40679404,-0.3191167,0.12743384,-0.07491652
protein|CYP1B1,-0.4314701,-0.5355743,0.63723296,0.013743471,0.046964172,-0.4975682,0.2885745,0.98695266,-0.34593707,0.011632768,0.116073936,0.21241514,-0.13563418,-0.11923592,-0.26853958
protein|GC,-0.002754539,0.12626737,0.1273992,-0.28294888,-0.8994435,-0.8982427,0.7015948,-0.0915682,0.008943836,0.6559455,0.17306273,-0.48685816,-0.32441893,-0.46578112,-0.11196831
protein|TXN,-0.25752056,-0.36238697,0.46750557,0.3604498,0.45060837,0.16638267,0.075704604,0.5991139,0.50017667,-0.3411056,0.81689847,-0.3409613,0.3911318,0.70975894,0.5965088
protein|PON1,-0.12712598,0.09203607,0.2383458,-0.030143404,-0.8882468,-0.41388837,0.560687,-0.081705734,0.3621538,0.35540858,0.173972,-0.44743052,-0.27565706,-0.34249368,-0.51130766
protein|SERPINF1,-0.11089125,0.014635281,0.28672612,-0.25533473,-0.54293525,-0.86748534,0.35634452,0.2823966,-0.6464239,0.5518877,-0.06215559,-0.42061424,-0.8157303,-0.8993521,-0.48788616
protein|ARID4B,0.28281254,-0.5462443,0.13968387,-0.11180538,-0.07095116,-0.30087042,-0.03935015,-0.25256622,0.3037289,-0.16281149,-0.22114852,0.54944134,-0.04129999,0.0676276,-0.049350277
protein|HNRNPU,0.37390184,0.50954944,-0.33628646,-0.60371524,0.7377407,0.44679603,0.08966126,-0.26414192,-0.039953094,0.032571543,-0.36173752,0.029775705,0.14595997,0.05182001,0.4776967
protein|GRAP2,-0.24096154,-0.72650284,0.5611126,0.27514818,-0.16975802,-0.025381902,-0.121264346,0.33692706,-0.06459836,-1.2021381,-0.28611612,0.16755104,-0.12276284,0.21430513,0.8245436
protein|SLC16A3,-0.47074127,-0.6827141,0.39943022,0.20069994,-0.044375923,-0.20942633,0.13273816,0.45410126,-0.037590235,0.34046927,0.81665105,0.04258511,-0.13585885,0.13547613,-0.19990242
protein|COL6A1,0.13923126,-0.62368,0.9979772,-0.34795326,-0.15351321,-0.45527983,0.30558342,-0.05093373,-0.051654883,-0.2441611,-0.53029186,-0.21368714,-0.944185,-0.17176315,-0.09542704
protein|SLC7A5,-0.08631708,-0.13618469,0.12424361,0.4871937,0.47720358,0.26904127,-0.30568275,-0.17621082,0.0278539,0.5277095,0.046122976,0.10807919,-0.606739,-0.39715266,-0.52772915
protein|CD38,0.35227606,-0.4543492,0.5584368,0.106305525,0.25146094,0.14491522,0.44179654,0.24698275,0.5991553,-0.7133142,0.32235667,0.12305831,-0.15326238,0.4136334,0.4322245
protein|HDGFRP3,0.36809435,-0.48983926,-0.11868302,-0.4523331,-0.13416584,-0.30252472,0.3172318,-0.18717515,-0.098000675,-0.4816093,-0.4150022,0.5204143,0.066593766,0.30034694,0.76335895
protein|AOC3,0.006952378,-0.545792,0.57617253,0.15734276,-0.20490134,-0.19371298,0.044692677,0.04894485,-0.111821085,-0.24522717,-0.34192297,0.28147483,-0.5802219,-0.62556314,-0.3363669
protein|GRAP,0.3222742,0.13557829,0.13923882,0.2450628,-0.27270642,0.54945487,-0.6399744,0.254573,-0.26995373,-0.36291525,-0.23961766,0.2075251,0.16870734,-0.20021933,-0.123120904
protein|TONSL,0.5563946,-0.1463485,-0.64528066,-0.32352257,0.74170935,0.23464423,0.4121247,-0.8881123,0.34523666,0.24612802,-0.1600086,0.97058547,-0.32711112,0.054079287,-0.23817384
protein|SLC16A1,0.17928499,0.32954773,-0.200769,0.032784026,0.6944497,0.1338201,-0.30052438,-0.493589,-0.1622197,0.3801958,-0.4398107,0.38724992,-0.17195894,-0.35194835,-0.36509597
protein|SDSL,0.19533873,-0.4132753,0.28825498,0.6016355,0.034161266,0.052380465,0.04944499,0.32532632,0.1795175,-0.24864252,0.54700303,-0.03800798,0.41140008,-0.08838359,-0.081105724
protein|SDC4,-0.14512257,-0.6693194,-0.28622845,-0.28804797,0.0023283698,-0.52218956,0.3964613,0.15547328,-0.060762107,-0.17809345,0.21326172,0.51756686,0.031133393,-0.10833572,-0.16318935
protein|GOT2,-0.012754251,0.6333598,-0.4211279,0.26385418,0.18487132,0.710815,-0.079464436,0.23019305,0.22721301,0.07567028,-0.14218493,0.23019883,0.6114069,0.039809626,-0.4598723
protein|GPHN,-0.08988143,-0.18597923,0.28701088,-0.1879172,0.3800564,-0.15980735,0.4190506,-0.46142927,0.060664814,-0.20797345,-0.39556962,0.06588725,-0.0194849,0.23014851,0.0658985
protein|MRC1,-0.031824112,-0.26515478,0.7824871,0.6048354,-0.1435225,-0.28790274,-0.017460667,0.002360194,0.09228401,-0.6965151,0.3151557,0.2143903,-0.15307932,0.1134118,0.16201168
protein|BSN,0.15661743,-0.12873206,0.25636923,0.27974668,-0.4207627,-0.4104985,-0.09119503,-0.095934145,-0.19551066,-0.10283298,0.014901655,0.10285815,-0.35389858,-0.17574015,0.04527787
protein|GZMK,0.040281147,-1.046483,0.51621586,0.12839025,-0.27219525,0.04333331,0.04863887,0.34152797,0.08183471,-0.8137135,-0.03108735,0.2131902,-0.27924055,0.37040427,0.8269483
protein|A0A140T9X5,0.20254947,-0.029363457,0.24220468,-0.00047075158,0.00535247,-0.12592992,0.270424,0.17281912,0.28165516,-0.055998206,0.21183972,0.05690498,0.10288769,0.11047527,0.25787336
protein|EFEMP1,0.05971532,0.047905404,0.65956926,-0.26987988,-0.47007906,-0.6278534,0.07115809,0.035414435,-0.497076,0.011409871,-0.54126096,-0.49710017,-0.80114365,-0.559068,-0.4639112
protein|DNPH1,-0.10663911,-0.010927478,0.0388817,0.112068124,0.10004574,-0.17343631,0.21384205,-0.029216735,0.16296764,-0.13426179,0.16573764,0.30421627,0.00045269055,0.039312623,0.43400586
protein|ARPP19,0.099360414,0.010972183,0.1297284,-0.20338146,-0.0644876,-0.38390246,0.6973515,-0.20267223,-0.10220251,-0.2772188,-0.068227455,0.6373515,-0.31647035,-0.072907716,0.22162652
protein|C4B,-0.25173146,-0.05323649,0.6211801,0.12377873,-0.8461367,-0.70960194,0.34766832,0.19141632,0.0972071,0.42753258,0.122511774,-0.6039536,-0.52033526,-0.59217906,-0.37210914
protein|GBP2,-0.4662246,-0.59894544,0.93949336,0.52995825,-0.0030920713,0.1236163,-0.2598952,0.56938356,0.5424505,-0.82137233,0.61223173,-0.11434426,0.38148847,0.28847075,0.7471636
protein|DAP,0.636385,-0.45170322,-0.653073,-0.5172658,0.3437893,-0.10827795,0.5416264,-0.54822236,0.03529583,-0.19748949,-0.21842249,0.6959364,-0.143142,0.331493,0.33788955
protein|F13A1,-0.34761912,0.04691699,0.9145197,0.13604224,-0.6647177,-0.2703473,0.103443734,-0.032306273,-0.14518766,0.07352519,-0.21345969,-0.26506832,-0.25115266,-0.5340311,-0.24275811
protein|SP140,-0.0104152495,-0.049835466,-0.5983651,-0.01150068,0.41196156,0.10953908,-0.042048734,-0.41153917,0.2842131,0.10910604,-0.035128634,0.63213235,-0.005986364,0.15554133,0.18136577
protein|CEACAM1,-0.44357127,-0.18560417,-0.13865492,0.0124079,-0.6826173,-0.35584447,0.7107466,-0.1821638,0.15275046,-0.10811837,0.022785708,0.38084853,-0.07652987,0.1371889,-0.028271453
protein|PHF6,0.1389114,0.24166892,-0.42122948,-0.29620853,0.6146387,0.42298073,-0.11166515,-0.26803747,-0.35225785,0.71063805,0.041908428,0.2960268,-0.28882888,-0.11264019,-0.27083445
protein|B1AHL2,-0.2764289,-0.010163123,0.45011893,-0.26705086,-0.45244026,-0.46700415,0.2033589,-0.03600083,-0.31430596,0.271735,-0.1120515,-0.42693648,-0.21791682,-0.39538297,-0.5743706
protein|TRMT1L,0.06018692,-0.29574233,0.18590096,-0.23036793,0.4396121,-0.15123478,0.003140829,-0.11284409,0.21693659,0.22528602,-0.20136638,0.38554522,-0.1938444,-0.23422876,-0.23806778
protein|APOA1,0.026692996,0.2718681,0.5159783,-0.14368486,-0.710178,-0.74004155,0.521577,-0.028999837,-0.036669888,0.5947881,0.13666962,-0.29289973,-0.4153666,-0.47250643,-0.14449379
protein|RNASET2,0.1450727,-0.28031993,0.0153065575,0.026437908,-0.13222434,-0.05342737,0.24006568,-0.14290898,0.35847008,-0.73031723,-0.12521154,0.5954685,0.41185573,0.47306454,0.536435
protein|GIMAP4,-0.11242822,-0.8839778,0.8381263,0.37361032,-0.12405009,0.11997538,-0.41901848,0.77978444,0.1591105,-1.3703085,0.06396833,-0.03709015,0.21252212,0.18646373,0.9866854
protein|E9PGZ1,-0.083262034,-0.13259412,0.72704446,-0.26285374,-0.34568402,-0.6009333,0.38091353,0.16716318,-0.41827017,-0.27643126,-0.6790131,-0.07128958,-0.6865842,-0.7079451,-0.07744751
protein|MYEF2,0.20503299,-0.071451806,-0.34031403,-0.3312138,0.58333695,0.09992101,0.26578122,-0.2206408,-0.16578194,0.32612285,-0.14174463,0.3389105,-0.080802634,0.11712044,0.22207627
protein|AZGP1,-0.07890485,-0.46134648,0.17016499,-0.5353334,-0.099361084,-0.48636913,1.0262964,-0.6541017,0.12164225,0.18598345,-0.19381265,0.07767747,-0.53778297,0.015101709,0.09617894
protein|CAMK4,-0.19561489,-0.22305913,-0.2154075,0.11527603,0.41923267,0.1556791,-0.17080571,-0.22989883,-0.056041356,0.1189782,0.18406594,0.07408874,0.093177065,0.20949455,-0.014969571
protein|APOL2,-0.40342882,-0.63843,0.779056,0.60695356,0.06297553,0.016652526,-0.110308185,0.47083846,0.6900424,-0.44600502,0.7541752,-0.06548432,0.01819377,0.21201889,-0.067230016
protein|EHHADH,-0.119297236,0.29418096,-0.21813744,0.2982455,0.15819934,0.314028,0.36653134,-0.04313306,0.47684142,-0.09007769,0.058440525,0.18209535,0.11435313,-0.09668644,-0.66625893
protein|ABLIM1,0.10144679,-0.10431194,-0.022327257,-0.5159372,-0.02153191,-0.025380956,0.25341552,-0.1169589,-0.38831353,0.119817786,-0.3247014,0.29739654,-0.11596969,0.076063275,0.20231126
protein|AEBP1,-0.029439865,-0.42663094,0.5618294,-0.3699633,-0.023189344,-0.60671604,0.51815623,-0.16196866,-0.40305585,0.29786944,-0.34476763,0.09426176,-1.0402133,-0.67697835,-0.4744842
protein|CROCC,0.040017158,0.083006375,-0.40204465,0.14001618,0.32574734,0.61828053,-0.85196215,0.16781402,-0.60529304,-0.15525942,-0.17967173,0.2599611,0.44332874,-0.15406574,-0.09135753
protein|ALDH5A1,0.17820255,0.35462615,-0.6291354,0.016778665,0.29855528,0.6798158,0.022747574,0.4987286,-0.26474816,-0.37611333,-0.13331096,0.13610545,0.32637694,-0.11727629,-0.12806505
protein|PEA15,0.3259295,-0.10501987,0.054545272,-0.35790908,0.24858952,0.013383716,0.32987735,0.28515288,-0.63739514,-0.33198467,-0.05802144,0.14186974,0.10927201,-0.00729316,0.74627423
protein|TAF9,-0.18865536,-0.5941266,0.096781045,0.24091949,0.33312792,-0.1286317,-0.28836274,-0.4521749,0.06601446,0.35744184,-0.1966467,0.51604,-0.61862814,-0.45710084,-0.31436116
protein|CD14,-0.09576182,-0.9262362,1.0257242,0.36835375,0.0054951087,-0.4513672,0.54141647,0.090265304,0.5809137,-0.35427254,0.72628236,0.07535738,-0.38754773,0.3921648,0.23275892
protein|BCAM,-0.076333,-0.44547376,0.51653314,-0.18020432,-0.5070748,-0.2872885,0.20489782,-0.41920996,-0.035396103,-0.46720982,-0.7559116,0.0031613952,-0.60513854,-0.17985828,-0.10659192
protein|AHSG,0.4116702,-0.066975154,0.110875025,-0.4796681,-0.42301422,-0.505546,0.8288752,-0.3251519,0.077606566,0.39172253,0.06992282,-0.34312612,-0.29497665,0.06964228,0.58468544
protein|RPS28,0.38294274,-0.28838137,-0.527957,-0.40268955,0.5823477,-0.42245048,0.8789014,-0.92835397,0.20071764,0.018981138,-0.13672264,0.9351249,-0.14909144,0.48159805,0.576945
protein|S100A4,-0.6257205,-0.28977415,0.80161273,0.11418879,-0.46286938,-0.040600818,0.28810176,0.15967532,0.13839103,-0.4452993,0.07633074,0.3643301,0.25624308,0.3622439,0.7197967
protein|LRMP,0.37523448,0.24294637,-0.5418057,-0.3759572,0.23288961,0.18848684,-0.24823453,0.07095352,-0.8827622,0.3722369,-0.04904481,0.037615996,-0.15774073,-0.16182175,-0.31551254
protein|SYPL1,0.19417894,-0.35348746,0.4399378,-0.60106015,-0.1913494,-0.4301273,0.5966438,-0.5021092,-0.290447,0.16383506,-0.52042484,0.43780562,-1.0039034,-0.6122968,-0.12561497
protein|TPPP3,-0.31871232,0.107156634,0.5583711,-0.021839516,-0.5023996,-0.10676714,0.38315368,-0.47312063,-0.14024131,0.17257354,-0.3256112,-0.08029117,-0.0006050588,-0.19624838,-0.20157996
protein|A0A140T941,-0.03626996,-0.10603714,0.18761282,0.12145717,-0.11492462,0.036761794,0.12679748,0.1334305,-0.14439107,0.016102659,0.15044188,0.056912992,0.17005499,0.25333548,0.13541286
protein|TOP2A,0.35069612,0.3566099,-0.38593704,0.12594022,0.96278,0.34976077,-0.13972604,-0.9087041,0.25047392,1.0083003,-0.02795001,0.2740434,-0.001560781,-0.058947477,-0.48346734
protein|PNO1,0.07191886,0.16389668,-0.23112866,-0.0036284104,0.7901142,-0.034825217,0.17845166,-0.5672936,0.2816453,0.605505,-0.39530712,0.2437258,-0.61470485,-0.16916282,-0.1956093
protein|P01700,0.06137304,-0.12656742,0.21299286,-0.101560526,-0.34730196,-0.58513623,0.45248497,-0.42332846,0.14708395,0.36468232,-0.046413485,-0.27139348,-0.551754,-0.11955516,-0.25822124
protein|CTNNB1,-0.35316798,-0.2637248,0.08559614,0.12885514,-0.39148277,-0.05620738,0.113830164,0.35344225,-0.13644512,-0.1559331,-0.1385597,0.2882185,-0.11223814,-0.25078443,-0.672817
protein|IL4I1,-0.058152117,-0.3409879,0.049792413,-0.116825685,0.45868313,-0.046171635,0.02918341,0.53524655,-0.2634072,0.34383714,0.6227579,0.06143956,-0.09324659,-0.022213038,-0.03975791
protein|ADA,0.38558567,0.24281955,-0.032844957,0.06861154,0.19229795,0.22353616,0.18480702,0.22146998,-0.043599084,0.070768006,0.11764224,0.10656752,0.2601793,0.41360584,0.46188718
protein|SQSTM1,0.29759288,-0.42775685,-0.2995093,-0.437005,0.69229203,-0.3807678,0.64047843,-0.27809054,0.21382314,0.12312942,0.14431417,0.42104298,-0.27143934,0.39415294,0.33829507
protein|UBE2E1,0.24332857,-0.08950965,-0.20110603,-0.35674277,0.35664332,0.0128127355,0.47042894,-0.32152495,0.116878875,0.39543858,-0.07282614,0.24464048,-0.44290808,-0.008010439,0.05003946
protein|TNPO2,0.20614281,0.28281724,0.20916322,0.06733475,0.6482641,0.041719075,0.24444903,-0.2528788,0.0044182963,-0.012577054,-0.54168934,0.2438628,-0.29221287,-0.28695056,-0.122636475
protein|SLC2A5,0.06485581,0.089259066,0.10720942,0.043371115,0.01949222,0.1604416,-0.29685783,0.065797895,-0.07717371,0.3254874,0.021360744,-0.27570316,-0.62764627,-0.31293014,-0.554412
protein|MMP9,-0.49630797,-0.7533545,0.11144983,-0.05148078,-0.89698595,-0.7604001,0.3632946,0.040443778,0.0073491856,0.2796623,0.38723788,0.08244041,-0.113191836,-0.13713878,0.044466134
protein|APOD,0.18464957,0.37314394,0.16366567,-0.06564501,-0.5116375,-0.24675728,0.23425514,-0.17130978,-0.003965893,0.22613046,0.2709829,-0.09456855,-0.0657088,-0.060574632,-0.18511984
protein|PSAP,0.0703433,-0.32959363,0.5747282,0.12000489,0.21798904,-0.0980535,0.47757745,0.15865065,0.4732003,-0.41145927,0.5590769,0.40749764,-0.09542182,0.5963036,0.6604847
protein|LRRC25,0.24719155,-0.4662887,0.30439487,0.31893498,-0.30307004,-0.110180594,0.0008946149,0.1143764,0.59094256,-0.40181154,0.5285443,0.2928749,0.009851299,0.3396886,-0.14946495
protein|APOL1,0.0024649403,-0.3217207,0.4210398,-0.064705126,-0.7229879,-0.7409198,0.44829643,-0.20591159,-0.10055707,0.3761552,0.07155603,-0.2815257,-0.52488583,-0.56663275,-0.43007696
protein|DPP4,-0.42757314,-0.18302184,0.3603059,0.083309576,-0.5338654,-0.092788525,0.15375927,-0.1410475,0.25729632,-0.12819415,-0.09632949,0.01222035,-0.20372283,-0.2968381,-0.1544197
protein|CD44,-0.21981259,-0.33512828,0.24692664,0.061358284,0.5208377,-0.4934152,0.58706933,-0.24395972,0.51548535,0.24918152,0.13700332,0.45662466,-0.20746094,0.16833827,0.39722165
protein|CRTC2,0.29166746,-0.23796897,-0.33107877,-0.26144853,-0.08364546,-0.2284872,0.18660925,-0.06988386,-0.075756624,0.11967066,-0.3759324,0.078436516,-0.2500874,-0.11834522,0.12823442
protein|LAIR1,0.067691006,-0.8851324,0.69906753,0.027370036,0.0019979256,-0.38917372,0.6807404,0.06395194,0.34310916,-0.4140937,0.24494363,0.471077,-0.45265993,0.3020705,0.46326914
protein|FDFT1,-0.23501477,0.11184164,-0.3156487,0.44734728,0.048657842,-0.08226792,-0.27606618,0.12725441,0.015530571,0.47941256,0.099381745,0.48563924,0.13158357,-0.36771706,-0.55972534
protein|PDLIM7,-0.032371722,-0.014213971,0.26944926,0.026998797,-0.29590985,-0.03995363,0.24125317,0.5469444,-0.41328666,-0.21211636,-0.21594821,0.16050403,-0.17466682,-0.40154657,-0.27780014
protein|BLM,-0.27414864,-0.12508696,-0.12918057,0.3509801,0.21805608,0.39927876,-0.6787904,0.639837,-0.3197687,-0.10274465,-0.009659947,-0.073316135,0.160506,-0.19487426,-0.22915559
protein|SPTA1,-0.07083946,0.021973545,0.22500713,-0.011914503,-1.2789881,-0.4171877,0.13965413,-0.37733147,0.1709029,0.22721213,0.022237873,-0.23377635,-0.33706677,-0.2566924,-0.69778466
protein|SWAP70,0.040801343,0.4736723,-0.34842142,-0.29502162,0.4666155,0.20137274,-0.60432684,0.38922217,-0.89569277,0.62077487,-0.008650699,-0.14798798,-0.013369959,-0.20575415,-0.27384657
protein|TNC,0.06763631,-0.47156245,0.44148603,-0.145351,-0.089355305,-0.24786942,0.11710606,0.21533102,-0.0268727,-0.23595218,-0.29280776,-0.02871767,-0.7024733,-0.11145626,-0.14555869
protein|SLAMF7,0.16179992,-0.4499876,0.34752792,0.13786778,0.23853874,0.094556935,0.25041798,0.19630899,0.49144274,-0.49177676,0.618029,-0.04446025,0.36612657,0.63395,0.6638241
protein|FBXO4,-0.1103173,0.058471013,0.10317518,0.26936433,0.06865688,0.08210967,0.035326317,0.04222765,-0.07464233,0.09586287,-0.025728399,0.269921,-0.031296737,-0.32980356,0.28790578
protein|IGF2BP1,0.17071016,0.14907302,-0.2394145,-0.114174075,0.4626359,-0.0010467462,0.1371413,-0.07250525,-0.034338575,0.09562322,0.35293552,0.2870653,0.023570994,-0.13291731,-0.23240972
protein|THBS2,-0.056390718,-0.17419815,0.28987172,-0.12410584,-0.4328281,-0.64145696,0.33942437,-0.115824744,-0.19721131,0.3233202,-0.27805737,-0.057443094,-0.7288089,-0.5439188,-0.2741717
protein|FBLN5,0.18737149,0.04022758,0.599477,-0.051008757,-0.5792616,-0.3631683,-0.047586992,0.04590797,-0.31081116,-0.3022526,-0.6575105,-0.35396886,-0.55447906,-0.51851916,-0.53345555
protein|RING1,0.11331041,-0.71526796,0.061657537,-0.2926878,0.044652615,-0.31867224,0.63132155,-0.3973069,-0.11389075,-0.1501227,-0.48386902,0.72418076,-0.75612473,-0.104075275,0.14972085
protein|EPHX2,-0.13516122,-0.08671399,-0.24337912,0.3411106,-0.35838783,0.22919556,0.0042036227,0.3305047,0.008488614,-0.8375306,-0.37029946,0.4611804,0.2765628,-0.19115202,0.050044507
protein|TMEM119,0.4509395,-0.74751943,-0.22388008,-0.5356819,0.039153747,-0.5207393,0.008917425,0.08347654,-0.4570387,-0.3573588,-0.722244,0.4435724,-0.63046575,-0.41610986,0.34180072
protein|FKBP11,-0.06252979,0.34485772,0.22563893,0.6764446,-0.09794714,0.19893286,0.120134436,-0.20926352,0.30727205,-0.14906023,-0.113375776,0.37765804,0.05302508,-0.0367552,-0.2837198
protein|PTGIS,-0.23834796,-0.08420562,0.0062827724,-0.10024639,-0.19216712,-0.28653756,0.25753313,0.4406493,-0.5258916,0.20826983,-0.08040432,0.06456233,-0.5887822,-0.3600707,-0.28842583
protein|ALCAM,0.18055876,-0.17951615,-0.030165305,-0.45063302,0.17586158,-0.21552902,0.40353915,-0.25190613,-0.26668996,0.3816892,0.12922084,0.039313294,-0.17582136,-0.15312229,-0.109869614
protein|C7,0.065487325,-0.29658696,0.2520889,0.09703802,-1.2446189,-0.5704005,-0.118759856,-0.20818965,-0.11033088,0.12594554,-0.029806793,-0.34757203,-0.25864688,-0.23503353,-0.28476182
protein|ITGAV,-0.16082221,-0.28649592,0.5182077,-0.4096208,-0.041446976,-0.7623111,0.763414,-0.06483128,-0.10200545,0.17859693,-0.2466936,0.1375023,-0.71960384,-0.5141269,-0.4284189
protein|C4BPA,-0.28509885,0.13600866,0.25572252,0.10923457,-0.9188779,-0.6774925,0.28482902,-0.066666886,0.052166883,0.6003865,0.27514207,-0.5359098,-0.18458314,-0.6003037,-0.5077496
protein|LPCAT2,-0.43842152,-0.5883417,0.8241536,0.6655617,-0.13281782,0.13951428,-0.21566214,0.5177674,0.31089777,-0.29173887,0.64558107,-0.43454593,0.31879973,0.1562138,0.039923884
protein|C11ORF31,0.15705493,-0.35444158,-0.1744844,-0.0015711411,-0.1307481,-0.06269677,0.1918416,0.122468635,-0.1352237,-0.7644412,-0.20123616,0.70930076,0.15799874,0.30218652,1.0869112
protein|S100A10,-0.47165293,0.50416857,1.068892,-0.08401334,-0.37849128,0.05236687,0.3347455,0.3537056,0.21674456,0.17589773,0.0965849,0.022775408,0.26944992,0.058880873,0.23833722
protein|H3F3B,0.36271915,-0.23032184,-0.22847666,-0.08410322,-0.03940117,0.12933874,-0.24712156,-0.12157907,-0.47078377,-0.7312448,-0.49456844,0.22557066,0.10334749,0.17595817,0.8312194
protein|RB1,0.13239555,0.39453882,-0.22989777,0.35706142,0.34711435,0.12942603,-0.4992709,-0.39723375,0.2081583,0.5313167,0.013182112,0.045869328,0.26054853,0.17922252,-0.2754827
protein|ACADM,-0.010588957,0.5539672,-0.402088,0.18806149,0.13087311,0.8900928,-0.28081325,0.5203471,0.15716463,0.05444339,0.080070294,0.13795508,0.24269898,-0.08433519,-0.36751768
protein|EPHX1,-0.40427303,-0.3125823,0.47351006,0.6469106,-0.42493424,0.33270293,-0.19946675,0.7495932,0.23020916,-0.5809896,0.23381983,-0.18221182,0.25596365,-0.3586182,-0.6395445
protein|TBCE,-0.18124612,0.32595074,0.37366518,-0.038848415,-0.502876,-0.13495013,0.15626459,-0.11437466,0.10606722,0.21904442,0.03034482,-0.17114475,-0.040204074,-0.20710413,-0.40049314
protein|TCF20,0.2268504,0.06596791,-0.008078472,-0.038082168,0.44054657,0.2427808,0.2968383,-0.21170107,-0.05679917,0.19828029,-0.48302424,0.1884443,-0.2996661,-0.014823602,-0.15989742
protein|TCF4,0.14289816,0.071974464,-0.5872031,0.038634688,0.29326484,0.34654537,0.14025398,-0.5281445,0.38073274,0.21422273,-0.10580991,0.4944178,0.34483504,0.063342094,-0.24200676
protein|CP,-0.37620294,-0.18612316,0.41351888,0.1993096,-1.0204235,-0.87776256,0.2374291,-0.07103261,0.047890455,0.4757726,0.22255364,-0.53708345,-0.4564659,-0.5129357,-0.38035688
protein|PIAS1,0.4251002,-0.73214614,-0.21564487,-0.02384623,0.42338353,0.108262725,0.30383724,-0.5985602,0.42767042,-0.26358658,-0.06651442,0.45830148,-0.14212511,0.11878221,0.15875168
protein|A0A804F6T5,-0.08846632,-0.10005523,-0.11819696,0.13036701,0.10935488,0.22058827,-0.5455542,0.26356947,-0.20126632,-0.040845558,0.09970223,-0.009271399,0.30989763,-0.031107001,0.22583897
protein|CSTA,-0.12653494,-0.4017166,-0.27033013,-0.53383774,-0.056333974,-0.14116092,0.42987835,0.081355415,-0.074641466,-0.14607635,-0.18996637,0.30569026,0.031142376,0.24610205,0.51120806
protein|COBLL1,0.22138625,0.118729584,-0.6081691,-0.18651341,0.08786634,0.013407958,-0.07053178,0.016290313,0.09076319,-0.015683413,0.124485135,0.34119064,0.18204805,0.104602225,0.05281778
protein|EPB41L3,-0.12630346,-0.34375525,0.6017018,0.15914989,0.18811822,-0.2238578,-0.06187555,0.43154338,0.19146632,-0.45278546,0.25843266,-0.49191815,0.32548687,0.34871784,0.2125489
protein|HIST1H4A,0.28678948,-0.15009826,-0.326255,-0.15002412,-0.2580226,-0.14796318,0.043421153,-0.3565432,-0.3158016,-0.36367628,-0.24307516,0.76189774,0.18470082,0.058097314,0.84246314
protein|LAGE3,0.15782543,-0.3117241,0.37532237,-0.48187128,0.2711175,-0.34489715,0.6023968,-0.71321046,-0.10681017,-0.008451781,-0.63287896,0.42134774,-0.94898814,-0.26837963,0.05075511
protein|SP110,0.2330135,-0.25825107,0.024821136,-0.0437188,0.1581117,-0.080850594,0.25289243,-0.41152096,0.3739487,-0.4606951,-0.07452571,0.82341945,-0.14208919,0.22934261,0.5945098
protein|SCRN1,0.3358996,-0.30753812,-0.06662363,-0.5350999,-0.07467386,-0.17367408,0.12893292,-0.30696324,-0.32068226,-0.12143397,-0.48196515,0.15064895,-0.20402761,0.0047113714,0.13540976
protein|C8G,-0.26086745,-0.21440566,0.23579174,0.12990582,-1.0262246,-0.86678445,0.16049182,-0.06920095,-0.22597906,0.33438215,0.15634125,-0.51349515,-0.50273657,-0.58465195,-0.5524349
protein|EMILIN2,0.029364962,-0.5237247,0.65251136,0.01478896,0.06114392,-0.28652948,0.3239361,-0.19116117,0.608071,-0.12835346,0.09375632,-0.11605931,-0.27206716,0.52345806,0.07453699
protein|TUBB2A,0.19016139,0.27600938,0.2593596,-0.16340844,-0.0021203621,-0.0174223,0.09148941,-0.114724465,0.17427887,0.2928314,-0.18436426,0.22261706,-0.120063074,-0.45416835,-0.28875452
protein|FAM96B,-0.12855048,-0.23656152,-0.3338489,-0.123366185,-0.06087946,-0.22290275,0.5407423,-0.39766395,-0.097095236,0.33273578,0.24085155,-0.1413149,-0.2340245,0.024858305,-0.26489285
protein|SZRD1,0.40703556,-0.48921716,-0.34708324,-0.40493086,0.48923865,-0.23396535,0.42541048,-0.59045106,-0.07907267,-0.44933486,-0.3678848,0.9309202,-0.12807184,0.2503773,0.7336865
protein|APOB,-0.2911356,0.12423392,0.578189,0.26511076,-0.7852629,-0.5455116,0.24267855,-0.1621587,0.20167449,0.41559583,0.29483745,-0.28864527,-0.31934765,-0.5408557,-0.5555104
protein|MGMT,0.24982442,0.16676,-0.39500806,-0.3917717,0.019917807,0.05712575,0.029967856,0.17765279,-0.38624272,-0.09738786,-0.27671474,0.39490348,-0.06741943,0.04363102,0.37143448
protein|ASF1B,0.15563633,-0.026981711,-0.116132885,0.1996267,0.49305928,0.5106282,-0.38852933,-0.17744792,-0.10571121,0.7880677,-0.063815005,0.13360322,-0.060017068,-0.1964876,-0.8028382
protein|BANK1,-0.07471387,-0.080474116,-0.71575993,0.12776932,0.15040573,-0.077147536,-0.33852053,-0.053021774,-0.09962055,-0.05084345,-0.43183652,0.48678982,0.17457142,-0.16886616,-0.017068354
protein|HAUS8,0.08516032,-0.20756842,0.106104515,-0.32273355,0.1312991,-0.22005393,0.36193982,-0.60644925,0.08685651,-0.019849341,-0.37641943,0.41228768,-0.42618155,-0.05340359,-0.024320662
protein|CTSL,0.34689686,-0.6102659,0.270619,-0.3815758,0.35748714,-0.2463884,0.7570467,-0.40872994,0.34976205,-0.27738082,0.1148645,0.42752364,-0.56357855,0.34964553,0.3524691
protein|SOD1,0.56567264,-0.06386913,-0.5653321,-0.547342,0.31949565,0.07162634,0.5336307,-0.34709394,-0.055735435,-0.37322608,-0.33527887,0.55307955,0.026938075,0.46802583,0.5631716
protein|FAM213A,-0.39771658,-0.09794455,0.4333699,0.50527376,-0.15053697,0.4890006,-0.48226544,0.7891806,-0.03024982,-0.43299082,0.2736878,-0.11603923,0.36967707,-0.1593582,-0.21395655
protein|PLXNA1,0.0062056524,-0.3272566,-0.32973167,0.004850968,0.16436397,0.031503305,-0.17339602,0.05899175,-0.0052951653,0.23456976,0.13852261,0.48365724,-0.10038905,0.09004844,0.08545517
protein|CTPS2,0.1976518,0.49748302,-0.37194172,-0.110780545,0.20367676,0.16740751,-0.21254565,0.31885663,-0.65527606,0.5516311,0.10099142,-0.048730686,0.23156846,0.06066612,-0.30484727
protein|FUS,0.6133058,0.22806154,-0.6398191,-0.66676396,0.86644304,0.0130476495,0.52709746,-0.6424238,0.029721875,0.28200072,-0.4331067,0.65839994,-0.06138268,0.3740005,0.59268016
protein|H0YAY3,-0.33699605,-0.1572709,0.013882884,0.04620575,-0.015614586,-0.22300328,-0.33523157,0.71189255,-0.58269006,0.0893347,0.4821865,-0.19658288,0.28998628,-0.051585,-0.14418
protein|STOM,-0.62174207,-0.563231,0.66650355,0.5331482,-0.8621194,-0.27534643,0.023435302,0.29018512,0.38234347,-0.31211507,0.55512285,-0.6097843,-0.12091813,-0.20236641,-0.39135358
protein|DBI,0.22549078,-0.15347786,-0.474479,-0.5478284,0.2404005,0.16137846,0.23009579,0.22231892,-0.11617617,-0.36305904,0.064002454,-0.18266056,0.30747926,0.50863785,0.47889388
protein|RTN3,-0.19551328,-0.21096966,0.49829075,0.4252233,0.089417405,0.086434655,-0.1301822,0.2501268,0.13221692,-0.08076158,0.14992648,-0.25793043,-0.16347595,-0.3417419,-0.19284688
protein|HRG,-0.09148814,-0.33925152,0.339426,-0.07152934,-0.85012424,-0.7078412,0.620237,-0.25443596,0.060275607,0.4642228,0.10863516,-0.14583626,-0.52384895,-0.41389632,-0.42374778
protein|ASPN,-0.11036643,-0.118748136,0.6609096,-0.04470646,-0.20654719,-0.32583168,0.034295324,-0.13393578,-0.022835065,0.14280842,-0.3675209,0.048429742,-0.4600863,-0.48775515,-0.29354855
protein|UBE2F,0.122387946,-0.7128387,-0.13966729,0.025466619,0.38143846,-0.14992622,0.2519809,0.017941581,0.25554538,-0.9244022,-0.17362387,0.55804944,0.10954648,0.46089643,0.49343368
protein|METTL7A,-0.06655174,0.5150894,-0.15186165,0.30245188,-0.45243216,0.4159384,-0.49051696,0.63564557,-0.26380226,-0.47671887,-0.28346285,-0.30735463,0.21650678,-0.32532007,-0.44019493
protein|P51608,0.39922693,-0.666381,0.008611626,-0.4122383,-0.26487476,-0.1855073,0.3041654,-0.023257343,-0.24935174,-0.88734186,-0.6367947,0.46248475,-0.32042524,0.18383203,1.0000768
protein|SRSF2,0.6762722,-0.30478227,-0.675649,-0.6417874,0.606211,-0.14395088,0.7228457,-0.7489868,0.15719381,0.01946236,-0.2887832,0.88682336,-0.18249623,0.40615603,0.6894955
protein|YAF2,0.16200934,-0.3589527,-0.016177204,-0.22100133,0.35649973,0.079914436,-0.11084293,-0.41460004,0.07619116,-0.105627574,-0.38139543,0.45060113,-0.28353792,0.06165273,0.28732845
protein|TTR,0.12274629,0.085074075,0.3389708,-0.12861845,-0.6723524,-0.4630017,0.43396538,-0.121839195,0.0747186,0.36740753,0.056063645,-0.5690056,-0.22639607,-0.14896157,0.22325923
protein|ITPK1,0.39036897,-0.04938998,-0.34259698,0.108438894,0.42482036,0.15851115,0.010329087,-0.5244967,0.45957997,0.11819556,-0.038834073,0.67646945,0.14188063,0.09484666,0.14764337
protein|CD300A,-0.037557445,-0.41281998,0.7833073,0.29960975,-0.07069372,-0.41227165,0.44239148,-0.41737765,0.5459508,-0.36111096,0.031056464,0.31369913,-0.22536425,0.2250622,0.112110846
protein|OSTC,-0.3040394,0.5566005,0.18404841,0.62279904,-0.30730906,0.47299147,-0.5237404,0.5268519,0.1541712,-0.040742114,0.23517427,-0.3006965,0.26059458,-0.48544478,-0.22710235
protein|SNRPC,0.39202088,0.11776976,-0.6139304,-0.43440092,0.7090735,0.087594755,0.44005948,-0.6388525,-0.050669435,0.03980973,-0.23528631,0.6169744,0.017406723,0.40151876,0.6056564
protein|MRPS18B,0.099375196,0.12648904,-0.19111903,-0.19615422,0.6112121,0.103059754,0.51515186,-0.47057045,0.23031853,-0.04293306,-0.47540027,0.4759646,-0.31525776,0.055234,-0.23666193
protein|VPS52,-0.047759328,-0.13505049,0.020406507,0.35126573,-0.029865755,0.28686163,-0.7057209,0.7989864,-0.28102997,-0.09066811,0.25210378,-0.038001664,0.28613928,-0.3589645,-0.24605036
protein|SERPINH1,-0.49603328,-0.15520225,0.5614152,0.25795498,-0.17355102,-0.6012343,0.22562861,0.32637933,-0.19180778,0.42861626,0.09393878,0.077660844,-0.6186865,-0.79681045,-0.52224314
protein|RBCK1,-0.022994049,-0.85049844,0.2035434,-0.2696596,0.0057514245,-0.0213396,-0.13383089,-0.15907414,-0.16927075,-0.23733045,-0.38787225,0.5294465,-0.6139327,-0.31185517,-0.06602747
protein|MRM1,-0.17438875,-0.27804604,-0.6007428,0.30811366,0.5124914,0.15963486,-0.0020892487,0.11086725,0.24361572,0.19489498,0.11827524,0.34443322,0.21102047,0.019654961,-0.37072557
protein|TXNDC5,-0.06608298,0.4024565,0.14386736,0.16829336,-0.029706683,0.10839198,0.24665691,-0.051102813,0.20177838,-0.15648423,0.007889813,-0.03359776,0.12707125,0.053810764,0.11089795
protein|SH3BGRL3,0.2895085,-0.6985796,0.111333005,-0.25814876,0.120029464,-0.14421344,0.47113106,-0.099131346,0.017116077,-0.8017739,-0.13905348,0.37050733,0.0025009844,0.3622956,0.8894111
protein|HIGD2A,0.09730878,0.13952279,-0.1319814,0.5191842,0.29447997,0.22377993,-0.26557824,0.33302692,0.13309881,-0.054456547,-0.020978633,0.16864225,0.104209244,-0.22700971,-0.6613162
protein|CYBB,-0.27457356,-0.8170392,0.6651603,0.18640815,-0.14369792,0.1068614,0.027463809,0.78058934,0.19167973,-0.2985882,0.71000695,-0.22110096,-0.081302,0.100017615,0.041525334
protein|LGALS3BP,0.06192764,-0.37519747,0.50172246,-0.31031108,-0.117055975,-0.4746557,0.72764474,0.19591388,-0.054021783,0.012093643,0.13454437,-0.088902034,-0.54325664,-0.023366839,-0.08480792
protein|C5AR1,-0.23891269,-0.5529021,-0.027480448,-0.0600203,-0.45713237,-0.37077397,-0.25533223,0.62033147,-0.34799388,0.09171063,0.11803195,-0.037622128,-0.24067059,-0.48543522,-0.3386133
protein|HIST1H2BO,0.6904107,-0.5183185,-0.5156951,-0.39511406,-0.067971095,-0.16459471,0.236093,-0.57395875,-0.041550044,-0.41929013,-0.3851328,0.6457346,-0.0845629,0.29476267,0.8618389
protein|HSDL1,-0.054287195,0.19182715,-0.104668155,0.29195184,0.02031202,0.31537926,-0.33610877,0.5996773,-0.25472745,0.07333706,0.0305612,0.11587181,0.00065218756,-0.12178866,-0.6357243
protein|MYH14,-0.42247325,-0.18765326,0.21508825,0.3410501,-0.28243434,0.021749381,-0.2914826,0.776538,-0.4649441,-0.33888867,0.21286388,-0.23911807,0.24852204,-0.32053715,-0.12322917
protein|TSPO,-0.4163382,-0.3078599,0.18879609,0.31868768,-0.086744376,0.21599334,-0.076170474,1.0294702,0.17098543,-0.292943,0.54645795,-0.35176668,0.41668835,0.051831186,0.16581236
protein|SERPINF2,-0.03922522,-0.28565606,0.24089873,0.10926599,-0.7569857,-0.4712021,0.48190928,-0.1746695,0.4435955,0.48302975,0.28142804,-0.07914732,-0.22595935,-0.22748432,-0.1725227
protein|CD5,0.18922766,-0.95866513,0.20488279,-0.13947156,-0.08316899,-0.13344885,0.020241218,0.06991721,0.24623962,-0.8724536,-0.3120084,0.42087057,-0.21828252,0.1764275,0.6399094
protein|RAB13,-0.13809773,-0.44097313,0.39841247,0.11123001,-0.36735204,-0.14188604,0.038369343,0.42104274,0.025074743,-0.002283536,-0.17393768,0.06731939,-0.2816299,-0.46079153,-0.2509399
protein|UBE2D3,0.15104535,-0.13622017,-0.39132223,0.056898266,0.37270677,0.1197211,0.20640184,-0.41718915,-0.099880084,-0.19101301,-0.0062274374,0.57797915,0.09896129,0.18775974,0.28337076
protein|SDF2L1,0.16839261,-0.19757822,0.13197082,0.31295118,0.38946313,0.26331517,0.122114524,-0.12945743,0.35774183,-0.31920573,0.097124636,0.5495933,-0.16417639,-0.2466891,0.089981504
protein|ATP5I,-0.23478661,0.59167963,-0.26275495,0.3489789,-0.051314514,0.42085677,-0.25200352,0.64772946,0.09487071,-0.003642695,0.027667629,-0.25760794,0.36093995,-0.065242365,-0.5106424
protein|SLC25A5,-0.16968434,0.720832,-0.3429231,0.32713228,0.4534027,0.47332662,-0.4823839,0.5996134,0.016403165,0.2993078,0.06221473,-0.33208668,0.2955952,-0.12189476,-0.55219805
protein|RBP5,0.03245785,-0.13500048,0.07350261,0.14480564,0.023744948,-0.120705575,-0.59487224,0.4874657,-0.29725495,-0.54196906,-0.6905387,0.2179095,0.056736737,-0.16709355,0.017629636
protein|SERF2,0.58165103,-0.31832808,-0.76010615,-0.46134195,0.6278572,0.10959612,0.5563037,-0.61329556,0.11201967,0.07384832,-0.1782479,0.49900404,-0.28117973,0.23005237,0.49487838
protein|ACTB,0.33895618,-0.17066929,-0.35904044,-0.37276325,0.15654254,-0.03036614,0.046279214,0.49856836,-0.32960668,-0.5927944,0.04458359,-0.063182905,0.38049155,0.16051786,0.73786485
protein|ACE,-0.22538024,-0.49335027,0.8270811,0.5494729,0.09433802,0.1541093,0.106449224,0.3115676,0.26347673,-0.31895676,0.40331903,-0.0032465004,0.22089016,0.14109072,-0.021170596
protein|BLNK,0.2092399,-0.0084306905,-0.7228071,-0.14238904,0.43874413,0.2958207,0.2609469,-0.37387502,0.09411315,0.036940075,-0.1984978,0.5007192,0.22932707,0.2574265,-0.17562646
protein|SELENBP1,-0.14417747,-0.22691314,0.2097084,0.330685,-1.1230265,-0.21002011,0.09407223,0.050189313,0.08065626,-0.46069375,0.027156143,0.05182089,-0.004463214,-0.11587203,-0.62080944
protein|RAB29,-0.31830642,0.0469876,-0.13224821,0.49315557,0.2694385,0.16800047,-0.36493158,0.38534603,0.32186663,0.057061523,0.09089575,-0.12964137,0.47676337,-0.006172465,0.057388972
protein|PQBP1,0.49911714,0.1361378,-0.5027312,-0.40512854,0.6891277,-0.08913222,0.726913,-0.68704146,0.3256643,0.08788432,-0.30121088,0.56827414,-0.22828265,0.42193502,0.5818908
protein|TXNDC17,0.10276942,-0.08499002,-0.30544394,0.13149239,0.252645,0.3581753,-0.15705235,0.18255681,-0.14856428,-0.19439876,0.15405999,0.23154116,0.38098368,0.45350006,0.2589243
protein|TGFBI,-0.077245355,-0.48236814,0.82442945,0.08582338,-0.37430894,-0.20508228,-0.065033056,0.30686256,-0.035816975,-0.46064523,-0.19981328,-0.18870175,-0.56264305,-0.17837337,-0.23931222
protein|SERPINC1,-0.21255346,-0.02818422,0.18802282,-0.029559577,-1.0888414,-0.75816244,0.51686484,-0.010678496,-0.036492784,0.5738971,0.18718503,-0.54143375,-0.23384082,-0.32911658,-0.17649725
protein|UFM1,0.3567824,0.15182397,-0.22855265,-0.08267612,0.35359147,-0.22582535,0.6363105,-0.36445975,0.08035959,-0.36862704,0.18725948,0.6274561,0.47962043,0.61051345,0.5740031
protein|H0Y9Y3,-0.09812256,-0.19724116,0.5987919,-0.03800324,-0.45066568,-0.2015176,0.3201434,-0.04633679,-0.18062969,-0.30536488,-0.4638086,0.2060683,-0.39884222,-0.310925,-0.08751278
protein|TFEB,0.31712395,-0.45490074,-0.7391621,-0.23495387,0.28108987,0.08435166,0.13947113,-0.26349422,-0.07982614,0.018781498,-0.046660986,0.5473879,0.10774114,0.21268095,-0.0032796024
protein|GSTZ1,-0.029795427,0.5130119,-0.13500746,0.059930973,-0.15307878,0.15176426,0.016983623,0.067956336,0.06642853,-0.20860098,0.09692321,-0.040761538,0.34139347,-0.08781486,-0.28937596
protein|PSAT1,0.0271458,0.44450134,-0.081926085,0.42685014,0.21862355,0.38727164,-0.16385831,-0.23154251,0.3120649,0.3211322,0.27397066,0.19340551,0.08499041,-0.07345143,-0.57071555
protein|FGL2,-0.016179686,-0.3349303,0.7943926,-0.05831619,-0.29926783,-0.075035095,0.09313609,0.12406357,0.19691548,-0.562815,-0.018798731,-0.027879914,-0.34280023,0.2814864,0.34200883
protein|TYMS,-0.09517298,0.28619045,-0.35153824,0.37665957,0.37931344,0.17120971,-0.22939806,-0.48340666,0.16524075,0.71738684,0.24426584,0.67233527,0.084974684,0.04570237,-0.47872132
protein|APOE,0.1734235,-0.40415633,0.25294927,-0.11777477,-0.119144,-0.63068646,0.46965232,0.027742462,0.03888753,0.29708242,0.27392665,-0.33847764,-0.5918108,-0.2259896,-0.5140291
protein|CD22,0.16899347,-0.07937735,-0.59888047,-0.43219626,0.21793042,-0.26823267,-0.14665137,-0.09208029,-0.47121215,0.41236478,-0.21884413,0.12536992,-0.23044398,-0.33313805,-0.15078644
protein|ISLR,0.20184918,-0.2712135,0.24265006,-0.43807322,0.045788553,-0.65024006,0.52085334,-0.31719548,-0.4946958,-0.0450908,-0.24579503,0.2305143,-0.557579,-0.20212768,0.17309982
protein|DERL1,-0.04517541,-0.57431906,0.064549096,0.08279107,0.029436355,-0.3764279,0.3295398,0.033662688,0.27145195,-0.5068832,0.06812892,0.18596104,-0.4995285,-0.26375896,-0.5657605
protein|CPVL,-0.031602412,-0.34931928,0.93866986,0.3175597,-0.14877783,0.18860866,0.2610028,-0.06817204,0.41077608,-0.55160666,0.14894214,0.048845507,0.009513667,0.18902309,0.40753776
protein|M0QYT0,-0.09313358,0.45987853,-0.45505533,0.40425038,0.2618803,0.6377147,-0.38088575,0.7195666,0.12809013,-0.2177924,-0.046863973,0.103668615,0.40634817,-0.3382972,-0.59758866
protein|COL6A2,0.19753286,-0.46712667,0.8547001,-0.3390234,-0.16275418,-0.43787074,0.35100308,-0.115057364,-0.042303145,-0.2329585,-0.5193891,-0.12083287,-0.8839446,-0.038576707,-0.010096976
protein|RCSD1,0.44971645,-0.03900948,-0.4451693,-0.5274154,0.26221523,0.099388115,0.29506734,-0.36781153,-0.26492092,-0.30155024,-0.5889092,0.31109303,-0.25646064,0.21270381,0.5216356
protein|CD58,0.29635182,-0.4344733,-0.28600752,-0.3346805,-0.094428115,-0.4612478,0.42802203,-0.44356206,-0.10761925,0.09229964,0.21259008,0.38144946,-0.30121163,0.02639051,0.041051403
protein|NVL,0.13190596,-0.27593395,-0.14651275,-0.07168038,0.17205407,-0.05724047,0.12935494,-0.5075667,0.3845221,0.17887838,-0.23412046,0.39280114,-0.47371116,-0.34934726,-0.6475492
protein|SLC25A6,-0.3319095,0.6226179,-0.33537835,0.5950592,0.57755077,0.58099365,-0.5634013,0.73872364,0.09637816,0.21013837,0.12805362,-0.098158665,0.49096754,-0.21195796,-0.5361165
protein|MYDGF,-0.23029524,0.31493232,0.54226774,0.58931893,0.1065608,0.30676982,-0.31305745,0.3956164,0.12831794,-0.32443526,0.28138083,-0.5443882,0.19893022,-0.1472629,-0.19687043
protein|LMCD1,0.09814635,-0.017876724,0.6496979,-0.3569892,-0.26027521,-0.5286421,0.419987,0.05768292,-0.3285919,0.20522973,-0.2565419,0.22453523,-0.3260588,-0.3675635,-0.06979094
protein|Q5SRN5,0.10081792,-0.39736602,0.2374485,-0.22638163,-0.06933556,0.13129225,0.22918849,0.48727208,0.2111724,-0.13326418,0.18327063,0.18627776,0.011473468,0.21695079,0.34516877
protein|HDDC2,0.045819804,-0.39411062,-0.032237556,-0.45905894,-0.510711,-0.224573,0.027926331,-0.41904828,-0.3427431,0.12612772,-0.0506517,-0.254594,-0.4523412,0.015579012,-0.0945197
protein|YBX3,-0.0015764656,-0.19976684,0.2211966,-0.3157176,0.3046664,-0.2003298,0.72279966,-0.806389,0.21150903,0.113218166,-0.37265834,0.4864342,-0.49326453,0.1748068,0.18696912
protein|SYF2,0.0018462245,-0.36154354,-0.5246501,0.26834843,-0.51717424,-0.0057259174,-0.24537362,-0.10549647,-0.1808789,0.104705796,0.25889862,-0.1329423,0.062483385,0.012802097,0.047987495
protein|SMAP,0.4998532,-0.30411083,-0.6389148,-0.454722,0.48256844,-0.0037981018,0.28380606,-0.48478845,0.053397674,-0.3107629,-0.29258567,0.40094298,0.0150618795,0.35312656,0.54587895
protein|PDLIM3,-0.14883408,-0.38174015,0.07236886,-0.1684404,-0.3189673,-0.38382316,0.32015318,0.031485684,-0.44998267,-0.0017391815,-0.28795946,0.3884647,-0.62632006,-0.47895104,-0.3975852
protein|CLIP2,0.1293142,-0.23049808,-0.07502241,-0.27982804,-0.16637407,-0.34615687,0.11824532,0.08402937,-0.4316929,-0.005046861,0.15877214,0.092280105,-0.15999244,-0.060022753,0.05966656
protein|SLC1A5,-0.20551151,-0.12090551,0.06220536,0.28167036,0.09416809,-0.12269167,-0.067682825,-0.46707112,0.21183941,0.68847924,-0.008030893,-0.07283543,-0.5752726,-0.3355795,-0.60895
protein|BCL11A,0.119974226,0.013230032,-0.56643957,-0.21078168,-0.091383025,-0.15998602,0.0998957,-0.67236865,-0.33679703,0.35250002,-0.58476603,0.63658684,-0.2487109,0.024102563,-0.16982375
protein|FUCA1,-0.04856521,0.00830871,-0.2514684,0.33800867,-0.17506987,0.24756993,-0.64780724,0.27373773,-0.29233694,-0.2635103,-0.27339587,0.37060538,0.2719726,-0.3700461,-0.29549268
protein|A2M,-0.19610569,0.3164242,0.5678248,0.29883343,-0.75149024,-0.5351561,0.13486916,-0.087408915,-0.014422829,0.47909173,0.14837717,-0.42975172,-0.39527574,-0.61745465,-0.52865905
protein|MRPL34,0.32871065,-0.1715129,-0.6425015,-0.4298387,0.41168475,-0.07739003,0.7201259,-0.3928143,0.2805354,-0.011329363,-0.27864423,0.6614949,-0.07249256,0.38496962,0.26544127
protein|TAP2,0.028155414,-0.24600075,0.104125716,0.12700815,0.12943606,0.24029678,-0.40488356,0.1560955,-0.10527002,-0.0667006,-0.022305284,0.019300826,0.39856237,0.23672807,0.033430148
protein|DNASE2,0.24769087,-0.6292629,0.13154179,-0.0052276934,0.5139401,-0.19752893,0.6090619,-0.1948962,0.40691045,-0.57184273,0.18441881,0.5826719,-0.26128975,0.36268258,0.50346774
protein|GLRX,0.0397023,-0.22106923,0.1477303,0.21522376,0.22087575,-0.37723956,0.42501283,0.23064601,0.06292874,-0.32752642,0.30510554,0.44343236,0.17683561,0.52896357,0.6331435
protein|RFTN1,0.24803142,0.10516802,-0.12986171,-0.53256387,0.33042207,0.10064453,-0.30986634,0.32752818,-0.869768,0.27466527,-0.11973762,0.01898827,-0.26196507,-0.3211701,-0.1681139
protein|IGHD,0.09550614,-0.026933286,-0.25174153,-0.092341535,-0.23189098,-0.22436434,0.41741422,-0.22983272,-0.059224356,0.20141116,-0.16422991,0.15091816,-0.30646342,-0.30477133,-0.28307477
protein|CIRBP,0.31568018,-0.024574894,-0.39626503,-0.70779324,0.24706979,0.090858415,0.31507555,-0.4870505,-0.22685122,0.15059821,-0.4401209,0.6611392,-0.14356369,0.38462994,0.505104
protein|SPG20,-0.053112812,-0.57161105,0.8789835,0.059220478,0.2510179,-0.30977497,0.2901672,-0.07168684,0.11253363,-0.2847361,-0.24411656,0.34310865,-0.21192244,-0.07865928,0.27766335
protein|PRKCDBP,-0.061640393,-0.500958,0.23864824,-0.124714434,-0.2608655,-0.2126291,0.31949845,-0.08471464,0.0011579113,0.03239401,-0.4015036,0.36574423,-0.4538876,-0.32047117,-0.19509795
protein|HIST1H3A,0.40988347,0.009578255,-0.3412801,-0.18271358,-0.16691168,0.10037784,-0.39879474,-0.26149806,-0.3425008,-0.28398883,-0.27199048,0.13031891,0.20461798,0.068180904,0.6158879
protein|LACTB,-0.4952813,-0.16186441,0.42576602,0.3328548,0.082521625,0.44797543,-0.13722785,0.914966,0.47480315,-0.24664994,0.5448005,-0.29944742,0.21573669,-0.046671793,-0.37247172
protein|ABRACL,0.03029694,-0.16528013,0.010121719,0.33012277,-0.3091319,-0.2609877,-0.062568195,0.18505782,-0.00053101964,0.18211415,0.39637023,0.02218148,0.05809163,0.06329031,-0.040673647
protein|DHFR,0.19119222,0.29320827,-0.32507133,0.1617453,0.45627612,0.33493286,-0.34564564,-0.3649249,-0.1834003,0.6659254,0.28184342,0.09221905,0.2699754,-0.06273228,-0.54051304
protein|ICAM2,0.22455074,-0.18019019,-0.3102668,-0.12936297,-0.17713398,-0.1701838,0.0849826,-0.42286363,0.26574174,-0.027136642,0.09250381,0.09014045,0.07498038,0.19390595,0.008220253
protein|LTBP1,0.05761277,-0.14062272,0.21947187,-0.29936144,-0.37015158,-0.6340623,0.5320928,-0.047019094,-0.13855623,0.09525139,-0.32566845,0.028151073,-0.7508269,-0.36276224,-0.3759195
protein|GSTK1,-0.27850476,0.2813993,0.15705414,0.1279639,-0.06392134,0.55331916,-0.23438135,1.0816185,-0.005956554,-0.45654917,0.12921946,-0.39332774,0.41772035,-0.10073025,-0.2095311
protein|FBN3,0.06943319,-0.3513371,0.41915026,-0.6061332,-0.29149097,-0.43978,0.38343322,-0.065120496,-0.18812144,0.003577379,-0.4384557,0.057973824,-0.8639193,-0.21422738,-0.18453342
protein|APOH,-0.051046718,-0.051437337,0.28453204,-0.18255363,-0.51369125,-0.8084278,0.6776845,-0.09369743,-0.14937367,0.62545574,-0.03396658,-0.2766157,-0.564653,-0.46499357,-0.20035815
protein|LAMP2,0.23609093,-0.39366156,0.21918178,-0.2637869,0.3215145,-0.3681598,0.72198915,-0.03949751,0.2969666,-0.11503911,0.19019729,0.6715904,-0.24554536,0.26613513,0.4692981
protein|EWSR1,0.41410938,0.008530981,-0.3285337,-0.6978716,0.426904,0.01569071,0.6976589,-0.385747,-0.0122297285,-0.03439416,-0.24893431,0.46809337,-0.018879598,0.23805527,0.817231
protein|HSPA1L,0.0038511353,0.8477402,-0.097402036,-0.016953275,0.47926876,0.4615733,-0.2760564,0.29564434,-0.050141506,0.3189233,0.12576294,-0.30276883,0.40188047,0.27836034,0.35208815
protein|CYP51A1,-0.24266766,0.43572712,-0.2218785,0.29798287,0.28585085,0.20971946,-0.20935139,-0.06643354,0.020857945,0.32787547,0.20918854,0.14428551,0.23468865,-0.2682109,-0.59611475
protein|PRDX3,-0.48335034,0.15563607,-0.01972095,0.48194113,0.25356,0.4443558,-0.13802958,0.6705126,0.21769203,-0.027854642,0.18582548,0.12714885,0.08927193,-0.35680756,-0.8026736
protein|EVPL,-0.55883014,-0.36766535,0.27068064,0.05349038,-0.10320501,0.017678766,-0.059252348,-0.06679808,0.25648594,0.07463782,0.024888191,-0.15984079,-0.046379354,-0.09624923,-0.24992529
protein|BPGM,-0.10474492,-0.10825671,0.05034128,0.19440511,-0.83045876,-0.39229763,0.12517016,-0.23226191,0.10605349,0.044779565,0.2350356,-0.30745995,-0.049217623,0.092111096,-0.31039336
protein|CYP27A1,-0.41079238,-0.4461432,0.2601876,0.35570702,0.04135894,0.32067305,0.0136553515,0.6854481,0.19277321,-0.045693606,0.29979232,0.2038685,-0.13873719,-0.2244669,-0.43869287
protein|SGPL1,-0.36305293,-0.028583907,0.39108026,0.5931339,0.11290749,0.37867045,-0.7874453,0.86249906,-0.19862227,-0.42627865,-0.004499714,-0.14518926,0.37993422,-0.23589537,-0.13126117
protein|MPP1,0.022845715,-0.14728421,0.37736124,0.32886243,-0.7114854,-0.071596354,-0.2858333,0.24111609,0.15658939,0.016054153,0.52853465,-0.73234296,0.07437482,-0.04401179,-0.3477035
protein|HADH,-0.13232921,0.7703249,-0.6506404,0.28074458,0.25934643,0.7594754,-0.32130444,0.44240227,0.011394405,0.16021384,-0.15890504,-0.1289651,0.43989235,-0.3329182,-0.6667551
protein|NARS2,-0.23612855,0.27292138,-0.15104042,0.008100557,0.52403826,0.35661957,0.059811898,0.026991745,0.0032088957,0.08345436,-0.4384994,0.17147999,-0.18540816,-0.29764232,-0.6393332
protein|KIF2C,-0.15154715,0.054003276,-0.28557456,0.31989273,0.5072192,0.100408666,-0.24200642,-0.18963738,0.1679075,0.90945256,-0.028555267,0.23464225,-0.16395529,-0.10904798,-0.54170173
protein|IFI30,0.21081717,-0.6484005,0.16661279,-0.10597532,0.21716632,-0.252832,0.4383585,-0.2937284,0.15667649,-0.28628063,0.026422568,0.6144745,-0.4019583,0.027675401,0.16013181
protein|TMA16,0.44035578,0.262263,-0.4144994,-0.07369844,0.58141524,0.38392437,0.26061785,-0.6873406,0.20137857,0.1739375,-0.18594567,0.63469213,0.11046518,0.30158788,0.4589365
protein|GPATCH4,0.39845905,0.07194214,-0.38899574,-0.24107987,0.6045064,0.22098401,0.3714575,-0.74026644,0.3284822,0.35774058,-0.1747188,0.41916177,-0.4349568,-0.06933305,-0.0005358015
protein|GRID2,0.012925417,0.044044282,-0.3906382,0.34560925,-0.38232252,0.09313352,-0.78354853,0.33801532,-0.3387021,-0.14157975,0.10612122,-0.33670318,0.2836483,-0.0072221938,-0.11276271
protein|SAP30BP,0.5198347,-0.41231683,-0.53829956,-0.5853397,0.4844112,0.048489142,0.68586767,-0.68255365,0.29543832,-0.03881487,-0.27863765,0.66491044,-0.26332286,0.19671226,0.18962382
protein|GNG12,-0.22703609,-0.3322118,0.40815777,0.012328268,-0.4587647,-0.04906314,0.5554887,0.07326547,-0.32641903,-0.40894306,-0.4750441,0.28324795,-0.28163892,-0.62415063,-0.35941172
protein|TGM2,-0.36439553,-0.37146315,0.8775078,0.5195797,-0.32189113,-0.17117946,0.09799598,0.7284057,0.18714018,-0.5262734,0.26360717,-0.38475576,0.027616827,-0.054574408,-0.014442285
protein|MRPL3,-0.064630374,0.24419229,-0.45165196,0.30504957,0.5683831,0.2877776,0.014322572,0.023602508,0.22443898,0.24350521,-0.19526424,0.7324337,0.36088422,0.052679233,0.03982873
protein|UBQLN4,0.06027764,-0.66628134,0.3224413,-0.30679777,0.046393204,-0.42302582,0.535828,-0.4374622,-0.047057603,-0.09679535,-0.5528125,0.58593625,-0.7541719,-0.22984925,-0.09252055
protein|HK2,-0.37406722,0.026040899,0.024092741,0.42515016,0.13202912,-0.23957649,0.14387056,0.21820414,0.45091748,0.3330722,0.1003616,0.18283209,-0.11639217,0.10897929,-0.40838274
protein|EVL,0.26354104,-0.68931955,0.119439065,-0.21039878,0.017807221,0.114402786,-0.09795767,0.32788226,-0.13987127,-1.0937213,-0.2570407,0.37627012,-0.13007808,0.22712417,0.96396345
protein|UPP1,-0.32315964,-0.5968346,0.32762697,0.25241545,0.15480942,-0.31581253,-0.094849624,0.28174973,-0.14989811,0.00047069907,0.3816514,-0.10923129,-0.11456349,0.008316824,0.027964618
protein|COX6C,-0.16998489,0.10653764,-0.13128707,0.2919618,0.043260224,0.44301105,0.008633148,0.6756307,0.06690859,-0.2260041,0.17953174,0.038386032,0.6013771,-0.078343116,-0.5312381
protein|C3,-0.26326868,0.04574568,0.52033454,0.108883575,-0.8512345,-0.6940925,0.15306318,0.20903976,-0.17058548,0.4868403,0.009188854,-0.636675,-0.50646085,-0.737893,-0.5558665
protein|NPEPL1,0.034370173,-0.45989567,0.42118603,-0.36846346,-0.06539064,-0.27406317,0.55459005,-0.036651142,0.08397473,-0.06408684,-0.45644236,-0.0025896886,-0.44090414,-0.1853652,-0.023732403
protein|CPM,0.0718253,-0.5367869,0.7147699,0.2060297,-0.15923533,-0.052039582,0.050678566,0.41424218,0.21609877,-0.3098727,0.5333149,0.12788542,-0.13466132,0.20879942,0.22493067
protein|TSPAN10,-0.2313372,-0.1754088,-0.15395018,0.2544504,0.2255089,0.4016258,-0.59470433,-0.24716552,0.028307108,0.14778586,-0.09795402,0.28679925,0.07026728,-0.13315775,0.008526836
protein|DAXX,0.4655976,0.02537707,-0.80230737,-0.41484916,0.5824171,-0.006728203,0.35185573,-0.31855842,0.17775871,-0.0011014265,-0.24377468,0.5549117,0.12955758,0.4909665,0.5492497
protein|EZR,0.1028001,0.28779146,-0.41493693,-0.069923125,0.17887112,0.55949,-0.69827086,0.46833107,-0.68652,-0.14825492,-0.16539799,-0.067260824,0.335044,-0.11349862,0.032957725
protein|WDHD1,0.06856022,0.47082248,-0.30426916,0.11932238,0.42410773,0.2770137,-0.44248903,-0.56103146,0.16015525,0.8618563,0.15386319,-0.1335229,-0.052266188,-0.02263236,-0.48544058
protein|ASNS,0.023815362,0.5347071,-0.23079082,0.4874596,0.3629602,0.23923473,-0.30967203,-0.07693433,-0.038483668,0.6187285,0.14390181,0.115498714,0.1202719,-0.12997513,-0.655358
protein|ELP4,0.45955563,-0.20464389,-0.15675825,-0.06864193,0.24637942,-0.017512403,0.032030594,-0.80641973,-0.011157632,-0.10964083,-0.42360345,0.2994812,-0.110227205,-0.15457167,-0.28886446
protein|RPL36AL,0.40054435,-0.3969693,-0.30709937,-0.20255485,0.32286927,0.04997753,0.27144355,-0.64007235,0.27220914,-0.25066224,-0.27064246,0.8231514,-0.20787217,0.45386928,0.70065945
protein|CLPTM1,-0.28862032,-0.39579234,0.10290478,-0.16376036,-0.05444591,-0.14280425,0.18079183,0.06942833,0.20508946,0.14535408,-0.23604673,0.279475,-0.4148657,-0.14905293,-0.42076197
protein|FAM126A,-0.056137867,0.3541394,-0.11872498,0.1498087,-0.10812411,0.13130714,-0.45206997,0.50372225,-0.5057085,0.0658297,0.37970385,-0.37163994,0.20329013,-0.21500592,-0.38648593
protein|SUMO2,0.4665907,-0.020469181,-0.5481349,-0.57337004,0.5508768,0.08105916,0.5395321,-0.4282424,0.22698507,-0.17722061,-0.14075243,0.28622407,0.28870234,0.53510743,0.8533185
protein|MBD1,0.49809217,-0.40684155,-0.12926912,-0.34250653,0.20634554,0.028318923,0.45381358,-0.61190486,0.10891191,-0.019551488,-0.5283199,0.62692076,-0.2700396,0.107779145,0.2068232
protein|GALNT2,-0.060102098,0.071655646,-0.05734963,0.15253517,0.09780671,0.09618146,0.23509635,0.10761454,0.13316299,0.25623846,-0.049902305,0.1943741,-0.15923963,-0.05724401,-0.5178495
protein|ACSL1,-0.42016885,0.018041909,0.5479488,0.38943607,0.017581526,0.28888434,0.079149954,0.68921,0.5566184,-0.120581426,0.6186019,-0.39896742,0.15329397,-0.076074935,-0.63007855
protein|AFM,0.22409347,-0.15565608,0.28256723,-0.13751465,-0.31214476,-0.46102732,0.3929415,-0.2557268,0.07126258,0.21075878,0.19169404,-0.15149197,-0.23946583,-0.28103986,-0.2419105
protein|GYS1,-0.29694402,0.029444039,0.05830298,0.029315576,-0.15064183,-0.08779985,0.12684067,0.38082775,0.17678538,0.14011787,0.28512028,0.07549683,0.2769539,0.15452115,0.1503514
protein|RNPS1,0.63568443,0.065209664,-0.65517676,-0.5078411,0.4233954,0.080691084,0.42240423,-0.54200816,0.26960385,0.16305149,-0.24674383,0.5180176,0.06291217,0.4681113,0.676932
protein|SUB1,0.13585594,-0.42802843,0.16976191,0.20939204,0.06825599,-0.22067639,0.30268955,-0.39446178,0.45910048,-0.7843854,-0.18436782,0.51511014,-0.056897033,0.35505667,0.7682765
protein|NDUFB5,-0.4501161,0.21070999,0.18671179,0.48607686,0.17274007,0.61881375,-0.7195987,0.77649283,0.013550749,-0.20650372,0.016342282,0.0011516561,0.22735567,-0.3733241,-0.6557941
protein|MIEN1,0.11147078,-0.32090712,-0.23535815,-0.24965562,0.24781251,-0.100698955,0.5520833,-0.09500975,-0.2353042,-0.31386012,-0.02097119,0.3372282,-0.16006918,-0.059966218,0.013494721
protein|LPCAT3,-0.28840047,-0.08277083,0.032920036,0.48121342,0.014305804,0.5626177,-0.6086531,0.7868914,-0.029333849,-0.35536295,0.24255618,-0.4344263,0.4118287,0.003053455,-0.36893633
protein|ANPEP,-0.51266086,-0.37460643,0.5419383,0.29705492,-0.33738104,-0.26722467,0.4621956,0.03341725,0.06518442,0.09721577,0.31738138,0.07851612,-0.14256005,-0.42906448,-0.40358853
protein|ANKRD28,0.05870842,-0.20912911,0.24784732,0.47179592,-0.18227963,0.20884207,-0.53034544,0.40263718,0.06991906,0.019344237,0.45948616,-0.26530862,0.23478788,0.10080443,-0.32997432
protein|TNXB,-0.17247777,-0.14628538,0.64155453,-0.33092964,-0.29336178,-0.12145212,0.37493107,-0.61931556,-0.26420557,-0.3510908,-0.6123759,0.17228916,-0.5164021,-0.15662186,-0.15922403
protein|CYCS,0.068992026,0.43224183,-0.018709285,0.3802986,0.4580734,0.6061932,0.0661652,0.16769056,0.09332711,-0.17358421,0.15438296,0.28514224,0.47394845,0.1949778,-0.4206123
protein|KIFC1,0.59006435,0.11073423,-0.5270253,-0.2238233,0.6845607,-0.06967032,0.3026053,-0.4485074,-0.057173368,0.47347817,-0.20676099,0.5068837,-0.090930395,-0.051586058,-0.12009845
protein|GCC2,-0.17791423,-0.051652625,-0.054616425,0.02941265,0.03318973,0.15996575,-0.40950015,0.14513648,0.058644388,0.25111005,-0.11332107,-0.12281501,0.022395633,-0.15183063,-0.08047891
protein|ITGAX,-0.19416232,-0.77600247,0.09697126,0.037493296,-0.031063719,-0.14364433,-0.2244405,0.64939564,-0.2927775,-0.07564988,0.045919135,0.029927213,-0.128208,-0.26729807,0.13519219
protein|GM2A,0.024659699,-0.23452868,0.21741109,0.26466054,0.30073363,0.28563243,0.29055524,0.18603988,0.5763195,-0.35306868,0.6961237,0.43434358,0.19109976,0.45430055,0.42156485
protein|LIME1,0.15795767,-0.42590123,0.36091942,-0.061962537,0.20573768,-0.44575772,0.29864046,-0.3712441,0.081508204,-0.5243707,-0.31577662,0.3207435,-0.22447146,0.09685169,0.053466026
protein|CACYBP,0.010402382,0.38689008,-0.2289812,0.26036438,0.52491796,0.5341847,-0.7318763,0.19942537,0.09732021,0.41430932,0.08493852,-0.2858637,0.49304095,0.11693581,-0.25570858
protein|FCGRT,-0.25032544,0.09764717,0.5971304,0.24321337,-0.2932002,0.1380631,0.1147267,0.0917403,0.46045622,-0.39832553,0.4077035,-0.0088319285,-0.038082227,-0.07309615,-0.37280962
protein|UBE2L3,0.34187144,-0.10155165,-0.52630717,-0.24112158,0.4828042,-0.047688864,0.3896908,-0.26341653,-0.04377378,-0.30540514,-0.062238317,0.7211293,0.118953526,0.41023248,0.78123164
protein|TIMM8A,0.00979797,0.18323277,-0.45412427,-0.060431555,0.41938722,-0.13565068,0.42443928,-0.06557812,0.20575504,-0.0906276,-0.010346736,0.48050278,0.12938014,0.020339087,-0.2269356
protein|PLGRKT,-0.32161063,0.015438504,-0.047072485,0.47470516,0.03892535,-0.09250323,-0.21603413,0.40481567,0.21286553,0.31939024,0.5231644,-0.24946575,0.1942385,-0.18059212,-0.23802677
protein|FSCN1,-0.15884347,-0.35412067,-0.1121752,0.006768562,-0.07769606,-0.3092655,-0.36630183,0.540852,-0.50866956,0.126647,-0.07524345,0.05129469,0.042011146,-0.46688095,-0.13106255
protein|MARCKS,0.3088867,-0.27712896,0.14770469,-0.26031077,0.3108443,-0.34360433,0.5452787,-0.421612,0.3617019,-0.124826126,-0.04237813,0.538454,-0.21025543,0.06889658,0.50632924
protein|H0YKJ4,-0.11502105,-0.5118841,0.36284733,-0.08067393,-0.56815225,-0.1798289,0.21970548,-0.077197164,0.013007138,-0.4100555,-0.43444586,0.25592405,-0.38841945,-0.5237197,-0.6426546
protein|PIP4K2B,0.19099812,0.13449253,0.44582587,-0.35622516,0.033872448,-0.10998157,-0.028375762,0.1387449,-0.7182976,-0.06977567,-0.18472116,-0.111816816,-0.32635504,-0.015376588,0.6165351
protein|CAT,0.067486316,-0.20996676,0.05447654,-0.03741199,-1.1288164,-0.5223368,0.40500906,-0.3591483,0.20014039,-0.1666487,0.08163383,-0.026007634,-0.16460416,0.030090954,-0.37757707
protein|CDC2,0.071325794,0.26384062,-0.30799976,0.24889858,0.8159009,0.08085318,-0.33457667,-0.417023,0.102379866,1.0450147,0.07770354,0.11783965,0.07501279,-0.20743804,-0.56673175
protein|UBE4A,-0.13645513,-0.15835933,0.08873578,0.22598736,0.65745443,-0.17461583,0.079143256,0.0078972755,0.36805218,0.17880377,0.19264516,0.45044827,-0.00789709,0.06930029,-0.18857855
protein|GLS,-0.27836958,0.54732853,-0.38572785,0.4299969,0.5288028,0.40747112,-0.37321827,0.3280209,0.13914603,0.4407852,0.05633675,0.21030495,0.15312028,-0.037241884,-0.13929749
protein|MAPRE2,0.3342567,0.098698124,-0.48831552,-0.06868847,0.17646597,0.44571975,-0.0022008165,-0.27245826,-0.23016612,0.09536967,-0.26663676,0.41647506,0.2899934,0.33072978,0.109524265
protein|SRM,-0.04737451,0.32734016,-0.27177837,0.46073645,0.46381265,0.019983739,-0.27166444,-0.18755744,0.24797192,0.39112458,0.0624878,-0.043146294,0.19335507,0.006709943,-0.48915192
protein|OAT,-0.3239471,-0.06423858,0.11653998,0.21971197,0.31455937,0.1856074,-0.07224319,0.2971275,-0.08666825,0.23350881,-0.005133561,0.15871285,-0.19884966,-0.15523693,-0.39065677
protein|OPLAH,-0.13639,-0.45110235,-0.12007853,0.34278402,0.461347,-0.15066132,0.020638224,0.1853438,0.1409449,-0.038908157,0.10423729,-0.0799277,0.04495289,-0.06747729,-0.3967593
protein|KNG1,0.033521675,0.09381366,0.2158351,-0.18476056,-0.7579163,-0.74212253,0.5817357,-0.11432822,0.10835398,0.65163356,0.1924122,-0.5225527,-0.4763109,-0.27530327,-0.1343258
protein|CD7,0.13017528,-0.71742743,0.4288844,-0.08153261,-0.07149965,-0.15982427,0.15519343,0.30317262,0.24820012,-0.82149094,-0.257191,0.32994083,-0.109380245,0.059663307,0.6506331
protein|CBX5,0.4802197,0.34275925,-0.58463866,-0.3041669,0.2297903,0.35694602,-0.42543942,-0.23463945,-0.324638,0.60141855,-0.2524865,0.12096781,0.067907356,-0.14210448,0.094557144
protein|RPLP1,0.22980082,0.5421199,-0.23331414,-0.063259065,0.60690635,-0.016988302,0.15399848,-0.34235635,0.38378784,0.10117678,0.16778322,0.23558508,0.43264422,0.4355398,0.44054407
protein|TUBB4A,-0.123889945,-0.25945672,-0.10320616,0.067269936,0.40303716,-0.037887637,-0.33073294,-0.025903415,0.6828368,0.24096562,0.008045763,-0.07953356,0.1674268,-0.078718774,0.03454785
protein|VCAM1,0.23502314,-0.65574354,0.01033259,0.119191185,-0.33246568,-0.1587017,-0.20742686,0.15627006,-0.017345227,-0.4472352,-0.28727517,0.075179465,-0.23651874,-0.09844034,0.31681842
protein|STX11,-0.10527125,-0.8694824,0.6500032,0.35622758,0.14614008,0.08574753,-0.35564303,0.45234156,0.13588491,-0.42963672,0.456006,-0.35068014,-0.057553705,0.26368088,0.27787948
protein|PTGDS,0.17059986,-0.5299921,-0.15621525,-0.30690545,-0.34966013,-0.24673334,0.08224125,0.35136575,-0.07560443,0.06760313,-0.00322393,-0.18038706,-0.3542075,0.13058014,-0.017631708
protein|NIPSNAP1,-0.2692492,0.14758503,-0.17093568,0.14658023,0.1413939,0.44677064,0.018121345,0.383564,0.18005413,-0.35862765,-0.24682522,0.20491189,0.22915104,-0.08593121,-0.16162768
protein|COTL1,-0.2055072,-0.42284456,0.22877732,0.20140508,-0.040017184,0.21803465,-0.64030546,0.8748804,-0.27875304,-0.7888678,0.030384064,-0.14192565,0.3151883,0.1891625,0.759755
protein|NT5C3A,0.01551726,-0.16195895,0.07546269,-0.41829726,0.33408603,0.04766963,0.23885062,-0.5100995,-0.23989846,-0.23573603,-0.45774266,0.030597767,-0.25740796,-0.03611046,0.051132217
protein|EHD3,0.017336631,-0.020017758,-0.36571413,0.2586257,-0.15275839,-0.050211016,-0.2734715,0.16760947,-0.17931804,-0.011721667,-0.0060719354,0.12232664,0.17233244,-0.1290365,-0.3377025
protein|INTS3,-0.1219059,-0.053472128,-0.16249363,0.06097238,-0.029031048,-0.08237387,-0.029429752,-0.377744,0.08277578,-0.12404315,-0.29445228,0.33672258,0.00827227,-0.11280353,-0.1699105
protein|FOXP1,0.20182988,0.00509302,-0.58198225,0.05208841,0.2126278,0.28119302,-0.16394456,-0.43112573,0.27470222,0.19159712,-0.26922446,0.43485096,0.14336535,0.032938782,-0.16126674
protein|S100A6,-0.7100901,-0.31518808,0.6085552,-0.01772345,-0.60168344,-0.38309655,0.52258056,0.14172095,-0.079630874,-0.26110932,0.18718693,0.13959403,0.23846577,0.09979932,0.019946264
protein|ACOX1,-0.3974015,0.14146852,-0.29773635,0.3768014,0.11786988,0.4138113,-0.13793355,0.5006812,0.35660562,-0.086367235,0.034022767,-0.013646537,0.08275304,-0.3683386,-1.0609623
protein|PTAFR,-0.029004531,-0.46547514,0.15562537,0.25107938,-0.0032202564,-0.18678059,-0.03901154,0.41263217,0.034229305,-0.14715843,0.41548613,-0.08826224,0.23793377,0.03573822,-0.12052406
protein|ZC3H4,0.3335762,-0.37324506,-0.29292694,-0.43175995,0.44078815,-0.09821923,0.56689715,-0.7393383,-0.03307454,-0.17864877,-0.42782384,0.7919544,-0.32175747,0.18683122,0.36337265
protein|AGT,-0.1114099,0.12203278,0.17789143,0.033486232,-0.87785643,-0.6239189,0.15419859,-0.1499718,-0.06315757,0.53685427,0.26098666,-0.5702988,-0.25252402,-0.32031736,-0.3257576
protein|TOR1A,-0.38896692,-0.3509999,0.11265005,0.2339534,-0.1985346,-0.014138029,-0.092022814,0.11116305,0.08045657,-0.06206733,0.009294287,0.21246557,-0.065694116,-0.27874348,-0.20162916
protein|MYO1E,-0.00891587,0.414413,-0.17859651,-0.046924073,0.075302124,0.4511475,-0.39487046,0.46739992,-0.3979771,0.23051704,0.12356638,-0.11183001,-0.01417247,-0.262713,-0.32088348
protein|ISG15,0.035218358,-0.22793692,0.23769356,0.14018668,-0.09661367,0.03465974,-0.10417795,0.09392706,0.21641633,-0.25574934,0.119567,0.029985895,0.08678827,0.28514066,-0.044442195
protein|TMUB1,0.011768921,0.042935725,0.1532815,-0.08948853,0.24000265,-0.019694086,0.55053353,-0.4361322,0.01898859,-0.44310167,-0.24052954,0.52934086,-0.123950355,-0.23275256,-0.42216602
protein|P08133,-0.3072643,-0.18404321,0.4167534,0.43558097,-0.4895663,0.1753188,-0.4962268,0.6668363,-0.12814102,-0.5795557,0.07975935,-0.12509154,0.23792544,-0.17131633,0.4006053
protein|HSDL2,-0.1389909,0.15588304,-0.15079638,0.022570955,0.22194599,0.337865,-0.2419066,0.6199511,-0.16420895,-0.25621524,-0.2334319,-0.12770674,0.031547453,-0.244067,-0.71280336
protein|CCDC50,0.03869615,-0.118703246,-0.0016699557,0.0026762078,0.22575104,0.035934735,-0.044402204,-0.5504149,0.5070971,-0.09112207,-0.29163915,0.3158342,-0.035241194,-0.09442056,0.20092744
protein|PRDX6,0.023057599,0.18932565,-0.2851255,-0.041830003,-0.064685315,0.052921552,-0.10489199,0.29006594,-0.42454717,0.27135047,0.09670127,-0.1560834,0.41195127,0.24246669,-0.3093518
protein|H2AFV,0.38975003,-0.062342633,-0.45338145,-0.045077596,0.0861334,-0.08524004,0.115632154,-0.31355366,-0.20479359,-0.12627593,-0.17770065,0.85748595,0.19635734,0.077892184,0.77286214
protein|A0A1B0GW05,-0.12561627,-0.31791735,0.26629594,0.12837182,-0.07557615,-0.3826693,0.35092416,-0.32265043,-0.30611956,-0.058786314,-0.5541004,0.52094704,-0.49248388,-0.6220886,-0.22843044
protein|CD53,0.16948922,-0.14407574,-0.13998097,-0.10904285,0.26640394,0.07965438,-0.26334673,0.116078936,-0.41635555,0.1170476,-0.13886252,-0.0073178443,-0.0021166243,-0.063495696,0.1530241
protein|NGDN,0.07507389,0.019738875,-0.28342548,0.35620806,0.37206438,-0.049295593,-0.1793556,-0.23412195,0.18236093,0.27100396,0.11812541,0.44173208,-0.2308585,-0.20690478,-0.4902955
protein|MAD2L1,-0.1170732,0.021603052,-0.32231694,0.4522353,0.6104175,0.30698508,-0.61583817,-0.15701015,-0.10971823,0.7457478,0.06987808,0.31206784,0.29254958,-0.1902443,-0.48418555
protein|RPL29,0.54231185,-0.036672603,-0.3946374,-0.5438254,0.64695764,-0.0076588048,0.47460154,-0.7130194,0.26960593,-0.033420905,-0.23352362,0.36580345,-0.15444328,0.45179436,0.29659507
protein|AK4,-0.26374727,0.011809591,-0.13596196,0.18926615,0.0053677545,0.09511918,0.0011091905,0.30417898,0.3133973,0.063778125,0.22505438,0.07771612,0.13568309,0.102043375,-0.78437704
protein|USF1,0.41978356,-0.37228414,-0.26176873,-0.29783875,0.048547655,-0.16595434,0.32373977,-0.53729486,0.036812037,0.12722811,-0.2801942,0.66272485,-0.2822466,0.013245909,0.31489775
protein|FLNC,-0.36421406,-0.2873206,0.47984368,-0.086254805,-0.31541553,-0.32373467,0.32894167,-0.14594135,-0.11058662,0.20739979,-0.2184704,0.42841998,-0.4942205,-0.187152,-0.107976295
protein|NDUFA5,-0.2013644,0.24567634,-0.28787097,0.122028194,0.08354915,0.16565964,0.0717128,0.78310937,-0.06908575,-0.3626139,0.0912256,-0.101343475,0.06557409,-0.18613274,-0.2043246
protein|TGFB1I1,-0.20440516,-0.26581866,0.49565428,-0.17502525,-0.2810573,-0.4936999,0.3608926,-0.23834623,-0.009439741,-0.22018321,-0.40492266,0.11999873,-0.66197157,-0.54523146,-0.27994686
protein|SDPR,0.08984933,0.008379764,0.2998901,0.3368569,-0.65001875,-0.4236233,0.014269317,-0.2864741,0.034690745,-0.24301443,-0.19521087,0.17905836,-0.18291117,-0.02457844,-0.165036
protein|EFEMP2,0.00049436337,-0.3690692,0.21986097,-0.3591044,-0.21143109,-0.6621959,0.28983968,0.2424597,-0.5422697,-0.13111906,-0.38845882,-0.11903743,-0.76781976,-0.28733903,-0.42636284
protein|STMN1,0.3092909,0.36427757,-0.8802493,-0.16335,0.59627426,0.3022693,-0.24419977,-0.4112738,-0.13638838,0.7339137,0.030781094,0.18961936,0.24025969,0.20008731,0.08859783
protein|ABHD16A,-0.22471748,-0.15745091,0.27593055,0.4249263,0.257752,-0.063099265,0.07369294,0.28174755,0.10231085,-0.05754185,0.27000666,0.17934023,-0.04126719,-0.114345364,-0.056833167
protein|CPT1A,-0.36827272,-0.1495904,0.32558697,0.33498645,0.07248212,0.15063465,-0.11078133,0.0014208085,0.25472403,-0.29345483,-0.34317377,0.11153491,-0.07991947,-0.44764826,-0.821358
protein|DBNL,0.250361,-0.34796017,-0.14699218,-0.48887745,0.262206,0.17548792,-0.19445832,0.020399068,-0.26638454,-0.14993864,-0.2996397,0.13786027,-0.12372656,-0.065456174,0.1836925
protein|APOA4,-0.047531936,0.1324027,0.2907886,-0.1057153,-0.4970972,-0.5584889,0.32888305,0.065369405,-0.15214197,0.4199516,0.028555106,-0.34102532,-0.349065,-0.30550542,-0.15326102
protein|C1QBP,0.20806688,0.54915285,-0.26768845,0.09628181,0.16809414,0.37209323,-0.015265457,-0.03308882,0.33371332,0.14571068,0.10815248,0.40470317,0.107348025,0.2628885,-0.012937496
protein|BPNT1,0.26624197,0.13680229,-0.42666444,-0.3446852,0.29271227,0.09572334,-0.29429388,0.4521167,-1.0047784,0.18187933,-0.010045288,0.04962066,0.16625947,-0.050999444,-0.07937028
protein|DUT,0.23647276,0.18530491,-0.43325678,0.12495595,0.8890291,0.11027608,0.022231445,-0.7020444,0.13864838,0.7057221,0.14787127,0.3911347,0.0028590464,0.14892197,-0.05536876
protein|MPHOSPH10,-0.009494475,0.36532986,-0.2634304,0.34081694,0.501931,0.33950615,-0.17602149,-0.5029804,0.18459046,0.43752486,-0.15432934,-0.08759338,-0.28789243,-0.09839275,-0.3844607
protein|NDUFB11,-0.006604774,0.093295716,-0.48118335,0.043886364,0.34487447,0.2094655,0.5755452,0.06438813,0.31502646,-0.27566725,-0.0657359,0.22343,0.06828043,-0.044654228,-0.15571746
protein|TUBB8,0.25489786,0.7551326,-0.04798395,0.0656422,0.31432754,0.25713313,-0.19299078,0.36453715,0.11221458,0.49734333,0.20904036,-0.24343064,0.5432252,0.0015815764,0.03204382
protein|CD200,0.027882949,-0.50404704,-0.0763477,0.028397081,-0.26330042,-0.06447199,-0.047544446,0.34962812,0.34674388,-0.2995701,-0.106640555,0.31870154,-0.061494008,-0.06453654,0.36459318
protein|HN1,0.20017466,-0.2936338,-0.5098783,-0.19698766,0.7080617,-0.21183527,0.4654846,-0.5839562,0.28018767,0.113636695,-0.052064188,0.66584617,-0.27262226,0.15489307,0.29983723
protein|APOC3,0.20570396,-0.13741903,0.21123587,-0.17093863,-0.45940286,-0.6336212,0.56357133,-0.21445037,-0.12705562,0.07532144,-0.12371708,-0.13403277,-0.33885694,-0.2423654,-0.49483383
protein|FAH,0.06603272,0.18489094,-0.10939034,0.27544287,-0.05366741,0.0472533,0.33129162,0.18450062,0.15240178,-0.15956803,-0.039567135,-0.1050913,-0.00794145,-0.11476988,-0.42510396
protein|CIC,0.0044061127,-0.17885262,-0.09326949,-0.1005943,-0.120049976,-0.2791413,0.28978297,-0.24561195,0.20530598,0.12424661,-0.11152836,0.37557298,-0.46402842,-0.061855614,-0.033810444
protein|ACADS,-0.47038695,-0.1505791,0.19985147,0.41773972,0.000539989,0.30292538,0.033766415,0.5326697,0.2392746,-0.5235942,0.18581627,0.18768755,0.26446268,-0.22467422,-0.45993206
protein|CD3D,0.060894605,-0.6365809,0.5342819,0.091706604,-0.30104077,0.04564375,-0.09956105,0.29579782,0.24740186,-0.9113029,-0.023539543,0.2644117,0.037114505,0.09777845,0.45635763
protein|C1R,-0.12311268,-0.10085585,0.45643583,0.09046903,-0.6375773,-0.48256123,0.122206174,0.20456915,-0.16703299,0.22442587,0.12225852,-0.3255044,-0.45954958,-0.5434154,-0.48784894
protein|ANXA1,-0.8446118,-0.26556674,0.94958574,0.12951097,-0.80882835,-0.30150515,0.2135875,0.17059535,-0.08538606,0.0914995,0.27286643,-0.24116829,0.028792508,-0.17815861,0.06426247
protein|MRPS16,-0.116228655,0.039705712,-0.2592072,-0.20631589,0.4727453,-0.13468146,0.63271,-0.0960354,0.43452185,-0.0752094,-0.048480414,0.75331175,0.16516778,0.3845032,0.4052648
protein|CRYM,0.16981533,0.038632132,-0.3253938,0.096852206,-0.1512057,0.019137224,0.014157279,-0.12757492,-0.033918545,0.19319919,-0.0030394052,0.10801752,0.1412924,-0.07136604,-0.18031769
protein|CD74,0.15342441,-0.118572086,-0.3771165,-0.2567925,0.25222453,0.23022398,-0.1987836,0.18140222,-0.29898575,-0.04406846,0.18550548,0.3476518,0.15653402,-0.037013583,0.1419991
protein|DOK2,-0.17889138,-0.84378,0.9739703,0.47919703,-0.04374813,0.086893596,-0.20867023,0.30719241,0.33886445,-0.9562145,0.049675878,0.014601605,-0.0015552134,0.12274796,0.47443345
protein|THYN1,0.44100517,-0.20302574,-0.37891123,-0.3846186,0.25657418,0.05510312,0.35529682,-0.27237266,-0.06774212,-0.5292161,-0.42013294,0.4626345,0.16608787,0.42753965,0.655908
protein|BCAT1,-0.07058526,-0.17287433,-0.09997713,0.002263221,-0.05534923,-0.22965917,-0.0012118572,0.25142476,-0.08147681,0.31298453,0.50295717,-0.27320278,-0.0047739213,0.0506867,-0.17748252
protein|NCF2,-0.4523022,-0.39602992,0.6142366,0.37989324,-0.036029283,0.05341787,0.1418438,0.3479619,0.34605226,-0.1527797,0.9996639,-0.29029298,0.27509165,0.3776857,0.1726382
protein|NT5C,-0.23764251,-0.051690657,-0.3326317,0.090972215,-0.13268763,0.24232204,-0.077642135,0.06489488,-0.21844557,-0.07957057,0.04278243,0.4023602,0.22891985,0.24992873,0.37000057
protein|C8B,-0.38935864,-0.16048203,0.15777148,0.2820436,-0.8618446,-0.6415151,0.07031621,0.08599328,-0.032281417,0.41468617,0.2008807,-0.40487212,-0.3021696,-0.60595316,-0.67497015
protein|TRIOBP,-0.005296833,-0.27995473,0.64191896,-0.17406148,-0.22584806,-0.20271502,0.12796058,-0.20578183,-0.024436094,-0.29878014,-0.2513279,-0.2408326,-0.6846444,-0.23363754,-0.375003
protein|CD46,0.15440637,-0.50185436,-0.09488729,-0.041197628,0.42080122,-0.18455607,0.513365,-0.097157225,-0.07202833,-0.4283788,-0.16003792,0.55764014,-0.14330746,-0.16542912,0.06595786
protein|ALDH4A1,-0.124049865,-0.19521926,-0.28226313,0.042985816,-0.23222785,0.3296722,0.31462508,0.22710265,0.37786978,-0.504737,-0.051583547,0.3582382,0.045791302,-0.39496806,-0.676744
protein|DLAT,-0.31443378,0.40308362,-0.3035612,0.5665176,0.12146266,0.49463004,-0.62220556,0.7090105,0.17765348,0.1633664,0.0816998,-0.15681398,0.37882885,-0.27792487,-0.6501141
protein|WDR75,-0.46343234,0.6384955,-0.21430285,0.23346932,0.42498475,0.3916278,-0.36648238,-0.054352317,-0.06532798,0.6941249,-0.14961874,-0.22692667,-0.2239343,-0.3556521,-0.87512803
protein|ZFYVE16,-0.045133088,-0.2581821,-0.057821266,0.27911708,0.24872194,0.10764768,-0.10207909,-0.24582073,0.12885836,-0.14743091,0.19770578,0.2741061,0.06146631,0.010607381,0.019975273
protein|RRP1,0.11016081,-0.19191469,-0.399158,-0.23496278,0.564918,-0.085489206,0.32062832,-0.7231398,0.40262976,0.3836589,-0.24460888,0.5973878,-0.5057524,0.056173574,-0.19895452
protein|MPEG1,-0.1509087,-0.10147685,0.019379834,0.38732684,-0.20152923,0.044370905,-0.24944557,0.018828375,0.40694937,-0.0722801,0.04442399,0.26582548,0.031423617,0.029173253,-0.1231703
protein|MKI67,0.46246126,0.26595545,-0.46538714,0.009845949,0.7092607,0.16432582,0.05667392,-0.74957293,0.23507324,0.84689385,0.19448884,0.37178797,-0.13474955,0.068322,-0.18023941
protein|CAPG,-0.26022294,-0.66357857,0.14466833,-0.08439708,0.38590094,0.06555798,0.0894725,0.887914,-0.021414718,0.12726596,0.35510457,0.024416786,-0.03285056,0.023070961,0.2913254
protein|POTEE,0.0016041653,0.27414724,0.038422547,0.18356028,0.014545658,0.19845529,-0.68232685,0.5825526,-0.25460252,-0.27620944,0.16272593,-0.65546435,0.35927075,-0.023953466,0.2909465
protein|CDV3,0.4583157,-0.14874907,-0.59826446,-0.5455586,0.6129056,-0.106615566,0.42808062,-0.45206335,0.1521317,-0.15904316,-0.1200381,0.62043345,-0.017232312,0.3767704,0.65376186
protein|TPSAB1,-0.39157853,-0.032212462,0.36715543,-0.19867915,-0.5364916,0.054392632,0.2259237,-0.2747851,-0.20628358,-0.055778287,-0.41787288,0.087153405,0.067635424,-0.04438168,0.09164039
protein|ACAT1,-0.09573525,0.35437915,-0.21188316,0.24748714,0.37911996,0.6306259,0.064470276,0.38791734,0.5264574,-0.21482298,-0.11388557,0.12570722,0.11128352,-0.2718247,-0.8400065
protein|CSRP2,0.007664222,-0.22294451,0.24224876,-0.27718654,-0.35518768,-0.10110157,-0.117114544,0.06894941,-0.3555023,-0.58460057,-0.8113685,0.2366103,-0.35580093,-0.39562547,0.19823238
protein|ALOX15B,-0.2146672,-0.6491234,0.29300144,0.31996414,-0.023197224,0.14360683,-0.10521933,0.4974912,0.30883318,-0.07150611,0.6827186,-0.13244241,-0.028767915,0.21815597,-0.101413354
protein|ATOX1,0.23765549,-0.38427263,-0.3730097,-0.048227355,0.30525106,-0.028316814,0.18838954,0.16152829,0.1149926,-0.43073824,0.12314588,0.5828719,0.15633994,0.42825377,0.72905535
protein|SERPINA4,-0.16786382,0.08058998,0.35854417,0.026954543,-0.6594837,-0.3281173,0.30007365,0.17271307,-0.15674208,0.3347811,0.2453333,-0.3423387,-0.362599,-0.29542065,-0.36134312
protein|PYGL,-0.63306713,-0.14775097,0.50929683,0.5323377,-0.70342636,-0.13758385,0.08196914,0.4996136,0.04732001,-0.43259475,0.4888257,-0.3930823,0.3173355,-0.07902537,-0.2971164
protein|RBM3,0.34605357,-0.16452095,-0.1826972,-0.52065897,0.58119434,0.09756729,0.35472947,-0.50942814,0.0736566,0.024909561,-0.33667043,0.57068247,-0.123477004,0.33844715,0.23268594
protein|IL16,0.13091573,-0.15570769,-0.5705034,-0.025255293,0.24364729,-0.024050666,0.02615014,-0.23053254,0.18862993,-0.40557078,-0.16907646,0.4129834,0.28373972,0.33721855,0.7989841
protein|RPL37A,0.39480066,0.34816247,-0.11800725,-0.43068194,0.80919546,0.049226567,0.37628308,-0.5662321,0.21599878,0.15462226,-0.1651003,0.2948299,-0.021410333,0.31798482,0.5225113
protein|RNF31,0.038904365,-0.21459095,-0.011219631,0.23382887,-0.25367707,0.049673047,-0.35627377,-0.13467121,-0.014037053,-0.22811395,-0.08881634,0.42853886,0.31174424,0.012271278,0.010861875
protein|CRYZ,-0.028225867,0.039327912,-0.26734886,0.0053164195,0.09947034,0.37089288,-0.16425958,0.37841654,0.15650105,-0.33011964,-0.060272172,0.082829185,0.18457489,-0.099813245,-0.28467274
protein|CD48,0.21075761,-0.5840512,0.20890813,0.15538312,0.2016817,-0.041038807,0.047727667,0.34878734,0.22452804,-0.61387426,0.28232914,0.25513965,0.2367301,0.26058194,0.8370213
protein|HMGB1,0.721015,0.014208047,-0.5197207,-0.31905362,0.2140328,0.31600264,0.06997379,-0.24849106,-0.14801157,-0.2815029,-0.32222116,0.48684672,0.15004395,0.37025565,0.75663036
protein|NDUFA9,-0.10287265,0.28573093,-0.08951119,0.25472382,0.085968524,0.34919646,-0.3355124,0.49010858,0.124682635,-0.12600482,0.10331427,-0.12973276,0.25388044,-0.1255025,-0.03926383
protein|PDAP1,0.50482523,0.0032645587,-0.6033963,-0.3627886,0.5533588,-0.011856268,0.5269667,-0.49760053,-0.011915834,-0.007566572,-0.20608638,0.7566134,0.10694568,0.43248993,0.6385274
protein|PLEKHA7,0.53448355,-0.59808934,-0.37900886,-0.22148234,0.009787061,-0.08801098,0.06657276,-0.39053813,0.0024932602,-0.41676563,-0.2843307,0.7323941,-0.004491143,0.31126705,0.59766775
protein|ZMPSTE24,-0.119408645,0.32447645,-0.11188479,0.39314756,0.191502,0.6120527,-0.5988174,0.72613496,0.0548341,0.069704935,0.1388023,-0.43951774,0.5304973,-0.3066142,-0.5095425
protein|COL15A1,-0.3536655,-0.1894285,0.6386273,0.23644628,-0.36508903,-0.42599022,0.2329061,0.013235685,-0.17204875,0.3313787,0.11789092,-0.09017948,-0.6283595,-0.43414584,-0.33085138
protein|GNB4,-0.11502637,-0.26871273,0.83449775,-0.11518898,0.17097309,0.17263527,0.07612541,0.4860551,0.239899,-0.46046358,0.3431394,-0.5113832,-0.22370987,0.03575616,0.15928294
protein|SGTB,0.25266537,-0.46825114,0.05501176,-0.33907974,0.3267235,-0.12180316,0.31547505,-0.3049042,-0.026832169,-0.33855742,-0.18099624,0.5474766,-0.31909624,-0.02517685,0.09078025
protein|IRF9,0.095600486,-0.573979,-0.0143558765,0.12423135,0.081063084,0.07505699,0.046642274,-0.39405328,0.22378796,-0.32281032,0.0101702,0.59648615,-0.10756298,0.12665531,0.06765075
protein|LIMD1,0.1145558,-0.5714134,-0.070035316,-0.03990931,0.35823214,-0.12204794,0.50509334,-0.5020131,0.53706855,-0.2624569,-0.25402263,0.5455463,-0.20526868,0.14176793,0.15818067
protein|REL,0.23421313,0.077605374,-0.3529717,-0.20230384,0.26874977,0.2222702,-0.309597,-0.042411845,-0.5445637,0.38338554,0.0012037677,-0.09454311,-0.043712642,-0.1388881,-0.3178027
protein|HSP90B1,-0.2562319,0.41030544,0.40314355,0.65073425,0.02594691,0.1484858,-0.16637103,0.0066538756,0.5129016,-0.14493553,0.209765,-0.14040732,0.32851428,-0.079468004,-0.23379762
protein|NOLC1,0.21932548,0.46981034,-0.30209547,-0.20346533,0.7447721,0.25404078,0.12320726,-0.81169987,0.27496022,0.43092224,-0.42734927,0.101620845,-0.34183374,0.044393077,-0.2546699
protein|ZAP70,-0.1333518,-0.58736855,0.6420403,0.18263866,-0.053958137,0.11752992,-0.3133103,0.52295494,0.1596759,-0.97970545,-0.2435438,-0.09209023,0.29279453,-0.1039527,0.63302577
protein|PAK1IP1,-0.022674706,0.4151746,-0.33540338,0.15792027,0.26106253,0.20629646,-0.3074393,-0.34769896,0.13274935,0.41597804,-0.05709846,-0.0021000595,0.14174704,0.111993864,-0.10898901
protein|PCCB,-0.19924167,-0.043304835,-0.40525407,0.32178214,-0.17826241,0.3313836,0.06271826,0.45406842,0.2081418,-0.54806346,0.018517602,0.28810674,0.51087165,-0.19687025,-0.6579717
protein|C19ORF43,0.44389945,-0.39198354,-0.6171129,-0.3409008,0.536533,0.00180967,0.34113786,-0.5534975,0.12496924,-0.1980255,-0.2578141,0.67727345,-0.02387552,0.32138017,0.62094116
protein|CLYBL,-0.18849504,0.07841346,-0.10456267,0.2726711,-0.114218004,0.18932927,0.18333623,0.24189197,0.015632868,-0.64446384,-0.06507457,-0.1058883,0.07266884,-0.07451776,-0.40008852
protein|C11ORF54,0.31870207,-0.13852157,-0.35491768,0.06335295,-0.1454576,0.13896355,0.106186345,-0.09584914,0.3067669,-0.45693436,-0.04069749,0.50191534,0.10806755,0.14666483,0.13377863
protein|OAS3,-0.30034405,-0.27279326,0.70973563,0.34978822,-0.036055088,0.06569155,-0.2202036,0.49197716,0.19207636,-0.47214773,0.4883445,-0.03297887,0.13356249,0.21525994,0.15445983
protein|GNL3,-0.27749616,0.49025232,-0.03311433,0.25232077,-0.026328549,0.09977353,-0.24810505,-0.28657418,0.3034287,0.5682016,0.12998508,-0.1658199,-0.059594084,-0.03145735,-0.5614516
protein|H2AFX,0.51274306,-0.33270964,-0.4185972,-0.34232438,-0.038234334,-0.10623385,0.1426366,-0.45762837,-0.122086495,-0.39801744,-0.3801456,0.6882115,-0.03303685,0.15616256,0.7762372
protein|NUSAP1,0.48842046,0.044246525,-0.23439436,-0.10183278,0.45559293,0.20215267,-0.029626517,-0.39601192,0.15698154,0.73521817,-0.11610344,0.22184195,-0.2695861,-0.249437,-0.4451653
protein|BLK,0.16057764,0.23663418,-0.6045495,0.0052281655,0.13937977,0.16142131,-0.38158542,0.021633634,-0.36018962,0.25034636,-0.24445847,-0.12755412,0.077413045,-0.3292626,-0.3936379
protein|UTS2,-0.19666387,-0.10713127,0.21669783,0.534508,0.29851755,0.27904883,-0.22057375,0.30834818,0.060071,-0.18165198,0.10510238,-0.03462028,0.040900324,-0.3366927,-0.5048921
protein|DENND1C,-0.11507896,-0.29489988,-0.03232854,0.09893467,0.26256573,0.08496059,-0.2741364,0.11539801,-0.02558332,-0.40113553,-0.045438603,0.21945544,0.0054737832,-0.21304,0.24546011
protein|PSIP1,0.58425343,-0.10575982,-0.4869225,-0.52148044,0.3665852,0.12604044,0.13961427,-0.35595036,-0.3210553,-0.002576428,-0.25194842,0.48234454,-0.24655744,0.06902704,0.65039533
protein|FAM129B,-0.65463555,-0.129521,0.54043406,0.15862556,-0.26289126,-0.26739657,0.27156016,0.34376,-0.18398198,0.27483603,0.3031698,-0.10735967,0.0022373819,-0.1711235,-0.39770868
protein|Q14624,-0.06660527,-0.095975265,0.30599168,-0.06677352,-0.76414853,-0.7044802,0.44690597,-0.2682485,0.089084245,0.4185712,-0.032267235,-0.16925655,-0.45090842,-0.27465993,-0.26249605
protein|TMEM33,-0.33556783,0.1673423,0.13683002,0.6301549,-0.041933205,0.26942083,-0.4158992,0.45397022,0.17090268,0.16149516,0.44030347,0.10654716,0.2842066,-0.025670487,-0.50289595
protein|CALM2,0.23475921,-0.10667537,-0.22854625,-0.21288821,0.36932915,-0.28237975,0.6537907,-0.19071561,-0.06611058,-0.39901602,-0.032282095,0.5333779,0.23378186,0.5143759,0.84148633
protein|MMTAG2,0.28472745,-0.18462369,-0.25025284,-0.09692109,0.4534559,0.047461104,0.10663627,-0.4157437,0.17774536,0.26776227,-0.42620802,0.63268703,-0.21737824,0.07726122,0.21431004
protein|IFIT3,-0.25541073,-0.22822934,0.6535595,0.28960308,-0.102411434,-0.019622806,0.0010073974,0.30181143,0.36659738,-0.5242167,0.49903095,0.0012616538,0.122185096,-0.008715569,0.018730028
protein|GLIPR2,-0.27917618,-1.0680894,0.8594335,0.018327482,-0.2598794,-0.3326799,0.2472778,0.17886505,0.18967645,-0.40729356,0.1279558,-0.046649404,-0.45363605,0.035340045,0.27571788
protein|GK,-0.46760413,-0.44151524,0.78666395,0.30856106,0.16976494,0.01881439,0.075580634,0.5904243,0.46376216,-0.10501178,0.6265906,-0.32049844,0.1000971,0.2450344,0.039200068
protein|FGR,-0.44101763,-0.58973515,0.31710118,0.42492676,-0.3585069,0.023480527,-0.19119513,0.42088807,0.38008645,-0.24488948,0.39662978,-0.036834873,0.3595383,0.049537387,-0.14417279
protein|FCN1,-0.1191434,-0.07461939,0.48070788,0.18808429,-0.2796849,-0.28584018,-0.057064775,-0.024719601,0.25528863,-0.07837535,0.41766834,-0.4380073,-0.039064143,0.03286298,0.10770898
protein|FAM129A,-0.13936292,-0.2100147,0.29273835,-0.23688738,-0.10953616,0.16645306,-0.10472449,0.39432395,-0.3250433,-0.115898654,0.27689114,-0.2317589,0.06179643,0.23934501,0.023653274
protein|NDUFA10,-0.4043323,-0.009661407,-0.12277075,0.18034667,0.116040125,0.49459714,-0.10491461,0.59952146,0.15823984,-0.25553948,-0.17935166,0.21577582,0.302894,-0.31924888,-0.24886134
protein|CPNE3,-0.050429504,0.16294129,-0.1983772,-0.12515356,0.10808279,0.062935814,-0.24355733,0.46198916,-0.75181794,0.10450683,0.2026609,-0.073261835,0.1839695,-0.1044745,0.025764039
protein|RRP15,-0.22893153,0.116508,0.010368359,0.095972836,0.6846604,0.124675825,0.09656556,-0.30249485,0.26412272,0.36795765,-0.16966884,0.45800135,-0.22858544,-0.08873762,-0.11589692
protein|RAB12,-0.15967393,-0.5226329,0.15516827,0.41923925,-0.30983052,-0.111434415,0.08529085,0.33308637,0.24022485,-0.36709985,0.24419788,-0.22914952,-0.1377148,0.13785684,0.05603096
protein|TIMM10,0.121838205,-0.12449801,-0.5169048,-0.19807862,0.08438951,-0.26474458,0.33867925,-0.39270008,0.19938827,-0.1193215,-0.28572088,0.43769535,0.0008410193,0.10657254,-0.076518245
protein|SYK,0.04643695,0.47744974,-0.22582465,0.03511124,0.22961551,0.46419173,-0.58883286,0.4187563,-0.39333245,0.08317604,0.024455057,-0.2741989,0.15007596,-0.07607356,-0.21365109
protein|RNMTL1,0.31996933,-0.07360987,-0.47495833,-0.3099692,0.39565074,-0.005697737,0.25767526,-0.57345164,0.19013946,-0.1631741,-0.3440711,0.5651785,-0.25681254,0.22548826,0.14264898
protein|MGST3,-0.27769393,0.076618165,0.25377655,-0.011696488,-0.25429356,0.22316884,0.27228582,0.5212223,0.16310944,-0.38915464,-0.05964606,-0.30092898,0.31895325,-0.1893218,-0.17262357
protein|PSMB5,-0.17863043,0.19775477,-0.30256596,0.03870675,0.06902289,-0.105559744,-0.06141637,-0.41209894,-0.014244661,0.53434557,-0.19814359,0.097518444,-0.124111585,-0.115401745,-0.5375391
protein|B2M,0.014099184,-0.2657519,0.36436868,0.024367286,-0.06962232,0.1080704,0.17593269,0.35548326,0.2531574,-0.279184,0.3602936,0.2749486,0.34566107,0.35672474,0.6005608
protein|MLF2,-0.16801342,-0.18154511,-0.16281329,-0.43781272,0.016925022,-0.34600726,0.40087792,-0.60485905,0.28839913,0.2256852,-0.20759758,0.110141985,-0.28958672,0.12739289,0.1664915
protein|F12,0.20901392,-0.3663704,0.12627374,0.013208037,-0.4553278,-0.61265296,0.2232349,-0.38109142,-0.20821077,0.31438875,-0.07836736,-0.187634,-0.42202303,-0.4409145,-0.424833
protein|DCK,0.13025412,0.46213737,-0.3851809,-0.028102867,0.27620864,0.559779,-0.6454829,0.28279033,-0.5150116,0.14026017,-0.015456748,0.07977118,0.33403146,-0.07067233,-6.9783528e-06
protein|POLD3,0.118141204,0.3700226,-0.6657253,0.1354424,0.3490529,0.3151877,-0.2136885,-0.32308918,0.014983618,0.6453287,0.12650472,-0.029179724,0.27772766,-0.15973562,-0.50619316
protein|RRM2,0.1323326,0.32380372,-0.19737443,0.3727998,0.45278013,0.21194829,-0.26852277,-0.21149802,-0.010443144,0.81350076,0.14540206,0.35683963,-0.03512374,-0.09551282,-0.3872495
protein|PAG1,0.4926374,-0.3150678,0.11521838,-0.38479087,0.26396134,-0.15816213,0.14720489,-0.12925018,-0.38226014,-0.40569234,-0.0041352203,0.28275722,-0.28350693,0.032759316,0.3140952
protein|EHD2,-0.35161376,-0.15715191,0.6084394,0.0583026,-0.3039975,-0.19543949,0.14907336,-0.15201066,-0.07552423,0.0566957,-0.35800332,0.09692952,-0.33733213,-0.48663884,-0.4940603
protein|SLFN5,-0.24595486,-0.3180543,0.486175,0.3813163,-0.33477104,0.19023341,-0.5960587,0.6714814,-0.12320554,-0.80823326,0.051980127,-0.0167591,0.36600158,-0.006804943,0.519814
protein|LGALS1,-0.24533473,-0.087775275,0.59355867,-0.22819337,-0.094730176,-0.3004362,0.7197196,-0.018547473,0.060523078,0.46833187,0.17486915,0.19486594,-0.37099922,-0.068239726,0.21636495
protein|TTC4,-0.17696308,0.39364147,-0.16694158,-0.12237709,0.13587636,-0.02358928,-0.076513715,-0.052372478,0.10778401,0.13582334,0.03962364,-0.1448787,-0.33395475,0.010704721,-0.13807769
protein|PTPN1,-0.37340412,0.032334395,-0.017947609,0.4893158,0.43250236,0.001722133,-0.25567722,-0.07692158,0.45764562,0.2892436,0.05278444,0.07968078,0.23210184,-0.011278027,-0.05401619
protein|GUSB,-0.33132398,0.24128877,-0.18273813,0.28320202,-0.32853323,0.27954254,0.05128762,0.09337844,0.029864423,-0.29656178,-0.06799427,0.2171334,0.24770465,-0.10204581,-0.27781886
protein|KIN,-0.17022413,0.2749892,-0.086224236,0.21963978,-0.51136315,0.027705355,-0.054351885,-0.10306395,0.07381567,0.3476681,0.013977957,-0.091402195,0.06843,0.008333123,0.05357443
protein|PHF1,0.19254172,-0.29967484,0.35824051,-0.2820169,0.022161951,-0.25886595,0.49194577,-0.39300165,-0.18992764,-0.3566477,-0.43218207,0.4110061,-0.4164671,-0.31816664,0.19117261
protein|HSPB1,-0.101585805,-0.57794565,0.30016178,-0.26278788,-0.014651656,-0.23148482,0.65482,0.08304022,0.022747941,-0.26576033,-0.07807981,0.30505776,-0.07239109,0.21103798,0.22479217
protein|TJAP1,0.30020112,-0.6259053,-0.19708917,-0.3337209,-0.05282332,-0.26814014,0.2404886,-0.24462391,-0.11970004,0.03612267,-0.27002743,0.26770023,-0.49088857,0.07845093,0.12899101
protein|CTDSPL2,-0.057656594,-0.308921,-0.04213559,-0.35545662,-0.40305963,-0.28176874,0.23841143,-0.495544,0.14142227,0.43057537,-0.08465233,-0.051587112,-0.56999433,-0.008921314,0.1364567
protein|OAS2,-0.18483801,-0.055326473,0.49207944,0.4775972,-0.010059727,0.31173563,-0.3556661,0.55729264,0.17000315,-0.49596572,0.38160205,-0.082156114,0.41936094,0.22586054,0.1678692
protein|CTCF,0.34672585,-0.19700591,-0.3809294,0.035165925,0.25112477,0.03573751,-0.081040755,-0.3627565,-0.1352214,0.034439072,-0.16775481,0.553929,-0.03495282,0.20695831,0.7625961
protein|SNX8,-0.25852636,-0.22025332,-0.169835,-2.8921091e-05,0.10083213,-0.056200422,-0.28647375,0.20553538,-0.45971113,-0.119746074,0.35850063,-0.09746302,0.037580796,-0.03532999,-0.008749886
protein|GSTP1,-0.1959272,0.31910276,-0.1206246,-0.05389896,-0.03377358,0.34598526,-0.41131642,0.81877536,-0.5443671,0.19407329,0.2547716,-0.19304441,0.40320972,-0.047005866,-0.049641274
protein|ACY1,-0.00051673915,0.41345382,-0.263177,0.07787033,0.044469073,0.27605078,0.28702608,0.033671122,0.23172748,-0.22217014,0.194437,0.04935514,0.40284917,0.113051176,-0.26403153
protein|RALGPS2,0.2911595,-0.08625473,-0.48960754,-0.11911755,0.16551772,0.19517355,-0.31844485,-0.121197864,-0.3523347,-0.08413984,-0.35996568,0.19498034,0.046080697,-0.075328015,-0.17810397
protein|CETN2,0.18845761,0.2161408,-0.23251204,-0.22239508,-0.1455736,0.07684073,0.1491006,-0.075879045,0.08220252,-0.13139798,-0.1751891,0.33247533,0.39952067,0.09739663,-0.06742895
protein|PRKAR2B,-0.0883505,-0.29020706,0.014542456,0.3634374,-0.10160061,0.2717994,-0.20035174,-0.08203655,-0.009360112,0.061210584,-0.052934658,0.11137561,0.17366268,0.038752005,0.064340375
protein|SUMO3,0.28387433,-0.27571687,-0.59595454,-0.5579494,0.5003392,0.081514105,0.43519768,-0.14471637,0.08437186,-0.23979886,-0.21988073,0.5399261,-0.017590832,0.408448,0.81481355
protein|DYSF,-0.32939684,-0.14112271,0.33220795,0.45168844,-0.44394746,-0.099761486,-0.014506363,-0.009156385,0.35098466,-0.104978815,0.31485355,-0.07529046,-0.19145374,0.016282199,-0.118371874
protein|WDR43,-0.052678376,0.55384386,-0.19477957,0.32475856,0.56542546,0.48979905,-0.3160743,-0.16206487,0.06872213,0.44723752,-0.04270391,0.22423756,-0.25330788,-0.3494058,-0.4121219
protein|PARVG,-0.15156649,-0.2526154,0.01515534,0.16780876,-0.1584312,0.022848297,-0.28440633,0.42980075,-0.14254302,-0.30419233,0.2745015,-0.07306226,0.40833613,0.070722,0.075311184
protein|PAX5,0.15429229,-0.2241405,-0.5661335,-0.38050288,0.03573964,-0.21195413,0.10744955,-0.49328914,-0.2907212,0.563371,-0.33923933,0.35479152,-0.2019834,0.08454004,-0.025330178
protein|NFATC1,0.24114412,-0.20620665,-0.42681035,-0.013831891,0.017641772,0.26447722,-0.14876463,-0.29683802,-0.03824143,-0.07176058,-0.06531709,0.18916468,0.08041266,0.26261884,-0.19098948
protein|MMAB,-0.020805677,0.27601618,-0.3925593,-0.008529929,-0.15518844,0.04731491,0.5584497,-0.11157089,-0.021939335,-0.13871163,0.03252572,0.3273185,-0.051805127,0.11914527,-0.39231494
protein|NME1,0.10555625,0.6372345,-0.24218157,0.03776596,0.6395092,0.09265455,0.048338547,-0.48892206,0.02119339,0.47496757,-0.098727986,0.08602015,0.10153733,0.14655793,-0.09431465
protein|PRPF38B,0.30473638,-0.0954746,-0.44636482,0.06422729,0.22253665,0.2544408,-0.1731959,-0.13381866,0.008736562,-0.16141811,-0.19210686,0.5855643,0.021745665,0.13574989,0.40445024
protein|SIGLEC1,0.093929276,-0.3575689,0.48201928,0.21888043,-0.07116678,-0.28405467,0.38402328,-0.18379252,0.42152107,-0.46558878,0.35809517,-0.11426379,-0.082877494,0.21029848,0.1684163
protein|FYN,-0.18895453,-0.4693005,0.4073829,0.40506694,-0.013091402,0.18957974,-0.62307316,0.39730358,0.23012008,-0.800472,-0.11381712,0.09238597,0.27086177,-0.07021902,0.05557325
protein|ATF7IP,-0.035996582,-0.088617355,-0.2672219,0.042066056,0.08902973,0.046588905,-0.06230503,-0.30009714,-0.1189263,-0.08473534,-0.16039343,0.1724378,-0.010014862,0.15890509,-0.14882006
protein|IKBIP,-0.23950773,0.018903544,0.1427452,0.32328823,0.1871229,-0.1825732,-0.06689687,0.1782409,0.12780264,0.3147161,0.102061614,0.17141765,-0.048611287,-0.3965033,-0.16739681
protein|RANBP1,0.1965793,0.7878155,-0.52417654,0.10275872,0.6064252,0.24723227,-0.21052966,-0.29424083,-0.10745479,0.53438705,0.08749653,0.26203716,0.42424613,0.3454575,0.20214523
protein|HM13,-0.30309743,0.098536946,0.27104172,0.22209783,0.48240414,0.17328282,0.5678057,0.10499673,0.47873178,-0.21702541,0.14469601,0.061496355,0.112414,0.09334141,0.18646052
protein|CDH13,-0.22206752,-0.59138364,0.07901699,-0.14806378,-0.036056984,-0.40971643,0.31070817,-0.21005651,-0.048264068,0.3218343,0.118865415,0.13817093,-0.6001444,-0.13037623,-0.35680625
protein|DCTPP1,0.19830838,0.11294311,-0.76501274,0.049449727,0.4780915,-0.14130169,0.20167296,-0.3906768,-0.10400654,0.2211062,-0.06867881,0.6262581,0.21730788,0.11024362,0.06681404
protein|ATP5E,-0.099895455,0.47412923,-0.3590577,0.19192569,0.6006609,0.4783041,0.038823545,0.30329108,0.08652462,-0.1813503,-0.07877828,-0.12508968,0.3784149,-0.019140033,-0.3271085
protein|P01594,-0.029630661,-0.12198149,0.11001409,0.15026619,-0.5100048,-0.46932304,0.23775132,-0.2745935,0.13005786,-0.022518642,0.010546066,-0.018599326,-0.15915614,-0.17216766,-0.050837904
protein|FAM107B,0.44122773,-0.30547807,-0.4176902,-0.27232182,0.07353608,0.11182736,-0.062015325,0.19378598,-0.3893923,-0.29434675,-0.13807674,0.2798279,0.13605815,0.0960881,0.58954346
protein|ENTPD1,-0.1650964,-0.04744619,0.11101582,0.31555322,0.03322986,-0.13431299,-0.036607124,0.1367747,0.2892083,0.068136424,0.1530744,0.19119826,-0.009476325,-0.08360874,0.109933324
protein|FKBP1A,0.2874921,-0.5087522,0.28276175,-0.4999387,0.16273387,-0.35106274,0.5030982,-0.58466357,0.004397897,-0.33836317,-0.47079763,0.44468424,-0.4101062,0.10475458,0.2514638
protein|SLC25A3,-0.31593993,0.47451264,0.030171502,0.3743636,0.34787092,0.65287197,-0.4797606,0.5931482,0.042355876,-0.0055438164,-0.06681448,-0.20332223,0.26963162,-0.36456096,-0.7418352
protein|ITGA5,-0.31064427,-0.5741307,0.44842336,-0.055346332,-0.24509335,-0.44096217,0.7634753,-0.1343861,0.24902536,0.28255886,0.32785386,0.30098078,-0.39408216,0.049157467,-0.20188238
protein|HSPD1,-0.12758979,0.72297907,-0.37407094,0.39710537,0.5229404,0.59940946,-0.38303155,0.34739462,0.34234968,0.38436657,0.07813261,-0.035419643,0.29135445,-0.17691484,-0.7418164
protein|COX6B1,0.14571053,-0.07864146,-0.12664938,0.053212687,0.48256135,0.09877831,0.7088961,0.101214975,0.14791597,-0.47969157,-0.07542566,0.727038,0.30896297,0.2211712,0.15238857
protein|PCNA,0.15463814,0.46726245,-0.51111656,0.13761266,0.6602396,0.3092951,-0.39643043,-0.41242474,0.053011943,0.881459,0.13667065,0.21557543,0.27516964,0.15383606,-0.24217242
protein|AKAP12,-0.029274309,-0.25335562,0.34091038,-0.10956487,-0.074197926,-0.23703408,0.25317174,-0.2140879,0.0020749117,-0.16040811,-0.48123392,0.072384685,-0.5999283,-0.18501072,-0.051607214
protein|SPNS1,0.10260809,-0.12191577,-0.17998277,-0.09136265,0.0049448763,0.13447455,-0.1142059,-0.14763582,-0.15546496,-0.19320297,-0.17036888,0.33390504,-0.17005482,-0.18998311,-0.0789706
protein|STRBP,0.36426833,0.41209227,-0.64892656,-0.3654548,0.2885281,0.30138224,-0.059215873,-0.20189264,-0.22452287,0.024270168,-0.21061367,0.55258954,0.12027823,0.027694697,-0.03720857
protein|SLC2A3,-0.27618083,-0.7182214,0.03339482,0.21518488,-0.23682357,-0.3799713,-0.0098621845,0.07504698,0.0021109611,-0.17777267,0.07879406,-0.18011712,-0.11131733,0.06526045,0.37989432
protein|TM9SF3,-0.4978805,0.3452444,0.19167536,0.51548487,-0.0008300412,0.3693057,-0.37570632,0.7251775,-0.02788478,0.23221524,0.21749976,-0.38256478,0.037946187,-0.4204564,-0.438017
protein|HABP2,-0.13315247,0.025670653,0.38111898,0.111920044,0.027602792,0.29305652,-0.06442953,0.7274678,0.086101845,-0.118895546,0.4667212,-0.5875165,0.1502916,0.10801396,-0.024825275
protein|GLUL,-0.22773954,-0.24490216,0.31327954,0.20105399,0.124012426,-0.375429,0.4138808,0.12071827,0.3001488,0.18002193,0.31644154,0.3778544,0.025043575,0.20742853,-0.09475882
protein|HIP1R,-0.08909132,-0.015450765,-0.14025548,0.20156097,0.03734299,0.21933816,-0.34035948,0.1278836,-0.27309316,-0.008569314,-0.14678825,0.15344019,0.12213196,-0.24040516,-0.30417237
protein|PFKM,-0.16761969,0.53678244,-0.32454374,0.24432638,0.09872335,0.14314906,-0.36580217,-0.1328811,-0.21172522,0.39498892,-0.086334124,-0.17969258,0.12801969,0.01599556,-0.38026822
protein|CKAP4,-0.28893888,0.19277692,0.4401357,0.44464988,-0.30245185,-0.18519399,0.28134027,0.06632722,0.07383816,0.21562342,-0.10859702,0.042098466,-0.1214568,-0.5226902,-0.5309842
protein|AMBP,-0.14423728,-0.13828668,0.37590554,-0.1550715,-0.53900754,-0.61675334,0.64789444,-0.18732867,-0.034087688,0.3022923,0.01634113,-0.20810542,-0.50205594,-0.38363636,-0.21052913
protein|PWP2,-0.39588475,0.34663373,-0.21002837,0.47430077,-0.1259917,0.119025886,-0.49260917,0.029380172,0.27099186,0.64324844,0.16171762,-0.08238034,-0.11390633,-0.15252812,-0.63833034
protein|G3V3G2,0.20724326,-0.4767484,-0.012579304,-0.28263474,-0.11396429,-0.1313922,0.3334327,-0.4044274,0.053332232,-0.20219176,-0.65745044,0.31119356,-0.7215032,-0.20520033,0.13293315
protein|CFB,-0.3325532,-0.07383257,0.39862877,0.011511694,-0.83800465,-0.67195916,0.31859985,0.14295414,-0.1897901,0.44218856,0.03514351,-0.34310436,-0.46548167,-0.44830766,-0.18782221
protein|HAO1,0.09563648,0.33952266,-0.44650567,0.085713245,0.22593907,0.41583785,0.061559584,0.051790725,0.2480776,-0.1210651,0.12483456,0.34308824,0.23886335,0.07842088,-0.39770448
protein|GSK3B,0.078296,-0.1591204,0.19574924,-0.41729984,0.24356787,-0.32963634,0.20174386,-0.42662746,-0.038788296,0.0022884733,-0.103610925,0.14525157,-0.3616572,-0.15730369,-0.10549281
protein|CYB5A,-0.009493169,-0.21013786,0.2155973,-0.23936984,0.030973379,-0.22376427,0.65533155,0.18316627,0.050150894,-0.43674558,-0.10982742,0.41624287,-0.351026,-0.20212804,-0.40506548
protein|MTHFD2,-0.20112407,0.06965336,-0.4041304,0.40188506,0.33645362,0.10665086,-0.2392221,-0.37471366,0.16218899,0.6005664,0.268012,0.21881033,-0.12171912,0.051958043,-0.25967702
protein|MATN2,-0.0052795797,-0.1549072,-0.20208476,-0.020523729,-0.4073421,-0.090908356,-0.32262385,-0.07012707,-0.23245244,-0.35297853,-0.29116082,0.027734965,-0.3690655,-0.36883706,-0.25221282
protein|ARRB1,-0.19491588,-0.55924976,0.5737869,0.26344284,-0.073358834,0.114920646,-0.342004,0.4280784,0.2719706,-0.43264598,0.3246071,-0.27863804,0.2687592,0.092371404,0.27160338
protein|ITIH2,-0.02364185,-0.1989982,0.523621,-0.117708996,-0.46308848,-0.7457698,0.52082956,-0.20778328,0.08709098,0.37189695,0.21640012,-0.47739398,-0.46251324,-0.25006557,-0.24989763
protein|ACBD5,0.056132276,-0.46104032,0.37291053,-0.041475058,0.1061311,0.005803139,0.61517334,-0.18350184,0.46209025,-0.3884334,0.21048,0.4356005,-0.27068466,-0.22549225,-0.5231327
protein|FYCO1,-0.27877724,-0.5016992,0.043230537,0.29235786,-0.035366483,0.07842989,-0.12014084,0.45976168,-0.17653416,0.016777089,0.11244491,0.42118126,0.26804602,-0.1447962,-0.24834391
protein|BCL10,-0.12059585,0.022150181,-0.32654497,-0.0006626939,0.3626146,-0.0036941827,-0.2734535,0.15734398,0.1928728,0.11415966,0.056006886,0.42491743,0.11746088,0.021719012,0.1317775
protein|SLC25A19,-0.30003354,0.26582178,-0.48241496,0.26936474,0.5869014,0.2775714,-0.30000898,0.2782322,0.20466064,0.49264824,0.10826237,0.11301357,0.11561263,-0.13797185,-0.41841075
protein|LCK,-0.0064600115,-0.39928645,0.46098748,-0.011885417,-0.16945544,0.24761245,-0.48850346,0.7063917,-0.22237834,-0.6317602,0.02373652,-0.19273843,-0.04010456,-0.16659172,0.10817833
protein|EVI2B,0.06250253,-0.60766786,-0.01674651,-0.051957827,-0.3144972,0.20892762,0.21229433,0.289732,0.15704463,-0.5390914,0.2315648,-0.04018589,-0.09827342,0.34989524,0.32336417
protein|BST2,0.2343633,-0.27429232,0.15917636,-0.31506276,0.08127173,-0.17802711,0.3080575,-0.383981,0.060674112,-0.013439851,-0.112865336,0.3761962,-0.41387343,-0.098963976,-0.019740537
protein|LIMD2,0.3506742,-0.31160954,-0.4214983,-0.39463508,0.28755113,0.10643277,-0.05528798,-0.09364439,-0.27125087,-0.05282,-0.30424535,0.42045355,-0.10681986,-0.2646841,0.5740276
protein|COX7A2,-0.16077366,-0.07192646,0.005683081,0.42959768,-0.20781277,0.468514,-0.06998036,0.58224154,0.0133017795,-0.37960124,0.25108424,0.031487036,0.5380997,0.034245335,-0.41162273
protein|STAMBP,-0.16079906,-0.46158847,-0.19025758,-0.0475756,-0.16972986,0.19280092,-0.27631438,-0.3824948,0.004516943,0.018712174,0.14569403,-0.21589221,0.10857582,0.12906924,-0.14242595
protein|LACTB2,-0.23889697,0.009324869,0.028476464,0.40497223,0.026268084,0.4433647,-0.15752202,0.19013363,0.3673296,-0.24880788,0.23469743,0.4365394,0.28015482,-0.121330485,-0.18255098
protein|NUTF2,0.35130835,0.38296467,-0.45554763,-0.06882314,0.10799898,0.024939818,0.026623959,-0.08143184,0.02395685,-0.07488321,0.09984932,-0.0068372777,0.6411171,0.49007586,0.51831883
protein|CYB5B,-0.06474685,-0.070251144,-0.22354807,-0.21329089,0.062089827,-0.107282735,0.37881598,-0.30606058,0.11979601,0.14919265,-0.18514428,0.5728134,-0.019946583,-0.1904296,-0.12120013
protein|GRN,-0.014122446,-0.6512919,-0.048257258,-0.09492924,0.37542146,-0.19562536,0.48794764,-0.2948717,0.38342196,-0.05034814,0.32931206,0.2662499,-0.16808645,0.38363326,0.23013857
protein|POU2AF1,0.4852329,0.5778615,-0.58777684,0.008436479,0.22291514,0.23068304,-0.22819297,-0.50307393,-0.18419619,0.5571619,-0.17765617,0.16742718,0.30389735,-0.006837683,-0.12103407
protein|FERMT2,-0.27986977,0.19470283,0.7892131,0.13522398,-0.5442734,-0.19099285,-0.34973773,0.33018947,-0.1942255,-0.089350514,-0.1655166,-0.29844755,-0.08139107,-0.57239294,-0.5303611
protein|NIP7,-0.18469895,0.46222436,-0.09869611,0.29193315,0.4582667,0.22293723,-0.34884587,-0.17318277,0.17913826,0.6856793,-0.031941134,0.22399451,-0.17428611,-0.08828796,-0.428498
protein|ALDH7A1,-0.2987147,-0.04167717,0.09665086,0.17154145,-0.29914728,0.28743735,0.23795299,0.2466933,-0.02655393,-0.36025393,-0.3231269,0.2746837,-0.054374784,-0.45198485,-0.44164824
protein|NDUFA11,-0.17135297,0.081162244,0.09498352,0.6167486,-0.08685425,0.55106634,-0.32120216,0.6856676,0.21176161,-0.010139846,0.28776777,-0.35232344,0.218716,-0.2421888,-0.36650229
protein|BCCIP,0.15850279,0.30805233,-0.18633574,0.062544964,0.14398298,0.31205684,-0.41013443,-0.32544348,0.20101,0.1368297,-0.0324868,0.12858367,0.23961323,-0.083292,-0.18031451
protein|MTMR1,0.30876264,-0.50885856,-0.3966575,0.05796778,0.29765627,0.26541182,-0.2885941,-0.055124853,-0.1959823,-0.2823937,-0.17582488,0.4816571,-0.15910238,-0.08111347,0.021641819
protein|WRNIP1,0.31850055,-0.53618264,-0.5063753,-0.1611381,0.34693602,-0.043348294,0.045930758,-0.29810223,0.093445,0.0025353113,-0.2551819,0.525364,-0.10285164,0.22339366,0.04656077
protein|FAM195B,0.16909799,-0.37977397,-0.29166067,-0.34171277,0.03701256,-0.2525411,0.4300948,-0.6292966,0.023852557,0.07705885,-0.27457574,0.48108697,-0.39024577,0.076983236,0.26133212
protein|HSPE1,0.2814047,0.3936659,-0.70384985,-0.17799935,0.8467743,0.2480542,0.38666958,-0.23705035,0.5184052,0.2130803,-0.0672421,0.41455868,0.18308802,0.3298091,-0.19881135
protein|GIMAP1-GIMAP5,-0.13173608,-0.8863197,0.8776331,0.2667296,0.008232304,-0.014694438,-0.025363004,0.37319082,0.30890444,-1.0737407,0.12418166,0.105314575,-0.029378451,0.21616782,0.62138087
protein|SNCA,0.17223066,0.16892996,0.09947066,-0.22255233,-0.81475544,-0.29243654,0.27774042,-0.33182642,0.19346704,0.19393338,0.14182626,0.08746327,-0.14697134,0.12342237,-0.33018023
protein|HACD2,0.16733073,-0.120021775,-0.29197603,0.04969652,0.23351693,0.19196515,-0.3488954,-0.04414532,-0.42140368,-0.09756414,-0.21513109,0.4034388,0.06349888,-0.1348244,-0.33962768
protein|BROX,-0.18817453,0.42296326,-0.17863058,0.13496183,-0.25098887,0.46944928,-0.2075825,0.4324612,0.008297946,-0.27660215,0.1364898,-0.33308607,0.2887587,-0.17661612,-0.3502492
protein|KEAP1,0.20045263,0.16169025,-0.268359,0.21404533,0.4081154,0.27448612,-0.39246348,-0.124637015,-0.08931534,0.0025758538,-0.12613003,0.39651012,0.24095239,0.13930197,0.07734424
protein|BLVRB,0.014106159,-0.3026222,0.4158202,-0.021092163,-0.81217486,-0.3869877,0.26725432,-0.43853143,0.27483028,-0.17279351,0.1648817,-0.25553584,-0.32882077,0.117742226,-0.16363668
protein|PHB2,-0.25844914,0.5546567,-0.24473974,0.36139724,0.317686,0.64761585,-0.51057494,0.57678455,0.026758937,0.16804959,-0.17236376,-0.33259383,0.20514154,-0.40217143,-0.7782799
protein|F11R,0.10738099,-0.504516,-0.014109927,-0.24076755,-0.15905975,-0.12738065,0.2148125,-0.08402718,-0.006753795,-0.13519306,-0.18486175,0.3210284,-0.06362614,-0.18945874,-0.066743456
protein|LMO7,-0.010322266,-0.098152235,-0.2963056,-0.38861492,0.15156953,-0.21839544,0.24613795,-0.08586454,-0.23577522,0.19561826,-0.20533265,0.30352652,-0.35725754,-0.017187258,-0.29636163
protein|EXOC6,-0.3201338,0.12610394,-0.04493928,0.18941829,0.09809893,0.035034023,-0.25441217,0.21086141,0.037516538,0.021049464,0.15330966,-0.3045966,-0.18010463,-0.1442615,-0.33341944
protein|BID,-0.07139669,-0.32433644,-0.015128485,0.04501909,0.47477537,-0.35285312,0.24135922,-0.310618,0.11140788,0.09935033,0.14950748,0.31092098,0.036504533,0.24020395,0.054638397
protein|PRKAA1,-0.20815048,0.12147755,0.15219551,0.068688326,0.10487603,0.14113621,-0.25439206,0.2085432,-0.112824686,-0.005083324,0.0476334,-0.19486327,0.025423361,-0.40078065,-0.4435251
protein|HPCAL1,-0.18877204,-0.5094828,0.055928055,0.26004365,-0.24441648,0.086346954,0.030618241,0.16831599,0.14026493,-0.7473679,-0.06589986,0.62148684,0.058072917,0.035782654,0.19875349
protein|EDF1,0.55624235,-0.15134251,-0.50980854,-0.29571065,0.7290581,-0.012271029,0.5302458,-0.5771535,0.19633912,-0.19188802,-0.1976333,0.6497838,-0.044024356,0.39868212,0.58323544
protein|SVIP,0.13299341,-0.22445726,-0.13242945,-0.2650718,-0.40150127,-0.39403242,0.28141096,-0.26434085,-0.2888198,-0.122956276,-0.058267716,0.16430034,0.16254942,0.046397045,0.069107264
protein|ARHGAP18,-0.07184507,-0.4658447,0.45648524,-0.14294688,0.19436663,-0.11332706,0.47011822,0.070555195,0.17390427,-0.34816238,0.023000807,0.19385341,0.036639854,0.0787496,0.031268287
protein|VRK1,0.16611192,0.21248107,-0.32176638,-0.2359501,0.46431276,0.2750548,-0.09450504,-0.7301793,0.0076274406,0.47478676,-0.17142694,0.43287542,0.20761204,0.23233528,0.23828338
protein|QTRT1,-0.103660606,-0.15319881,0.050711,-0.07565405,0.16192615,-0.22751151,0.18084852,-0.2593491,0.09570774,0.1666317,-0.25392315,0.31321093,-0.37319696,-0.14339074,-0.06608769
protein|PTRF,-0.31886262,-0.19110925,0.64541596,0.09611724,-0.2454119,-0.09718066,-0.08723508,0.021041587,-0.20398393,0.13224304,-0.32167122,-0.06336738,-0.41854495,-0.66334,-0.49172524
protein|NFX1,0.010598913,-0.48514324,0.016716981,0.01194535,-0.32062012,-0.20491268,-0.007549125,-0.34237736,0.10885357,0.18860774,0.16093893,-0.20791404,-0.17338878,-0.055143345,-0.02033285
protein|STK38L,-0.15681162,0.37421373,-0.079830855,0.53525925,0.22929703,0.1755476,-0.3887223,0.41704398,-0.027692005,0.17718987,0.3913439,-0.12319761,0.3730709,-0.043613553,0.09263382
protein|PAPSS2,-0.5012891,-0.06812283,-0.08051933,0.33086076,-0.19773035,-0.11309024,-0.1509056,0.7127508,-0.1817073,0.008544938,0.07318873,-0.03132781,0.20590268,-0.45029235,-0.41701782
protein|PRDX4,-0.22146145,0.20666337,0.3988197,0.6022068,0.109111205,0.23942418,-0.11085804,0.2072165,0.23376468,-0.073283516,0.09530991,-0.07223564,-0.012600735,-0.31431586,-0.65742964
protein|TRIP10,0.2693053,-0.26867676,0.3839145,-0.33644387,0.11444087,-0.44248915,0.4166976,-0.47934803,-0.021705475,0.009974174,-0.28706953,0.30565038,-0.24146444,-0.26265055,-0.07256381
protein|CD274,-0.30969408,-0.19678453,0.31207588,0.32071218,-0.024547558,0.0021409432,-0.08660991,0.5821421,0.47007605,-0.049256448,0.5702246,-0.08542485,0.226941,0.25180197,0.10250398
protein|MME,-0.0133013,0.13087311,0.031505086,0.029202074,0.15503576,0.20465878,-0.10311369,0.26659906,0.08485229,0.09156506,-0.07318703,-0.23316571,-0.0020861397,-0.08060537,-0.2500682
protein|HK3,-0.46781307,-0.79231876,0.6479472,0.40113786,-0.28230944,-0.2621681,0.23469347,0.27189755,0.3893671,-0.18846147,0.7331933,-0.107156955,-0.062005755,0.18026908,0.010730737
protein|LXN,0.0045551406,-0.039944544,0.41996384,-0.1324775,-0.54425937,-0.42934626,-0.016709596,0.4960294,-0.24939445,-0.122197956,-0.10050272,-0.14451133,-0.16072017,-0.34236637,-0.12027034
protein|HEBP1,-0.05885294,-0.6247102,0.34878126,-0.1037148,-0.40974694,-0.24243905,0.39115107,0.13732195,0.19893946,-0.39172754,-0.037408154,0.22137533,-0.35977906,0.10686281,0.2623159
protein|ISYNA1,0.11636204,-0.102395855,-0.20832922,0.0961487,-0.33837098,0.35945097,-0.37754256,0.0588174,-0.018662598,-0.11647023,-0.19228189,-0.16603416,0.14713766,-0.04214206,0.04229818
protein|LIMK1,0.022207974,-0.5201653,0.0068808473,0.34086752,0.12921013,-0.04671234,0.07926975,-0.14168051,0.045912083,-0.033041567,0.051001176,0.032516528,-0.43580446,-0.1540085,0.047542494
protein|KIAA0020,-0.10701468,0.3550995,-0.4532111,-0.0630439,0.3224134,0.04033527,-0.28385764,-0.4864411,0.19077933,0.5412522,0.08317522,-0.05745894,-0.08253035,0.10212526,-0.19263555
protein|H2AFY2,-0.15416875,-0.44047335,0.1670507,-0.062099587,-0.3617924,-0.23640335,-0.038460393,0.4252094,-0.5174864,-0.19171974,-0.22434656,0.22902676,-0.23184234,-0.38227704,0.080927975
protein|HSD17B11,-0.270409,0.038977597,0.0049354536,0.37075332,-0.29160786,0.3874391,-0.26987034,0.5557841,0.19119646,-0.30239257,0.07492014,-0.28171647,0.32321748,-0.22427872,-0.51756567
protein|VPS26B,-0.33970886,-0.24418424,0.8749315,0.13024282,-0.10926393,-0.025215872,-0.050554663,0.19354226,-0.16743053,-0.3360888,-0.1849398,-0.42806938,-0.3605658,-0.30279613,-0.20585816
protein|MYH10,-0.0863272,0.041852027,0.22729541,0.022199646,-0.30359003,-0.39635962,0.0121194655,0.096744224,-0.2974554,-0.18387818,-0.43558845,-0.039461568,-0.34965107,-0.529246,-0.5350714
protein|EMILIN1,0.1608987,-0.6772801,0.43029594,-0.31980106,-0.16023299,-0.6003596,0.56743956,-0.03405044,0.04474432,-0.08549116,-0.19030103,0.17090397,-0.72061557,-0.2060477,-0.21184346
protein|RAB3D,-0.5840907,-0.07468123,0.0729006,0.25756142,-0.58531135,-0.099173106,-0.091081634,0.3239409,-0.008663982,0.14638501,0.27307734,-0.1834119,0.23531757,0.016932877,-0.2232736
protein|ME1,-0.31889328,-0.31310666,0.4765636,0.26999468,-0.19262078,0.15583825,-0.24650812,0.5247976,-0.11162089,-0.3574585,0.35958993,-0.4140061,0.32778314,0.12789372,-0.110331334
protein|MFF,0.16241932,-0.31912968,-0.023442294,-0.15481378,0.140149,-0.019473407,0.087877356,-0.19965653,0.31000835,0.1959173,-0.21195051,0.13434663,-0.3332899,-0.28089514,-0.25162718
protein|ITGAM,-0.30720782,-0.61995876,0.12454945,0.051322725,-0.6630972,-0.6622909,0.3377641,-0.021162625,-0.016741548,0.18260336,0.3559843,-0.004857108,-0.24947634,-0.06907314,0.06307949
protein|ATP5J,0.018872945,0.12814936,0.08393457,0.10262191,0.35758743,0.17133826,0.49869812,0.037019435,0.13556163,-0.25393417,-0.24011676,0.5079086,-0.07507567,-0.13939686,-0.28959897
protein|EPT1,0.0068738684,0.3181931,-0.026294678,0.42241034,0.338774,0.19897768,-0.5252443,0.28149608,0.079324506,0.12718563,0.1754998,-0.2865503,0.07687471,-0.28949794,-0.5369134
protein|C1S,-0.20557153,-0.45849591,0.22185685,-0.11623184,-0.50432837,-0.62374645,0.50589913,0.09523773,-0.1924313,0.18634106,0.1503384,-0.17910255,-0.5858096,-0.3502582,-0.39852938
protein|TPP1,0.34672365,-0.42542323,0.1907138,-0.19317095,-0.012264417,-0.19505753,0.52892977,-0.3356235,0.24215281,-0.5392084,-0.0921429,0.6977731,-0.14112376,0.27429456,0.44333717
protein|HMOX1,-0.15322483,-0.42661428,0.046264846,0.319882,-0.06440928,-0.12461528,0.10568174,-0.15615618,0.25622407,-0.32634732,0.11089334,0.3801521,-0.13603105,-0.0024693715,-0.041013397
protein|IRF8,0.031537876,0.014996815,-0.52045393,-0.2362747,-0.14110653,0.19198723,-0.28061125,-0.15918446,-0.20267865,0.28068513,-0.07054482,-0.07998007,0.014293729,0.026963558,0.022091502
protein|PDCD4,0.23147903,0.14374608,-0.21796446,-0.13481395,0.020266939,0.16567542,0.10366914,-0.44892412,0.17219895,-0.40874365,-0.25790063,0.23124328,0.22915474,0.45339206,0.60379463
protein|F8W0Q9,0.37458092,-0.106161825,-0.2952825,-0.22308023,0.5733319,0.20783801,0.28537753,-0.6335123,0.103477344,0.020256814,-0.29158163,0.4013435,-0.055842306,0.25613898,0.47624025
protein|PCBD1,-0.018609421,-0.0736385,-0.3384259,0.098463245,-0.070593946,-0.04173641,0.11975267,0.075973816,0.08867837,-0.5228738,0.06711899,0.2358401,0.23551011,0.099009454,-0.20011298
protein|Q01196,0.28265423,-0.17169139,-0.030928804,0.12104581,0.105494164,-0.27134076,-0.055048183,-0.42399162,0.06251838,-0.12921393,0.20164582,0.08319745,0.1359206,0.18596302,0.15787935
protein|GIMAP1,0.0074731745,-0.5837515,0.7918927,0.13076657,0.0021846711,0.11268251,-0.26341146,0.4492751,0.28974646,-0.86934894,-0.106540695,0.03916533,0.01377577,0.15312149,0.39940512
protein|MRPL53,0.13275616,0.16881911,-0.26153016,-0.24033813,0.53078085,-0.11085554,0.61304617,-0.3320045,0.1146126,0.010391768,-0.38315526,0.6082253,0.20177825,0.23173438,0.11496438
protein|GSN,-0.25738144,-0.36939734,0.1414261,-0.009233321,-0.29391873,0.056542274,-0.4306626,0.54159033,-0.3364781,-0.05842222,0.16739802,-0.2699767,0.023877855,-0.014083557,-0.1748848
protein|HSD17B12,-0.20996238,0.37190342,0.10110716,0.27554813,0.036299594,0.3827696,-0.57829684,0.38799828,-0.4115988,0.021973347,0.13814797,-0.20258142,0.2947211,-0.16272396,-0.4182411
protein|CCNK,-0.11391448,0.019406797,-0.103429146,0.21812482,0.19377755,0.41076592,-0.45779097,-0.08646184,0.25478292,0.10372203,-0.14162599,0.06514751,0.09324307,-0.05194157,-0.43476152
protein|TIMM13,0.14360529,0.16257545,-0.34615195,0.03919866,0.4893184,-0.17027079,0.18627454,0.1546338,0.17753367,-0.216326,-0.19910875,0.3473383,0.12339032,-0.04745248,0.065087326
protein|AGK,-0.12176447,0.45337066,-0.019462924,0.2418314,0.16589996,0.2977874,-0.1988374,0.50109726,0.14256209,0.0015268299,-0.049698852,0.106776156,0.36084667,0.06527585,-0.08207863
protein|SRSF9,0.5470865,0.0028150002,-0.44947433,-0.2725242,0.62674,-0.08095989,0.47419816,-0.66402817,0.03895595,0.24167326,-0.23652709,0.9106878,-0.092223085,0.29765293,0.49130198
protein|CTSB,-0.12341123,-0.38980496,0.7978764,0.17330599,0.2089852,-0.079307854,0.5661521,0.087998636,0.55953634,-0.10325315,0.6098378,0.03602539,-0.1314114,0.36489952,0.13644063
protein|TLN2,0.4420742,0.013430791,-0.3881265,-0.17611896,0.5922532,0.07804971,0.33742136,-0.5462284,0.34408274,0.06327325,-0.03190179,0.57615703,0.08967355,0.467729,0.4260805
protein|CWC15,0.516868,-0.19205794,-0.37905958,-0.4625742,0.39717984,-0.033052027,0.6312196,-0.71057487,0.11728212,0.089262076,-0.43585056,0.42434448,-0.2769458,0.23523405,0.423115
protein|NPM1,0.40116888,0.31645936,-0.57885844,-0.101799525,0.8401958,0.095204905,0.18332851,-0.7050468,0.38738313,0.32404384,-0.14174639,0.51361084,-0.073848926,0.26731986,0.157694
protein|ACP2,-0.06071335,-0.5070363,0.74780434,0.18303318,0.28039995,-0.01834562,0.22535428,0.18791918,0.41193518,-0.28239045,0.24756286,0.53304785,-0.14321572,-0.11716239,0.03822905
protein|PFKFB2,-0.069578245,-0.3895603,0.21364023,-0.070851006,0.2581488,0.14073956,-0.051918942,0.06369522,0.19301453,-0.25023183,-0.29677704,0.3990053,-0.33952713,-0.34398964,-0.17744607
protein|TOE1,-0.021372158,-0.13959485,0.22355023,-0.20725404,0.12184208,-0.06938045,0.1507681,-0.15260005,-0.2382311,-0.11905728,-0.3062098,-0.14450261,-0.38246602,-0.038899522,-0.26239455
protein|ATP6V0D1,-0.41451266,-0.060436264,0.57751083,0.60460484,-0.0012980672,0.27468526,-0.5071489,0.58557665,0.15772228,-0.11153029,0.6163103,-0.5719956,0.24922979,-0.16068971,-0.25549406
protein|NCF1,0.086303055,-0.1726439,0.038060766,-0.13125952,-0.076803274,0.15477774,-0.1049949,0.14635292,-0.02169698,-0.05972277,0.3949452,0.023535814,0.0186387,0.23014133,0.27683577
protein|TSTD1,-0.10577258,-0.23973437,-0.4815239,-0.032377973,0.072983176,0.113227986,0.2062905,-0.0059697498,0.076846905,-0.45708552,-0.047036182,0.4523426,0.28537476,0.24750131,0.11660499
protein|GAR1,0.00041499,0.30877772,-0.34362778,0.13140352,0.13668479,0.15793185,-0.20355877,-0.12610076,0.07325646,0.29936633,-0.22118652,0.6632741,0.04659118,0.02663053,-0.08514599
protein|CFH,-0.11037576,-0.09146366,0.5456404,-0.12011953,-0.53334284,-0.68320745,0.510408,-0.080668494,0.022004295,0.44338235,-0.111736715,-0.24663927,-0.6735453,-0.59555596,-0.30658937
protein|KAT7,0.29435238,-0.18759051,-0.18931662,-0.26934564,-0.16771902,0.12283952,0.15533563,-0.36834118,0.029675543,-0.07794146,-0.3156433,0.24766208,-0.31791237,-0.003483458,-0.039920047
protein|INCENP,-0.026537212,0.22578993,-0.23930675,0.041536048,-0.11613605,0.061185446,0.021743214,-0.39374977,0.12296756,0.56036544,-0.11303744,0.053572096,-0.26304924,0.0030471603,-0.33405122
protein|DNTTIP2,0.25088173,0.0008454728,0.006431769,-0.27825087,0.12376087,-0.009925794,0.3560868,-0.47950393,0.2563904,0.30260172,-0.43212086,0.22772977,-0.73725355,-0.21134584,-0.20357601
protein|CECR5,0.045323867,0.37764886,-0.39035344,0.26463062,-0.037785977,0.33861786,-0.20279095,0.19952548,0.05416491,0.27262118,-0.085583284,0.11085259,0.029053276,-0.13376723,-0.61796224
protein|FCGR2C,-0.026969066,-0.2353251,0.41762936,0.21077019,-0.025075873,-0.21759848,0.27288485,-0.030060071,0.18050517,-0.21886301,0.33811855,-0.118907645,0.0028526965,0.28746524,0.19198571
protein|HMGB3,0.4186799,0.29175648,-0.41860434,-0.24262536,0.3753313,0.078758575,0.22781323,-0.60046935,0.06400553,0.40660104,-0.060543034,0.3893164,-0.036827397,0.16524732,0.14281538
protein|MTCH2,-0.19627668,0.28424144,-0.39469725,0.19176553,0.06418546,0.24648619,-0.3245048,0.48176807,0.21411663,0.010614442,0.13450375,-0.20685878,0.32879657,-0.18800913,-0.53291553
protein|MYD88,-0.04441294,-0.5078055,0.09280536,0.07252139,-0.021279892,-0.047049213,-0.058360692,0.027208842,0.01876115,-0.31116337,-0.081280515,0.04360291,0.04084372,0.055415742,-0.29430908
protein|FOXO1,0.4792172,-0.099636,-0.26544636,-0.38226086,0.27212304,0.14871815,0.19139694,-0.3058893,0.023222756,-0.405714,-0.5498324,0.60715044,-0.27401653,-0.11028884,0.28230968
protein|TLE3,-0.023004754,-0.123271205,0.096579745,-0.20048985,0.061392285,0.049172442,0.1496553,-0.42590523,0.07101872,-0.24397014,-0.23859297,0.11754416,-0.09829576,-0.037707698,0.0017412427
protein|A0A2R8Y5V9,-0.1218424,0.062842235,0.050301258,0.18908526,-0.19632925,0.055720814,-0.1741557,0.16611567,-0.24160396,0.0016858738,-0.040855207,-0.38190702,-0.12386993,-0.005070737,-0.2584054
protein|VKORC1,-0.21113446,0.34646294,0.6682952,0.014996517,0.052434944,0.024968667,0.12452484,0.25345433,-0.1879155,-0.11097507,-0.17572051,-0.11216912,-0.22333777,-0.4351249,-0.14171278
protein|XPO5,-0.16035476,-0.047565967,-0.21393308,0.1793515,0.4878664,-0.015341685,-0.29162425,-0.084819384,0.018708088,0.2844637,-0.19080192,-0.073553,0.0058199414,0.003850907,-0.13671541
protein|PLEKHF2,0.32460916,-0.027869938,-0.58788866,-0.47298333,0.17834292,-0.057835907,-0.19752541,0.046801373,-0.58509576,0.18512042,-0.18882295,0.455691,-0.11177656,-0.14277004,-0.03973766
protein|HMGCL,-0.38496354,-0.03290476,-0.2929625,0.14654212,0.053905584,0.44466618,0.045406345,0.6405168,0.17665623,-0.5370877,-0.09586715,-0.0011076641,0.28242448,-0.1925195,-0.5798356
protein|P06396,-0.19859397,-0.46765947,0.3600565,-0.117470935,-0.16176066,-0.20246466,0.094427966,0.5202556,-0.33740133,-0.07715009,0.12371989,-0.09828331,-0.16280034,-0.06187254,0.22857216
protein|KIF11,0.036870655,-0.061062492,-0.19498529,0.16000754,0.4939196,0.16842975,-0.30865696,-0.32089075,0.05896132,0.85134345,0.14696041,0.18690258,-0.04285922,-0.12296572,-0.59729666
protein|APOBEC3C,0.19827427,-0.0070748953,-0.19059162,-0.07502441,0.051464617,0.25447023,-0.24844626,0.19849129,0.06935681,-0.28148958,-0.14343117,0.17722628,0.08672465,-0.036191408,0.15821211
protein|NTPCR,0.017609345,-0.0339401,-0.36671007,-0.14655699,0.23731968,-0.031108612,0.3143397,-0.29864773,0.07869884,0.077208854,-0.08005936,0.25284618,0.10974288,0.34423152,0.041235376
protein|CNDP2,0.2057278,0.17003411,0.14543158,0.24852572,0.14487636,0.46967798,-0.064626634,0.39429283,0.17780156,-0.43856338,0.27519163,-0.13521996,0.42047325,0.4069901,0.060174305
protein|J3KQL8,-0.29401615,-0.57013047,0.8884704,0.16990982,0.39046305,0.06307444,0.13193141,0.31961408,0.47049248,-0.45206282,0.36178747,-0.18702318,-0.21420248,0.17735697,0.08671105
protein|PRAF2,-0.052906446,-0.2131854,0.18878527,0.44479114,-0.13115793,-0.06326516,-0.15266879,0.31698108,-0.19841756,-0.21149004,-0.035353757,0.16481948,0.09396153,-0.337569,-0.093968555
protein|NR2C2,0.2595896,-0.24656312,0.06196899,-0.21754086,-0.24090128,-0.2479477,0.2937493,-0.03167612,-0.1088401,-0.13094291,-0.21254729,0.10887602,-0.3131309,-0.1443835,-0.09105518
protein|ASCC2,0.18699276,-0.2910669,0.10371263,0.07394575,-0.03490072,0.046234064,-0.14609173,-0.3270437,0.28841084,-0.17873316,-0.17874828,0.18591969,0.019875752,-0.065945424,-0.10694536
protein|TBRG4,-0.34868127,0.40665013,-0.18456669,0.21134108,0.6967063,0.3314799,-0.08259277,-0.019455845,0.20783076,0.40831602,-0.0850531,0.20046732,0.12813568,-0.10597404,-0.41660842
protein|CD55,-0.015971102,-0.056544103,0.16283111,-0.025281044,-0.29927173,0.04216072,0.1264855,-0.4405356,-0.17438811,-0.06959448,-0.093467705,0.0062423106,-0.21728882,-0.22685042,-0.0559089
protein|PCLO,0.038318735,-0.05529831,-0.40663302,-0.12823237,0.44088352,0.11934278,0.061953835,0.12861235,-0.15115084,0.14135836,0.18401584,0.105365604,0.003983108,0.3194281,-0.09063598
protein|GRPEL1,-0.16341777,0.19514316,-0.32736757,0.43905503,0.56663066,0.24832454,-0.31404376,0.071334444,0.27257884,0.20728348,0.099446945,0.1285639,0.10372771,-0.04459719,-0.27387625
protein|MYO1B,-0.11733972,0.22022294,0.28454003,0.13375412,-0.26287985,0.1577087,-0.18371886,0.45929834,-0.14611548,-0.14744379,-0.18350744,0.07588102,-0.111932226,-0.50604653,-0.42618626
protein|TOR3A,-0.16727452,-0.09700404,-0.03461629,0.39601886,0.35284546,0.048756972,-0.4354193,0.44075918,-0.11572058,0.16010891,-0.03210271,0.27860838,-0.03874679,-0.33826023,-0.18288887
protein|PAPLN,0.028717559,-0.44262925,-0.043671086,0.02812539,-0.13955039,-0.46134987,0.38557047,-0.19789812,0.019189043,-0.31208354,-0.28540885,0.2576171,-0.37359178,-0.101190366,-0.022169251
protein|MP68,0.30782038,-0.28400964,-0.39739823,-0.28829503,0.2663147,0.20858595,0.39260936,-0.41853413,0.030299092,-0.37467262,-0.39421678,0.46767798,-0.16440243,0.16744126,0.028532133
protein|ASF1A,-0.11019308,0.050802633,-0.07047968,0.049052507,0.43627566,0.53042865,-0.50983655,-0.24995252,-0.18540035,0.4040944,-0.13149562,-0.055633638,-0.03410061,0.10087154,0.014932657
protein|EXOC3L4,-0.0895866,-0.36264598,-0.24604978,0.2281763,0.040425718,-0.044402517,0.047683947,-0.14469393,0.17706542,-0.37293518,-0.09026788,0.24799986,-0.016038455,0.24830809,0.03329235
protein|ICAM1,0.050232813,-0.895764,0.29208472,-0.22479446,0.18617117,-0.40226248,0.49283186,-0.044072144,0.19881383,-0.04901213,0.32976305,0.3231474,-0.3986378,0.1236885,0.23141365
protein|DDAH1,-0.046484876,-0.11236338,0.05254579,0.0565581,0.06549564,0.109950565,0.28389403,-0.018441385,-0.12273077,-0.13963339,-0.09270781,0.12606241,0.080718815,-0.09200953,-0.2776535
protein|PTPN6,-0.10392349,0.076238714,-0.10340874,0.11497314,-0.032844074,0.35128307,-0.38516176,0.2976157,0.0067632636,-0.24640979,0.10910114,-0.055064224,0.29375187,0.27424023,0.39525676
protein|NNMT,-0.423631,-0.08738675,0.3415223,0.10275983,-0.16419777,-0.26210883,0.3263212,0.41635293,-0.2666762,-0.16447137,0.09891744,0.039593745,-0.07698416,-0.54618776,-0.40365154
protein|ENGASE,0.11409235,-0.31574556,0.12381486,0.01517921,-0.29653242,-0.112533174,0.037208796,0.12018856,-0.010834026,-0.14665076,-0.013436541,0.3000116,0.04749579,-0.16037056,-0.08238124
protein|ECI2,-0.120012246,-0.2800942,0.13337675,0.12310087,-0.25047636,0.0041498733,0.00075559685,0.036005173,0.29689008,-0.08436032,0.009348175,-0.13498162,0.22202592,-0.15199174,-0.2240195
protein|CHCHD2,0.24379215,0.3340637,-0.18001668,-0.08307208,0.6122241,0.059625316,0.63500917,-0.16653685,-0.08034685,0.21913764,-0.09826021,0.6341578,0.05242374,0.14585546,0.39972365
protein|RHOF,-0.023721758,0.040597904,-0.31696498,-0.0794029,0.027091285,-0.15568039,-0.2928528,0.15514642,-0.34390497,0.055218298,0.099562645,0.03164561,0.10188801,-0.017150097,0.14113414
protein|SRSF3,0.5304191,-0.20862243,-0.59973454,-0.48731738,0.5573907,0.004876973,0.5493666,-0.5783563,0.1999955,0.120028645,-0.1953781,0.6299198,-0.12649563,0.41246596,0.48444298
protein|EEF1D,0.030104775,-0.14932187,0.14414488,-0.16446699,0.2428891,-0.3867459,0.42772108,-0.42882806,-0.15469262,0.20582075,-0.32875326,0.21830843,-0.45863292,-0.08621939,-0.08580651
protein|LAMC1,0.014079727,-0.40922922,0.63248,-0.10234181,-0.23918849,-0.36961165,0.18669315,-0.11333968,-0.012637342,0.007783409,-0.4343386,0.2019594,-0.85370266,-0.46230084,-0.18999352
protein|PDLIM4,-0.02533695,-0.54897,-0.26005918,-0.08047675,-0.5520206,-0.45173413,0.1464634,0.2498186,-0.46150097,-0.11633995,-0.14606555,0.46037206,0.037546184,-0.015039686,-0.2084321
protein|MYOF,-0.3539553,-0.58972335,0.8665194,0.3421359,-0.13535543,-0.120724,0.09343315,0.62330925,0.20930278,-0.10105514,0.5617123,-0.41299486,-0.22094227,-0.14727584,-0.1522675
protein|BTF3,0.4137129,0.36603254,-0.59554,-0.20517595,0.72344035,0.10253675,0.2621791,-0.6038732,0.18892892,0.2751465,0.02466179,0.59805906,0.13664578,0.4909185,0.52781004
protein|MNT,0.031655848,-0.430934,-0.1257694,0.09910338,-0.11289049,-0.16743043,0.14512503,-0.18276075,-0.045220636,-0.13797498,0.04902716,0.03926762,-0.29608932,-0.17775977,-0.060863443
protein|LANCL2,-0.20767085,0.08895298,0.24401662,0.12826735,0.1416864,0.01922857,-0.25482896,0.029267646,-0.18047786,-0.068001345,-0.17608337,0.0029477784,-0.0035330835,-0.1174877,-0.25116935
protein|PHRF1,0.11902455,-0.21875617,-0.10698093,-0.27060354,0.34148568,-0.21073167,0.276845,-0.109967545,-0.080263756,-0.15869085,-0.3216702,0.53210264,-0.08056771,0.1935688,0.20829391
protein|HMGB2,0.6555612,-0.022047726,-0.52511257,-0.483095,0.15912852,0.07238488,0.2538769,-0.4535095,-0.054213066,-0.07243765,-0.23866332,0.46452096,0.024852494,0.25026476,0.7222154
protein|METTL21A,0.23854768,0.09647674,-0.45286265,0.22245573,0.11310194,-0.020021671,-0.07304105,-0.041928846,-0.36347398,0.06716423,0.07526299,0.08064287,0.4590473,0.2546028,0.010216996
protein|LTA4H,-0.27081844,-0.09788945,0.37742236,0.30632117,0.029331043,0.364544,-0.29538926,0.81553686,0.010483506,-0.15688616,0.543692,-0.46175477,0.29073676,0.15588976,0.1876097
protein|SLIRP,0.01429532,0.29719004,-0.42733574,-0.17896463,0.69424343,-0.08000611,0.61000293,-0.5664421,0.46619466,0.30783242,-0.05155708,0.59283745,0.1324242,0.3100314,-0.07571549
protein|FABP5,-0.033531073,-0.07480699,0.09395909,0.14782138,0.5601444,0.12819928,-0.15644658,-0.34112272,0.48657855,-0.089935414,0.0637244,0.2406709,0.20989041,0.4381524,0.58222604
protein|RPLP2,0.37703094,0.399731,-0.35872722,-0.14986275,0.5066433,-0.049359478,0.5200032,-0.5750641,0.35087532,-0.023417747,0.06794711,0.7258003,0.2642368,0.59488684,0.64360964
protein|ITGA1,0.15839049,-0.30177122,0.17812167,0.048778657,-0.5698058,-0.066878006,0.25202128,-0.11047181,-0.077987015,-0.5801236,-0.26634544,0.30399418,-0.21778238,-0.36635056,-0.39090353
protein|MANF,-0.15566677,0.33744758,0.29517555,0.5527982,0.17792308,0.21808141,-0.05789202,0.10480289,0.37420627,-0.16514532,0.3056729,0.2403906,0.27793816,-0.026061062,0.14560576
protein|RAB32,-0.4094183,-0.23927338,0.5861165,0.5298654,-0.16356538,0.200058,-0.34628233,0.76986384,0.15541326,-0.3532929,0.40692925,-0.47096652,0.20544657,-0.14850897,-0.18711956
protein|MCM6,-0.05876358,0.42356518,-0.4500425,0.21442997,0.61656064,0.27670738,-0.44764063,-0.4667194,-0.046721987,0.85887855,0.040284805,0.16836149,0.1705316,-0.14192733,-0.496524
protein|MSI2,-0.029713003,0.1772648,-0.49959457,-0.085215375,0.042869005,0.29311037,0.13264275,-0.0916357,-0.121814534,0.059864737,-0.12461435,0.35545066,0.24731903,0.13919595,0.1684614
protein|SEC11A,-0.37971136,-0.085933566,0.124909684,0.6635075,-0.2236066,0.31199697,-0.5658572,0.47749278,0.042474005,-0.21916468,0.19236079,0.3416799,0.23227496,-0.24243061,-0.3075718
protein|VWA1,0.20322272,-0.65543777,0.094044745,-0.15035592,-0.057826,-0.4248115,0.17681807,-0.12070374,-0.08849329,-0.25419125,-0.34013936,0.3501063,-0.6193308,-0.112389065,0.20029636
protein|LDAH,-0.16763356,0.11629178,-0.4135059,0.36323178,0.11957679,0.30244714,-0.6736602,0.230147,-0.24281996,0.08140597,0.13298133,0.16463806,0.31772426,-0.101549715,-0.5470306
protein|CWC22,-0.14344497,0.031041866,0.1954175,-0.0077087865,0.47980234,0.19854578,-0.07542194,-0.23264785,-0.04538563,0.21638934,-0.39279386,0.32292128,-0.28699428,-0.31323966,-0.38312125
protein|NOC2L,-0.21541528,0.4329474,-0.25035936,0.42369112,0.506967,0.29740188,-0.41038793,-0.015675748,0.2497767,0.45231435,0.031765003,0.04024223,-0.022807147,-0.22591367,-0.60065985
protein|MRTO4,-0.015313264,0.23777089,-0.3486788,0.09748943,0.27796897,0.12158895,-0.25091934,-0.518032,0.11273361,0.53218687,-0.09000921,0.50340134,-0.13322724,-0.03814092,-0.26388603
protein|UBE2O,0.068503715,-0.25331214,-0.0066006207,-0.14237455,0.048631802,0.036804784,0.029327719,-0.6025415,0.03446746,-0.023553612,-0.17551762,0.31277522,-0.22797076,-0.11338224,0.16827422
protein|NSA2,-0.006810659,0.3025275,0.10489761,0.1747907,0.56143874,0.18566647,-0.14072819,-0.31966534,0.191353,0.42898273,0.008128336,0.20435688,-0.13489532,-0.175583,-0.44975036
protein|ADK,-0.07460553,0.1477988,-0.19104743,0.2436221,-0.01061632,0.2767134,-0.46818674,0.20796539,-0.20038962,-0.15819208,-0.27676424,-0.06561407,0.20392784,0.01836186,-0.1391261
protein|AIFM1,-0.18006113,0.3981352,-0.25604734,0.21938214,0.512213,0.4526089,-0.10423308,0.48121813,0.090476714,-0.009889978,-0.23213442,-0.029695077,0.18635063,-0.20028716,-0.5925004
protein|ARHGDIB,0.28270552,0.04047258,-0.43336833,-0.100041784,0.013838185,0.14000495,-0.21321172,0.21725734,-0.43551692,-0.49078196,-0.077573545,0.06825523,0.36333847,0.3138308,0.95562786
protein|AKAP8,0.25242767,0.013094608,-0.095326886,-0.40106457,0.6444388,-0.14151461,0.34934506,-0.5367402,0.1888878,0.2071006,-0.4545551,0.6461983,-0.34465483,0.16515641,0.09479698
protein|ALOX5,-0.33599228,-0.25892702,0.09617512,0.12434443,-0.564786,-0.06388952,-0.17663859,0.40378782,-0.3666798,-0.13083152,0.13125603,-0.0049657896,0.067319386,-0.20442925,-0.23737168
protein|LAMA4,-0.0753265,-0.26926458,0.5171731,-0.060579732,-0.16041999,-0.37312824,0.088218614,0.097297326,-0.08510007,0.1434795,-0.082061745,0.027473122,-0.7492797,-0.4518358,-0.33825624
protein|STAT1,-0.29741427,-0.54548705,0.8178025,0.4309538,0.20005839,0.3163102,-0.29468927,0.7792416,0.34269384,-0.6045446,0.6630017,-0.32507858,0.24616542,0.38626328,0.39193746
protein|IRF5,-0.042867657,-0.10800677,-0.1877694,0.18089862,-0.0562634,-0.014453378,-0.33524194,0.35134417,-0.02587481,0.08827162,0.31003928,0.3855553,0.069873184,0.107578486,0.17197332
protein|PPAN-P2RY11,-0.05805336,0.23947099,-0.18581522,0.03297306,0.51397246,0.032298632,0.03527171,-0.52320427,0.1293295,0.52889776,-0.23294507,0.22421709,-0.37710446,-0.15347525,-0.48550707
protein|MRPS34,-0.049679797,0.18129674,-0.23416685,0.2554086,0.06599809,0.050929144,0.00638103,0.055890538,0.218934,0.038584825,-0.014585012,0.387072,0.18140163,0.055048145,-0.4422945
protein|NOSIP,0.3005177,-0.19564301,-0.47546026,-0.20311375,0.28976837,-0.08481662,0.46408293,-0.56479174,0.18924135,-0.019666068,-0.24497706,0.5397506,-0.23665257,0.27492157,0.027049528
protein|PRKCA,0.07720945,-0.57039064,-0.06899314,0.14776315,-0.16129257,-0.033065494,0.030752901,0.3064625,-0.14804667,-0.15211314,-0.09725063,-0.0069086663,-0.31410033,-0.2834519,0.12081261
protein|POLA2,0.25930876,0.18674506,-0.23386884,0.26951802,0.3696425,0.20255499,-0.2648246,0.03679686,-0.12201364,0.35435343,0.014571882,0.33371735,-0.06299191,0.06583929,-0.2199649
protein|SLC15A3,-0.14782463,-0.3625926,0.20756647,0.18997194,-0.15602218,-0.0646753,0.07589446,0.2757587,0.3992664,-0.23581879,0.23147272,-0.091525815,-0.067952946,0.09693405,0.003286172
protein|DDX60,-0.1102812,-0.1923544,0.34766096,0.37912363,-0.10257147,-0.039589204,-0.019792477,0.21815671,0.076958135,-0.22478767,0.20829187,0.044306472,0.30896917,0.18569583,0.19045569
protein|SORD,-0.105471574,0.15306377,-0.18825594,0.26704502,-0.034141257,0.027589045,0.074697405,0.22490965,0.17282106,0.026306491,0.048618082,-0.17109227,0.22566338,0.04913508,-0.60816085
protein|VIM,-0.5021896,-0.37693423,0.7192785,0.17295241,-0.19545445,0.051992755,-0.24067818,0.58414614,0.15713085,-0.32000172,-0.12908308,-0.18735449,-0.15035465,-0.3885193,-0.016038086
protein|HDHD1,0.0030272126,0.23842607,0.008112681,0.029485557,0.2861237,-0.121853866,0.17408231,-0.09257954,-0.23833251,-0.11538965,-0.23410966,0.43096814,0.06716496,-0.008949288,0.34464207
protein|LRPPRC,-0.27473256,0.64649177,-0.3108274,0.46836367,0.49786517,0.47056752,-0.40824342,0.1377312,0.25266883,0.57436293,0.03412546,0.04336246,0.21694043,-0.2010861,-0.7081464
protein|GBP4,-0.4465735,-0.3582048,0.6214603,0.44721216,-0.07854951,0.22558726,-0.40804657,0.76249367,0.18054749,-0.5304794,0.52104086,-0.2717285,0.36322165,0.30493754,0.36891115
protein|PEBP1,0.3462615,0.17965281,-0.46473053,-0.31321988,0.15247522,0.14387602,0.4582635,-0.09027255,0.23756267,-0.52590185,-0.23272446,0.24046297,0.3957617,0.301855,0.4719883
protein|INPP5B,0.08306641,0.047378477,-0.27982327,0.14287563,-0.5209546,0.171689,-0.7055732,0.12706655,-0.34837952,0.045834836,0.06859449,-0.25969097,0.22313961,-0.026197128,-0.17253074
protein|LAMB2,-0.009901245,-0.52624923,0.46093094,-0.087893516,-0.3920155,-0.16995285,0.008029412,-0.23286727,-0.16481142,-0.4120797,-0.67556167,0.36124513,-0.6010107,-0.39886263,-0.118109144
protein|TJP2,0.28070527,-0.4745414,-0.25251928,-0.38672498,0.13903108,0.13656645,0.34927663,-0.10869313,-0.032112997,-0.15100011,-0.2133554,0.20846763,-0.16285208,-0.09207126,-0.16097307
protein|IDH3G,-0.27015892,0.19993351,-0.11606344,0.47012293,0.3137094,0.48731685,-0.47860053,0.66418236,0.1683732,-0.07161731,0.06831146,-0.11429403,0.2079964,-0.1486475,-0.40338448
protein|RPL7L1,-0.1677344,0.15997238,-0.16389152,0.62716806,0.30246136,0.18206191,-0.43157223,0.066513725,0.17001902,0.27692807,0.15224147,0.30845276,0.027261738,-0.30132565,-0.6447371
protein|SLC35F6,0.051833414,-0.6730159,0.22716561,-0.13495652,0.08381499,-0.25791597,0.24766481,-0.3438713,0.06612674,-0.26383838,-0.15833563,0.3311617,-0.37148863,-0.27736968,-0.09264018
protein|SEC61G,-0.02395049,-0.29593444,0.09797074,0.09893459,-0.18493341,-0.32892054,0.28540125,-0.06720179,0.084248945,-0.15987779,-0.0730593,0.4132179,-0.15591957,0.05298111,-0.06046717
protein|HERPUD1,0.12212346,0.025262075,0.05207308,0.017010197,0.19826292,0.09021894,0.27815002,-0.24732438,0.23704377,-0.05353695,0.20403136,0.20137578,-0.11644187,-0.22655734,-0.26975635
protein|TUBB3,-0.018642582,-0.075872645,0.027807424,0.19900645,-0.02426832,-0.06453877,-0.25650215,0.026908394,-0.08402203,0.1301759,0.12942243,0.2434277,0.17759763,-0.15478855,0.022209318
protein|IVD,-0.26707867,0.12974833,-0.2884625,0.22960387,-0.0053892694,0.44400376,-0.12486851,0.6165309,0.080606885,-0.47725907,0.0033493212,-0.05981236,0.3702068,-0.20500301,-0.51808655
protein|LGALS3,-0.1850114,-0.28933117,0.44940603,0.13195649,0.32050353,0.084383,0.46529287,0.306457,0.11786312,-0.02635747,0.5231262,0.15449749,0.00704315,0.3607263,0.23843826
protein|EHMT2,0.37659377,-0.34004825,-0.27022722,-0.18174766,0.23553163,-0.09833691,0.37764212,-0.5015984,0.02669438,0.0656433,-0.28331318,0.38821688,-0.38615528,0.05888942,0.027131423
protein|NDUFB3,-0.016780704,0.28666812,-0.14531043,0.14129269,0.2882686,0.31466067,0.031322684,0.39328966,0.3050407,-0.052690882,0.2551818,0.2923126,0.17206967,-0.08913254,0.08974714
protein|RRM1,0.025975192,0.37655964,-0.07114898,0.20605335,0.33892775,0.36703336,-0.5837535,-0.4310082,-0.09415819,0.5153015,-0.0917952,0.23733334,0.09468102,-0.0115746595,-0.35626423
protein|ATP5H,-0.2868999,0.46985692,-0.24646583,0.41706985,0.2381616,0.49585068,-0.35847604,0.5991793,0.07043056,-0.047521327,-0.10834133,-0.10193756,0.3654764,-0.22322753,-0.42970154
protein|BYSL,0.2554956,0.08942472,-0.34012336,-0.07931797,0.7801618,-0.014563218,0.28546885,-0.6474247,0.25114322,0.23283805,-0.20977321,0.513172,-0.25228932,0.073157355,-0.05952002
protein|GINS4,-0.023765976,-0.057324067,0.054207437,0.20770778,-0.21603522,-0.15496796,-0.028471407,-0.31195816,0.020411193,0.32944807,0.2545211,0.19572529,0.032629535,-0.09419992,-0.34296244
protein|GNG2,0.11294908,-0.3916867,-0.22383708,0.025456237,0.108537965,-0.2041248,0.22398926,-0.21066462,-0.14761262,-0.24866995,-0.23617452,0.44413245,-0.1723002,-0.11676822,0.32004148
protein|CREBBP,-0.025768144,0.16266835,0.06466271,0.06370048,0.07772392,-0.03774526,-0.03550559,-0.07388902,0.098934665,-0.088019535,-0.13265762,-0.03693416,0.2969913,0.09268786,-0.11221725
protein|ABCD1,-0.34235725,-0.27917653,0.6125212,0.21028858,0.21887562,0.19741823,0.041848756,0.40132335,0.35437286,-0.39142758,0.015906027,0.1799744,0.05642221,-0.21045355,-0.41060176
protein|OGFR,0.11600792,-0.5704808,0.01880822,-0.3717617,0.28590015,-0.26713464,0.50587946,-0.53315896,0.2447909,-0.14509884,-0.19698125,0.68142974,-0.42540857,0.17712332,0.30778757
protein|PCNP,0.48975715,0.24433117,-0.511884,-0.34862474,0.63043135,0.1668964,0.20350374,-0.53399205,0.2621519,-0.020697545,-0.28764972,0.2269773,0.047701474,0.41223186,0.575619
protein|IGHV3OR16-9,-0.02641192,0.09099779,0.075808845,0.07296195,-0.40948194,-0.46132588,0.02454423,-0.14103076,0.20055844,0.55274814,0.0008884344,-0.41486955,-0.3089819,-0.107834384,-0.23515266
protein|RNF126,0.36457413,0.09021466,-0.17104673,-0.2984726,0.3847667,-0.09862325,0.30302912,-0.57583797,0.07841192,0.05838625,-0.16501531,0.4940077,-0.059772927,0.0474102,0.12917528
protein|DHRS4,-0.31666243,0.0015915384,-0.06521471,0.3248683,0.057860054,0.5043532,-0.30105004,0.8524346,0.18304157,-0.080514364,0.2376754,-0.22335269,0.32696244,-0.065303914,-0.5444757
protein|C9JYN0,0.15802428,0.17863406,-0.5203527,-0.07801748,-0.0011471319,0.094243966,-0.4022133,0.38677078,-0.54685295,-0.004483324,-0.13377938,0.27937344,0.17839196,-0.29004776,-0.21399012
protein|AKR1B1,-0.07844977,-0.04231273,0.29319948,0.4339782,0.26589382,0.4388336,-0.58356297,0.8156108,-0.023734294,-0.24755514,0.17259319,-0.36073348,0.42287907,0.116756864,0.2001337
protein|PCYOX1,-0.17855276,0.037037022,0.2839743,0.2900132,-0.37927502,0.14440964,-0.4744762,0.6943414,-0.13226707,-0.51568985,-0.10563834,-0.29530206,0.30386773,-0.28739813,-0.13696516
protein|SIGLEC10,0.16843861,-0.6032424,-0.019357435,0.22264048,0.08940416,-0.15862705,0.22617297,-0.043761045,0.26717365,-0.1343023,0.26306334,0.38827443,-0.097579055,0.15243112,0.35086584
protein|MYH11,-0.20299505,0.05443378,0.39717528,0.15455747,-0.36541852,-0.18137531,-0.17184368,0.28763872,-0.35419545,-0.13826202,-0.23305222,0.009522185,-0.17813838,-0.58154494,-0.2903295
protein|INIP,0.11898397,-0.04130981,-0.23106131,-0.10161364,-0.008799348,-0.36036527,0.3166381,-0.5638017,0.06597927,0.0476407,-0.29357558,0.57548517,-0.07620871,0.3100219,0.09468952
protein|ITGB6,0.11310559,-0.2178903,0.34186053,0.21693283,-0.228391,-0.33468857,0.36485815,0.028344832,0.24205904,-0.27905574,0.021033958,0.31662914,-0.30377018,-0.19318688,-0.08026148
protein|LARP4,-0.042617347,0.031806864,-0.05418582,0.38705587,0.41120955,0.08572959,-0.32094583,-0.2371979,0.3335846,0.22982126,0.11196287,0.18405306,-0.07893565,0.069574706,-0.4281608
protein|PDGFRB,-0.1963351,-0.21646985,-0.10614003,0.089231856,-0.10706049,0.037020154,0.24754836,0.5111305,-0.27000043,-0.074842416,-0.21828355,-0.020796813,-0.039265085,-0.14113982,-0.4929609
protein|A1BG,0.007274085,-0.11439166,0.18151271,0.023189124,-0.49631107,-0.60948795,0.5529331,-0.28170857,0.17719741,0.39138636,0.14516902,-0.115787424,-0.2895459,-0.02314729,0.11262211
protein|EP300,0.18096137,0.31453854,-0.28205955,0.2700265,0.18622212,0.20324504,-0.44891873,0.10255755,-0.21341261,-0.05365603,0.22666705,0.53023714,0.40956408,0.031073319,0.09091737
protein|HPRT1,0.22138162,0.33328658,-0.27537805,-0.0040455284,0.31340718,0.18963279,-0.029741222,0.072271615,-0.2702823,0.315329,0.36855412,-0.027619785,0.32984522,0.36361596,0.10466382
protein|YARS2,-0.046717405,0.34478104,-0.4039967,0.3439142,0.39137036,0.1905029,-0.19593807,0.29737204,0.18946838,0.13125202,0.29108834,0.19160095,0.4264517,-0.16708793,-0.18721516
protein|TF,-0.023431329,0.24323831,0.392418,0.049914334,-0.29987806,-0.47019443,0.40465567,0.00014702475,-0.030337792,0.6449694,0.18590586,-0.4134375,-0.32901394,-0.27728856,-0.02760138
protein|MCM4,0.09675457,0.40830976,-0.568362,0.12344994,0.642305,0.2537655,-0.178365,-0.58751625,0.10311239,0.90085775,0.11052752,0.2978527,0.25560153,0.09972681,-0.29889193
protein|DLGAP4,-0.28440925,-0.056226406,0.06905802,-0.04001487,-0.3751281,0.019159295,0.055209275,0.19901487,0.13757606,-0.101671666,0.02009636,0.29349205,0.11966229,0.008109611,0.2484505
protein|ZMIZ1,-0.18565518,0.23176886,0.100512154,0.40466073,-0.071226954,0.026566666,-0.4413183,0.068911724,-0.051882908,0.24450763,0.4064855,-0.20894805,0.46226725,0.09757949,0.036832545
protein|MTPN,0.03433782,0.3865137,-0.36730993,-0.18315914,0.23970702,0.09463268,-0.04986908,0.0521805,-0.14501712,-0.073610015,-0.011696834,0.25707147,0.3554967,0.31716672,0.691616
protein|BRI3BP,0.29164058,0.21931922,-0.14186108,0.10357532,-0.2758858,0.059420098,-0.2063669,-0.17130487,-0.3925142,0.3434492,0.020719253,0.451804,-0.04302874,-0.13208221,-0.12965935
protein|VWF,-0.118605584,-0.1576284,0.67509705,0.22074811,-0.760924,-0.45396334,-0.00607764,-0.21419722,0.11533009,0.0018909043,-0.17069569,-0.31972635,-0.46839163,-0.25812846,-0.27723226
protein|LSM5,0.2788147,0.22694089,-0.5108294,0.32298812,0.16046894,-0.11251145,-0.366795,0.07603417,-0.20803617,0.018285709,0.12657133,0.411695,0.6435582,0.25118336,0.41120684
protein|AKT2,0.19842492,0.2053661,0.011263592,-0.121680096,0.3263121,0.025991179,-0.010244156,0.18405835,-0.27974528,0.095153406,-0.11723443,0.10876837,-0.023135751,-0.05110146,0.19455312
protein|RAB6C,-0.1448431,0.29613277,0.10677697,0.41740817,-0.5103539,0.012544283,-0.4397267,0.46183938,-0.1416663,0.25544804,0.26405087,-0.4268924,0.20718673,-0.24422918,-0.38647473
protein|ACSS1,0.003322182,0.46155214,0.1335318,0.14245339,-0.002292752,0.26598844,0.035152387,0.37226027,0.25424644,-0.21622519,0.20434296,-0.10589644,0.2888423,0.09310786,-0.21103495
protein|FLI1,-0.0074794507,-0.27611324,0.30702922,-0.44557086,-0.047749434,-0.341094,0.49394542,-0.51115704,-0.09452722,-0.059827693,-0.44069397,0.12656148,-0.76765674,-0.3648164,-0.060661115
protein|FAM134C,-0.054375608,-0.47325626,0.10811567,-0.046564847,-0.10618118,-0.19668029,0.11698443,-0.27137068,-0.0841092,-0.065335155,-0.19473168,0.18639895,-0.30677706,0.0069197086,-0.2057157
protein|MMRN2,0.034294136,-0.28781056,0.36233112,0.11060317,-0.04215842,-0.14623423,0.17145252,-0.19125466,-0.041839134,-0.15119256,-0.18624566,0.26903307,-0.33142772,-0.34875473,-0.43089667
protein|DBN1,-0.0026520311,0.13226809,-0.048119556,0.029382158,0.23358947,-0.028888099,0.119763225,-0.38497382,0.06980623,0.2763004,-0.25218374,0.27826303,-0.11905738,-0.26023057,-0.17859598
protein|NTHL1,0.072901785,-0.006851612,-0.050050262,-0.004707394,0.18866715,0.05031242,-0.048957422,-0.5862601,0.111181416,-0.016799552,-0.12625585,0.0075969934,-0.1423585,-0.0560921,-0.10038345
protein|MFGE8,0.1306593,-0.3672715,-0.30348366,0.029087001,-0.13041788,-0.37560093,-0.2002783,0.12924325,-0.5356649,-0.063136585,-0.29518387,0.27963677,-0.1745795,-0.0898845,-0.08970718
protein|ATP2B1,0.009479617,0.2091278,0.06580001,-0.07892383,0.0016559891,-0.046591442,-0.31793118,0.1595835,-0.5065662,0.238561,-0.27682728,-0.102953054,-0.25350755,-0.4810591,-0.3879647
protein|S100A11,-0.29418164,-0.36608535,0.8779317,0.02903184,-0.031751703,-0.28656718,0.58061,0.27285376,0.173269,-0.29641324,0.3150101,0.1952565,-0.020654995,0.23864853,0.39108104
protein|PES1,-0.052883837,0.28598782,-0.13708854,-0.030165412,0.6797871,0.0043240525,0.033027854,-0.70224994,0.02004243,0.6159008,-0.171182,0.095132634,-0.34327406,-0.09550654,-0.3009298
protein|PRKD3,-0.008390193,0.0014983464,-0.278271,0.18608065,0.21461278,0.18729138,-0.5464056,0.10634915,-0.37906313,0.16954392,0.22561143,0.02842577,0.089147985,-0.14583424,-0.31228966
protein|RPL36A,0.38611385,0.20039223,-0.28356358,-0.24010395,0.67638165,0.0038429766,0.3530157,-0.50581247,0.18604617,0.3292788,-0.1293508,0.50376445,-0.11777808,0.3344585,0.5155394
protein|SSNA1,-0.033661712,0.16702808,-0.26625034,0.2832332,0.27089337,-0.0800444,-0.21619019,-0.19156057,0.00566819,-0.12580186,0.017741846,0.3281183,0.067814045,-0.08322788,0.03610899
protein|PSMG1,-0.15340579,0.44572604,-0.47445157,0.5742617,0.5054234,0.25203,-0.45238292,0.05846307,0.052327614,0.5225006,0.17499347,0.063718006,0.3850485,-0.0006615238,-0.39456302
protein|CAPN2,-0.45781898,-0.17922537,0.6717582,0.31572634,0.06623173,-0.107078955,-0.050254848,0.54436255,0.013902001,-0.46803352,0.071456134,-0.0633328,0.15567032,-0.11403974,0.24825662
protein|LGALS9,-0.10555836,-0.61193186,0.5352005,0.29805273,0.020860491,0.07690302,-0.19004843,0.686241,0.072109476,-0.51000947,0.19526222,-0.0002154745,0.043835863,0.0040799896,0.050511815
protein|FCRL3,0.2549559,0.018383456,-0.40784198,-0.010125207,0.17413156,0.059112027,-0.08314016,-0.2581218,-0.16420926,0.20239118,-0.1456765,0.2873048,-0.13461997,0.051091123,-0.19142213
protein|SNRPF,-0.033439387,0.3341529,-0.26091915,0.13608599,0.2544839,-0.007834919,-0.26942223,-0.2677847,-0.17387037,0.4262528,0.0100203445,0.2804341,0.29230106,-0.055853248,0.012641172
protein|RGS10,0.08153675,-0.51662683,0.11454033,-0.2715135,0.31988966,-0.16531387,0.23290108,-0.07791585,0.0838552,-0.1343109,-0.24536745,0.34591815,-0.11445223,-0.06175906,0.37239504
protein|FAM160B1,-0.10616592,-0.32909107,0.17965287,0.12650539,-0.075990885,0.09911671,-0.010917704,0.04641256,0.017117761,-0.18223545,-0.060260423,0.50811416,-0.058554143,-0.13377996,0.2417555
protein|RPS19,0.21422878,0.09647721,-0.3588622,-0.19104482,0.68060654,-0.015582929,0.51358616,-0.7012054,0.2520495,-0.0111807715,-0.14962797,0.8361043,0.14239478,0.38814297,0.3897781
protein|NCAPG,0.073061965,0.11035068,-0.17411764,0.2995644,0.520746,0.22186483,-0.41925174,-0.3863528,0.12863764,0.45874944,0.016368834,0.2751522,-0.066095755,-0.08629974,-0.17095771
protein|HNMT,-0.017194001,-0.4650742,0.38735765,0.058188245,-0.048353475,-0.06703971,-0.019233946,0.6074676,-0.053953864,-0.6198931,0.29698947,0.004365915,0.041893743,-0.026413128,0.2973298
protein|POLR1A,-0.10699693,0.0031584068,-0.099034324,0.17972985,0.1281444,0.095223315,-0.25172538,-0.22671875,0.046789594,0.34956187,-0.33374715,0.20463239,-0.3874028,-0.16743347,-0.5961913
protein|X6RM59,-0.049146164,0.47056106,-0.09572734,0.081208825,0.16923925,0.09461222,-0.11495105,0.09341251,-0.18132241,-0.20301078,0.1767839,0.1510468,0.02871702,-0.03737936,0.01326236
protein|UTP3,0.02807083,0.1601271,-0.25258443,0.0679726,0.5171918,0.35646674,0.038087,-0.06857195,0.559173,0.28268197,-0.1671654,-0.0070316712,-0.27122253,-0.31451797,-0.6146417
protein|POU2F2,0.29424065,0.43204835,-0.576632,0.10253067,0.3461176,0.0791212,-0.017456139,-0.40752423,-0.006677763,0.55156755,-0.05743587,0.5446729,0.22575381,0.20640866,-0.15269603
protein|VAMP2,-0.06537704,-0.41300014,0.30545658,-0.21007669,-0.14589,-0.44337392,0.17997143,-0.2574166,-0.061097242,-0.05154759,-0.095100835,-0.15656142,-0.64722884,-0.027443524,-0.19398496
protein|KIAA1143,0.26793644,-0.1254653,-0.5352448,-0.29344726,0.38500807,0.06840151,0.14099078,-0.44851255,-0.0024807584,-0.028798176,-0.37183177,0.32033455,0.06608591,0.27085012,0.34274617
protein|STT3A,-0.52311486,0.3448121,0.35797882,0.5598671,-0.014919078,0.40919602,-0.36755422,0.4714596,0.040328525,-0.08017137,0.041393545,-0.23399828,0.24207579,-0.44633788,-0.4193539
protein|ARPC1B,0.10223625,0.065505445,-0.20902339,-0.08203439,0.10021882,0.11770665,-0.16932197,0.6757241,-0.30712938,-0.39400288,0.29275888,-0.12605509,0.33142215,0.30441204,0.6955328
protein|ICAM3,0.285619,-0.47527954,-0.3817242,-0.11690466,0.19901071,-0.38993627,0.23303953,-0.23983076,0.24393897,-0.26315588,-0.11242208,0.6065827,0.0034539697,0.1855885,0.5810989
protein|CAMK2G,-0.20767738,0.16339056,-0.052570064,0.093147494,-0.17932764,0.14595197,-0.20971173,0.14504856,-0.29633632,-0.11781923,-0.18802015,-0.043520335,-0.054786466,-0.032913025,-0.026407072
protein|PIK3CG,0.20482393,-0.21381973,-0.04866708,-0.02586125,-0.11021283,0.44979444,-0.29392415,0.3670679,-0.3836882,-0.2644144,0.10442822,-0.05874784,0.057201333,0.02912104,-0.18851148
protein|STK38,-0.1981848,0.18316379,0.088586904,0.46921498,-0.10863562,0.31024948,-0.70460063,0.7882028,-0.22599724,-0.3056416,0.15683404,-0.25652754,0.3527508,-0.1141854,0.1323471
protein|PARVA,-0.23642577,-0.060210552,0.4214204,0.11447451,-0.4285575,0.019556787,-0.21695995,0.43863013,-0.30317146,-0.3664975,0.096217826,-0.17266548,0.10358449,-0.57003367,-0.41898715
protein|CD47,0.020526918,0.10577297,0.05595081,0.2320304,-0.43399394,-0.12048865,-0.40423042,0.25924662,0.20264673,-0.22709464,0.27488428,-0.3414327,0.3203804,0.16411422,0.2248434
protein|SERPINB9,0.01920458,-0.2836067,0.07671113,0.32380483,-0.011926358,0.2281644,-0.4759492,0.5037762,-0.20999727,-0.25823176,0.22125934,0.029877784,0.32952848,0.11647499,0.29013443
protein|FNBP4,0.2707924,0.092021465,-0.28149316,-0.080727585,0.2642995,0.12151137,0.21064658,-0.32911208,-0.015738599,0.019386329,-0.27354375,0.39124796,-0.055185724,-0.15542778,0.1659441
protein|EIF4E2,-0.04901944,0.06885805,0.056703616,0.13268478,0.6361137,0.031475633,-0.18699765,0.096972935,0.009398853,0.15790802,-0.095613584,0.2561715,-0.017143764,-0.3000855,-0.09824136
protein|ZNF598,0.11275217,-0.22812882,-0.05132817,-0.1058043,0.48121855,-0.030840386,0.16302341,-0.6878964,0.44681123,0.46894154,-0.2862698,0.4076819,-0.45760328,-0.010172072,-0.094072245
protein|SLC35B2,-0.33766124,-0.01516414,0.33215472,-0.10278921,-0.0064157424,-0.06150185,0.20702463,-0.067105666,-0.1873778,0.056350827,-0.27877212,-0.3783557,-0.29548335,-0.39084357,-0.29364556
protein|COQ9,-0.31990713,0.12759317,-0.3918598,0.0046795006,0.16474737,0.2784683,0.3224992,0.5335242,0.17351256,-0.24580696,-0.08514829,0.24859717,0.4331057,-0.11873568,-0.6471429
protein|A0A0B4J2A4,-0.034257084,0.18252096,-0.33009347,0.19388616,0.16794953,0.6152363,0.047376882,0.44682682,0.39380214,-0.15518257,-0.0706106,0.014208484,0.3135359,-0.17734154,-0.7565693
protein|HCG_1984214,-0.0044414927,0.30685583,-0.19125783,0.26952899,0.29453522,0.21252966,-0.09349779,-0.16703515,0.20298041,0.12150686,0.25671026,0.41874173,0.06436731,0.053713094,-0.022027161
protein|CLTCL1,0.23538724,-0.37161922,-0.23938622,0.21455434,0.49840495,0.042280357,-0.19877194,0.098789394,-0.049856555,-0.20287712,0.16230418,0.25921258,0.29345456,0.31135082,0.49370486
protein|SHMT2,0.025916083,0.5272526,-0.5760215,0.3558369,0.32467648,0.45957392,-0.13047457,-0.023801323,0.20830862,0.50537217,0.07639983,0.29203844,0.20796597,-0.019462239,-0.6584782
protein|SET,0.42701524,0.5459333,-0.6427497,-0.18679388,0.41294312,0.22839752,-0.014798194,-0.33163807,-0.029942289,0.23299056,-0.07091274,0.35838276,0.3917908,0.428086,0.57273847
protein|NPC2,0.15821639,-0.3936385,0.40640038,-0.2567916,0.24564362,-0.07205134,0.44919854,0.11198571,0.20428701,-0.27086002,0.15483056,0.4028288,-0.26346177,0.16973957,0.61960715
protein|UHRF1,0.1294097,0.21548313,-0.3791147,-0.015957719,0.5378245,-0.04800542,-0.07646596,-0.689919,0.021743383,0.66831005,-0.1902694,0.4101678,-0.17480376,-0.023936221,-0.24620967
protein|CHTOP,0.34570098,-0.36287877,-0.19803382,-0.52434754,0.32541123,-0.1349371,0.42242733,-0.50411963,0.08489474,-0.14733838,-0.3806694,0.5647296,-0.2172888,0.14627922,0.34933457
protein|ERLIN2,-0.40595782,0.22586598,0.333905,0.42023537,-0.15111065,0.1625259,-0.26958445,0.6856474,0.0011461413,-0.24604206,0.23128922,-0.52301896,0.2958246,-0.09590165,-0.6411321
protein|TFAM,0.5012722,0.34082994,-0.57589436,-0.38730645,0.3857529,0.24913572,0.25601947,-0.35547554,0.13382787,-0.020513346,-0.38332376,0.45716217,0.044949308,0.012667571,0.16094433
protein|UIMC1,0.46394667,-0.03862931,-0.25935206,-0.21939866,0.28326932,-0.09875486,0.19001226,-0.36135423,0.04787725,-0.050209746,-0.40430754,0.7881821,-0.15239148,0.04139822,0.21171337
protein|IGFBP7,0.1413586,-0.25665593,-0.25116602,-0.22464514,-0.0007823124,-0.16672178,0.19920845,-0.30909082,-0.05817939,-0.11264346,-0.35964823,0.28532898,-0.20513615,-0.17850071,-0.17840889
protein|BUB1B,0.23972934,0.092742525,-0.22412348,0.067636706,0.4640055,0.11210506,-0.24856229,-0.34621835,-0.018904727,0.47846502,-0.12086389,0.28417167,-0.03205472,0.088561215,-0.5490874
protein|CHI3L1,-0.3518162,-0.6162934,0.20620553,0.33535114,-0.2526381,-0.076075055,-0.06359289,0.34609485,0.09287509,0.118464455,0.41731024,-0.13297084,0.07206984,0.1688661,-0.10644245
protein|ZC3H12D,0.023840692,-0.15714224,-0.22631787,-0.07334169,0.13241556,-0.34842414,-0.33969393,-0.19019973,-0.16596545,0.07543231,-0.1117721,0.29159614,-0.13314006,-0.07650068,-0.06979012
protein|SMG1,0.12074256,-0.5356233,-0.26527447,0.25857195,0.3924689,0.16789453,-0.43000945,0.14092126,-0.0127461525,-0.11352479,0.27572215,-0.0020756593,0.11997278,0.009795075,-0.14778835
protein|GLO1,-0.028904065,0.31018585,-0.5244219,0.27127865,0.1544032,0.013143059,0.0728479,-0.00886175,0.055271614,-0.044077434,0.102098465,0.32986212,0.65917385,0.29896006,0.31489304
protein|CTSD,0.16199498,-0.47746107,0.47766933,0.08664761,0.28633672,0.027780425,0.33096477,0.19585463,0.28746724,-0.22489755,0.5236408,0.004235387,-0.19162299,0.2905933,0.08022314
protein|HYPK,-0.027177924,0.24712212,-0.16315946,-0.24861704,0.28124803,-0.30458078,0.19796371,-0.48904803,-0.032237522,0.25260344,-0.03933068,0.31126624,0.07059703,0.2678829,0.2645643
protein|COA6,-0.01576909,0.06424206,0.010899831,0.22319862,0.225286,-0.066816874,0.44121882,0.22443509,0.24682027,-0.37507692,-0.023622839,0.36516148,-0.0455208,0.026348613,0.11638324
protein|SLU7,0.37196726,-0.2431124,-0.4070506,-0.19130544,0.15349656,-0.25490093,0.2107903,-0.2724821,0.007098292,-0.21066578,-0.27310878,0.31746036,-0.3685986,-0.065560386,0.17230804
protein|SIRPA,0.046710696,-0.6352776,0.49827737,-0.022627197,-0.15314265,-0.23840754,0.32368258,0.10458823,0.27884284,-0.2910765,0.3562614,-0.146155,-0.21473958,0.25613835,0.4388803
protein|WDR6,0.20634633,0.22569679,-0.06258495,0.38298354,-0.32490155,-0.22134845,-0.21464264,-0.07531873,0.2269168,-0.17233957,-0.25058424,-0.039476003,-0.1276967,-0.043657552,0.18373784
protein|CPOX,0.029626524,0.17027384,-0.014395124,0.4454977,0.25073844,0.17404236,-0.11197525,0.30543277,0.25147393,-0.15441655,-0.113340765,-0.004008768,0.08976262,-0.21113348,-0.32425267
protein|AGPAT3,-0.23726171,-0.12303795,-0.04286053,0.40893525,-0.05840644,0.29165697,-0.32983118,0.73907393,0.022540348,-0.2999471,0.3096929,-0.17621015,0.4814684,-0.052518293,-0.34240946
protein|PDLIM1,0.04668723,0.055164054,-0.44624546,0.005363315,0.027821595,-0.04249703,0.16754107,-0.25901186,0.45309085,-0.04319454,-0.40865958,0.51849717,0.057460718,0.0859874,-0.028757753
protein|MTX1,-0.24031414,-0.1455784,0.008956715,-0.0002735914,0.4452086,-0.078043744,0.118777,-0.109160736,-0.018450692,0.1965727,-0.25685015,0.43359512,-0.17222674,-0.2775517,-0.5364149
protein|WDR3,-0.42186716,0.3151242,0.013300531,0.31253088,0.361286,0.383017,-0.5763747,-0.12158606,0.19721113,0.40871018,-0.037041996,0.10833902,-0.03431827,-0.4181388,-0.5699803
protein|SRI,0.060416438,-0.12718548,-0.14713612,-0.1458763,0.34461778,-0.37304217,0.2777902,-0.00010385162,-0.10375259,0.0103175845,0.3194514,0.23640132,0.15844508,0.31528497,0.26852092
protein|LPCAT1,-0.23835665,-0.0876375,-0.22418578,0.2347922,0.15829097,0.12786727,-0.48862657,0.27380595,-0.3268107,0.18237427,-0.08698472,0.115029365,0.013907613,-0.25037724,-0.23420832
protein|SMS,0.18782663,0.3143702,-0.17028846,0.11108814,0.5802244,-0.00976629,-0.23125264,-0.04763262,-0.09560274,0.2888295,-0.029351953,-0.08607014,0.20647977,0.20132793,-0.043924544
protein|YBX1,0.4222149,0.23762438,-0.29349452,-0.3096191,0.7290497,0.1478149,0.24030761,-0.69236934,0.32846406,0.47393575,-0.0728807,0.47418186,-0.19572514,0.33698076,0.21921308
protein|AFG3L2,-0.30799925,0.46283853,-0.46207985,0.33001524,0.34531695,0.5577767,-0.09692048,0.4310228,0.13600394,0.10517876,0.0015678464,0.048431847,0.41581362,-0.13781674,-0.6493368
protein|ZNF326,0.25606358,-0.03587376,0.005662841,-0.43404755,0.47603825,-0.12829392,0.28444397,-0.5749162,0.16538782,0.17144407,-0.33900928,0.16409622,-0.22150633,-0.12680139,-0.16032588
protein|POLR2M,0.13981025,-0.3900115,-0.24077997,-0.44940567,-0.07204163,-0.43468425,0.43164605,-0.23857011,0.007866613,-0.4890743,-0.12853771,0.2915353,0.14420103,0.099689245,0.02502598
protein|CHCHD3,-0.22119488,0.42745063,-0.042454824,0.22035162,0.36954725,0.58753884,-0.21374199,0.54718596,0.031951584,0.092500605,-0.19854751,-0.08901451,0.16574913,-0.3382244,-0.5746475
protein|RABGGTB,-0.33657593,-0.29987913,0.019413682,0.40102193,0.11203852,-0.0062248763,-0.32314885,0.31976306,0.035665616,-0.14704199,0.13023902,-0.019537684,0.06051032,0.18639512,-0.11013223
protein|GNPDA1,-0.40358877,0.06332152,0.24012047,0.42303553,-0.148971,0.3800364,-0.5811151,0.7066927,-0.006352047,-0.27256775,0.27062565,-0.3647624,0.5319084,3.4455476e-05,-0.06987701
protein|KIAA2013,-0.10200427,-0.14581898,-0.1827204,0.17347899,0.24925022,-0.07651207,-0.0021370936,-0.17022774,-0.075841986,-0.04827373,-0.08966257,-0.040365413,-0.008887946,-0.1867358,-0.1638702
protein|SCARB2,-0.14804968,-0.55112237,0.55929583,0.1506656,-0.020513173,-0.27345735,0.5702651,0.004831521,0.46824536,-0.47060233,0.17414282,0.27302793,-0.28307083,0.00022626357,0.07605799
protein|RTFDC1,0.09006559,0.40847948,0.033024523,-0.22355874,0.5057263,0.05776064,-0.04667558,-0.2659722,0.028947115,0.14007811,-0.4321497,0.21957922,-0.10368276,-0.065509155,0.045906726
protein|SCPEP1,0.059377167,-0.3321291,0.5884504,0.22888866,0.13271895,0.18483241,0.011471301,0.40801486,0.3412621,-0.24094303,0.60608536,-0.18885008,0.004051113,0.1915077,0.07516532
protein|BRMS1,0.2460472,-0.5068313,-0.005301759,-0.022450542,-0.11407923,-0.10392602,0.018874649,-0.3366851,-0.012753198,-0.22986677,-0.08639857,0.505778,-0.27797508,0.08973356,0.049696263
protein|CYFIP1,-0.37670827,-0.47151092,0.7307558,0.6237871,0.030743418,0.2095748,-0.3533089,0.71000797,0.1692509,-0.49739915,0.41414836,-0.22301985,0.16863757,-0.06970094,0.061371397
protein|PDCD5,0.11719914,0.023081966,-0.40137243,-0.05143798,0.4970338,0.07075989,0.25924802,-0.32139033,-0.049747482,-0.13385543,0.02127575,0.34350476,0.14278059,0.23079363,0.22898075
protein|BLVRA,-0.36137825,-0.2519898,0.34993783,0.4982987,-0.049998876,0.01382675,-0.7062181,0.73255277,0.09367701,-0.33600464,0.39642668,-0.20781259,0.42187676,-0.041212056,0.18186451
protein|DDX21,-0.0042652637,0.536556,-0.2309025,0.43212768,0.5425834,0.26267928,-0.35663772,-0.35568407,0.23564373,0.71616524,0.14528665,0.14575143,-0.118790366,-0.19411255,-0.46988758
protein|NT5E,-0.15630372,-0.25116816,0.53341854,-0.008844726,-0.42738053,-0.33197132,0.33132464,-0.11148816,-0.053741522,-0.07067014,-0.34272763,-0.012466258,-0.3764356,-0.32303503,-0.10324516
protein|UBAP1,-0.081034206,0.01490422,-0.080903344,0.25398758,0.026643006,-0.058386106,-0.07300662,-0.025844634,0.1421625,0.06688561,0.02737701,0.11113433,-0.2547101,-0.3496858,-0.30739054
protein|MOB3A,0.052542742,0.060968,-0.28974238,0.24803816,-0.0893977,0.29078582,-0.5410629,0.47662085,-0.38674876,-0.08325883,0.0858184,0.14145125,0.17514044,-0.16794553,0.24197775
protein|PGAM5,0.012763539,0.22482769,-0.5357025,0.13017365,0.66576046,0.14492643,-0.08193266,-0.28509593,0.04721497,0.35558933,-0.18671815,0.43684524,0.13520566,-0.076340325,-0.44205987
protein|LCP2,-0.06776693,-0.73078907,0.53465325,0.3304887,0.058279723,0.122940615,-0.26545268,0.47516027,0.23880973,-0.88565654,0.22829887,0.104390204,0.15283112,0.36770606,0.5888562
protein|TAF10,-0.028251238,-0.3805306,0.13129626,-0.16620833,0.005979491,-0.30862543,0.21631572,-0.4467188,0.10727878,-0.05600518,-0.41513982,0.6032882,-0.22455607,0.08237017,0.13876216
protein|TEX264,0.22250341,-0.18114658,0.3188672,-0.13419946,0.3576082,-0.11086337,0.48415712,-0.29996353,0.31677276,-0.022216842,-0.22992322,0.0979788,-0.3875388,0.009367394,0.07110261
protein|BAG2,0.0016241272,0.2611133,-0.20073213,0.225612,0.5079079,0.093615994,-0.21198598,-0.14458092,0.19440462,0.53557616,-0.17344083,0.19798914,-0.087475516,-0.35109982,-0.47188336
protein|MCAM,0.06767983,-0.29216087,0.18358792,-0.029465746,0.065178774,-0.32233316,0.24116369,-0.31607804,-0.006221812,0.20243238,-0.31783843,0.369443,-0.45983157,-0.30324465,-0.30904916
protein|TBXAS1,-0.2617155,-0.4466569,0.56176764,0.4653909,-0.23289527,-0.28518128,0.0019427406,0.3455111,0.13531601,-0.2160612,0.46865115,0.039795306,0.030879239,-0.056379896,-0.11470981
protein|BCKDHA,-0.1098751,0.17666046,-0.12927951,0.19196899,-0.11503306,0.21491896,-0.17964968,0.047191467,0.15142232,0.060145833,0.100929,-0.2045335,0.009620384,0.023976209,-0.26618457
protein|RPS25,0.27078038,0.12208356,-0.47005057,-0.04846424,0.5049623,0.07789094,0.27375004,-0.6288997,0.36715788,0.1356334,-0.018455924,0.85767007,0.10791973,0.42949867,0.38593346
protein|FAM208A,-0.19845112,-0.14035039,-0.13302419,0.03891011,0.17204532,-0.08343804,-0.027775852,-0.15185848,-0.108308084,0.039140284,-0.15703887,-0.07161208,-0.37414613,-0.18592788,-0.036303475
protein|RBMX,0.58893734,-0.22927815,-0.65423065,-0.43407595,0.6425187,0.1103343,0.29110464,-0.599486,0.040752944,-0.0042368425,-0.3434909,0.68841773,-0.16050054,0.27014354,0.4800822
protein|ECH1,-0.17738721,0.49258724,-0.29350522,0.18049939,0.062395338,0.44473064,-0.40859795,0.7155681,0.08722497,-0.0845682,-0.1329831,-0.054130945,0.23193064,-0.2847517,-0.54388446
protein|SRSF1,0.50078255,-0.32168913,-0.51949185,-0.4174427,0.49452347,-0.10171954,0.53399354,-0.6610264,0.15571743,0.057680596,-0.26333168,0.77941126,-0.22053838,0.27545238,0.510058
protein|ALG1,0.2698049,-0.1876024,-0.22138526,-0.19486968,-0.5474774,-0.09701527,-0.07715382,-0.4521802,0.08207841,0.05673589,-0.32468286,-0.024319846,-0.24247159,-0.024879519,-0.17875658
protein|Q16594,0.048234254,-0.26805696,-0.3751876,-0.07369358,0.16102435,-0.07033817,-0.15153491,-0.043608245,-0.08975345,0.20538159,-0.1859359,0.24639505,-0.044569105,0.1855234,0.13926035
protein|PHPT1,0.35801765,-0.110219225,0.05466737,-0.38165674,0.007190685,-0.058176097,-0.027711764,0.0718538,-0.05330715,-0.3019917,-0.094422825,-0.21897739,0.21544276,0.42776757,0.44439605
protein|YTHDC1,0.39600077,-0.30159128,-0.5284579,-0.3116531,0.47129467,0.057689093,0.17701083,-0.45370844,0.21958627,0.031937554,-0.27767432,0.5637559,-0.03371088,0.17169733,0.2569868
protein|SERPING1,-0.08349713,-0.2468751,0.51228535,0.18315166,-0.6488099,-0.6394444,0.35836107,0.11504961,0.22056657,0.20867717,0.38743216,-0.2719464,-0.3931441,-0.12890947,-0.22581472
protein|ARPC4-TTLL3,-0.14980258,-0.047687605,-0.020272154,0.37706542,-0.04641221,0.17400178,-0.79905325,0.72366494,-0.47194102,-0.31030625,0.25275892,-0.4026403,0.46534374,-0.14459802,0.011361927
protein|TYROBP,-0.040768646,-0.67194873,0.3678409,0.2856132,-0.16438538,-0.27001733,0.49666432,0.19116423,0.35961875,-0.32246494,0.45729458,0.21485288,-0.11244755,0.059616484,-0.072503336
protein|TMEM167A,-0.30512574,0.00029806411,0.020421816,0.63441795,0.010914554,0.20516795,-0.37242562,0.3094224,0.07089712,0.10475862,0.1703256,0.013405662,0.06233118,-0.22650212,-0.52806187
protein|NDUFA4,-0.053871535,0.42072326,-0.10926424,-0.10979429,0.032031357,0.53894705,0.13888587,0.4551549,-0.023456082,-0.31274086,-0.18739028,-0.0012825644,0.3855597,-0.034915663,0.09182096
protein|ZC3HAV1L,0.12028633,0.072534494,-0.46564168,-0.017759418,-0.08178775,0.083661124,-0.044226855,-0.011818092,-0.07952072,0.026813395,0.065304674,-0.08890423,-0.049770646,-0.18756258,-0.34094825
protein|TMED2,-0.2160629,-0.15253884,0.5395555,0.13744918,0.124778,0.055876598,0.15074241,-0.104380324,0.06015606,-0.28975385,-0.33091313,0.11715237,-0.33944035,-0.36999184,-0.42099196
protein|MX2,-0.16180465,-0.09446126,0.14181323,0.106444255,-0.12435372,-0.012310197,-0.19988203,0.24582955,-0.057269022,-0.27455205,-0.14342462,0.15272473,0.12777464,0.0047361427,0.05004366
protein|ITIH5,0.36181685,-0.2096834,0.0833982,-0.19069809,-0.16275309,-0.12814042,0.038871698,-0.15682073,0.008457009,-0.23373273,-0.17546318,0.17343567,-0.42637977,-0.20851368,0.2349001
protein|MCM7,-0.023314891,0.33867908,-0.2188552,0.15445241,0.5609584,0.26000595,-0.39312813,-0.49179366,-0.03892603,0.7903058,-0.005210376,0.10673484,0.09983871,-0.1873592,-0.61894614
protein|HEBP2,-0.15669146,-0.06803236,0.2794573,-0.17645766,-0.09942677,-0.18524878,0.5459324,-0.19173615,0.18763587,-0.081223205,-0.12992951,0.14301525,-0.047450908,0.17443712,0.17894253
protein|VIPAS39,0.058710005,-0.24056554,-0.16696793,-0.009516868,0.047841735,-0.15393366,0.044349357,-0.120452784,-0.04483979,-0.07830396,-0.30332085,0.39365798,-0.3616189,0.1431883,0.010880724
protein|SSR1,0.15906675,-0.00067712204,0.14063434,-0.014362388,0.11828701,-0.17006536,0.68373895,-0.35538983,0.5808687,-0.09057688,0.012972433,0.4742747,-0.07418227,0.23486842,0.27101573
protein|SSR3,-0.45593616,0.13969098,0.21434921,0.45313263,0.024786849,0.36525097,-0.4066244,0.5345696,0.0575305,-0.13081329,0.07296424,-0.2788156,0.28993234,-0.25174025,-0.26527256
protein|PPIF,-0.055618912,0.31744522,-0.13536571,0.16169621,0.46414953,0.3018598,0.11181366,0.47490472,0.46313757,0.25925347,0.33203396,0.16470502,0.2245138,0.18451585,-0.18631756
protein|ALDH18A1,0.0022903208,0.43653572,-0.27371055,0.41842017,0.27927372,0.15545417,-0.1954421,0.027628321,0.2733526,0.46345377,-0.004965519,0.22353932,-0.012122661,-0.1769441,-0.49954996
protein|KBTBD8,0.14106826,0.23963273,-0.121330686,0.1190791,0.23399495,0.33436158,-0.1392524,-0.11408278,-0.024175726,0.020557143,0.11519382,0.29585323,0.036875643,-0.0030308824,-0.3139157
protein|MSRA,0.1320822,0.046666916,-0.15525761,-0.086800106,-0.14535263,0.022358475,0.18171167,0.066788435,-0.40956226,-0.28808218,0.014440494,-0.0704689,0.020721003,0.041414388,0.0710919
protein|PPME1,-0.0663911,0.06076514,-0.1892304,0.18756087,0.119636945,0.27002147,-0.45241126,0.101100385,-0.34868696,0.33269882,0.045735158,-0.15855831,0.19793835,-0.085243456,-0.25165963
protein|BOD1L1,0.2035032,-0.15575756,-0.38241932,-0.2539721,0.30620393,0.051193636,0.20929244,-0.22960943,0.17226663,-0.06574127,-0.21865296,0.63855416,-0.14509878,0.029046485,0.12997463
protein|TP53I3,-0.25467074,-0.22135276,-0.13335365,0.3691116,-0.12182897,-0.19391885,-0.1115989,0.27811128,-0.20712218,-0.2180738,0.016558466,0.22887477,0.12488122,-0.23735303,-0.1372355
protein|BRIX1,-0.070218995,0.06444469,-0.26655194,0.08820052,0.35956264,0.069884576,-0.31140223,-0.4708859,0.07051646,0.29119322,-0.20834987,0.073986605,-0.19756,-0.07267121,-0.24375625
protein|MRPL30,0.23873322,0.19736469,-0.7169958,-0.33436307,0.51804626,0.14011832,0.46256578,-0.13612565,-0.0074880016,0.13406897,-0.09388532,0.14189826,0.056546364,0.34163478,0.1574732
protein|BZW2,-0.09517109,0.4967809,-0.36582965,0.39627612,0.703678,0.16919826,-0.46033886,-0.14693026,-0.09237216,0.650635,0.03160447,0.17144014,0.2328593,-0.07679637,-0.33664253
protein|B4DLN1,0.02013507,0.6331727,-0.6211052,0.26528174,0.46467826,0.186262,-0.0072770715,0.0322436,0.2508951,0.18312335,0.07334947,0.29744896,0.4488346,0.16480707,0.07990095
protein|PARP1,0.38654768,0.3765636,-0.63799816,-0.25242358,0.25001237,0.33467564,-0.33578274,0.11700502,-0.74017197,0.3031458,-0.29152998,0.10177302,0.09599303,-0.08917125,-0.042509824
protein|RPF2,0.22899368,0.16353896,-0.115940206,0.023973543,0.2780272,0.003951542,0.012247334,-0.42910755,0.038244776,0.10042025,-0.3690365,0.29936868,-0.38104916,-0.011622205,-0.3849852
protein|NNT,-0.26467675,0.29354653,-0.28413838,0.35348794,0.084210746,0.50585854,-0.30508393,0.74765366,0.08388455,-0.12527758,0.031445295,-0.21151319,0.30420926,-0.3396373,-0.5841378
protein|KCNAB2,-0.12568153,-0.16919774,0.37932166,0.3598558,-0.2903826,0.2586844,-0.517738,0.56808424,0.040550437,-0.526054,0.22676583,-0.22869202,0.21384354,0.07578525,0.26844105
protein|TAP1,-0.10933081,-0.24778394,0.50603634,0.32944417,0.08188347,0.31424177,-0.38169435,0.69038653,0.11635674,-0.40607604,0.37798175,-0.26745683,0.22090304,0.18640582,0.229236
protein|ENO2,0.07523738,-0.13547881,-0.14281876,0.12374774,0.044201694,-0.13855506,0.05805535,0.12362996,0.029635645,0.14779815,0.13167603,-0.018252693,0.040849183,0.06710378,0.2410862
protein|CD80,-0.010938936,-0.37910154,0.040481757,0.01787401,0.25595254,-0.1979597,0.12798913,-0.041738622,0.08954709,0.16329099,0.4538826,0.21444243,-0.101117365,0.061824225,0.120957404
protein|F5GYV5,0.35619375,-0.46668476,-0.40217042,-0.2369377,0.37301067,-0.007861226,0.34775954,-0.59804845,0.19315857,-0.14247459,-0.26196378,0.6822162,-0.2377989,0.12797369,0.29684308
protein|ECI1,-0.23614854,0.11020632,-0.50050163,0.30019113,-0.14174813,0.46885267,0.16944292,0.44887048,0.23308429,-0.33280766,-0.041296467,0.30887002,0.32934946,-0.07525759,-0.50979424
protein|RPL17,0.45686805,0.33008176,-0.2424747,-0.24020694,0.5918004,0.10754438,0.36940303,-0.5094883,0.22970955,0.14354257,-0.0971986,0.41529465,0.07805699,0.49213362,0.7001155
protein|SPARC,-0.004381801,-0.2627766,0.16903418,-0.05513983,-0.24365449,-0.47168228,-0.11842539,-0.015276215,-0.13227321,0.109824456,0.023926508,0.16602902,-0.336127,-0.48119685,-0.4120877
protein|DPM3,-0.09539348,-0.26331106,0.22719263,0.12896481,0.32043985,0.21492131,0.22195053,0.09078378,-0.1414612,-0.39466724,-0.32808012,0.37006554,-0.051433876,-0.29944307,-0.4850566
protein|SMC6,-0.16700482,0.10980222,-0.2843745,0.104229406,0.08700085,-0.11893682,-0.2948201,-0.31860626,-0.2149143,0.21642499,-0.27471453,-0.22048903,-0.04268996,-0.04593771,0.0498961
protein|LSM14B,-0.0082322,-0.25190982,-0.19444166,-0.17164782,0.25337535,-0.13569945,0.103182524,-0.21797124,0.16672039,0.36723912,-0.011275587,0.50336397,-0.02736384,0.06733336,-0.14298518
protein|AHCYL1,-0.18068019,-0.18741532,0.09751484,0.39408302,-0.055017658,0.3720366,-0.31340387,0.56889623,-0.005515392,-0.3284852,-0.08726525,0.10570707,0.2917801,-0.3235192,-0.29876518
protein|TRAP1,-0.2945529,0.45612815,-0.27942243,0.5828191,0.51023936,0.39467794,-0.40689507,0.16810088,0.309874,0.32610932,0.012296451,0.104263976,0.2372272,-0.19022265,-0.68683255
protein|ATP6V0A1,-0.31668216,-0.07222214,0.5294358,0.5371213,-0.041550968,0.23182103,-0.16827421,0.4235845,0.3066299,-0.07070912,0.5359704,-0.37525848,0.18653329,-0.097469196,-0.17852397
protein|AASDHPPT,-0.13424946,0.25729272,-0.2396631,0.27511,0.2676566,0.083574176,-0.49650595,0.08039609,-0.051048182,0.18369454,-0.014095011,0.09720426,0.28298295,-0.01745314,0.10094043
protein|PEX11B,-0.08682369,-0.16678281,-0.11593108,-0.002305948,-0.018214123,0.17632082,0.048375405,0.35122716,-0.15131186,-0.32521245,-0.1282461,0.27817568,0.26189998,0.017926425,-0.08485048
protein|UFC1,0.021783143,-0.03132517,-0.38588783,0.37695545,0.335063,0.24314757,-0.17224912,0.37539536,0.11610395,-0.47862074,-0.10169529,0.24921991,0.6335621,0.17012292,0.072577566
protein|UTRN,-0.446263,-0.27865112,0.40486726,0.17377198,-0.7578617,-0.2984127,0.07081642,0.038521025,0.07031806,0.08164919,0.2578758,-0.10272778,-0.06535504,0.043097768,-0.008255226
protein|LMNA,-0.48559472,-0.2759483,0.6257754,-0.16736205,-0.2609668,-0.13726096,0.07056216,0.3762075,-0.21965998,-0.20540453,-0.37153134,0.01862206,-0.24827705,-0.5160106,-0.3528454
protein|SRC,-0.10956703,-0.50586534,0.53423405,0.15886033,0.11166199,0.1723217,-0.03734526,0.43726835,-0.10514807,-0.11661159,0.39515308,-0.018654795,0.1317879,0.11910159,-0.042846326
protein|PPP1R14B,0.29048756,-0.2837468,0.021381216,-0.1466213,0.49054548,-0.27604598,0.33872443,-0.5341254,-0.11396188,0.063804135,-0.25549757,0.28271064,-0.2317729,-0.26857424,-0.086297356
protein|RPS3,-0.25145477,0.1615104,0.05387283,0.30358437,-0.2034953,-0.056878954,-0.12249077,-0.24673176,0.1688698,0.16329013,0.16130373,0.24336231,0.3134321,0.11829733,-0.305297
protein|PKM,-0.27998242,0.19841869,-0.15487985,0.32729194,0.4331608,0.21174733,-0.4853915,0.5452038,-0.10749291,0.4355309,0.4285817,-0.3382871,0.44476923,0.21836025,-0.058093127
protein|SNAPIN,0.105505906,-0.14286242,0.36680105,-0.25776467,0.070474856,-0.4485082,0.40802762,-0.2071857,0.07845665,0.042597108,-0.20742375,0.1206431,-0.5601797,-0.33694,-0.11809681
protein|TNS1,-0.0655273,-0.3766324,-0.0057961126,0.022612987,-0.37426007,-0.23947418,0.075960554,0.072867654,-0.24589904,-0.2388348,0.02877683,0.15750165,-0.2581336,-0.1907819,-0.0862932
protein|MEMO1,-0.27938914,0.047341757,-0.029581087,-0.0817994,0.39610857,-0.15990894,-0.09049502,-0.3602012,0.20790124,0.28218794,-0.18860158,0.04718265,-0.12940401,-0.2087616,-0.11716154
protein|PALD1,-0.003838467,0.24570364,-0.086813904,-0.13005151,-0.07887128,0.08622214,-0.33247185,0.08411678,-0.71173304,0.030955577,-0.11902553,0.047512844,-0.17015885,-0.24938539,-0.5433329
protein|NOL11,-0.07128848,0.013433676,-0.14899959,0.34071139,0.26600552,0.21511845,-0.21146087,-0.20624836,0.2578541,0.4249052,0.07436252,0.20912136,-0.17900075,-0.2749303,-0.42336372
protein|MRPS14,0.06021398,-0.14379032,-0.30559877,0.37890202,0.01811485,-0.06490876,0.08933639,-0.098318346,0.1548026,0.1828144,0.11282889,0.4457959,0.24549803,0.117472455,-0.015734382
protein|RAPGEF1,-0.22968885,-0.05302707,-0.007600053,0.18243007,0.079912096,-0.018264746,-0.38379303,0.46199766,0.100277975,0.19108748,0.0120215025,0.0212698,0.0705214,-0.09728153,0.08154793
protein|ALDH6A1,-0.13435313,0.11356805,-0.36212102,0.19183354,-0.21893966,0.44465092,0.014526465,0.39420956,0.3195201,-0.4979592,-0.0992972,-0.016868,0.33377647,-0.14794059,-0.58946145
protein|HLA-F,-0.2248105,-0.727113,0.09690483,0.18730372,-0.14693773,-0.072122194,-0.1286256,0.5962177,-0.054484285,-0.48599875,0.12833808,0.33341926,0.086591475,0.21405597,0.417249
protein|PDHB,-0.17781313,0.45986098,-0.14745781,0.29079652,0.19923893,0.3893434,-0.399442,0.54954267,0.03536026,-0.07949796,-0.062408388,-0.15667027,0.41458756,-0.181057,-0.41699374
protein|PSMB7,0.07381219,0.34625977,-0.46130678,0.17390938,0.34306622,-0.0018158691,0.02189908,-0.46209535,-0.07878586,0.56189924,-0.14798641,0.14143187,0.06108487,0.06093415,-0.21685515
protein|HRSP12,0.012799984,0.016788512,-0.65894544,0.082002886,0.19722222,-0.08055455,0.2749637,-0.013137666,0.17726679,-0.23318082,-0.05780896,0.14417347,0.1203178,0.013495016,-0.2620954
protein|ECHS1,-0.20012876,0.30665335,-0.18386656,0.40591234,-0.07272683,0.39160788,-0.14179084,0.6351465,0.29663315,-0.31273973,0.04342091,-0.10218833,0.23916328,-0.21143001,-0.6101312
protein|ACAA1,-0.101017766,-0.1372032,-0.14677764,0.1200323,-0.10173144,0.27318698,0.1769785,0.31973305,0.4557583,-0.39579424,0.22197855,0.15599237,0.17123917,0.065601006,-0.59833556
protein|HDGF,0.4392975,-0.1859124,-0.3144576,-0.4610174,0.2902971,-0.018435968,0.5082875,-0.36945415,0.09502285,-0.25251952,-0.28839606,0.40468657,-0.044620305,0.32673916,0.75373226
protein|DENND4A,0.058135044,0.03323886,-0.26795295,-0.08648716,0.30510497,0.054648194,-0.025989478,0.09109466,-0.11546626,0.020736083,0.15448877,-0.056238353,-0.26900303,0.0051070736,-0.104649074
protein|TOMM5,-0.19469263,0.20524487,-0.29659173,0.29441082,0.31909415,0.17038627,-0.22685856,0.18872763,0.12216339,0.1554211,-0.054865856,0.5289463,0.45349914,-0.07499745,-0.27717596
protein|POP1,0.20018229,0.15516227,-0.19850805,-0.16151758,0.26541802,-0.21040064,0.2529963,-0.26016626,0.022265932,0.1883272,-0.05489311,0.15868741,-0.35132292,-0.31924564,-0.032688044
protein|GABARAPL2,0.19123693,0.12017934,-0.21002936,-0.07496764,0.42389268,0.32086128,-0.26962256,0.081104055,-0.518395,0.34922716,0.14904399,0.021101465,0.0662921,0.12274104,-0.11035336
protein|F2,-0.19100626,-0.25926128,0.10145892,-0.110783055,-0.6625138,-0.80372965,0.48322824,-0.26680416,0.0785619,0.39690354,0.08991348,0.0125018805,-0.233173,-0.24438949,-0.110091865
protein|CDK6,0.030932868,0.1407958,-0.09364594,0.17456275,0.15306264,0.06917375,-0.15815641,-0.19674525,-0.24592708,0.4411953,-0.13986298,-0.03192832,-0.13989802,-0.1356395,-0.27243856
protein|TCAF2,-0.18393365,-0.17190781,-0.03596818,0.12543754,-0.008595338,0.16085733,-0.22747655,0.117350005,0.029933726,-0.17542697,0.2853604,0.03272817,0.27643296,0.28900376,0.14144142
protein|NOC4L,-0.06971784,-0.016461443,-0.09785283,0.32831302,0.46839914,0.06344292,-0.1462885,-0.111852765,0.12594366,0.2735657,0.045758165,0.5735024,-0.0109961685,-0.15665735,-0.6040721
protein|GALT,-0.13370275,-0.39847228,0.04087981,-0.014501526,-0.07603608,-0.14120735,0.31432295,-0.009151023,-0.091629535,-0.7436586,-0.2583773,0.57300603,-0.1759144,-0.086890556,0.1616949
protein|MPST,0.05894254,-0.19228138,-0.3234473,0.11662923,-0.22132388,0.042488694,0.42317992,-0.07195773,0.6113347,-0.31898567,-0.08287818,0.3100731,0.037237756,0.077218354,-0.3240457
protein|ANP32E,-0.07733483,0.5219071,-0.40927505,0.046097253,0.018451456,0.33150896,-0.47310656,-0.043887444,-0.12855037,0.23417166,0.016942345,-0.20358205,0.5210865,0.21266206,0.2572863
protein|THY1,0.116036005,-0.43962646,0.052464817,0.13719545,-0.058993194,-0.3089973,0.09706632,0.083041005,-0.12628235,-0.12120259,-0.30810243,0.39376858,-0.38177583,-0.33058935,0.16858333
protein|SHMT1,0.059551876,0.10682582,-0.10381174,0.18504743,-0.37008348,0.23449045,-0.0048684427,-0.1638344,-0.0031380104,-0.27529958,0.0799937,0.30441645,0.14870608,0.034476746,-0.54005927
protein|C7ORF50,0.30150506,-0.12371698,-0.32324925,-0.11670283,0.38143218,0.07438826,0.25338554,-0.6502676,-0.02333871,0.06333638,-0.15718304,0.64696795,-0.1326931,0.18884899,0.1852279
protein|PYCR2,-0.34010264,0.16718647,0.076624565,0.1890918,-0.018476574,0.108130544,-0.07173454,-0.2569259,0.18722296,0.27585322,-0.1415068,0.014909445,0.1900076,-0.13417666,-0.443184
protein|MRPL57,0.16661692,0.4706401,-0.48070338,0.2135398,0.3819351,0.33341837,0.058782604,-0.16745076,0.11367317,0.14889468,0.006134252,0.39348102,0.33006915,0.28166088,0.0753175
protein|DDT,0.16632685,0.06495994,-0.38661933,-0.10855176,0.2060692,-0.11622186,0.23333918,-0.32699648,-0.06501971,-0.10713887,0.21044713,0.43759027,0.25720808,0.32522878,0.095367454
protein|NDUFB7,-0.25788888,0.52489567,-0.20705268,0.26322073,-0.012186085,0.18826278,-0.33135256,0.55222654,0.12111523,0.087514356,-0.11053349,-0.060007043,0.70992815,0.19855152,0.16329324
protein|SURF1,-0.058835953,-0.19716588,0.2441136,-0.003562196,0.04775561,-0.05328114,0.053718105,-0.2683586,-0.06887203,-0.09766403,-0.18778327,0.1276212,-0.04900394,-0.22470455,-0.36712876
protein|IGSF8,-0.0019440069,-0.19190347,-0.18900393,0.051591214,0.095306806,-0.1988196,0.08076995,-0.024607603,0.0043673874,0.07939502,-0.14236715,0.034128655,-0.29499248,-0.25991628,-0.3389257
protein|LDHA,-0.21137497,0.5179406,-0.034347825,0.28202778,0.45456713,0.27096906,-0.51462,0.35612813,-0.29625577,0.5305499,0.21011788,-0.31426507,0.15177038,-0.13039783,-0.34799373
protein|CLIP1,-0.28055993,-0.18494162,0.17041793,0.19982575,-0.5643328,-0.30293947,-0.09658823,0.24281405,0.04119626,0.115429826,0.24061505,-0.38349432,0.089007296,0.08171699,-0.17701745
protein|ABHD14B,0.25133893,0.20691022,-0.40293372,0.06011076,0.10061837,0.23890202,-0.0801597,0.35173672,-0.17246962,-0.41997433,-0.18560947,0.31484032,0.35590833,0.019225907,0.07297419
protein|ARMT1,-0.07641853,0.23530339,0.16670327,0.24660432,0.25402597,0.11099614,-0.24803105,0.27677652,-0.1535106,-0.0013742192,0.16133082,0.19551584,0.19405481,0.0007869343,-0.0049702865
protein|TAPBPL,-0.04139897,-0.32783365,0.42459473,0.096842654,0.13056803,-0.023235334,0.19884768,0.13232647,0.36901647,-0.26256526,0.21214026,0.03615455,-0.1567555,0.07022482,0.11094701
protein|PCOLCE,-0.13194014,-0.11078092,0.28193212,-0.18136081,-0.43665582,-0.5598109,0.3197323,-0.034705557,-0.3899117,0.2755157,-0.114655085,-0.2741457,-0.6653788,-0.55483764,-0.41221035
protein|PTPRCAP,0.19668281,-0.36907452,-0.24074039,-0.2097995,0.11013635,0.014737113,0.4223724,-0.21215923,-0.19895698,-0.43780074,-0.29898185,0.55777544,-0.2567265,-0.07652064,0.3154555
protein|CYBA,-0.26872638,-0.39758787,0.5956939,0.12176361,-0.017793575,0.1241369,-0.06863182,0.4670648,0.089280225,-0.13434198,0.47338042,-0.27929682,-0.15932328,0.055530213,0.057650417
protein|SCARB1,0.14651404,-0.27718163,-0.058710255,-0.019441627,0.18719347,-0.0045592226,0.08257731,0.028319009,0.15648371,-0.14282833,0.038445946,0.39297953,-0.31901225,-0.2141206,-0.36942625
protein|LAMTOR1,0.08610135,0.09874363,-0.29995087,0.02852731,-0.059836432,-0.096176125,0.03947914,-0.045234878,-0.074740976,0.0554816,0.40623504,-0.3551891,0.25196546,0.081829734,0.23041414
protein|PTGFRN,-0.071733154,-0.23153032,0.012607032,-0.026177179,0.008426402,-0.16266122,0.35380313,-0.43262058,0.16141598,-0.20376268,-0.35289702,0.27327317,-0.3640081,-0.20215653,-0.052736495
protein|SQRDL,-0.45186,-0.42750397,0.60907626,0.21334974,-0.08362516,0.14326093,0.09602262,0.8159424,0.24125671,-0.3084407,0.32997322,-0.20143165,0.07787229,0.0031488426,-0.18986483
protein|CTSH,-0.03888776,-0.06343285,-0.17347059,0.0074511385,0.37137836,0.1441551,-0.08442895,0.027265564,0.011826437,-0.18996575,0.12704208,0.32794735,0.15823872,0.15657252,0.32520473
protein|TECR,-0.03602193,0.29553553,-0.075418934,0.45315632,0.096068904,0.59953195,-0.44870195,0.37840578,-0.14299116,-0.018140905,0.07372271,-0.1650701,0.38912255,-0.047936257,-0.22478342
protein|PRPS2,0.025935646,0.37650552,-0.14445442,0.36750555,0.19912882,0.2648049,-0.69421285,0.58796257,-0.29460225,0.07553211,-0.07848764,-0.019186342,0.4563724,-0.10458261,-0.10072783
protein|PTK7,-0.0695029,-0.17952608,0.4273256,0.07440501,-0.24519356,-0.22886291,0.23462868,0.097858354,-0.049587756,0.22553624,0.06361874,-0.08899565,-0.4288936,-0.42193666,-0.39729172
protein|PHLDB1,-0.17673123,-0.43093473,0.028275508,-0.06360589,-0.098196074,-0.32831588,0.16337898,0.108194366,-0.16532911,-0.23122826,-0.11274913,0.11967715,-0.5332584,-0.23462996,-0.5922914
protein|GNS,0.2915071,-0.55976796,0.15060824,-0.1087224,0.055448472,-0.2733483,0.5763995,-0.33481964,0.45680243,-0.28366512,-0.045091737,0.67149186,-0.34872642,0.3021717,0.43814674
protein|TADA1,-0.14156735,-0.26330757,-0.056305714,0.22436099,-0.14661647,0.0026409782,-0.39091194,0.0771557,-0.20003165,-0.18070985,0.027633997,0.2788565,0.13544536,0.018585034,0.06668334
protein|C17ORF62,-0.3231374,0.10756249,0.17489892,0.3870799,0.045957368,0.21383819,-0.5083782,0.6798099,-0.10281788,-0.12623684,0.08215149,-0.40220028,0.25194705,-0.14453042,-0.06257024
protein|RPS6KA1,-0.2844406,-0.120072946,0.041441984,0.19953792,-0.28457287,0.16388902,-0.34525797,0.18115847,0.11574598,-0.11360886,0.24523905,-0.2707346,0.30379778,-0.002784815,-0.14193693
protein|DTD1,-0.10376255,0.06172401,-0.13860689,-0.15112974,0.09115255,-0.14949626,-0.04507153,-0.30059415,-0.034463506,0.49524027,-0.055061888,-0.15261118,-0.13344342,-0.005560512,-0.13456815
protein|SAMHD1,-0.28463414,-0.56998813,0.88602805,0.41874734,-0.13184157,0.08169783,-0.32685956,0.6134022,0.035083324,-0.83494335,0.22917643,-0.054484177,0.17289802,0.07760132,0.51450837
protein|ACTC1,-0.34771225,0.051793553,0.4770167,0.14736061,-0.35458598,-0.15145749,-0.102733724,0.13461101,-0.39478427,-0.060563806,-0.31590727,-0.24312998,-0.12670916,-0.39741337,-0.12112448
protein|UQCRB,-0.14210995,0.40988135,-0.20463073,0.14773855,0.31011167,0.33561635,0.1565909,0.4383899,0.2067551,-0.21693204,-0.034485962,0.33524415,0.5117773,-0.055759218,-0.19200826
protein|TRAF3IP3,-0.12013583,-0.06337553,0.25636247,0.14665331,-0.2766839,0.24374263,-0.37177896,0.3283486,-0.11600901,-0.34068868,-0.15160199,-0.12987417,0.16609439,0.05322213,0.16491623
protein|TSC22D2,0.13701491,-0.35482657,-0.3254103,-0.21007985,-0.08514331,-0.24074438,0.31459764,-0.38753593,0.1001152,-0.1510042,0.01485897,0.6263058,-0.10616328,0.3001732,0.41446108
protein|OTULIN,0.22694297,0.088919036,-0.24164137,-0.1259337,0.16635622,0.05306468,-0.26324296,0.24245508,-0.5850827,0.115475506,-0.016727714,-0.0663185,-0.11910359,0.014162327,-0.024559554
protein|PASK,0.06896402,0.067625046,-0.34338117,-0.049166996,0.11397779,0.17648521,-0.44470656,0.0152796265,-0.067723,0.04676192,0.12845492,-0.04440156,0.22328167,0.08357586,-0.055918798
protein|BUD13,0.24440974,-0.43552974,0.11661341,-0.11947741,0.1322712,-0.12855148,0.21741198,-0.5833496,-0.14684328,-0.12618437,-0.27424672,0.25948343,-0.35672313,-0.036689196,-0.1226478
protein|NID2,0.114859976,-0.46049732,0.6006889,-0.06616197,0.023626016,-0.5055714,0.5004487,-0.25187126,-0.028788926,0.048107635,-0.15773307,0.04581981,-0.75017166,-0.28513938,-0.16491856
protein|CD247,0.06045199,-0.5408547,0.19812024,0.023724407,-0.27579886,-0.02648329,-0.074393496,0.36278194,-0.06354237,-0.76567405,0.046552613,0.16593628,0.07205147,0.2575401,0.61701596
protein|ATAD3A,-0.28210154,0.17579004,-0.4455232,0.30138144,0.4523652,0.40612817,-0.22620648,0.30750427,0.17492911,0.28506723,-0.20202097,0.19286464,0.17455158,-0.16932252,-0.4658466
protein|PCK2,-0.30905032,-0.12961194,-0.20671827,0.43439215,0.11535844,0.25325057,0.30027336,0.27569136,0.617793,-0.37591103,0.22988169,0.35037187,0.17884472,-0.024112258,-0.5321438
protein|POMP,0.01766206,-0.04578571,-0.44208094,0.2392042,0.4861413,-0.06524572,-0.13329934,-0.06336696,0.2027243,0.048815794,0.03721192,0.4910456,0.22123079,-0.12903248,-0.20136395
protein|ARF4,-0.3742274,0.2182153,0.33669478,0.4765896,-0.062138822,0.28060794,-0.50200975,0.62304235,-0.043226536,-0.04865059,0.27124268,-0.31072718,0.20755754,-0.35063,-0.26178795
protein|SRSF7,0.5371766,-0.100993335,-0.56196225,-0.40507105,0.43715402,-0.098208256,0.5466616,-0.51227415,0.19659114,0.10802036,-0.057636954,0.62228346,0.020826936,0.33597672,0.482667
protein|PSTPIP1,-0.2679587,-0.33038998,0.6115768,0.30514222,-0.31927487,0.25900424,-0.22215262,0.57192785,0.14338987,-0.4695219,0.3184876,-0.038867712,0.12968539,0.17025891,0.44149983
protein|CIRH1A,-0.082987055,0.29638574,-0.1865987,0.25248393,0.07232022,0.21588595,-0.3428389,-0.027001275,0.15032358,0.14496739,-0.0049206032,-0.128417,-0.2021406,-0.24214964,-0.7153015
protein|CD81,0.16342154,0.11622663,0.25681114,-0.035068832,-0.29705632,0.06233525,-0.51849246,0.4944726,-0.26961315,-0.15741003,0.25399315,-0.41970754,0.24357896,-0.073984645,-0.12337399
protein|SYTL1,0.06296765,-0.42224544,-0.26222336,-0.30035004,-0.124304056,-0.057458628,0.14030851,-0.19608039,-0.07022658,-0.24978034,-0.24453625,0.24227452,-0.06598977,-0.07238479,0.091588266
protein|C20ORF27,-0.14121151,0.08238512,0.023884922,0.34427807,-0.2646281,0.1139776,-0.3740542,0.16612767,0.08784135,-0.09765077,0.3030878,-0.07171284,0.33883643,0.075816855,-0.20527077
protein|SSBP1,0.12735948,0.701568,-0.35469112,-0.0665668,0.25226927,0.24329722,0.13630253,0.10877288,0.034541342,0.21256362,-0.1467291,0.3289118,0.20786388,0.13519445,-0.022845464
protein|HNRNPAB,0.45639193,0.3433423,-0.6096188,-0.28429645,0.746609,0.119254425,0.25535068,-0.44436347,0.057839956,0.43749136,-0.14118733,0.36188915,0.19209106,0.35826293,0.29283893
protein|MRPS12,0.29899782,0.12980427,-0.37544912,-0.17659476,0.48377693,0.09725981,0.31291562,-0.3475367,0.18167177,0.10622321,-0.0068070153,0.36315033,-0.07359177,0.41933683,0.19557875
protein|VAMP7,-0.1959052,0.09352234,-0.25437036,0.09973314,-0.033955712,0.04792992,-0.5146687,0.49341345,-0.34493265,0.1693681,0.13592248,0.019287255,0.16927698,-0.15197395,-0.20296898
protein|FN3KRP,0.30078593,-0.6079685,-0.07706331,-0.1206271,0.04932547,-0.024278786,0.09321733,-0.20143422,0.099724114,-0.4120115,-0.37552872,0.53066516,-0.16552413,0.06525151,0.1808523
protein|LAMA3,0.10299529,-0.37160388,0.08844812,0.2890841,-0.28156847,-0.007512078,-0.39467072,-0.08084787,-0.09722039,-0.48547965,-0.36055377,0.3312934,-0.056267932,-0.23371938,0.25361818
protein|SASH3,0.4146412,-0.06708947,-0.41446087,-0.28840467,0.31145927,-0.12042329,0.18793437,-0.08047146,-0.2940763,-0.056702502,-0.072418556,0.34398305,0.005254469,0.15875769,0.58187735
protein|ITPKB,0.27790242,-0.20812094,-0.20661485,-0.31599942,0.1037247,-0.109271325,0.31239712,-0.038260117,-0.42556882,-0.23565084,-0.1507187,0.16526774,-0.1589598,0.19431922,0.18706805
protein|ATP5F1,-0.24759774,0.42400217,-0.23315296,0.26134145,0.16854365,0.5829307,-0.30924857,0.65630394,0.05741503,-0.06189111,-0.08005885,-0.036309447,0.2854951,-0.27692348,-0.4398612
protein|PUS7,-0.07653091,0.046061013,-0.18380028,0.08840881,0.17627494,-0.11605102,-0.03707059,-0.35921225,0.13684495,0.29015505,-0.18842152,0.25012806,-0.0425668,-0.010206326,-0.21551177
protein|RPL35A,-0.052717585,0.4100404,-0.18379061,0.26789936,0.508166,0.15684178,-0.04745754,-0.24732278,-0.1199679,0.16722469,0.04413075,0.22095412,0.3353355,0.27646744,0.12939979
protein|RAB30,0.0943717,0.5315207,-0.39573392,-0.048329167,0.12652512,-0.00022375406,-0.2359028,-0.15617031,-0.32905495,0.44791237,-0.23212239,-0.0076289237,-0.07947683,-0.23297837,-0.26755652
protein|DHODH,-0.14658664,0.22671898,-0.062386725,0.18166168,-0.073202364,0.19644557,0.03193407,-0.081451245,0.28226832,0.19919883,0.08268293,0.16664144,-0.003743322,0.001848431,-0.012601365
protein|EP400,-0.013666665,-0.41793826,-0.21746947,0.040900256,-0.14480633,-0.085230775,-0.28678656,-0.01416512,-0.17542017,-0.10001486,-0.21441233,0.15580791,-0.29961213,-0.15788345,-0.06401619
protein|PPP1R2,0.11974579,-0.17119479,-0.10381958,-0.1739043,0.2673848,-0.038139015,0.39337456,-0.29850376,0.16493899,-0.3847461,-0.16763382,0.5282898,0.06521123,0.4055638,0.7862116
protein|ALYREF,0.36683667,-0.293881,-0.64940596,-0.4529027,0.42367107,-0.054826718,0.45352426,-0.5510896,0.08182904,-0.028906781,-0.20831712,0.56070995,-0.13174169,0.29209688,0.34954175
protein|E7ENX8,-0.06528698,-0.23332639,0.13974276,0.33831105,-0.03133954,0.41225561,-0.44410646,0.711603,-0.054622903,-0.3578071,0.28619888,-0.1237869,0.3285546,0.13601483,0.13090701
protein|JUNB,-0.15234213,-0.33087653,0.095114864,0.021909432,0.36972678,-0.24389185,0.1233289,-0.23309675,0.21661134,0.1334354,0.13198584,0.40150496,-0.092844225,0.112034835,0.2863268
protein|NAMPT,-0.41029808,0.018216455,-0.049374837,0.43073186,0.013534922,0.02167732,0.091819376,0.094034374,0.498171,0.18830426,0.5454447,0.103450045,0.49604252,0.18743537,-0.14302258
protein|DTX3L,-0.21169275,-0.18983544,0.11448802,0.3621362,0.31912008,0.1500234,-0.32243487,0.19823438,0.17563994,-0.27882162,0.16044924,0.116243586,0.28616488,0.050002974,-0.05224827
protein|CTNND1,-0.042751558,-0.41753075,0.17664398,-0.109902,-0.37076703,-0.043759625,0.27208698,0.1474328,-0.025990164,-0.48526084,-0.17401087,0.30924162,-0.29699945,-0.20596911,-0.35927266
protein|SEC61B,0.027942669,-0.05675484,-0.088452704,0.12427487,0.3618995,-0.076220386,0.36024785,-0.17343482,0.18850188,-0.3597239,-0.18028505,0.43888438,0.10146005,0.055296257,-0.06456565
protein|HP1BP3,0.40947786,-0.38755476,-0.14688353,-0.3497991,-0.04523634,0.04796989,0.14915346,-0.15686269,-0.16612579,-0.58707637,-0.5041589,0.5128868,-0.018327424,0.028783573,0.6985981
protein|PARP9,-0.3478568,-0.1398307,0.35207197,0.55961674,0.065291435,0.17407255,-0.24603058,0.3967455,0.17542966,-0.36415005,0.25483006,0.2004368,0.22093292,-0.0068895295,-0.058167357
protein|STK17B,0.047158655,-0.04301766,-0.13256149,-0.11599056,-0.029153362,0.18547727,-0.31095695,0.21033154,-0.2477867,-0.23700671,-0.0901097,0.36243248,0.1306974,-0.033279046,0.39709872
protein|ALDH1B1,0.036290392,0.26803368,-0.13519734,0.2925241,-0.10514288,-0.0018005219,-0.09780817,0.2728789,0.00023435551,-0.034527317,-0.111390874,0.16310124,0.04009733,-0.40058354,-0.48199424
protein|ATAD2,0.0313633,-0.085016556,-0.29423967,-0.029047221,0.18006015,-0.026665682,0.018262492,-0.36680496,-0.039719764,0.2605256,0.16008428,0.38879952,0.013767962,-0.042222846,-0.3440047
protein|NKTR,-0.00053884264,0.037650935,-0.28004906,0.11557232,-0.018074118,0.16599107,-0.27270627,-0.004221527,-0.123946585,-0.011579102,0.011585212,0.082387134,0.23044977,0.21894948,-0.14671081
protein|NLN,-0.3286331,0.19805418,-0.20160863,0.27586553,0.21991926,0.3787371,-0.29868752,0.3481242,0.30978814,0.16486561,0.1821253,-0.1959249,0.30706805,0.06897645,-0.33314335
protein|PLEKHF1,-0.030998,-0.31565663,-0.13428846,-0.07197372,-0.0793017,0.14621215,-0.3218978,0.37000993,-0.43782553,-0.18264657,0.08968907,-0.054920822,-0.0663804,-0.22293797,-0.10949382
protein|UBR7,0.01550293,-0.26079825,-0.17006394,0.09161352,0.24846594,0.06446427,-0.29735768,-0.24138409,-0.15297812,0.04367264,-0.18525998,0.32188037,-0.11584301,0.0043245642,0.06795102
protein|PSMB6,-0.14272444,0.23469861,-0.2629612,0.08530344,0.07756238,0.006770569,0.11395393,-0.5737758,0.025960743,0.41293597,-0.2473347,0.079502,-0.2216392,-0.18627629,-0.5179912
protein|TMED4,-0.16941316,0.0025701325,0.16096795,0.30794728,0.011302248,0.24614896,0.11127801,0.2604671,0.27646556,-0.23215476,-0.0456427,0.16607855,-0.0005281441,-0.18866792,-0.33907214
protein|ATP11C,-0.33254656,0.18250136,-0.11712248,0.45774707,0.11165299,0.2327577,-0.48476514,0.2169408,0.04810853,0.23872443,0.20462646,-0.14844482,0.11294058,-0.07125513,-0.14568819
protein|UBE2J1,0.15748547,0.19094357,-0.08509035,-0.006516414,0.19842272,0.14256018,-0.009785887,-0.19949238,-0.22044313,-0.071055196,0.054501012,0.118733466,-0.08511596,-0.11809982,0.053629965
protein|DARS2,-0.22176923,0.34615362,-0.437229,0.27466956,0.16345,0.38051173,-0.31773353,0.31414923,0.084069684,0.041934896,0.019298922,0.21020204,0.482905,0.008344051,-0.12105569
protein|CAPNS1,-0.18736854,0.077253364,0.19480242,0.035013746,-0.26917258,-0.10286024,-0.010550836,0.2548638,-0.08160772,-0.2061617,0.09213029,0.21049213,0.2775624,0.087903574,0.532711
protein|GOSR1,-0.43066692,0.13731354,-0.021033682,-0.16086778,0.22521439,0.0026869343,0.41811922,0.087204814,0.14633487,0.3666908,-0.007914214,0.1575859,0.15556931,0.14677285,0.23198335
protein|LAMTOR5,0.34606466,-0.3485136,-0.2560715,-0.19777066,0.44229656,-0.16349988,0.69456655,-0.1977371,0.1436227,-0.23303415,0.12281796,0.56421024,0.049713414,0.3122317,0.46421328
protein|CDK3,0.011033274,0.26430845,-0.17909,0.091768354,0.085448325,0.3390244,-0.30989242,0.10377087,-0.07176908,0.04294141,0.04796626,-0.031924106,0.32372877,0.06448682,0.1951314
protein|BRE,0.08649819,0.024657244,-0.07607607,0.29819536,-0.04031424,0.0075631924,0.06861103,0.36517933,0.07988754,-0.09164547,0.20708208,0.5192419,0.21928367,0.028806955,-0.07703703
protein|MCM5,-0.014874467,0.24776283,-0.48881552,0.26800334,0.5365107,0.25654724,-0.478676,-0.3705057,-0.03608125,0.7656817,0.055423956,0.17315507,0.1226851,-0.10030645,-0.4559736
protein|RMDN1,-0.16740052,0.22076139,-0.059022576,0.13224196,0.21059114,0.36925063,-0.27857503,0.34666213,-0.06682429,0.023175102,0.27177528,0.17071663,0.1912738,-0.07288032,-0.2984324
protein|PPIG,0.30307123,-0.022695376,-0.348758,-0.30704054,0.35288832,0.17040402,0.17236802,-0.36494774,0.1654392,0.1364298,-0.16925287,0.42822206,-0.071232855,0.23274219,0.37973303
protein|SYNPO,0.051998034,-0.31193712,-0.12579837,-0.08101673,0.0026881746,-0.3028556,0.24247608,-0.18778951,-0.04094604,-0.2667665,-0.1597952,0.500741,-0.10830762,-0.013492725,-0.07082968
protein|SAMM50,-0.08329814,0.3528374,-0.18779835,0.26924023,0.07592424,0.33754772,-0.34262648,0.42630228,0.023684252,0.012000929,-0.133196,-0.03163207,0.09355664,-0.06052734,-0.52332276
protein|TYMP,-0.174717,-0.862142,0.60499936,0.30432323,0.15068379,-0.18069004,0.14069362,0.36226845,0.13392137,-0.42041826,0.46868053,0.16216743,0.10955864,0.29583192,0.4471948
protein|RRM2B,0.13554582,0.113721475,-0.09122916,-0.064045295,0.15141916,0.44195122,-0.25385663,0.09137972,-0.50508475,0.03257572,0.085552596,0.012999988,0.08782993,-0.1873621,-0.16937917
protein|SNX11,0.043925185,0.2094379,-0.16896579,-0.11327995,-0.022852914,-0.22977826,0.15999573,0.3462266,-0.38888627,0.102372944,0.24726045,0.026722653,-0.075676665,0.24670786,0.29739586
protein|AIFM2,-0.2423454,-0.40426004,0.34580213,0.4229237,0.0202125,-0.095355116,-0.13991192,0.46685982,0.2767021,-0.094851874,0.37531683,-0.046838228,-0.1576065,-0.30052704,-0.40356752
protein|DHPS,0.03731843,0.13857435,-0.39840752,0.3374358,0.18528186,0.13217713,-0.046376016,-0.074462056,0.21766506,0.19503255,0.15462166,0.2783583,0.2942844,0.0152370185,-0.115958236
protein|LRG1,-0.047147978,-0.18554574,-0.26504108,0.08139286,-0.6309078,-0.53402257,0.1344101,-0.08238653,0.0882703,0.31468812,0.22534914,-0.1611172,-0.109210946,-0.049401637,-0.109010324
protein|KDM2B,-0.044804793,0.26911104,-0.29446906,0.26498228,0.20588103,0.20766144,-0.62715125,0.090531714,-0.22674863,0.2813333,0.017394418,-0.062720686,0.2939148,-0.03521775,-0.4223028
protein|PANK4,-0.028675882,-0.41836375,0.29779926,0.18021567,0.08725086,-0.09186827,0.08599035,-0.04064227,-0.011194398,-0.49306503,-0.103683785,0.24251252,-0.25244898,-0.15145826,-0.026091333
protein|BRD8,0.045456417,-0.22357756,-0.09406528,-0.071982436,0.20231147,0.18473312,0.014098056,-0.26620364,0.082326464,-0.10857002,-0.21089777,0.3339759,-0.11870076,-0.14072779,-0.28092226
protein|SNX18,-0.17256391,-0.66414756,0.12519844,0.11830431,0.24990349,-0.20863205,0.20331165,-0.08721361,0.36567047,-0.4523411,-0.20661928,0.17683235,-0.110446334,0.067931294,0.11025115
protein|SRSF6,0.35288978,0.1588433,-0.6558672,-0.24820715,0.62654674,0.27542248,-0.07903291,-0.40180072,0.054361142,0.3416227,-0.14076348,0.03204045,0.15594478,0.3226737,0.12084572
protein|LAPTM5,0.10606982,0.025598992,-0.17737941,0.15919143,0.060367867,0.114812575,-0.26415178,0.21775185,-0.1548457,0.2794034,0.33404776,0.19335051,0.034995466,0.13687156,0.2342434
protein|GAA,-0.1479665,-0.45165125,0.27920794,0.1834642,-0.09831257,-0.12580232,0.32848483,-0.0043147495,0.16456291,-0.44524136,0.26197416,-0.02327821,-0.1394843,-0.025514696,-0.10239357
protein|RAB11FIP1,-0.052862797,-0.49227998,0.10874987,-0.14274476,0.13871174,0.01774027,-0.1023488,0.08118681,-0.34582773,-0.20723245,-0.09521451,0.35384026,-0.07939143,0.1311221,0.34458232
protein|MPP6,0.20126018,0.15940925,-0.30007717,0.14859584,0.3240561,-0.0805229,-0.08085969,-0.015834475,-0.4238536,0.4274013,0.088109955,0.23481111,-0.017299842,-0.033538256,-0.3302216
protein|SFT2D2,0.07980287,-0.2946804,0.008827472,-0.12667254,0.22614592,0.17895521,0.15117262,0.30311203,-0.41294327,-0.16290928,0.011525514,0.10273005,-0.018117756,-0.14822409,-0.108054385
protein|RPP30,-0.08399358,0.03797901,-0.16252783,0.3852808,0.45247504,0.043412264,-0.26192394,0.081537195,-0.00050832203,0.14629558,0.07560613,0.45903233,0.26370156,0.09845695,0.036086865
protein|GPSM3,-0.023412885,-0.57661253,-0.039510593,0.14853178,-0.2154241,-0.22344996,-0.017781425,0.28062445,-0.055243596,-0.6163508,0.072525546,0.46603188,0.20640165,0.14622326,0.3266358
protein|MCM3,0.058226448,0.3600658,-0.5841971,0.17058708,0.61923075,0.37495142,-0.29448804,-0.51502466,0.030571783,0.7665596,0.0558863,0.22179857,0.19954345,-0.01735217,-0.38473108
protein|AMDHD2,-0.16205813,-0.09014933,0.07442449,0.50305414,0.12207595,0.14160722,-0.5055978,0.40924093,-0.04238529,-0.2680981,0.19294663,0.08112322,0.41425708,0.014236154,-0.105143115
protein|FBXO6,-0.038356416,-0.7199236,-0.023746567,0.09746979,-0.035946306,-0.08969357,0.031859323,0.09649173,-0.0332846,-0.3541498,0.14530373,-0.15862428,-0.14569776,0.032352973,0.042460084
protein|ICT1,0.015070678,0.19363005,-0.16887574,-0.012418143,0.45040768,0.07665361,0.46925664,-0.18106546,0.17164497,0.17156929,-0.11612067,0.6313565,-0.14296496,-0.026129581,-0.22969568
protein|ARMC10,-0.16622561,0.23557411,0.0145875355,0.4339038,0.027576042,0.26335523,-0.3519569,0.4227845,0.24032447,-0.06409398,0.095284,-0.05644137,0.27711427,-0.022297114,-0.33856985
protein|HAGH,0.16149303,-0.2887795,-0.03732775,0.02410944,-0.5345789,-0.059732884,0.06029115,-0.021444209,0.14737561,-0.44903725,0.03946084,0.25550124,0.10872002,0.07975194,-0.05130289
protein|LIMA1,-0.015931398,-0.27891266,0.33372322,-0.1403929,0.037757352,-0.083192214,0.10186408,0.042842794,-0.3435299,-0.076807804,-0.16360447,0.012022493,-0.46108535,-0.34934402,0.028920883
protein|LDHB,0.05608308,0.6384627,-0.3396446,0.29271963,0.37316662,0.33248997,-0.6362986,0.10072175,-0.1625956,0.2936674,-0.011420709,-0.23407857,0.41183308,0.090501726,0.033681154
protein|ARHGAP17,0.21668935,0.054994203,-0.23831934,0.05017681,0.1513626,0.24455829,-0.084530145,-0.12546705,0.08732035,-0.20122477,-0.114843085,0.117700286,0.24895112,0.17634264,0.40467456
protein|SERPINB1,-0.36101475,-0.52567184,0.25855517,0.37379766,-0.37148938,0.033494037,-0.20780389,0.62097216,-0.029179506,-0.3731111,0.53249234,-0.28428522,0.41025144,0.29585576,0.27761844
protein|SUCLG2,-0.20656793,0.20023099,-0.15947646,0.15044166,0.039387077,0.6036561,-0.119937666,0.7062774,0.15757701,-0.42194194,-0.17664042,0.009260914,0.2339636,-0.24256043,-0.3043836
protein|SCAF11,0.32706565,-0.111046314,-0.2024109,-0.14127116,0.34346142,0.004697312,0.1379868,-0.5159572,0.036899414,0.0983688,-0.24702835,0.5525715,-0.060022466,0.18735167,0.39372402
protein|NCF4,-0.32636544,-0.28437763,0.5190631,0.18664828,-0.17991477,0.069738016,-0.07395942,0.1131618,0.09522154,-0.20171265,0.6122412,-0.09950992,0.18428667,0.30446088,0.1971885
protein|GGA3,-0.10294291,-0.17072937,-0.018812334,-0.03444015,-0.06354591,-0.27798817,-0.08831997,-0.011112381,0.08747409,0.023089383,0.1083423,-0.026895283,-0.0012646507,0.015143683,-0.028137827
protein|TRAPPC5,-0.22867458,0.113549456,-0.060040295,0.3758974,-0.07273525,0.22028488,-0.46443516,0.25297356,-0.23657301,-0.040160332,0.1339662,0.20263538,0.27687675,-0.08041353,0.011192103
protein|ENSA,0.23859447,-0.005118989,-0.4833347,-0.31100664,0.53831726,0.04137837,0.26324105,-0.22659212,-0.08876058,-0.09343053,-0.06428195,0.3267223,0.25604856,0.45383275,0.5326633
protein|PXN,-0.07528096,-0.72219175,0.31129983,-0.042926047,-0.19230929,-0.12766996,-0.07651707,0.2004506,0.31104895,-0.45404914,-0.11602534,0.06356653,-0.2526132,-0.17231041,-0.049231328
protein|NOB1,-0.089788795,0.17332423,-0.38658327,0.33140662,0.4493921,0.20377019,-0.45768434,-0.21314524,-0.09946399,0.40050054,0.03563318,0.08742659,0.13455072,0.009177542,-0.2658921
protein|ANXA4,-0.28674164,-0.33214658,0.37693906,0.061158314,-0.27910244,-0.1427013,0.13092826,0.53428775,-0.22709115,-0.3462275,0.18248266,-0.027426152,0.07072592,-0.23525561,-0.29440492
protein|ACAD9,-0.29696885,0.40532702,-0.18246682,0.32238227,0.09426594,0.40047982,-0.43990627,0.31949994,0.102471426,0.22152333,0.13351515,0.061693326,0.2036254,-0.1521548,-0.52575475
protein|SYNGR2,-0.023291614,-0.20318821,-0.375203,-0.2021012,0.19959255,0.09205652,-0.3389398,0.3819763,-0.46389908,0.077132076,-0.007689742,0.015383351,0.034628447,-0.40556398,-0.24146417
protein|ENPP4,-0.00034301772,-0.0036908037,-0.28609613,0.14840946,0.09366689,-0.074054025,0.107501015,-0.011908908,0.31457922,0.16409948,0.28040785,0.30902913,0.25580484,0.120097674,-0.25022843
protein|GNL2,0.52319163,-0.28353718,-0.37142462,-0.056672987,0.37591878,0.0018058971,0.2140107,-0.24822327,-0.16224417,-0.16774246,-0.30611792,0.5418154,-0.055937726,0.11152264,0.40958694
protein|FAM3C,-0.07116879,0.14471148,-0.00014751045,0.10924678,-0.017059943,0.07541163,0.20623411,0.23885016,-0.16784704,0.038879782,0.28336185,0.25963444,0.07111251,-0.015513747,-0.0328509
protein|SDHB,-0.16542791,0.09694252,-0.12589782,0.28155467,0.09527473,0.44123974,0.055243365,0.5678746,0.45766985,-0.5762686,-0.0429049,0.07515822,0.31226093,-0.04245467,-0.38578337
protein|ACYP1,0.25581607,0.18008214,-0.48016208,0.03471782,0.0833126,0.0689337,-0.056305006,-0.12694243,0.03583413,0.23211879,-0.09916046,0.20160204,0.21660624,0.16199847,-0.036904152
protein|GNA11,-0.18525767,-0.18479417,0.28194883,0.16123754,-0.22678518,0.022238689,-0.070193216,0.23906383,-0.2303786,-0.33066672,-0.19300348,0.19325644,-0.008313399,-0.2179977,-0.27772674
protein|NPM3,0.030522235,0.21476524,-0.26241404,0.21818818,-0.10238344,0.12507841,0.20505415,-0.37837172,0.39012104,-0.10987804,0.06472288,0.27180716,-0.0070139254,-0.03654316,-0.51212597
protein|D6RF44,0.123679236,-0.41664353,-0.42406726,0.16669728,-0.003909464,0.118349,-0.17571515,-0.093087964,-0.04308788,-0.07536368,-0.0718514,0.4887547,0.14111565,-0.0075923027,-0.09111857
protein|ENY2,-0.13848606,-0.18175092,-0.44781467,0.025756322,-0.29124668,-0.19245473,-0.12948294,-0.42550728,0.052318715,0.34956616,-0.14607328,0.11392866,0.07875874,0.23075607,-0.059594095
protein|SEMA4A,-0.017792383,0.067624435,0.09277017,-0.072486736,-0.058838047,0.10109513,-0.04770437,-0.037814233,-0.24944542,0.29266262,0.22623752,0.14448403,0.031520475,0.008145409,-0.15826267
protein|LAMB1,0.015114095,-0.30688897,0.4995795,0.072816946,-0.1358303,-0.34699637,0.103869356,0.03883773,0.04526448,0.15389371,-0.09057568,0.088788114,-0.6913203,-0.45240608,-0.34166032
protein|COL4A1,-0.026305703,-0.3368701,0.58973694,-0.12079801,-0.023679549,-0.27290714,0.37190402,-0.15537788,-0.028988868,-0.0828574,-0.30239254,0.18078783,-0.5134633,-0.21758413,-0.0801786
protein|HNRNPDL,0.36677074,0.055025995,-0.5001766,-0.19815086,0.4969765,-0.068474956,0.27587324,-0.3329943,0.1238831,0.09514288,-0.12639831,0.33374104,-0.036709055,0.31120202,0.50346804
protein|NDUFA6,-0.3697276,0.05142709,-0.062073193,0.44654816,0.12540904,0.42330563,-0.3989443,0.43934163,0.09035508,-0.053712975,0.13842195,0.08398674,0.44642034,-0.007023822,-0.014828256
protein|FAM136A,0.09482003,0.13444544,-0.21980634,0.09837145,0.32700723,0.09023811,0.18474026,-0.2044251,0.089485824,-0.08612328,-0.0015460773,0.19136733,-0.0251158,-0.12866025,-0.16692768
protein|NDUFS8,-0.0991404,-0.19669694,-0.3375151,0.11667414,0.20042118,0.2890722,0.118088886,0.13563007,0.12868942,-0.3882599,0.024887845,0.42150176,0.26864228,0.09803104,-0.057751175
protein|ATP5C1,-0.29844028,0.37016407,-0.10825705,0.45367762,-0.005931457,0.55387,-0.4367569,0.39719763,0.1440429,0.023716317,-0.031505026,-0.2807341,0.10934076,-0.24127273,-0.61851573
protein|CSNK1A1,-0.17825617,-0.14778477,-0.036002018,0.08555429,-0.19625841,0.350181,-0.66668165,0.21828198,-0.1153877,0.14654648,-0.1254921,0.051212553,-0.10830185,-0.07249852,-0.2371051
protein|ITGB1,0.07122402,-0.20428927,0.44120884,-0.07932804,-0.31973678,-0.4215101,0.49620944,-0.14155653,0.15106687,-0.16522226,-0.0994876,0.2795806,-0.49162033,-0.15744929,-0.021793082
protein|CHORDC1,-0.24008594,0.18358041,-0.09759659,0.343232,0.28455645,0.11246605,-0.5079109,0.14628561,-0.23426118,0.17283037,0.15866368,-0.22367273,0.18820117,-0.18677966,-0.18478784
protein|TAPBP,0.09846098,-0.43310547,0.2693402,0.29374927,0.13420801,0.3418979,-0.18198681,0.5504527,0.2751247,-0.37850153,0.39875045,-0.10120189,0.23667674,0.31556866,0.3166504
protein|STK39,0.054182135,-0.0864071,-0.18562661,-0.21341695,0.2700798,0.15219516,-0.13185985,-0.17658845,-0.2810319,0.03411414,-0.22249037,0.080353566,0.09654349,0.071459636,0.19777541
protein|FCHO1,0.16413248,-0.008390175,-0.13330789,-0.33187222,0.16423023,-0.016237754,0.29710263,-0.09941188,-0.1482292,-0.10624914,-0.16850705,0.3377299,-0.19073911,0.0007941637,-0.0638775
protein|MYO1D,-0.35527444,0.20573671,-0.078740515,0.04889392,-0.2835863,-0.03601546,-0.049192525,0.11191473,-0.5334798,0.26173398,-0.03652846,-0.06766047,0.044863813,-0.23769397,-0.2811843
protein|UBAP2,0.084948525,0.15214597,-0.30367264,0.04418759,0.72717446,0.30136916,0.04143754,-0.34353778,0.3276891,0.38389814,0.07767442,0.30704775,-0.11830878,0.17519304,-0.11579277
protein|NANS,-0.049308706,0.18072931,0.18737757,0.20212571,0.097795054,0.2028881,-0.17468278,0.557621,-0.31028822,-0.09444186,0.19884783,-0.24436703,0.3276913,-0.055974472,-0.038518135
protein|DSCR3,-0.20230943,0.08490057,0.1145553,0.21280856,-0.1946499,0.32237023,-0.17651355,0.54307103,0.108552836,0.076687515,0.20648015,-0.004350015,0.28229666,-0.11293039,-0.13863832
protein|INTS8,-0.18852086,0.075071685,-0.110933036,0.5320429,-0.034959074,0.16459113,-0.55834854,0.20895384,0.0794842,0.07471018,0.037885673,0.3244061,0.011348077,-0.23283423,-0.28706706
protein|HSPG2,0.05968949,-0.37235528,0.5062243,-0.1912514,-0.22953357,-0.46310258,0.34178677,-0.14404611,-0.094093375,0.10568701,-0.361524,0.113270536,-0.8443936,-0.39954162,-0.37819368
protein|DDX20,-0.124737754,0.09261731,-0.25174302,0.375314,0.16565296,0.20348488,-0.16841689,0.31821868,-0.1124666,0.2696236,0.07923621,0.25423172,0.034815285,-0.15847163,-0.30721623
protein|POLA1,0.14661866,0.4698467,-0.55736923,0.035759173,0.287926,0.13626732,0.35025555,-0.12709053,0.13165972,0.1887651,0.054487582,0.3400398,0.02520372,-0.009153169,-0.5390477
protein|SH3BGRL,0.4292361,-0.16328758,-0.1615011,-0.3220517,0.21945402,-0.0121857785,0.21879326,0.10758834,-0.28090426,-0.26840192,-0.11954976,0.44098052,0.12141399,0.35966983,0.78410417
protein|FEN1,0.19061624,0.30672127,-0.5910116,-0.056613605,0.6234192,0.34994283,-0.085626885,-0.3371592,-0.12516531,0.7249446,0.0807141,0.20655763,0.110912785,0.221454,-0.022917258
protein|ANP32A,0.28767282,0.41761202,-0.6166574,-0.0059483917,0.34113616,0.12671556,-0.04530132,-0.1644329,0.08649317,-0.09898197,-0.043803442,0.5507556,0.42525184,0.44820482,0.58714616
protein|UTP6,-0.16875446,0.09771353,0.020908665,0.35351044,0.075106576,0.23903692,-0.39763665,-0.25738904,0.21196997,0.36167598,-0.11023918,0.13434577,-0.13434388,-0.32794347,-0.44442457
protein|SMAP1,-0.07660995,-0.14278431,-0.014643313,0.20987391,0.09995157,-0.0047679623,-0.17818138,0.06382893,-0.19683453,0.058328588,0.1846895,0.25862408,0.16310711,-0.10042551,-0.2412536
protein|RLTPR,0.2911144,-0.18344337,-0.31424987,-0.35134408,0.23528378,-0.066693895,0.12336873,-0.578524,-0.028898321,-0.14395182,-0.2853555,0.55644387,0.059756424,0.15060094,0.26687762
protein|GGH,-0.07507493,0.3141072,-0.12879322,0.2755158,-0.113664865,0.058832508,0.008366149,-0.26545382,0.16712809,0.28509197,0.1674375,0.27306667,0.37651482,-0.09644512,-0.3571075
protein|IGFALS,0.05927636,-0.3818463,0.114257425,0.034519743,-0.5369375,-0.37990734,0.21616174,0.09841768,-0.15880065,0.050457682,0.16435823,0.0018070837,-0.2937023,-0.2330826,-0.5221981
protein|LAMTOR3,-0.048019584,-0.33732796,-0.0034360334,0.19791253,-0.016570734,-0.11162935,0.023527475,0.1881717,0.05759935,-0.018175771,0.42540774,0.22607408,0.1639224,0.0770319,-0.013069286
protein|CCDC58,-0.08011024,0.3581304,-0.38552886,0.27982426,0.3862837,0.103503406,-0.028788153,-0.054094516,0.13938163,0.2676888,0.10622022,0.21247232,0.3540775,0.28651264,-0.16391991
protein|PAICS,-0.0433207,0.6295681,-0.46286187,0.3406898,0.5460345,0.17388965,-0.44300792,-0.15211497,0.01879941,0.6814935,0.0950018,-0.023676226,0.27706373,0.024866523,-0.4913853
protein|PTK2B,-0.018270163,-0.01547522,0.06608549,-0.008918738,-0.09176719,0.12411431,-0.4160142,0.6267279,-0.4699011,-0.0995969,0.0602564,-0.11985788,-0.14969684,-0.12679623,-0.043039903
protein|MMP14,-0.14791399,-0.47429952,0.4881864,0.06434751,0.004408818,-0.3634195,0.24361593,0.23683393,-0.11150558,0.23909305,0.16287006,0.24210042,-0.36626536,-0.36424366,-0.1752063
protein|NPC1,-0.14838123,-0.47149822,0.10155044,-0.08978557,0.12378717,0.13280705,0.28670624,0.22593069,0.1337649,-0.28015655,0.19563836,0.28004128,-0.112921484,-0.14841066,-0.41730314
protein|PAIP1,-0.22493947,-0.08205482,-0.10769285,0.49058798,0.38425222,0.24749988,-0.42923778,0.22014113,-0.020507773,0.09083746,0.04349231,0.28609946,0.356383,-0.25263128,-0.31900528
protein|RPL23A,0.3661833,0.2148764,-0.48357487,-0.18942603,0.59671086,0.20136246,0.13139,-0.49212062,0.26475227,0.050949205,-1.3890436e-05,0.36189824,0.21865661,0.52986705,0.42669475
protein|DOCK7,0.047500268,-0.08842301,-0.36376345,0.13294658,0.6730271,0.025665121,0.042550027,-0.31810862,0.18306726,-0.023965308,0.112888336,0.58216923,0.16497134,0.36393598,0.13567081
protein|PDIA4,0.0795959,0.38875806,0.27755472,0.21069019,0.17130508,0.23117685,0.1689286,0.1473108,0.07019688,-0.14432299,0.12611946,0.053105887,0.005765824,0.0010811269,-0.18936652
protein|LTBP4,0.20512843,-0.26624855,-0.018913312,-0.040300466,-0.35710824,-0.3353865,0.22346646,-0.431985,0.16115677,-0.1458911,-0.25607395,0.34607804,-0.23785712,0.058858585,-0.09819773
protein|SPATS2L,0.119893454,-0.3709866,0.00974208,0.18884468,0.049211513,-0.14869891,0.3266956,0.05027094,0.20846295,-0.2141559,0.01703411,0.25567892,-0.13468666,-0.16430762,0.08407172
protein|COL18A1,-0.066656604,-0.4974224,0.5183798,0.14186074,-0.13949142,-0.30683413,0.2993324,-0.2992229,0.24399431,-0.13663286,-0.10396506,0.19592711,-0.5251963,-0.20933835,-0.28102297
protein|NUDT4,-0.0797018,0.14849052,0.021883551,0.061176106,0.21511377,-0.29613602,-0.17950922,-0.13860582,-0.0055660154,0.12542453,-0.014734444,-0.19703883,0.035958793,-0.22465433,-0.20844194
protein|ASMTL,-0.030955851,0.17511533,-0.06977931,0.14270815,0.19051959,-0.035973135,-0.32298616,0.14459825,-0.047496732,0.10336082,-0.08931179,0.045275066,0.2627617,0.01768435,-0.10396942
protein|MRPS28,-0.26176333,0.20923574,-0.5146703,0.3633415,0.38943535,0.30118805,-0.20660861,0.10618379,0.13404067,0.118797526,0.1317591,0.20167495,0.3856586,-0.03494932,-0.34478
protein|SMARCC1,0.28855717,0.061759286,-0.21946426,-0.17413092,0.20689683,-0.18621187,0.17398834,-0.6381476,0.134719,0.16625868,-0.020589752,0.27510566,0.045413256,0.17020895,-0.084223785
protein|CC2D1B,-0.044120472,-0.30653885,-0.09608255,0.28576717,0.042163372,-0.088665195,-0.19657858,0.053564347,0.09191424,-0.16868837,0.005119039,0.42112163,0.012033802,0.029848306,0.035694253
protein|FKBP5,0.09908761,0.2423754,-0.0064328075,0.14326784,0.38680962,0.16071162,-0.32023084,0.2924864,0.063605465,-0.02833251,0.07364869,-0.25534615,0.31003794,0.091013566,0.15408117
protein|FAM49A,-0.09348659,-0.106419444,-0.04508968,0.09382145,0.10220212,-0.13131642,-0.24202676,0.21373473,-0.28182507,-0.17629474,0.17586046,0.05133758,0.15504886,-0.05864013,0.031530455
protein|GTF2A1,0.08170464,-0.31055838,-0.0723088,-0.23610064,0.05240025,-0.18763778,0.23056775,-0.34042865,0.082150124,0.021193385,-0.29975352,0.5036751,-0.3075149,0.16711687,0.17462331
protein|HSF1,0.09528476,-0.26669517,-0.21101254,-0.19644773,0.27344862,-0.346595,0.38010544,-0.43322608,0.037814062,-0.035641283,-0.27427834,0.45361668,-0.4866459,0.02699788,0.05734507
protein|CCDC88A,-0.22772567,-0.04078553,-0.08254746,-0.0036711968,-0.34898707,0.15614985,0.00027927096,-0.15603004,-0.08182325,0.21663044,0.20230994,-0.18073896,0.014343961,-0.053641483,-0.2398158
protein|CLIC2,-0.036453415,-0.38229057,0.13786009,0.37125927,-0.3189944,0.17905295,-0.32183337,0.36975423,-0.09804977,-0.35223728,-0.04149753,0.089967504,0.08969041,0.06756926,0.10855062
protein|ERCC4,-0.36096817,-0.20775883,0.04743361,0.018661372,-0.0986922,-0.06484715,0.071686655,-0.14784817,0.20372242,0.18243146,-0.27389175,0.27167115,-0.22733067,-0.44441724,-0.2273993
protein|STAB1,-0.080336265,-0.299588,0.44453543,0.16351813,-0.6120734,-0.26537123,0.2848929,-0.29914612,0.07879005,-0.24062666,0.069606304,0.1524159,-0.12255164,-0.07877083,-0.105878316
protein|E9PQG4,-0.31636804,-0.45397967,-0.10794454,0.13315198,0.111095935,0.09951184,-0.06631976,0.25052246,-0.2190121,-0.28468853,-0.16025169,0.31327873,0.070942104,-0.23046765,-0.106881745
protein|REPS1,-0.12463931,-0.41289505,-0.18532938,-0.18929036,-0.34114867,-0.0067469063,-0.22699933,-0.26389474,-0.17759494,0.25863788,-0.17079347,-0.27764776,-0.16360337,0.09402729,-0.09658875
protein|MYLK,-0.19949007,-0.18472363,0.46839562,0.1767275,-0.31775698,-0.20016149,-0.2717006,0.511292,-0.12171637,-0.4661192,-0.19564627,-0.19818974,0.031719495,-0.29547265,-0.1653025
protein|TRABD,-0.13984899,0.11594608,-0.035518408,0.23666488,0.28394413,0.11343714,-0.31143263,0.2589241,-0.14949208,0.24789923,-0.09281266,-0.098909914,-0.07852787,-0.33014214,-0.5798429
protein|LTV1,0.13088727,0.04790738,-0.25339502,-0.19715185,0.36800265,0.035506785,0.1848569,-0.5647765,0.22751644,0.12255642,-0.093707174,0.21124586,-0.06893746,-0.10659022,-0.1497445
protein|CDK9,0.048911575,-0.069451004,-0.50597775,-0.09158704,0.25811616,-0.052845694,0.161731,-0.4489884,0.25137794,-0.033642396,-0.20034553,0.36615738,-0.18141681,0.16084121,-0.13684574
protein|PAPSS1,0.035511978,0.38384873,-0.13479668,0.06690141,0.12722819,0.2678571,-0.28299284,0.28414318,-0.11207871,0.08431616,-0.03003401,-0.0939469,0.21779987,-0.07792756,-0.103247136
protein|SH2B2,0.17243665,-0.16145879,-0.090233944,-0.15486142,0.06650567,-0.19405034,0.11552647,-0.20309009,-0.15989608,-0.16099717,0.07619345,0.5956979,0.086535946,-0.0816223,-0.12085713
protein|GCLC,-0.2574858,-0.14809729,0.035823915,0.3993739,-0.29279006,0.029925913,-0.25040206,0.27601,0.3216258,-0.34816334,0.25723535,-0.2952403,0.25646865,0.03174456,-0.06458457
protein|TRIP13,0.00014714965,0.24671182,-0.4444005,0.103093386,0.28746492,0.1753756,-0.2831273,-0.37437284,-0.058964565,0.3745059,0.016992575,0.22983243,-0.022503108,-0.1077091,-0.47416967
protein|FGD3,-0.08690399,-0.22701097,-0.39733925,0.07822413,-0.31566948,0.09994539,-0.1414029,0.12158922,-0.030428749,0.083614655,0.2304323,0.14618157,-0.04521876,0.101160794,-0.08909098
protein|NADK2,-0.26423135,-0.0632857,-0.22544757,0.17932783,-0.39599952,0.2441085,0.013974203,0.17337278,0.19777933,-0.22441566,0.011542069,-0.08103598,0.07993342,-0.14984967,-0.7216293
protein|NDNL2,0.08021516,-0.2905287,-0.0026315406,-0.055129007,0.10783081,0.13386002,0.14410073,-0.41131946,-0.123243324,0.013370643,-0.39074218,0.21034393,-0.22331803,-0.07630692,-0.13066639
protein|ATL3,-0.41947702,0.20325308,0.22427838,0.4275778,-0.082646534,0.28413618,-0.4255788,0.47005257,0.1180595,-0.10431907,0.15381081,-0.07714251,0.17267673,-0.32862318,-0.06060673
protein|ITPR1,-0.15377232,-0.28938118,0.1226892,0.24739224,-0.13906655,0.024907513,-0.43428162,0.67014414,-0.31667867,0.023772696,0.18308742,0.048046224,0.058634352,-0.03208042,-0.09724788
protein|GTF2E2,0.30557537,0.099620156,-0.35199,-0.14459711,0.5230055,0.15515319,-0.010981313,-0.4093729,0.14366083,0.1642859,-0.1576212,0.19064505,-0.0150403725,-9.388357e-05,-0.032476004
protein|ANKRD13A,-0.0109310355,0.07353488,-0.2554995,0.010709109,0.010676808,0.17907923,-0.41306546,0.43442714,-0.5179227,0.0016052508,0.03367077,-0.123735815,0.061161887,-0.08563863,0.02920505
protein|AGTRAP,-0.2798471,-0.37128058,0.21354085,0.25115186,-0.028162003,-0.112452365,0.002684616,0.20797394,0.20287375,-0.060620748,0.26275295,-0.0980635,0.005765463,-0.0690249,-0.1448362
protein|PTPRE,-0.28471875,-0.39483052,0.2074442,0.43061292,-0.05632728,0.09349902,-0.3138529,0.3031998,0.2130022,-0.14036214,0.3532054,-0.2151147,0.116383955,-0.054630894,0.040833388
protein|ATP5J2-PTCD1,-0.36691323,0.10002594,-0.259388,0.581464,-0.091886446,0.2771399,-0.41166174,0.56792927,-0.029566409,-0.10708637,0.14110263,0.020207783,0.34458372,-0.21779357,-0.62614626
protein|PLCG2,0.0624951,0.32629266,-0.4844317,0.08608749,0.33541033,0.20066823,-0.48087183,0.121190265,-0.37359318,0.40816548,-0.094514355,0.14907837,0.17688483,-0.11396871,-0.2674582
protein|RRBP1,-0.31464162,-0.25270763,0.5291814,0.16414054,0.07349345,-0.047627863,0.2670996,0.12687962,0.2611625,-0.3134608,-0.10120833,0.089142285,-0.26354414,-0.33254352,-0.2305932
protein|CTSC,-0.040881563,-0.56617165,0.40929475,0.17592706,-0.19279541,0.071115345,-0.17714955,0.18959486,0.17446072,-0.36906937,0.08462964,-0.16089694,-0.13651854,0.10754971,0.29539376
protein|CARS2,-0.040607393,0.07049143,-0.024037309,0.38082194,0.23598205,0.2277269,-0.06399026,0.37224838,0.13193513,0.11560199,-0.024334121,0.138487,0.06900932,-0.23433194,-0.4337173
protein|ROCK2,-0.009674387,-0.08295795,-0.067322835,-0.02930045,0.072588265,0.052637435,-0.10245494,-0.0042915046,-0.37750554,-0.10269285,-0.03009125,0.0540221,-0.19990101,-0.26224726,-0.17029409
protein|RASA2,-0.2349084,-0.3091872,0.20852184,-0.14691286,-0.20855455,-0.34432733,0.36887765,-0.091153696,-0.07148294,-0.14358857,-0.38434884,0.22261426,-0.37045372,-0.027856102,-0.068421654
protein|HSD17B8,-0.010380998,0.018442033,-0.17765188,0.11489388,-0.07724415,0.094804764,0.019978192,0.14717515,0.18617599,-0.36740392,-0.25268906,0.29445183,0.11050788,-0.07024162,-0.42120895
protein|C15ORF40,0.44704252,-0.16611522,-0.5106731,-0.28369007,0.1393453,-0.02123782,0.28044462,-0.1720822,0.03379168,-0.12208621,-0.071195416,0.38508213,0.079832666,0.21886452,0.4346922
protein|APOBEC3G,-0.19736022,-0.25978395,0.23683855,0.08484231,-0.028136332,0.29226997,-0.29846543,0.39639208,0.29629758,-0.30692056,0.11359138,-0.06648537,0.067917526,0.16696027,0.31462085
protein|BIN1,-0.022206962,-0.3856623,-0.004809464,-0.20016564,-0.32481593,0.13435735,-0.15130182,0.050792094,-0.12933503,-0.44155282,-0.38664493,0.16363473,0.017533924,-0.04119458,0.28981015
protein|GPX1,-0.05013078,-0.51599365,0.37609547,0.06574016,-0.030325774,-0.20412217,0.4790539,0.34998128,0.16698024,-0.36578265,0.34419942,0.23123501,0.013791725,0.28411323,0.36646056
protein|TNKS1BP1,-0.14872792,-0.32702073,0.03988853,-0.29717097,-0.045310497,-0.16359504,0.5505086,-0.16833304,-0.2194971,-0.11648176,-0.26000577,0.37445414,-0.1772915,-0.031505506,-0.0658654
protein|PGD,-0.3975797,-0.10966109,0.3580088,0.50574076,-0.074426845,0.115316756,-0.22779791,0.6975167,0.25143027,-0.028279537,0.70748425,-0.32885426,0.3532238,0.14383319,0.038104307
protein|UBE2L6,0.20153944,-0.09970517,0.18847267,0.16618739,-0.13183111,0.073603556,-0.11782123,-0.14545554,0.34461665,-0.18419388,0.3024048,0.023469033,0.22706057,0.4367602,0.371786
protein|CCDC12,0.13871488,0.056368586,-0.24481358,-0.20977436,0.56672657,0.1864309,0.106815,-0.3067334,-0.03582141,-0.13322534,-0.32467356,0.67003417,0.23350768,0.15317343,0.3417164
protein|SEC62,0.04442082,0.29997444,0.23662598,0.1259798,0.16037808,0.2857205,-0.24954148,0.058939435,-0.06674546,-0.09787739,-0.073970124,-0.06623151,0.1805063,-0.3182041,-0.17508456
protein|WDR70,-0.01409278,-0.060089447,-0.12231401,0.011009111,0.158994,0.12773572,-0.41221547,-0.07045396,-0.012589941,0.12886079,-0.23105957,0.07049422,-0.20974767,-0.032923795,-0.021564746
protein|GMEB1,0.039561067,-0.100014396,0.03107311,-0.04964595,0.064952634,-0.18200141,-0.022606399,-0.16020477,-0.17457218,-0.056199357,-0.08455235,0.2997939,-0.26379636,0.07297672,0.20625953
protein|SEC24B,0.059677154,-0.42946675,-0.101540506,-0.06312572,-0.18262233,-0.1955255,-0.0102822445,-0.26572603,-0.15093,-0.102421515,-0.16280077,0.33352748,-0.4422358,-0.074560665,-0.35099503
protein|PARL,-0.1720193,-0.124876074,0.079717495,0.3902495,-0.1793207,-0.13523683,-0.018199423,0.21552883,0.14216958,-0.20502187,0.029681413,0.10574358,0.10141177,-0.08055885,-0.3730775
protein|HCK,-0.35152406,-0.2379322,0.1899415,0.31977886,0.13577114,-0.05343648,-0.04416252,0.15100805,0.2777388,0.065035336,0.12523581,0.072219044,-0.00012300105,-0.023676682,-0.09473505
protein|MAP4K2,-0.21834305,-0.070963606,-0.23888862,-0.011411806,0.21401182,-0.034232736,-0.2062854,0.103623904,-0.32219726,-0.10422136,-0.066829346,0.113314725,-0.091416895,-0.13545117,-0.1394861
protein|STAT3,-0.47042328,0.015859354,0.118334174,0.4454834,0.21058555,0.021086205,-0.2755871,0.25630474,0.20937425,0.12069972,0.17572403,-0.2725521,0.37331593,0.10624456,-0.02627254
protein|SLC25A20,-0.18494613,0.08212339,-0.0006210636,0.3780225,-0.03425818,0.37474814,-0.18168306,0.48436216,0.20026536,-0.42451638,0.026463864,0.083724625,0.21337841,-0.24486016,-0.4020412
protein|CHMP7,-0.09052325,0.21700771,-0.377979,0.20259322,0.10101047,0.37557468,-0.3229044,0.2498094,0.038847048,-0.19156867,-0.20778568,0.37234816,0.44068053,-0.031895515,-0.18371776
protein|WDR4,0.027624525,0.36037472,-0.49253467,0.021142522,0.13284998,0.15837063,-0.04342338,-0.1425718,0.029774558,0.34609303,0.106142625,0.13806516,0.1441355,0.18115632,-0.24717563
protein|TBC1D17,-0.0885669,-0.076492876,-0.07719291,0.112695366,-0.42255175,-0.05361344,-0.16479534,0.118890345,-0.0058606747,-0.387637,-0.12316754,0.3416403,-0.15146059,-0.19133984,0.06011628
protein|TBC1D1,-0.01810662,0.015332143,-0.1742558,0.10009068,-0.18296759,0.40392548,-0.5089322,0.5089904,-0.28372967,-0.15600227,0.11784348,0.0018168313,0.3124798,0.063396335,-0.071081966
protein|ACADSB,-0.22077796,-0.0738254,-0.20835188,0.14406992,0.051188108,0.42064038,0.11946774,0.2908098,0.3160614,-0.4081539,-0.084013835,0.21136184,0.1379489,-0.3014739,-0.68737465
protein|CCDC55,0.31135076,0.08321969,-0.17397822,-0.3291499,0.34519926,-0.025492009,0.20325667,-0.6543765,0.1496455,0.30807108,-0.34757966,0.33206323,-0.33595312,0.042646628,-0.0701229
protein|PSMD10,-0.12056289,0.24274912,0.059808202,0.22284801,0.2998821,0.14094082,-0.38337705,0.15370703,-0.2489609,0.13686283,-0.014122098,-0.014247014,0.3190575,-0.02973588,0.07702264
protein|WDR91,-0.061591085,-0.0656489,0.27226037,-0.022817073,-0.08660431,0.16835591,-0.20065258,0.3425884,-0.1331101,-0.0687229,-0.28706124,-0.1042992,-0.30162066,-0.37411618,-0.03425822
protein|M0R2S1,0.11292059,0.18517138,-0.22414358,-0.22776808,0.16300139,-0.124856174,0.43539894,-0.41604513,-0.010007458,-0.118485175,-0.3645144,0.36344236,0.15556608,0.22388844,0.12428823
protein|ITGA6,-0.1002105,-0.21048577,0.031594448,0.0015684062,-0.33056203,-0.11708166,0.26893792,-0.03945751,-0.066202424,-0.032904446,-0.08214538,0.24263223,-0.06067832,-0.09067814,-0.3024401
protein|HEATR1,-0.24506198,0.40737602,-0.116040014,0.42475152,0.18650031,0.26444075,-0.41511494,-0.04279665,0.052905392,0.4795243,0.1051053,0.11582352,0.08216455,-0.31279832,-0.6045765
protein|METAP1,-0.19622856,0.3078899,-0.534596,0.105872646,0.3834358,0.27994394,-0.2607086,0.10858984,-0.13964003,0.2724741,0.10862769,0.22265592,0.35889357,0.1562612,-0.12949961
protein|EBF1,0.24972194,-0.04574833,-0.24902192,0.13334563,0.29541728,-0.06304338,-0.19534352,-0.17451216,-0.4820492,0.25236925,-0.22542284,0.41390872,-0.023044739,-0.21829095,-0.16751495
protein|ACOT2,-0.2672164,-0.03652172,-0.26130024,0.24513295,-0.056526348,0.39461175,0.10222997,0.21230038,0.12649865,-0.28786117,0.0971157,0.21289952,0.36997488,0.02981845,-0.59196734
protein|IDH3B,-0.21049844,-0.10008887,-0.07749267,0.2942959,0.21372718,0.15916833,-0.08985341,0.31323588,-0.01548949,-0.04785822,-0.20899618,0.3115176,-0.33857414,-0.16350478,-0.15339443
protein|BTK,0.021942109,0.5061403,-0.30513704,0.2574384,0.3143982,0.38761216,-0.43423772,0.23941281,-0.045608412,0.21850087,0.13017058,0.027170874,0.32556742,0.010107864,-0.18699661
protein|PLS3,-0.3276394,0.07950643,0.4879971,0.017688815,-0.55190426,-0.2984004,0.067950726,0.45637697,-0.490359,-0.18520656,0.01637969,-0.15910698,-0.044542402,-0.3715301,-0.20460078
protein|VTA1,0.1816008,-0.29586348,-0.388376,0.012580601,0.23459667,-0.040164795,0.1280215,-0.004820257,-0.17694597,-0.21507144,0.14787363,0.2730224,0.18251199,0.16906384,0.096683964
protein|DNAJC10,-0.011253715,0.094217755,0.05984384,-0.011621527,0.1316955,0.07258011,-0.36363652,0.27000207,-0.4107471,0.095700644,-0.040478628,0.19206579,-0.22215189,-0.36529472,-0.40252915
protein|INTS10,-0.20174794,0.079553984,-0.029338486,0.47885072,-0.17919496,0.0008468294,-0.18213013,0.1509027,-0.012777159,-0.011764846,0.08873347,0.16785899,0.18206306,-0.0906327,-0.2778329
protein|HMBS,0.048041478,0.30205902,-0.14834055,0.36576858,-0.03555967,0.12063854,-0.3231181,-0.07990584,0.09444513,0.35618448,0.1434042,0.009565156,0.49061638,0.33763847,-0.0959186
protein|GSPT2,-0.07807961,0.15250514,-0.25186864,0.25686097,0.452999,0.049249593,-0.3546877,0.33746102,-0.31477818,0.2311272,0.019418728,0.049819652,0.28299522,0.16762853,-0.05503995
protein|PXK,0.21209784,0.0625263,-0.39072996,0.07689627,0.12408982,0.26424265,-0.21310891,-0.08949548,-0.25346026,-0.058386013,0.003923712,0.16248454,0.103842825,-0.023532296,-0.08891722
protein|TM9SF2,-0.27383858,0.13256297,0.13774016,0.41871282,-0.21755762,0.21093054,-0.47155735,0.35331148,0.07254394,0.13835247,-0.002379297,-0.0540158,0.107819505,-0.28347507,-0.34847543
protein|TBC1D2B,-0.2131089,-0.14539593,0.24939215,0.19911888,-0.022247683,-0.11963587,-0.13984108,0.19205643,-0.011860798,-0.14707953,0.13068713,-0.04142754,0.046739876,0.024357032,-0.048230514
protein|SEC24D,-0.35831043,0.08797435,0.31337723,0.3014909,0.25064495,0.037681505,0.0081152925,-0.059025146,0.23602886,0.0513189,0.1738244,-0.068680935,0.08501029,-0.2002726,-0.2896301
protein|EOGT,-0.3273555,-0.27969596,0.024073843,0.40179253,-0.1001314,0.033164725,-0.24263349,0.37797788,-0.028742794,0.029001601,0.090441704,0.0085160695,0.01817293,-0.16824937,-0.16040617
protein|RPN2,-0.43290874,0.24808721,0.32334036,0.597621,-0.1992352,0.3385126,-0.44429076,0.42642638,0.04915124,-0.07927901,0.12816681,-0.14890374,0.17638883,-0.42837387,-0.50636286
protein|SFN,-0.34132457,0.26322168,-0.18535352,0.04020388,0.07544311,0.2625679,-0.26386344,0.41627964,-0.20793234,-0.06882796,0.08580668,-0.20710048,0.7193659,0.27076367,0.18617906
protein|HINT1,0.18917817,0.3300937,-0.349914,-0.047053017,0.2002735,0.14442347,0.29094434,-0.044118896,0.03939831,0.029758679,0.053829588,0.43037894,0.40912235,0.40905228,0.3282771
protein|MAGED2,0.26993525,-0.051381726,-0.37280178,-0.2290674,0.20750989,-0.05837507,0.090529114,-0.049251977,-0.1447724,0.2344457,-0.12566538,0.4050831,0.09845859,0.052039042,-0.009980162
protein|RBM47,-0.22707723,-0.47182614,0.118034035,0.3177035,-0.20666856,0.115679495,-0.11935197,0.50000376,0.14534423,-0.20849764,0.44802693,-0.1352987,-0.014536397,0.15252185,-0.2902435
protein|DHX29,-0.17782015,-0.30121183,-0.098392375,0.22636157,0.24731496,0.23991498,-0.41316152,0.15886278,-0.022903558,0.15868051,0.10780158,0.3481951,0.168562,-0.1975131,-0.4342016
protein|CASP4,-0.38647422,-0.33167133,0.3715432,0.47469777,-0.07988276,0.039221995,-0.26543823,0.33837947,0.1768615,-0.2210455,0.2782258,0.06378938,0.35996225,0.22818376,0.19156595
protein|PREX1,-0.2819366,-0.31221995,0.35727137,0.44776082,-0.14859933,0.08114655,-0.15945137,0.2776108,0.24135448,-0.33850694,0.22368807,-0.027260905,-0.057276085,0.03164165,0.058914628
protein|ARL1,-0.3776954,0.07597542,-0.08418215,0.36070693,-0.1739149,0.20626909,-0.46037173,0.44636017,0.0056134276,0.0954443,0.34731796,-0.19737226,0.21817882,-0.20883209,-0.360224
protein|B8ZZA8,0.04786482,-0.14211035,-0.22341484,-0.22314249,0.35636288,-0.062496,0.30859435,-0.18485183,0.31737345,0.22820348,-0.057040762,0.3412812,-0.1813875,0.13254562,-0.035311624
protein|TOP1,0.2780005,0.3450512,-0.4615509,0.23996267,0.4956429,0.08285342,-0.31674087,-0.3817799,0.10869733,0.5640152,0.02594886,0.3738151,0.11356682,0.042158823,-0.010694596
protein|PSD4,0.22134039,-0.056116216,-0.027141623,0.176672,-0.094090655,-0.088872075,-0.009822122,-0.09236084,0.30871558,-0.26842394,0.13976772,0.0055184946,0.26304886,0.13100074,0.22481391
protein|TAF6,-0.068324246,-0.34114474,-0.25719345,0.19846909,-0.23002394,-0.115551956,-0.09974674,-0.2626244,-0.034051023,-0.08803549,0.08062337,0.43780714,0.112956166,-0.04158996,0.24277289
protein|MOB1A,-0.067429855,0.29240516,-0.37647772,0.23435096,0.24595161,0.22090966,-0.5710511,0.35305536,-0.20819369,0.103969865,0.13419108,0.020539682,0.41107106,0.052811466,0.230869
protein|EIF4EBP1,0.1112424,-0.254979,-0.07607299,-0.12827186,0.012318543,-0.16986771,0.35110474,-0.42952904,0.26292253,-0.06645361,-0.06303922,0.2399686,-0.07519435,0.042233143,-0.025382426
protein|CLPTM1L,-0.13842382,0.3112714,-0.17151733,0.11466789,-0.14350629,0.31015143,-0.2172443,0.371253,-0.13518281,0.17231241,-0.0716728,-0.0028618828,0.14852266,-0.17846853,-0.260398
protein|RRP9,0.12855534,0.06390207,-0.15835133,0.09222588,0.43538532,-0.059805404,-0.025970139,-0.46611854,0.29727098,0.4989529,-0.23200032,0.23934977,-0.42000636,-0.088496335,-0.5423585
protein|TMEM256,0.43890798,-0.39468145,-0.19730465,-0.05767898,0.16939974,0.100372076,-0.0009959522,-0.5826194,-0.07575701,-0.13766672,-0.23286438,0.24039835,-0.10107114,0.049268886,0.20825906
protein|SERPINB6,-0.2965009,-0.18697055,0.3408391,0.40141478,-0.28435272,-0.05846764,-0.26860806,0.57155126,-0.035674937,-0.17079252,0.19263563,-0.06852662,0.39794126,-0.006157116,0.17212579
protein|HCCS,-0.01235483,-0.07919066,-0.1727056,-0.055174258,0.4888525,-0.029829128,0.19684334,0.040224303,0.093638584,0.12037754,-0.12394453,0.5027058,0.07861309,0.074283145,-0.19916554
protein|IL18,0.075352564,-0.31965813,0.1035279,-0.0022307392,0.12717801,-0.028512733,-0.2602175,0.5726383,-0.11705417,-0.08049714,0.23011298,-0.09795041,0.22106834,0.024959225,0.22843792
protein|NOC3L,-0.052796464,0.2096351,-0.079908796,-0.0660797,0.552427,0.19393335,-0.10386868,-0.21221112,0.07875348,0.36402124,0.03369678,0.10216827,-0.1948081,-0.028542198,-0.07767715
protein|FAM32A,0.073498584,-0.13082938,-0.3605703,-0.18170659,0.08992434,0.19209869,0.32112768,-0.13075967,0.025486495,-0.17998563,-0.22637504,0.49352375,0.0025410873,0.18371479,0.36829036
protein|FCHO2,-0.054566104,-0.25658843,0.48989716,0.19384952,0.13214006,-0.007677514,0.071043,0.068767674,0.39895618,-0.20598295,0.079942055,-0.10603351,-0.27971786,-0.15519077,-0.121123955
protein|MDH2,-0.14732172,0.5680137,-0.30881226,0.3620681,0.36645275,0.56741863,-0.17528674,0.5020733,0.09846901,0.07924741,0.008081134,0.049752112,0.29238403,-0.09766644,-0.37290284
protein|SCP2,-0.06369021,0.24107897,-0.102183506,-0.04801977,0.15555318,0.29404417,0.26806414,0.22100954,0.3292037,-0.22230512,0.096579656,0.25825146,0.26057282,0.007310816,-0.4157134
protein|CARD11,-0.10017472,0.022980353,-0.32989886,0.18545453,-0.010602495,0.26267904,-0.3102079,-0.024762528,-0.020285267,-0.037009634,-0.13024849,0.26702842,0.25767842,0.1190384,-0.04453429
protein|MLLT4,-0.16428825,-0.20187418,-0.41357678,-0.16839902,-0.100182325,0.09720782,0.13650712,-0.12322619,-0.04725097,-0.11011865,-0.058451112,0.25213876,0.19481465,-0.051166017,-0.16971833
protein|RENBP,-0.11826336,-0.33167875,0.6503502,0.32871664,0.12255794,0.122254156,-0.20921159,0.58118165,0.07026047,-0.25861374,0.3889459,-0.13068521,0.118294105,0.13762338,0.29557258
protein|MT-CO2,-0.2610689,-0.054144602,0.047367122,0.28689086,-0.0085657425,0.35670897,-0.05289641,0.5970598,0.10682992,-0.216284,0.107322626,0.19400166,0.28675652,-0.17899343,-0.42983034
protein|MVP,-0.41482073,-0.27460587,0.43392104,0.31130365,-0.045296047,-0.013784341,-0.32991904,0.8270975,-0.014812478,-0.3262321,0.4134516,-0.29430845,0.24793419,0.03304481,0.030777628
protein|CD68,0.120756745,-0.44453904,0.45465097,0.12035007,-0.28635174,-0.22232856,0.04699314,-0.11693277,0.32739976,0.05019032,0.20393166,-0.027038466,-0.21063405,0.06836073,-0.18839875
protein|PTDSS1,-0.04050479,-0.32346442,0.058106232,-0.15670317,0.40763804,0.2084242,0.18951753,0.036612067,-0.009264885,-0.3104154,-0.2978989,0.34421068,-0.15235323,-0.18631873,0.015097881
protein|MVK,0.03972705,0.08468415,-0.32800007,0.05781766,0.10824603,-0.05138418,-0.20543218,0.20482337,-0.24559371,0.0063255806,0.03148635,0.25745648,0.1889802,0.026215926,-0.32951328
protein|MRPS30,0.061310615,0.048519537,-0.09697694,0.18769132,0.18345569,0.18098201,-0.13257995,0.012850819,0.17190288,0.1584399,0.07142786,0.57610524,0.13846362,-0.052400347,-0.2133916
protein|PLEKHO1,0.20908254,-0.24050723,-0.18059832,-0.08506321,-0.14884676,-0.082552314,0.16310576,-0.41485146,0.077719904,-0.098720506,0.04472935,0.090901054,-0.093961135,0.12389138,0.09617595
protein|BAP18,0.14707045,-0.012920867,0.007650821,-0.11182276,-0.07550872,0.00046108407,-0.1473494,0.29468083,-0.21171044,-0.4936046,0.16123378,0.1282171,0.37285653,0.24840268,0.6743739
protein|FKBP3,0.23455419,0.2587446,-0.59531486,-0.32873943,0.5245087,0.122791894,0.16836955,-0.45349312,-0.09198276,0.29369202,-0.06221328,0.07677836,0.17352882,0.29896748,0.21700291
protein|PPP4R2,0.2743552,0.09785876,-0.16659752,-0.22149713,0.5294582,-0.030556943,0.035091095,-0.20763478,-0.02051772,0.05537314,-0.35063013,0.27208996,-0.2974746,0.09871985,0.29293975
protein|PALLD,0.10727113,-0.17731607,0.56596774,-0.13307093,-0.1473363,-0.40358928,0.15042101,0.22489215,-0.1769847,-0.22149993,-0.267975,-0.1136848,-0.4422433,-0.2817099,-0.18913025
protein|SUGP2,0.16757934,-0.08031522,-0.37532136,-0.05555474,0.21359621,-0.023938362,0.11767041,-0.26644948,-0.25860497,0.31814316,-0.11094845,0.16101398,-0.22879568,-0.0644813,-0.41363224
protein|SMC4,0.038897548,0.40677053,-0.18226786,0.32715574,0.53384674,0.2612908,-0.40755525,-0.2291868,-0.03431412,0.69174427,0.12157658,0.12942007,0.07159979,-0.24649164,-0.4240326
protein|ATP6V1D,-0.33464873,-0.23826939,0.3091405,0.5819434,-0.16244982,0.14156978,-0.42250347,0.69860506,0.07942065,-0.19258407,0.60576224,-0.3038065,0.36911386,0.05969095,0.0043064705
protein|IPO8,0.052340638,-0.015381567,-0.074966826,0.26469487,0.118399516,-0.035712656,-0.24557702,-0.21272914,-0.038373586,0.29203483,0.20039126,0.35611817,0.27763245,-0.0077327495,-0.035255797
protein|PYCARD,-0.15792523,-0.6266718,0.5524213,0.37598214,-0.14552122,-0.10620537,-0.11649609,0.51971537,0.0032736564,-0.57806224,0.3187239,0.26944965,0.17457724,0.1054043,0.28610548
protein|COX4I1,-0.19192553,0.23214023,-0.07097117,0.43420905,0.10410434,0.5939587,-0.21242194,0.61251104,0.10002631,-0.15108581,0.10434568,0.114301614,0.25278872,-0.17908746,-0.42970663
protein|NDUFB4,-0.2902913,-0.23035775,-0.18034431,0.40804917,-0.0018076001,0.22063659,-0.1078476,0.43360722,0.17485875,-0.23320189,0.068199046,0.26071316,0.4111183,-0.15800814,-0.4066497
protein|HLA-E,0.03261056,-0.39894885,0.06557767,-0.16999614,0.05411533,-0.18406352,0.03418806,0.08632418,0.020681322,-0.2690943,0.17163697,0.32658526,0.017053604,0.27605304,0.38564715
protein|ITGAL,0.056121945,-0.67991793,0.4256083,0.14590119,-0.17521717,0.13405758,-0.35230327,0.46189213,0.19428855,-0.7964044,0.2386268,-0.026843397,0.044827513,0.26359335,0.5688505
protein|ARL6IP5,-0.3883289,-0.17124528,0.35960835,0.5274749,-0.14275457,0.25629273,-0.59963113,0.87433344,0.031706143,-0.42652643,0.15076417,-0.17892927,0.29811218,-0.13635616,0.0064304187
protein|ERGIC1,-0.24823496,0.2022665,-0.11951014,0.17653638,-0.21549597,0.30561125,-0.29450142,0.53393227,-0.040464457,-0.26738846,-0.09323793,-0.19001213,0.43321526,-0.13979496,-0.31637022
protein|DLD,-0.091735266,0.40494514,-0.21288405,0.101710014,0.3509095,0.4739824,-0.18060105,0.65686244,0.06680832,0.04989184,-0.124562025,0.00543312,0.17469297,-0.17749813,-0.4284661
protein|NUBP1,0.15989292,-0.10118039,-0.25357714,0.1616135,0.27961412,0.24767624,-0.026047522,0.23453338,0.025362395,-0.05519344,0.08931493,0.40955374,0.2214687,0.042386785,0.25790358
protein|PEX5,-0.38031656,-0.043815084,-0.10591719,0.33915815,-0.0016370022,0.12327412,-0.16691288,-0.17558627,0.15414102,-0.0124364775,0.043988537,0.32695448,0.1396675,-0.10803922,-0.6325452
protein|SLK,-0.06968785,0.010147455,0.2357091,0.010184197,-0.061723575,0.027389986,0.118685015,0.07333851,-0.0024148629,-0.06068269,-0.025999514,0.12536107,-0.08529194,-0.2613388,-0.073712796
protein|DDX51,-0.19055818,-0.009064769,0.15279455,-0.028849617,0.07597403,0.11615863,0.06928006,-0.12288352,0.08062069,0.12774481,0.023320591,-0.007841325,-0.12701055,-0.25851732,-0.49559894
protein|FLYWCH2,0.111984506,-0.35120603,-0.08083485,-0.23200408,0.19263123,-0.076200865,0.4006469,0.011363116,-0.035345044,-0.24853046,-0.33047274,0.45546412,-0.11991981,0.032336082,0.43383765
protein|IKZF1,0.10564247,0.16648267,-0.28161737,0.086841024,0.38454455,0.17282812,-0.16494411,-0.4492803,0.165702,0.43017295,-0.29675338,0.2550981,-0.18368302,0.04300765,-0.025173038
protein|DIABLO,-0.2824923,0.21857977,-0.1651837,0.21552074,0.071031995,0.351142,-0.42979828,0.41991898,-0.08623422,0.043880496,-0.037084524,-0.038492505,0.16853447,-0.28197706,-0.49146515
protein|CPPED1,-0.2712991,-0.33002836,0.3091672,0.25887802,-0.36441085,0.028669514,-0.17127182,0.186216,0.32841417,-0.19685254,0.29136685,-0.35038915,0.13498618,0.2650186,0.3069866
protein|PSMF1,0.12983872,-0.41709068,-0.3410176,0.06715615,-0.121340536,0.09891869,-0.008587112,-0.23685487,0.13791038,-0.151828,0.011400151,0.19343817,-0.010881274,0.00837039,-0.26272088
protein|SCAMP1,-0.07003635,0.19064195,-0.10433579,0.05961478,0.09317341,0.20213354,-0.44148797,0.38616982,0.012735671,-0.10312089,-0.07467106,-0.35653576,0.07946818,-0.30116162,-0.37598076
protein|MRPL43,0.12784399,0.17113048,-0.4378481,0.09532032,0.39472705,0.11083251,0.30583033,-0.31188613,0.29696926,0.12859447,-0.11149729,0.51995766,0.12538272,0.16347235,-0.005358022
protein|TM9SF4,-0.22258909,-0.0342632,-0.14260668,0.33395097,-0.14327975,0.102813326,-0.2740984,0.28230843,0.100900866,0.3887146,0.22462979,-0.2818887,0.104258955,-0.20069683,-0.49237213
protein|STAU2,0.14171045,0.39243847,-0.19168936,0.06035856,0.15094844,0.0126794465,-0.2534636,-0.053979255,0.284464,0.44038728,0.1390498,0.05513431,0.069570035,-0.09062479,-0.19982855
protein|CNN3,0.005014744,-0.14879246,0.23069479,-0.20367591,-0.36330613,-0.34912267,0.16562815,0.019968646,-0.18171369,-0.21361022,-0.34882498,0.1014122,-0.49359578,-0.27814943,-0.122223906
protein|HPX,-0.052087553,0.20595567,0.30020505,0.14815052,-0.5456202,-0.5731072,0.19771263,0.0023095054,-0.15879627,0.43767452,-0.0729949,-0.2793827,-0.17172006,-0.39525688,-0.052304935
protein|P0CAP2,0.28252846,-0.38306114,-0.030225743,-0.25097182,0.13427465,-0.22702135,0.14853412,-0.26879084,0.03180196,-0.08681975,-0.25820255,0.39455667,-0.23058826,-0.16092364,-0.08177631
protein|FKBP4,0.08507948,0.5376121,-0.39826325,0.3190189,0.44916716,0.14147058,-0.35873955,-0.19364902,0.15593307,0.35804048,-0.10934282,0.05665325,0.24276568,-0.029440805,-0.3578961
protein|MPI,-0.3175707,0.13966414,-0.042551626,0.24837622,0.23342162,0.12831846,-0.11301418,0.30716047,-0.010386015,-0.2122976,0.19403589,-0.10819863,0.29200992,0.17614229,0.13541615
protein|SAMD1,0.2594356,-0.23687889,-0.38450277,-0.025126036,0.05731548,-0.13664281,0.20621456,-0.24713354,0.04324369,0.1449387,-0.049881186,0.39470512,-0.071340196,0.16892295,-0.14277603
protein|HADHB,-0.3779083,0.070943855,-0.108198255,0.32482708,0.04321162,0.5001741,-0.13079743,0.7095023,0.24141371,-0.38867766,0.070321,-0.011928624,0.30861324,-0.2354763,-0.40454695
protein|CISD1,0.28341788,0.029983893,-0.2881286,-0.31846845,-0.07370827,0.14063862,0.36338198,-0.11346333,0.08669199,-0.37191853,-0.20453635,0.30798876,0.040136475,0.26249844,0.23707516
protein|RPS10,0.23768792,-0.047919214,-0.31996158,-0.14247179,0.6759315,-0.075943135,0.4877614,-0.56989413,0.20873538,-0.055884365,-0.1720265,0.6848451,0.04591329,0.2918482,0.22013177
protein|DOK3,-0.032561384,-0.23080146,-0.16904768,0.14793676,-0.07682467,0.19268624,-0.14264485,-0.14225201,0.10224699,-0.024313176,0.25644276,0.2527423,0.014669222,0.09795975,0.16736412
protein|SDHA,-0.23292479,0.08682667,-0.021533031,0.16401577,0.12984832,0.36858574,-0.03434903,0.6325029,0.398438,-0.41153857,-0.043270618,-0.1618031,0.20279406,-0.19921938,-0.42618528
protein|HSPA2,-0.31530952,-0.035039213,0.13642976,0.09662126,0.1307641,-0.14276375,-0.03117171,0.32324594,-0.19243671,-0.14066267,-0.15326758,-0.14252216,0.009372935,-0.35915127,-0.18496501
protein|MCCC1,-0.2846475,0.08817704,-0.12647294,0.16196948,0.17265417,0.47764683,-0.18737353,0.38327396,0.06846082,-0.30750588,-0.2214546,0.127614,0.029794564,-0.23307008,-0.46928716
protein|EXOSC5,-0.08413314,0.2125481,-0.29436356,0.10085773,0.44922832,0.21735157,-0.072408035,-0.20738132,0.044625275,0.083739564,0.062654935,0.10791284,0.21135783,-0.09119619,-0.010725723
protein|PITPNM1,-0.11162667,-0.44101524,-0.061270498,0.26824537,0.018392172,0.04842593,-0.49193022,0.18632846,-0.043831304,-0.37605295,0.076278836,0.07020625,0.20557158,-0.09206148,0.10892315
protein|TUBAL3,-0.2684651,-0.22151648,-0.11228375,0.33198723,0.113373585,0.08188552,-0.39188525,0.14487845,-0.06923162,-0.012092684,0.09456397,0.514252,0.1650542,0.01102366,-0.041077703
protein|CS,-0.10826761,0.47955176,-0.2753731,0.30026367,0.26598898,0.45070896,-0.34431356,0.67249495,-0.0622452,0.11500491,0.13636288,0.14475672,0.45493573,-0.031320527,-0.20162416
protein|HSD17B4,-0.29676187,0.046328798,-0.06498396,0.2735554,0.16043675,0.42178893,-0.043041535,0.58283556,0.31834465,-0.2268658,0.18292727,-0.052869562,0.21455528,-0.15699399,-0.8519876
protein|VAV1,-0.32114384,-0.115179814,0.18358445,0.342042,0.032352023,0.23374027,-0.7329074,0.67752445,-0.16143301,-0.23998992,0.16702554,-0.30123293,0.24984765,0.033668272,0.09042829
protein|GPRIN3,0.0760057,-0.28100803,-0.028602196,0.08228377,0.106653064,0.22768772,-0.31404412,0.08867364,0.123991795,-0.2967355,-0.060060505,-0.3223832,0.08809889,-0.088647775,-0.05579806
protein|PRKCB,-0.1343363,-0.06639971,-0.06620628,0.1611972,-0.28817743,0.20981489,-0.49330613,0.4383303,-0.038395774,-0.4115356,-0.165246,0.034307253,0.41668174,-0.08661126,0.3559231
protein|NDUFA2,0.10728856,-0.1325443,-0.044677436,-0.030688068,0.03263572,-0.123899795,0.51501787,-0.04474146,0.31666234,-0.18540512,-0.15670659,0.42180887,0.098844185,0.13692515,0.10863562
protein|UTP11L,-0.08734176,-0.038900327,-0.016248334,-0.18014877,0.41662097,-0.060334772,-0.054896444,-0.38257757,-0.096635975,0.2507843,-0.16470769,0.10452828,-0.20170282,0.06490243,-0.0055657607
protein|MEF2D,0.11806097,-0.23685785,-0.4749063,0.101267114,0.19414954,0.056854818,-0.06735329,-0.4221017,-0.20939168,0.015729815,0.0012541887,0.12786685,-0.18044971,0.058347624,-0.07672411
protein|LAMTOR4,-0.066470884,-0.091976434,-0.11939217,0.15446758,-0.4561521,-0.046406943,-0.017238038,-0.16102105,0.13310611,0.3094629,0.13129823,-0.05881142,-0.0175367,-0.0052436413,-0.03754993
protein|SH3KBP1,0.20585464,-0.27447477,0.024733398,-0.19825609,-0.18773127,0.075544,-0.3034681,0.45992345,-0.3214688,-0.72238505,-0.10742833,-0.02532386,0.15746908,0.20185275,0.6493612
protein|MYO1F,-0.31539497,-0.58695185,0.72774285,0.38500738,-0.19205262,0.16860943,-0.17687194,0.5892642,0.20464158,-0.42707485,0.40305185,-0.16844052,0.20554276,-0.027334899,0.13034081
protein|MRPL21,-0.10942686,0.2388997,-0.17413613,0.21140258,0.044755187,0.21182933,-0.41360578,0.31606546,0.12539038,0.26208434,-0.017747851,0.012168068,0.0906928,-0.21804754,-0.46607652
protein|SREK1,0.25916305,-0.31033617,-0.25034863,-0.030431611,-0.010066394,0.041087974,0.03923863,-0.26904383,0.088795476,0.22110909,-0.14609054,0.14741553,-0.23803993,0.043663558,0.054543402
protein|PNKD,-0.08556757,-0.13202763,0.05122134,0.03434794,0.17405395,0.06996811,-0.02111464,0.2193545,0.0028182315,-0.17138998,0.08940987,0.10937574,-0.07949445,-0.0985217,-0.45907852
protein|CD97,0.20398703,-0.69363546,0.14016595,-0.16601218,-0.17352447,-0.188168,0.379595,0.08953634,0.44539958,-0.38248304,0.34616855,0.18662786,-0.108640224,0.3567724,0.46482354
protein|CLASRP,0.2605967,0.062835604,-0.51371354,-0.018384634,0.22780773,0.06480524,-0.09067123,-0.2647714,0.002704503,-0.00715178,-0.11370914,0.17405857,0.1660312,0.028421417,0.33758175
protein|NUP50,0.2938982,0.011392319,-0.14396118,-0.05844772,0.27173585,-0.04641465,0.13230154,-0.2971014,0.2584187,0.25880477,-0.32855797,0.21378967,-0.24491356,-0.08947874,0.18881966
protein|HACD3,-0.097210735,-0.04634159,-0.14420716,0.4269257,0.12321817,0.16105236,-0.30756924,0.35248193,-0.06879617,0.022219775,-0.0744706,0.11530427,0.05202783,-0.22363079,-0.52469283
protein|TUBA4A,-0.19430295,0.14401397,-0.2916334,0.27853423,-0.049608782,0.27334785,-0.49675605,0.46867785,-0.1082355,-0.016516203,0.03240439,-0.0059944442,0.3529236,0.08562139,0.050234694
protein|SRP9,0.2521535,0.42298478,-0.2872665,-0.14656924,0.2964992,0.13821676,0.10214678,0.004529377,-0.23691885,0.07718509,-0.31442368,0.28267148,0.2971508,0.23014323,0.44757727
protein|CLPB,0.11268241,0.06378146,-0.08350444,0.253005,-0.07151403,0.061009526,-0.16563825,0.1864737,0.14080016,0.16891383,-0.014267235,-0.04910892,-0.20971176,-0.02523814,-0.36958086
protein|PLCB2,-0.23900379,-0.30049106,0.1277507,0.2992313,-0.111697406,-0.10159339,-0.24715407,0.28375304,-0.07195261,-0.4784971,0.14941956,0.059197083,0.31609634,0.19172162,0.11129655
protein|MRPL40,0.059857108,0.031489514,-0.279011,0.081228286,0.5331955,0.22554319,0.23700759,-0.2098445,0.1755779,0.07887988,-0.058204945,0.3302791,0.33765858,0.257731,-0.031439222
protein|FKBP15,0.15514609,-0.4603704,0.19296385,-0.109699346,-0.018917695,-0.0058526974,0.1741813,0.23984073,0.106864065,-0.092867985,0.13032094,0.15794583,-0.3348224,-0.052394632,-0.011941353
protein|MIF,0.18099743,0.27863866,-0.5439564,0.0057020984,0.44173726,-0.0441752,0.05299309,-0.0036241747,-0.018124366,0.0752529,0.068022415,0.24484532,0.25312835,0.37963647,0.10607594
protein|LILRB2,0.16050339,-0.46000606,0.052480046,0.13818802,-0.29915255,-0.055735998,0.47523472,-0.13448282,0.17919217,-0.2710345,0.11773536,0.29364437,0.068703,0.30872828,0.18886735
protein|JAGN1,0.27294636,-0.37504795,-0.13963455,-0.06022254,0.17137726,-0.108815506,-0.07994878,-0.12728308,0.023936074,-0.2636773,-0.22933717,0.30989152,-0.04323056,0.0018467322,0.22005211
protein|MEF2C,0.1236725,0.255085,-0.585609,-0.15016145,-0.041713603,-0.27930874,-0.40437025,-0.21737027,-0.3278502,0.25557876,-0.025229484,0.28979903,0.050922126,-0.1808567,-0.25598344
protein|RPL31,0.3827803,-0.028156899,-0.27063817,-0.13981089,0.7163385,0.08143284,0.4655558,-0.61260736,0.29988155,0.027098913,-0.13401528,0.7156779,-0.027503373,0.31483725,0.37848938
protein|RABEP1,0.31869388,0.23615028,-0.25646698,0.06182868,0.09886192,0.21017835,-0.18981403,-0.10329499,-0.21891823,0.1794589,0.019836683,0.26303244,0.3087914,0.18124063,-0.14617205
protein|BRK1,-0.0032811835,-0.019828722,-0.21179838,0.3854833,0.042479035,0.13629974,-0.043906156,0.28962415,-0.027889073,-0.359406,0.27520308,0.14514357,0.39798397,0.19343033,0.11066267
protein|CNN2,-0.0081425,-0.0017449006,0.32784817,-0.0143237775,0.032690722,0.126949,-0.088206,0.3102715,-0.024828387,-0.21208787,-0.010003603,0.06344986,0.23891276,-0.0030730611,0.50968385
protein|LIG1,0.36677283,0.28206813,-0.4893507,-0.00067767344,0.52640414,0.16017142,0.04406339,-0.52163726,-0.08897582,0.47272637,-0.10015944,0.35611266,0.03107211,0.08040067,-0.18166299
protein|PPIL1,0.22757734,-0.037811417,-0.34630543,-0.32072508,0.23621841,-0.2239511,0.49380454,-0.62649685,-0.07427974,0.063160725,-0.13911127,0.25069422,-0.07508159,0.26826212,0.20968384
protein|RPL38,0.0006367855,0.14330262,-0.38506788,0.020236967,0.1984466,0.00488952,0.16418812,-0.38858613,0.019229822,0.007337723,0.06210986,0.63307106,0.23631573,0.38001156,0.30563205
protein|PLEKHA2,-0.19277029,0.3277831,-0.3783056,0.2902428,0.14428452,0.25438818,-0.41659436,0.20624472,0.01881258,0.063126944,0.16885677,-0.06674824,0.31973183,-0.05982855,-0.119323954
protein|GIMAP8,-0.18917568,-0.35527357,0.4634288,0.34316966,-0.21183799,0.14881925,-0.20836242,0.4272553,0.26679435,-0.6905758,0.27470708,-0.08523249,0.10375396,0.22068155,0.44097543
protein|TWF1,-0.2953202,-0.07521008,0.43535995,0.29505217,0.26746607,0.18332969,-0.152699,0.5948949,-0.1503844,-0.33737075,0.071808465,-0.20685881,0.2604669,-0.19713436,-0.21641774
protein|MRPL54,-0.048950654,0.08450761,-0.15421934,0.061228555,0.37332922,-0.09050347,0.44851664,-0.11726875,0.12762463,0.08288945,-0.025043478,0.4745684,0.1416118,0.08338865,0.07262063
protein|SPCS3,-0.23352003,0.26029184,0.23210405,0.3250252,0.019950125,0.50909746,-0.36312053,0.24313234,0.081832744,-0.09619841,-0.06795877,-0.029755881,0.26045674,-0.20695052,0.008516661
protein|SCYL2,-0.28433248,0.07930372,-0.1806621,0.14875169,-0.024852779,0.2397627,-0.5837502,0.5156262,-0.40366274,-0.22664762,-0.025483148,-0.10426251,0.4564954,-0.1275716,-0.026666008
protein|CFDP1,0.188807,0.0011452271,-0.3294686,-0.035064727,0.50561607,0.34539828,-0.09679799,-0.22235137,-0.07253495,0.078154705,-0.19124618,0.31273535,0.05794976,-0.24993905,-0.01868166
protein|SMAD4,-0.053701796,0.16432561,-0.081332676,0.11387756,0.30324462,0.26847115,0.01268246,-0.1531583,0.004803588,0.3013456,-0.3111359,0.11676616,-0.033230707,0.028032875,-0.01927081
protein|CASP8,-0.1764305,0.11075438,0.18917644,0.3531267,-0.072210245,0.054259397,-0.42750293,0.3061108,0.111490756,0.0563046,0.104700685,0.14517568,0.26454094,0.05247819,0.027652068
protein|MRPS33,0.021448065,0.27809447,-0.3022758,0.23342267,0.38988623,0.23764955,-0.08158428,0.015309758,0.058333002,0.12877502,0.10069686,0.04509705,0.2802455,0.05831305,0.03275894
protein|NKRF,-0.15544431,0.33607855,-0.20661747,0.10018557,0.559797,0.15673456,-0.1433411,-0.26768863,0.059267905,0.31912857,-0.06930118,0.1941312,-0.034867942,0.062455878,-0.23698808
protein|CCDC86,0.37475863,-0.11235907,-0.2134491,-0.10779633,0.48687515,0.061188005,0.28259987,-0.6971661,0.15100689,0.30055296,-0.30059147,0.58666503,-0.28273973,0.11089523,0.17804816
protein|UQCRQ,-0.2387226,0.031260736,-0.30940723,0.35495794,0.001072458,0.2914276,-0.032925177,0.29169396,-0.1020418,-0.11213877,-0.027319709,0.103424534,0.30480585,-0.13848554,-0.3975139
protein|TST,-0.13670075,-0.051345557,-0.196525,0.2379985,-0.089921415,0.20423076,0.20091698,0.2313759,0.26251963,-0.3069009,0.14053316,0.2095941,0.2667766,-0.14238909,-0.720715
protein|RPL8,0.35307574,-0.20213899,-0.36569607,-0.19633248,0.62083596,-0.062425386,0.4063999,-0.6494884,0.25182572,0.06066282,-0.17477496,0.5827184,-0.1039144,0.36296478,0.1993322
protein|TMEM160,-0.23400812,-0.21339543,0.17401983,0.16106702,-0.049425293,-0.10239997,0.0094584655,-0.19293569,0.23134573,0.09007326,-0.23955889,0.56963784,-0.18993783,-0.1169095,-0.38042918
protein|DLG1,0.053116217,-0.3455316,-0.0006788304,0.2723639,-0.05931714,-0.03432846,-0.09180285,0.083665326,0.09877802,0.09871985,-0.14045028,0.10221321,-0.115412965,-0.18068746,-0.41328076
protein|NUFIP2,0.079409786,0.021209199,0.085971124,-0.03832236,0.49902806,0.078525834,0.13476819,-0.42258766,0.32231697,0.1952829,0.026382012,0.12704755,-0.101591684,0.16781974,-0.09740307
protein|SPATA5,-0.10602687,-0.040951815,0.01641798,0.39255628,0.16397312,-0.019095514,-0.19459546,0.0007404606,0.25954822,0.15053244,0.14688478,0.11508494,-0.1387392,0.08455488,-0.08250772
protein|HSP90AB1,-0.16285746,0.53643197,-0.18716137,0.46723765,0.5256191,0.29078168,-0.5658003,0.113213666,0.03537823,0.51497304,0.23666053,-0.15914829,0.43419263,-0.024131976,-0.25850546
protein|LENG8,-0.020514432,0.089222156,-0.26189908,0.29928413,0.009870561,-0.041956168,-0.0031907572,-0.0730727,-0.058156684,0.095421456,0.050473507,0.3959794,0.12634121,-0.05188422,-0.26818365
protein|LAP3,-0.05896439,-0.5450407,0.79564536,0.23692901,0.102760494,0.055330362,-0.08300502,0.61352986,0.29123122,-0.580181,0.46200657,-0.27031186,0.006121994,0.31542403,0.34323305
protein|PDK3,0.011459165,0.32072693,-0.0530513,0.18852967,0.3311661,0.31268921,-0.30715957,0.24737145,-0.2105916,0.09666985,-0.06473487,-0.034519404,0.031721443,-0.08409833,-0.2823221
protein|LRRC57,0.062408432,0.19500944,0.021842068,0.008916951,-0.16900252,0.273398,-0.13184465,0.32448438,-0.20226827,0.07420235,0.124863155,0.11111063,0.1899065,-0.07358177,-0.13630623
protein|PHB,-0.19070552,0.4154043,-0.2833359,0.38518387,0.2606176,0.51795214,-0.35991645,0.5747285,0.0627075,0.12374021,-0.08866462,-0.0913156,0.20683296,-0.3426327,-0.66382104
protein|RPRD1A,-0.08575869,-0.07350985,-0.39546558,0.2879506,-0.22295476,0.09914202,-0.37116545,-0.22799267,-0.021837296,0.25339264,0.031471994,0.2143183,0.1647622,0.124133535,-0.07039965
protein|TJP1,-0.17886086,-0.3677665,0.19884522,0.12907104,-0.32615218,-0.09767795,-0.0051993723,0.18112446,-0.02558766,-0.29881185,-0.1503033,0.296676,-0.16007778,-0.352779,-0.35002962
protein|SF3B4,0.17954497,0.21503635,-0.40901494,-0.30160606,0.35451517,-0.07754878,0.086528994,-0.24392764,-0.09239798,0.07967363,-0.24059235,0.3563286,0.06330576,0.08378216,0.21752976
protein|PLEK,0.065489136,-0.12661761,0.27607468,0.110533655,0.3005495,-0.079342954,-0.26542488,0.44643566,-0.032452516,-0.05342505,0.13298315,-0.15817688,-0.03145604,0.008624541,0.2963205
protein|STIM1,0.019409522,-0.35259157,0.044187088,0.042615525,-0.013694,-0.09655026,0.038349893,-0.083122015,0.14956136,-0.4399062,-0.12068771,0.3566848,-0.06921335,-0.12252476,-0.05742728
protein|GGT5,0.08510346,-0.36756694,0.17684679,0.07388814,-0.25450408,-0.2382335,0.15785173,0.13116819,-0.015175706,-0.6626747,-0.32601604,0.06334271,-0.11241837,0.06796605,0.11906377
protein|ICMT,-0.075010054,-0.11818577,0.0616114,0.22128233,0.47927642,0.3285868,-0.03155325,-0.1310962,0.20906255,0.15572372,-0.19036663,-0.22191496,-0.451277,-0.47399497,-0.5915173
protein|LMAN1,-0.2063758,0.13753746,0.35342452,0.5007369,-0.0050442824,0.30642334,-0.13647868,0.35849902,0.2733083,-0.09623575,0.06393395,-0.16477548,0.12208774,-0.29925537,-0.4575931
protein|DIDO1,0.272965,-0.3440315,-0.25585324,-0.28181893,0.48330894,-0.06329826,0.34701708,-0.56059295,-0.03540818,-0.06213249,-0.3346889,0.64476156,-0.23510127,0.15692998,0.19056891
protein|LY9,0.315995,-0.28373873,-0.0044631017,0.15520866,-0.060778275,-0.042793307,0.21242778,-0.1952434,0.11091003,-0.35907838,-0.031893715,0.3448805,-0.1805422,0.23372725,0.3968132
protein|GCDH,-0.13904616,0.2986466,-0.3365216,0.31328973,0.4096577,0.35477105,-0.12815875,0.26712084,0.32777935,-0.2262343,-0.06441149,0.11320883,0.28028634,-0.0014184241,-0.36706442
protein|CST3,-0.07946199,-0.53851765,0.1487023,-0.15534784,-0.23090176,-0.20489965,0.13248968,0.055432368,-0.038474604,-0.24005683,0.1716679,-0.42952394,-0.032183874,0.05126429,0.043071356
protein|ARFGEF1,-0.0030631772,-0.1927005,0.018384408,0.121735096,-0.11039932,-0.007965302,-0.26172554,0.26910773,-0.08085273,0.07421742,0.17544012,0.42022896,0.03877513,-0.10484355,-0.04781327
protein|Q96AE4,0.46033835,-0.21999314,-0.3980352,-0.47591642,0.43070236,0.098390855,0.38685504,-0.5204813,0.100763574,-0.012391641,-0.26026386,0.6057577,-0.081675984,0.36036634,0.440962
protein|CRYL1,-0.21572472,-0.2084309,0.087462224,0.3501444,0.0019200032,0.13504569,-0.059702218,0.55041456,0.035578396,-0.34590152,0.06534459,-0.14928521,0.28644246,-0.06642308,-0.080422625
protein|CTSZ,0.063691095,-0.7140548,0.41302258,0.0025284386,0.26327026,-0.04425814,0.33808637,-0.104928926,0.3021861,-0.22909796,0.16990846,0.12727588,-0.23981607,0.25909397,0.25038016
protein|RPL34,0.24718831,0.25237995,-0.2600283,-0.029647173,0.7165127,0.2298334,0.14086989,-0.44120157,0.12170936,0.062326085,-0.06009621,0.45270815,0.22648862,0.33265844,0.35526308
protein|SAMD9,-0.08912393,-0.05800381,-0.13790698,0.18708152,-0.26639062,-0.045184966,-0.3561713,-0.013707529,0.119185425,0.070188634,0.0751906,-0.04128504,0.14776531,0.19039162,-0.022362933
protein|STX18,-0.09894171,0.34159365,-0.09108095,0.38304487,0.40412754,0.31663814,-0.404465,0.38889953,0.0032713283,0.104036115,0.13469376,-0.023431532,0.19775829,-0.069246106,-0.16771989
protein|NID1,0.0035331266,-0.51383036,0.4415021,0.16024631,-0.3188476,-0.2371447,-0.0855921,-0.038979456,0.027443042,-0.24360992,-0.30664805,0.122223586,-0.5980868,-0.38764665,-0.25343606
protein|IFIH1,-0.14616852,-0.46750572,0.24155183,0.24785998,0.06830107,-0.0097227385,-0.17171842,0.52904683,0.22081195,-0.30415198,0.13561893,-0.010592962,-0.21126093,0.096886836,0.17060767
protein|EIF2B2,-0.2535005,0.3974945,0.0044994033,0.49442577,0.40379432,0.18604475,-0.27075955,0.2049549,0.012449864,0.07914274,0.18323788,0.13047294,0.39562032,-0.03891104,-0.19713455
protein|PSMG4,-0.010114549,-0.05464964,-0.2082077,0.035199728,-0.005772175,-0.21342705,0.11309394,-0.14900778,0.2899446,0.110066555,0.00844046,0.030392827,-0.21507274,-0.10871685,-0.21347666
protein|MAVS,0.122930326,-0.19631197,-0.15356205,-0.15072468,0.35953882,-0.18117414,0.39794052,0.07173382,0.13958818,0.010801478,-0.15239911,0.5072161,-0.058044184,-0.002306318,-0.047954448
protein|KPNA2,0.014517006,0.23686291,-0.18834205,0.11033449,0.65129167,0.084650755,0.0037769421,-0.4364498,0.33243966,0.7345284,0.15658893,0.085675396,-0.08242979,-0.029883964,-0.39220455
protein|MAX,0.27274022,-0.45908734,-0.025355367,-0.39980626,0.2293098,0.05760642,0.22847168,-0.5546629,0.0856633,-0.38605952,-0.29304364,0.41288745,-0.19275293,0.18506229,0.5189322
protein|ARSA,-0.08724884,-0.20976065,-0.048154663,0.0112197595,-0.41823605,-0.25430092,0.1437116,-0.032037072,0.19768868,-0.4211634,-0.010607991,0.3336915,0.005000301,0.018947003,0.025578395
protein|SNRNP70,0.3807371,-0.07784889,-0.3914324,-0.40328717,0.40550563,0.038092382,0.29486224,-0.6322783,0.08029183,0.20147742,-0.25453088,0.6143987,-0.10433096,0.27292266,0.43454358
protein|ITPR2,-0.02485275,0.015961245,0.26580796,0.08616485,0.21805546,0.4521687,-0.18519934,0.3095822,0.014350962,0.041939072,-0.03052269,-0.11471719,-0.14124373,-0.16565913,-0.28193957
protein|P4HB,-0.42809066,0.15429167,0.47939783,0.42647845,-0.06779978,0.16563195,0.08910037,0.41218886,0.51067716,-0.095658846,0.36825264,-0.2638228,0.15057871,-0.09173587,-0.2979204
protein|ALDH3A2,-0.30687305,-0.037328858,0.15080717,0.41992253,-0.23216248,0.31312102,0.113346174,0.33302712,0.30483183,-0.41006455,0.09745329,0.2688626,0.15414473,-0.11797244,-0.5094121
protein|SEC61A1,-0.3987732,0.012234851,0.25792223,0.56966686,0.027885698,0.28125486,-0.22987138,0.2191933,0.21979715,-0.07333145,0.02531507,0.17742702,-0.006907999,-0.28285652,-0.37340602
protein|NIPSNAP3A,-0.10209728,-0.081293605,-0.021351818,0.252226,-0.16448887,0.19406086,-0.24497013,0.42018843,0.023583531,-0.1607336,0.09448874,-0.2155233,-0.053768672,-0.25443056,-0.62339646
protein|NOL8,-0.00061860477,-0.29196164,-0.119736575,0.19133241,0.21427704,0.06758592,-0.052523248,-0.11168291,0.27601582,0.025007533,0.03975267,0.07529594,-0.32948896,-0.05256285,-0.4401583
protein|HSPBP1,-0.18039708,0.15649782,-0.1666586,0.40022698,0.08110656,0.103504665,-0.38712722,-0.051627897,-0.23509364,0.32111087,0.18603644,0.11943659,0.11912497,0.006185309,-0.2664369
protein|NCL,0.2839293,0.4640918,-0.6000809,-0.11951193,0.6521089,0.37188262,-0.27534866,-0.3800252,-0.020854373,0.3517616,-0.22849934,0.16475752,0.039964918,0.16984537,-0.04013543
protein|RRAGA,0.103822395,-0.018959116,-0.13179378,0.18857616,-0.018915458,0.04720675,-0.29128832,0.10254626,0.14610596,0.025825161,0.40967384,-0.4779362,0.1990658,-0.020004196,-0.13024248
protein|SRSF5,0.39160812,0.19311073,-0.34702116,-0.25809115,0.3666697,0.14432488,0.2476372,-0.37401682,0.11499791,0.11859755,-0.13931897,0.61823094,0.19168769,0.35681525,0.5085604
protein|RALB,-0.30080357,-0.5224751,0.4276433,0.37167883,-0.091599695,0.12941588,-0.05961563,0.33680832,0.16058686,-0.34052417,0.21310571,0.012213167,0.10079876,-0.13217504,0.025663594
protein|PRUNE,-0.13783862,0.1585393,-0.12861852,0.24358034,-0.2036938,0.08535497,-0.33921814,0.15938674,-0.12625346,-0.05543849,-0.038680535,-0.0811262,0.087025054,0.009650016,-0.12987038
protein|BCAP31,-0.29889798,0.17188537,0.33296868,0.25877577,0.18181269,0.33522093,-0.3446332,0.6777822,0.114616446,-0.38785398,0.19401786,-0.4620843,0.2836192,-0.13656315,-0.082699254
protein|PTRHD1,-0.04540599,0.18404505,-0.33395115,0.10108438,0.12566365,-0.009614118,0.028902749,-0.017204305,0.09618686,-0.038936704,0.09203936,0.41406456,0.1950866,0.29980594,0.22013205
protein|ETHE1,-0.2937671,-0.41900563,0.36471066,0.2670314,-0.048894633,-0.08877666,0.13073374,0.6010959,0.2505111,-0.49448895,0.4501938,-0.011108171,0.19919625,0.114324585,-0.008317139
protein|PPP6R1,0.13031,-0.2986589,-0.10501564,-0.31293544,0.075121306,-0.11074775,0.1717263,-0.109089024,0.06045962,-0.13206437,-0.091996215,0.4539261,-0.23373318,0.22119421,0.4667455
protein|EIF4A2,-0.269952,-0.019370561,-0.08481817,0.36450294,-0.03993794,0.019379037,-0.5049429,0.20564133,-0.08889764,-0.17026982,0.011125372,0.14434727,0.24784893,-0.15302977,0.016664153
protein|SKAP2,-0.24800535,-0.6764351,0.24805087,0.3231752,0.017467426,0.08194057,-0.119965665,0.4861422,0.09403507,-0.33025348,0.34814683,0.19301419,0.06828231,-0.020064011,-0.052701447
protein|TXNRD2,-0.04962877,-0.09064743,-0.35480928,0.14224106,0.03385629,-0.010024909,0.23066732,0.42925087,-0.10086599,-0.31960592,-0.018216258,0.40854782,-0.03596695,-0.00849736,-0.158659
protein|A0A0C4DGB5,0.2177563,-0.56383276,-0.051919647,-0.36704296,0.28960878,-0.19854459,0.46829796,-0.042282354,0.1255008,-0.3828468,-0.17073843,0.32101506,-0.09015897,0.30106965,0.5802202
protein|UBFD1,0.32242346,0.1726529,-0.20316382,-0.18224457,0.44369295,0.10773855,-0.019291556,-0.17923725,0.048679102,-0.050317228,-0.2583543,0.26726142,-0.046433747,0.24002472,0.44999796
protein|HSPA14,0.20423886,0.16811273,-0.26536864,0.056834113,0.53146124,-0.068845525,-0.03788573,-0.34549516,0.021357657,0.4569331,0.0055037816,0.0624453,0.07776717,0.0392615,-0.045352302
protein|ATG7,-0.25549662,-0.21877849,0.27445096,0.3650205,-0.056073867,0.1245209,-0.42500907,0.6248616,-0.008374005,-0.16593356,0.39136595,-0.17665727,0.16289534,0.00201154,0.15306523
protein|MDH1,-0.0002708433,0.22027355,-0.10120359,-0.033068184,0.13753688,0.2566689,-0.29350027,0.34601304,-0.45932755,-0.18130645,0.071396776,0.021175714,0.28858346,0.1759342,0.22962263
protein|FAHD2A,-0.06749235,0.20548679,-0.34733677,0.21068518,0.0491926,0.26916885,-0.03776739,0.15545745,-0.17470312,-0.017741192,0.15923035,0.23198962,0.3172067,0.20280804,-0.45773447
protein|MRPS26,-0.053667758,-0.32727292,-0.42506856,0.02275738,-0.2187018,0.19633761,-0.24579091,0.04992317,0.057536405,0.08444,0.0185679,0.1877312,0.02989659,0.19194767,-0.13261984
protein|LHPP,-0.119366325,-0.11882094,0.054392867,0.20189738,-0.36361402,0.12571795,0.022763092,0.2964329,0.050354622,-0.6524122,-0.07396319,-0.14977081,0.104097895,0.057480074,0.22771823
protein|SETD3,-0.15563846,-0.34546775,-0.18918458,-0.14501631,-0.031764437,0.076535724,0.019146128,-0.14786302,-0.16594255,-0.05913805,-0.026798757,-0.044618063,-0.06557893,-0.23782335,-0.05310517
protein|ASL,-0.055187035,-0.07265206,-0.25887844,0.062458195,-0.19616206,0.044132758,0.19893233,0.14981946,-0.06279394,-0.31530812,0.099466614,0.3385953,0.046297707,-0.10767318,-0.5371442
protein|SLC9A3R1,-0.014094876,-0.70438015,0.26352447,0.041822582,-0.014942503,0.08394173,0.24504165,-0.0018341388,0.3561526,-0.8062494,-0.20252958,0.34933373,-0.08233659,0.16212519,0.5881632
protein|CECR1,-0.029856097,-0.11021692,0.34462795,0.18818784,0.01842321,0.1696268,-0.19707102,0.33718944,0.088001296,-0.29326952,0.3560189,-0.1484862,0.080871575,-0.032644253,0.06782447
protein|PSMB3,-0.1212577,0.17037101,0.033943836,0.43186736,0.13890012,0.19604811,-0.35319418,0.4766542,-0.08988588,-0.09722505,0.34595153,-0.05185981,0.5691627,0.15562959,0.2570223
protein|CDH5,0.21159825,-0.3906224,-0.0020129485,0.24772608,-0.3751567,-0.33626595,0.14686581,-0.32113153,-0.014495154,-0.14699595,-0.28926516,0.35135657,-0.35884064,-0.05687861,-0.056808993
protein|FNBP1,0.13970631,0.02186537,-0.13564351,-0.07341137,0.17872213,0.19893168,-0.33097106,0.36435995,-0.22548614,-0.23980318,0.11001079,0.16007976,0.331711,0.14883061,0.5349646
protein|SRA1,0.0845399,-0.5779428,-0.19411702,-0.23390172,0.40770313,-0.22503182,0.19066265,-0.36500698,-0.20740855,-0.2533568,-0.21876907,0.3955679,-0.12133218,0.067744054,0.088292524
protein|ASH2L,-0.017900797,0.0016607011,-0.38393223,-0.05802772,-0.111815125,0.008318593,0.0022900347,-0.321891,0.0033973753,0.077559076,-0.15308224,0.37559292,-0.0150320195,0.13818105,0.41503307
protein|GMFB,-0.11605537,0.010053133,-0.005531079,0.2524742,0.04035573,-0.038248576,-0.28332213,0.42561266,-0.1876285,-0.11763353,0.26036343,0.03479605,0.3883423,0.06300059,0.17105034
protein|RSL1D1,0.075626634,0.31464767,-0.31732845,0.0975588,0.5259024,0.110697776,-0.1135985,-0.42330033,0.10077459,0.5065267,-0.14107549,0.2730772,-0.28395948,-0.26503745,-0.27932373
protein|LST1,-0.19684887,-0.5123472,0.5167086,0.3050194,-0.2747547,-0.14628837,-0.031304967,0.2819766,0.09954397,-0.44493958,0.3900347,-0.064297676,0.1192666,0.07224828,0.15208009
protein|TUBB6,-0.045771405,-0.39187357,-0.05079867,0.02067029,0.073810264,-0.1480972,0.111843266,-0.068367004,0.022236208,0.1421203,-0.114475764,0.058213007,-0.1346359,0.005755187,-0.22517692
protein|ZDHHC5,0.10781123,-0.46099043,0.044066984,-0.24837333,0.2532369,-0.0735266,0.35514492,-0.1695726,-0.00014861216,-0.06609757,-0.14654851,0.49834427,-0.4132121,-0.03699428,0.1446631
protein|EEF1E1,-0.008334074,0.44089192,-0.38692114,0.3364088,0.2113897,0.26138476,-0.4460382,0.12226386,-0.08031521,0.17053635,0.14534608,-0.030174756,0.42282796,0.08155044,-0.31682336
protein|RBM42,0.1744032,-0.15860885,-0.18027028,0.09646153,0.012616578,0.08475473,-0.084006146,-0.38005638,0.03297104,0.13160902,0.011482304,0.38277543,-0.037225354,0.11502172,0.21731323
protein|ACSF3,-0.08809382,-0.042713888,-0.32981005,0.19979781,0.05030052,0.40653664,-0.25150767,0.21765657,-0.020229986,-0.079848826,-0.08738092,0.11545674,0.0063058725,-0.1823078,-0.22647887
protein|PXDN,-0.07570022,-0.11745498,-0.060277797,0.11650715,-0.2490728,-0.3665058,0.097710535,-0.13523813,-0.087521315,0.14407894,-0.15142296,0.23534822,-0.283936,-0.23234665,-0.28311083
protein|ARPC2,-0.19766878,0.048558496,0.115301654,0.3461258,-0.1221224,0.20340315,-0.6836074,0.7463276,-0.4333236,-0.25480866,0.21789165,-0.20217717,0.33354625,-0.13992046,0.21162263
protein|SAMSN1,-0.044886846,-0.12248722,0.11161934,0.124393895,-0.04443605,-0.03452588,0.01338656,-0.0021519258,-0.1202342,-0.0067665284,0.21931416,0.18746512,0.024928449,0.08966368,0.086648546
protein|ERC1,-0.040354,-0.07569428,-0.05062573,0.14605497,-0.32511044,0.018462222,-0.033067085,0.26140064,0.123816095,0.24300879,0.10137559,0.12624685,0.055131886,-0.01165573,-0.45834288
protein|CASP3,-0.028654547,-0.22996336,-0.11170228,-0.08499011,0.4507531,0.028824769,-0.13617496,-0.0927207,0.010655296,-0.02752215,-0.02965282,0.14032567,-0.03735354,-0.09335656,0.060707174
protein|WDR11,0.06169271,-0.1732428,-0.26134476,0.10630226,0.1296364,0.254014,0.029200725,0.02211729,-0.06288964,-0.2158937,0.03262299,0.5279579,0.08776642,0.12261835,0.10845036
protein|DPYSL3,-0.060860235,-0.2140214,0.2712605,-0.30889305,-0.112855434,-0.30861264,0.100907564,0.43755105,-0.49609685,-0.1463005,-0.4527497,0.08209946,-0.3942172,-0.4930172,-0.04646439
protein|NCEH1,-0.21252282,-0.5744446,0.18168797,0.38007203,-0.05698402,0.14104299,-0.41823515,0.7067165,-0.065900944,-0.420981,0.11397139,-0.07136855,-0.007039401,-0.18922338,-0.087885946
protein|SCAF4,0.34490776,0.06360895,-0.6489449,-0.42409527,0.4621612,0.15857425,0.10738169,-0.23964621,0.01765263,0.14047967,-0.25037378,0.19035104,-0.11237548,0.03485016,0.2623921
protein|GMFG,-0.20551115,-0.020052683,0.19548148,0.3211449,-0.2665336,0.15165116,-0.3379692,0.33592078,0.20037149,-0.47612324,0.17275962,-0.18038346,0.47070485,0.24643026,0.62923574
protein|RSF1,-0.038281247,-0.17797674,0.04462235,-0.003760756,-0.18850072,-0.20512779,-0.024757922,-0.2572335,-0.081518725,-0.0037109088,0.009437372,0.10938933,0.08458221,-0.0035841384,-0.2856642
protein|TNFAIP2,-0.3419899,-0.7853374,0.60017985,0.28119373,-0.05985246,0.033893127,-0.13661605,0.36984813,0.29497048,-0.28954837,0.4728124,-0.18699718,-0.08904661,0.08900735,0.10160509
protein|SAP30,0.34896109,-0.048112202,-0.20061514,-0.11944038,0.5732998,0.0046785157,0.13326846,-0.3779539,-0.06424122,0.34212682,-0.14169867,0.465757,-0.22597896,0.083154306,0.24016577
protein|PTPRJ,0.20680158,-0.47060257,-0.1624231,0.15212786,-0.16469659,-0.12016555,0.15606295,-0.28160393,0.54194325,-0.09934169,0.17678961,0.30585662,-0.20326649,0.22328901,0.120873235
protein|CAPRIN1,0.26448187,0.21780255,-0.17060173,-0.21639928,0.5477488,-0.03129093,0.23602292,-0.61716217,0.41136608,0.31919813,-0.08419495,0.25795138,-0.07139531,0.24020818,0.11072757
protein|SYNJ2BP,-0.019779354,-0.3222199,-0.28275713,-0.013043587,0.060567234,-0.082662046,0.3789614,0.13278483,0.24734016,-0.044869993,0.083498046,0.5839346,-0.07533181,0.034345765,-0.002879973
protein|RAB27A,-0.28427234,-0.65072453,0.19168913,0.3204138,-0.40718153,0.029811071,-0.24468815,0.38092154,0.025165899,-0.40976226,0.2909214,-0.031361558,0.20028876,0.080404244,0.17215814
protein|PPP3R1,0.017018385,0.10941974,-0.10519348,0.00628674,-0.07226777,-0.12641805,-0.059767336,0.059407335,-0.032849133,-0.056583896,-0.11071643,0.6497563,0.25809678,0.09312058,0.4055917
protein|RBM6,0.4673021,-0.32338306,-0.37061104,-0.32195964,0.24006347,-0.17368305,0.47346118,-0.42021048,0.00064374966,-0.061637346,-0.11262515,0.69677436,-0.26916102,0.25324836,0.2770905
protein|SARS2,0.08149021,-0.1549072,0.008268228,-0.041452292,-0.03197129,0.012168691,0.099001825,-0.21950339,0.26674816,-0.011414477,-0.44312873,0.18563434,-0.22090231,-0.24007957,-0.17032714
protein|NT5DC1,0.07180882,0.13468128,-0.06690152,0.1778255,0.31352684,0.20902139,-0.1893062,-0.071439005,-0.010663638,0.118492834,-0.12072248,-0.10096416,0.14766254,-0.037629887,0.106469244
protein|ARSB,0.042914167,-0.032322835,-0.01785065,0.11656516,-0.41473174,-0.23133124,0.026173707,-0.16970736,0.02545355,0.16997556,0.093094185,0.026585184,0.07949656,0.061426114,-0.2393629
protein|CNOT2,0.09791792,-0.16548099,-0.14599112,0.083983764,0.38672552,0.025537213,0.24327222,-0.31059593,0.14417273,-0.02242827,-0.11493918,0.5220576,-0.039575607,0.11516084,0.13182244
protein|GMDS,-0.2219236,0.01465087,-0.15773451,0.20532908,0.14228189,0.22522828,-0.2042226,0.30327326,-0.019531548,-0.15220585,-0.026982032,0.060566925,0.2858856,-0.081441,-0.0818791
protein|PRDX5,-0.072992794,0.20792332,-0.28923565,0.10228979,-0.12940454,0.053128537,-0.060534533,0.50589514,-0.1973444,-0.21358337,0.20610225,0.077708416,0.59679496,0.21558528,0.19192518
protein|RPL27A,0.3114319,0.36663792,-0.18516864,-0.06295397,0.49486727,0.15656318,0.10172486,-0.21681842,0.29881045,0.15495846,0.04579338,0.38343188,0.18196625,0.3092468,0.48507044
protein|SKP1,-0.11341613,0.21355309,-0.18439382,0.01275357,0.24827637,-0.088777564,-0.13019219,0.30996004,-0.14888178,0.060871724,-0.09798888,-0.031509973,0.0916097,0.028628722,0.30211672
protein|LEO1,0.42355496,0.07414487,-0.24891551,-0.13529967,0.3643149,-0.07692548,0.26316133,-0.38389504,0.2841566,0.091990836,-0.08256228,0.47493568,0.14469643,0.43210202,0.40800154
protein|TBC1D22A,0.10916041,-0.18252215,-0.2902075,0.053312253,-0.03083469,0.07632301,-0.1823055,-0.011662668,-0.0752093,-0.2026933,0.027360069,0.18634416,0.11071646,-0.111587055,-0.024736505
protein|CELF2,0.24252191,-0.2888785,-0.09432974,-0.07242463,0.32602072,0.08042029,-0.11635331,-0.3812267,0.2802483,-0.23981105,-0.181934,0.32630527,0.1391921,0.3044411,0.60658646
protein|NEK7,-0.021855121,-0.035553064,-0.038495578,0.19518903,-0.10855264,0.35562897,-0.40897962,0.5752212,-0.09791414,-0.3211418,0.1356707,0.055647116,0.3249985,-0.08164737,0.06549476
protein|MGST2,-0.34873903,-0.51695055,0.2890212,0.10130444,-0.015966758,0.09115262,-0.111544706,0.30430388,0.03441943,-0.51239616,0.04975453,-0.21523489,0.02818725,-0.34925422,-0.47886243
protein|FERMT3,-0.2306933,-0.009304644,0.26186568,0.27501634,-0.04491238,0.20769097,-0.62169284,0.70209545,-0.20422968,-0.1983252,0.45181364,-0.36165744,0.28963238,0.05569767,0.120071456
protein|PAIP2,0.26158613,0.13177313,-0.32367492,-0.19410597,0.5271399,0.07000055,0.1563769,-0.19219558,-0.05271344,0.27706933,-0.2974422,0.3639415,0.025966289,0.2788774,0.0009111608
protein|MOSPD2,0.021076117,-0.54454273,0.18176593,-0.0039442247,0.23404251,-0.120596305,0.16935317,-1.0065309e-05,0.0002603742,-0.1939564,0.04651697,0.2161314,-0.3433023,-0.2512696,-0.15224358
protein|GNA13,-0.11943333,-0.12724155,-0.035932675,0.28384364,-0.06663669,0.25370914,-0.36784548,0.5298392,-0.22367935,-0.15758872,0.294189,-0.07538167,0.23007311,-0.22177309,-0.047864407
protein|NOP14,0.10834662,0.24303709,-0.22266895,0.0944888,0.4793678,0.096047275,0.033972003,-0.37558666,0.29095793,0.3397495,-0.122015,0.38867557,-0.2870614,-0.016232647,-0.1806381
protein|CBR3,-0.19336645,-0.4430915,0.45768803,0.31311318,-0.07853237,-0.28704742,0.15301919,0.16388862,0.366202,-0.55381566,0.15881157,0.14208588,0.17796732,0.15982968,0.12729934
protein|DPP7,-0.068166114,-0.051057722,0.22463812,0.17810619,-0.30221677,0.0025631979,0.127257,0.016251406,-0.054303564,-0.24747503,-0.05058399,0.29504666,-0.04583,-0.21291685,0.24678141
protein|NMRAL1,-0.19977142,0.097056895,-0.10137527,0.17477167,-0.23270825,0.073474556,-0.21856125,0.111399986,-0.018578365,-0.035422843,0.13912249,0.042130277,0.35351783,0.034830954,0.018356081
protein|RRP1B,-0.08178899,0.19148651,-0.1766136,0.067321576,0.5076156,0.11584052,-0.19830386,-0.3935811,0.2543242,0.41546974,-0.20803463,0.1516654,-0.24904843,-0.19605833,-0.40414828
protein|K7EL81,0.2687713,-0.37136275,0.06309166,-0.26459134,0.17660674,-0.142561,0.47447163,-0.25518805,0.01607451,-0.3438208,-0.2992083,0.16782874,-0.46387494,-0.14024854,0.031668004
protein|CIAO1,0.498463,-0.29963627,-0.37577385,-0.16791792,0.39636636,-0.133502,0.07057231,-0.25425667,0.12815067,-0.09658008,-0.23107708,0.37534404,-0.17263669,0.09143309,0.32019833
protein|PGK2,-0.04328148,-0.109532185,-0.23782185,0.016411968,0.027126294,-0.040761292,-0.34404042,0.4132495,-0.18443726,-0.014907491,0.14148465,-0.031114252,0.21728748,0.30529377,0.002718829
protein|AGAP2,0.015128425,-0.14280917,-0.09197541,0.07232524,-0.51322466,-0.038678788,-0.37359765,-0.03837738,-0.036743402,0.015596289,0.057003837,-0.5119867,0.12183452,0.1793962,0.13059568
protein|PDXP,0.053312767,-0.18560487,-0.17671697,-0.041475974,-0.0644369,0.08868288,0.036239646,-0.36557585,0.042797934,0.043206684,0.004692549,0.33029023,-0.045816075,0.05485172,-0.05618054
protein|SERPINB8,-0.29889143,-0.25602236,0.008182781,0.28835317,-0.17507148,0.22280672,-0.22981644,0.23085564,0.20224315,-0.18928786,0.24561322,0.10811885,0.4332256,0.045881744,0.16017406
protein|SLAMF6,0.26251376,-0.353086,-0.0941353,-0.20352915,0.18564214,0.11741911,-0.116085924,-0.26244953,-0.02333529,-0.28882965,-0.33516315,0.30287403,-0.06517249,-0.15554404,0.12324916
protein|TRAFD1,0.1726255,-0.477857,0.0649998,-0.06538269,0.31269935,-0.03083063,0.2767479,-0.21735772,0.09016476,-0.30074534,0.094398625,0.42719728,-0.14236934,0.0975683,0.26160556
protein|PPA1,-0.018645339,-0.12078454,-0.011319085,0.37224698,0.30708835,-0.056447987,-0.28072268,0.42349032,0.288075,-0.116783835,0.38393378,0.11190297,0.39308423,0.39776245,0.25409904
protein|DR1,0.24861476,-0.3431478,-0.11368914,-0.11222643,0.23228632,-0.18199025,0.23730454,-0.19009584,0.120859236,-0.395407,-0.22174308,0.5583049,0.044796206,0.16146323,0.56421083
protein|PAK1,-0.17159036,-0.41784167,0.03150302,-0.09061307,-0.045655876,-0.18283488,0.264073,-0.051348038,0.019134708,-0.058588065,-0.080486104,0.25786677,0.012780997,0.032539938,-0.19572511
protein|WDR13,0.10316303,-0.23799473,0.38729793,-0.11777855,-0.07735037,-0.23687297,0.47889015,-0.25479808,0.08865813,-0.0878097,-0.31401807,0.35491627,-0.28967744,-0.051978406,-0.27897573
protein|EXOSC9,0.09953473,0.107786365,-0.08386165,0.09547846,0.5320626,0.3766255,0.24081898,-0.30474558,0.122959934,0.10641728,-0.2330892,0.38582653,-0.119389445,0.17613715,0.14193603
protein|DEK,0.4985848,-0.21528345,-0.4839725,-0.32707503,0.21866938,0.086201124,-0.029569319,-0.32144186,-0.14405091,0.11797051,-0.1395837,0.5382942,0.059743818,0.17267059,0.41243982
protein|TBC1D13,-0.10308999,-0.014061001,-0.11807754,-0.07492082,-0.19273008,-0.23129554,-0.066501275,-0.098634824,-0.044381768,-0.00524246,0.17445402,-0.19004628,0.2746009,0.08646057,0.06527211
protein|SRRM1,0.41890302,0.21933293,-0.49953577,-0.30397573,0.37540123,0.17312823,0.39312205,-0.52148867,0.22977687,0.08705949,-0.18385535,0.32524437,-0.06639554,0.1668676,0.26678118
protein|GGACT,0.05999217,-0.20244937,-0.16684365,0.01484517,-0.33794504,-0.3006659,-0.10591824,-0.04360699,-0.22094543,-0.087733395,0.09281501,-0.0076622,0.10297545,0.1916611,0.121854566
protein|PGM2L1,-0.2900748,-0.28077704,-0.048302274,0.3585136,-0.43440846,0.022044018,-0.2954145,0.21797487,-0.15517202,-0.1949121,-0.089058906,0.045427147,0.113541536,-0.1882054,0.0033322154
protein|CSTB,-0.167148,-0.27884054,0.2921072,-0.2405598,0.17851669,-0.0911391,0.1978259,0.35386235,-0.097915836,-0.040992603,0.15656726,-0.046361517,-0.032212783,0.27862322,0.20494579
protein|ELMSAN1,0.24754487,-0.3672001,-0.549575,-0.1421196,0.14171427,-0.0035238736,0.04002654,-0.21630466,0.046349388,-0.13088991,0.043111358,0.32848832,-0.0887043,0.12135847,0.10126646
protein|ATP5A1,-0.19668734,0.32715324,-0.2649371,0.46131977,0.32890955,0.5425673,-0.23633772,0.4859005,0.121795826,-0.053648982,-0.08447354,0.026724301,0.31887195,-0.12477572,-0.4564525
protein|ZC3H18,0.39793158,-0.2113456,-0.37785178,-0.43481255,0.460411,-0.05994217,0.4853166,-0.47326156,0.09531005,-0.025345065,-0.30801848,0.6166254,-0.1546104,0.21335965,0.35598433
protein|DDX58,-0.2685682,-0.33227497,0.22198936,0.3995569,-0.3860302,0.0753815,-0.43400452,0.5866455,0.07566638,-0.5137927,0.23013738,0.08784271,0.28626096,-0.086020894,0.11012443
protein|TNFAIP8,-0.046851356,-0.074803166,-0.14687578,0.122914605,0.2194122,0.10935857,-0.057743717,0.1425047,0.27959803,-0.28785864,-0.030457625,0.25986555,0.3570661,0.33636653,0.5996942
protein|LSM7,0.17605367,-0.022074409,-0.5924523,-0.10347602,0.39917597,0.089146346,0.029324379,-0.04900073,-0.010721798,0.0021218483,-0.05162262,0.41049573,0.43057108,0.4003402,0.48427835
protein|NOL6,-0.24182293,0.44932455,-0.23473722,0.2826846,0.3845519,0.17095415,-0.30090618,-0.11239212,0.16494024,0.385857,0.0995518,0.14886911,-0.031891394,-0.13451596,-0.45064417
protein|TOMM22,-0.047979277,0.26732847,-0.37038943,0.4295894,0.14411592,0.07371073,-0.25642937,0.09591497,0.1963374,0.19056982,-0.0023414108,0.09644909,-0.00010622831,-0.07556375,-0.3755831
protein|CYB561D2,0.017143812,-0.5364394,0.1470169,0.008177252,0.055301595,-0.25715452,0.21802482,-0.21146418,-0.028325366,0.057956696,-0.17403385,0.356081,-0.5150638,-0.20148998,-0.1359089
protein|TAF5,0.05095604,-0.31192324,-0.16682316,0.10480718,-0.3010458,-0.25221086,0.02944523,-0.036826104,0.08963574,0.0069797332,-0.036463868,0.38037008,-0.09626708,0.06230755,0.1618663
protein|LSP1,0.11891681,-0.08259133,-0.15538704,-0.34744188,-0.0058659846,0.17888796,0.05317358,0.21076122,-0.07269925,-0.26801836,0.0030141082,0.014544978,0.016439201,0.18689862,0.5571129
protein|GPR108,-0.0060326625,-0.3473362,0.33232373,0.06845304,0.09406599,0.21414779,-0.3517036,0.54498136,0.0010198024,-0.3421706,0.09877412,-0.45461896,0.12539092,0.09856523,0.20164564
protein|SRSF10,0.39386988,-0.16215655,-0.41369992,-0.23930806,0.3766837,-0.011611839,0.16017942,-0.55008036,0.15377915,0.10642262,-0.21941432,0.69798815,-0.090201244,0.23022172,0.30594695
protein|PMPCA,-0.13994718,0.42797598,-0.1669563,0.22006509,0.43396276,0.41621393,-0.27432966,0.07634307,0.23945083,0.20697281,-0.035091966,0.067959495,0.10205255,-0.20217542,-0.5256465
protein|CAV1,-0.10404016,0.110993564,0.49030107,-0.006422091,-0.2721853,-0.24507454,0.20071498,-0.15555355,-0.17330542,-0.024862241,-0.2969429,0.20088363,-0.19354674,-0.29845396,-0.07275003
protein|UBE2I,0.15925021,0.07041317,-0.25621104,-0.18640436,0.28654101,0.03859469,0.13368246,-0.24362546,0.18400607,0.051750176,-0.2290586,0.3568715,0.14449604,0.061324436,0.32344538
protein|EMC3,-0.203183,-0.028962446,-0.11129512,-0.0057902928,-0.3964413,-0.1508424,-0.07696908,0.026627978,0.045531377,-0.010352902,0.1233648,0.124961734,-0.11206196,-0.048214674,-0.22711502
protein|STXBP3,0.026425792,-0.4662316,0.25439903,0.14393337,-0.22358955,0.04602073,-0.15018946,0.17297271,-0.08056667,-0.19255897,-0.12749305,0.26250288,-0.38168326,-0.12749104,-0.11192756
protein|MRPL14,0.0900567,-0.021389091,-0.38971817,-0.2156244,0.19582063,-0.026661469,0.320315,-0.38646132,0.2513519,0.18650804,-0.07253361,0.26872233,0.0053462735,0.204127,0.023004876
protein|SH2D1A,-0.3060344,-0.63863635,0.3265821,0.09281212,0.06301981,0.24744952,-0.20351765,0.24231882,0.25243676,-0.6891479,-0.04717746,-0.18348175,-0.11039305,0.07099795,0.5098709
protein|THEMIS2,-0.27409312,-0.5932488,0.16941638,0.43876034,-0.03727022,0.1168041,-0.2805942,0.3189302,0.32284644,-0.35300323,0.31077528,0.08873499,0.2107574,0.171399,0.13089806
protein|ETFDH,-0.43386284,-0.15552755,0.020495791,0.17515072,0.102835655,0.21412385,0.27104393,0.21491492,0.28024584,-0.25869286,0.021157399,0.2986633,-0.1046428,-0.25728256,-0.4462482
protein|TCEB3,0.05175396,-0.15637465,-0.15135649,0.08028031,0.23192213,-0.13343763,0.12015622,-0.013076241,0.055840537,0.030969663,-0.07694704,0.15700635,-0.16109702,-0.08919514,-0.25994718
protein|DYNLT1,-0.12856644,-0.29532784,0.29281467,0.25970277,0.09426094,-0.20426054,0.018181968,0.19026014,0.23916812,-0.0495014,-0.004132962,0.26615718,-0.233471,0.06297233,-0.09619851
protein|PGRMC1,-0.04043329,0.0117615685,-0.08472356,0.10727522,0.13269942,-0.0766359,0.45384124,-0.054861747,0.24735886,-0.22812945,-0.07626464,0.48250738,0.0042953226,-0.049635965,-0.14033876
protein|ITGA4,0.16311201,-0.31843218,0.08829555,0.098987065,-0.038880143,-0.07130262,-0.087487414,-0.02239456,0.3527293,-0.50954574,-0.14576074,0.044903412,-0.2627418,-0.16458404,0.09879424
protein|TM7SF2,-0.04627604,0.1926189,-0.25415063,0.13257958,-0.16921711,-0.012320367,-0.13872328,-0.030491242,0.026763525,0.27280313,-0.09637025,0.025825135,0.027495118,0.01693712,-0.4046746
protein|SLC39A11,-0.3696,-0.062286735,0.48649028,0.28930873,-0.029593293,0.192072,-0.335645,0.2689245,0.10737957,0.085392915,0.1375185,-0.2972827,0.09702791,0.06088692,-0.040754568
protein|SH3PXD2B,-0.22825345,-0.76155114,0.3697894,0.10514294,0.019614061,-0.18632998,0.14812465,0.20043886,0.24670435,0.03667519,0.27164868,0.012447242,-0.18760583,0.12883236,-0.034167316
protein|CD63,-0.2465361,-0.23229718,0.4699917,0.22413008,-0.17478956,-0.33024347,0.0035288313,0.013813324,0.15006755,0.018474353,0.24340168,-0.09044126,0.0028713846,-0.07042399,0.1126968
protein|MAD1L1,-0.12381676,-0.42481175,-0.0072425744,-0.038317285,0.05538655,0.14025237,-0.21833873,-0.05308902,-0.037287097,-0.069851175,-0.22361055,0.24671829,-0.33967704,-0.2685663,-0.33627132
protein|SERBP1,0.35415784,0.09641959,-0.39855644,-0.2559251,0.68003714,0.0760565,0.35459977,-0.6814363,0.2643754,0.17414972,-0.21136038,0.5871877,-0.08328201,0.33763218,0.4510815
protein|UCKL1,-0.09242528,0.0011272981,-0.20900564,0.47618532,0.2652219,0.10535742,-0.4952723,0.2224134,-0.05515632,0.12587716,0.15604432,0.15737537,0.3356018,0.06298343,-0.35695308
protein|ACACA,-0.15842853,0.042322077,-0.06719786,0.31195796,0.138883,0.13934596,-0.25447232,0.08863415,0.13053808,0.32465228,0.089145705,0.1639455,-0.19200271,-0.20398259,-0.61599106
protein|DAGLB,0.052207075,0.37792823,0.14094897,0.1851877,-0.18085054,0.14879426,-0.27841526,0.22812393,0.07423856,0.16678035,0.065376595,-0.13071895,0.057617307,-0.20470639,-0.16342373
protein|BIN2,0.025386455,-0.6807372,0.23985182,0.07198717,-0.11465124,-0.09916795,0.04046017,0.16055106,0.21213993,-0.5776718,0.0074095964,0.1075295,-0.026398404,0.18478899,0.71654004
protein|CFI,-0.014937041,-0.06785529,0.07706673,0.15884034,-0.5541861,-0.43241522,0.19357467,0.086493105,0.013052721,0.33682755,0.19590266,-0.118130475,-0.20185289,-0.30426937,-0.3848162
protein|FARP1,0.10797381,-0.43840435,0.08697346,-0.009055772,-0.028686475,-0.2285021,0.097445525,-0.020046202,0.11197752,-0.11296792,-0.11319807,0.2239379,-0.2898418,-0.2713834,-0.32313305
protein|PRMT1,-0.18831141,0.38716805,-0.20757818,0.4291677,0.21117406,0.25981447,-0.6860797,0.11136449,-0.08784887,0.39234394,0.14716293,0.01356506,0.3002441,-0.12302092,-0.23055324
protein|HIBCH,0.019773295,0.21112779,-0.54296124,0.0340582,0.07793885,0.4312655,0.14022548,0.27638447,0.18816538,-0.0706686,-0.07546613,0.02340878,0.2488557,-0.08673091,-0.48392564
protein|SMARCE1,0.30910417,-0.16822037,-0.3674784,-0.033536278,0.015533931,-0.11094773,-0.013649844,-0.38954183,-0.057742186,0.043136045,-0.08535786,0.34943902,-0.019435223,0.2121493,0.11882048
protein|VPS53,-0.09567864,0.18565215,0.18714789,0.05957695,0.102459334,-0.050672922,0.009636367,-0.017132197,-0.04038742,0.18074737,0.03929633,0.0124538,-0.05113914,-0.14467743,-0.051510625
protein|CUX1,0.23797724,-0.06626917,-0.17347144,-0.045271836,-0.002545641,0.062167253,-0.05139487,0.02130314,-0.27460045,0.19731496,-0.05945342,0.18695727,0.0293167,-0.23176508,-0.38036403
protein|GABPB1,-0.08457448,-0.29872677,-0.3944454,0.12823856,0.1353147,0.13000356,-0.1934645,0.22931284,-0.0714307,-0.38778085,0.116048016,0.6838358,0.4000144,-0.006845083,0.016780633
protein|LBR,0.38902658,0.02709331,-0.23548537,0.021636073,0.10343009,0.24317396,-0.4205026,0.17251936,-0.3569406,-0.06874886,-0.22687471,0.01355438,0.18520696,-0.002994428,0.15629709
protein|CAB39,-0.09669362,0.2865056,0.13938275,0.16377515,0.030505426,0.2113738,-0.5123288,0.35511965,-0.18829107,-0.050403267,0.18758559,0.011261589,0.34362528,-0.050331358,0.06318516
protein|CAMK1D,-0.21540746,-0.019991776,-0.15865965,0.17506509,0.016974289,0.0008484211,-0.041414794,-0.02546895,-0.025525622,-0.14890037,0.07898972,0.32383877,0.14261621,0.08714384,0.20359525
protein|SLC4A7,-0.047814112,-0.28037483,-0.13413478,-0.09579902,-0.09683248,-0.21196252,0.097581096,-0.16485894,0.18617454,0.13892668,-0.010984479,0.26001474,-0.104891755,0.008592685,-0.19441462
protein|ITGB2,-0.11647275,-0.7929746,0.3148274,0.094222374,-0.14517322,-0.2693233,-0.022367397,0.5735976,0.07164929,-0.21202813,0.30580977,0.010649727,-0.25662515,-0.011826461,0.36242977
protein|RBM34,-0.17287219,0.08217823,-0.2584638,0.13914636,0.079337336,-0.0051628933,-0.08428596,-0.27206796,-0.0043151877,0.47841138,-0.09767017,0.29183882,-0.09934898,-0.017450105,-0.3076557
protein|IMMT,-0.25337836,0.24977179,-0.14928034,0.3044814,0.25540262,0.48656896,-0.40044817,0.56026053,-0.02998292,0.042959597,-0.1674123,-0.063471094,0.080401786,-0.33600074,-0.5046874
