,F1,F2,F3,F4,F5,F6,F7,F8,F9,F10,F11,F12,F13,F14,F15
protein|HLA-A,-0.37703934,-0.8091074,0.17187957,-0.19648495,0.19200878,-0.016050272,0.5339537,0.033463646,-0.15244609,0.1331359,-0.1842278,-0.39382294,0.25734407,-0.59423274,-0.36568233
protein|HLA-DQB1,-0.054736886,-0.15209445,0.051073518,0.013274922,0.48210478,-0.023157246,0.010619116,-0.17511585,-0.14887147,0.24333373,-0.056569114,-0.11051686,-0.10912102,-0.39175895,-0.5969345
protein|NCBP2-AS2,-1.0765381,-1.2272053,-0.70567244,-0.31929326,-0.6691968,1.292305,1.119936,0.33540493,-0.62643397,-0.18058537,-0.23188563,-0.41973177,0.9281937,1.1226649,-0.73518175
protein|CLC,-0.10114393,-0.071357496,1.1758304,0.38898087,-1.3469247,0.20584552,-0.13595434,-0.50715727,-0.8314192,0.52748966,0.035039037,-0.46645626,-0.18600531,0.13638866,0.4832956
protein|A0A0G2JIF2,-0.08281894,-0.08501119,0.59717464,-0.101248965,-0.009165441,0.36254245,-0.0769807,-0.15984875,-0.060034882,-0.32181978,-0.39538696,-0.1674671,-0.40869924,-0.12635893,0.15967129
protein|HLA-CW,-0.12450384,-0.11074469,-0.18029882,-0.078024656,0.05325715,0.17322652,0.059208997,-0.029975668,-0.1340468,0.077644125,-0.060122862,0.07584504,0.04943874,0.06627036,-0.09501495
protein|SCARF2,-1.0495291,-1.1145414,-0.61389405,-0.53814006,-0.65320224,1.4273006,1.2902249,0.46423954,-0.59537494,-0.25431374,0.25171012,-0.4881167,0.87907183,1.1745819,-0.68001586
protein|A0A182DWH4,0.21033402,-0.583777,-0.17658447,0.0124197155,0.24327876,0.21564601,0.5361079,-0.15522064,-0.21403764,0.2121893,0.073069856,-0.10439162,0.4825886,0.003759455,-0.13658673
protein|DEFA3,-0.5815663,0.61263704,1.0020783,-0.46528673,-0.7773769,-0.22784968,0.17862456,0.0060544163,-1.3710153,-0.01134375,-0.2273634,-0.072609335,0.1331615,0.33927527,-0.10267189
protein|MAGEB2,-0.08874615,-0.16443907,-0.115561694,-0.03297232,0.087265514,0.3644829,-0.05449964,0.11084119,-3.8468526e-05,0.18016165,-0.29257065,0.3673572,0.17174783,0.05104015,-0.52911985
protein|AZU1,-0.7348254,0.9247826,1.5105681,-0.31464776,-0.48966798,-0.55102754,0.30237272,-0.06864531,-1.5370187,-0.3128542,0.028510507,0.29507154,0.26309332,0.69588053,-0.24904543
protein|KRT6B,-0.83543235,-0.52173936,-0.03448051,-0.5269478,-0.5093794,-0.28905237,0.520813,0.17774677,-0.41300902,0.13455313,-1.1554927,0.5412467,0.31084213,-0.05944507,-0.346644
protein|HLA-DQA1,0.10882503,0.379421,0.55110383,-0.12750012,0.5637681,-0.23263365,-0.39327785,0.196162,0.3313205,0.5129934,0.09547825,-0.47096184,0.37067804,-0.959605,-0.2973075
protein|PHF21A,-0.6888644,0.49524236,0.7568753,-0.29440355,-0.4569061,-0.047448847,0.47971848,0.08573885,-0.8824115,-0.37403,0.77392995,0.56205696,0.38115975,0.7556482,-0.7084073
protein|PLK2,-1.1713778,-0.4670573,-0.3830812,-0.052820433,-0.81325984,0.4658498,0.06395627,0.017260604,-0.50032806,0.12385109,0.32507858,-0.75111336,-0.04224684,0.68470836,-0.30832946
protein|HLA-DRB1,-0.17501655,-0.44853508,0.059839357,0.085507885,0.032501876,-0.1765313,0.03526441,0.09350995,0.054800794,0.33194894,0.02276701,-0.3217682,0.27047536,-0.41433206,-0.64852
protein|COL1A1,-1.2450058,-1.0844113,-0.6828158,-0.75823843,-0.8988133,1.2975054,1.1957009,0.6160707,-0.5310514,-0.15021722,-1.4042453e-06,-0.46231356,1.1328666,1.0123184,-0.7190352
protein|HLA-B,0.3343862,-0.46755537,0.22142342,-0.12232791,0.07445785,0.020394892,0.22527729,-0.10664416,-0.10028037,-0.08089323,-0.16593438,0.25452912,-0.14544627,-0.33243173,-0.0712331
protein|PRTN3,-0.5980812,1.0555879,1.2476238,0.034049783,-0.5515997,-0.4180668,0.060400456,-0.03444172,-1.5347284,-0.18125267,-0.27098694,0.20797494,0.11702837,0.4468349,-0.40701124
protein|HLA-DRB5,-0.32968098,-0.22204596,-0.04575307,0.17322919,0.48662063,-0.15043296,0.43079132,-0.008190934,-0.07190631,-0.35137033,0.25787193,-0.045926318,-0.12069325,-0.13841951,-0.33687094
protein|ADARB1,-0.51072407,-0.08558197,-0.2519771,-0.33968294,-0.05179528,0.78551024,0.41533273,0.5028496,-0.33116007,-0.1307629,-0.06077786,-0.11491445,0.4657742,0.76127976,-0.37907878
protein|HBA2,-0.53422815,0.78505707,0.6526251,0.112832054,-0.16752236,-0.3406093,0.42217803,0.5491975,-1.0427063,0.020209571,0.2466804,0.4099391,0.7904678,1.136504,-0.4950585
protein|COL1A2,-1.2124681,-1.0624405,-0.7868948,-0.6089995,-0.8559762,1.4701439,1.1755167,0.6370893,-0.50013334,-0.14956596,0.11637268,-0.43910924,1.0227085,1.0687374,-0.7164656
protein|S100A12,-0.8801024,0.8013646,1.3395102,-0.4633373,-0.48852324,-0.5064794,0.20129715,-0.2045763,-1.1863074,-0.23626125,-0.10072695,0.45463377,0.16496412,0.2767612,-0.2572075
protein|CRP,-0.15946944,1.2206825,-0.12485872,-0.24723183,-0.2640835,-0.05497498,-0.45198143,-0.027052041,-1.4222424,-0.14945872,0.6394832,0.5564576,-0.16466099,0.9474124,-0.0136024095
protein|HBA1,-0.34590027,0.94879824,0.67862797,-0.2810279,-0.43751833,-0.40942186,0.55259293,0.39760014,-0.8629932,0.08137213,0.784042,0.55712616,0.8238283,1.3359518,-0.35914013
protein|GSTM1,0.48176235,0.43221194,0.18771408,0.9633877,0.12460254,-0.11206824,-0.0993906,0.4249812,-0.23163982,0.061422568,-0.6987172,-0.57173306,-0.37030205,0.103363216,0.39067915
protein|SERPINA1,-0.3643873,0.32026353,0.71360266,-0.47855452,-0.47091115,0.4380224,0.0815962,0.09867944,-0.6662581,-0.0913829,0.45914698,0.16360751,0.16534056,0.5932908,-0.22265892
protein|SAA2-SAA4,-0.24514869,0.38340718,0.5643179,-0.123197265,-0.18287423,0.53130335,0.030108022,0.22785103,-0.972031,-0.39093295,0.51991427,0.43071765,0.19038355,0.5346521,-0.63069814
protein|E9PMV2,0.29523122,0.11282183,0.15237285,0.18440428,0.67746925,-0.38162515,0.068791054,0.20391466,0.12582414,0.5078142,-0.03375209,0.027362198,0.23102412,-0.53993315,-0.41294083
protein|HLA-DRB4,-0.047995474,-0.1402528,0.026972963,0.22437833,0.09677131,-0.040460948,-0.07175628,0.05025802,-0.158058,0.12971193,-0.010160443,-0.34711695,0.020522226,-0.18445791,-0.32653296
protein|IGJ,-0.35231924,0.09944306,0.21892159,-0.44842216,0.06888449,0.25539973,0.65167344,0.26682004,0.015898554,-0.23275706,0.018974014,0.45573792,-0.10407089,0.47492024,-0.1610076
protein|COL11A2,-0.8172927,-0.49086085,-0.3237684,-0.6376481,-0.22703905,0.5602062,0.5687587,0.35326648,-0.26132053,-0.18650287,-0.275458,-0.13851379,0.58814687,0.34275106,-0.5209296
protein|COL3A1,-1.0805118,-1.0149547,-0.73428583,-0.7082056,-0.9179045,1.2586992,1.0711921,0.6422497,-0.3847053,-0.082457006,0.04799483,-0.54286623,1.0503719,1.042406,-0.5311052
protein|Q5Y7H0,0.13565503,0.025338266,0.1495155,-0.08584747,0.79740113,-0.1784717,-0.09067817,0.19709985,-0.093703575,0.37301156,-0.07860738,-0.09781306,0.116128,-0.79078656,-0.38353977
protein|Q5Y7D1,0.30874556,-0.39946392,0.19616848,-0.07347765,0.2254406,-0.02449653,0.46254995,0.287437,-0.21305571,-0.2373458,-0.3716417,0.10375087,0.23178379,-0.30912268,-0.1880231
protein|P0DP04,-0.5433906,0.23622629,-0.019720487,-0.0984006,-0.36883795,0.32997176,0.24391042,0.21789445,-0.051443275,0.37290165,0.308183,-0.09640571,0.25162628,0.7108628,0.17642505
protein|UACA,-0.68758726,0.27057493,0.23153237,-0.16157894,0.1304108,0.19916455,0.5502939,0.14720635,-0.557622,0.08642571,0.38200793,0.32969952,0.04154666,1.0004947,0.06865193
protein|HLA-DOB,0.5985929,-0.40045232,0.2183909,0.33011195,0.5991663,-0.106237344,0.2866617,0.46467575,-0.20399325,0.06160566,-0.15378262,-0.6279871,0.85014176,-0.8053652,-0.34211063
protein|KMT2C,0.061447393,0.45706493,-0.9323229,-0.26807708,0.21864007,-0.32931414,-0.21034156,-0.39446238,-0.16320422,0.003662612,-0.53932685,-0.19849649,-1.0010601,0.23447818,0.63156414
protein|Q5Y7D2,0.33244625,0.12488546,0.21261866,-0.24805143,0.08549773,-0.2018958,-0.15206322,-0.23004262,-0.053098276,0.28680092,-0.02833857,-0.06664515,-0.13156673,-0.27612033,0.16515906
protein|EPX,-0.21650988,-0.058722623,1.0391026,0.26468623,-0.6274874,0.3217783,0.13380468,-0.39987442,-0.835514,0.12962474,-0.22091928,-0.33978355,0.039618816,0.12860684,0.058691878
protein|POSTN,-0.61155885,0.3334029,-1.0823127,-0.60434586,-0.53770727,1.176146,0.36518103,0.6702184,-0.5228847,0.5414924,0.38763583,-0.90124995,0.5489441,0.7108113,-0.34339905
protein|S100A9,-1.2186476,0.58762366,1.2324747,-0.30269727,-0.44411138,-0.71860105,-0.46080253,-0.28217664,-1.1018704,-0.17645487,-0.05522457,0.70065093,-0.38431546,0.31557736,-0.19349645
protein|EIF1AY,-0.073511004,0.08395761,0.3490078,-0.07365484,0.21095712,-0.20304132,0.358805,0.06782025,0.18833177,-0.103058204,0.072142996,0.2931929,0.00045266259,-0.20979899,-0.09900383
protein|ELANE,-0.6146158,0.99719065,1.2515091,-0.31528345,-0.5983405,-0.23886174,-0.01766452,0.12878656,-1.6277609,-0.111212134,0.35144454,0.15873836,0.1521545,0.75056773,-0.19029173
protein|CA3,-0.642887,0.23188473,-0.15944485,-0.12665915,-0.18883428,0.16013522,0.38309094,0.22844489,-0.5797671,0.5204185,0.3036341,0.055509593,0.82268983,0.41049606,-0.22135858
protein|IGHM,0.27883762,0.42271268,-0.16907077,-0.4180148,0.17964682,-0.18802087,0.314636,-0.06914214,0.044063415,-0.087144,-0.010049929,0.28016362,-0.12634464,0.45909888,0.28816593
protein|HBB,-0.3429276,0.9473882,0.6796258,-0.25777775,-0.46919146,-0.44487178,0.49668404,0.4096911,-0.78976315,0.057803065,0.8324265,0.53761935,0.8469263,1.389116,-0.36209157
protein|DDX3Y,-0.32597923,-0.33591607,0.21159448,0.09843957,0.1724522,0.03473399,0.29908842,0.17724328,0.30319762,-0.26438576,-0.2642086,0.20088513,-0.14905336,-0.39538774,-0.33510947
protein|COL5A2,-1.0460144,-0.9222952,-0.29310164,-0.68207955,-0.38322508,1.4191103,0.94679546,0.46432182,-0.44537213,-0.30664957,-0.010581885,-0.3914642,0.73249656,0.8498656,-0.7920454
protein|HLA-DPB1,0.05652333,-0.13867915,0.275321,-0.20165884,0.25573274,-0.25037712,0.0674639,0.11183463,-0.15310732,0.13799083,-0.16849652,-0.32933462,0.20183037,-0.8290173,-0.6675568
protein|FGG,-0.98878074,0.848844,0.5634622,-0.48960614,-0.55795044,-0.39528236,-0.49559936,0.4619537,-1.2965792,-0.016113328,0.9879685,0.9070689,0.32025203,1.1977782,-0.30243164
protein|FRAS1,-0.28567806,-0.5837836,0.018368214,0.017053982,0.51057583,0.46040624,0.9733134,-0.26930186,-0.50009435,-0.32349986,0.1119203,-0.16793828,0.3100419,0.5113332,-0.39676663
protein|FGA,-0.9768588,0.7014719,0.40684247,-0.48423055,-0.46578208,-0.25167617,-0.09567627,0.4506809,-1.3742123,-0.08741782,0.98769,0.9276312,0.40476856,1.3284651,-0.48841792
protein|HLA-DRA,0.25897142,0.07912075,0.08081444,-0.023516046,0.80528635,-0.32681894,-0.13889575,0.092178024,-0.0163688,0.77404785,-0.052578587,-0.2507873,0.20935294,-1.0945486,-0.46889466
protein|LTF,-0.5670076,0.8241376,1.0957637,-0.3989874,-0.47320673,-0.24284054,0.23579091,0.014387527,-1.5352602,-0.14831838,0.17524429,0.19546705,0.26254365,0.33240896,-0.16399255
protein|FGB,-1.0358686,0.65897465,0.5849057,-0.5258154,-0.4378298,-0.34774643,-0.3651814,0.5477596,-1.240497,-0.06614691,0.9040418,0.8934926,0.30863938,1.1691945,-0.4168395
protein|Q5SU54,0.17852297,-0.008042143,-0.08042588,0.012392337,0.6576062,-0.084582716,0.06797145,0.09937684,-0.13896397,0.51227725,0.03043588,-0.037196733,0.32869226,-0.8570259,-0.5746595
protein|CMA1,-0.2845237,-0.31052187,-0.261466,-0.48045683,-1.3867218,-0.26791346,0.6102637,-0.22662392,-0.35582557,0.24346375,-0.8168511,-0.34030396,0.57780737,-0.0911591,0.27237713
protein|Q2L6G2,-0.41843888,-0.5558237,0.25991127,-0.010905527,-0.020172847,-0.011974078,0.018738367,-0.055032786,-0.042010784,0.019604336,-0.24487326,0.061056055,0.11917073,-0.022822578,-0.35650015
protein|PLIN4,-0.118258014,-0.0011677068,-0.43275478,-0.07431426,-0.23667309,0.6206864,0.19892208,-0.0872441,-0.5636744,-0.15532358,0.37234953,-0.44753316,0.45296505,0.6507148,-0.1963
protein|P01911,0.2629302,-0.029098,0.06207994,-0.011368077,0.73862225,-0.14368688,0.072008945,0.04008737,-0.13712369,0.46335596,-0.059512872,0.043185722,0.19874074,-0.7611088,-0.7600401
protein|CD34,-0.42667952,-0.9689554,-0.23177978,-0.2311974,-0.51569134,0.93645805,1.0282811,0.1659207,-0.30298853,-0.63979006,-0.34537137,-0.06653466,0.35442755,0.7255564,-0.680638
protein|Q5EP54,-0.04852466,-0.18340139,0.15843025,0.20075838,0.59543395,-0.015780436,0.39337182,-0.25825128,-0.14557849,0.38289183,-0.07902191,-0.17169836,0.07328,-0.5809546,-0.4680097
protein|IGKV2D-28,-0.7106596,0.4588394,0.015914936,-0.2542241,-0.49075633,-0.034022216,0.27657557,0.2119351,-0.59333616,0.24700806,0.61867446,0.26362684,-0.0016025098,0.7498147,-0.12438362
protein|MARCKSL1,0.2704383,-0.4466772,-0.47889552,-0.24467118,0.7629168,0.74638134,0.29179612,0.9190917,0.094843045,0.25452507,-0.19808394,-0.13446303,0.93898857,-0.8651885,-0.7429004
protein|SPTLC2,-0.5304502,0.6148483,-0.055512622,-0.06759827,-0.0631486,-0.50252634,0.012163449,0.19967467,-0.6669473,0.1442921,0.24905479,0.5281417,0.221369,0.8969413,0.007203066
protein|TMSB4X,0.31259477,-0.4163859,1.0546076,-0.14557555,0.037726767,0.736288,-0.6039702,0.3032946,0.50657094,-0.72184765,-0.69968164,-0.26848105,0.21112975,-1.0915381,-0.39147076
protein|PLIN1,-0.0023271898,-0.33509988,-0.62677103,0.09601232,-0.35315835,0.50297844,0.41267544,-0.16179429,-0.5056491,-0.089561656,0.3952901,-0.49375853,0.3646299,0.560132,-0.04287168
protein|COL5A1,-1.0087664,-0.7974277,-0.39116004,-0.6738798,-0.4817427,1.4337282,0.6806052,0.5633098,-0.31348586,-0.120814025,0.09120522,-0.0894247,0.8649822,0.76656944,-0.76383525
protein|CKM,-0.59666795,0.14178008,0.27926692,-0.27107605,-0.036758605,-0.1688817,0.33432043,0.052210476,-0.6515653,0.3937818,-0.4921118,0.26518294,0.4140463,-0.020854017,-0.15419468
protein|FCER1G,-1.5893847,-0.45863065,0.64479536,0.5702173,-0.16171144,-0.52819246,-0.515079,0.03981085,0.16457228,-0.19975787,0.35882768,0.60383177,-0.99707896,0.50964785,-0.23000184
protein|P0DP03,-0.42039326,0.17722084,-0.21240711,-0.4710524,-0.49079078,0.14025788,0.023911813,0.28295016,-0.5082175,0.3330823,0.47989017,-0.12555422,-0.19512446,0.73893857,0.3254927
protein|RPS4Y1,-0.3764354,0.0006319161,-0.07411134,-0.01952913,-0.06492743,-0.2653082,0.37267375,-0.24072841,0.34665796,-0.09654009,0.11016852,0.15425494,-0.26258177,-0.5286325,0.18723355
protein|Q5QT33,-0.30594802,-0.49875864,-0.13922043,0.13957989,0.23934798,-0.1405854,0.029802676,0.33744067,0.12340804,-0.21025607,-0.08318877,-0.088960476,-0.23748684,-0.2519644,-0.26768824
protein|CPA3,-0.37979782,-0.48370472,-0.1907448,-0.40024364,-1.0758549,-0.13605686,0.7851969,-0.3188014,-0.63917,0.04694177,-0.8492506,-0.53892154,0.41840652,-0.07461045,0.46988878
protein|Q5Y7D3,0.019998265,-0.09272333,0.269538,0.04769803,0.042513963,-0.04341148,-0.2751442,0.105575666,-0.037927944,-0.119590916,-0.048440292,-0.12209739,-0.102828145,-0.091536425,0.49426463
protein|A0A0D5XQ77,0.26913616,0.12159489,0.051887322,-0.03031039,0.5213139,-0.05878479,-0.054157652,0.17375761,-0.21509513,0.44035158,0.112773396,-0.13137735,0.29143173,-0.5463734,-0.56682336
protein|IGLV4-69,-0.5294861,-0.22057414,0.22379014,-0.31403714,-0.26841253,0.5603887,0.61995375,0.03151583,-0.53802234,0.024855467,0.38632676,0.11457719,0.5555153,0.68860435,-0.17568815
protein|IGHV4-4,-0.49043167,0.54947585,-0.06717113,-0.29518196,-0.30251023,0.09688087,-0.05534935,0.22404915,-0.31879032,0.43582842,0.47295403,-0.16718015,0.052137237,0.44333693,0.06789463
protein|ALPL,-0.51793087,-0.35951412,-0.13984114,-0.0142480135,-0.3722786,0.8753107,0.37116677,-0.072815865,-0.32363993,-0.7833581,0.039456908,-0.11253514,0.110956244,0.5215451,-0.38454494
protein|IREB2,-0.13687827,-0.15982296,0.005763199,-0.13713716,0.22238065,-0.2238763,0.43644443,-0.3142831,0.25068498,0.1471882,-0.45391694,-0.010084341,-0.08372076,-0.4168463,-0.059709046
protein|HBG1,-0.33337674,0.23119256,0.307566,-0.28677562,-0.122899204,0.050606392,0.50309485,0.31222773,-0.73795146,-0.30165485,0.7309442,0.5264857,0.74121577,1.1388441,-0.43738645
protein|D7RIG5,0.21485518,-0.0072395722,0.081481546,-0.11058312,0.6984986,0.17363995,-0.15308069,0.24583554,-0.060817074,0.48681688,-0.14137667,-0.2301862,0.2988256,-0.92417485,-0.34249565
protein|O19617,-0.43980175,-0.35636604,0.053608995,0.039332695,-0.004782753,0.48681378,0.25336903,-0.012600784,-0.22574854,-0.20572793,-0.067368045,-0.32184827,0.06400367,-0.008092385,-0.3870371
protein|JMJD1C,0.43042368,-0.4726834,0.54851854,-0.37594706,0.6803675,0.97508824,0.2231607,0.13159534,0.6992949,-0.54677653,-0.66875744,0.65517914,0.3580293,-0.5337311,-0.62347144
protein|MB,-0.58839816,-0.057955887,0.039892975,-0.1785116,-0.09245593,0.10920809,0.5183232,0.046302654,-0.5552406,0.43210763,-0.3302551,0.12901051,0.45169014,0.3281199,-0.16469978
protein|C8A,-0.62509435,0.3884689,0.14323066,-0.57869864,-0.6223145,0.03722989,0.21102522,0.4902965,-0.8589319,0.18058968,-0.30785578,0.766212,0.44545135,0.38218993,-0.48924753
protein|CHDH,0.40866005,0.04554641,0.14000705,0.29744774,0.35959274,-0.18433213,0.12339332,0.12839971,0.105267346,-0.1184295,-0.29987404,-0.27759254,-0.036495216,-0.2859889,-0.007121977
protein|HLA-DOA,0.6191768,-0.097175166,0.5763745,0.2788697,0.9354411,-0.14594759,0.36989596,0.26998127,-0.3518365,0.1433575,-0.15727611,-0.7356982,0.31988567,-0.83878297,-0.4213231
protein|SOD2,-1.302055,-0.2952861,-0.18169148,0.5925582,0.00474623,-0.48999825,-1.2085241,0.46765172,-0.37960938,-0.68642485,-0.48873982,0.2492364,-1.4322482,0.1309891,0.1350435
protein|IGLV7-46,-0.4147662,0.34598985,0.15630047,-0.20445864,-0.39008203,0.23102708,-0.00022993374,0.27411038,-0.19362982,0.25563905,0.15989272,0.17376086,0.14399464,0.50660187,0.09134161
protein|DCN,-0.96721596,-0.363716,-0.7630758,-0.7335075,-1.1893781,1.0971369,0.4652966,0.7267408,-0.29989338,0.087242275,0.08960603,-0.5745795,0.88298833,0.7102122,-0.15251239
protein|FBXL18,0.015978198,-0.0643297,-0.5236436,0.31556103,0.46648616,-0.09240898,0.9560594,-0.8580425,-0.6283923,0.10462082,-0.53894806,-0.58705854,-0.5657402,0.18289295,0.26699314
protein|HMGN4,-0.022255694,-1.1574444,1.3727962,-0.17069118,0.1619411,0.824329,0.14662081,0.39574337,0.734896,-0.92105275,-0.6147472,-0.64526016,0.46109247,-0.76437014,-0.15220416
protein|MPO,-0.7092818,0.7207463,1.2293674,-0.11405833,-0.25687298,-0.2323953,0.15084589,-0.09051421,-1.5460763,-0.24244918,0.026847687,0.31289613,-0.05054649,0.42564458,-0.36567405
protein|MCM3AP,-0.059820525,0.14220421,-0.26438874,0.07295708,0.10436223,0.21724865,0.24205205,0.13164891,-0.5939034,-0.011120614,0.21667528,0.2734057,0.32666898,-0.032284983,-0.34630594
protein|COL6A6,-0.23649026,-0.011838328,-0.18988352,-0.02198897,-0.6597764,0.1079348,0.056391645,0.005237013,-0.6213553,-0.1478497,-0.0455351,-0.20608003,0.33050516,0.15547109,0.13665493
protein|CTSG,-0.5971463,0.39865908,0.9392685,-0.20444171,-0.74915254,-0.25510058,0.45914295,-0.21745735,-1.6692218,-0.17075348,-0.16804533,0.09282984,0.47940794,0.3277752,0.028129522
protein|TTN,-0.24850011,-0.39154312,0.5721083,-0.32794294,0.14020199,0.1196354,0.20675462,-0.22171219,-0.25835896,-0.41433188,-0.7670849,0.051595017,-0.11564603,-0.3135436,-0.17306112
protein|UCHL1,0.2609864,-0.08242404,-0.36650342,0.07262179,0.29076684,0.30109787,-0.14175229,0.45082018,-0.06793214,0.25301296,-0.081226975,-0.0695758,0.09360417,-0.39435405,0.050178405
protein|S100A8,-1.0098066,0.483722,1.0419106,-0.32544488,-0.44042286,-0.67847604,-0.26924103,-0.29357767,-1.1232564,-0.18346235,-0.011139303,0.55565035,-0.29356802,0.28584716,-0.058359023
protein|RECQL5,0.4572312,-0.5068675,0.45595187,-0.63968253,0.37034744,0.24739534,0.15152174,-0.5898282,0.8970352,-0.49405116,-0.25035167,0.4734287,-0.3532476,-0.029935114,-0.8110401
protein|CA1,-0.20971912,0.84537333,0.52899754,-0.05146236,-0.34901497,-0.5345054,0.5098679,0.3534988,-0.873568,0.12142789,0.98074526,0.27738217,0.85898674,1.1185982,-0.2435035
protein|FCER2,0.54358536,-0.07002032,-0.0045397356,0.097847536,-0.022421854,0.14377254,0.32825395,-0.23371659,-0.3362486,0.045557234,-0.06850984,-0.4201158,0.35077482,-0.1889524,-0.4809935
protein|HMGCS2,0.29657298,0.6336583,-0.15017311,1.0371675,0.7491715,0.06840766,0.0147068305,0.6221873,-0.57934034,-0.104011245,-1.094508,-0.09721487,-0.59230673,0.019579658,-0.116117425
protein|FABP4,0.06316443,0.005882537,-0.5766433,-0.16012493,-0.4045474,0.3799418,0.20204745,-0.27151942,-0.32220593,-0.26339984,0.34954607,-0.5212282,0.09558474,0.48601595,0.11718035
protein|HBD,-0.31998584,0.7676592,0.71588933,-0.045696843,-0.30398476,-0.5041542,0.5242988,0.40185317,-0.7746419,0.038204722,0.7890253,0.51024944,0.8071241,1.3067393,-0.35619575
protein|C1QA,-1.1372265,-0.21971977,0.013075003,0.443093,-0.4839392,-0.21146591,-0.665891,-0.018846335,0.37687367,0.21395409,0.993237,0.028858213,-0.8098712,0.6637465,-0.032953918
protein|FTL,-0.66243726,0.40873814,0.3815288,0.14421077,-0.36858726,-0.22781083,-0.1855999,-0.19020809,-0.04991523,0.0025804227,0.02436353,0.32446352,-0.6451898,0.32529938,-0.17894988
protein|IGHV1-18,-0.53625304,0.30802506,-0.029946992,-0.41864002,-0.58234996,0.4095796,0.26007426,0.06840138,-0.5693242,0.35985616,0.35196087,-0.090679154,0.21247193,0.68709224,0.04945626
protein|P80748,-0.8159011,-0.15788482,0.01784006,-0.35488158,-0.2057524,0.54812175,0.3671512,0.16645822,-0.415,0.1519515,0.40371504,0.29091224,0.1846781,0.5355457,-0.48091635
protein|IGLV4-60,-0.5486058,-0.4052281,0.10743173,-0.4207683,-0.085704,0.69952226,0.95505863,0.108824715,-0.3912815,-0.120148666,0.35052788,0.091160454,0.5020047,0.75078446,-0.24545856
protein|P0DOY3,-0.4540268,0.079329245,0.39108935,-0.5632787,-0.26791096,0.3338145,0.19596045,0.43371123,-0.2418146,0.2910089,0.42879748,0.47308323,0.4737704,0.8752402,-0.13430725
protein|MBP,-0.10699476,-0.7825331,0.6199058,-0.31075445,-0.26831144,0.1555876,-0.11940378,0.3582993,0.38700262,-0.77746636,-0.34746894,0.3823168,0.05088501,-0.49548933,-0.4719877
protein|PLTP,-0.7666681,-0.18912145,-0.2197335,-0.027958967,0.07319746,0.3792694,0.32700062,0.051801354,-0.98890233,0.37838793,0.49142715,0.036859885,-0.023828555,0.46880487,-0.5715153
protein|AKR1C3,-0.09142931,0.40501747,-0.14481272,1.0053936,-0.48754174,-0.024534062,0.39521632,0.74766785,-0.66057974,-0.020409368,-0.59986615,-0.3436273,-0.14191215,0.6151038,0.14992115
protein|IGKV2-24,-0.37375274,0.46279657,-0.03940298,-0.19783238,-0.29120892,-0.05932778,0.052366305,-0.17213012,-0.48162767,0.23587666,0.48687232,0.093214676,0.023475567,0.50485474,-0.16634116
protein|IGKC,-0.5208271,0.60481685,0.19677211,-0.6993782,-0.4989463,0.35231787,0.051724605,0.43014133,-0.23763669,0.16121227,0.3454289,0.42969596,0.18334766,0.8310775,0.100172095
protein|UCK2,-0.19850151,-0.5641637,-0.24935743,0.017530765,-0.14142041,0.24558346,0.6889576,-0.36984295,-0.3550923,0.016372915,-0.14511772,0.26181746,0.54644006,0.47002774,-0.45185146
protein|TUT1,-0.2858326,-0.03464848,0.24006416,-0.24984801,-0.44581863,0.36394465,0.12108543,0.27436483,-0.5723631,-0.25769255,0.09851379,0.17128348,0.67963207,0.57394737,-0.24535768
protein|MAGEA9,0.18088216,0.32931176,-0.33246306,-0.032219224,0.17647979,-0.036422726,0.14387313,-0.07262463,0.25073695,0.16201037,-0.28256878,0.33196184,-0.031985357,0.39221177,-0.2538755
protein|LCN2,-0.4341807,0.8416567,0.84921443,-0.31453946,-0.25676942,-0.46056402,0.12967806,0.08535315,-1.1703393,0.17297499,-0.028924191,0.20371725,0.089914024,0.43953773,0.0013313716
protein|PTMA,0.18745172,-0.4801686,0.6551631,-0.7341596,0.43753436,0.95512927,0.21308759,0.26152697,0.7814645,-0.61259997,-0.77779156,0.64359367,0.5858666,-0.44158605,-0.49496055
protein|IGKV3OR2-268,-0.47063923,0.06419115,-0.075340666,-0.10183272,-0.31268516,0.32831457,0.2708341,-0.028308546,-0.5045935,0.14045776,0.35286722,0.2296944,-0.015843747,0.547161,0.08808714
protein|A0A182DWE9,0.07198242,-0.21743152,-0.27693033,0.15373598,0.55235994,0.11127467,0.16623034,-0.013736022,0.07508469,0.4055495,0.17551404,-0.22832245,0.14073506,-0.37001175,-0.3746887
protein|ACTN2,0.074692,-0.81108975,0.2717982,-0.24035,0.22804676,0.6524462,0.6704471,-0.55213076,0.27854183,-0.36116415,-0.25170773,-0.41504824,0.43088174,-0.0971407,-0.13087487
protein|HLA-DPA1,0.24161345,-0.13355128,0.38803595,-0.0804743,0.9426083,0.07745572,-0.099498294,0.17142858,0.10286617,0.32925883,-0.1473149,-0.36938763,-0.021261007,-1.0040032,-0.7043353
protein|GYPA,-0.29480603,0.14711796,0.5619146,-0.031590708,-0.10358488,-0.1829449,0.43568227,0.3253143,-0.8188008,-0.09159309,0.7719736,0.6292159,0.68855435,1.0141723,-0.69626004
protein|MECP2,-0.07974587,-0.97413826,1.0523118,-0.19234495,-0.026047427,0.72511137,0.4431713,0.07433427,0.16382824,-0.9715893,-0.33408538,-0.8686729,0.61265194,-0.3516495,-0.32156214
protein|PRSS3,-0.2851754,-0.6623807,0.04089961,0.31526795,0.5806869,0.09225384,0.95580244,-0.413034,-0.77379316,-0.08444268,0.1369404,0.21777368,0.0821568,0.3973096,-0.48358166
protein|HMGN3,-0.15922567,-0.80702966,0.45834777,-0.4834846,0.55545497,0.7460267,0.351164,0.27890828,0.80369604,-0.698303,-0.23391621,0.40845942,0.3573184,-0.16473576,-0.0636963
protein|TMEM2,-0.1074205,0.22993731,0.20057026,-0.47762403,-0.34299546,0.3588962,-0.18533307,0.6170738,-0.5584183,-0.34965616,0.024524804,0.14977327,0.3461163,0.7964365,-0.0405468
protein|ERAP2,-0.15488212,-0.03786249,0.0046960656,0.13492852,-0.0022097102,-0.1052988,-0.12240334,-0.43639967,0.019872716,-0.25235632,0.26102617,-0.186942,-0.3257495,0.026000664,0.045530245
protein|IGHA1,-0.59158117,0.33329403,0.3572595,-0.44760996,-0.49398085,0.2951574,0.13282761,0.4269337,-0.6741719,0.22182712,0.21864468,0.47598746,0.35430735,0.70899284,-0.38107708
protein|RPL22L1,0.14614299,0.1432679,-0.38342434,-0.28309378,0.24708377,-0.054805923,0.22512756,-0.49195182,0.42832777,0.23669033,-0.030944122,0.113547854,-0.17291059,-0.23257245,-0.11848728
protein|OGN,-0.7058597,-0.19117506,-0.52765906,-0.40434188,-0.9783178,0.60441387,0.8200995,0.6060679,-0.14701243,0.20399994,0.069200024,-0.71462995,0.7028826,0.8388502,-0.045893114
protein|RCL1,0.25635347,-0.46364686,-0.25080013,0.11913926,0.56704974,0.35063824,0.83360547,-0.6206203,0.018711302,-0.26129022,-0.3780768,0.37692833,-0.15454453,0.486137,-0.40442872
protein|MYL9,-0.34308055,-0.08289924,0.20484187,-0.22676057,-0.72377086,0.7258175,0.54441893,0.24573208,-0.57559115,-0.29525927,-0.12792385,-0.6314953,0.017790288,0.7824913,-0.45383167
protein|KIF26A,-0.21861441,-0.23240484,-0.06512441,-0.11356472,-0.16554959,0.008689163,0.28021583,-0.32440645,-0.18462381,0.15583616,0.33303732,0.1526454,0.59667856,0.48298883,-0.35757855
protein|FAM151A,0.67607015,-0.49540272,0.22399639,0.3123839,-0.056388967,0.11272706,-0.49244416,-0.2450239,-0.029592032,-0.86686224,-0.056234647,-0.4719153,-0.033524577,-0.26358736,0.46605667
protein|MYL3,-0.31613892,-0.052735712,-0.059105363,-0.04600446,-0.63459224,0.4644707,0.012182199,0.22681984,-0.12496309,0.4663914,-0.009896372,-0.24774894,0.36739075,0.2297352,-0.066159524
protein|PAWR,-0.060475457,-0.504194,-0.3507133,-0.38585123,0.01651349,0.61258674,0.36294654,0.4060069,0.36145514,0.045718506,-0.5540666,-0.07625165,0.18507878,0.08188808,-0.5890751
protein|ACAA2,0.69581187,0.4373259,-0.8782599,1.4002762,0.53454494,-0.45411724,0.15356815,1.1274115,-0.059496634,-0.28635204,-0.7457777,-0.08403822,-0.8876302,0.6001024,0.4560538
protein|HMGN2,0.23891234,-0.76511693,0.78134596,-0.7419111,0.4662487,0.6871787,0.16877536,0.28695863,1.0585536,-0.8032907,-0.30600518,0.13693571,0.56050074,-0.4371038,0.11010224
protein|PRF1,-0.44822827,-0.21617544,0.51818335,0.05551809,-0.33232626,-0.17818595,-0.061738487,-0.22024779,-0.2674555,-0.38490814,0.22710247,0.1843096,0.13623372,0.31634706,-0.28311315
protein|IGHG2,-0.5265125,0.4390835,0.11196725,-0.4070483,-0.46396556,0.20201099,0.0020290485,0.42325115,-0.49320546,0.4504746,0.8928863,0.3946144,0.3105157,0.71902704,-0.0021610546
protein|TRAC,-0.49406454,-1.0773767,0.962671,0.2755825,-0.50298846,0.07190816,-0.28106332,-0.029338773,0.31883183,-0.83367634,0.14389469,-0.7393147,0.15578678,-0.24962553,0.06270385
protein|IGHG4,-0.44997662,0.39635563,-0.009755583,-0.2739656,-0.29603216,0.1451681,0.2853082,0.23216434,-0.29021397,0.454291,0.35956165,0.12243884,0.16018265,0.5671478,0.15289263
protein|CILP,-0.14092688,0.12325055,-0.6213366,-0.483436,0.35673586,0.89127225,-0.31483138,0.574722,-0.58437693,0.006319759,0.16371866,-0.07040346,0.26353222,-0.14416954,-0.5353583
protein|DSP,-0.52094394,-0.17458145,-0.093582,-0.19854856,-0.33590066,-0.06061136,0.70866394,0.35996515,-0.61330867,-0.21328342,-1.2696275,0.57975614,0.2552923,0.2576126,-0.15494284
protein|HEL-S-117,0.038295835,-0.011103499,0.0755108,0.741723,-0.5551159,0.06570268,0.19701424,0.58530647,-0.5137886,-0.3184103,0.14754447,-0.49287,0.034940347,0.54688364,0.07162619
protein|CYB5R2,0.31097862,0.53970766,0.00071397837,-0.3497047,0.715958,0.17316315,0.48017618,-0.31220832,-0.04182336,-0.27743977,-0.7123023,0.26643407,-0.29195362,0.8021807,0.1645466
protein|KRT1,-0.3774731,-0.13531527,-0.15591303,0.18809581,0.06978363,-0.04102355,0.46157527,-0.22106692,-0.9273753,-0.1770728,-0.18285206,-0.15085451,0.051216956,0.5703953,-0.23326088
protein|CTHRC1,-0.7518288,0.3543495,-0.84974205,-0.35957885,-0.3164333,0.72657037,0.0017535066,0.40649182,-0.67694354,0.14848019,0.13340455,-0.34827745,0.0029285525,0.2019597,-0.30935195
protein|CXCL13,-0.055096947,0.04849515,-0.05944795,0.0038731354,-0.5503123,0.25508374,-0.5255899,-0.19468817,-0.6026824,-0.48243782,-0.30701333,-0.05326398,-0.18297698,0.25816277,0.020593071
protein|P01742,-0.5118264,0.36250657,-0.106028594,-0.14807467,-0.55938435,0.18064891,0.45576075,0.08261506,-0.43890995,0.3104837,0.5381988,-0.07592036,0.0016915685,0.6848364,0.14212774
protein|IGHV3-21,-0.49939904,0.19174966,-0.26238564,-0.3611719,-0.4101325,0.18190882,0.108964436,0.01195603,-0.5550232,0.51106983,0.31672814,-0.10650842,-0.0031518058,0.6274875,0.13438323
protein|CCDC25,-0.026313968,0.43798688,0.26222122,0.13539995,-0.15164629,-0.40748683,-0.010348551,0.008563254,-0.4987623,0.39546746,0.70280254,0.55787724,0.19994974,0.19752352,-0.09468806
protein|ITGA2B,-0.62919164,0.258501,0.44560722,-0.16088241,-0.13582459,-0.14637774,0.27498046,0.15281318,-0.79492456,0.30513078,0.24587846,0.5815581,0.2268148,1.029058,-0.28061825
protein|COL6A3,-0.7796113,-0.6515859,-0.57092667,-0.08698349,-0.9878385,0.55610716,-0.12551062,0.15563786,-0.15333655,-0.12044843,0.35880622,-0.76684934,0.2971317,0.53244436,0.113636
protein|FBP2,-1.0360683,-0.4090864,0.0447586,0.38672748,0.1648181,-0.13788594,-0.6299118,0.1104929,-0.17411137,0.023025915,0.06786933,0.011367193,-0.78246164,-0.35239738,0.03350211
protein|SEMA7A,0.12353948,0.13880968,-0.09010827,-0.13456382,0.39766374,0.45889524,0.1394089,-0.6018773,-0.5529008,-0.2979971,-0.035447028,0.3321953,0.045671616,-0.16299176,-0.6186398
protein|LUM,-0.9955881,-0.09446174,-0.47922832,-0.78457695,-0.9010221,1.1259279,0.24806398,0.72245324,-0.26674253,0.09959434,0.13665807,-0.6314765,0.6237319,0.61025184,-0.28607726
protein|ANXA6,-0.09612524,-0.33738235,0.015243826,0.10670383,-0.755704,0.2693763,-0.039930355,0.15889801,-0.14622574,-0.43455684,-0.118114375,-0.33781236,-0.00311499,-0.11188063,0.13225143
protein|HP,-0.27043003,0.8008386,0.2869343,-0.5667498,-0.6188832,0.31146538,-0.14528276,0.6938461,-1.1312253,0.085951045,0.23377183,0.314233,0.3252582,0.7676946,-0.2322455
protein|RRAS2,0.3310261,-0.2440619,-0.9650546,0.06040364,0.506698,0.15530786,0.16396809,0.42006826,-0.23645459,0.64061517,0.106740676,-0.64102215,0.5983625,-0.65621585,-0.17169826
protein|KRT19,-0.47094682,-0.24242477,0.050965067,-0.21002993,-0.52207875,0.1553358,0.4380722,0.25652915,-0.4771176,0.18783955,-1.2099684,0.029793749,-0.019945934,0.21087438,-0.08117463
protein|OSBPL10,0.5769692,-0.13388517,-0.2022933,-0.01227853,0.16501082,0.14789666,0.2919417,0.2939614,0.06450674,-0.13203463,-0.11450191,-0.12644248,0.5496159,0.05743964,0.21898179
protein|VTN,-0.56848854,0.37959635,0.26137018,-0.2744044,0.17126037,0.29569986,-0.4357885,0.35862395,-1.0451024,-0.39155197,0.39223307,0.9514984,-0.08036394,0.86048234,-0.5379168
protein|HMGN1,0.12032227,-0.88870573,0.49025482,-0.44643092,0.55495363,0.70956117,0.20188195,0.575112,0.90544266,-0.5283496,-0.39170864,-0.29875067,0.60993606,-0.6669884,-0.16094601
protein|MDN1,-0.056595955,0.2120532,0.30895978,-0.08395898,-0.139545,-0.38205257,0.24089321,-0.11688648,-0.66572845,0.30372688,0.70231736,0.7339516,0.18626738,0.43778035,-0.24605434
protein|COL5A3,-0.9309237,-0.90099615,-0.137665,-0.4232788,-0.15255213,0.94600433,0.52285975,0.1898468,-0.225576,-0.48836574,0.10818767,0.23438996,0.60392934,0.6433689,-0.6332195
protein|SOD3,-0.32732695,-0.6217346,0.296106,0.0034473483,-0.67745745,0.62808484,0.3359059,0.41413406,-0.3388355,-0.2982648,-0.43882877,-0.67121327,0.47521684,0.2569081,-0.3430846
protein|D9J307,-0.23999856,-0.4904806,0.25147888,-0.020242007,0.16216674,0.5519477,0.39621392,0.2541582,-0.09302852,-0.17906366,-0.04665081,-0.021002505,0.5480984,-0.13243625,-0.64058155
protein|SERPINA3,-0.5540936,1.1622907,0.49572125,-0.5041069,-0.26434246,0.13532819,-0.21810818,0.023811715,-1.276622,0.08651494,0.89073914,0.35027438,0.1066552,0.8187235,-0.19924252
protein|GP2,-0.7700537,-0.597228,-0.39134005,0.20081753,-0.40031388,0.20713294,0.103347465,-0.15126415,-0.42576477,-0.10455417,0.1742715,-0.64959383,0.06855139,0.56109947,-0.078907534
protein|ANXA3,-0.3539504,0.7139601,0.71598434,0.10060441,-0.2788017,-0.477501,-0.014247604,-0.085999176,-1.3228775,0.08216261,0.018771406,-0.06778678,0.050258845,0.18226965,0.11727407
protein|LBP,-0.30147684,0.9360005,-0.19863181,0.004293241,-0.3847516,0.16040555,-0.1610725,0.11414985,-1.3164757,0.026919603,0.5837049,-0.13519421,-0.15115231,0.7712891,-0.0020216915
protein|CHD1L,-0.33164728,0.03187914,-0.32364947,0.0042543844,0.35952213,0.5802138,0.64962137,0.26017383,-0.08521146,0.07937075,-0.1680178,-0.38874358,0.27459565,0.4026025,-0.15988457
protein|CENPV,0.3175666,-0.09337308,-0.0020800943,0.18622582,0.19055185,-0.06192186,0.21615402,0.5334126,-0.22568265,0.047239825,0.03862354,0.12404484,0.4447252,0.07431426,-0.25496197
protein|CD9,-0.1357499,0.017065033,-0.40584484,0.017194739,-0.04623678,-0.36749732,0.2701334,0.55628747,-0.2374932,0.6748108,-0.2690584,-0.25998235,0.38162583,-0.28629902,0.2341201
protein|LRRC15,-0.10127637,0.21324901,-0.6075013,-0.38136908,0.08087566,0.48648328,-0.08833422,0.45835888,-0.5397753,0.19756599,0.0007945564,-0.30027133,0.40888155,-0.09556679,-0.48532534
protein|HSP90AB4P,0.678579,0.947605,-0.59893245,-0.5632146,-0.33709544,-0.40766883,-0.7698672,-0.3830092,0.67516136,0.48519188,-0.009666844,0.39183164,-0.38506633,-0.28504968,0.5463928
protein|HIST1H1D,-0.02203238,-1.155127,1.0232708,0.07707748,-0.042698305,0.41829067,0.043877278,-0.11781933,0.5884795,-0.6305514,0.21339886,-0.46967888,0.5653018,-0.5401851,-0.010820611
protein|CFHR1,-0.2396603,0.48149243,-0.25192574,-0.16073138,-0.72576654,0.37126353,0.013808205,0.31116706,-1.2730526,0.0019246155,0.4782674,-0.04699182,0.31699637,0.5447643,-0.23886655
protein|APOC2,-0.057511948,-0.17320445,-0.8163115,-0.10456362,0.16790524,0.023503806,0.3657827,-0.91782844,-0.23914209,0.21013483,-0.18644099,-0.35306287,-0.40227297,0.17228124,0.4526754
protein|DES,-0.22536941,-0.25280493,-0.097147085,0.15425614,-0.7481812,0.0978634,-0.03292446,0.14563832,-0.4633661,-0.2473813,0.01953888,-0.32984507,0.09742178,0.2948637,0.1596723
protein|ZNF185,-0.5741837,-0.78174824,0.23949437,-0.22693785,-0.036520537,0.47170126,0.48974094,0.5950164,-0.14924975,0.20321132,-0.85939187,0.298139,0.7761965,-0.25364918,-0.88431937
protein|EBI3,-0.02796071,0.099968016,-0.034207836,0.02796559,0.07286477,-0.020964652,-0.429691,-0.4391571,-0.3995131,-0.077916965,0.21745707,0.26951453,-0.23893593,-0.013191471,-0.5072099
protein|HIST1H2AJ,0.34286734,-0.4616141,1.0631623,-0.3803512,0.25920972,0.16239266,0.4414876,-0.028669784,0.677517,-0.48691756,0.14280353,-0.2267118,0.21049097,-0.5503871,-0.020252472
protein|P01717,-0.40706232,-0.1580938,0.2667663,-0.24680658,-0.060870506,0.48730248,0.17393692,0.043722656,-0.10004314,-0.1494073,0.066472605,-0.030630328,0.036579076,0.4230417,-0.25306588
protein|LGMN,-0.6637235,-0.5198318,0.75127685,0.37405607,-0.2955698,0.056260027,0.07001204,-0.05735223,0.87060463,-0.25270823,-0.13173448,-0.3597861,-0.4683035,0.33634493,0.018307824
protein|FN1,-0.91768634,0.3721443,-0.6209865,-0.6648423,-0.15554042,0.63931876,-0.19566318,0.6744924,-0.7941011,0.14625388,0.67395794,0.10506207,0.31400123,0.5959339,-0.44468573
protein|TCL1A,0.31106323,-0.16881278,0.053953603,-0.11366584,0.15951483,0.0060622855,0.4700217,0.097065255,0.21120729,-0.2082941,0.024066024,0.061701722,0.35322958,0.07385149,0.020227209
protein|SPN,-0.6606413,-1.3418986,0.82319355,-0.054406404,0.21584195,0.3667773,0.3881098,-0.0075914958,0.079170644,-0.73791933,-0.09740329,-0.062426567,0.13108587,-0.30062455,-0.2760578
protein|KIAA0907,-0.21251725,-1.0740016,-0.19902155,-0.008366914,0.38190895,0.67823946,0.8336609,-0.40990683,-0.42282373,-0.48902512,0.34433526,0.23068358,0.46668014,0.22662424,-0.48059303
protein|PADI4,-0.3106894,0.4484035,0.9382535,0.3442075,-0.12360408,-0.49426854,0.077588014,-0.15525061,-0.9886128,0.023140877,0.19118813,0.30654,0.104143344,0.33462483,-0.15923652
protein|TAGLN,-0.27457193,-0.1163754,0.096865974,-0.28766197,-0.8876335,0.8136262,0.0043298854,0.33065447,-0.20548224,-0.26474923,-0.09755083,-1.0103706,0.24531303,0.4758358,-0.11755968
protein|HSD11B1,-0.87090325,-0.21228375,0.22387591,1.0359422,0.15061069,-0.48578066,-0.7577485,0.14230752,-0.17003922,-0.5229795,-0.007272874,0.22497673,-0.91237956,-0.12597887,0.2673048
protein|COL12A1,-0.6986329,-0.30200568,-0.5583758,-0.49222106,-0.60885614,0.85773253,0.39929283,0.3313055,-0.40765136,0.0843527,0.35573342,-0.70826286,0.57784927,0.71972984,-0.18353674
protein|SLC4A1,-0.27576703,0.6813483,0.43930006,0.13424684,-0.50665146,-0.4619269,0.4672939,0.19623953,-1.0295175,0.31209365,0.980007,0.317304,0.7490739,1.0887009,-0.28538376
protein|SNX29P2,0.59297585,-0.07048446,-0.2949497,-0.10490787,0.6390573,0.4746433,0.16078426,0.13669528,-0.30339476,0.09966703,0.09506612,-0.09789473,0.67839503,-0.68997264,-0.42549366
protein|A0A6Q8PGN6,-0.35213298,-0.91719687,0.5486929,-0.27468878,0.4321915,0.54696983,0.04640688,-0.0072013703,0.10348895,-0.6763093,-0.44565323,-0.13124661,-0.065706,-0.047808893,-0.47666252
protein|P01619,-0.2308179,0.12947576,0.23119417,-0.10144256,-0.0532823,0.2698373,0.11383896,-0.38084334,-0.47672057,0.105195865,0.24376011,0.15812485,-0.23471187,0.4308156,-0.09300716
protein|HIST2H3PS2,0.35301158,0.33101183,0.32435042,-0.4361316,-0.5197881,-0.17888284,-0.040442616,-0.4366416,0.22091074,0.23409171,0.13021228,-0.6199265,-0.015253497,-0.7975688,0.3164576
protein|IGKV3D-20,-0.33708864,0.33754775,0.2116685,-0.07345456,-0.058398586,0.20046617,0.4049218,0.13720222,-0.40819183,0.1072473,0.16174558,0.15109785,-0.0026593308,0.7253511,-0.09414041
protein|LSAMP,0.4662068,-0.34316966,-0.19205692,0.15126048,-0.5719695,0.6565406,-0.11642621,0.22515118,-0.17062634,-1.0635859,-0.39596623,-0.42417622,0.45188653,-0.051348753,0.32283163
protein|IGKV3D-11,-0.4694406,0.32509947,0.28729272,-0.12182815,-0.10749082,0.2401644,0.17543536,-0.06294253,-0.8156167,-0.10442874,0.5880846,0.27792174,0.15724523,0.7297735,-0.3485877
protein|S100A16,-0.7112283,-0.6866514,-0.008326671,-0.3239478,-0.51846445,0.719017,0.65306365,0.48922604,-0.47916603,-0.14796874,-0.4741513,-0.067890145,0.5275001,0.36827272,-0.5777675
protein|HLA-DRB3,0.39377332,0.055023108,-0.016118351,-0.28697357,0.36114904,0.044479564,0.028777672,-0.23342447,-0.053570535,0.1301847,-0.21795185,0.16005793,-0.060130686,-0.40503877,0.16173603
protein|AQP1,-0.19273034,0.022657864,0.257148,0.5744725,-0.98936224,-0.18593873,0.81118727,0.25357673,-0.45890266,0.06079363,0.6669662,-0.19275968,0.72009254,0.90060186,0.21161298
protein|PRELP,-0.6032224,-0.5048598,-0.20859642,-0.3440676,-0.65915227,0.7873326,0.73014337,0.5151539,-0.22449698,0.09268009,-0.015985863,-0.70815223,0.8404886,0.44196978,-0.27992728
protein|MX1,-0.25031248,-0.31801826,0.17643435,0.34690788,-0.0854657,-0.601077,-0.052833244,-0.5796747,0.07208859,0.05421394,0.19425505,-0.29473588,-0.41002703,-0.13821584,-0.229356
protein|APOA2,-0.5451186,0.42171583,0.4148461,-0.3721498,-0.17687665,0.14797592,-0.1658002,0.91284865,-0.51952374,0.23988877,0.52592295,0.4017021,0.398199,0.2804141,-0.5378454
protein|IGHV4-61,-0.41371363,0.30983546,0.13527228,-0.07471946,-0.2920005,0.12619497,0.06514684,0.15267292,-0.14900687,0.1832703,0.29180723,-0.009063725,0.17024592,0.5565593,0.26858562
protein|MZB1,-0.03117155,-0.0036193328,0.31516436,-0.2372236,0.0678321,0.030259458,0.5014096,0.018568847,0.37516558,0.018741254,-0.3353076,0.17612804,0.04444199,0.38953903,0.2741484
protein|P01714,-0.2541319,0.028341157,0.4535866,-0.109540604,-0.10340576,-0.18461354,0.35334876,0.19250862,-0.23558432,0.03489494,0.22782329,0.33197993,0.18183362,0.635337,0.0647469
protein|CD19,0.48453975,-0.029653752,0.17510025,-0.36279228,0.33991197,0.32853633,0.27366656,-0.46185893,-0.5382529,0.16395628,0.12069785,0.32863337,0.64951736,-0.3481805,-0.6987696
protein|HNRNPD,0.19867061,-0.5233119,-0.5771018,-0.6358023,0.26121652,0.58013296,0.4008836,-0.6023908,0.55758643,-0.42621118,0.015339925,0.19112912,-0.051672023,-0.25447637,-0.11951557
protein|IGLL5,-0.65468717,0.14266853,0.39200336,-0.4323482,-0.32717142,0.3807222,0.24991333,0.45318958,-0.18483506,0.17032158,0.41072884,0.40447557,0.27874547,0.6439025,-0.12237537
protein|IFIT1,-0.20845847,-0.3766364,0.678613,0.11510297,0.16103391,0.088931836,0.2767784,-0.6079425,0.24767019,-0.08385141,-0.014134992,-0.8133771,-0.4119399,-0.27720982,-0.0010713952
protein|AK1,-0.37075418,0.4665029,0.5169492,-0.06861129,-0.471015,0.094816364,0.40992182,0.46374393,-0.73204494,0.1531649,0.042130183,-0.07678314,0.38608727,0.72788113,-0.21575285
protein|FBN1,-0.7267486,-0.59778893,-0.28171492,-0.47572595,-0.7739711,1.0145909,0.04630376,0.66255695,-0.2662279,-0.08729081,-0.10602365,-0.5391485,0.579534,0.1656245,-0.3686141
protein|GBP1,-1.1691474,-0.80819064,0.22913033,0.56767726,-0.39660135,-0.6235994,-1.0477053,-0.5055447,0.41173843,-0.31625196,0.44368112,0.08026404,-1.1041138,-0.26413316,0.095614694
protein|MRC2,-0.50253594,0.024748161,-0.6830989,-0.5798789,-0.30771258,1.1597557,0.050215263,0.5167724,-0.4447881,-0.007287982,-0.29066786,-0.34670407,-0.021634927,-0.05035155,-0.57747304
protein|SLAMF1,-0.114124164,-0.3488831,0.28339267,0.44339636,0.37599638,0.16040543,0.22297071,0.34117952,-0.2784481,0.36297575,0.22854033,-0.35302085,0.32882276,-0.8505201,-1.0333472
protein|IDO1,-0.9576254,-0.7073993,0.47780734,0.3370632,-0.122979656,-0.7923084,-0.6382023,-0.28408873,0.022835312,-0.2505073,0.27928928,0.09606798,-0.6988736,0.035193894,0.020607824
protein|C1QB,-0.98150414,-0.25598416,0.16859981,0.6031399,-0.2584619,-0.2593177,-0.5237755,-0.07782438,0.1335088,0.14761095,0.93560696,0.31248292,-0.6308247,0.58321166,-0.112912655
protein|SLC29A1,0.2790727,0.40227196,-0.399911,-0.36868763,0.22355773,0.34701613,0.075932615,-0.06941481,-0.2661684,0.6719212,0.17831212,0.40812778,0.28455818,0.050980408,0.08034422
protein|DPT,-0.7502245,-0.38843858,-0.7806739,-0.27897722,-0.6830861,0.74088067,0.59335786,0.28547624,-0.5070536,0.24686177,0.28764462,-0.5203851,0.44368553,0.54813534,-0.3340977
protein|TOR1AIP1,0.011801453,-0.59272933,0.12904307,0.2572148,0.26538053,0.15242817,-0.111113556,-0.021210512,-0.09929387,-0.5946154,-0.16237849,0.059816465,-0.18748876,0.17480582,-0.25308838
protein|RCN3,-0.7113342,0.100923836,-0.35976642,-0.60255843,-0.135218,0.84506106,0.30997637,0.17234392,-0.5564992,0.006716861,-0.24271286,-0.14433514,-0.0039649946,0.30731228,-0.6846633
protein|FBP1,-0.98399174,-0.32548124,-0.027829967,0.6839647,0.26861373,-0.04882149,-0.3565386,0.56767714,-0.36919016,-0.146506,-0.015101283,-0.08878549,-0.8122265,-0.20312427,0.039817657
protein|HIST1H1A,-0.4144424,-0.23886186,0.26131856,-0.06363995,0.19363643,0.0067001386,0.5656524,0.025028517,0.33236745,-0.07735224,-0.25196907,0.123639025,0.23714234,0.03382161,-0.22833733
protein|CHIT1,-0.6865286,-0.49915397,-0.1556123,0.19796702,0.17537637,0.0043957247,-0.578508,-0.048411958,-0.67575246,-0.23540902,0.18351516,0.3044593,-0.35344338,-0.39755842,-0.061745577
protein|FHL1,-0.15131527,0.008992709,0.004819282,-0.06886799,-0.8465497,0.19297461,0.16798735,0.30160943,-0.18195795,0.02174056,0.016921518,-0.2878552,0.61542314,0.27773964,0.11484871
protein|C6,-0.34772864,-0.020269476,0.13262686,-0.24275233,-0.23208518,0.34838238,0.31539336,0.5377753,-1.1626593,0.10711951,0.47428077,0.19799566,0.45268273,0.8645155,-0.5747406
protein|ATP1B1,-0.7157457,-0.18682677,0.19424419,0.02591893,0.26521832,0.12014206,0.007813992,0.4141941,0.027536342,0.009864768,-0.44881028,0.06539089,-0.34883568,0.11500995,-0.15888265
protein|C5ORF51,0.29633856,-0.45538267,0.113493964,0.0375866,0.5415796,0.3428293,0.7025212,-0.1300054,-0.18779464,-0.40282413,-0.12925923,-0.056587182,0.026380677,-0.03833647,-0.40372673
protein|ORM1,-0.17768724,0.923746,0.83328325,-0.49605596,-0.036859017,0.18651173,-0.31125265,0.24761844,-0.749052,-0.22813384,0.17013161,0.6247349,-0.014036969,0.29748106,-0.5530786
protein|DVL3,-0.015757995,-0.69858927,0.22026564,0.22926956,0.7527736,0.31785953,0.87984914,-0.2600218,-0.18819757,-0.60790604,-0.13210417,0.05824559,0.14278059,0.2950346,-0.385245
protein|TPM2,-0.0103579,-0.15921363,-0.21044056,-0.05551276,-0.22786148,0.10350097,0.36407197,0.29923198,-0.17223008,0.020947045,0.09656545,-0.61027175,0.3317363,0.6806768,0.52332705
protein|HIST3H2BB,-0.19883066,-1.0931084,0.47215185,-0.102050684,0.61167634,0.32142624,0.8009496,-0.56706977,0.098159276,-0.5787908,0.022284852,-0.057315964,0.02563239,-0.21453997,-0.2698012
protein|PAFAH1B3,-0.58332896,-0.37880138,-0.22254802,-0.399662,-0.2826929,0.42303747,0.7220541,0.26989907,0.0107070925,0.108430706,-0.1953979,-0.17667745,0.42835724,0.48262542,-0.31965527
protein|FAM129C,0.505357,-0.007403149,-0.2574665,-0.30686635,0.36430705,-0.23002246,0.32764873,-0.3116042,-0.060565725,0.0024164065,-0.42844614,0.44416347,-0.011751026,0.018591614,0.15309638
protein|APOC1,-0.46853966,0.36718562,0.4291726,-0.33975875,-0.01931697,0.16892263,0.022278108,0.6393539,-0.5304356,0.043101232,-0.05331306,0.06764907,0.15151192,0.5628883,-0.53533274
protein|OLFML3,-0.011596793,-0.7751506,-0.10647618,-0.009449319,-0.6354179,0.7978256,0.34849927,0.26334628,-0.3952501,-0.4629226,-0.106589094,-0.838263,0.624542,0.038246658,-0.3808938
protein|CNN1,-0.3541497,0.11747086,-0.13567238,-0.3946723,-0.7958188,0.54720604,0.17276956,0.42117178,-0.2887789,-0.048808012,-0.010224444,-0.6201995,-0.11028417,0.4828709,0.024788074
protein|HDHD2,0.41384697,-0.22061278,0.54347557,0.066405535,0.40574306,-0.3206756,0.24179003,-0.18985233,0.24104856,0.07941186,0.093731284,-0.4030333,0.0914135,-0.43787217,0.0064387303
protein|XIRP1,0.16883093,-0.9043167,0.4442618,0.07306397,0.7420914,0.1910743,1.0893232,-0.78698903,-0.13210881,-0.43675056,0.038393166,-0.27152997,0.39587554,-0.22133444,-0.33130038
protein|H1F0,-0.38451418,-0.827014,0.7359633,0.24322993,-0.060453806,0.45427507,0.14648281,0.6480076,-0.08316058,-0.31888792,-0.54269487,-0.6262849,0.2818009,-0.18834569,-0.34848908
protein|STMN2,0.54094505,-0.11090979,-0.6753531,-0.82346296,0.4468344,0.11325387,0.07679568,-0.22934487,0.41440198,0.08840243,-0.08615378,0.7362391,0.36055377,-0.6054296,-0.12348094
protein|PLBD1,-0.2143541,0.61671114,0.7007405,0.08966077,0.08587559,-0.44302857,0.24259572,0.22447489,-0.63604873,0.10901744,-0.02047274,0.39316353,-0.39738053,0.6615509,-0.03162733
protein|COL4A2,-0.8943077,-0.8146557,-0.28977585,-0.06461025,-0.52474743,0.8441492,0.690156,0.2989422,-0.29466465,-0.2943074,-0.026747147,-0.09564547,0.60642916,0.84806067,-0.42847472
protein|COMMD2,-0.15774928,0.034845058,-0.19804758,0.07219339,0.16486329,-0.45188683,0.17250465,-0.502705,-0.45424375,0.07644236,0.20209952,-0.13446414,-0.4751948,-0.12919497,0.16283466
protein|GOLGA6L22,0.21993454,-0.39444202,0.717999,-0.05846932,0.15756936,0.46405128,-0.2579461,0.24649571,0.22263342,-0.6631487,-0.6352409,-0.25666523,0.19328554,-0.394115,-0.21895865
protein|UGT2B15,0.5535133,0.39010155,-0.54469657,0.75151974,0.1703647,-0.41868383,0.07346401,0.58354723,0.5915553,-0.069882065,-0.8173438,-0.52740943,-0.80027664,0.06717714,0.54986286
protein|PLG,-0.696371,0.46822882,0.3614347,-0.46414402,-0.04941486,0.22505909,0.10748685,0.62191063,-1.2497193,-0.10856362,0.6711482,0.7324796,0.53260607,0.8608564,-0.4594015
protein|ITIH4,-0.2729918,-0.1846815,0.5788245,-0.14116612,0.12807372,0.64084256,0.4348855,0.14591442,-0.6402524,-0.35230428,0.4035857,0.3773357,0.5122087,0.5171517,-0.68664974
protein|IGHG3,-0.6695566,0.31342095,-0.023250716,-0.24431236,-0.58641994,0.3461852,0.21332884,0.39125896,-0.33147803,0.20933408,0.6315236,0.10559347,-0.012945342,0.68289334,-0.04567366
protein|GPNMB,-0.7634986,-0.55471075,-0.6144808,-0.22855628,0.3663369,0.32003075,-0.3077088,-0.2255323,-0.1259102,-0.18077464,0.19652736,0.5413384,-0.52359915,-0.17949708,-0.6684486
protein|TREX1,-0.050209712,-0.50173753,0.039767988,0.008850571,0.22254376,0.3081173,0.6793474,-0.38796914,0.01239026,-0.39095318,-0.2037562,0.02365787,0.034273587,-0.08749853,-0.42948812
protein|CD8A,-0.68415713,-0.91609395,0.28181168,0.1497776,-0.29422995,0.0049195806,0.13747612,-0.056750547,-0.19950312,-0.23597503,0.29563168,-0.09103626,-0.14510465,-0.23493774,-0.01268602
protein|CKB,0.14987026,0.11898534,-0.237059,-0.1285098,0.5749387,0.010002112,0.053061564,-0.023544563,-0.55975354,-0.089054435,-0.3400549,0.3980875,-0.18640995,0.010836562,-0.25730205
protein|WWC3,0.1829124,-0.5731611,-0.27040842,0.052363094,0.34998327,0.3476903,0.37834138,-0.20408708,-0.16909893,-0.18085155,-0.13684794,0.039242584,0.01995643,-0.26712736,-0.56586325
protein|PIN4,0.3750843,-0.49344054,0.40743712,-0.52004844,0.56203216,0.47773027,0.33828244,0.14018635,0.76677626,-0.38645244,-0.6139522,0.26441336,0.48492646,-0.35511708,-0.2943507
protein|GBP5,-1.0877851,-0.74413514,0.3337257,0.6688346,-0.21207154,-0.7203231,-0.73447657,-0.5168994,0.40983766,-0.13663785,0.49203748,0.06535415,-0.999613,-0.11096876,0.1365449
protein|FCRLA,0.2176091,-0.37383685,-0.19729592,-0.19246963,0.43624216,0.03891069,0.27698794,-0.08334053,0.41527387,0.3028887,0.12903875,0.098763466,0.26347655,-0.11859836,-0.032241076
protein|HIGD1A,0.111056745,0.13540824,-0.8112329,0.49527043,0.06323468,0.67699,-0.040699802,0.41058865,0.08797965,-0.1276475,-0.560461,-0.23607078,-0.35598946,0.4411431,-0.2922055
protein|LIPA,-0.18638986,-0.50687385,0.2177574,0.33811277,-0.11851025,-0.40571368,0.13863872,-0.584646,0.42291734,-0.18781261,0.10807116,-0.5123658,-0.6592828,0.26813722,0.24146508
protein|A0A0G2JL54,-0.39109161,0.77904123,-0.022862863,-0.19063772,-0.3167105,-0.2190385,-0.27295166,0.3189232,-0.56107706,0.28084984,0.53296876,-0.24375917,-0.05886878,0.5240193,0.14353012
protein|HNRNPA1L2,0.3126887,-0.5256033,-0.3943835,0.04073244,1.0431205,-0.08863072,1.0366129,-0.66644424,-0.07391883,-0.22597824,-0.027690293,0.21987654,0.005064104,0.324379,-0.23282468
protein|FAM65A,-0.29800203,-0.51746184,-0.23260595,0.064273015,0.27858952,0.108533435,0.22214904,0.23654824,-0.47446468,-0.3014169,-0.624454,-0.090313315,-0.092902884,0.31052724,-0.29417476
protein|A0A7I2V334,-0.00090888614,-0.42470458,-0.09888977,-0.26533476,0.5753634,0.55147815,0.35031292,0.07311533,0.12277318,-0.5095859,-0.27658847,0.57089937,0.12732735,0.061060008,-0.5043432
protein|CA2,-0.26230815,0.6466373,0.5791314,0.06760605,-0.23007922,-0.4016808,0.19447795,0.52485114,-0.64641106,-0.10276107,0.34396785,0.36630177,0.4210262,0.9118706,-0.10312525
protein|BASP1,0.17657347,0.18098123,-0.13341117,-0.7330991,0.33943847,0.78278387,-0.45403334,0.45001402,0.04151708,0.069783114,-0.31419894,0.19235536,0.6416904,-0.7670685,-0.57337
protein|CLU,-0.33555567,0.03671245,0.3281133,-0.10046518,-0.021121643,0.37264606,-0.62012696,0.33087146,-0.83806807,-0.77191305,0.46468568,0.7750751,0.16525003,0.5368893,-0.45226178
protein|LUZP1,-0.038813725,-1.0987918,0.10821602,-0.05071812,0.5882567,0.3927416,0.8758985,-0.52827424,-0.079655424,-0.7191031,-0.03722326,-0.08530329,-0.11751105,-0.21067609,-0.4545076
protein|CD163,-1.1696181,-0.46289173,0.17776108,0.116924174,-0.28705466,-0.12974069,-0.24781622,-0.036222473,0.24075459,-0.15044013,0.3456804,0.5424738,-0.54746646,0.7523588,-0.31742057
protein|LYZ,-1.0526996,-0.06529709,0.40347344,-0.05278383,-0.017871542,-0.08472579,-0.23810276,-0.13027695,-1.0444278,-0.34996566,0.061263938,0.56333536,-0.4581055,0.011775136,-0.5013122
protein|SERPIND1,-0.5139484,0.7729304,0.042492416,-0.47034374,-0.73597467,-0.18566744,0.0029437942,0.5559916,-0.9727968,0.48451987,0.66344064,0.1612917,0.3879819,0.67663723,-0.13188246
protein|MMP2,-0.6520683,0.13495307,-0.6505501,-0.376823,-0.22815236,0.5979796,-0.058173526,0.14397262,-0.89224154,-0.14016706,0.22345543,-0.13092442,0.07572776,0.37560657,-0.34021154
protein|HLA-G,-0.031549618,-0.4454813,0.45455536,-0.042285647,0.4428551,-0.5095052,0.2077629,-0.3597467,-0.21386467,-0.24955542,-0.17834777,-0.10059523,-0.40821728,-0.3803268,-0.10511015
protein|CD83,0.110434435,-0.2504486,0.109361656,0.022125129,0.8286554,-0.05507717,0.19457583,-0.088633664,0.1463316,0.24219508,-0.07308461,0.15160191,0.108311236,-0.44454226,-0.66268975
protein|CRYAB,-0.20147125,-0.028900037,-0.1310401,-0.36422643,-0.11450733,0.31822217,0.30380344,0.04084623,-0.38143125,0.03449979,-0.42404905,-0.05029429,0.24518092,0.037047196,-0.10548528
protein|CES1,-0.7015896,0.03813245,-0.41332594,0.7001898,0.48819408,-0.08809486,-0.21343489,0.7224185,-0.67931306,-0.12752219,-0.5409751,-0.10467663,-0.84458834,0.27198833,0.100611106
protein|TPM1,-0.21346335,-0.20628542,-0.5450743,-0.07572551,-0.92990035,0.51250124,0.27852827,0.5812918,-0.43875626,0.011780883,0.06843943,-0.92890203,0.52131444,0.79980266,0.2688218
protein|CD37,0.9241545,0.38878274,-0.6117519,-0.41590622,0.49744225,-0.052309062,0.23232634,-0.36946872,-0.07059606,0.42014608,0.16590036,0.050752122,0.36268222,-0.24053545,-0.16336417
protein|MEF2B,0.07747359,-0.22029099,-0.40741864,-0.067779146,0.78961974,0.19038245,-0.032074973,0.0438274,0.18817157,0.26630148,-0.20747477,0.17580996,0.30182052,-0.4655299,0.13457073
protein|MS4A1,0.60148567,0.39812294,-0.4387185,-0.2069474,0.4177276,0.03766037,0.022351041,-0.17921042,-0.26565722,0.82066154,0.027073542,-0.3272907,0.30210003,-0.7056546,-0.22422917
protein|PADI2,-0.4914541,0.09337892,0.026561229,0.42792642,0.25906777,-0.40351155,-0.28714085,-0.26615447,-0.3994884,0.31649345,0.16884422,0.030919958,-0.35178596,-0.35907567,0.042842288
protein|VCAN,-0.58119434,0.24515331,-0.35851768,-0.42118555,-0.51241547,0.93972445,0.34753266,0.4246898,-0.32637855,0.3888747,0.33991855,-0.444229,0.39387494,0.5484009,-0.50128156
protein|FAS,-0.18522097,-0.12543921,-0.20699911,-0.0491386,-0.3393953,0.14972743,-0.1248597,-0.25491157,-0.37044957,-0.12135339,0.23701881,-0.1502926,0.095670216,0.09671177,-0.4180466
protein|CADM3,0.191972,-0.5670209,0.68444395,-0.3763455,0.5811672,0.5171943,0.4674413,-0.080403745,0.16893391,-0.40264753,-0.19617376,0.043267105,0.29956225,-0.3423725,-0.371468
protein|ARID3A,-0.09193707,-0.065771244,0.1643126,-0.22865742,0.07954958,0.21408601,0.455017,-0.84910554,0.25564027,-0.32391185,-0.30884922,0.56648254,-0.23458718,0.26516968,-0.113702804
protein|PFN2,0.14474039,-0.41386592,-0.31857646,0.02949647,-0.075847924,0.5829159,0.47348878,0.35862818,-0.13678078,-0.34852478,-0.41893068,-0.53195465,0.41180253,0.13677756,-0.1619937
protein|CD40,0.056700356,-0.0847232,0.07520758,-0.14958811,0.6261348,0.3293097,-0.25744674,-0.06390485,-0.10349359,0.19044158,-0.24268325,0.120736174,-0.17511484,-0.68158793,-0.85676247
protein|MFAP2,-0.52005607,-0.3445538,-0.38646612,-0.42661452,-0.6630511,0.9281727,0.1819724,0.4409477,-0.50227576,-0.02625144,0.030065557,-0.79627144,0.45225617,0.42322972,-0.2422503
protein|BGN,-0.8246923,0.023411883,-0.55508244,-0.50836605,-0.48545644,0.8945697,0.24569435,0.7793528,-0.31384945,0.10272846,0.18084024,-0.609043,0.49320248,0.7407792,-0.24807893
protein|C8ORF33,0.068130426,-0.15289943,-0.2585623,0.46377474,-0.045584835,0.31059614,0.51696575,0.3490391,0.1873379,-0.13227272,-0.2801788,0.35734352,-0.092704214,0.13069592,-0.2594954
protein|IGHV3-72,-0.6141993,0.2632927,-0.041415498,-0.40977374,-0.56171376,0.36783415,0.28501552,-0.05319788,-0.561805,0.4019066,0.2496332,0.07026616,-0.038914677,0.51301926,-0.21101618
protein|COL7A1,-0.33849606,-0.40810454,0.09769565,-0.41008785,0.08399232,0.24685934,0.7142018,-0.3421923,-0.26586166,-0.35664624,-0.5991552,0.20338279,0.14331204,0.2713733,-0.15447016
protein|DSC2,0.030520957,-0.53211063,0.38551873,-0.18298784,0.26584715,0.45616886,0.6777567,-0.19436257,-0.15515392,-0.24563695,-0.7288308,0.04414431,-0.17575845,-0.252545,-0.62431204
protein|CD99,0.035412747,-0.6744393,-0.13442224,0.0881014,-0.35278878,0.6017111,0.11864154,-0.011051332,-0.22520359,-0.41457903,-0.36604634,-0.5266506,-0.047597263,-0.4665731,-0.42968962
protein|ENAH,-0.27318776,-0.31144166,0.36242232,0.11977848,0.32940862,0.4750632,0.675061,0.16356187,-0.41079035,-0.42554858,-0.14468713,-0.79370934,0.017696057,0.4230724,-0.53533316
protein|GRHPR,0.61636645,0.6142187,-0.40067714,-0.022013878,0.6347683,-0.21622413,-0.16867374,0.25956848,-0.03646547,0.3626364,-0.16561598,0.18401498,-0.04499903,-0.5026761,-0.20080855
protein|HMGA1,0.34868643,-0.43978232,0.44584948,-0.6492931,0.77117807,0.6838526,0.36061257,0.22869456,0.5895665,-0.3720873,-0.4028464,0.3950669,0.3838221,-0.5182181,-0.5414373
protein|FKBP10,-0.62623864,0.291629,-0.0894175,-0.33491948,0.014850048,0.26498878,0.14118546,0.07072837,-0.47380552,-0.13179429,0.055343106,-0.02690908,0.1502705,-0.13610297,-0.26932898
protein|KRT18,0.032998107,0.1973124,0.12316047,0.8417614,-0.10231153,0.2309496,0.16229989,0.89687115,-0.57892656,-0.3572682,-0.87085336,-0.2909277,-0.22635505,0.43873587,0.030566081
protein|C1QC,-0.91582036,-0.15045209,-0.10454561,0.6720334,-0.40225896,-0.08612462,-0.2999423,0.16550665,-0.010960125,0.25654736,1.0066953,0.2728529,-0.4077276,0.6651291,-0.15838107
protein|ATP5G1,0.31646,0.08194687,-0.26501054,0.026664082,-0.6493986,-0.26387504,-0.5756477,0.47688767,0.7118387,0.25308514,0.13602272,0.14786267,0.17570409,-0.10003853,0.1251363
protein|CRIP1,0.023071421,-0.7687705,-0.13073319,-0.2352598,0.21454719,0.30708045,-0.061314892,-0.44458386,0.117277,-0.56364703,-0.58368236,-0.052712128,-0.163871,-0.7838263,-0.19513598
protein|CD36,-0.2489701,0.20899168,0.1372457,0.008221118,-0.040890116,0.08459356,0.23286873,0.19709502,-0.34962177,-0.09965594,0.48751828,-0.31690076,0.2756757,0.96092325,0.06528304
protein|HIST1H1C,0.052405193,-0.891312,0.635314,-0.16966067,0.0038914059,0.48556256,0.22807232,-0.069000304,0.4558309,-0.44441465,0.1509603,-0.04144236,0.6401961,-0.318245,-0.112977125
protein|C18ORF25,-0.0008315458,-0.37586144,0.41402864,-0.47142163,0.5868337,0.33230093,0.4344442,0.33413118,0.48763463,-0.58000743,-0.42336813,0.5092101,0.2792653,0.15878369,-0.017784515
protein|LTBP2,-0.18508665,-0.23732314,-0.26218212,-0.29257408,-0.1488361,1.0453384,0.25570586,0.7288717,-0.3358351,-0.13063677,-0.17037052,-0.40893167,0.7028458,0.15832074,-0.6138566
protein|FAM26F,-0.38314167,-0.5016367,0.14592001,0.7041295,-0.3460379,-0.534799,-0.30795217,-0.65390295,0.0892211,-0.16693005,0.2640873,0.047204275,-0.9213542,0.17246681,-0.018188618
protein|H1FX,-0.29819587,-1.2446136,1.0124048,0.2216641,0.11518397,0.22783053,0.15952383,0.13879208,0.240123,-0.4799655,-0.03670291,-0.45081985,0.37172958,-0.49413952,-0.3680887
protein|PHGDH,0.0076949783,-0.09951726,-0.8273295,0.1302078,-0.044242132,0.3905121,0.71158636,-0.041323237,0.035757653,0.10677421,0.18843429,0.18118839,0.44330677,0.45170304,0.0002593417
protein|SLC2A1,-0.13028215,0.7231187,-0.24347591,0.082427494,-0.22814445,-0.40580824,0.13396524,-0.09141009,-1.0990809,0.5510081,0.8966052,0.2766182,0.47320092,0.65405136,-0.05573195
protein|IGHG1,-0.5877926,0.26062605,0.021679888,-0.23836331,-0.41068894,0.23308642,-0.021542305,0.28078938,-0.4368522,0.32244286,0.693802,0.20627502,0.21862447,0.8072787,-0.00031416691
protein|D6RBQ9,0.24670082,-0.07298936,0.30093753,-0.43804753,-0.29608637,0.5325974,-0.48512542,0.55867726,1.0837852,-0.217261,-0.38496986,0.07960182,0.3666308,-0.62584376,0.1043819
protein|S100A13,0.23057054,-0.10660389,0.6054854,-0.27527446,-0.6429841,0.2726252,-0.23273118,0.18028933,0.073928535,-0.6100649,-0.6940407,-0.6157853,0.1456384,-0.27772292,-0.058809455
protein|OLFML1,0.026044402,-0.34131637,-0.33723107,0.15092446,-0.9669633,0.29290855,0.12571327,0.3239119,-0.43267614,-0.13486896,0.24532476,-0.7682326,0.7626268,0.3370636,-0.058261726
protein|PSTPIP2,-0.6510558,-0.45079675,0.21021748,0.5075055,-0.1352388,-0.34055454,-0.6088047,-0.29866806,0.17958161,-0.17088746,0.47302282,0.19062167,-0.8628183,0.0008353669,0.11369885
protein|APCS,-0.41414648,0.34197685,-0.24148987,-0.1100521,-0.8412704,0.08739417,0.34926048,0.39005122,-0.8985425,0.19428125,0.4094837,-0.25226474,0.31239533,0.6077952,-0.12645945
protein|RNASE3,-0.21718992,0.2834254,1.0898669,0.19066142,-0.3448263,-0.0035272792,0.13472559,-0.20459715,-0.90417606,0.020199846,0.05854099,0.04943348,0.036770225,0.19002114,-0.030900152
protein|COL14A1,-0.34974045,-0.4119715,-0.21421187,0.005323176,-0.9376712,0.8394963,0.36799031,0.41207573,-0.31218484,-0.23090772,0.30857852,-0.8740897,0.5341716,0.699512,0.08463409
protein|GIMAP7,-0.36835355,-0.64137274,0.7715126,0.5479503,-0.6552903,-0.2849371,-0.4901086,-0.5278001,0.2202917,-0.40621775,0.25043213,-0.8620176,-0.5166458,-0.40577763,0.41061386
protein|AIF1,-0.82901305,-0.6390647,0.872906,0.19988213,-0.12944226,0.039006013,-0.44793612,-0.394307,0.31112447,-0.544448,0.0117637105,-0.15623438,-0.6601661,0.023345564,0.034484867
protein|CD300LF,-1.0171727,-0.7852055,-0.10488996,0.38034838,-0.36394936,0.44936875,-0.34694844,-0.23136939,-0.14269407,-0.24611081,-0.12071807,0.017338717,-0.37030202,0.079522856,-0.15358262
protein|STAP1,0.35535648,-0.108905494,-0.30716076,-0.14406364,0.32558993,0.11913342,0.20968662,0.046478774,0.21142371,0.579089,0.2028811,-0.39204195,0.5939142,-0.68989956,-0.156773
protein|CTSK,-0.5391294,-0.34214076,-0.9628475,-0.4938126,-0.17578377,0.6189571,0.07127652,-0.28055134,-0.66126984,0.02306486,-0.3723079,-0.2187549,0.12698556,-0.55087525,-0.046983317
protein|APOL3,-0.59406215,-0.8891512,0.15679659,0.54712754,-0.16670275,-0.47185796,-0.536269,-0.40885112,0.13558187,-0.4257494,0.016317256,-0.017219238,-0.7829226,-0.23176745,0.039443884
protein|CR2,0.6041503,-0.14428772,-0.10645843,0.051884208,0.002928728,0.3909185,0.078583926,-0.18878894,-0.51312256,-0.555341,-0.05853371,-0.30341667,0.49305937,-0.24961102,-0.08611504
protein|AKNA,-0.06516889,-0.12532188,0.15533808,0.2295391,-0.34133267,0.12585966,0.27084053,-0.029312024,-0.27946058,0.042229794,0.25936732,0.26160967,0.06364875,0.4715229,-0.070565954
protein|PTMS,-0.3822741,-0.5425262,0.8275624,-0.17405985,0.0021614216,0.73677933,-0.17035536,0.51982707,0.40546736,-0.804157,-0.7137055,0.2519959,-0.04171363,-0.3935606,-0.4410775
protein|IGKV1-5,-0.5840003,-0.14484324,0.33895952,-0.27955163,-0.36187363,0.55448705,0.17534713,0.089079894,-0.26208255,-0.06133484,0.3235122,0.14809039,0.30741987,0.56607985,-0.38596433
protein|TRBC2,-0.17423294,-0.62492585,0.6135767,0.6047654,-0.46566996,-0.4297826,-0.058995526,-0.25790936,-0.037414327,-0.40129328,0.40187088,-0.880621,-0.29786694,-0.20038992,0.24891348
protein|BST1,-0.7988529,-0.23916364,0.70431805,0.088359036,0.028898189,0.16871472,0.23412707,0.0636151,-0.6702937,-0.5274792,0.5712278,0.17097887,-0.037085038,0.39990243,-0.5584926
protein|ALDH1A1,-0.6491918,-0.296654,-0.09506162,1.1675372,-0.14738789,-0.60222405,-0.69114083,0.46674412,-0.19133031,0.06906388,0.21428788,-0.22434278,-0.9181289,-0.14681599,0.14975663
protein|TGOLN2,-0.2275018,-0.33417434,0.055811737,-0.3689859,0.14981565,0.7014185,0.11827365,0.30681145,0.19038968,-0.5983636,-0.37247667,0.048859194,0.25209096,0.00228198,-0.3694975
protein|H7BYY1,-0.23450941,0.053640317,-0.3407116,0.35033488,-0.62002945,0.3305883,0.18024246,0.68481135,-0.66901475,-0.019025473,0.13202877,-0.6848362,0.19151528,0.759562,0.03873889
protein|GPD1,0.23444429,0.17604625,-0.36001492,0.5910949,0.2108231,0.2307409,0.34218237,0.2968756,-0.19182184,-0.22435442,-0.16887374,-0.20590931,-0.39775014,0.6875675,0.002451952
protein|IRF4,0.20131116,0.29858696,-0.16466849,-0.633782,-0.068712,0.2968906,0.2184797,-0.40245426,0.4692086,-0.055786528,-0.39534736,0.45119417,-0.15089223,0.70893717,0.37762713
protein|ITGB5,-0.4427482,-0.35104963,0.38886508,-0.16661452,0.2513707,-0.056246936,-0.5456506,-0.38774046,-0.41419044,-0.69923735,0.06929204,-0.4251989,-0.4569115,-0.33388808,-0.21376626
protein|CDK13,0.20921862,-0.53208154,-0.042052962,0.095115766,0.7790405,0.36618745,0.28602603,-0.23949939,0.4584133,-0.35767785,-0.009105127,0.2845259,0.07200742,-0.28136483,-0.52681524
protein|PLXDC2,-0.78580666,-0.63620865,-0.25339755,-0.22793818,-0.27247724,0.91668713,0.6500753,-0.05192263,-0.18471296,-0.019059405,-0.11827764,-0.29311913,0.27591318,-0.09788267,-0.6528232
protein|CTH,0.055714726,0.5622174,0.05565002,0.59742445,0.14437169,0.41027138,0.04060769,0.37661314,-0.20739432,-0.3401076,-0.33114702,0.43435422,-0.37836415,0.71880955,-0.08187667
protein|TIMP1,-0.58460265,0.63579553,0.24078374,-0.44362602,0.5677071,0.4046544,-0.005720838,0.2595598,-0.63712806,0.018521404,0.09695013,-0.15351121,0.01479803,0.37358487,-0.23937598
protein|FBLN2,-0.405737,-0.3837569,-0.74461365,-0.536983,-0.47875848,0.8557831,-0.14366074,0.4642065,-0.5068041,-0.16972713,-0.07328175,-0.61960894,0.4707908,0.08409909,-0.19149134
protein|WARS,-0.9172001,-0.4182092,0.45741555,0.42057687,-0.27186453,-0.518867,-0.9204646,-0.26008523,0.5496248,-0.15290381,0.22940396,0.07718445,-0.8487481,-0.38629925,0.26065102
protein|TMA7,0.42036822,-0.49406093,0.76452553,-0.26843852,0.7035661,0.335863,0.2623536,-0.21874405,0.8132474,-0.625891,-0.1905796,-0.07769089,0.1628497,-0.2916911,-0.156882
protein|FMOD,-0.37201646,-0.43254137,-0.2476684,0.024061777,-0.32857212,0.50473106,0.31962278,0.033572674,-0.77393,-0.09935176,0.17491187,-0.435304,0.44786492,0.28192344,-0.12788473
protein|GZMA,-0.63736355,-0.7418237,0.33938476,0.3840794,-0.30738983,-0.25418705,-0.52412176,0.009945241,0.11088391,-0.40521768,0.12874702,-0.09468589,-0.36118513,-0.21409684,0.10013963
protein|HLA-DMB,0.42383835,0.18052155,0.2073146,0.03403138,0.5381224,-0.4164622,0.050039496,0.30217898,0.25356662,0.24763235,0.14896676,0.03065906,0.14506672,-0.76886505,-0.3163239
protein|FCGR1A,-1.1406273,-0.6585391,0.10984743,0.6279946,0.17730305,-0.40159371,-0.40557566,-0.19029303,-0.067146875,-0.17662461,0.30390233,0.35317323,-0.7774739,0.22463736,-0.07725679
protein|P01009,-0.35157153,0.8519051,0.5680752,-0.54870826,-0.3216579,0.24654129,-0.33443093,0.33101845,-0.757327,-0.14513807,0.5765995,0.39495787,0.27070153,0.5057149,-0.1289557
protein|HVCN1,-0.46495557,-0.41059896,-0.06278045,0.49345526,-0.36647072,-0.16618857,0.041331712,-0.05251236,-0.4773662,0.1942941,0.6142089,-0.21471696,0.3140566,-0.25752753,-0.36249956
protein|MORF4L2,-0.031768255,-0.6136992,-0.05671776,-0.34149322,0.5566785,0.8632485,0.72467226,0.08998698,0.13669816,-0.56518626,-0.29289496,0.39248487,0.189714,0.51743186,-0.3983646
protein|SLC1A4,0.30239236,0.18456955,-0.69803375,-0.29966223,0.3773588,-0.015931696,0.07487542,-0.1628506,-0.22062868,0.48781097,0.15607175,0.12425203,0.09397741,-0.23116961,-0.01281223
protein|XPO6,0.13517033,-0.2775261,-0.39539322,0.287266,0.310687,-0.34737757,0.529381,-0.7150163,-0.1448436,0.06490525,-0.3511455,-0.42195454,-0.51946867,0.07986964,0.16318136
protein|NFKBIE,0.068726696,-0.10172786,0.26615474,-0.086220786,0.30364835,0.3334217,0.010858726,0.17787527,-0.06301084,-0.2378185,-0.2638922,-0.032816537,0.20626098,-0.55751336,-0.5457481
protein|PTPN18,-0.2810197,-0.9305463,0.35548514,0.3717416,0.5172336,0.45822078,0.34472284,-0.22797756,-0.06514357,-0.5548753,-0.1769195,0.5015782,0.08865316,-0.09306457,-0.8456863
protein|VPS72,-0.26511988,-0.6467655,-0.34545067,-0.0036105115,0.16478036,0.61992586,0.7888076,-0.42267656,-0.18429662,-0.3995286,-0.023698643,0.091239296,0.22820352,-0.033707883,-0.16009296
protein|UQCRH,0.15031375,-0.27005562,0.058595262,-0.1153805,0.34936386,0.44972432,0.09943522,0.14183056,0.19226268,-0.17638277,-0.79007196,0.14630157,-0.16906478,-0.3240727,-0.51902866
protein|C19ORF53,0.17404504,-0.9672071,0.79605275,-0.09845175,0.32833505,0.5402963,0.21998121,-0.11147396,0.5801501,-0.73494035,-0.14185616,-0.0070140464,0.30263388,-0.41406566,-0.24594897
protein|CNOT10,0.39719397,0.19780177,-0.546155,0.8832778,0.33729205,-0.5140558,0.11071551,0.076302975,-0.39490804,0.1824973,-0.62531185,-0.44482493,-0.40018252,0.27924266,0.42853573
protein|TRIM33,-0.41767818,0.3211881,0.23988907,-0.2629869,-0.17346253,-0.42926076,-0.1319182,0.2191692,-0.7595028,-0.025786543,0.65268147,0.44603053,0.2563297,0.6904811,-0.10326916
protein|BAG3,-0.35501444,-0.8683974,-0.34780952,-0.27706805,-0.21221691,0.7412186,0.2465413,-0.14131598,-0.009941921,-0.38102758,-0.6836703,-0.16212119,-0.16935316,0.16379228,-0.38565156
protein|CYP2S1,-0.75883615,-0.11857741,-0.24555273,-0.020287538,-0.079377405,0.33679533,0.23583584,0.19910592,-0.685145,-0.084634915,-0.37610364,-0.16231813,-0.44667956,0.24483094,-0.316082
protein|CD2,-0.57133573,-1.2103549,0.49634948,0.19327389,-0.4454776,0.14071415,-0.18145896,-0.048714023,0.46763152,-0.5918939,0.26666832,-0.5980908,0.008046289,-0.32409927,-0.24315315
protein|EPB42,-0.17234308,0.5804991,0.6470841,0.36082247,-0.27211967,-0.28439304,0.41957167,0.38013494,-0.8464991,0.2044458,0.6252952,-0.082468785,0.4646731,0.8517943,-0.14530346
protein|PLIN2,-0.065174714,-0.19477993,-0.036713947,0.19287412,0.19845541,0.14124951,0.18822217,0.08493627,-0.028709989,-0.23310149,0.09725114,-0.32947838,0.10921495,0.43985307,0.0048312424
protein|PRNP,-0.40627974,-0.5374364,0.5895772,0.16903599,0.04252696,0.38175744,0.5446469,0.13324893,-0.26808915,-0.37362662,0.077974096,0.015442583,0.36657885,0.12334758,-0.5665677
protein|CD82,0.024080912,-0.23481189,-0.1845894,-0.39847434,0.51414245,0.34182233,-0.027785406,-0.308226,-0.68173265,-0.097083345,-0.12850611,-0.034239836,-0.004738064,-0.38545212,-0.51316065
protein|CR1,0.46111366,-0.053516183,0.031421844,0.13791893,0.0639921,0.35248062,0.098123066,-0.36578295,-0.6391587,-0.7312557,0.016967421,-0.04177711,0.26158804,0.089791045,-0.1446837
protein|FDX1,-0.35598674,-0.38867804,-0.35558942,0.3271397,0.35846496,0.072487384,-0.22397088,0.35673025,-0.1314108,-0.22936666,-0.35083494,0.29312775,-0.29179516,-0.30885133,-0.34098276
protein|PM20D2,0.22228858,0.39012498,-0.43927145,0.15677914,0.34452897,0.042474963,0.1680451,0.0008819186,0.0060131154,0.48255765,0.12935597,-0.086631015,-0.010618609,0.310141,0.11155909
protein|FAU,0.32393155,-0.23684913,0.49378163,-0.42631516,0.84745514,0.44357023,0.26852047,-0.18491296,0.7705857,-0.62674487,-0.53275913,0.6807425,-0.08676449,-0.21829131,-0.3037523
protein|TRAF1,0.028885186,0.0073418263,-0.43626678,0.22566405,-0.12672296,-0.38462278,-0.22654189,-0.44212887,-0.48909122,0.47451684,0.29163608,-0.41574267,-0.0028534418,-0.511834,-0.3894804
protein|GOLIM4,-0.42956308,-0.4231143,-0.18547052,-0.09286604,0.35784867,0.7531206,0.4640505,0.450592,-0.09659018,-0.24650823,-0.06811446,0.26960984,-0.0063395305,0.31332585,-0.60701686
protein|ORM2,-0.09879776,0.66237706,0.51679003,-0.48673525,-0.12652771,0.23573983,-0.14880505,0.040193312,-0.47828898,-0.0798736,0.2066442,0.44445094,-0.0908876,0.25177264,-0.4920148
protein|PPBP,-0.35981143,0.3654243,0.19892013,-0.29907936,-0.28496635,0.018687349,0.24074449,0.27592516,-0.45530117,0.068303175,0.5692185,0.14630975,0.3224723,0.83584464,-0.23415504
protein|PRDX2,0.16221343,0.6394615,0.3996389,0.1751597,-0.3171653,-0.5763095,0.047659736,0.16343811,-0.4857,0.19423163,0.63565373,0.012752937,0.28859812,0.4742395,0.2671681
protein|GATM,0.3771411,0.26593181,0.20476249,0.29618356,0.4932686,-0.36533904,0.122079946,0.37902227,0.16992012,0.23113185,-0.57075906,0.04959358,-0.47875503,0.13812795,0.10305348
protein|RPL37,0.17428446,-0.66215736,0.29882443,-0.4012334,0.4332132,0.5828471,0.45038113,-0.2784144,0.6946152,-0.43399304,-0.3231607,0.6047675,0.18622217,-0.1843691,-0.57614565
protein|SLC43A3,0.097380854,0.26052007,-0.78956974,-0.5995606,-0.20138972,0.30167672,-0.29758257,-0.79526275,0.19121036,0.5075252,0.45038268,0.27967688,-0.4467462,0.09989369,0.40789515
protein|HIST1H1B,0.24058087,-0.78287905,0.64976233,-0.47730172,0.38987583,0.31325907,0.21356384,-0.16642146,0.70150703,-0.53669673,0.18334423,0.034539126,0.5292474,-0.4293131,0.07111268
protein|SPTB,-0.33792877,0.4707346,0.39060047,0.023901537,-0.2985687,-0.2889182,0.50310004,0.08853733,-0.9383552,0.16516776,0.8974188,0.23825885,0.6567942,0.8618379,-0.30020025
protein|P50579,-0.02578136,-0.27646023,0.05818246,-0.08942695,0.49030048,0.32605696,0.2563697,0.6828856,0.59021366,-0.012788812,-0.29110423,0.2796462,0.6210436,-0.22100803,0.028369855
protein|NOM1,-0.060818583,-0.36859742,-0.41464332,-0.24510838,0.38984716,0.6900602,0.7086303,-0.0429109,0.013156999,-0.41471484,-0.26603404,0.5832236,0.2920307,0.6977522,-0.49628422
protein|GPX3,-0.6085002,-0.08220381,0.09304924,-0.27120218,-0.69683415,0.364479,-0.16112441,0.46749818,-0.39656004,-0.08424813,0.10172417,-0.48966503,0.18625529,0.18332309,-0.18820338
protein|Q9UN36,-0.23222004,-0.09964306,0.4581948,0.16069645,-0.04777072,0.23843943,0.33757207,0.35555947,0.11327502,-0.5128286,-0.5169044,-0.29151848,0.11598406,-0.011102503,0.019047424
protein|SKAP1,-0.47568068,-1.1750193,0.5049202,0.428095,-0.6307857,0.008632027,-0.12015487,-0.4611226,0.06148643,-0.40786466,0.22581482,-0.8036653,-0.13559388,-0.25767523,-0.03739679
protein|ALOX5AP,-0.04387755,-0.04691512,0.10094523,0.2488877,0.116524406,-0.48906377,-0.19345531,-0.06172647,-0.58003944,0.33019033,0.55908644,-0.6532487,0.20052375,-0.4530701,0.07218726
protein|MLKL,0.004970886,-0.283891,-0.6515373,0.20397949,-0.23682399,-0.088654555,-0.10083568,-0.470132,0.36018446,-0.1710456,-0.52397794,-0.3622487,-0.6602444,-0.14180157,0.45190355
protein|PRMT9,0.3186869,-0.028859943,-0.7074258,0.22058633,0.3494551,-0.4455153,0.3921457,-0.9495371,-0.08739768,0.21831354,-0.050879084,-0.5902048,-0.29372567,-0.051838182,0.4558733
protein|TPD52,0.404323,0.14663139,0.1449806,-0.11814296,0.32223028,-0.060849365,0.20245932,0.36198613,0.46878374,0.11161104,-0.46271446,-0.46366844,0.21619639,-0.305961,0.09875045
protein|FABP3,-0.2792987,-0.31198737,-0.40737596,0.24275011,-0.3420822,-0.23384778,-0.038707938,-0.018801538,0.0636481,0.079976775,0.09468805,-0.0073204134,-0.31751585,0.0036917713,0.18124436
protein|A0A0S2Z4G6,-0.12600912,0.20274965,-0.4996464,0.08292782,-0.67721653,0.38287887,0.0011383244,0.61506796,-0.40249205,0.11431116,0.30917203,-0.9138813,0.21640037,0.5261232,0.21085672
protein|NPL,-0.4144611,-0.24808733,-0.47376096,0.26365685,-0.5301682,0.06770589,-0.88377124,-0.22680631,-0.060614083,-0.161058,0.12360895,-0.3010151,-0.7573839,-0.41166514,0.16295965
protein|CD79A,0.86448556,0.13174084,-0.14275171,-0.32071057,0.48202044,0.02876785,0.25702685,-0.008277952,0.01413541,0.030249864,-0.072044,0.21070519,0.48835105,-0.48803636,-0.15607442
protein|VSIG4,-0.76486623,-0.4335038,0.19964904,0.45497197,0.12385669,-0.19938841,0.15618393,-0.018227631,0.061949663,-0.15677246,0.29082766,0.36221212,-0.49567795,0.5211889,-0.47030264
protein|FBLN1,-0.5768163,0.06718347,-0.5376661,-0.3666328,-0.6464733,0.7504413,0.03267904,0.58293694,-0.48787665,0.07283751,0.42939082,-0.2952532,0.40813103,0.5738059,-0.38894695
protein|CD109,-0.5265878,0.31533745,0.14654228,-0.09825952,-0.1962576,0.30678004,0.44812164,-0.15350324,-0.56357604,-0.02678562,0.18778242,-0.2766623,0.09631211,0.37496266,-0.21477401
protein|A0A7I2V5H0,-0.31998876,-0.67495733,-0.7045025,-0.23335813,-0.25012726,0.79684156,0.59456605,-0.0044549853,-0.1278648,-0.30431384,-0.06434868,0.21784429,0.33784786,0.27729365,-0.5143767
protein|PTPMT1,-0.12370042,-0.47223556,-0.08641807,0.25942603,0.40974632,-0.26773277,0.43518326,-0.24551228,-0.10572672,0.19729926,-0.0256822,-0.2343154,0.16993634,0.25345394,0.077413365
protein|PSEN1,-0.14585833,-0.6092996,-0.13749886,0.002192529,0.16114162,0.6084856,0.35553777,0.27710855,0.28580496,-0.7393924,-0.32356837,0.13149196,0.10393525,0.40295327,-0.4096053
protein|C10ORF54,-0.21264078,-0.8998323,0.06627036,0.19320458,0.13329358,0.5002457,0.27056307,0.0063076527,-0.36669195,-0.73167634,-0.4072537,0.07421237,0.22183865,0.012231439,0.0021957497
protein|MNDA,-0.40895963,0.4107154,0.37539986,0.013036334,-0.5061905,-0.4501803,-0.0260972,-0.5066536,-0.48569673,0.059049357,0.13714091,0.29030362,-0.45274562,0.15292093,0.03137927
protein|TAX1BP1,0.45024794,0.21669158,-0.333884,0.053525683,0.16185586,-0.567497,0.30788308,-0.92738557,0.25420144,0.26854482,-0.33231413,-0.5308751,-0.4000689,-0.5435977,0.42757282
protein|ITIH3,-0.6461231,0.46732965,0.06431898,-0.1906688,-0.17125174,0.023201188,0.08592325,0.16155928,-0.6887751,0.14252248,0.63983893,0.38038462,0.046261117,0.67348856,-0.30243683
protein|ZNF280C,0.33810148,-0.25430524,-0.14993097,-0.06421804,0.5970469,0.27783448,0.29355457,-0.20176673,0.36283287,-0.12565053,-0.1383429,0.20534582,0.17437936,-0.31436214,-0.19406228
protein|USE1,-0.32661498,-0.310197,-0.21377085,0.070664525,0.4383747,0.30471677,0.74402153,-0.4949829,-0.35779896,-0.1080902,-0.43273732,-0.13353339,0.08409438,0.53729457,-0.2461729
protein|IGHV3OR16-12,-0.35541874,0.16926722,-0.28514794,-0.101743266,-0.448015,0.012683563,0.24678935,0.14832897,-0.66351247,0.27480596,0.38825893,-0.18387511,0.09605112,0.40265098,0.28544283
protein|MEPCE,-0.11230276,-0.71383876,0.08136323,-0.28862208,0.6605131,0.61400956,0.7128736,0.01706939,-0.02982271,-0.18337199,-0.28841886,0.27645475,0.41965348,-0.010811613,-0.62661403
protein|ALDH2,-0.5082181,-0.07286218,-0.7333034,0.8899187,0.35324425,-0.35255694,-0.4525791,0.9668874,-0.5955549,0.2565499,-0.32827505,-0.12191422,-0.51579,-0.44055748,-0.1671138
protein|MXRA5,-0.69874406,-0.046760395,-0.8146639,-0.56145537,0.15740068,0.6362076,-0.18666193,0.3478576,-0.51548696,0.0512019,0.06729069,-0.1685634,-0.04271637,0.24472077,-0.35669208
protein|C9,-0.34794495,0.6139723,0.3042364,-0.19821747,-0.36935544,0.06934688,-0.20399804,0.3742878,-1.2239738,0.1434328,0.58460927,0.14873847,0.32538056,0.4893479,-0.15948474
protein|TRMT5,-0.17101105,-0.22351554,-0.19466323,-0.07768172,0.22464839,0.33008784,0.28353155,0.16705458,-0.20704126,0.0419079,-0.065313466,0.27147612,0.11357149,0.12945583,-0.026825134
protein|SEC11L3,0.09772874,0.051088966,-0.13699652,0.03373268,-0.08752033,-0.22393294,0.37754053,-0.27308857,0.15188567,0.21493272,-0.33583668,-0.075954385,-0.3478112,-0.028512206,0.49785087
protein|TK1,0.23003545,0.27915496,-0.88442636,-0.3487184,0.6837683,-0.04712214,0.026676103,-0.38838473,-0.057792965,0.3891299,0.12711994,0.1817111,-0.2618973,-0.14173654,0.18417798
protein|APOBR,-0.6741933,-0.54232216,0.40810886,0.041742317,-0.23884451,0.2739687,0.126941,0.21742417,-0.30440077,-0.16943721,0.087158374,0.12136454,0.0112141315,0.3889506,-0.12217725
protein|SNX29,0.2459593,-0.22929515,-0.22542517,-0.10345474,0.28767705,0.21930021,0.32401425,-0.14491746,-0.12879139,-0.03505156,0.34970027,-0.058324773,0.6445815,-0.34880745,-0.293716
protein|NUCKS1,0.15802845,-0.7304535,0.5581257,-0.29700312,0.53503287,0.5236574,0.3060831,0.32297924,0.603351,-0.63604426,-0.5496489,0.0522373,0.28361207,-0.3488708,-0.22753805
protein|ANK1,-0.2648434,0.5482877,0.41951942,0.13145658,-0.2449405,-0.43581083,0.37373456,0.25215295,-0.9558487,0.20007457,0.88708556,0.2863261,0.6339055,0.82997125,-0.21860658
protein|CD79B,0.725275,0.07150924,-0.25621045,-0.28024814,0.4894537,-0.011164675,0.21329556,-0.20684849,-0.19526708,0.06249571,-0.11332032,0.12671298,0.3169079,-0.10708074,0.12273864
protein|TFRC,-0.052973207,0.2510821,-0.84689015,-0.48044068,0.29529202,-0.011486052,-0.074615836,-0.60176677,-0.31796077,0.104134955,-0.3029056,0.34559995,-0.6221449,0.33876467,0.118092425
protein|UTP20,-0.038013127,-0.1033267,-0.65375805,0.022089416,-0.19958241,0.16543804,0.1670725,-0.2930177,-0.11688418,-0.014071085,0.14475638,0.074960336,-0.0014592531,0.19950302,0.010944615
protein|CPB2,-0.3434182,0.6766625,-0.088229805,-0.23435022,-0.3522486,-0.12392195,-0.1986549,0.29711023,-1.2756661,0.088772155,0.69712776,0.35382932,0.23206145,0.52352273,-0.15751864
protein|GCA,-0.36075944,0.46258688,0.8137029,-0.1964509,0.25881037,-0.38937593,0.088847026,-0.31096762,-0.71684325,-0.26653188,0.022147506,0.077342205,-0.22983743,0.20169137,-0.22704855
protein|TAF15,0.30998892,-0.6044816,0.36066929,-0.34521678,0.80319184,0.515126,0.44431368,-0.029739378,0.46209612,-0.6454137,-0.4675667,0.46569857,0.10085427,-0.405522,-0.59706086
protein|FTH1,-0.64698225,0.044399943,0.30592173,-0.10535333,-0.3420147,-0.051574245,-0.043977443,-0.13118602,-0.26617846,-0.17806348,-0.2033052,0.30744907,-0.3596907,0.18632136,-0.28373247
protein|P01889,-0.12119057,-0.42201018,0.10151887,-0.0045167343,0.25669584,-0.11313459,0.18613592,0.044153478,-0.059208848,-0.3224505,0.115459874,0.3221745,-0.12077758,-0.20678663,-0.36063913
protein|KANK2,-0.19135508,-0.6711575,0.09175225,-0.24124113,0.060298663,0.46149725,0.3844841,-0.08240477,-0.05215746,-0.063773684,-0.13347131,-0.12334121,0.3341039,0.21235862,-0.330352
protein|C5,-0.44015145,0.43338624,-0.08467769,-0.0047840723,-0.62916124,0.093251646,0.0024616728,0.45635712,-1.011162,0.18323694,0.75163895,0.18890692,0.28609458,0.84569794,-0.1791846
protein|ITIH1,-0.65703666,0.5009526,-0.04179954,-0.3682477,-0.20493235,0.09613589,0.08547962,0.028389089,-0.95981616,0.48785657,0.6705869,0.18595456,0.1103574,0.5082068,-0.3621972
protein|FYB,-0.4394766,-0.9721942,0.19664776,0.5570225,-0.68452007,0.221481,-0.5494753,-0.15740883,0.20345654,-0.49903095,-0.032346744,-0.7098804,-0.3305076,-0.5186105,0.05247182
protein|HIST1H1E,0.07830263,-0.842642,0.88748956,-0.23517804,0.1804953,0.22333662,0.23055613,-0.03539372,0.55596435,-0.5102142,0.08250264,-0.30807412,0.56619,-0.41629347,0.10394887
protein|HIST1H2BD,0.13744894,-0.4738788,0.9739909,-0.6361436,0.46879324,0.14704746,0.39149994,-0.15549801,0.66495866,-0.5076355,-0.04487837,-0.30810076,0.43428445,-0.16439573,0.057650033
protein|GALM,-0.70429236,-0.4179822,0.447807,0.62489665,-0.42479405,-0.39407903,-0.71473324,-0.119897924,0.21268469,-0.010366281,0.3418404,-0.59535635,-0.5907203,-0.40973073,0.3143075
protein|BANF1,0.36213744,-0.06713907,0.71471363,-0.56685287,0.6581292,0.07924893,0.16575874,-0.015024572,0.5537769,-0.18318321,-0.726615,-0.26648685,-0.022531752,-0.34943095,-0.22293532
protein|ATPIF1,0.26681736,-0.34198263,-0.35132608,0.32944766,0.55073714,-0.06443356,0.32452992,0.64819753,0.46779633,-0.09415638,-0.44049257,-0.19794865,0.14287786,-0.34231603,-0.07762096
protein|UHRF2,0.15652022,-0.4537006,-0.26244068,-0.35526374,0.29158074,0.43494776,0.6021905,-0.4213855,-0.103507325,-0.13215937,-0.23041432,0.1055746,0.2126201,0.09433336,-0.4480488
protein|TMEM245,0.08919234,-0.54152304,-0.4629078,0.49228466,-0.1497426,0.31638688,0.597746,-0.14826483,-0.343977,-0.018287595,0.06382007,-0.39483467,0.20539665,0.16313119,-0.21448603
protein|HIST2H2AB,0.19537395,-0.5050444,0.6382266,-0.22688803,0.60826117,0.058547217,0.63727766,-0.36156166,0.28093988,-0.25696817,-0.22172768,-0.4370354,0.2175725,-0.5330783,-0.20875825
protein|DDHD1,0.25089142,-0.46244323,0.1754204,-0.08891111,0.8187123,0.16481508,0.45892552,-0.16561502,0.47797766,-0.20787667,-0.29856628,0.18978824,0.07581868,-0.31356838,-0.43902433
protein|MMRN1,0.113381,0.07230345,0.082759835,0.38415843,-0.16732213,-0.008409934,0.1904912,0.33961323,-0.5952572,-0.3147558,0.22168289,-0.23260376,0.43815312,0.6042525,0.028925804
protein|ZFP91,-0.309174,-0.53725356,0.09571055,0.10131882,0.43790728,0.5632136,0.59159267,0.03360667,-0.055128258,-0.41563538,-0.16971454,0.18008833,0.22405575,0.0031108516,-0.48213604
protein|SNX33,-0.34941167,-0.25642243,-0.13900204,-0.014211512,-0.24796754,0.062085647,-0.10514244,0.12522992,-0.5378382,-0.30953407,0.108459435,-0.103564516,-0.14520583,0.13220665,-0.29619014
protein|NDRG1,-0.98655427,-0.91345984,0.03629218,-0.12999128,-0.32901904,0.529365,-0.25687113,0.07766989,-0.40600485,-0.66483057,-0.2494319,0.2385403,-0.14716567,0.007093494,-0.4435041
protein|SULT1A4,0.033212025,-0.11630096,0.1364421,0.95569086,-0.2665984,0.26335374,-0.24517062,0.74221015,-0.1763514,-0.54160035,-0.71884054,-0.39509296,-0.2968765,-0.03451247,0.13916415
protein|IGF2BP3,0.39658603,0.031049041,-0.36507428,-0.20595956,0.6476611,-0.084490426,0.16961102,0.15994486,0.622411,0.406041,-0.28895193,0.45352903,0.27064386,-0.088871084,-0.034340784
protein|ABI3BP,-0.23612787,-0.20323709,-0.25287643,-0.30047876,-0.1412673,0.6289392,0.4664289,-0.02312977,-0.20485811,0.00011924185,0.0053275675,-0.18359104,0.42883217,0.07887424,-0.38098833
protein|P12111,-0.69900835,-0.4952295,-0.39261842,-0.047043514,-0.6823423,0.5491165,-0.1266002,0.24971826,-0.21858352,-0.077025495,0.46152773,-0.3413693,0.25143275,0.45891413,-0.10529063
protein|ZNF318,-0.4319263,-0.5418154,0.22944377,0.105066635,0.4262604,0.25337034,0.57405376,-0.0848374,-0.17981218,0.097237386,0.07124246,-0.084051766,0.24790731,0.2510454,-0.48100945
protein|CYP1B1,-0.60263085,-0.24068649,-0.42395407,-0.10788038,-0.10588724,0.20912765,-0.4024985,-0.056758184,-0.5675516,0.025434386,-0.2946803,-0.5566054,-0.51928407,-0.0781734,-0.30984536
protein|GC,-0.29912516,0.74718004,0.54232264,-0.540878,-0.10895404,0.22799517,-0.19497599,0.66412187,-0.87516934,0.07510786,0.5016809,0.25668922,0.27075717,0.4424329,-0.36355847
protein|TXN,-0.5841373,-0.14045224,0.29736277,0.15529169,-0.02659317,-0.12883145,-0.97473216,-0.1769021,0.3614159,-0.2636405,-0.21402077,0.3357792,-0.88028425,-0.36504224,0.118676975
protein|PON1,-0.23468627,0.54920185,0.42074186,0.19206285,-0.05711351,-0.15344459,0.16065037,0.5992772,-0.76967543,0.22755831,0.49348432,0.30389348,0.082799375,0.66376776,-0.34936553
protein|SERPINF1,-0.44385654,0.5799822,-0.3381993,-0.4824692,-0.26045766,0.6997496,-0.10871514,0.4501411,-0.8340318,0.22850576,0.47454497,-0.49635264,0.29058063,0.26779252,-0.1279628
protein|ARID4B,-0.09187152,-0.6094685,0.07131883,-0.30276427,0.007934332,-0.25568303,0.43776977,-0.6525483,-0.03607071,-0.060426127,0.33425158,-0.13750876,0.076517165,0.25334457,-0.35934392
protein|HNRNPU,0.49090558,-0.11053433,-0.29196084,-0.4299021,-0.37414172,0.4892768,0.025920007,0.18501177,0.99796385,-0.18310297,-0.38188642,0.18194237,0.09146865,-0.5633328,0.046287008
protein|GRAP2,-0.3939716,-0.8868982,0.5230748,0.50939405,-0.39271185,-0.04119548,-0.05328927,-0.43083593,-0.020937355,-0.37953305,0.10856551,-0.6428514,0.024524512,-0.28128937,0.09911158
protein|SLC16A3,-1.0130368,-0.13042326,-0.26051867,-0.11355847,0.4042266,-0.31861857,-0.22677812,-0.35740438,-0.55848163,0.094980545,0.22283608,0.14307955,-0.41581547,0.020878008,0.0046488694
protein|COL6A1,-0.71754736,-0.72464377,-0.3022849,-0.10183756,-0.60584307,0.69005954,-0.034417223,0.24073139,-0.15526854,-0.18626,0.3583937,-0.32998142,0.2990995,0.48247057,-0.14731233
protein|SLC7A5,-0.16666058,-0.22290626,-1.034313,-0.05730475,0.07724208,0.24040277,0.1728588,-0.5714228,-0.095010825,0.08746871,0.42012656,0.23499405,-0.029337706,0.29341513,0.37026927
protein|CD38,-0.61081177,-0.6778542,0.42683753,0.42402825,0.2234823,-0.064483,-0.06625856,0.23406652,0.59894884,-0.32510704,0.09887349,-0.08188707,-0.4682223,0.21010259,-0.03944731
protein|HDGFRP3,0.16713963,-0.4179596,0.6894586,-0.32940006,-0.102011874,0.4031737,-0.2135884,0.13570952,0.058940023,-0.75497764,-0.3184185,-0.055396162,0.24970157,-0.12856962,-0.30604124
protein|AOC3,-0.1833272,-0.3535013,-0.38806042,0.2059234,-0.3163091,0.3981219,0.23327209,-0.03451636,-0.517529,-0.26436704,0.25149593,-0.46234632,0.052300643,0.4355795,-0.020292439
protein|GRAP,0.3433757,-0.41447553,-0.36368778,0.25203106,-0.14185455,-0.37588513,0.0776512,-0.0996251,0.13096224,0.08921761,0.21096931,-0.6025724,0.19345237,-0.15793735,0.45679003
protein|TONSL,0.2922321,-0.56123954,-0.54932934,-0.16819696,0.7730942,0.42938104,0.785389,-0.31305438,0.32881877,-0.348626,-0.14420308,0.61449313,0.04703819,0.20646353,-0.3651884
protein|SLC16A1,0.32610697,-0.012995906,-0.6556308,-0.46857345,0.2399089,0.43637896,0.19927725,-0.21640636,0.3729044,-0.0015312447,-0.19218305,-0.15962933,0.20124812,0.31286845,0.46656677
protein|SDSL,-0.20767991,-0.06398506,0.053085785,0.35067728,0.24240276,-0.2006741,-0.21554151,-0.10875159,-0.2614094,-0.08596495,0.2106473,-0.002873537,-0.7984668,-0.02914729,0.089726694
protein|SDC4,-0.2244386,-0.068575814,-0.024077598,0.090466835,0.3980403,0.22128183,-0.008070024,-0.037760057,-0.7957862,-0.36185774,-0.5324174,-0.006022141,-0.2183149,-0.16823485,-0.49998856
protein|GOT2,0.66091096,0.30047134,-0.2206891,0.30824494,0.44714078,-0.45148188,0.12824525,0.46695083,0.34434977,0.13366586,-0.6395608,-0.075756125,-0.3995922,0.13844736,0.33108693
protein|GPHN,-0.037894208,-0.43309098,0.12065322,0.27140018,-0.16294016,0.33478582,0.21285667,0.17177793,0.09242411,0.09143107,-0.50246793,0.13135028,0.053443786,0.15389691,-0.3872179
protein|MRC1,-0.5302279,-0.31542233,0.2987164,0.44094485,-0.17226967,-0.0857482,0.11064783,-0.45771408,0.028760161,-0.14470372,0.21574804,-0.39921427,-0.25519872,0.5191473,0.08562491
protein|BSN,-0.2846198,-0.07559793,0.10013591,0.028006397,-0.10592712,0.10078654,0.20481597,-0.37800467,-0.49111834,-0.070634015,0.3911549,-0.298753,0.2662808,0.23675461,0.10152517
protein|GZMK,-0.53038096,-0.9229465,0.6780107,0.39329427,-0.011839962,-0.08185921,-0.045456044,-0.29251617,-0.088919416,-0.35104346,0.3225424,-0.343601,-0.08298445,-0.24129193,-0.11047175
protein|A0A140T9X5,-0.16360979,-0.14379016,0.19698903,-0.17455116,0.050422117,-0.04433568,-0.110338725,-0.001160473,0.18447113,-0.056439135,0.10703926,-0.028526256,-0.3331416,0.02238404,-0.19060634
protein|EFEMP1,-0.27862868,0.0013025762,-0.35662127,-0.0025601578,-0.7659349,0.57096606,0.013671912,0.42578754,-0.36696067,0.20356967,0.4456387,-0.4732525,0.5718269,0.48626214,-0.092092514
protein|DNPH1,-0.111139715,0.08080811,0.3581696,-0.105429314,0.087052,0.05087989,0.22330737,-0.3770516,0.05625256,-0.120890796,-0.10503237,-0.1374491,-0.21956508,-0.11772356,-0.17515425
protein|ARPP19,-0.34386203,-0.13451687,0.40292567,-0.20619318,0.31152573,0.4204251,0.40831733,0.08808518,0.02068385,-0.090677015,-0.27899617,-0.44887456,-0.002960493,0.20109297,-0.29396692
protein|C4B,-0.46326613,0.40475437,0.015283516,-0.06761269,-0.48456025,0.1115905,-0.097584896,0.40698406,-0.83702505,0.17299975,0.71767664,0.021515656,0.08550492,0.65520054,-0.19279113
protein|GBP2,-0.75451833,-0.5222963,0.38828233,0.24961467,-0.49055246,-0.4350339,-0.5143017,-0.54059386,0.33052582,-0.32004943,0.058402758,-0.32674178,-0.74712056,-0.18120724,0.3756003
protein|DAP,0.22978142,-0.45869458,0.30338556,-0.07410446,0.6713143,0.48355407,0.2651518,0.20796743,0.16379352,-0.60296196,-0.31193987,0.30424145,0.17539145,-0.07936394,-0.46317962
protein|F13A1,-0.3694034,0.07718039,-0.09276451,-0.13164178,-0.80888796,0.06987279,0.17816001,0.15891525,-0.4197857,0.20114829,0.18168475,-0.36301422,0.10063637,0.50854266,0.17144147
protein|SP140,0.41126814,0.013395269,-0.13259697,-0.2753234,0.2842397,0.1409554,0.3919071,-0.7406585,0.07778874,-0.49206474,-0.34915,0.37465695,-0.08511822,-0.06563158,-0.07966121
protein|CEACAM1,-0.2994088,0.19207722,0.6410968,0.23510513,0.2048626,-0.22564638,0.4245511,0.22103141,-0.7481253,-0.14790247,-0.29045358,0.210321,0.14986616,0.19777039,-0.27544722
protein|PHF6,0.10912438,0.01596007,-0.7977939,-0.40888613,0.46827284,0.16388236,0.23242438,-0.17203212,0.19260646,0.18394263,-0.05627032,0.22111054,0.28077117,-0.39520818,0.066508025
protein|B1AHL2,-0.3344219,0.19064777,-0.25145653,-0.12243794,-0.4249883,0.17172603,0.13273993,0.27919963,-0.55884206,0.3796322,0.18905038,-0.18578376,0.2102269,0.33357057,-0.21179722
protein|TRMT1L,0.0012270714,-0.48239493,-0.6617287,-0.18257686,-0.058006857,0.22200745,0.241004,-0.23294581,-0.06884135,-0.13073209,-0.06093685,-0.007568517,-0.12016044,0.208774,-0.35828328
protein|APOA1,-0.3784769,0.38117966,0.19632638,-0.41778907,-0.27175692,0.052078202,-0.043639194,0.4064336,-0.57827604,0.27359077,0.6350372,0.081802785,0.3278139,0.5348423,-0.3347128
protein|RNASET2,0.08200399,-0.34652433,0.94165725,0.14663185,0.24578181,-0.22926173,0.23923087,-0.15654185,0.23481247,-0.41084483,-0.45171016,-0.24807674,-0.26190132,0.12173579,-0.15111476
protein|GIMAP4,-0.3967603,-0.8723042,0.5249795,0.4342447,-0.59518325,-0.18392418,-0.43533912,-0.5234383,0.26700354,-0.41996762,0.22646153,-0.8184728,-0.4959048,-0.4562333,0.20332979
protein|E9PGZ1,-0.2566704,-0.14472488,-0.2727005,-0.17047784,-0.93992436,0.85861784,0.011090126,0.5294102,-0.30187064,-0.27504972,-0.06249924,-0.74744487,0.2660938,0.38083735,-0.06189587
protein|MYEF2,0.21892597,-0.12140829,-0.056397498,-0.18005766,0.5399094,0.17373483,0.4885569,-0.006258897,0.22646785,0.03597876,-0.180951,0.15419284,0.04074832,-0.28269693,-0.43750206
protein|AZGP1,-0.43893597,-0.19118711,0.3215657,-0.19728416,-0.07917211,0.5866583,0.46205378,0.30412054,-0.42696282,-0.21259686,-0.13618252,0.48537502,0.25096834,0.19264117,-0.6783512
protein|CAMK4,0.062416416,-0.17037632,-0.19681583,0.016086655,0.18978497,0.021714507,0.012286792,-0.5649458,0.06981344,0.09572189,-0.109437734,0.2407369,-0.050371144,-0.24304858,-0.05354652
protein|APOL2,-0.66256106,-0.11357199,0.010621292,0.6094355,-0.03136729,-0.40418378,-0.20728666,-0.4764909,-0.16617356,-0.18894762,0.091972776,0.015309885,-0.9224322,0.24473304,-0.115604624
protein|EHHADH,0.24845819,0.44970983,-0.024083527,0.6077259,0.41115183,-0.15874693,0.44369748,0.50820947,0.0076886774,-0.14104617,-0.44505572,0.17086172,-0.3491396,0.6029414,-0.023889236
protein|ABLIM1,0.025729388,-0.44721812,0.0792392,-0.11228999,0.11067286,0.12411408,0.13248675,0.32837024,-0.07383853,0.16254635,-0.19483572,-0.14190203,0.501838,-0.33105367,-0.40981296
protein|AEBP1,-0.66045445,-0.35930634,-0.61314,-0.28061044,-0.11866733,0.76065826,0.428152,0.22815539,-0.52139753,0.09464739,0.2534182,-0.40859517,0.33527955,0.45556194,-0.31082815
protein|CROCC,0.60803115,-0.23962477,-0.49693334,0.25981146,0.18051143,-0.35326582,0.11894188,-0.45570895,0.17762189,0.30769822,-0.01881078,-0.40459767,0.13726498,-0.6401247,0.2786556
protein|ALDH5A1,0.5669485,0.026847234,-0.21522002,0.7825602,0.48360932,-0.12634829,0.12533014,0.75805426,0.30156213,0.09304539,-0.4597625,-0.3018589,-0.15871161,-0.56497437,0.14171371
protein|PEA15,0.04998886,-0.256494,0.2797552,-0.21025468,-0.026506867,0.39793104,-0.42774934,0.4126774,0.19318756,-0.15479068,-0.19752133,-0.31289074,0.0898741,-0.89792585,-0.2616001
protein|TAF9,-0.16162577,-0.49398068,-0.82578146,-0.27533758,-0.02505927,0.24541026,0.45284563,-1.1029271,-0.49989137,0.010067705,0.31300217,0.097216964,0.15313657,0.26016167,-0.013330139
protein|CD14,-1.1958606,-0.5270284,0.28154582,0.21887258,0.12527254,0.04895121,-0.2436611,-0.2955827,-0.25530887,-0.2774127,0.35120815,0.24784662,-0.65414715,0.35776308,-0.39540985
protein|BCAM,-0.16691646,-0.4543055,0.15318274,0.28281277,-0.7434635,0.4091379,0.50001276,0.11687934,-0.27833787,-0.23328157,0.055121582,-0.26997057,0.47633287,0.491212,-0.17740925
protein|AHSG,-0.34841114,0.0926007,0.7345268,-0.6893118,-0.043449014,0.31694674,-0.08020634,0.4722948,-0.12287659,-0.075997494,0.47396547,0.47942078,0.27422884,-0.020466447,-0.39625496
protein|RPS28,0.05809248,-0.22796442,0.54055023,-0.3426522,0.72214,0.6163612,0.5804158,-0.16428894,0.18779904,-0.5012782,-0.6463207,0.49254045,-0.05612963,-0.013949795,-0.7547547
protein|S100A4,-0.6011354,-0.34051976,0.692372,-0.21410017,-0.4705507,-0.36163333,0.03222799,-0.34834284,-0.059929278,-0.1851257,-0.47871944,-0.3655402,-0.25511006,-0.20563246,-0.011853044
protein|LRMP,0.3377081,-0.06670128,-0.56540203,0.12622511,0.49919048,-0.019337377,0.15025896,0.11123412,-0.13010783,0.5761738,0.20943217,-0.04536582,0.5922687,-0.6641749,-0.2468633
protein|SYPL1,-0.4648076,-0.44641384,-0.35702017,-0.33431017,-0.03070174,0.63686246,0.767801,0.26961994,-0.4821983,-0.16918498,0.085547835,-0.32742128,0.5265768,0.25759277,-0.4684121
protein|TPPP3,-0.24976057,0.07944104,0.25719795,-0.15727992,-0.50647545,0.07039097,0.3957023,0.27672637,-0.39484242,0.28436226,-0.28039294,0.014973481,0.26931617,0.4274362,0.093522444
protein|A0A140T941,-0.09411153,-0.21520808,0.07159303,0.23456281,-0.150252,-0.06077472,-0.26315466,0.08141676,-0.10499837,0.017233167,-0.07999127,0.29215342,0.0029695698,-0.15329403,-0.10898555
protein|TOP2A,0.33291858,-0.007766752,-0.96102256,-0.70043635,0.34135062,0.19904616,0.26468778,-0.5438931,0.4119561,0.029609608,0.005381604,0.83024555,-0.06544455,0.27098072,0.17204894
protein|PNO1,0.13863127,-0.30138358,-0.85314006,-0.42181408,0.11214612,0.5041111,0.59177655,-0.5891528,0.12856892,-0.074755624,-0.052702863,0.43849626,0.08775367,0.25328758,-0.1046815
protein|P01700,-0.43641004,0.07480945,0.06142503,-0.20067503,-0.05069346,0.31621718,0.20843798,0.2472436,-0.38470963,0.06549305,0.34239513,0.33274248,0.24196419,0.61426467,-0.19486494
protein|CTNNB1,-0.07738356,0.035064895,-0.29143986,0.38260123,-0.07343726,0.04768459,0.028569166,0.14547901,-0.78768665,-0.16181612,-0.43555477,-0.29051062,-0.025881894,0.26178303,0.15758012
protein|IL4I1,-0.35576957,-0.07732694,-0.41413468,0.00032995146,0.6827935,-0.16798642,-0.045513157,-0.22941652,-0.24731907,0.3076185,0.25893658,-0.12018617,-0.40610465,-0.535162,-0.5351072
protein|ADA,0.15588728,-0.0047835065,0.31858462,-0.21117063,0.366978,-0.12112168,-0.20847692,0.14319095,0.3781955,0.13315223,-0.1982778,-0.025828285,-0.2415161,-0.3996818,-0.07860042
protein|SQSTM1,-0.13601394,-0.28398854,-0.05652646,-0.4304465,0.39982274,0.61888605,-0.23181088,-0.10976733,-0.031199457,-0.47278464,-0.45803928,0.591312,-0.15971576,-0.32106158,-0.6718181
protein|UBE2E1,-0.08199846,-0.1410254,-0.085562594,-0.2906497,0.42214823,0.3699937,0.30603984,0.24458131,0.19682926,-0.175656,-0.019876247,0.34919226,0.14114349,0.112766035,-0.29881886
protein|TNPO2,0.1751791,-0.3129662,-0.5110343,0.0686778,-0.00035226782,0.41166636,0.2781767,0.2168124,0.27735138,-0.080304936,-0.26381046,-0.14247018,0.021693464,0.3036208,0.040547226
protein|SLC2A5,-0.053286385,0.15949653,-0.599353,0.03618171,0.046214934,0.047017325,0.017456703,-0.014711739,-0.15475099,0.09179404,0.46780434,-0.043357775,0.18915975,0.18611129,0.09282636
protein|MMP9,-0.56498057,0.26267114,0.43986705,-0.1973744,0.06719614,-0.08126775,-0.027748656,-0.12138041,-1.2431668,-0.22350636,0.17545299,0.23822019,-0.011541686,0.09291682,-0.3748936
protein|APOD,-0.1450177,0.4094813,0.3518951,0.11670685,0.18081298,-0.27847433,0.12620439,0.4226099,-0.23949638,0.37267867,0.30497175,0.2204621,0.2363175,0.21109004,-0.3057865
protein|PSAP,-0.69249934,-0.28642622,0.5324072,-0.0355089,0.28229237,0.057232324,-0.37467292,-0.13072205,0.31495497,-0.43659723,-0.196059,0.03792338,-0.5801071,-0.06860596,-0.27530783
protein|LRRC25,-0.35299626,-0.061198596,0.37344834,0.33937076,0.37375584,-0.29172274,-0.21046323,-0.13076416,-0.064835705,-0.33995903,0.28577653,0.023455897,-0.45708948,0.53464204,-0.122267365
protein|APOL1,-0.40310696,0.22710738,0.1540079,-0.057200167,-0.23809163,0.21611014,0.31253645,0.23746993,-0.9000378,0.30393937,0.7603072,0.019207466,0.28197408,0.5773874,-0.39996254
protein|DPP4,-0.2682462,0.043396264,0.015520574,0.090358675,-0.4279348,-0.08044788,0.25228834,0.09655833,-0.4437706,-0.2544061,0.013995931,-0.0019390972,0.038762823,0.3808196,0.07273114
protein|CD44,-0.30394813,-0.03838063,0.06550443,-0.63695776,0.07793705,0.49813533,-0.10293919,-0.44324902,-0.10482598,-0.5102088,-0.4458658,0.3408216,-0.5253084,0.18635786,-0.3468708
protein|CRTC2,0.21338181,-0.0879765,0.16266549,-0.13915029,0.18687567,0.24600099,0.18673718,0.10252857,-0.32096475,-0.058664054,0.1469468,-0.061733555,0.25941768,-0.14929281,-0.29870966
protein|LAIR1,-0.8310874,-0.7600828,0.3728369,0.08698574,0.18776765,0.21210402,0.1697229,-0.2639876,-0.21485062,-0.34841478,0.014627677,-0.071926884,-0.37426585,0.06745528,-0.5459315
protein|FDFT1,0.32759976,0.35025764,-0.5028024,0.044219177,0.44636205,-0.34468237,0.45081538,-0.5211667,-0.56455964,0.25546262,-0.12848756,-0.17501023,-0.26515475,0.21557884,-0.02773777
protein|PDLIM7,0.043643743,0.023303648,-0.32352945,0.11811894,-0.27710325,0.38576818,-0.19656774,0.3098591,-0.39269128,-0.120924436,-0.16472459,-0.5148235,-0.19408973,-0.022825286,-0.031532396
protein|BLM,0.24491931,-0.120914556,-0.6390198,0.15591478,-0.24624212,-0.22745283,-0.14663838,-0.678849,-0.07300342,0.19921724,0.14625289,-0.3586388,-0.16774394,-0.5022772,0.38957548
protein|SPTA1,-0.18626668,0.45488766,0.34576473,0.22015323,-0.25474536,-0.3696577,0.3993974,0.37062526,-0.7600135,0.11732012,0.68108326,0.28583053,0.51907027,0.90958464,-0.20684479
protein|SWAP70,0.44807923,0.24857928,-0.8041014,-0.16514666,0.20413429,-0.04493,-0.119673066,-0.14271796,0.010274241,0.7290382,0.11063037,-0.27325106,0.38697454,-0.7915313,-0.16560066
protein|TNC,-0.4246484,-0.4620464,-0.3465708,0.089448616,-0.19462962,0.38962132,-0.21624888,0.1652311,-0.2963789,-0.36994737,0.25150242,-0.12004051,0.22769274,0.3232006,-0.011874214
protein|SLAMF7,-0.32948264,-0.34829473,0.6150646,0.42292702,0.11985163,-0.25812203,-0.22534004,-0.11026609,0.30710647,-0.0693668,-0.051485408,0.2708184,-0.59364563,-0.31547746,-0.37449023
protein|FBXO4,0.07617112,0.2564304,0.05765576,-0.17843452,0.063006334,0.08963084,0.251931,-0.22001056,-0.2256568,-0.07063719,-0.12949179,-0.21905039,-0.21622528,-0.2324436,0.09025343
protein|IGF2BP1,0.11506736,0.1642044,-0.28121945,0.16133076,0.3821906,0.08901642,0.19762352,-0.102625646,0.1403394,0.030226203,0.0045843692,0.05499771,-0.14304997,-0.03005588,-0.31270352
protein|THBS2,-0.40138742,0.11831859,-0.1082265,-0.31785354,-0.07732575,0.46766225,0.2656709,0.30651382,-0.5261694,0.076652415,0.2501811,-0.33712837,0.25512573,0.5004444,-0.065969914
protein|FBLN5,0.0031489867,-0.051142227,-0.13689044,0.30384305,-0.6342547,0.35615423,0.15262012,0.4743034,-0.28611776,0.17237845,0.34613463,-0.6477248,0.43197963,0.6717704,0.08417083
protein|RING1,-0.36202258,-0.8055855,0.008978077,0.009506318,0.2973657,0.65513796,0.60368186,-0.050345324,-0.33598226,-0.2931825,-0.120793805,-0.12642471,0.29472905,0.19095367,-0.39223725
protein|EPHX2,0.4087519,0.08072325,0.40709525,0.5939325,0.0012500298,-0.066492625,0.16822606,0.22760577,-0.20873842,-0.47122443,-0.6173229,-0.5863556,-0.21692918,-0.0155986305,0.31175402
protein|TMEM119,0.2267499,-0.44128165,-0.23565625,-0.26642329,-0.14137858,0.84840256,-0.0070720953,-0.042522497,-0.484432,-0.7021248,0.043834325,-0.40238342,0.4005992,-0.33780634,-0.41063157
protein|FKBP11,-0.08182625,0.112595566,0.045482192,0.19597696,0.06743576,-0.059761845,0.51224244,0.002770455,0.3234094,9.729392e-05,-0.3445981,-0.24129458,-0.3479125,0.7872041,0.60185695
protein|PTGIS,-0.17404947,0.22578895,-0.40090224,-0.11138614,0.050784595,0.41847038,0.13116738,0.0740941,-0.50511634,0.04397583,-0.022800077,-0.45364252,0.08014924,-0.09870519,-0.08546756
protein|ALCAM,-0.17781514,-0.08591494,-0.12392701,-0.13240929,0.3336268,0.24936078,0.24895187,0.20430036,-0.27249902,0.25953117,0.12804483,0.14698309,0.18714258,-0.18361063,-0.5050534
protein|C7,-0.21834603,0.18803057,0.4082034,0.008036757,-0.23579998,-0.27431008,0.03509931,0.09667886,-0.9049429,0.14231098,0.8160342,0.13195537,0.5486055,0.5113771,-0.054391544
protein|ITGAV,-0.59722286,-0.10647618,-0.40320694,-0.3060305,-0.34160593,0.793898,0.23753922,0.34090444,-0.47446737,-0.05528111,-0.18696813,-0.24311744,-0.00615707,0.42241034,-0.50835764
protein|C4BPA,-0.2662307,0.75277966,0.22015314,-0.20649055,-0.2844271,-0.07316838,0.092640996,0.31836438,-0.79631704,0.31988838,0.5996929,0.06235123,0.080265336,0.6623361,-0.12209334
protein|LPCAT2,-0.608793,-0.20845553,0.059387684,0.44834265,-0.3352933,-0.42389497,-0.38880903,-0.42443612,-0.28481323,0.11291157,0.27527347,-0.0019146787,-0.7112528,-0.05040466,0.21134315
protein|C11ORF31,0.10761448,-0.39136133,0.92571855,-0.09697663,0.230851,0.039514225,0.18612881,-0.3644326,0.16113774,-0.48286095,-0.26428556,-0.5371195,-0.07077355,-0.47616512,-0.09871579
protein|S100A10,-0.5641943,0.12207057,0.21175848,-0.5735881,-0.6055921,-0.32534134,-0.37869313,0.30776563,0.14525181,0.13520525,-0.5377137,-0.23941769,-0.2437924,0.0028593051,0.18402392
protein|H3F3B,0.29628748,-0.4660865,0.5746006,-0.17777339,-0.13734438,0.23362312,0.1821691,-0.4804683,0.4417452,-0.18098113,0.07594417,-0.5851438,0.27014294,-0.5561364,0.1855123
protein|RB1,0.38958898,0.44144684,-0.33030376,-0.6238393,-0.0648688,-0.14715044,-0.06687138,-0.7687404,0.32347387,0.002899905,0.080433324,0.35974172,-0.13372062,0.18864878,0.25833994
protein|ACADM,0.3383378,0.13336119,-0.59194505,0.4506985,0.3878755,-0.4889041,0.011051482,0.5369496,0.3325774,0.01359673,-0.41257864,-0.1324452,-0.2258513,-0.19596778,0.55590963
protein|EPHX1,-0.13345827,0.14030416,-0.17192821,0.9613942,-0.2060293,-0.34246942,-0.24400774,0.3843923,-0.47947362,-0.12192202,-0.13462923,-0.45655787,-0.64826775,0.26957688,0.37659013
protein|TBCE,-0.12590314,0.26043582,-0.19352564,-0.12433927,-0.54939246,-0.18357508,0.093986735,0.1029771,-0.33458462,0.059926905,0.12800841,0.25473025,0.15942305,0.39094138,-0.00860278
protein|TCF20,0.14939226,-0.40402907,-0.44496843,-0.035747465,0.11324296,0.3962375,0.22260833,0.14293262,0.19239664,-0.020127213,-0.21621472,0.18425621,0.1580873,0.14989921,0.09638264
protein|TCF4,0.4895792,-0.098636635,-0.11733266,-0.21373352,0.45922557,-0.21749854,0.5790071,-0.35613695,0.09931486,-0.18075985,-0.2813908,0.40785965,-0.1893532,0.17458513,-0.06700639
protein|CP,-0.48383304,0.60770017,0.20978232,-0.20444214,-0.4125862,0.06264907,0.009094934,0.06615694,-1.0708634,0.066365935,0.69604164,0.13962595,0.14162716,0.7053291,-0.096726075
protein|PIAS1,0.12456067,-0.65288806,0.02419534,0.15217008,0.39768302,0.19792612,0.58236873,-0.42297584,-0.03614549,-0.45521557,0.14776994,0.35571405,-0.22314076,0.09494804,-0.4348984
protein|A0A804F6T5,0.150285,-0.08821686,-0.12903687,-0.09536409,0.028820297,-0.27730554,-0.10296048,-0.5029922,0.035365272,0.14112112,0.13036491,-0.22413483,-0.09453434,-0.5150372,0.18207966
protein|CSTA,0.055340756,-0.08254591,0.22114417,-0.24627824,-0.07422471,0.31832105,-0.30698308,0.20994149,-0.41139364,-0.63223803,-0.68772393,0.28961965,0.030641738,-0.6302312,-0.37648377
protein|COBLL1,0.47626808,0.16063952,0.090846986,0.071183145,0.3743964,-0.09698807,0.06850724,0.027042456,0.1522195,-0.18463206,-0.09564565,0.045352858,0.065297276,-0.1208507,-0.24441925
protein|EPB41L3,-0.41317433,-0.49815413,-0.09935095,0.25478372,-0.675353,0.08976434,-0.828616,-0.21217714,0.042521898,-0.33235225,0.025723472,0.100208014,-0.55081904,-0.16143523,0.0023838487
protein|HIST1H4A,0.17701866,-0.18098046,0.8265483,-0.48390225,0.339803,-0.00955943,0.655901,-0.4761411,0.16548075,-0.17313835,-0.13231412,-0.6196153,0.16421515,-0.41287476,-0.10331712
protein|LAGE3,-0.35123095,-0.5990612,-0.26200366,-0.14154494,0.020859811,0.71678436,0.9065066,0.011708914,-0.08386017,-0.2036473,-0.088639304,-0.14646101,0.4557833,0.34756592,-0.48052877
protein|SP110,-0.014511694,-0.34995237,0.4499399,-0.16435835,0.23033528,0.089683644,0.4092624,-0.50822496,0.17303596,-0.5325498,-0.2127929,0.0051531005,-0.09900634,-0.068275854,-0.3643501
protein|SCRN1,0.117077045,-0.4285395,0.19778374,-0.027244011,0.10069242,0.20250107,0.26459843,0.20738117,-0.1462877,0.02798698,0.11290654,-0.11288677,0.55971885,-0.17383228,-0.50165504
protein|C8G,-0.37811905,0.48737353,0.082005166,-0.024357587,-0.32465166,0.13568969,0.07585134,0.08199294,-1.0555297,0.23078759,0.7954833,-0.043537334,0.2554945,0.5540475,-0.16770221
protein|EMILIN2,-0.5243878,-0.43597555,0.09282058,0.033383384,-0.3422325,0.16399942,-0.28563425,-0.10760658,0.03980821,-0.36026365,0.16421597,0.5901891,-0.20123199,0.49667376,-0.33482555
protein|TUBB2A,0.1494236,0.13731961,-0.33836153,-0.4061953,-0.12571143,0.033719305,0.18153618,0.1387155,-0.05400765,-0.113634504,0.019122528,-0.09481582,-0.042733148,0.32836226,-0.17633624
protein|FAM96B,-0.06968573,0.38240373,0.36198992,0.19908191,0.45504817,0.13885581,0.33188245,0.26258352,-0.5287991,0.2400284,-0.09948852,0.4538842,0.07736816,0.04385824,-0.564181
protein|SZRD1,0.09586406,-0.7692526,0.33893538,-0.22436142,0.422806,0.49387878,0.42217845,-0.27566424,0.27011257,-0.48848867,-0.3797326,-0.025513519,0.19098039,-0.26344696,-0.501115
protein|APOB,-0.39836293,0.53070503,-0.010786871,-0.006782259,-0.34383336,-0.08222619,0.1518175,0.17307611,-0.73810613,0.17518035,0.5489244,0.10762252,0.03791452,0.7994801,-0.085728556
protein|MGMT,0.23307225,-0.05851647,0.24406405,-0.0082580075,0.4349988,0.06870109,0.08525523,0.46565533,0.25767058,-0.037173294,-0.3037341,-0.42942896,0.3140708,-0.39629814,-0.0833472
protein|ASF1B,0.23463067,-0.13157068,-0.9613288,-0.29489326,0.38548553,-0.13322678,0.15867251,-0.5782812,-0.21340583,0.33118308,0.20470273,0.40548557,0.017105281,0.05369368,0.16251847
protein|BANK1,0.6159065,0.00096071814,-0.1993908,-0.24211964,-0.022844618,0.13405786,0.14567424,-0.7444526,-0.21828838,-0.28711608,-0.19175953,-0.12295426,0.09969703,-0.16573942,0.114174806
protein|HAUS8,-0.13456444,-0.3851004,-0.10270391,-0.15342756,-0.023574032,0.51327366,0.3426598,0.0009755524,-0.046026126,-0.2605727,-0.19891343,0.11858453,0.32320586,0.29677388,-0.30355275
protein|CTSL,-0.5105629,-0.5005318,0.27075624,-0.048591252,0.28680125,0.4807972,0.075802565,0.16912694,0.13882218,-0.5406064,-0.16506666,0.3243539,-0.04750756,0.1095568,-0.6213851
protein|SOD1,0.28678885,-0.37154284,0.6354089,0.012468532,0.5618107,0.33835208,0.037651334,0.51451236,0.4600275,-0.36759073,-0.4809945,0.18656886,0.33382168,-0.28229135,-0.35137594
protein|FAM213A,-0.07843013,-0.063973464,-0.36232933,0.5798372,-0.23127535,-0.50477374,-0.30824113,-0.07569817,-0.18908842,-0.0038717454,-0.053338684,-0.48175314,-0.48758242,-0.20839514,0.44856378
protein|PLXNA1,0.117978185,-0.11018311,-0.16656487,-0.12763728,0.4941915,-0.13676734,0.18460503,-0.481516,-0.12895124,-0.18988934,-0.03944789,0.022013819,-0.039053712,-0.142532,-0.14503214
protein|CTPS2,0.43715146,0.2941121,-0.24191806,-0.00457895,0.50849396,-0.27037862,-0.034612536,0.1192306,0.029594399,0.7924735,0.032406963,-0.15076149,0.18540624,-0.4380993,-0.24619623
protein|FUS,0.46287292,-0.33943436,0.07212983,-0.682404,0.48881015,0.5910337,0.22024196,0.07484582,0.73067826,-0.31443453,-0.5100935,0.34626666,0.2268203,-0.21331182,-0.41425335
protein|H0YAY3,0.042774294,0.32443395,-0.21443276,0.26324433,0.026871106,-0.23576148,-0.44956717,-0.24148805,-0.6146264,0.38172984,0.024300346,-0.2133087,-0.22074783,-0.6096414,-0.39201498
protein|STOM,-0.77122736,0.19632371,0.2766624,0.6520108,-0.37603092,-0.4094933,-0.10476103,0.048460305,-0.770011,-0.002772094,0.5915718,0.08051031,-0.3144477,0.5169999,0.09376451
protein|DBI,0.17633696,-0.33323136,0.25346607,0.27706888,0.07259342,0.009691701,-0.39731038,0.36307296,0.24870369,-0.07800441,-0.23429373,0.38488358,0.07401353,-0.95111483,-0.4817477
protein|RTN3,-0.26173842,-0.09013205,-0.3427695,0.18390003,-0.1260724,-0.03532609,-0.15414232,-0.115372755,-0.24055189,-0.06357092,0.28053027,-0.16312525,-0.40364674,0.2393532,0.2534671
protein|HRG,-0.594256,0.27737817,0.3257914,-0.22588177,0.03894399,0.09300828,0.2886324,0.234628,-0.89359534,0.1101896,0.58991516,0.16424483,0.22994283,0.70347786,-0.27990794
protein|ASPN,-0.28133374,-0.19786304,-0.30668703,-0.17025243,-0.40453416,0.115295514,0.23981701,0.111414135,-0.28642058,0.05681223,0.19787994,-0.31221798,0.22522303,0.51503474,-0.12182674
protein|UBE2F,0.07912774,-0.6139175,0.5168539,0.5425134,0.3081741,0.24693517,0.08977521,-0.29255986,0.1418313,-0.5162676,-0.3674273,-0.09923689,-0.3569306,-0.12570333,-0.46594176
protein|METTL7A,0.5771824,0.4242859,-0.1319854,0.68719625,-0.27307376,-0.2891196,0.0014345741,0.38408348,-0.0024517647,0.21674481,0.04434921,-0.68741786,-0.0037209406,-0.09083744,0.38246295
protein|P51608,-0.016601652,-0.7577708,0.9167072,-0.030384175,-0.040832702,0.39688712,0.119494736,0.12001386,0.118179746,-0.5499048,-0.018874824,-0.57774365,0.47063223,-0.29899755,-0.18050535
protein|SRSF2,0.19493903,-0.5553532,0.32301348,-0.41377503,0.7669479,0.52126443,0.5706589,-0.04660414,0.35897145,-0.5253154,-0.41774493,0.41500798,0.09025905,-0.23375005,-0.642079
protein|YAF2,-0.037008666,-0.66144353,-0.20113747,-0.24135882,-0.06996502,0.2065776,0.31389618,-0.4763105,0.31793532,-0.20639734,-0.023430841,0.083512664,0.36796013,-0.090505585,0.02315165
protein|TTR,-0.21720755,0.28491518,0.48816362,-0.39911944,-0.36653474,0.07502135,-0.06499782,0.20371857,-0.367664,0.1770565,0.6950101,0.31263328,0.19515255,0.15333903,-0.34836617
protein|ITPK1,0.2782593,-0.23702529,0.053173088,-0.3332192,0.6779856,-0.15808296,0.39657244,-0.36825565,0.39294267,-0.25826532,-0.11778348,0.13448991,-0.18937568,0.31851456,0.08661644
protein|CD300A,-0.6403756,-0.5901897,0.22735947,-0.07067001,-0.18880895,0.10815725,0.26445556,-0.4780934,-0.10850834,-0.2202171,0.050381426,0.03131912,-0.18066536,0.6918782,-0.13751228
protein|OSTC,0.19162348,0.6662137,-0.21136911,0.14139621,-0.38744155,-0.39157873,-0.06363025,0.045753967,0.22866331,0.09785181,0.14416581,-0.52052945,-0.4088891,0.19220881,0.84922117
protein|SNRPC,0.31774676,-0.20894684,0.25914723,-0.4658313,0.4471933,0.51149637,0.15527649,0.010003479,0.6674162,-0.30260804,-0.54256696,0.30090773,0.1716123,-0.32499167,-0.23227264
protein|MRPS18B,0.15589976,-0.3565191,-0.35131174,0.19443189,0.44581413,0.40547428,0.55672204,0.1463548,0.18690737,-0.29859972,-0.5438383,0.1601488,0.07142634,0.36197588,-0.19379818
protein|VPS52,0.19898252,0.042313512,-0.47193745,0.23959647,0.035803653,-0.37379482,-0.22827792,-0.250899,-0.22435051,0.16622174,0.26034147,-0.6296557,-0.32504374,-0.34116203,0.2944075
protein|SERPINH1,-0.5409135,0.30144614,-0.73271024,-0.344374,-0.33276042,0.49959964,0.108216524,-0.11302766,-0.66754526,-0.05790319,0.060549434,-0.45688158,-0.36165965,0.47870934,0.052609038
protein|RBCK1,-0.18056457,-0.96628857,-0.4771234,0.0015469012,-0.15929139,0.047147695,0.48189068,-0.6721822,-0.5083586,-0.16320024,0.36610657,-0.1617878,0.5017954,-0.15768807,-0.39024523
protein|MRM1,0.4438105,0.09412342,-0.33876467,0.18986525,0.67408156,-0.072023585,0.11257174,-0.3553373,-0.37392786,-0.21610373,-0.30922908,0.29688883,-0.48263907,0.021547612,-0.17138377
protein|TXNDC5,-0.0030607132,0.25203192,0.17524272,0.07489459,-0.19250378,0.056732677,0.2195278,0.25500235,0.39478046,-0.027291998,-0.33948308,-0.04345763,-0.21632172,0.21266307,0.2562095
protein|SH3BGRL3,-0.16550604,-0.67736346,0.6984354,0.09535411,-0.033264153,0.36528903,0.07551628,-0.09363981,0.18289171,-0.5088305,-0.25416452,-0.12116227,-0.15632695,-0.46911365,-0.45586267
protein|HIGD2A,0.39532012,0.0793643,-0.56080496,0.6295632,0.36624426,-0.16167212,0.117539704,0.03256234,-0.022217361,0.10498318,0.008124126,-0.18736981,-0.40563548,0.39027414,0.0748264
protein|CYBB,-0.82296085,-0.455383,-0.2226222,0.37323123,-0.08815725,-0.25773752,-0.6134997,-0.087486744,-0.39695838,-0.10890641,0.41404188,0.047931414,-0.54162425,-0.37298638,-0.13936144
protein|LGALS3BP,-0.73812425,-0.21997005,0.012559737,-0.05115189,0.062637724,0.36604407,-0.07342153,0.44736034,-0.37081045,-0.0018594072,0.016750043,-0.07191402,-0.10063493,0.08463862,-0.46350998
protein|C5AR1,-0.09851537,0.17633308,-0.46449226,0.025606483,-0.08419977,0.09636704,-0.312777,-0.035383914,-0.9723048,-0.20354924,0.14554842,-0.29649994,-0.092235744,-0.22747822,-0.1362457
protein|HIST1H2BO,0.16665176,-0.59641474,0.79559076,-0.34076923,0.45786363,0.22030035,0.57513463,-0.270333,0.2697834,-0.4209816,0.0788884,-0.1259621,0.31528214,-0.29574904,-0.30189186
protein|HSDL1,0.1881779,0.27622846,-0.60431635,0.32417083,0.20380013,-0.41245466,0.08748587,0.019763052,-0.1380902,0.21561243,-0.045944028,-0.3749116,-0.12991695,-0.048707988,0.060278714
protein|MYH14,-0.06474747,0.19285566,-0.0216709,0.42046297,-0.25700107,-0.17796186,-0.18623875,-0.10763208,-0.3965525,0.2503573,-0.044291966,-0.7288491,-0.3105076,-0.33471727,0.23573005
protein|TSPO,-0.35394344,-0.11215795,-0.10229191,0.34834272,-0.13985163,-0.33705705,-0.7033608,0.16707413,-0.12095472,-0.17972715,-0.08586135,-0.15136085,-0.72762597,-0.3764117,0.3449403
protein|SERPINF2,-0.38149512,0.23133907,0.36172143,-0.24572895,-0.03367186,-0.25991464,0.20830004,0.12826578,-0.68463504,-0.0769087,0.5194753,0.41952935,0.009643545,0.57553965,-0.26595774
protein|CD5,-0.24544369,-0.8879215,0.55511916,0.28526592,0.062311575,0.09685011,0.12003352,-0.19171484,0.009250966,-0.57666117,0.087258264,-0.44765636,0.033961345,-0.085922144,-0.18785256
protein|RAB13,-0.27303994,-0.3158815,-0.38642356,-0.00025545066,-0.25936833,0.083475046,-0.18614627,0.11564942,-0.6932547,-0.26075548,0.14398313,-0.18738669,-0.043411538,0.27867624,0.16696207
protein|UBE2D3,0.10005324,-0.34642854,0.1102053,0.0074224453,0.43238035,0.18039693,0.1261116,-0.19682133,0.15068083,-0.22203223,-0.28782475,0.19881655,0.06921491,-0.17815877,0.0001675876
protein|SDF2L1,-0.16769576,-0.3012486,-0.07565976,0.14801511,0.36321172,0.2175511,0.44759986,-0.10958875,0.34738305,-0.39155665,-0.20426764,-0.33791944,-0.46207294,0.28950924,0.3114976
protein|ATP5I,0.41985464,0.43944052,-0.47621113,0.49058598,0.010159367,-0.35612884,-0.3880363,0.48284987,-0.061086588,0.08244606,-0.37691584,-0.05899003,-0.33373922,-0.021069666,0.39788312
protein|SLC25A5,0.55263245,0.4281954,-0.74918824,0.34287068,0.09508728,-0.3237953,-0.29817712,0.14633462,0.24334295,0.24416457,-0.21125288,-0.0108571565,-0.30904034,-0.028980134,0.38321203
protein|RBP5,0.58741134,-0.30203286,-0.3151274,0.22265553,-0.3849805,0.3012702,-0.47733882,-0.21939299,-0.15920976,-0.38639075,-0.35113072,-0.7834262,0.020888807,-0.098788425,0.24405047
protein|SERF2,0.16877699,-0.45353606,0.09865791,-0.26567364,0.6553362,0.567864,0.41737974,0.013400396,0.35294774,-0.46641234,-0.23060943,0.51875865,0.13008788,-0.27715787,-0.2557816
protein|ACTB,0.29250318,-0.20004041,0.46546438,0.14679916,0.052528895,0.12501995,-0.624399,0.24565142,0.09650733,-0.19756536,-0.09491813,-0.09878124,0.01347948,-0.91839373,-0.30085263
protein|ACE,-0.53507936,-0.49281082,-0.04685729,0.3908384,-0.23650374,-0.14099449,-0.13564119,-0.41430157,-0.008734167,0.05607598,-0.020849325,0.023331424,-0.7206637,0.08411137,0.061193503
protein|BLNK,0.47668555,-0.2610285,-0.21078743,-0.11675142,0.44153953,0.07229547,0.23443317,-0.19800901,0.0904545,-0.16409035,-0.42980123,0.5075919,0.051197544,-0.16594556,-0.16212574
protein|SELENBP1,-0.0665719,0.35405838,0.51624876,0.7153395,-0.13589212,-0.2697656,0.07789532,0.40503505,-0.7526139,-0.15808024,0.09563359,-0.17871921,0.10592512,0.69794893,0.07665634
protein|RAB29,0.45231736,0.34270313,-0.2026877,0.023841474,-0.32795218,-0.22438215,-0.39535472,-0.37539038,-0.026239661,-0.25322202,-0.19799213,0.1699333,-0.571922,-0.043476734,0.27195033
protein|PQBP1,0.1661665,-0.23859802,0.2767221,-0.45717266,0.500211,0.6074136,0.2148269,0.26709002,0.64135927,-0.51736635,-0.5725664,0.4284378,0.07312376,0.08310693,-0.25548655
protein|TXNDC17,0.21409947,-0.09572888,0.17801353,0.14316732,0.3156892,-0.17313285,-0.19702266,-0.24439402,0.23204191,0.02753159,-0.25690317,0.0827495,-0.17634487,-0.51843435,-0.007544971
protein|TGFBI,-0.54556054,-0.42123273,-0.225814,0.23146537,-0.5319932,0.1834086,-0.17525871,0.04603608,-0.27759042,-0.20743354,0.3730281,-0.4362843,0.09507646,0.4340697,0.16119738
protein|SERPINC1,-0.3818584,0.65669113,0.4978067,-0.38187352,-0.2533081,0.089008026,-0.3091834,0.4958533,-0.97935605,0.05151943,0.46710575,0.31647363,0.26159406,0.44513994,-0.0586196
protein|UFM1,0.1252772,0.17353815,0.9784763,-0.10774145,0.5302447,0.18401085,0.07121617,0.09155052,0.5387389,-0.14958638,-0.654845,0.033805262,-0.31695375,-0.14063378,-0.48769227
protein|H0Y9Y3,-0.25708076,-0.3359191,-0.020502234,0.09588498,-0.60220563,0.29924765,0.29409528,0.22925021,-0.21829568,-0.1845644,-0.03049657,-0.37844023,0.2628796,0.43375865,-0.05075285
protein|TFEB,0.37865508,-0.23760104,0.05900321,0.12894477,0.7584374,-0.00210316,0.35237446,-0.19714533,-0.2334337,-0.1168356,-0.12575191,0.3123813,0.064637534,-0.35061076,-0.50424504
protein|GSTZ1,0.2813096,0.4179308,0.16275123,0.45953307,0.15875326,-0.4088174,0.113939054,0.43226352,-0.03568142,0.14486237,-0.14514016,-0.025258373,-0.007093372,0.07908175,-0.010695328
protein|PSAT1,0.15854175,0.31007466,-0.48991174,0.03170331,0.26624122,-0.22940516,0.2530966,-0.17821524,0.21437246,-0.009414288,-0.032489832,0.17421119,-0.34959814,0.4022637,0.2352871
protein|FGL2,-0.57965326,-0.5375084,0.2904477,0.16719916,-0.43137297,-0.0056238216,-0.21730353,-0.064667255,0.05431346,-0.26362434,0.17866164,-0.19388929,0.10910448,0.12806736,-0.01283805
protein|TYMS,0.1126189,0.06956949,-0.5353159,-0.4952401,0.5337703,-0.23996264,0.33498204,-0.9633153,0.037831753,0.06924089,0.022049189,0.3557007,0.05922182,0.3435125,0.23445894
protein|APOE,-0.48461682,0.0525508,-0.18589462,0.105560355,0.33687612,0.34179595,-0.23111977,0.36825278,-0.72296816,0.097926825,0.53673595,0.27819207,-0.054778855,0.36079925,-0.5841497
protein|CD22,0.37833124,0.11406024,-0.30125862,-0.22828677,0.32362425,0.27372357,0.14704491,-0.13044648,-0.4178232,0.17658907,0.15795203,-0.08531053,0.44727495,-0.37585384,-0.38721845
protein|ISLR,-0.2489017,-0.06854694,0.13754685,-0.33650059,-0.10541714,0.71876615,0.22570138,0.049674246,-0.20882322,-0.10827889,-0.03000063,-0.23461631,0.32832927,-0.008753043,-0.6138544
protein|DERL1,-0.27281812,-0.11633329,-0.22914375,0.71132797,0.0877611,0.45233238,0.17710724,0.12117264,-0.4233125,-0.3689634,0.08963816,-0.046886135,-0.26246154,0.45002648,-0.44235826
protein|CPVL,-0.5509151,-0.5397323,0.38021088,0.2804169,-0.3345195,-0.14521755,0.17084691,-0.12578094,0.17430831,-0.15678397,0.068464115,-0.054181106,-0.37119249,0.18749498,0.08293396
protein|M0QYT0,0.68180436,0.36682492,-0.56961125,0.7060691,0.35106638,-0.33305117,0.025168005,0.39830217,0.09895997,-0.030439405,-0.45552084,-0.45526734,-0.54064554,0.035982333,0.41881996
protein|COL6A2,-0.6373755,-0.60308146,-0.111807786,-0.13870667,-0.45510027,0.6329363,-0.06536086,0.32073212,-0.07737634,-0.20913713,0.2549092,-0.26938805,0.37612793,0.48079464,-0.12124705
protein|RCSD1,0.27146682,-0.48009062,0.22103731,-0.117667615,0.15227939,0.43439215,0.17441408,0.22360806,0.37439632,-0.2970616,-0.1599818,0.06353507,0.5606182,-0.33799142,-0.16493191
protein|CD58,-0.16629001,0.036338724,0.29207402,-0.061724942,0.51639646,0.21484163,0.5278661,-0.13807599,-0.42332715,-0.010181385,0.21396239,0.2466796,0.20890553,-0.040207162,-0.6898901
protein|NVL,-0.09491836,-0.4779197,-0.6333616,0.08095554,0.2923144,0.21650252,0.6310001,-0.04462123,-0.13606814,-0.20756774,0.024483783,0.13684821,0.08450627,0.64345074,-0.07407802
protein|SLC25A6,0.5942538,0.40110266,-0.749756,0.42584804,0.28591722,-0.43248436,-0.19533171,0.044169202,0.22660471,0.21272969,-0.40387827,-0.2775716,-0.61573905,0.040620033,0.53228444
protein|MYDGF,-0.17754678,0.2197855,-0.26029217,0.3215524,-0.51875806,-0.10930536,-0.30485526,-0.032333527,0.396148,0.15506677,0.09718743,-0.22051176,-0.502606,0.15473957,0.61670434
protein|LMCD1,-0.4324569,-0.1922702,-0.19093914,-0.60238665,-0.29621944,0.40009564,0.0793047,0.20439765,-0.2735254,0.085288025,-0.08218045,-0.52950805,0.09111238,0.11770021,-0.28069383
protein|Q5SRN5,-0.29180342,-0.5013624,0.03588048,0.046978578,0.0120636085,-0.23593545,-0.16369613,0.13795061,0.019284971,-0.1444935,0.059128996,0.05083515,-0.24089757,-0.42501527,-0.39132732
protein|HDDC2,-0.18368927,0.058660325,0.39982402,0.14976905,0.016783297,-0.004452374,0.42296398,0.099664554,-0.42902818,0.25052696,0.4681632,0.1501514,0.69910014,-0.07264076,-0.47133595
protein|YBX3,-0.37590232,-0.44539645,0.010129194,-0.3479571,-0.04356677,0.5542229,0.5238423,-0.018261438,0.11076728,-0.34096104,-0.4521805,0.37630183,0.22467814,0.33830896,-0.20884478
protein|SYF2,0.189382,0.24600673,0.5647965,0.280435,0.41775873,-0.33029228,0.14232466,-0.31052828,-0.5466822,0.18611822,0.4922041,0.19702241,0.18583766,-0.11431247,0.0032487533
protein|SMAP,0.34899154,-0.47510073,0.3162962,-0.0371469,0.43244174,0.36233974,0.29047877,-0.12621428,0.33476686,-0.39541188,-0.20472386,0.29001573,0.15234622,-0.3475977,-0.40200517
protein|PDLIM3,-0.28950608,-0.111254,-0.44318172,-0.11349979,-0.045834716,0.5653795,0.2603883,0.03332145,-0.6050011,-0.2225533,-0.07127999,-0.3639954,0.14669101,0.1794649,-0.16161382
protein|CLIP2,0.008414859,-0.021400267,0.07660101,0.19042556,0.072565705,0.10114145,0.0410262,0.06055598,-0.44533038,0.14819355,0.048285015,-0.07240706,0.24168582,-0.38858432,-0.57085323
protein|SLC1A5,-0.26816332,-0.003292711,-0.62363833,-0.12787914,0.11484537,0.13645077,0.30061144,-0.35307032,-0.42699933,0.13233426,0.37229297,0.47176456,0.17548221,0.6040136,0.18160923
protein|BCL11A,0.4305345,-0.15877321,-0.1328176,-0.12677617,0.3189869,0.20123644,0.45244554,0.06279925,-0.32448593,-0.1232823,-0.16930592,0.24296263,0.71120197,0.19113114,-0.17836668
protein|FUCA1,0.5777083,0.08424224,-0.21490133,0.3156909,0.013081602,-0.2728449,0.32033297,-0.383375,-0.25868016,0.015617016,-0.16886184,-0.61099684,-0.07675458,-0.060041446,0.29967272
protein|A2M,-0.35657918,0.5161631,-0.116479024,-0.1876349,-0.5182638,-0.031685993,0.069562465,0.1394661,-0.56054294,0.27586368,0.683981,0.048983604,0.20568208,0.7829305,0.13382989
protein|MRPL34,0.192811,-0.2886207,0.24037339,-0.20141311,0.59044677,0.3608974,0.37499464,0.16446392,0.16539182,-0.40073538,-0.5832287,0.4301555,-0.033706695,-0.039958846,-0.4782869
protein|TAP2,0.09113396,-0.41062686,-0.10698196,0.17690457,0.09844354,-0.3339276,-0.29102474,-0.11388775,0.0319697,0.25725234,-0.0224463,-0.027539486,-0.042730816,-0.31270236,0.06528758
protein|DNASE2,-0.4026932,-0.5632718,0.29729488,0.1408389,0.38250378,0.41668332,0.08169529,-0.16533642,0.21829377,-0.6730329,-0.26368898,0.16339575,-0.431115,0.047976207,-0.39386946
protein|GLRX,-0.2124709,-0.085357696,0.7912637,0.066467725,0.4417776,0.055377502,-0.3297482,-0.15717664,0.02023719,-0.051676363,-0.39766893,-0.11147025,-0.39082772,-0.19783086,-0.44161922
protein|RFTN1,0.23145595,-0.0807885,-0.7198134,-0.030597076,0.11755524,0.19095422,-0.20251684,0.23611374,-0.13988729,0.35639587,0.1478266,-0.29749176,0.50103813,-0.7847023,-0.3920314
protein|IGHD,-0.023184467,0.06964189,-0.04086883,0.045019947,0.25119632,0.15317692,0.41592744,0.38531587,-0.3723516,0.015467228,0.03987573,0.07139548,0.22712891,0.23961325,-0.1361885
protein|CIRBP,0.08851934,-0.6058179,0.052348442,-0.4392,0.35425636,0.106682174,0.49350688,0.02269541,0.3064834,-0.12009855,-0.4055219,0.13920827,0.54599357,-0.43723357,-0.3318324
protein|SPG20,-0.45275015,-0.8626924,-0.2019485,-0.047460843,-0.42280892,0.3567414,0.26932234,-0.3683875,-0.035075683,-0.19876972,-0.055478167,-0.2054323,-0.27303687,0.21337186,-0.28403553
protein|PRKCDBP,-0.22121912,-0.5012087,-0.27229264,-0.06469358,-0.1313257,0.29599082,0.53045183,-0.05245243,-0.41901365,-0.23949523,-0.04388265,-0.28171262,0.05641949,0.33335602,-0.1937393
protein|HIST1H3A,0.30049476,-0.24052466,0.4012341,-0.39274707,-0.030041087,-0.075404376,0.33271506,-0.46395025,0.43146482,0.034892425,0.30045897,-0.3883213,0.30865645,-0.499388,0.16170152
protein|LACTB,-0.31456518,0.005481624,-0.45231828,0.7407991,0.002730382,-0.5974217,-0.34164882,0.32541293,-0.1500419,-0.12197354,-0.1041539,-0.1107375,-0.7485386,-0.043106865,0.096937455
protein|ABRACL,-0.1762909,0.20489283,0.42269814,0.13806686,0.33335653,-0.3549496,-0.087854534,-0.2522806,-0.3729298,0.30930394,0.51479125,0.037108738,-0.038027525,0.1802764,-0.07569132
protein|DHFR,0.40242526,0.06589775,-0.77141166,0.019353421,0.45177564,-0.28227448,0.22953889,-0.39361048,-0.11168023,0.39791226,0.1561937,0.45673987,-0.06462641,-0.107096165,-0.035269924
protein|ICAM2,0.22193281,0.12047304,0.41134512,0.14536555,0.32014796,-0.09470318,0.5958387,-0.08195052,0.06495087,0.009971167,0.21869878,0.2512259,0.11686799,0.42423007,-0.3088549
protein|LTBP1,-0.3350552,-0.13420203,-0.30878976,-0.05495195,-0.19615227,0.59496385,0.09398392,0.51146716,-0.43960565,-0.1462431,0.09344785,-0.15915719,0.2871628,0.5088728,-0.24054131
protein|GSTK1,0.16255572,0.098438844,-0.34054935,0.8387071,-0.30730292,-0.43044272,-0.522089,0.7268199,0.077814445,0.10002501,-0.30846435,-0.36422822,-0.41261712,-0.45233303,0.21015905
protein|FBN3,-0.46174192,-0.45047045,-0.2253,-0.091111355,-0.3139813,0.4848093,0.15715693,0.3425488,-0.3736859,-0.14615607,0.18361834,-0.20916617,0.6147209,0.33352277,-0.3374285
protein|APOH,-0.42539448,0.32324517,0.18053013,-0.4042339,-0.08053807,0.39721805,0.12696378,0.41295296,-0.6535785,0.23385787,0.4289846,0.029247502,0.21827883,0.47601667,-0.36420617
protein|LAMP2,-0.46197054,-0.34335828,0.3678363,-0.2691975,0.5245658,0.30692124,-0.086648025,0.23381951,0.069822244,-0.45201004,-0.39962015,-0.022545302,-0.24206847,0.054004464,-0.48008534
protein|EWSR1,0.08228359,-0.40560246,0.30607754,-0.5533757,0.22560263,0.49692434,-0.0014331918,0.44539407,0.46041918,-0.3893255,-0.5548397,0.1684921,0.12802948,-0.54334915,-0.3632463
protein|HSPA1L,0.28305542,0.34135336,-0.2284534,-0.42070752,-0.21408053,-0.094936155,-0.600142,0.07683746,0.83944964,0.13786015,-0.24543649,0.21419609,-0.13634345,-0.5014814,0.43271467
protein|CYP51A1,0.2928442,0.52891743,-0.41315868,0.29284844,0.3532661,-0.35208818,0.35594544,-0.16040328,-0.20144625,0.4064176,-0.15992515,0.043339536,-0.26207042,0.09548314,0.022563288
protein|PRDX3,0.13148361,0.18317482,-0.8654823,0.8054104,0.27449045,-0.30524555,0.11230413,0.3049609,-0.24602678,-0.011045548,-0.4710677,-0.29625693,-0.6568057,0.24468707,0.25641298
protein|EVPL,-0.2358358,-0.2647334,-0.5174518,0.14438568,-0.5585673,-0.013234267,0.1551644,-0.23246469,-0.20947179,-0.21258691,-0.19339032,0.17656441,-0.19189756,0.20746088,0.055376697
protein|BPGM,-0.12756342,0.44607207,0.5715516,0.27392432,-0.08795271,-0.3833216,0.17733347,0.041585147,-0.5758097,0.10952731,0.5108637,0.34087956,0.20940483,0.5553573,-0.2687437
protein|CYP27A1,-0.3271672,-0.19826248,-0.6429638,0.61110556,0.33580658,-0.25824955,-0.119997166,0.18188435,-0.6208611,-0.23933975,-0.18139112,-0.12805009,-0.58762324,-0.030915795,-0.015486117
protein|SGPL1,0.19497885,-0.10565398,-0.5921937,0.3271528,-0.5030696,-0.2666872,-0.48396602,-0.35880104,0.026633482,0.009847314,-0.095125236,-0.6872728,-0.50671977,-0.22137502,0.55458397
protein|MPP1,-0.3900792,0.13004342,0.15820523,0.36833593,-0.14197469,-0.54605776,-0.23245849,0.058026783,-0.33244312,0.37430337,0.8830874,0.16287339,-0.01870084,0.33017015,0.07555967
protein|HADH,0.83435535,0.530485,-0.597788,0.5551525,0.21789443,-0.27999827,0.018545572,0.6301106,0.21121055,0.13686895,-0.51134485,-0.13050427,-0.2571064,0.02098729,0.5438642
protein|NARS2,0.34627762,-0.029752031,-0.7660723,0.5546537,0.10134493,0.17547268,0.3466717,0.47007886,0.020520283,0.04085409,-0.66359705,-0.043522052,-0.041879855,0.21975313,0.06421879
protein|KIF2C,0.07193806,-0.073337466,-0.9157972,-0.47976887,0.16748175,-0.05209787,0.07377645,-0.67975783,-0.13372935,0.16071185,0.05853318,0.49080005,-0.03973096,0.30979335,0.24109851
protein|IFI30,-0.44884884,-0.64068377,0.042862166,0.028116744,0.37334436,0.26335394,0.52193713,-0.19033122,-0.0033447829,-0.34147385,0.0011094158,-0.07835206,-0.12711526,0.20378712,-0.36778894
protein|TMA16,0.30275586,-0.19430844,0.09774881,-0.48878863,0.45746383,0.17608199,0.5193666,-0.2640334,0.68170637,-0.23686327,-0.42979124,0.3407832,-0.09309737,-0.11171614,0.11285649
protein|GPATCH4,0.11014471,-0.33658418,-0.5338393,-0.28339615,0.32062653,0.4326244,0.599579,0.03987752,0.4147337,-0.39929748,-0.123968735,0.550685,0.12048792,0.27293277,-0.012161783
protein|GRID2,0.33053675,0.16115493,0.15110162,0.39274016,0.23859376,-0.57258344,-0.06639988,-0.37724876,-0.2872034,0.42152005,0.5243687,-0.40294433,0.230588,-0.19791779,0.35215503
protein|SAP30BP,0.1455342,-0.53396815,0.10995876,-0.1515096,0.6362058,0.44893378,0.5662847,0.13549158,0.20749065,-0.49496415,-0.22312506,0.44699636,0.1367892,0.065978736,-0.5312672
protein|GNG12,-0.17506017,-0.22046849,-0.18165027,0.4085525,-0.34393838,0.3953153,0.3482322,0.605016,-0.64486355,-0.17978895,-0.3991616,-0.45903295,0.048588984,0.16808498,-0.031863954
protein|TGM2,-0.592067,-0.15218866,0.19143325,0.36491662,-0.54955477,-0.081430316,-0.42105117,0.04819151,-0.088108376,0.051581915,0.25815696,-0.48767334,-0.57039714,0.3065205,0.18161465
protein|MRPL3,0.53135175,0.02545958,-0.25001955,-0.026519688,0.50746703,-0.22721502,0.5357881,-0.3072987,0.19686197,-0.13558878,-0.69764763,-0.09518376,-0.46757072,0.07198059,0.11269741
protein|UBQLN4,-0.42594647,-0.6948169,-0.16756083,-0.12345875,0.023892537,0.55133224,0.7319895,-0.14983875,-0.37572572,-0.19967943,-0.06620943,-0.22400045,0.24631974,0.32484892,-0.44268188
protein|HK2,-0.24685356,0.10527063,-0.37584955,-0.054746874,0.21134412,-0.0057641077,-0.17161877,-0.19715057,-0.2984519,-0.117348626,-0.32007414,0.26484382,-0.36163905,0.51112485,0.16760454
protein|EVL,-0.04731022,-0.92419785,0.54221064,0.4692226,0.05096379,-0.044860058,0.056308955,-0.15820864,0.16796213,-0.37590763,0.07511003,-0.5731553,0.15983117,-0.6406689,-0.25315186
protein|UPP1,-0.45038348,-0.13137029,-0.096394226,0.10541904,0.036246266,0.00016815885,-0.16856654,-0.51783645,-0.47281808,0.15164787,0.22163197,-0.04280987,-0.31068182,-0.19186288,-0.25559035
protein|COX6C,0.29990214,0.10880018,-0.3122436,0.7538475,0.22799392,-0.41767085,-0.19500011,0.5268475,-0.1565463,0.10288394,-0.47499856,-0.1577832,-0.5940073,-0.11862859,0.049477976
protein|C3,-0.29634756,0.5633454,-0.19048247,-0.19123386,-0.59261066,0.20430984,-0.13152722,0.28394717,-0.9157442,0.18708737,0.70266813,-0.11207997,0.18401763,0.6198229,-0.028563904
protein|NPEPL1,-0.34153923,-0.57296795,-0.1491877,-0.08118973,-0.36597008,0.48596108,0.16867065,0.40631342,-0.14828882,-0.12507401,-0.030422973,-0.11031074,0.06591707,0.25500908,-0.28281787
protein|CPM,-0.72072303,-0.4141585,0.10586094,0.087434225,0.0685231,-0.17564133,-0.34854823,-0.15467432,-0.09784022,-0.27618995,0.23785019,-0.16764095,-0.44254556,-0.023989279,-0.050734792
protein|TSPAN10,0.16535202,-0.41938615,-0.52272904,-0.14479947,0.20752423,-0.44173735,0.78626347,-1.1714487,-0.12646726,0.047822352,0.22982293,-0.010724243,0.013196256,-0.17004521,0.15925282
protein|DAXX,0.4985867,-0.21478093,0.21729048,-0.36282915,0.54718554,0.29145062,-0.002124487,-0.065369055,0.3664404,-0.48373976,-0.43193677,0.46034333,0.052833013,-0.3466107,-0.38298514
protein|EZR,0.5556582,-0.07663633,-0.41663593,0.1215851,-0.005492558,-0.2438576,-0.2043469,-0.086330995,0.26730388,0.29041833,0.0238368,-0.42638192,0.2308255,-0.7961334,0.30467638
protein|WDHD1,0.25642052,0.30848974,-0.73568374,-0.38536453,0.121708535,-0.15309636,0.23084037,-0.5929715,0.1635741,0.3116879,0.30519396,0.6854637,0.10567322,0.07020614,0.13517295
protein|ASNS,0.3124742,0.4580991,-0.5561167,-0.055189364,0.37883034,-0.11231113,0.07484831,-0.3006561,0.08984467,0.31409657,0.018154277,0.14164516,-0.18122078,0.33620098,0.3456357
protein|ELP4,0.24947451,-0.5298332,-0.23871672,0.033120364,0.13060303,0.31123117,0.50490624,-0.21896511,0.011361689,-0.08127215,0.23775008,0.20949718,0.285847,0.2912201,-0.18807434
protein|RPL36AL,0.030228755,-0.57031864,0.41671237,-0.20324188,0.54027873,0.23999,0.47723648,-0.29133308,0.35919467,-0.5614359,-0.3344167,0.1500463,0.08632345,-0.0347359,-0.13732761
protein|CLPTM1,-0.35274503,-0.42131403,-0.67140895,-0.14327538,-0.15054509,0.14115196,0.17737581,-0.10962801,-0.43534288,-0.37147963,-0.18208995,0.07675902,0.038819943,0.29264945,0.007452113
protein|FAM126A,0.16460375,0.4368871,-0.28504995,0.3919408,0.11451357,-0.41911212,-0.35065717,0.12645744,-0.30245286,0.52365303,0.36913958,-0.18549654,0.110446624,-0.37869042,0.058909968
protein|SUMO2,0.36299846,-0.20146179,0.56761116,-0.38490292,0.16883887,0.35976258,-0.04883974,0.17863905,0.6978943,-0.48415646,-0.43314466,0.4704819,-0.029152846,-0.48867887,-0.43731794
protein|MBD1,0.023712019,-0.77861494,0.013116575,-0.35820222,0.24618337,0.33008912,0.59397334,-0.10505501,0.13044849,-0.28293324,-0.13156864,0.12298668,0.21937302,0.12799115,-0.21559851
protein|GALNT2,-0.019849746,0.12742569,-0.35766324,0.057040766,0.19337901,0.068090856,0.054975048,0.21144888,-0.076130025,-0.052998994,-0.2791225,0.11678074,-0.15459096,0.3519728,0.119592324
protein|ACSL1,-0.35911626,0.23008405,-0.43518335,0.7916698,-0.06407563,-0.4749352,-0.34608668,0.45121434,-0.21785605,0.058990464,-0.026732873,0.17211953,-0.73939776,0.22105275,-0.04518459
protein|AFM,-0.33291808,0.17535685,0.1583129,-0.20948344,-0.04692112,0.23696269,-0.070799,0.31764254,-0.3528504,-0.027919583,0.31980744,0.15076874,0.06575226,0.3274593,-0.24776243
protein|GYS1,-0.30131474,-0.09723055,0.0023086325,-0.20699982,-0.048361123,-0.32278833,-0.27424675,-0.01279839,-0.05679623,0.039775968,-0.26698428,0.0021800797,-0.22270143,-0.19008279,0.085515715
protein|RNPS1,0.32975593,-0.24623685,0.38329038,-0.5368707,0.45624796,0.24970911,0.10277587,0.10209552,0.5717744,-0.41899234,-0.27713713,0.6041,0.16900697,-0.22417554,-0.28098533
protein|SUB1,-0.09957846,-0.399941,0.76570493,0.10049651,-0.022058988,0.22045502,0.19754583,-0.3334624,0.24803014,-0.71447086,-0.25704867,-0.055933334,-0.18276513,0.23477925,-0.060566507
protein|NDUFB5,0.34672645,0.29694235,-0.73727226,0.8513755,-0.09334432,-0.4767482,-0.18518575,0.27905184,-0.06518864,-0.024951786,-0.48461315,-0.4797214,-0.41971344,0.07041733,0.4545371
protein|MIEN1,-0.13145342,-0.13797124,0.118319474,0.048118584,0.25702798,0.5143281,-0.024937563,0.34827343,1.0187039e-05,-0.28024805,-0.34150928,-0.094178416,0.059008412,-0.17907605,-0.1719926
protein|LPCAT3,0.18825302,0.028581204,-0.3719435,0.68893677,-0.18858124,-0.48707068,-0.35417154,-0.0710389,0.027348328,0.16020294,0.0689838,-0.26748183,-0.44225943,-0.23501424,0.37488806
protein|ANPEP,-0.6185508,0.13956046,-0.061013546,0.16083552,-0.07555826,0.02091577,0.3755235,0.11160193,-0.59909636,0.15363519,-0.044775937,-0.2027659,-0.37882286,0.3881885,-0.096485935
protein|ANKRD28,-0.13816541,0.022496628,-0.09526718,0.3499341,0.13301189,-0.63024527,-0.07254266,-0.49013573,-0.19243869,0.39407694,0.6602147,0.08162359,-0.26799577,-0.0070735994,0.06313056
protein|TNXB,-0.33128265,-0.46772036,0.008668344,0.1581493,-0.61523247,0.3663083,0.57822657,0.21276106,-0.11662774,-0.01445625,-0.2789906,-0.24251547,0.6062653,0.31112677,-0.110207
protein|CYCS,0.13419949,-0.043444145,-0.28079692,0.48473066,0.37671304,-0.21662846,0.030320339,0.28455848,0.53969616,0.16899787,-0.6219935,-0.087948725,-0.4812104,0.110017434,0.3838486
protein|KIFC1,0.33969814,-0.14585929,-0.32980406,-0.49980527,0.6345515,0.48697048,0.16453372,-0.015329125,0.24347906,-0.098236926,-0.21658228,0.18826361,0.019667907,0.06395583,-0.17790367
protein|GCC2,0.08672979,-0.21487975,-0.31259194,0.02327126,0.022161113,-0.41879314,0.47103137,-0.5164712,-0.06332892,0.21598075,0.17937838,-0.15813157,0.045512833,-0.1738761,0.030930635
protein|ITGAX,-0.091744296,-0.22183491,-0.47420052,0.01279529,-0.18501076,0.23912513,-0.44706324,-0.29784074,-0.7749609,-0.33461785,0.062133104,-0.18137449,-0.25524417,-0.6172467,-0.12766306
protein|GM2A,-0.4695132,-0.15711766,0.3270874,0.07694513,0.5414936,-0.18054324,-0.20817718,-0.13663007,0.3613254,-0.38598654,-0.28034464,0.049780007,-0.71410567,-0.11382201,0.045871876
protein|LIME1,-0.29761496,-0.5681061,0.10305634,0.05254881,-0.11381978,0.5448027,0.03936979,0.0034795913,0.09411924,-0.27556014,-0.163555,-0.19452307,0.047756407,0.4027074,-0.18380143
protein|CACYBP,0.5168848,0.11932123,-0.62320197,-0.2932902,-0.097468905,-0.29432252,-0.38329896,-0.57129204,0.42484438,0.2693477,0.08114666,0.24433582,-0.22130917,-0.23100553,0.39361674
protein|FCGRT,-0.4744216,0.20153105,0.12553164,0.44382054,-0.11113902,-0.28373268,0.2714332,0.13022733,0.13593371,-0.054957874,-0.022286799,-0.28891695,-0.38496554,0.5629971,0.13767697
protein|UBE2L3,0.19164436,-0.12783927,0.5611722,-0.3292341,0.529351,0.41330716,-0.07838912,-0.04279241,0.44150487,-0.5664253,-0.5587235,0.031988394,0.011585247,-0.3659983,-0.1410326
protein|TIMM8A,0.2717243,0.20763291,0.088643275,0.334148,0.6701359,0.07092905,0.15462877,0.40051788,-0.018565139,-0.12876737,-0.6372105,0.036498677,-0.24289341,0.15543988,-0.41769
protein|PLGRKT,0.045902073,0.37406403,-0.41876188,0.23414035,0.09887932,-0.38004562,-0.2762479,-0.1946602,-0.58154815,-0.031335745,0.14365566,0.26509863,-0.47263137,-0.014245278,-0.06774393
protein|FSCN1,0.37690043,0.17867376,-0.4448349,-0.04937359,-0.24513595,0.22093529,-0.23391642,-0.2839559,-0.73260224,-0.039066993,-0.07049987,-0.38500142,-0.12678672,-0.4752786,-0.27585906
protein|MARCKS,-0.12720633,-0.23378228,0.18575887,-0.53654784,-0.03451593,0.5185255,-0.1341931,-0.08551086,0.032212,-0.740672,-0.3286553,0.27818274,-0.1274238,0.070948094,-0.3201072
protein|H0YKJ4,-0.16422296,-0.19693795,-0.08526166,0.41956902,-0.24853395,0.2044162,0.40301344,0.39059678,-0.65142643,-0.31633866,-0.10138394,-0.3901173,0.14841907,0.64182764,-0.038088724
protein|PIP4K2B,-0.2910641,-0.4094722,0.05989378,-0.334006,-0.33999318,0.19145691,-0.06576793,-0.012493034,0.22253168,0.36236882,0.23003781,-0.47177708,0.57513463,-0.6120939,-0.13026008
protein|CAT,-0.19184911,0.41722968,0.81282914,0.36763108,0.041889645,-0.23950413,0.21992595,0.5898766,-0.68784225,-0.114114806,0.33425933,0.21607712,0.38586485,0.69158036,-0.403378
protein|CDC2,0.36563554,0.14847411,-1.0236373,-0.5526069,0.301012,0.11321604,0.07979546,-0.66456276,0.011994474,0.2307948,0.026568217,0.55937666,-0.22040452,0.21016786,0.08924506
protein|UBE4A,-0.08482412,-0.18593435,-0.38861835,0.12165128,0.37137723,0.042707644,0.07410543,-0.36936855,-0.02222746,-0.13791989,-0.2847189,0.18722557,-0.4249824,0.34728533,-0.20580755
protein|GLS,0.47738335,0.19465579,-0.6269243,0.08135066,0.31803668,-0.3642403,0.17399837,-0.36970702,0.17540157,0.15271865,-0.30532452,-0.029082043,-0.34898195,-0.04033891,0.2444114
protein|MAPRE2,0.31151783,-0.30307195,-0.03858144,-0.25388655,0.3287782,0.041231208,-0.00902244,-0.03952886,0.28746894,-0.022681983,-0.37580055,0.19720934,0.18233868,-0.33309087,0.30821547
protein|SRM,0.30859515,0.25299343,-0.42658898,-0.051896233,0.12858556,-0.08353036,0.27225673,-0.57627606,0.23465765,0.27840555,-0.006862058,0.25503525,-0.38426673,0.40100163,0.1253833
protein|OAT,-0.10837285,-0.29795617,-0.8281825,0.3196944,0.13895929,-0.07076621,0.07739948,-0.02655473,-0.24632528,0.117603734,-0.09754327,-0.010110731,-0.20713863,0.00998603,-0.03805486
protein|OPLAH,0.05129529,-0.03701365,-0.31326455,0.53126395,0.2825606,0.15544304,-0.06690497,-0.10479585,-0.3809456,0.022137772,-0.13395573,0.23551978,-0.47847906,0.112684876,-0.24304622
protein|KNG1,-0.36484727,0.597775,0.41504273,-0.4034671,-0.10383425,0.19373345,-0.034149785,0.44356924,-0.639664,0.12691405,0.647807,0.3078976,0.23813817,0.5269822,-0.3251847
protein|CD7,-0.19450381,-0.67073506,0.5132206,0.29854935,-0.092496864,0.020945193,0.24126363,-0.20246336,0.0002990709,-0.44958797,0.018946657,-0.5037195,-0.26566806,-0.07401629,-0.3947261
protein|CBX5,0.5047573,-0.16020265,-0.51684976,-0.58439124,0.25324464,-0.07899104,0.17839716,-0.20694526,0.28625453,0.18145558,0.24815653,0.09402985,0.37028417,-0.42448735,0.16547029
protein|RPLP1,0.34009445,0.3644148,0.38304564,-0.409597,0.168189,0.07776876,-0.0046625137,-0.26848137,0.7549508,-0.06948082,-0.38357642,0.28693888,-0.38753554,-0.042779204,-0.18952093
protein|TUBB4A,0.26606846,-0.07506904,-0.34177637,-0.17464812,-0.046767868,-0.08169409,0.005293172,-0.48330915,0.019896891,-0.37150374,0.03080544,0.3039822,-0.49252048,0.14332023,-0.1417113
protein|VCAM1,0.23373708,-0.2529411,0.14534414,0.21398526,-0.23505327,0.26575938,-0.47320306,-0.010691374,-0.5132021,-0.72243536,0.23375402,0.07526193,0.19196756,0.00822659,0.045064595
protein|STX11,-0.57705367,-0.5990141,0.017612448,0.30391297,-0.22775953,-0.255183,-0.36874038,-0.69236654,-0.047054365,0.014063237,0.64792883,0.030013045,-0.36760235,-0.2841449,-0.05557054
protein|PTGDS,-0.07433428,-0.0007822529,0.110345334,-0.04767157,0.12915926,0.2862067,-0.6171247,0.22975406,-0.57251835,-0.37993768,0.15949072,0.20672528,0.10647114,-0.24165952,-0.29597762
protein|NIPSNAP1,0.47246054,0.09672397,-0.1034012,0.6570654,0.074978225,-0.22571906,0.15671442,0.3519135,-0.02418834,-0.17875431,-0.44941235,-0.14935969,-0.2556159,-0.016380265,0.08132647
protein|COTL1,0.029403275,-0.4100166,0.26453736,0.21982619,-0.39088368,-0.2566813,-0.57152975,-0.5344357,0.08471043,-0.13405555,0.09263801,-0.6284816,-0.19563784,-0.8238416,0.18022081
protein|NT5C3A,0.009293384,-0.42448407,-0.031956792,0.113776535,-0.15190797,0.36613885,0.41304734,0.021721883,0.05910779,0.08327805,-0.19903135,0.04851836,0.41842282,-0.20775007,-0.35179296
protein|EHD3,0.43900967,0.21148728,-0.05861974,0.21013522,0.28719258,-0.13694228,-0.03304051,-0.21045168,-0.4586742,-0.009092803,0.06746586,-0.10414832,-0.0005664035,0.14082,0.08639693
protein|INTS3,0.09927206,-0.049645953,-0.0144524835,0.015050975,0.023518229,-0.014924449,0.5273593,-0.27761236,-0.13851388,-0.021034483,-0.22999214,-0.055351723,0.09441656,0.15280183,-0.06589856
protein|FOXP1,0.56675535,-0.11728583,-0.16873823,-0.25972122,0.3243013,0.024282988,0.04859794,-0.31276596,0.04149292,-0.27432197,-0.13510178,0.4580035,0.12610531,0.120431334,0.15004195
protein|S100A6,-0.61756504,-0.019257847,0.42676768,-0.011672187,-0.42378905,-0.10009906,-0.1483709,0.0774971,-0.58098525,-0.054814048,-0.56390804,-0.17632452,-0.15521917,0.05298294,-0.11705675
protein|ACOX1,0.2967418,0.32371572,-0.78918844,0.8620556,0.19153987,-0.32017395,0.13371566,0.52087605,-0.3931741,-0.09531693,-0.48722044,-0.10195872,-0.43799788,0.30460307,0.21790698
protein|PTAFR,-0.17390242,0.05569549,0.08419171,0.2169729,0.14100353,-0.047852717,-0.37724873,-0.17796582,-0.41046414,0.0011807175,0.087670274,-0.06107313,-0.49609277,-0.14360723,-0.17207752
protein|ZC3H4,9.726167e-05,-0.684836,0.102970436,-0.1169457,0.37493446,0.5708577,0.5402901,-0.049709287,0.20722312,-0.34967345,-0.4390636,0.18692617,0.2985318,-0.11439396,-0.39667916
protein|AGT,-0.19487761,0.6439124,0.31137022,-0.18658806,-0.1723876,-0.097151235,-0.02314906,0.16097987,-0.7357369,0.3523879,0.6607146,0.1737828,0.2787024,0.42497593,-0.19885382
protein|TOR1A,-0.05290714,-0.20434791,-0.27847317,0.3968138,0.014415241,-0.28826144,0.3620618,-0.21763146,-0.5802419,-0.0231334,0.014813186,-0.1341149,-0.15350941,0.03657141,-0.17040086
protein|MYO1E,0.12242255,0.1866377,-0.59912103,0.14458415,0.11779268,-0.27452525,-0.118224174,0.19212124,0.071824744,0.26163247,0.13621733,-0.20026258,0.1366201,-0.36019135,0.2517957
protein|ISG15,-0.10471175,-0.31988582,0.17484683,0.3086937,0.0062112715,-0.38587835,0.049976226,-0.25853643,-0.006797343,0.20621215,0.22500037,0.0029907858,-0.042339444,0.06504076,-0.25820774
protein|TMUB1,0.011652598,-0.1764763,-0.10043934,0.5321937,0.14967245,0.4348659,0.56358206,0.39553896,-0.098184206,-0.065099485,-0.5341719,-0.11676233,-0.036948737,0.38013795,-0.34946916
protein|P08133,-0.11173714,-0.11798191,0.27024373,0.2416595,-0.48240215,-0.45805842,-0.16374198,-0.36058837,-0.11715662,0.023615232,0.2745061,-0.71430415,-0.1280503,-0.34603992,0.40818027
protein|HSDL2,0.4197047,0.07370491,-0.644606,0.85873324,0.04865594,-0.098430246,-0.035681453,0.50132203,-0.15040737,0.097774506,-0.32279813,-0.34914687,-0.10446832,-0.04084466,-0.04869857
protein|CCDC50,0.23379321,-0.36651084,-0.15850493,-0.23147394,-0.30588055,0.06903065,0.5185767,-0.54278386,0.21609761,-0.491747,-0.0819052,0.17633009,-0.07353909,0.3083547,0.030350333
protein|PRDX6,0.242354,0.31773734,0.04855534,-0.003200311,0.31757545,-0.22270262,-0.2705939,0.15041447,-0.14969401,0.4755627,-0.12967968,-0.009878108,0.030026842,-0.31479943,-0.14968483
protein|H2AFV,0.2257219,-0.1668396,0.6083605,-0.5646327,0.6221894,0.06912048,0.55097425,-0.47876817,0.25151038,-0.20905757,-0.21758354,-0.41107765,0.002302289,-0.32892105,0.014631846
protein|A0A1B0GW05,-0.19897763,-0.41232583,-0.24502802,-0.0729281,-0.06723244,0.54882747,0.75180674,-0.11383908,-0.4738564,0.003038656,-0.16071832,-0.57732296,0.12801985,0.3950718,-0.04195931
protein|CD53,0.21618593,-0.2887232,-0.29624885,-0.16070725,0.027235834,0.11524841,-0.13346978,-0.28797403,-0.065663025,0.21143284,0.17078409,-0.04177468,0.19448188,-0.50501275,-0.06729644
protein|NGDN,0.1704106,0.05634918,-0.4667374,0.08622282,0.45224828,-0.021032056,0.5665686,-0.5276771,-0.059236005,-0.08144299,0.038735837,-0.0054923114,-0.20370774,0.51710254,0.020776374
protein|MAD2L1,0.43508333,-0.010411301,-0.9052675,-0.21267582,0.33849633,-0.20149913,0.31496376,-0.98787713,-0.04735632,0.28350893,-0.033551324,0.14266205,-0.3479225,-0.06872697,0.16084848
protein|RPL29,0.16387767,-0.36468592,0.049440403,-0.2347829,0.22535455,0.54576665,0.254231,-0.013792245,0.6116292,-0.3480381,-0.30578634,0.5933091,0.08214785,-0.038125288,-0.4398229
protein|AK4,-0.009648606,0.21016668,-0.3198033,0.5387105,0.45561045,-0.3987235,-0.08195011,0.23484093,-0.38744965,0.04009248,-0.31832427,0.15071575,-0.3191156,0.36779982,-0.08536766
protein|USF1,0.062968075,-0.3896558,0.17354518,-0.35458073,0.3926195,0.22313611,0.62624955,-0.23171629,-0.08749338,-0.30996007,-0.036871295,0.13480143,0.20485067,0.0018383124,-0.4000055
protein|FLNC,-0.5604677,-0.37574044,-0.26245245,-0.2564073,-0.25534552,0.1780236,0.33752012,-0.08002983,-0.38925388,-0.05387909,-0.20906006,-0.18614084,0.2029719,0.28208447,-0.08378846
protein|NDUFA5,0.2241985,0.47546434,0.06099947,0.5988774,0.21187973,-0.06731248,-0.18589309,0.5367421,0.06231101,-0.020712044,-0.29209843,-0.48757783,-0.3033668,-0.10748495,0.09478526
protein|TGFB1I1,-0.3019895,-0.3275122,-0.34796196,0.19162065,-0.5244674,0.45606777,0.43690628,0.20170313,-0.5926657,-0.29988757,0.06291781,-0.19013517,0.30913997,0.5461196,-0.30843443
protein|SDPR,-0.025525631,0.1887117,0.5183377,0.30280098,-0.20571995,-0.07537962,0.26415613,0.05662815,-0.31275895,-0.0002262016,0.21597709,-0.20077091,0.30783397,0.7769077,0.03331607
protein|EFEMP2,-0.3391281,-0.3277102,-0.59791183,0.07611925,-0.36985812,0.6899271,-0.13078927,0.19853441,-0.5219799,-0.10010436,0.0987977,-0.32704532,0.34354755,0.15872541,-0.30563006
protein|STMN1,0.56630385,0.08764084,-0.32242858,-0.4834881,0.5762659,-0.06811941,0.038117513,-0.30985752,0.30834368,0.11807289,-0.037625495,0.51441514,0.18720219,-0.37391728,0.009880282
protein|ABHD16A,-0.25152,-0.1239272,-0.30335626,0.2647813,0.13768978,-0.057812534,0.06577492,-0.28171718,-0.20794399,-0.036697667,0.06394307,-0.06428556,-0.37340468,0.16068867,0.0014571585
protein|CPT1A,0.0515234,-0.033299915,-0.53585696,0.6752727,-0.21869399,0.102541745,0.2398067,0.25515938,-0.28800938,-0.14951795,-0.42300576,-0.24628595,-0.2545751,0.65428954,0.26105553
protein|DBNL,0.21037361,-0.71474534,-0.4243304,0.0012672463,-0.0818209,0.055791516,0.159628,-0.29298857,-0.07691624,-0.08288585,0.14465837,-0.0052691023,0.34912708,-0.6517648,-0.38293427
protein|APOA4,-0.284818,0.26472455,0.14953172,-0.19845037,-0.08171888,0.03827034,-0.029009823,0.3345602,-0.4844477,0.29762667,0.5020687,-0.02359525,0.31389913,0.3474607,-0.20339064
protein|C1QBP,0.28361455,0.29749626,0.041014355,0.021640409,0.4958371,-0.23036031,0.11249624,0.24682826,0.5074088,-0.11494139,-0.37769133,0.06683271,-0.1863063,0.17969921,0.13799374
protein|BPNT1,0.38160452,0.07453643,-0.2374592,0.074734464,0.44606182,0.07331151,-0.37320557,0.23366095,-0.13872868,0.4838935,-0.10815564,-0.34251702,0.34141856,-0.8830197,-0.22676219
protein|DUT,0.20641415,0.045317277,-0.38074565,-0.45270652,0.6240728,0.20745571,0.34226072,-0.6424623,0.29839855,0.10090057,-0.111528024,0.60340136,-0.1726456,0.041135017,-0.0899263
protein|MPHOSPH10,0.38280356,0.11993613,-0.562306,0.2846055,0.26098815,0.10989006,0.44722748,-0.089938655,0.23078991,0.07365916,0.062424622,0.36777684,-0.007031489,0.44675612,0.28033936
protein|NDUFB11,0.36432502,0.15507369,-0.048790727,0.6393715,0.41148436,0.23558125,0.12092469,0.79766005,0.004098977,-0.37926185,-0.6083512,0.22940128,-0.38780782,0.11601466,-0.19643481
protein|TUBB8,0.37204558,0.44528282,-0.18157467,-0.45170584,0.0002176525,-0.17449515,-0.5954883,0.23467903,0.534506,0.2955947,-0.060828578,0.09159888,-0.37414968,-0.20830242,0.23139076
protein|CD200,0.031651072,-0.2853806,0.21137221,-0.06175226,0.005478135,-0.08325548,-0.002928885,-0.15520748,-0.070343584,-0.52104276,0.14397176,-0.27021393,-0.17608076,0.057923984,0.060515597
protein|HN1,0.11317011,-0.23152384,0.0039072772,-0.19072817,0.6171642,0.4878995,0.3318039,-0.24643168,0.06938706,-0.56203127,-0.31473485,0.49199882,-0.04679723,0.072032064,-0.43627533
protein|APOC3,-0.19144449,0.1720925,0.2728541,0.076451674,-0.0039692135,0.32639104,-0.030367501,0.57947356,-0.6769313,0.10736654,0.2803047,0.13670705,0.30210176,0.5267123,-0.40114313
protein|FAH,0.10559048,0.36089906,0.053865768,0.41143906,0.22588381,0.16341045,-0.0332217,0.5854119,-0.082676224,-0.052220445,-0.22495146,-0.07516915,-0.29788664,0.37271485,0.13406415
protein|CIC,-0.16999315,-0.17549592,-0.0064879856,-0.09224134,0.14013211,0.106343195,0.36415544,-0.0924383,-0.20126909,-0.21208256,0.03722741,0.10291633,0.21183288,0.32032025,-0.20089126
protein|ACADS,-0.12991948,0.011472828,-0.17776446,0.9157178,0.05948027,-0.28733698,0.017699344,0.26425746,-0.30805656,-0.112443686,-0.42223978,-0.24547334,-0.5886437,0.107575014,0.14422
protein|CD3D,-0.2881391,-0.6730978,0.48708415,0.50675195,-0.14450426,-0.30478996,0.1534237,-0.16966082,0.02684961,-0.24494296,0.1585846,-0.5556736,-0.15320115,-0.046252202,-0.122936256
protein|C1R,-0.32324836,0.340634,-0.13359064,-0.059108764,-0.29816145,0.16346942,-0.0832053,0.20234787,-0.73216146,0.10580944,0.53448105,-0.21313973,0.102598235,0.42653918,-0.12209768
protein|ANXA1,-0.8373137,0.0429847,0.15382303,-0.20416911,-0.76776195,-0.27817002,-0.00029968855,-0.13256384,-0.6726813,0.1931147,-0.06226561,-0.14302555,-0.1243826,-0.0065714014,0.039633397
protein|MRPS16,0.07992802,0.013741377,0.36797845,-0.05565271,0.46170318,-0.0073732627,0.2587402,-0.020582959,0.12168811,-0.35575965,-0.8958381,0.22695975,-0.35969388,-0.07869749,-0.46985063
protein|CRYM,0.2845502,0.14942999,0.1324521,0.0614869,0.37188306,-0.2066437,0.26337886,-0.036969252,-0.35683236,0.1464748,0.15113086,0.09199285,0.06358097,0.06340782,-0.06824478
protein|CD74,0.24390933,-0.10154966,-0.11018279,0.20513682,0.47434902,-0.2902834,0.3706562,-0.28794667,-0.07063146,0.19584882,0.08153423,-0.11764308,-0.003649896,-0.7484904,-0.4393598
protein|DOK2,-0.54680943,-0.86367196,0.15980156,0.48677638,-0.53285366,-0.10936989,-0.058035146,-0.5466688,0.07946559,-0.30867139,0.2052233,-0.4245468,-0.5068269,0.02502167,0.15232715
protein|THYN1,0.24381804,-0.4162976,0.59414685,-0.13224284,0.21165802,0.37030497,0.030641092,0.21454446,0.48333818,-0.4768719,-0.53111064,-0.047889136,0.14143026,-0.31598926,-0.10584183
protein|BCAT1,-0.17864153,0.25829405,-0.07310171,0.18508303,0.18028915,-0.10063111,-0.2937059,0.09505175,-0.38200513,0.22806144,0.2216081,0.3411104,-0.13037884,-0.20029889,-0.3664466
protein|NCF2,-0.6862378,0.0108433515,0.2486064,0.39746106,-0.025669742,-0.52385604,-0.28381217,-0.23972799,-0.15234149,0.09648362,0.15857275,0.35121354,-0.6507521,-0.19255583,-0.2164188
protein|NT5C,0.24031772,0.12890176,0.4518443,0.052770402,0.25946456,-0.29164004,0.24319102,-0.3129942,-0.00044619798,-0.059156034,-0.25605115,-0.10707945,0.1278636,-0.40128574,-0.03083675
protein|C8B,-0.29490623,0.49311626,-0.030404074,0.10076233,-0.18032593,-0.060878422,0.011370888,0.14297763,-1.0141886,0.21724653,0.59099054,0.0122367125,0.08808162,0.6286493,-0.019019175
protein|TRIOBP,-0.46668693,-0.39792722,-0.36913484,0.17547436,-0.45868212,0.3596955,0.09805207,0.12048334,-0.24498536,-0.16341317,0.2443921,-0.10238851,0.26560518,0.44371304,-0.09951535
protein|CD46,0.066157065,-0.42347655,0.0006731528,0.28673178,0.39250395,0.4785095,0.30629268,0.07279324,-0.20484297,-0.38063607,-0.40127972,-0.21389414,-0.19940443,-0.03622835,-0.36545625
protein|ALDH4A1,0.24821337,0.06554662,-0.16361138,1.0037006,0.24530557,-0.15453333,0.42687547,0.6640257,-0.4421436,-0.39629236,-0.44983366,-0.038812336,-0.3391241,0.21564774,-0.16992429
protein|DLAT,0.5738904,0.42664635,-0.63473356,0.5541759,0.106561914,-0.51919645,-0.07814322,0.04419144,-0.07710141,0.11633012,-0.16623463,-0.21186979,-0.44536054,0.17813244,0.4760083
protein|WDR75,0.29692194,0.3317988,-1.1747062,0.058295164,-0.121181905,-0.0026782993,0.17497027,-0.19250965,-0.022846442,0.31335315,-0.19857165,0.16752243,0.019358259,0.16651094,0.35111576
protein|ZFYVE16,-0.0938193,-0.19298607,-0.050978534,0.2871779,0.1963156,-0.18435434,0.43703392,-0.44339174,0.08739294,-0.018770404,0.058896042,0.05257332,-0.25053215,0.017036863,-0.042609703
protein|RRP1,-0.016522417,-0.43340084,-0.45830542,-0.15615502,0.551797,0.25393212,0.722193,-0.3012532,0.008807785,-0.2570305,-0.16264209,0.50827277,0.11423217,0.360183,-0.34956306
protein|MPEG1,0.04725061,-0.09446714,-0.1551886,0.117817424,-0.011035053,-0.43912753,0.34887373,-0.5212876,-0.17045677,-0.21552221,0.10921423,0.032702148,-0.18056217,0.35331693,0.152089
protein|MKI67,0.1558309,0.0015777606,-0.58207715,-0.6372514,0.58777446,0.20224315,0.18503845,-0.3498058,0.3321033,-0.1107083,0.05548503,0.7389233,-0.013757913,0.19689398,0.052246694
protein|CAPG,-0.39197215,-0.46620613,-0.5720888,-0.11008603,0.06259336,0.14434911,-0.66255546,-0.102294125,-0.382425,-0.26255003,-0.17427854,0.019736836,-0.6174948,-0.77945226,-0.22021474
protein|POTEE,0.33225983,0.24343714,-0.08625835,0.16210754,-0.53640735,-0.19769658,-0.46898192,-0.3705416,0.12715164,0.22118485,0.3242043,-0.22605295,-0.17466402,-0.6859802,0.1441945
protein|CDV3,0.34490013,-0.219425,0.3411833,-0.24255247,0.49096403,0.41792843,0.13216819,-0.044866968,0.35046238,-0.58025634,-0.4388724,0.34181878,0.06851109,-0.32854435,-0.5935001
protein|TPSAB1,-0.14498264,-0.21943732,0.052733466,-0.16072802,-0.61197823,-0.029494453,0.33474636,-0.0064281733,-0.42055717,0.018970933,-0.52822495,-0.058559816,0.29113746,-0.16647053,0.05297485
protein|ACAT1,0.41445234,0.25025195,-0.5280016,0.9406507,0.29786724,-0.10688297,0.18305393,0.86077243,0.25868523,-0.16786368,-0.60089266,-0.13208391,-0.4892643,0.5035549,0.2373052
protein|CSRP2,0.18703742,-0.4411279,-0.17720485,-0.018219652,-0.7065643,0.41535565,-0.047256466,0.17080237,-0.30680868,-0.5644108,-0.1500993,-0.5094626,0.53324896,-0.025065094,0.121932715
protein|ALOX15B,-0.49016893,-0.21775655,-0.30472678,0.41179758,0.1832283,-0.36496723,-0.31937808,-0.30246973,-0.4717746,-0.20780668,0.2787592,0.3502289,-0.5571923,-0.22318242,-0.16175391
protein|ATOX1,0.10428628,-0.18602835,0.5427687,-0.05365146,0.5692737,0.17245229,-0.37073112,-0.072266474,0.14791578,-0.63125575,-0.36207536,0.010068671,-0.2373403,-0.3970924,-0.16403982
protein|SERPINA4,-0.45079544,0.3633568,0.021003902,-0.033131976,-0.12848915,-0.11844031,0.11466659,0.3068786,-0.4958407,0.2950082,0.44913697,-0.08060443,0.15065989,0.36319557,-0.014229221
protein|PYGL,-0.40796807,0.44042534,0.40546638,0.6517551,-0.39641315,-0.34781718,-0.23466209,0.23667362,-0.4995666,0.12987497,-0.04428157,-0.2534686,-0.44021276,0.20825486,0.16899455
protein|RBM3,0.08072736,-0.6289725,-0.05735669,-0.1527986,0.35469183,0.23107696,0.3691666,0.017874386,0.36907464,-0.18182677,-0.356659,0.28032574,0.22896166,-0.1181919,-0.43480846
protein|IL16,0.48606,-0.039108783,0.6213515,-0.18697213,0.2024673,0.10663632,0.116057724,-0.504121,0.18447825,-0.58336854,-0.29312277,0.10304005,-0.09479176,-0.35075358,-0.12209803
protein|RPL37A,0.14848489,-0.11915453,0.10839387,-0.5246591,0.22073445,0.41436675,0.057994965,0.04084353,0.7553867,-0.1836014,-0.4163798,0.30206132,-0.014884113,-0.12354443,-0.2623597
protein|RNF31,0.15071419,-0.38044062,0.03130582,0.18204509,0.15848593,-0.52833205,0.3355809,-0.5198018,-0.3115817,0.12536839,0.1070555,-0.082009226,0.027532553,-0.14490473,-0.09174051
protein|CRYZ,0.38265908,0.1313424,-0.11730095,0.46381924,0.15583615,-0.21274137,0.07981072,0.24439636,0.068828434,-0.16615038,-0.23573856,-0.2601305,-0.21413648,0.021390712,0.06957227
protein|CD48,-0.19270411,-0.3762551,0.5805807,0.095742464,0.2380339,-0.033630952,-0.17601079,-0.32221663,0.19678837,-0.36272818,0.057775892,-0.25062838,-0.47705936,-0.31741574,-0.09689262
protein|HMGB1,0.32973763,-0.4639407,0.49186894,-0.41404098,0.40576437,0.16397814,0.030732848,0.09141969,0.7286352,-0.292338,-0.15490977,-0.09832237,0.32716832,-0.37804738,0.24084502
protein|NDUFA9,0.3569083,0.38476408,-0.112283126,0.36157623,-0.059019227,-0.26436403,-0.18818277,0.23086186,0.089980744,-0.06886972,-0.15791577,-0.16186288,-0.27672327,-0.09970511,0.24022624
protein|PDAP1,0.32259408,-0.2598736,0.44301647,-0.33110768,0.6126232,0.36316296,0.20549983,0.036851108,0.45525628,-0.33993462,-0.547345,0.27476746,0.130594,-0.24070819,-0.30322886
protein|PLEKHA7,0.11772751,-0.78920937,0.45140696,-0.123326056,0.44116685,0.067724764,0.4547599,-0.44122705,0.15431756,-0.3725343,-0.0030553932,-0.12360732,0.19349876,-0.19676973,-0.19604537
protein|ZMPSTE24,0.43809897,0.15612395,-0.7007523,0.19369937,-0.335437,-0.3708053,-0.2568957,-0.22919865,0.23822127,0.3738081,0.15703425,-0.14822426,-0.4749387,-0.24108669,0.46466762
protein|COL15A1,-0.6949118,0.1366048,-0.29234204,-0.3028576,-0.22896299,0.24512284,0.1867276,-0.1470199,-0.4847298,0.12637955,0.32888657,-0.2752834,-0.08803448,0.4660531,0.08508589
protein|GNB4,-0.65442175,-0.47759718,-0.23857047,0.296256,-0.5097897,0.016307639,-0.3846821,0.19208856,0.33889088,-0.038336508,0.3052777,-0.14834797,-0.33472502,-0.18405986,-0.08019319
protein|SGTB,-0.061890155,-0.41633567,-0.14680313,-0.0066845734,0.16804086,0.54103744,0.20075323,-0.06968679,-0.0684607,-0.5032648,-0.17241305,-0.017931959,-0.0214567,-0.09061353,-0.41168368
protein|IRF9,-0.086770594,-0.5296479,0.124129556,0.21381299,0.35132605,-0.083028436,0.56734025,-0.60835075,-0.1651563,-0.18471774,0.086733125,0.11017052,-0.0043391334,0.07360411,-0.25621262
protein|LIMD1,-0.09060469,-0.64680135,0.07818639,-0.061718605,0.024966339,0.45058048,0.30692726,-0.33969125,0.09242749,-0.5089103,-0.18000656,0.36888874,-0.13834125,0.28223675,-0.25739062
protein|REL,0.41037956,0.011714812,-0.42527193,0.14250155,0.3212988,-0.0932322,0.20426606,-0.14109324,-0.13680087,0.56291753,0.33378106,0.07677814,0.31665874,-0.47707918,-0.38877904
protein|HSP90B1,-0.016813338,0.4602321,-0.047563575,0.067257866,-0.37084237,-0.13342197,-0.011316573,-0.1508839,0.3638445,-0.07416271,-0.24245904,-0.10572118,-0.62851286,0.5626152,0.5719293
protein|NOLC1,0.27552775,-0.104994066,-0.63541865,-0.32171103,-0.087774396,0.44679254,0.26555693,-0.008909218,0.5996642,-0.18460545,-0.2530445,0.6878272,0.30488643,0.37418,0.15088755
protein|ZAP70,-0.07169382,-0.6760527,0.26884398,0.3369446,-0.64805704,-0.14041099,-0.1403535,-0.27762297,0.13497199,-0.28645256,0.093682684,-0.6586531,-0.35329172,-0.24882111,0.12444195
protein|PAK1IP1,0.3722099,0.34315857,-0.07879688,-0.22928542,0.08794968,-0.16394775,0.26747906,-0.37017685,0.33293036,0.17078815,-0.050624255,0.22171067,0.037464034,0.1441747,0.2235568
protein|PCCB,0.41564998,0.08558331,-0.13909572,0.94268614,0.30336133,-0.2983133,0.0688215,0.57859194,-0.30205402,-0.23744705,-0.62996763,-0.25571233,-0.4901785,0.2057132,0.13861148
protein|C19ORF43,0.29226738,-0.45407346,0.38436455,-0.19956619,0.5858851,0.38669553,0.322168,-0.24126488,0.31441793,-0.5183955,-0.270235,0.28706452,0.086047165,-0.19849624,-0.32314906
protein|CLYBL,0.08186378,0.12615836,0.109348714,0.9876355,0.02534199,-0.09552619,0.1806809,0.5716401,-0.10186466,0.066040434,-0.25332564,-0.19502415,-0.08132894,0.16288,0.03968808
protein|C11ORF54,0.24393393,0.07002851,0.4306764,0.2980311,0.43030918,-0.03400305,0.13396268,0.19052662,0.06014755,-0.4914527,-0.27618533,-0.07967907,-0.10792275,0.08109186,0.004428934
protein|OAS3,-0.47763997,-0.36125565,0.041848138,0.43120947,-0.26528224,-0.5273553,-0.05934897,-0.4865188,0.040704284,0.14953007,0.18592006,-0.30075997,-0.3647851,-0.0937228,-0.07115751
protein|GNL3,0.09850393,0.4867869,-0.4211172,-0.0021922884,-0.1432143,-0.3203205,0.20564675,-0.2536646,-0.05991604,0.14302543,0.11252896,0.49568298,0.0657637,0.5016276,0.17212842
protein|H2AFX,0.16523352,-0.49642244,0.65899426,-0.32942048,0.40857106,0.16073811,0.5770862,-0.26462203,0.25150082,-0.30600584,-0.049864367,-0.3322417,0.28581786,-0.34095156,-0.19705229
protein|NUSAP1,0.20276414,-0.12239763,-0.6823063,-0.43082902,0.45103872,0.16960664,0.1663089,-0.0869584,-0.06371277,-0.018980704,0.13636617,0.37821138,0.15813163,0.26315454,0.07783692
protein|BLK,0.61729294,0.17107673,-0.44650233,0.10128124,0.18787603,-0.13668433,0.13867778,-0.049879808,-0.2634869,0.2536715,0.12183216,-0.023215862,0.2020767,-0.26856196,0.0052156127
protein|UTS2,-0.04625147,-0.021325212,-0.61272573,0.44542181,-0.0049752393,0.049587708,0.09511034,-0.15350732,-0.06320512,0.011956231,-0.113134265,-0.30093703,-0.5507942,0.19479005,0.3986224
protein|DENND1C,0.05532761,-0.41032097,-0.17331995,0.10893743,-0.043934543,0.054469608,0.023511885,-0.43965206,0.05128321,-0.2484065,-0.07474963,-0.33075786,-0.09492118,-0.20719609,0.13866375
protein|PSIP1,0.20949173,-0.46495014,0.12115683,-0.38859755,0.4713247,0.3052021,0.30237472,-0.028207036,0.3649561,-0.19754782,0.02693246,-0.028134141,0.40520015,-0.5145817,-0.21864234
protein|FAM129B,-0.6329215,0.12623551,-0.3294665,-0.13792466,-0.30845714,-0.075736046,-0.081202775,-0.041003704,-0.5471701,0.1954256,-0.18226665,-0.10731535,-0.29029024,0.16332868,0.040350113
protein|Q14624,-0.29949272,0.3265667,0.21583429,-0.2785635,-0.25144255,0.17827785,0.15100276,0.17791261,-0.7924436,-0.012388918,0.4491236,0.23245144,0.25370613,0.60465103,-0.35737905
protein|TMEM33,0.014166138,0.27463403,-0.45808604,0.21313168,0.14398053,-0.58246243,0.03371329,-0.4819279,-0.18095462,0.14319505,-0.018283233,-0.15450747,-0.55309165,0.19086346,0.314007
protein|CALM2,0.045941733,-0.14592694,0.84570473,-0.11651271,0.40990365,0.33736318,-0.09690336,0.1234509,0.27093965,-0.3028151,-0.6874728,0.021851966,-0.13725567,-0.39608517,-0.44305438
protein|MMTAG2,0.19406958,-0.6109671,-0.25450557,-0.3146072,0.4634684,0.13992472,0.5028403,-0.3461019,0.10537388,-0.22946075,-0.15232113,0.18482131,0.13899088,0.0726613,-0.14497714
protein|IFIT3,-0.42133597,-0.12361431,0.19369504,0.3475159,-0.15721378,-0.36005637,-0.04077306,-0.22410925,-0.0065323575,0.0060127773,0.11786982,-0.3247445,-0.4611861,0.1313845,-0.12664771
protein|GLIPR2,-0.8474272,-0.69433486,0.0066390736,0.2278341,-0.5087497,0.14220932,-0.11747204,-0.14645445,-0.5090747,-0.3926088,0.22320129,0.013035097,-0.1857793,-0.031080134,-0.3517072
protein|GK,-0.78005993,-0.28753805,-0.19026543,0.26329222,-0.17029794,-0.3470154,-0.5251635,-0.06146257,-0.10121975,-0.013961568,0.014135459,0.191875,-0.71449,-0.029326178,-0.06504266
protein|FGR,-0.3629646,-0.316977,-0.15298052,0.3072067,-0.17325969,-0.4700246,-0.15735145,-0.43563578,-0.63544273,-0.18162479,-0.032017767,0.005122128,-0.5038329,-0.074571155,0.074923955
protein|FCN1,-0.26518288,0.20995934,0.34344006,0.22608136,-0.18841374,-0.22112215,0.10787449,-0.20578253,-0.092819415,0.09107726,0.44152787,-0.032319352,-0.24643037,0.33690798,-0.1362681
protein|FAM129A,-0.23234895,-0.15971938,0.1307719,0.40278658,-0.007195546,-0.41433394,0.07736577,-0.042408228,-0.11327424,0.4869872,0.16876154,-0.18611577,0.09658797,-0.541093,-0.40905884
protein|NDUFA10,0.35169423,-0.105155535,-0.4112382,0.73074865,0.17591652,-0.35508865,0.22893149,0.48006687,-0.18687886,-0.13990454,-0.6145949,-0.48444209,-0.49491927,-0.05125155,0.16952667
protein|CPNE3,0.1661349,0.16798852,-0.09334419,0.10444852,0.2549027,-0.15274139,-0.1305048,-0.006302852,-0.16245759,0.54699695,0.028151505,-0.39529523,0.14981315,-0.73856616,-0.18289341
protein|RRP15,0.057396527,-0.12332018,-0.6371854,-0.21903613,0.101345465,0.1764145,0.35732204,-0.36278915,0.16228907,-0.29547128,-0.4696006,0.2682954,-0.246019,0.25851536,0.012323835
protein|RAB12,-0.31904143,-0.21553116,0.15375215,0.41736934,-0.10683129,-0.035158407,-0.29926395,-0.115085594,-0.3568438,-0.28228077,0.23141512,0.033685196,-0.38189524,0.13230047,0.050555434
protein|TIMM10,0.39563707,0.014683287,0.27549526,0.28993264,0.46643263,0.15243252,0.44727457,0.13163908,-0.22592121,-0.2760147,-0.34391606,0.15325025,0.029227722,0.2482087,-0.5817578
protein|SYK,0.49619952,0.23328514,-0.4544994,0.19316366,-0.02074894,-0.26421493,-0.10070079,-0.15545638,0.21092924,0.39433873,0.19394396,-0.21974298,0.12378288,-0.40179396,0.1552163
protein|RNMTL1,0.1845937,-0.44706526,-0.1743685,-0.119470455,0.4134204,0.33136016,0.42823517,-0.1620423,0.23052245,-0.5733899,-0.43481296,0.28195882,0.13023464,-0.025654174,-0.24980623
protein|MGST3,0.020991713,0.05098806,-0.011295507,0.42878625,-0.48308256,-0.024814604,-0.3666744,0.8663863,-0.020359494,-0.17904164,-0.39786372,-0.21394642,-0.3680624,0.033391308,0.2001422
protein|PSMB5,0.13837053,0.39290905,-0.35800153,-0.28372586,0.068680726,0.08841904,0.3040395,-0.186627,-0.21669017,0.06771357,-0.20929828,0.2348826,0.16734551,0.35417587,0.12724505
protein|B2M,-0.30741134,-0.37016994,0.31804654,-0.09775983,-0.03152231,-0.3525168,-0.108614564,-0.16278885,0.203102,-0.12982513,-0.12697865,-0.08638507,-0.43535948,-0.40082857,-0.17219669
protein|MLF2,-0.20140588,-0.17955086,0.17688493,-0.2514826,0.0027055175,0.15485719,0.48595417,-0.06364797,-0.12146703,-0.08972414,-0.14852771,0.43777266,0.31079647,0.11518431,-0.42418686
protein|F12,-0.28375077,-0.13638029,0.019690366,-0.059357606,0.112852976,0.14377032,0.5326361,-0.11098596,-0.59832704,0.36943972,0.8041971,-0.041906714,0.24184902,0.47758818,-0.2650268
protein|DCK,0.54602283,0.115512244,-0.41585162,-0.117510915,0.111141406,-0.24639218,-0.16705321,-0.2739458,0.2832188,0.24493061,-0.012327552,-0.2685229,0.19808443,-0.6295611,0.32881558
protein|POLD3,0.5243656,0.39644438,-0.49290642,-0.30098313,0.3605954,-0.082983635,0.09047248,-0.33497408,-0.051540352,0.1973631,0.05197615,0.47267807,-0.049443472,-0.040423736,0.19250537
protein|RRM2,0.1789582,0.07465598,-0.69141775,-0.41932365,0.42656884,-0.062024355,0.0548081,-0.5311716,0.008970621,0.18499967,-0.0009986989,0.25640857,-0.12340979,0.17857482,0.28551546
protein|PAG1,-0.26920906,-0.59288305,0.065939374,0.11335324,0.38469246,0.33770916,0.07246151,0.11148805,0.16003145,-0.02973489,0.17228355,-0.28625715,0.27340895,-0.29777887,-0.3563294
protein|EHD2,-0.17598101,-0.16928335,-0.38089517,0.10264212,-0.5447881,0.15049815,0.47344422,0.025568934,-0.44883212,0.03374604,-0.06920086,-0.3028367,0.10812538,0.5409842,-0.042715095
protein|SLFN5,-0.07596989,-0.37691954,0.29678828,0.2712114,-0.47638205,-0.4474341,-0.20457967,-0.5533003,0.00011164791,-0.08325689,0.15413222,-0.8255629,-0.26147503,-0.39494187,0.33527943
protein|LGALS1,-0.7822119,-0.07631924,-0.11032221,-0.7608765,-0.20726083,0.3666823,-0.20045862,0.24516705,-0.17849343,-0.15234168,-0.301135,0.09952361,-0.12692943,0.007397753,-0.095535986
protein|TTC4,0.027039964,0.18755515,-0.41079068,0.011229253,-0.11636661,0.0030469287,0.18067177,-0.17627642,0.071302615,-0.09193657,0.004601663,0.17112492,0.13960761,0.083870366,-0.07492012
protein|PTPN1,0.22674605,0.2285372,-0.33943227,-0.2837313,-0.21698257,-0.010274332,-0.06720035,-0.7775167,-0.056288876,-0.1517554,-0.3268546,0.278558,-0.53119195,0.15382895,0.18185294
protein|GUSB,0.15085834,0.19593348,0.1620143,0.49769872,0.06668663,-0.26561823,0.54057115,0.17098212,0.07137775,0.15599358,-0.42746928,-0.35111102,-0.12725662,0.2963393,0.40498838
protein|KIN,0.06668807,0.31386495,0.07267798,-0.30088726,-0.04126096,-0.36895034,0.18924886,-0.15350704,-0.3639427,-0.008732661,0.13349472,0.23123655,0.045171984,0.103080794,0.26860237
protein|PHF1,-0.26816732,-0.5270678,0.1528441,-0.013384638,-0.0968949,0.47370815,0.52255845,0.23077437,-0.10116595,-0.1720218,-0.06195457,-0.42258662,0.3010375,0.12685153,-0.28592634
protein|HSPB1,-0.33202282,-0.43865654,0.07477318,0.014303494,-0.21295956,0.4862506,-0.3637349,0.27871537,-0.34263593,-0.47959802,-0.5873529,0.17713128,-0.2194971,-0.20814618,-0.42072627
protein|TJAP1,-0.1087689,-0.5141976,0.11484951,-0.18216734,0.26748165,0.27696747,0.2503354,-0.18611847,-0.26050323,-0.13132514,0.24228136,0.10444357,0.3749208,-0.054591388,-0.4498698
protein|CTDSPL2,-0.3226615,-0.03643686,0.24418853,-0.2889693,0.18481806,0.076281875,0.49112317,-0.017724752,-0.50177103,-0.14899985,0.3064106,0.30066633,0.46984097,0.14408569,-0.27081004
protein|OAS2,-0.21415457,-0.31649345,0.03361517,0.36105508,-0.17859682,-0.5775289,-0.2150487,-0.3841566,0.24351846,0.1729076,0.09205573,-0.33528185,-0.42858675,-0.14252964,0.32546178
protein|CTCF,0.116465256,-0.43215922,0.19172128,-0.502592,0.36279762,0.11680672,0.361394,-0.6232264,0.26313558,-0.25367522,0.0018057161,-0.037740372,0.12559207,-0.3181301,0.16518028
protein|SNX8,-0.06516931,0.14245234,-0.046930347,0.2588223,0.15952156,-0.15231845,0.06415512,-0.45103776,-0.31205133,0.28144395,0.21045497,-0.16084936,0.047815375,-0.5532863,-0.2324449
protein|GSTP1,0.24848096,0.29833955,-0.25954372,0.07682812,0.06524999,-0.4364569,-0.30060282,0.067784205,-0.09160767,0.4658555,-0.0889657,-0.34056008,-0.1096675,-0.78188896,0.009923947
protein|ACY1,0.15663938,0.3758732,0.24539678,0.42547846,0.3414343,-0.19992082,0.047767803,0.5027165,0.17323078,0.0492423,-0.48416984,0.15000318,-0.28631866,0.05253642,0.08110137
protein|RALGPS2,0.37617305,-0.3630908,-0.31369114,0.19667497,0.34162346,-0.08706642,0.3576498,-0.14465758,0.037504677,0.19858654,0.13021009,-0.11259969,0.33457923,-0.16639365,0.021930093
protein|CETN2,0.43290934,0.088266954,0.29780996,0.075497515,0.20675491,-0.20570517,0.09928826,0.45237654,0.1376098,-0.038217645,-0.3558262,-0.16075161,0.025477668,0.030794049,-0.26617745
protein|PRKAR2B,-0.11218521,-0.49121112,-0.16315325,0.093237795,0.13281566,-0.29833865,0.22289896,-0.23995647,-0.096201345,0.03274356,0.07095359,0.019703986,-0.047273017,0.06422964,0.39400536
protein|SUMO3,0.23646156,-0.36926818,0.4058809,-0.27367848,0.3988302,0.32810324,-0.062699094,0.13628343,0.41172963,-0.5869951,-0.46464428,0.16134316,0.07423321,-0.543674,-0.28451923
protein|DYSF,-0.41988474,0.10777211,0.16412699,0.30571467,-0.052421283,-0.3252951,0.2420444,-0.27331,-0.2479396,-0.031217426,0.3120526,0.08010367,-0.15503424,0.46178553,0.13436629
protein|WDR43,0.25731677,0.12978762,-0.962578,-0.124579124,0.08564906,0.04501077,0.37193042,-0.3714255,0.31152043,-0.08500389,-0.06854756,0.06154234,-0.09097486,0.20065819,0.49646148
protein|PARVG,-0.16417421,-0.13770658,0.07206856,0.2880351,0.16256583,-0.4212947,-0.09904676,-0.29250473,-0.35006168,0.17585078,0.089472175,-0.22603787,-0.20924945,-0.4672884,0.035321414
protein|PAX5,0.17042956,-0.29335386,-0.20407051,-0.46906623,0.31831273,0.17661451,0.22889587,-0.2527895,-0.42862722,0.023633448,-0.06546467,0.41978157,0.5297745,-0.23891754,-0.28542423
protein|NFATC1,0.07231013,-0.5559114,-0.20516112,0.1531281,0.34015518,-0.21522327,0.14988346,-0.26867855,-0.01954319,0.0424677,0.20654295,0.321325,0.28531316,-0.049314033,0.07982514
protein|MMAB,0.17768638,0.177882,0.13325585,0.6279848,0.5071629,-0.026997408,0.25750467,0.7260767,-0.10461904,0.0004764438,-0.44044915,0.092073135,0.1058049,0.27875212,-0.23369369
protein|NME1,0.34375238,0.3250626,-0.29286525,-0.37885252,-0.020381538,0.3318521,0.00043771786,-0.17572993,0.54921657,0.18178454,-0.33965752,0.43178585,-0.035464346,0.07462282,0.02496857
protein|PRPF38B,0.2975219,-0.39619017,-0.005980193,-0.32503185,0.27635208,0.032778837,0.289812,-0.64135325,0.3202643,-0.36498186,0.008561243,-0.106261075,0.0710258,-0.212518,0.26667613
protein|SIGLEC1,-0.46305284,-0.08998475,0.57465017,0.28067094,-0.02085939,0.033824846,0.10536777,0.009117907,0.16462818,-0.10358201,0.20173599,0.011429258,-0.3451101,0.40453726,-0.2699161
protein|FYN,0.03820944,-0.6194958,-0.20619725,0.48256758,-0.42476082,-0.4413549,0.060589675,-0.6040423,0.046327423,-0.13568935,0.10244048,-0.49329004,-0.3085476,-0.0042286413,0.17689668
protein|ATF7IP,0.11487132,-0.017576488,0.0010438332,0.041358292,0.16280028,0.1842395,0.016032148,-0.13222747,0.044901628,-0.027712747,-0.20828703,0.065383166,0.117706895,0.07924699,0.0904349
protein|IKBIP,-0.016482666,0.1521482,-0.4281743,-0.11253233,0.050997242,0.074227124,0.15590557,-0.28266725,-0.17497475,-0.023264263,-0.039595105,-0.21699402,-0.44614834,0.26785707,0.049529325
protein|RANBP1,0.5079151,0.3789115,-0.04938033,-0.56067866,0.38417208,-0.09415745,-0.088596456,-0.3587384,0.61549383,0.1713402,-0.3446014,0.24755928,-0.0020543435,-0.23399842,0.20565715
protein|HM13,-0.29267818,-0.0034889132,-0.13244636,-0.0471046,-0.23575234,0.37019143,-0.3130993,0.327268,0.44205144,-0.46293467,-0.70802337,0.15887415,-0.63784814,0.10378161,0.30743143
protein|CDH13,-0.44970447,-0.03425358,-0.15689217,0.022301625,0.20124461,0.29269046,0.3207009,-0.15268938,-0.60988986,-0.04113548,0.116124965,0.20542696,0.10446594,0.2692966,-0.4038883
protein|DCTPP1,0.55848086,0.24550596,0.2523193,-0.19950451,0.74878603,0.20768704,0.3896727,-0.39657277,0.014222977,0.02723303,-0.45196056,0.059825137,-0.130175,-0.07383168,-0.30094755
protein|ATP5E,0.46241868,0.24646528,-0.40918446,0.5705889,0.12522507,0.00836515,-0.13384455,0.561746,0.38742667,-0.017306812,-0.6742902,-0.018248677,-0.42726257,-0.11800376,0.21440795
protein|P01594,-0.15882505,0.27351257,0.4973728,0.052369546,-0.038005896,0.07461815,0.23578557,0.07556354,-0.39206356,0.030360665,0.25511402,0.028409781,0.07140691,0.5374147,-0.117204346
protein|FAM107B,0.28046656,-0.395241,0.18694858,-0.1234572,0.18810104,0.15577027,-0.24770883,0.0141912885,0.111854374,-0.24086209,0.019384319,-0.1317274,0.14070505,-0.7002244,-0.0993272
protein|ENTPD1,-0.08815356,0.07840738,-0.087251775,-0.20491886,-0.038139947,-0.04916252,0.11019989,-0.4244182,-0.09439532,-0.23667313,-0.08507592,-0.086903974,-0.3613045,0.18469882,0.16965641
protein|FKBP1A,-0.21453258,-0.6900325,0.1608787,-0.12728252,-0.10000483,0.5686527,0.22510272,0.11093165,0.01767195,-0.34989306,-0.22355948,0.07169748,0.27930793,0.1566623,-0.50952256
protein|SLC25A3,0.33477798,0.03878699,-0.91717035,0.6392266,-0.0979645,-0.40083984,0.074507646,0.25401926,0.23219058,0.33304593,-0.24777871,-0.37417394,-0.36449876,0.117159076,0.46213114
protein|ITGA5,-0.8350608,-0.21613708,-0.07189065,-0.114815146,0.15000293,0.120529085,0.110302396,0.044321444,-0.68096715,-0.17764796,-0.095837735,0.43359828,-0.21092655,0.28275397,-0.44718218
protein|HSPD1,0.59765756,0.43553916,-0.83637184,0.39817944,0.27253774,-0.3146491,-0.017207114,0.21613625,0.32727998,0.11933758,-0.33718753,0.10029189,-0.44796824,0.31853056,0.3948187
protein|COX6B1,0.12019278,-0.33168748,0.17397462,0.44182587,0.56365895,0.13108681,0.21638854,0.4318121,0.16723694,-0.3418471,-0.881086,-0.10877139,-0.53403115,-0.032181226,-0.31326097
protein|PCNA,0.46819702,0.3159776,-0.55154794,-0.65025467,0.39808142,-0.10040255,0.008044978,-0.64753044,0.28949645,0.15198654,-0.0673833,0.50699526,-0.10562369,-0.053678628,0.15345906
protein|AKAP12,-0.13186915,-0.341527,-0.14913192,0.17951638,-0.35092497,0.44470143,0.2252726,0.23004809,-0.21355669,-0.25500217,-0.05974803,-0.07749365,0.3367035,0.4028495,-0.09939194
protein|SPNS1,0.13469331,-0.22981231,-0.23150076,0.2322955,0.18107285,0.09076272,0.4349149,-0.1716848,-0.07637311,-0.14035113,-0.034614675,-0.13015771,0.13104327,-0.042190015,-0.017105717
protein|STRBP,0.50521564,-0.034524225,-0.10374989,0.014999685,0.57528013,-0.11317343,0.4696796,0.15698074,0.4248333,0.08236266,-0.22225755,-0.12636817,0.28238904,-0.23432356,-0.14803687
protein|SLC2A3,-0.26921523,-0.16461664,0.3518803,0.02139184,-0.13287035,0.053321555,-0.039638046,-0.5054217,-0.52205265,-0.11220311,0.36233494,0.0674426,-0.063907154,-0.1362743,-0.12826827
protein|TM9SF3,0.044018615,0.2994727,-0.7405909,0.3004554,-0.26019284,-0.35087714,-0.10601341,-0.017785301,-0.10043622,0.23408757,0.08210496,-0.26633883,-0.3931816,0.0057118856,0.44212875
protein|HABP2,-0.2526323,0.08967309,-0.17273195,0.28458977,-0.1747875,-0.24695468,-0.61238647,0.18184824,0.023307962,0.091658875,0.19409508,-0.025448551,-0.54265815,-0.45272532,-0.0143900765
protein|GLUL,-0.4529877,-0.07054397,-0.00891811,-0.16556288,0.20952371,0.011405421,-0.15340216,-0.17953573,-0.20919104,-0.111172184,-0.2687902,0.15535367,-0.49686798,0.27469206,-0.26257026
protein|HIP1R,0.32020423,-0.10141087,-0.4434662,0.34155148,-0.027484179,-0.14924079,0.27618894,-0.20756015,-0.18776162,0.23267585,-0.043433856,-0.26957884,0.028399182,-0.19609065,0.037844215
protein|PFKM,0.2411182,0.35697675,-0.2785785,-0.039331816,0.0826396,-0.13773039,0.11093816,-0.16076957,0.20974405,0.5102315,0.023570921,0.089251146,0.20673725,0.0988686,0.34336516
protein|CKAP4,-0.2905609,0.24809684,-0.39710167,-0.19346048,-0.31709582,0.24523225,0.11990499,0.2409022,-0.24577925,0.046796817,-0.22906776,-0.30153498,-0.3452554,0.65609825,0.45356545
protein|AMBP,-0.43398532,0.2537565,0.22264296,-0.10754317,-0.1449648,0.31249985,0.16891934,0.39581048,-0.64588904,0.06962944,0.3274795,0.08620794,0.1862244,0.45298725,-0.37796545
protein|PWP2,0.18768619,0.53054225,-0.5661865,0.0905394,0.10606437,-0.46094084,0.20617047,-0.42557397,-0.36929414,0.1443344,0.18755952,0.26596886,-0.07467041,0.4509155,0.2689303
protein|G3V3G2,-0.13876364,-0.58908635,0.053757593,-0.13431558,0.0062563587,0.49354208,0.48641124,0.026257586,-0.13292232,-0.36531225,0.14721861,-0.12119692,0.48960167,0.35102284,0.0010528
protein|CFB,-0.4475118,0.41297916,0.09796933,-0.36369964,-0.38067424,0.20715828,-0.11637575,0.23190878,-0.81856287,0.074923776,0.38020796,-0.1295021,0.17318286,0.3871657,-0.029069006
protein|HAO1,0.459482,0.28617132,-0.22833301,0.40260512,0.48491475,-0.19187799,0.31021938,0.122420415,0.15281965,-0.14568251,-0.3884364,0.1234691,-0.42907673,0.071638286,-0.120140806
protein|GSK3B,-0.13685812,-0.26617122,-0.19017628,-0.1531609,-0.053068712,0.32791796,0.2778575,-0.097194225,0.014338276,-0.04038761,0.15076564,0.00841909,0.19083294,0.17356381,-0.5533111
protein|CYB5A,-0.14767972,-0.09516298,-0.1190977,0.470716,0.1560605,0.37664625,0.13567533,0.6016324,-0.34011126,-0.27871335,-0.450994,-0.30736548,-0.21257754,0.14803371,-0.5908608
protein|MTHFD2,0.19431984,0.29378855,-0.3841133,-0.0047775344,0.44397843,-0.11713545,0.35248697,-0.67514765,-0.1803871,-0.026510913,0.0011727338,0.55832344,-0.1898887,0.21515085,0.043001644
protein|MATN2,0.2434411,0.12132077,-0.15204906,0.31228146,-0.22211206,0.20708726,0.0914601,0.13317211,-0.2676092,-0.26255366,0.11674758,-0.39325064,0.41566136,0.2122002,0.2047501
protein|ARRB1,-0.30228055,-0.21964106,0.02651346,0.1122862,-0.5067286,-0.23629689,-0.52550244,-0.21968736,0.0022771617,-0.37275195,0.18584701,-0.09935757,-0.43854943,-0.15059252,0.17007603
protein|ITIH2,-0.5789917,0.16831928,0.14001822,-0.20589522,-0.295034,0.24563307,-0.0066436725,0.17161953,-0.5438025,0.17633857,0.6375287,0.3342414,0.10485017,0.5164295,-0.41037917
protein|ACBD5,-0.483314,-0.37955928,-0.1500904,0.5242373,0.3574174,0.16926682,0.37014613,0.499756,-0.2245915,-0.2930936,-0.21329366,0.08070618,-0.34958777,0.48254925,-0.33825052
protein|FYCO1,-0.011636617,-0.08393604,-0.05012518,0.093188025,0.20325598,-0.2500556,-0.06915393,-0.33040938,-0.575301,0.12466291,-0.16780931,-0.344104,-0.27801558,-0.088907816,0.09377244
protein|BCL10,0.402213,0.13230386,-0.058719005,-0.07189178,0.3732813,-0.26412407,0.153636,-0.47170204,0.0052932207,-0.13968417,-0.094210744,-0.0009125144,-0.14195666,-0.055715043,-0.26282758
protein|SLC25A19,0.43299937,0.27331907,-0.76054204,0.071546726,0.41386658,-0.22126263,0.013839766,-0.2606169,-0.05512526,0.029408345,-0.24848208,0.19211324,-0.338706,0.0196037,0.123559065
protein|LCK,-0.18963519,-0.6071914,-0.23218584,0.5960959,-0.2311483,-0.39034536,-0.089153804,-0.01840021,-0.08477263,0.22656408,0.4028704,-0.6407929,0.029613797,-0.47880307,-0.033958003
protein|EVI2B,-0.2820758,-0.2784623,0.48801112,0.4351305,0.110437736,-0.11192081,-0.21006705,0.20798749,-0.14405714,-0.43167996,0.16266866,0.14461143,-0.03254503,-0.26247865,-0.073008984
protein|BST2,-0.22067909,-0.40740618,-0.097233504,-0.0030768318,0.17054965,0.26971322,0.4109055,0.13433571,-0.01994462,-0.08726322,-0.021571884,0.0057186107,0.19370098,0.18424574,-0.36464137
protein|LIMD2,0.33339745,-0.46063113,-0.16286421,-0.39278972,0.1445044,0.3041546,0.119347274,-0.19629228,0.009687875,-0.3502604,0.065621145,-0.13055657,0.22611274,-0.6535259,-0.16103446
protein|COX7A2,0.23507346,0.17656803,0.005070849,0.8422825,0.18135929,-0.5249632,-0.08325426,0.35570458,-0.24004962,0.06464201,-0.27699688,-0.19485804,-0.51050305,-0.09585329,0.037904967
protein|STAMBP,0.06797741,-0.012532672,0.17019081,0.39637497,0.12719882,-0.33557552,0.25502425,-0.093539126,-0.2799782,0.11354888,0.2711276,0.42756596,0.24690993,-0.15016015,-0.19223996
protein|LACTB2,0.08636949,0.06400071,-0.09768612,0.39121425,0.30220994,-0.46138045,0.24966834,-0.11198876,-0.06646228,-0.16966413,-0.29727894,-0.25084603,-0.46717244,0.1174325,0.18891121
protein|NUTF2,0.47471914,0.34807852,0.7652678,-0.23532641,0.2501496,-0.20064202,-0.20381066,0.006040008,0.47483858,0.032047395,-0.16958465,0.15564536,-0.098823555,-0.31361324,-0.15335402
protein|CYB5B,0.13486814,-0.055260155,0.018132653,-0.041413322,0.41382992,0.081253156,0.64666647,0.06503909,-0.22259338,-0.07240771,-0.39996713,-0.041795027,-0.111247264,0.17777218,-0.3418042
protein|GRN,-0.39167184,-0.35083753,0.12945727,-0.008400451,0.3689934,0.27808183,-0.07081314,-0.20875955,-0.12692435,-0.4390917,-0.18089084,0.55488825,-0.29558808,0.0063855303,-0.36558664
protein|POU2AF1,0.6717139,0.42465276,-0.16203265,-0.49568278,0.36062002,0.043089587,0.0018551862,-0.061757028,0.19867387,0.0656207,-0.030840214,0.32260102,0.17486897,-0.025696557,0.21298666
protein|FERMT2,-0.11572727,0.07009004,-0.4824201,0.110783376,-0.85133505,0.0006035398,-0.27544218,0.2776694,-0.30538365,0.11542143,0.14772929,-0.4498896,0.113773674,0.42617232,0.20390224
protein|NIP7,0.12966749,0.08580093,-0.86503303,-0.3263785,0.13671012,-0.13657743,0.35205165,-0.575764,0.27981696,0.1317182,-0.12544882,0.076157585,-0.14005049,0.35778597,0.31972829
protein|ALDH7A1,0.091966026,0.073115185,-0.35171083,0.36555627,-0.25211814,0.20472327,-0.0017802225,0.6303508,-0.47704417,-0.51379097,-0.64276314,-0.27248016,-0.14343409,0.18419166,0.3270214
protein|NDUFA11,0.25651696,0.33751675,-0.36570397,0.7732058,0.06319187,-0.49410737,-0.052358728,0.20561849,-0.18878594,0.10503073,0.07412758,-0.08879544,-0.68040305,0.07476131,0.28119147
protein|BCCIP,0.36950117,0.15557373,-0.18979378,-0.20838986,0.07308475,-0.2097421,0.25215825,-0.33117926,0.3774628,-0.07006359,0.09134303,-0.007427612,-0.0769,0.24150437,0.2724892
protein|MTMR1,0.29402637,-0.44044268,-0.15889063,0.22286233,0.45531327,0.03710615,0.33373067,-0.48369718,-0.03809116,-0.19840351,0.20882124,-0.17558093,0.0980017,-0.24643068,-0.052995186
protein|WRNIP1,0.2631981,-0.43324703,0.10197299,0.0104448,0.57773566,0.14473532,0.3929225,-0.34698978,-0.029353125,-0.17991315,-0.05876205,0.13926879,0.08390578,-0.008632043,-0.3468081
protein|FAM195B,0.012898004,-0.3120841,0.192957,-0.062343802,0.32312998,0.37503883,0.37260395,0.10941524,-0.24735463,-0.34226188,-0.09159723,0.3566627,0.36319375,0.091536894,-0.4484358
protein|HSPE1,0.5537073,0.18231438,-0.17628486,0.06810387,0.6433095,0.21657959,0.080370225,0.34580153,0.5549503,-0.31581396,-0.7612588,0.51816374,-0.34102783,0.19964574,-0.24103332
protein|GIMAP1-GIMAP5,-0.5885648,-0.8724492,0.3178316,0.4428735,-0.42123732,-0.05804323,-0.22861221,-0.3045452,0.1327159,-0.4621556,0.09587171,-0.4299809,-0.43719143,-0.071620956,-0.041584384
protein|SNCA,-0.1478459,0.3163579,0.3164598,-0.07677728,-0.007722256,-0.23905285,0.10743939,0.3665167,-0.3493996,-0.049612217,0.2592239,0.31486362,0.3701318,0.5470389,-0.27909476
protein|HACD2,0.20607297,-0.4718691,-0.5134755,0.1570746,0.37343138,-0.050815348,0.40532783,-0.41206488,-0.04283677,0.2190897,-0.02063515,-0.3540489,0.121549904,-0.1868519,0.1151605
protein|BROX,0.2700373,0.42092842,-0.037855566,0.67964864,0.033002045,-0.38459533,-0.091817915,0.60143137,0.027820708,0.06825226,-0.0692054,-0.24819219,-0.06161991,-0.009155325,0.3541726
protein|KEAP1,0.374086,-0.1875565,-0.21821272,-0.17502674,0.2535219,-0.011917084,-0.10416642,-0.4120057,0.38390806,0.0004253204,-0.2615481,-0.14311375,-0.03899089,-0.09434351,0.29912615
protein|BLVRB,-0.4623002,0.121455126,0.6045212,0.23737969,-0.23813976,-0.11384236,0.10246439,0.23830363,-0.3907791,-0.07759504,0.5268862,0.3439901,0.32752118,0.6184549,-0.25945926
protein|PHB2,0.5668226,0.21849231,-0.9894217,0.629737,-0.06358855,-0.34101513,0.0528643,0.31391945,0.06673981,0.24871577,-0.21230933,-0.16826037,-0.28291228,0.076256275,0.4403755
protein|F11R,0.08469682,-0.30725724,0.014785479,0.15344791,0.069298275,0.12889421,0.266748,0.15760633,-0.4187091,-0.22340116,-0.109660126,-0.051660415,0.014843767,0.027414346,-0.3954805
protein|LMO7,-0.005304033,-0.12462079,-0.2052512,0.041319422,0.42712536,0.18947762,0.2867967,0.13724178,-0.21385294,0.07028962,-0.1288323,-0.017287578,0.3111717,0.085659906,-0.39192757
protein|EXOC6,0.0014393742,0.35005513,-0.21677108,0.2430677,-0.024693936,-0.13359377,0.11154092,-0.20799854,-0.036572564,0.17879015,0.1688734,-0.055233717,-0.056175027,0.12979725,0.09025504
protein|BID,-0.07898774,-0.1123771,-0.07656358,-0.16902994,0.18115169,0.25011742,0.01878743,-0.57347727,-0.24294153,-0.08305461,-0.25918242,0.39095476,-0.21805973,-0.1237772,-0.49609405
protein|PRKAA1,0.10452912,0.20366058,-0.59274006,0.18896718,-0.32361707,0.04138375,-0.11305492,0.03471327,-0.18521705,0.013516279,-0.047638282,-0.08851933,-0.11448848,-0.059708048,0.09636526
protein|HPCAL1,-0.08172823,-0.36159363,0.33994836,0.44488996,0.117561325,-0.19400218,0.3257554,-0.30440074,-0.20883825,-0.4268316,-0.2422072,-0.44999745,-0.17400739,0.06451636,0.06836138
protein|EDF1,0.21260981,-0.3594655,0.30131093,-0.28911957,0.5668539,0.54145443,0.14753808,0.013830834,0.5445042,-0.5681215,-0.48565367,0.31653577,-0.06471779,-0.11773153,-0.27014285
protein|SVIP,0.10466217,0.0032657268,0.5178738,0.12219616,0.18439774,-0.02031625,0.1727083,0.25668287,-0.53096026,0.064280376,-0.13033487,-0.025403503,0.32024693,-0.12742223,-0.5425512
protein|ARHGAP18,-0.4290683,-0.5521094,-0.0015241124,0.08086191,-0.18113458,0.20303907,-0.00049789937,0.20112059,0.15762419,-0.20037301,-0.3372657,-0.20111403,-0.33963454,0.0919535,-0.20260824
protein|VRK1,0.3059166,-0.077595934,-0.037679993,-0.5399679,0.25740793,-0.0040089646,0.3503119,-0.34288132,0.42388135,0.014388842,-0.28844643,0.39781865,0.20713967,-0.16184235,-0.007685767
protein|QTRT1,-0.12528041,-0.19867007,-0.2788607,-0.13607462,-0.024757355,0.31144795,0.3222892,-0.15566336,-0.20383422,-0.14458084,-0.115434386,0.010379074,0.114809714,0.18843187,-0.1483365
protein|PTRF,-0.17970183,-0.09350744,-0.583107,0.062276896,-0.6756481,0.25256664,0.3004042,0.032998133,-0.40824398,0.066887796,0.09608625,-0.39298958,0.09049828,0.39355117,0.14207682
protein|NFX1,-0.14004216,0.114657894,0.4038151,0.1712129,0.1647675,-0.12334096,0.3338747,-0.114660464,-0.46902686,0.11798294,0.44426134,0.14646617,0.102484524,0.15042289,-0.29822156
protein|STK38L,0.28469276,0.57614017,-0.011629963,-0.13167322,0.0036877582,-0.20302145,-0.32619464,-0.44144085,0.16282968,0.18802959,0.06273292,-0.11086553,-0.46440554,-0.17320515,0.28989366
protein|PAPSS2,0.035738196,0.40571848,-0.40955332,0.083415195,-0.16363898,0.025526537,-0.42634118,0.09698937,-0.64145744,-0.16901647,-0.34125447,-0.3785072,-0.39211792,0.0042331396,0.35406697
protein|PRDX4,-0.09658748,0.17884198,-0.4805913,0.46218663,-0.07360659,-0.08540559,0.19977683,0.056489367,0.046666965,0.1694773,-0.064303644,-0.22219618,-0.45368743,0.561186,0.42342117
protein|TRIP10,-0.20791538,-0.34858233,-0.08768237,-0.34184107,-0.12864964,0.40364686,0.20442517,0.10169878,-0.14670096,-0.104289904,-0.035784222,-0.013475229,0.16465312,0.2523487,-0.43090838
protein|CD274,-0.3954122,0.009800762,0.05859785,-0.047371916,0.038553223,-0.50795287,-0.43760014,-0.27532104,-0.07428631,-0.13787068,0.110616535,0.0750307,-0.58014387,-0.022473551,0.050732378
protein|MME,0.17406549,0.17410284,-0.4510447,0.02365067,-0.2073459,0.100674175,-0.23392174,0.07865717,0.010080575,-0.00966237,-0.109333806,0.043345153,-0.25982675,-0.10274364,0.11760566
protein|HK3,-0.93440056,-0.23640242,0.15760288,0.2599022,-0.016562253,-0.24003947,-0.22208527,-0.32276645,-0.52714896,-0.12389349,0.2735289,0.23542091,-0.54699636,0.14122231,-0.116154715
protein|LXN,-0.14159101,0.17274202,-0.058399584,-0.16015193,-0.43078557,0.15501924,-0.2508527,0.21113974,-0.3960788,-0.090451665,0.19459236,-0.5854582,-0.05291102,0.11339073,-0.119085655
protein|HEBP1,-0.45834386,-0.32280076,0.2907705,0.04763493,-0.086268984,0.18110187,-0.19151373,0.22685578,-0.44930348,-0.60273856,-0.11370291,-0.04101366,-0.035127494,0.08687559,-0.17936592
protein|ISYNA1,0.27702874,-0.1622227,-0.026488192,0.12865277,-0.13542329,-0.2149582,-0.12124666,0.05315616,-0.0803544,-0.16749066,0.17768578,0.021348925,0.11950183,-0.07122321,0.4180056
protein|LIMK1,-0.19015194,-0.3220668,-0.14066844,0.17068139,0.1436954,0.12768242,0.15039112,-0.5066803,-0.5134525,-0.08458892,0.4945173,0.44061995,0.04376064,-0.057512354,-0.081620924
protein|KIAA0020,0.30475572,0.36162677,-0.3228262,-0.2181554,0.15733878,-0.07028216,0.15209901,-0.3701581,0.090805076,-0.024120286,0.030121667,0.56076545,0.21130705,0.17946163,0.0050964323
protein|H2AFY2,-0.12659438,-0.10341774,-0.1141715,-0.14652635,-0.1795487,0.28113824,-0.16559073,-0.078308664,-0.6929319,-0.2220286,-0.043640032,-0.5917199,0.0649806,-0.33419406,-0.002765885
protein|HSD17B11,0.18200214,0.27676418,-0.09083888,0.6111807,-0.09589342,-0.369093,-0.0148614,0.22895783,-0.14612155,0.029764572,-0.040081587,-0.33368373,-0.4106653,0.21158488,0.37977386
protein|VPS26B,-0.5066585,-0.3564406,-0.42361954,0.30479562,-0.75997555,0.23048197,-0.07337072,0.034731988,-0.19800349,0.024174213,0.19898514,-0.33787575,0.018926779,0.11807279,0.21155639
protein|MYH10,0.06362157,0.14522281,-0.29380855,0.22762181,-0.34963745,0.3824757,0.22988807,0.27759033,-0.36353925,0.08902097,-0.06955813,-0.600634,0.16259333,0.43805274,0.0059710727
protein|EMILIN1,-0.54896814,-0.4040739,-0.18236284,-0.087464295,-0.06292151,0.63543797,-0.0051969127,0.2601346,-0.50149906,-0.3683654,0.17295755,-0.032146506,0.05246647,0.40879056,-0.44516703
protein|RAB3D,-0.14285542,0.34923467,0.17541224,0.32588068,-0.1938397,-0.44667602,-0.0071763387,-0.14014849,-0.55858016,0.2604736,-0.007848428,0.056520943,-0.09588261,0.03614606,0.06594942
protein|ME1,-0.33905667,-0.11764333,0.16835679,0.42985004,-0.299307,-0.3732904,-0.25762585,-0.14856222,-0.04221349,0.33151877,0.1279965,-0.29479226,-0.3111513,-0.16391692,0.15328959
protein|MFF,0.09569575,-0.25902194,-0.3159661,0.18743749,0.23768564,0.11946233,0.514481,0.10593637,-0.13603504,-0.091850445,0.21841902,0.103009656,0.032089636,0.3798783,-0.27329493
protein|ITGAM,-0.5595601,0.13189584,0.32404557,-0.09257381,0.1091416,-0.00096179976,0.0070575555,-0.111231945,-0.95544535,-0.115459986,0.31171533,0.23810163,-0.01943879,0.08823631,-0.34977233
protein|ATP5J,0.07873599,-0.1778989,-0.20453893,0.43232647,0.33984292,0.176312,0.23166913,0.54593825,-0.004551431,-0.16829626,-0.71542144,-0.17433223,-0.25778574,0.25889617,-0.062214173
protein|EPT1,0.2827753,0.48759213,-0.46362638,0.34556052,0.13961463,-0.1278945,-0.06802837,-0.049020406,0.14398438,0.21853147,0.17557743,-0.17011264,-0.34076878,0.22696479,0.26942924
protein|C1S,-0.48197213,0.1767972,-0.02941828,0.076848716,0.022524092,0.35118937,0.008428801,0.2589849,-0.9115187,-0.011334295,0.37013823,0.033412945,0.10292121,0.29778376,-0.42157397
protein|TPP1,-0.30329046,-0.5383172,0.5947522,0.04155888,0.38876393,0.17463242,0.36485434,0.10332436,0.20414545,-0.34351403,-0.2489057,-0.2142502,-0.060993794,0.1475815,-0.3394317
protein|HMOX1,-0.09376067,0.06097584,0.16350758,0.23646228,0.0073927282,0.10743519,0.3691389,-0.42915326,-0.2159285,-0.34137824,-0.11586905,-0.019352568,-0.2979119,0.21712813,-0.12597254
protein|IRF8,0.34313533,0.008664844,-0.055508077,0.015924739,0.22006722,-0.31965628,0.3243544,-0.2642451,-0.22843689,0.2663257,0.35018507,0.25719154,0.39170972,-0.4425699,-0.26514792
protein|PDCD4,0.24991682,-0.29796302,0.5897932,0.03224234,0.021438338,-0.12654589,0.4097817,-0.20324454,0.48126084,-0.081316106,-0.24654794,0.077478565,0.12850651,-0.19340758,-0.07196161
protein|F8W0Q9,0.24085529,-0.3873942,0.038640138,-0.2724266,0.20121388,0.3906214,0.41453463,-0.16000812,0.50350505,-0.3610629,-0.3038129,0.34369767,0.008798585,-0.14814965,-0.1219161
protein|PCBD1,0.21015696,0.2069992,0.32604548,0.5517145,0.38232368,-0.055636276,-0.11386835,0.26556402,-0.20060606,-0.2760417,-0.3705074,-0.058407906,-0.20067383,0.03423109,-0.18793753
protein|Q01196,-0.086091004,-0.032442845,0.2816735,-0.21148993,0.19220066,0.05320536,0.11185549,-0.35648778,0.2381787,-0.08971268,0.18943527,0.09466065,-0.12509412,0.18402812,-0.1486353
protein|GIMAP1,-0.28278282,-0.7070459,0.07031987,0.3523492,-0.4216031,-0.18003657,-0.25123444,-0.19206826,0.17147729,-0.4037691,0.10971247,-0.41589934,-0.23034927,-0.06952149,-0.019207964
protein|MRPL53,0.28365242,-0.04568508,0.13830294,-0.1968072,0.29698917,0.39116743,0.23409365,0.21861501,0.2776148,-0.19663492,-0.87727785,0.11242629,-0.23221017,0.084561825,-0.35959846
protein|GSN,-0.16228916,-0.063104816,-0.29522073,0.14693695,-0.22909103,-0.21602012,-0.52206486,-0.14150782,-0.53618175,-0.0057418924,0.20880009,-0.024195332,0.07572142,-0.41799065,0.023946157
protein|HSD17B12,0.1257422,0.2988391,-0.2946155,0.34903896,0.0064357105,-0.30347925,0.0037999107,-0.084528446,0.12265109,0.57548296,0.022605235,-0.47563323,-0.058688715,-0.18529832,0.40491495
protein|CCNK,0.30266252,0.044620033,-0.3100173,0.21101764,0.26662388,-0.42483994,0.42144582,-0.37297088,-0.010429798,0.12722968,0.08145103,-0.048935335,-0.13081215,0.2830774,0.15524177
protein|TIMM13,0.48824486,0.17962396,0.15725581,0.12047478,0.42406106,0.23361495,-0.029814683,0.099221796,0.09386128,-0.18248118,-0.45519346,-0.20309861,-0.31662205,0.044450946,-0.28803656
protein|AGK,0.26877156,-0.0035502785,-0.27039945,0.28748637,0.06982792,-0.43816543,-0.00032308034,0.27198112,0.34504655,0.054854468,-0.42246127,-0.25767282,-0.26901227,0.11023534,0.2593484
protein|SRSF9,0.19071925,-0.347677,0.134944,-0.4940571,0.7370942,0.38687837,0.44590092,-0.1215645,0.4104862,-0.27405006,-0.4033714,0.25300145,0.03644644,-0.08627197,-0.3466766
protein|CTSB,-0.9589294,-0.35369235,0.06431826,-0.04889464,0.08909242,0.012000728,-0.28900078,0.041628547,0.17509605,-0.17888837,-0.06185547,0.23594272,-0.6400286,0.23566523,-0.1075646
protein|TLN2,0.2178674,-0.12993895,0.26774222,-0.3646488,0.4735187,0.27609843,0.10612714,-0.122639276,0.5794449,-0.38889864,-0.42377496,0.47115284,-0.158323,-0.01649892,-0.20040162
protein|CWC15,0.13450448,-0.5273241,0.13453107,-0.37274843,0.25577265,0.54656255,0.26827025,0.1588475,0.24532357,-0.38560042,-0.20271559,0.5133363,0.3211053,-0.055122096,-0.2999253
protein|NPM1,0.39156651,-0.003275657,-0.25331852,-0.4136565,0.4223162,0.3654019,0.25521657,-0.2250186,0.6046199,-0.4347035,-0.39096305,0.60314786,-0.066475056,0.17543252,-0.051172197
protein|ACP2,-0.58300066,-0.52186567,-0.34245035,0.04969327,-0.024062673,0.086404346,-0.043766312,-0.14355361,-0.03803821,-0.43733078,-0.19243032,-0.132266,-0.5644765,0.15291792,-0.08610191
protein|PFKFB2,-0.05843585,-0.5416462,-0.61425316,0.04265508,-0.1637183,0.13381828,0.32853702,-0.2470576,-0.06867341,-0.38620278,-0.058091782,-0.20805022,-0.011039793,0.07091338,-0.060713746
protein|TOE1,-0.15254049,-0.28121567,-0.28539062,-0.065664746,-0.2997821,0.41239023,-0.02490718,-0.028023645,0.010436194,0.064298436,0.09008618,-0.015688937,0.29115504,0.13059345,-0.06632049
protein|ATP6V0D1,-0.34606618,0.10866436,-0.4042297,0.37553912,-0.35494062,-0.46892262,-0.3379321,-0.32322246,-0.038397487,0.28714567,0.4001492,-0.09031707,-0.57277346,-0.062882155,0.34421492
protein|NCF1,-0.22008288,-0.33000553,0.03597004,0.13947128,0.27130866,-0.46967432,-0.03200513,-0.15085186,-0.013483853,0.15373093,0.37421963,0.14623867,0.098589465,-0.4833706,-0.3101855
protein|TSTD1,0.14596735,-0.20633054,0.3267997,0.4058875,0.49250686,-0.15839608,0.20269139,0.06159137,-0.05482674,-0.2690207,-0.5077811,0.038319908,-0.1320164,-0.16451591,-0.13071053
protein|GAR1,0.29630408,0.020705152,-0.19884141,-0.31372276,0.45029566,-0.2473231,0.45596433,-0.37772587,0.20512645,0.014961456,-0.26823398,-0.2353586,-0.03555676,0.20332433,0.20408683
protein|CFH,-0.47098684,0.17673002,-0.07756069,-0.28877893,-0.34415692,0.35887507,0.13343203,0.39538473,-0.6161182,0.05790971,0.47056484,-0.04916256,0.18873233,0.6518959,-0.23795739
protein|KAT7,0.018156936,-0.28166443,0.027315652,-0.06357015,0.03770955,0.1858495,0.27383775,0.17459808,0.04029356,-0.21166502,0.07145452,0.07982779,0.3653531,0.02776135,-0.033275094
protein|INCENP,0.09929311,0.15624745,-0.23407562,-0.18348826,0.18423663,-0.1256475,0.41549885,-0.18238735,-0.20877409,0.12285665,0.12352119,0.39339265,0.22146799,0.2694816,-0.031985745
protein|DNTTIP2,-0.06681585,-0.28152636,-0.45557332,-0.22764522,0.024662592,0.41821688,0.48328984,0.19845684,0.028179107,-0.33631557,0.056661267,0.25179997,0.2628273,0.48175016,-0.06805458
protein|CECR5,0.34279808,0.18872015,-0.39994508,0.29059583,0.42684236,-0.31217793,0.091894686,0.24933763,-0.10247645,0.14433496,-0.077666536,-0.024674917,0.03234129,0.3168306,0.36674538
protein|FCGR2C,-0.4523635,-0.16605823,0.31801388,0.20675494,0.027566383,-0.05014412,0.026583655,-0.0876408,0.06715645,0.031826824,0.08660448,0.09745953,-0.31703135,0.20171784,-0.13311669
protein|HMGB3,0.22583356,0.044464868,0.07340255,-0.4675701,0.5071285,0.17906679,0.20611419,0.10216781,0.38678974,-0.059462063,-0.18007845,0.35322878,0.2120001,0.053744297,-0.07593424
protein|MTCH2,0.46882737,0.4990506,-0.20995902,0.5829762,0.32871902,-0.44325137,-0.048310027,0.30404487,-0.17148149,0.07053512,-0.10046359,-0.08889061,-0.29295394,0.14025843,0.08111766
protein|MYD88,-0.13728696,-0.52053905,-0.21625064,0.23800017,-0.06436704,-0.0334415,0.11895912,-0.30334458,-0.21932103,0.07253334,0.107511684,-0.037557106,-0.020390837,0.039475895,-0.1290784
protein|FOXO1,0.31121394,-0.43228492,-0.011193419,-0.20461808,0.10619311,0.48511848,0.20996048,0.16206183,0.3889371,-0.53716123,-0.15602447,-0.20908868,0.31732908,-0.062946774,-0.030427031
protein|TLE3,-0.15749684,-0.5315737,-0.08688555,-0.0854158,-0.21742395,0.12024904,0.4198026,-0.26207995,0.16383381,-0.080009,0.032117587,0.010437126,0.17204897,0.075120196,-0.027614603
protein|A0A2R8Y5V9,-0.0044107595,0.13010862,-0.05523196,0.2108978,-0.13223314,0.024541672,-0.05951269,0.05642745,-0.028736953,0.3063238,0.17789292,-0.20255816,0.07259532,0.12711397,0.21988615
protein|VKORC1,-0.2823839,0.012147684,-0.27157003,0.039716806,-0.38939798,0.12290025,0.013884501,0.39724135,0.1615823,0.1603299,-0.07755673,-0.4888682,0.00082438334,0.21667813,0.12024887
protein|XPO5,0.32401845,-0.03878965,-0.44964698,-0.20078065,-0.23079887,0.18257175,-0.052951645,-0.76208884,-0.015743162,0.11420509,0.072189115,0.26518258,-0.052660953,-0.08774218,0.0070596896
protein|PLEKHF2,0.40372172,-0.16071092,-0.370314,-0.13085023,0.45007297,0.11042193,0.007919489,-0.02726224,-0.2594581,0.049693055,-0.0080247205,-0.108612925,0.50053185,-0.55834234,-0.3567926
protein|HMGCL,0.24158889,0.097145505,-0.2912477,0.9356711,0.13348211,-0.17227872,-0.09054045,0.7670992,-0.17142862,-0.20906864,-0.70047903,-0.3151796,-0.42937905,-0.008171747,0.22057685
protein|P06396,-0.45857373,-0.1885304,-0.10429057,-0.14008242,-0.26323298,0.24075092,-0.5820182,0.0592946,-0.46392432,-0.20834547,-0.044340633,-0.16037175,-0.08180644,-0.43008515,-0.0381281
protein|KIF11,0.15819047,-0.06682851,-0.800412,-0.22933118,0.29869878,-0.09643982,0.21141146,-0.62124246,-0.19091927,0.25491983,0.19731693,0.48342374,-0.038918644,0.13247682,-0.04287688
protein|APOBEC3C,0.25884902,-0.243322,-0.090290524,0.096248485,0.16838484,-0.17909198,0.08984977,-0.13047744,0.11064976,-0.19018851,0.0041247867,-0.3154531,-0.072775014,-0.2152933,0.086473495
protein|NTPCR,0.16253215,-0.023267783,0.21215133,0.022908641,0.32903904,0.079586454,0.2076611,4.405745e-05,0.110330656,0.01155035,-0.36476266,0.31672305,-0.019947259,-0.01988474,-0.32445875
protein|CNDP2,0.065078326,-0.18725514,0.18283542,0.5349692,0.16062108,-0.46576655,-0.20808746,0.15564162,0.4536158,0.21002908,-0.08123419,-0.038375225,-0.36599025,-0.1810532,0.061761115
protein|J3KQL8,-0.72801614,-0.5501046,-0.270946,0.42280054,-0.3499186,0.08151037,-0.2825464,-0.16122001,0.1547908,-0.17923598,0.015889022,0.05140782,-0.5855115,0.028934646,-0.15543337
protein|PRAF2,-0.04071727,-0.06262683,-0.15668227,0.08911234,-0.021979658,0.04520139,-0.103014596,-0.058474533,-0.24057442,-0.05466454,0.04024743,-0.4577148,-0.27700785,0.068267055,0.26456615
protein|NR2C2,-0.12161,-0.19408268,-0.0033281646,-0.10418535,-0.049727608,0.38096628,0.13284378,0.18232164,-0.17494144,-0.18180655,0.09249796,-0.18819034,0.14787488,0.17725912,-0.10056738
protein|ASCC2,0.11500931,-0.33662906,0.042861883,0.106725246,0.04703161,-0.14402343,0.3328531,-0.28506267,-0.07094527,-0.08613025,0.14801656,-0.0046899132,0.008787168,0.3204797,-0.051596686
protein|TBRG4,0.2872782,0.061975814,-0.7144898,0.12235149,0.17866099,-0.07342936,0.22550097,-0.17861603,0.13354209,0.15034151,-0.50425166,0.17954196,-0.2832238,0.15824975,0.10833549
protein|CD55,-0.06738289,0.021756228,0.12099978,0.1332731,-0.09761347,0.11193665,0.38018224,0.13643764,-0.1757778,0.052783675,0.09378679,0.024652489,0.25690776,0.09424469,-0.050852712
protein|PCLO,0.07071987,-0.08921934,-0.1591351,0.12969823,0.58823204,-0.042627472,-0.11557558,-0.106745414,-0.0071608606,0.13696219,-0.053621925,0.20778556,-0.018018933,-0.2993046,-0.2626016
protein|GRPEL1,0.35569,0.22247863,-0.5292577,0.14910938,0.25551957,-0.05111387,0.023402417,-0.36865672,0.09224907,-0.12992105,-0.23435357,0.16718572,-0.39503533,0.15210742,0.23915437
protein|MYO1B,0.1442253,0.15151487,-0.47070444,0.23815097,-0.30737153,-0.055569146,-0.026163517,0.29923785,-0.2407903,-0.09848343,-0.07748396,-0.49133706,-0.045980677,0.16553679,0.18597248
protein|TOR3A,0.16752435,-0.0691261,-0.6655372,-0.07546919,0.0930266,-0.03917991,-0.035003748,-0.4919205,-0.13607882,0.0039056698,-0.012519601,-0.37474486,-0.30202195,-0.008000534,0.17823228
protein|PAPLN,-0.08014511,-0.1687735,0.17175677,0.27681628,0.08014866,0.4089144,0.40982884,-0.005766451,-0.42151818,-0.29433092,0.00025666095,-0.0770615,0.035502,0.36111867,-0.30253953
protein|MP68,0.11350434,-0.65544796,-0.004447898,0.30232093,0.45518997,0.275952,0.5891265,0.13476343,0.20510861,-0.24783912,-0.29359713,0.05177092,0.07910873,-0.028756844,-0.2346351
protein|ASF1A,0.10138821,-0.3329607,-0.63420004,-0.25147232,-0.12462242,-0.00016601165,0.11901342,-0.65898,0.4179637,0.21964796,0.010415337,0.18842232,0.12868948,-0.35923022,0.35037705
protein|EXOC3L4,0.15610161,-0.20544271,0.09043128,0.45740342,0.101651154,0.06912019,0.3157199,-0.3759212,-0.17628369,-0.21667005,-0.16924909,0.10394899,-0.13420466,0.024959208,-0.18216237
protein|ICAM1,-0.6031715,-0.49619693,-0.020152098,-0.0035532694,0.33696878,0.30346522,-0.07661378,-0.15038049,-0.47043875,-0.35491338,0.09554774,0.30239335,-0.23178026,-0.105304316,-0.668017
protein|DDAH1,-0.012286913,-0.031794038,-0.10337018,0.16936716,-0.015229934,0.19110146,-0.02623427,0.24239779,-0.24137482,-0.11050122,-0.35149118,0.07392349,-0.10077704,-0.005997958,0.057851993
protein|PTPN6,0.23806761,-0.102580324,0.055654142,0.06415301,-0.24919209,-0.4335578,-0.117156,-0.51290774,0.12897892,-0.011016855,0.022056777,0.04274398,-0.045547597,-0.55457634,0.07941567
protein|NNMT,-0.32225654,0.29004505,-0.3119372,0.033354357,-0.23326926,0.3902523,-0.09565372,0.32416034,-0.38980958,-0.035607137,-0.42426944,-0.5774367,-0.42373145,0.042900685,0.048702262
protein|ENGASE,-0.05115136,-0.07478798,0.104443915,0.03846353,0.12769623,-0.053505674,0.12593485,-0.024875121,-0.34716138,-0.089693874,0.071093895,-0.28104866,-0.11306193,0.08445261,-0.13070697
protein|ECI2,-0.028977524,0.08330406,0.07934324,0.2794578,-0.032603648,-0.1883015,0.052995354,0.22784741,-0.4014469,-0.06536025,-0.12875846,0.040754464,-0.27004832,0.16999918,0.028873617
protein|CHCHD2,0.0986131,-0.06204168,0.07892058,-0.44161123,0.53802717,0.33059925,0.22911094,0.15019707,0.3957623,-0.112048365,-0.6405128,-0.03568757,-0.21613957,-0.12221317,-0.07224657
protein|RHOF,0.28540164,0.15421858,0.02051792,0.059498332,0.15180197,-0.12183489,0.17999709,-0.29677066,-0.1256408,0.23394209,0.0837109,-0.2144892,0.028912148,-0.4031462,-0.3485144
protein|SRSF3,0.19387992,-0.38570893,0.26734924,-0.2763739,0.6602011,0.36004236,0.35562927,0.015553065,0.34005746,-0.33860826,-0.33026066,0.4890814,0.0700236,-0.19069473,-0.5070903
protein|EEF1D,-0.23008873,-0.31545612,-0.26526198,-0.21060574,-0.039651968,0.5156466,0.29122365,-0.046796214,-0.2076188,0.1083125,-0.12950192,0.10898173,0.1828422,0.10932883,-0.36776948
protein|LAMC1,-0.3983,-0.39654294,-0.438212,-0.19162038,-0.43660015,0.51872385,0.20045781,0.04695966,-0.34588087,-0.34508765,0.24395627,-0.27765903,0.25042394,0.56894404,-0.02590306
protein|PDLIM4,0.021671768,-0.021220984,0.21906589,0.046534825,0.20420738,0.14288057,-0.2153289,0.124955095,-0.7543758,-0.15084966,-0.27368402,-0.28155643,0.12083363,-0.08316001,-0.1960472
protein|MYOF,-0.89679885,-0.23095112,-0.23367292,0.21882094,-0.17492485,-0.09398486,-0.40124047,-0.04112095,-0.37331522,0.003277422,0.42959815,-0.11235148,-0.5514008,0.15809283,0.073486984
protein|BTF3,0.36225134,0.124064416,0.20355843,-0.5647846,0.55164576,0.25659022,0.1760022,-0.31848282,0.64730936,-0.2832425,-0.48527732,0.45487618,-0.07492319,-0.2246153,-0.19620886
protein|MNT,-0.23164046,-0.10937964,0.10563575,0.059209973,0.18736966,0.21492927,0.25452167,-0.17200646,-0.2773861,-0.11664517,0.25905725,-0.041098572,0.0050961473,0.18565142,0.047547415
protein|LANCL2,-0.0027218366,-0.019766916,-0.25632146,0.03816744,-0.09345027,-0.1460752,0.2490979,-0.28082582,-0.012407301,0.23346569,-0.04828466,-0.41671082,0.00771492,0.091587335,0.005954132
protein|PHRF1,-0.019569902,-0.4953368,-0.00036254225,-0.15576103,0.23819831,0.2342506,0.16305022,-0.085768804,0.09322577,-0.2203655,-0.3964119,-0.085575186,0.08504208,-0.030506605,-0.27543277
protein|HMGB2,0.18035424,-0.42496014,0.45427233,-0.526243,0.42584404,0.26193672,0.059344072,0.1606635,0.51737136,-0.31944948,-0.10461419,0.089767456,0.3738928,-0.2781461,0.052253414
protein|METTL21A,0.32089365,0.093597956,0.28044447,0.08806816,0.46438956,-0.05173034,-0.2540139,-0.026994813,-0.014985853,0.3239647,-0.13239555,0.032552518,-0.03294985,-0.22909781,0.056925688
protein|LTA4H,-0.35844725,-0.042321004,-0.12508228,0.1870273,-0.1029302,-0.44012475,-0.5203756,-0.06649716,0.12350189,0.18286112,0.17951374,-0.16543216,-0.53802454,-0.5522933,0.204939
protein|SLIRP,0.22199012,0.045414362,-0.1339088,-0.08916374,0.52921104,0.20507108,0.39948615,0.11504953,0.26556817,-0.24041009,-0.82250386,0.59343404,-0.28815475,0.24148084,-0.4432871
protein|FABP5,-0.09548684,-0.29810786,0.12788147,-0.34120676,0.013814488,-0.04154016,0.0028087343,-0.5820714,0.60627496,-0.34526512,-0.31835267,0.26430896,-0.30186057,-0.004661257,0.2124364
protein|RPLP2,0.21931082,0.16537207,0.64779216,-0.49346134,0.51069474,0.17259935,0.11078056,-0.04528352,0.7055013,-0.3955455,-0.6968325,0.29314655,-0.15794772,0.011722732,-0.23319022
protein|ITGA1,-0.03554019,-0.09815093,0.07310569,0.43190292,-0.09835264,0.30329216,0.11216386,0.5406738,-0.38738215,-0.38343054,-0.124247365,-0.36507595,0.092732966,0.48617655,0.09722288
protein|MANF,-0.077317,0.36945045,0.17673726,-0.07274565,0.04923313,-0.10259939,0.0061185574,-0.15916018,0.48886532,-0.16678669,-0.35289896,-0.33615756,-0.61036915,0.2980292,0.51752174
protein|RAB32,-0.2961745,0.023014644,-0.3001631,0.42673522,-0.44948286,-0.26795122,-0.53785276,-0.19365211,-0.28708845,-0.03320647,0.17308228,-0.24969402,-0.6166935,-0.15314184,0.28012455
protein|MCM6,0.41477904,0.14542376,-0.8539783,-0.42363617,0.26671618,-0.11918432,0.28002408,-0.7662761,0.069428325,0.3362975,0.012575741,0.43684343,-0.033037458,0.021219155,0.18556377
protein|MSI2,0.25047305,0.005344785,0.24445212,-0.049179867,0.38960293,-0.15555249,0.29683363,0.14058588,0.29484263,0.08731855,-0.36371103,-0.068034016,0.122822486,-0.14477143,0.1581461
protein|SEC11A,0.0050667697,0.039307717,-0.20459843,0.40752488,0.22338066,-0.5587037,0.34707236,-0.5132212,-0.19663684,0.107703984,-0.011297315,-0.71873707,-0.42384604,0.15970795,0.47416717
protein|VWA1,-0.16609271,-0.3449595,0.05061788,-0.15091056,0.015170726,0.579861,0.10981378,-0.17900702,-0.3257969,-0.55898744,0.17112054,-0.18975843,0.16453785,0.22434245,-0.2152003
protein|LDAH,0.36653924,0.1831474,-0.45351878,0.43601367,0.42936194,-0.5094711,0.3284101,-0.5486832,-0.19050664,0.35937726,0.055343285,-0.21897987,-0.116537906,-0.103696816,0.17483574
protein|CWC22,-0.030768195,-0.45578787,-0.7911792,-0.30443108,-0.016063206,0.13770992,0.5727678,-0.61719555,0.018419763,0.17385411,-0.17775255,-0.2814429,0.062246818,0.07948273,0.10572809
protein|NOC2L,0.31259736,0.28511646,-0.8521845,0.035572603,0.10419168,-0.16543452,0.23855229,-0.41993886,0.0866278,0.02444934,-0.12953174,0.15330407,-0.25476658,0.3563753,0.4033651
protein|MRTO4,0.17123894,0.0577044,-0.42253473,-0.37232357,0.35066575,-0.10848308,0.531628,-0.5924401,0.08199858,0.058155008,-0.081063494,0.14735147,0.14363424,0.2536596,0.15700923
protein|UBE2O,-0.057166804,-0.35034114,0.103543065,-0.0058882865,0.14895359,0.11623943,0.41962224,-0.1554709,-0.044021334,-0.09042214,0.09128603,0.1330154,0.34643885,0.07751391,-0.060300913
protein|NSA2,0.05844125,0.05609565,-0.74056166,-0.18328804,0.048994634,0.073147826,0.31749645,-0.37811583,0.20309262,0.09181831,-0.10812153,0.18231755,-0.19335137,0.293246,0.107157186
protein|ADK,0.41108656,0.13536434,0.013266247,0.15621309,-0.08884737,-0.12836717,-0.07849269,-0.14473219,0.14275455,0.18811207,-0.07600321,-0.36367834,0.077794746,-0.027769683,0.36998135
protein|AIFM1,0.5372294,0.24057987,-0.59329474,0.6118141,0.13690923,0.00093121175,-0.11170269,0.585844,0.16923462,0.07057014,-0.6292307,-0.18827818,-0.37689698,0.07883769,0.17869133
protein|ARHGDIB,0.3932918,-0.08556485,0.63274056,-0.11782032,0.038494073,0.023546863,-0.35951704,-0.11138786,0.36906013,-0.12526315,-0.04819935,-0.27460492,0.18875545,-0.8705937,0.08357056
protein|AKAP8,0.04014365,-0.43160585,-0.24444087,-0.47002736,0.24444394,0.42649525,0.37684107,-0.17091788,0.36377513,-0.28444928,-0.43341303,0.17810243,0.17301397,0.2153033,-0.31922615
protein|ALOX5,-0.28281945,-0.07369917,-0.07672407,0.12092805,-0.05612084,-0.34668916,0.00953814,-0.016940525,-0.47371286,0.2002312,0.16235556,-0.41300386,0.13292027,-0.111588925,0.16587132
protein|LAMA4,-0.44464967,-0.079092056,-0.50121737,-0.18165502,-0.26044947,0.4156682,-0.0200031,0.038776193,-0.37166417,-0.20779662,0.31856865,-0.25494775,0.10164268,0.48733476,-0.027649919
protein|STAT1,-0.59655994,-0.53151774,-0.038778216,0.49784365,-0.29693344,-0.44827428,-0.593245,-0.3845905,0.21154988,-0.04173957,0.24224721,-0.055025987,-0.69771445,-0.3752962,0.05097484
protein|IRF5,0.12671982,0.08146035,0.042581875,0.06276458,0.35291687,-0.569307,0.08636806,-0.5989164,-0.4099836,0.11924773,0.2764016,0.019149743,0.019593542,-0.27876318,-0.2969544
protein|PPAN-P2RY11,0.11128603,-0.119074024,-0.8529605,-0.21149014,-0.0033356368,0.28885144,0.44327128,-0.36581975,0.043319467,-0.00019347918,-0.12716807,0.41026735,0.15353069,0.31961873,0.015195388
protein|MRPS34,0.23271841,0.19964173,-0.1846918,0.25647765,0.38281357,-0.2836412,0.35785306,-0.03663973,-0.11451638,-0.11658037,-0.38164023,-0.08303316,-0.26250833,0.33161685,0.0575488
protein|NOSIP,0.14273125,-0.39228353,0.02694359,0.020155547,0.4738162,0.3463464,0.41528705,-0.052431434,0.07882603,-0.31623924,-0.2617356,0.42314723,0.10680088,0.20957756,-0.31496662
protein|PRKCA,-0.02544996,-0.24329162,-0.14569655,0.069444336,-0.0119370045,0.2814654,0.016397918,-0.043328013,-0.406074,-0.2010941,0.1907557,-0.25229067,-0.1533444,-0.13485657,0.10484386
protein|POLA2,0.27724114,0.056238633,-0.44881615,-0.2766511,0.36396945,0.0930243,-0.06903541,-0.4289253,0.108729385,-0.04002166,0.066501595,0.030030206,-0.086047724,0.05290081,0.24777381
protein|SLC15A3,-0.32600266,-0.30259675,0.041549504,0.2867327,0.059320267,-0.3490774,0.18757251,-0.21989004,-0.14775133,-0.09098999,0.29109088,0.017088134,-0.31266645,0.21972,-0.10102369
protein|DDX60,-0.13063623,-0.21504016,0.23758076,0.21181202,-0.03578239,-0.2926301,0.013451552,-0.35748002,-0.15706159,0.14232023,0.0804396,-0.11386399,-0.3091509,-0.029187897,-0.08786079
protein|SORD,0.2734208,0.31664684,0.04005948,0.52792937,0.21407655,-0.26156226,0.121743895,0.119527094,-0.20418689,0.33067134,-0.06271378,0.120568804,-0.24406768,0.31282833,-0.19327216
protein|VIM,-0.2769758,-0.33672452,-0.5780785,0.1506381,-0.9324505,0.024691343,-0.2887312,-0.12317158,-0.30087224,-0.35720414,0.0009138613,-0.3544755,-0.29565156,-0.024147661,0.21960881
protein|HDHD1,0.19779237,-0.016200509,0.2154098,-0.20707767,0.07511411,0.17279482,0.2509152,-0.17702606,0.20778723,0.047777727,-0.41053927,-0.38192433,-0.03940136,-0.15713303,-0.17932126
protein|LRPPRC,0.45864305,0.32768324,-0.8813279,0.1792384,0.2589584,-0.33022007,0.16452025,-0.14250845,0.1200605,0.25104448,-0.32760388,0.11978871,-0.34080034,0.3207334,0.45490432
protein|GBP4,-0.410466,-0.18575443,0.22025974,0.32717586,-0.3452722,-0.5576772,-0.51116514,-0.49987987,0.039021246,0.02747652,0.13172442,-0.2816745,-0.48680544,-0.34918854,0.21512401
protein|PEBP1,0.37298957,-0.08492001,0.6836741,0.1347898,0.29149482,0.024319587,0.08983871,0.65971756,0.6004203,-0.29992992,-0.46488082,-0.046322957,-0.080990106,-0.13924618,-0.17168032
protein|INPP5B,0.36843252,0.29631624,0.10585774,0.18367687,0.1625591,-0.5693381,-0.014107765,-0.30929673,-0.46817186,0.29406837,0.47110116,-0.116871186,0.3177047,-0.23891798,0.15834469
protein|LAMB2,-0.118651725,-0.551565,-0.18580851,0.1275702,-0.47355822,0.35542324,0.3264994,-0.0055426694,-0.4265937,-0.3823814,0.070423014,-0.413181,0.46379483,0.3532065,0.010066716
protein|TJP2,0.02944908,-0.45961574,-0.20250484,0.2554127,0.35299522,0.30446085,0.25730821,0.42799833,-0.16225415,-0.32662195,-0.12853706,0.09413722,0.08973313,-0.06864455,-0.17802018
protein|IDH3G,0.3617912,0.13308692,-0.628451,0.52483785,-0.019485086,-0.3144254,-0.07786794,-0.12462507,0.08431758,-0.026260111,-0.12902436,-0.19437966,-0.4544385,0.05829238,0.34757444
protein|RPL7L1,0.24614847,0.25848135,-0.65949655,0.20181702,0.36816582,-0.18082015,0.2938123,-0.6049819,-0.24076316,0.048254546,0.04177643,-0.068763286,-0.3698162,0.35247976,0.31479022
protein|SLC35F6,-0.25880763,-0.6651733,-0.13273746,0.24196823,0.10120336,0.17426544,0.5634607,-0.14430195,-0.32906622,-0.23684789,0.22182722,-0.06743856,0.09747948,0.2751274,-0.39132288
protein|SEC61G,-0.16917974,-0.1806258,0.19851175,0.12620021,0.16531006,-0.0074544256,0.3190337,-0.0832494,-0.30431357,-0.06385826,-0.11344824,-0.14854759,-0.01075086,0.28940713,-0.32491642
protein|HERPUD1,-0.070521004,0.08370607,-0.22714064,0.08530455,0.15704598,0.19120312,0.22108147,0.12521793,0.015096791,-0.2310719,-0.06337637,0.15623683,-0.22075446,0.24779403,-0.064882964
protein|TUBB3,0.049725525,0.026565153,-0.041525353,-0.21242729,0.20028517,-0.11403382,0.06360218,-0.4360604,-0.16810623,0.11482776,0.12652057,-0.2942902,-0.17201747,-0.059259243,0.05036583
protein|IVD,0.30488774,0.06384381,-0.30702195,0.9329706,0.08428407,-0.3661821,0.089673094,0.49709588,-0.03404177,-0.009217739,-0.41067082,-0.34154034,-0.3185215,-0.009297357,0.26104835
protein|LGALS3,-0.59517366,-0.13246,-0.00010843391,-0.019070592,0.14414251,0.14914662,-0.36499006,-0.012791577,0.01248351,-0.14931685,-0.4460217,0.14302942,-0.6062684,-0.3063071,-0.11671506
protein|EHMT2,-0.0125154,-0.47953624,-0.04204136,-0.112510696,0.42834133,0.38203987,0.39922783,-0.02775017,-0.024671031,-0.19009031,0.0067073894,0.20369868,0.16357666,0.1503574,-0.2461646
protein|NDUFB3,0.1846935,0.21193747,-0.2266252,0.16766798,0.23824786,-0.06951966,-0.12638815,0.3002087,0.24696623,-0.35316268,-0.3905439,-0.08110478,-0.43138677,-0.06321335,0.17896853
protein|RRM1,0.27218288,-0.058874145,-0.66296685,-0.16864827,0.120718665,-0.23341782,0.19454132,-0.5363021,0.122915134,0.26311335,0.11528311,0.23590481,0.22347136,0.079820305,0.2631751
protein|ATP5H,0.47879437,0.21370566,-0.5142524,0.5345518,0.08321199,-0.33744097,-0.061461218,0.31902647,0.14515662,0.109099016,-0.4250255,-0.30917153,-0.36921358,0.0907667,0.5233838
protein|BYSL,0.22408178,-0.270732,-0.5040123,-0.23361342,0.29792824,0.47593105,0.52168643,-0.39980328,0.31347772,-0.2400959,-0.28332993,0.3949599,-0.15615731,0.16471672,-0.28073704
protein|GINS4,-0.13667652,0.040668473,-0.13779747,-0.039910633,0.15595385,-0.19700578,0.21834484,-0.27125385,-0.3732587,0.10199853,0.23520464,0.1925583,0.058322508,0.32155764,-0.034318276
protein|GNG2,0.06939442,-0.3506248,0.16980317,0.024421837,0.31624594,0.26137635,0.4357141,-0.29854187,-0.28715515,-0.19099575,-0.10547702,-0.19980215,0.043486886,-0.16962604,-0.20385475
protein|CREBBP,0.1678862,0.022363111,0.03504436,0.07450451,-0.20688003,-0.045501404,-0.1620092,-0.0239483,-0.022313666,0.08227765,-0.08828365,0.13107465,0.01133816,0.12559345,-0.023036892
protein|ABCD1,-0.06283533,-0.30987182,-0.49198517,0.6701801,-0.3249289,-0.14317207,0.17482571,0.14640865,0.012334499,-0.09463652,-0.28197876,-0.3422331,-0.54281396,0.37107927,-0.10180118
protein|OGFR,-0.2966573,-0.6835382,0.027219819,-0.16405807,0.22576071,0.40321857,0.43863294,-0.241031,-0.057729706,-0.4477741,-0.23098573,0.18153252,0.11622336,0.042143457,-0.49182066
protein|PCNP,0.47248408,-0.13321662,0.205335,-0.3456953,0.094216295,0.38646555,-0.031177413,0.036414478,0.775747,-0.43156478,-0.2867669,0.47034687,0.15720253,-0.1269349,-0.08186415
protein|IGHV3OR16-9,-0.21754573,0.15174724,0.019622257,-0.23717737,0.060370587,-0.08597837,0.020594187,-0.045572557,-0.41106117,0.27103707,0.5772762,0.21944976,0.24084699,0.5193092,-0.010069227
protein|RNF126,0.08372921,-0.2537853,-0.013515375,-0.1829938,0.4016459,0.19351895,0.47429878,0.00067844585,0.16641094,-0.13708171,-0.20151028,0.15338627,0.14487655,0.028134901,-0.32985532
protein|DHRS4,0.25086695,0.17918813,-0.48400548,0.80720884,0.124250986,-0.49204728,-0.2500141,0.35312903,-0.1439698,0.08918885,-0.1840724,-0.104292504,-0.5646213,-0.05513455,0.11597365
protein|C9JYN0,0.5650621,0.20607702,-0.20315269,0.22891466,0.4391831,-0.1795455,0.035712548,0.11718277,-0.21991903,0.16876742,-0.00779639,-0.47455218,0.19127958,-0.34399083,-0.09960515
protein|AKR1B1,0.07320382,-0.2960965,-0.3264866,0.23895408,-0.3178573,-0.37023193,-0.48333266,-0.37980965,0.2968301,0.1878137,0.22346205,-0.2257648,-0.4789941,-0.4873447,0.29241377
protein|PCYOX1,0.28429133,0.10276373,0.024065092,0.5685638,-0.37040016,-0.32400993,-0.22812186,0.20763296,-0.15234493,0.1408352,0.03238034,-0.73900396,-0.22074533,-0.04182518,0.21625437
protein|SIGLEC10,-0.14395525,-0.16057688,0.32248285,-0.00906304,0.3937189,0.08691604,0.056698088,-0.29183665,-0.16748673,-0.4055047,0.022950841,0.14967152,-0.3984162,0.032675494,-0.19803451
protein|MYH11,0.08960489,0.18307656,-0.18416755,0.1707497,-0.38979372,0.05932226,0.24651884,0.035060283,-0.35216916,0.16792141,0.09747789,-0.7163891,0.04019152,0.2128432,0.0014694214
protein|INIP,0.05421471,-0.20944338,0.2677151,-0.18517293,0.27249926,0.23177864,0.24397689,-0.096243426,-0.0838731,-0.14531472,-0.3533684,0.16855522,0.24751998,0.26296213,-0.28243655
protein|ITGB6,-0.2520724,0.080896854,0.13474451,0.006897354,-0.051272187,0.36659637,-0.00090014475,0.14606176,-0.14987706,-0.51570594,-0.028027361,-0.21279657,-0.25028315,0.6096002,0.0963626
protein|LARP4,0.101222984,0.036295388,-0.49521053,0.16312274,0.13436009,-0.034560233,0.12097903,-0.51642674,0.1493718,-0.01636987,0.110951155,0.3576869,-0.1751208,0.4357093,0.10092028
protein|PDGFRB,-0.0005907516,-0.20084894,-0.38440934,0.3726583,-0.1056455,0.12240117,-0.097355,0.374303,-0.47147328,0.060694,-0.34141752,-0.07669819,-0.022801159,-0.023740845,0.044991378
protein|A1BG,-0.33641487,0.25652742,0.4012661,-0.31347415,-0.0045120427,0.17239475,0.00801295,0.08747124,-0.57781845,-0.072657965,0.3116638,0.45551062,0.054221056,0.3254672,-0.31968626
protein|EP300,0.26480758,0.11843343,-0.037300088,-0.19835605,0.40531978,-0.31477866,0.08060808,-0.54075164,0.29525113,0.12690264,-0.08072951,-0.4947475,-0.18699855,-0.25185335,0.3122091
protein|HPRT1,0.17272449,0.26198322,0.1318103,-0.12154581,0.42756572,-0.14665277,-0.28790292,0.05710584,0.30496314,0.33150452,-0.07435724,0.20548607,-0.051151495,-0.37518203,-0.085683726
protein|YARS2,0.4296305,0.4743794,-0.15514475,0.1107469,0.5030082,-0.24119966,0.048432205,-0.16738091,0.053405948,-0.0038334185,-0.28650415,-0.18483257,-0.643086,-0.11505119,0.083572544
protein|TF,-0.36722654,0.39802557,0.09345323,-0.47477514,-0.10899453,0.16845438,-0.17333373,0.2767884,-0.36493474,0.22140117,0.39640084,0.16154069,0.046358906,0.3252075,-0.047271285
protein|MCM4,0.41341835,0.14768411,-0.53796434,-0.5034568,0.4958923,-0.120103434,0.287761,-0.6132571,0.18356085,0.22248441,-0.118517876,0.6354516,-0.08507429,0.021308035,0.050650466
protein|DLGAP4,-0.03290466,-0.11944178,0.19959487,0.07333425,-0.12267692,-0.372571,0.16463877,-0.022216413,-0.20055038,-0.08707086,-0.2013709,-0.110731766,0.040646117,-0.1450179,-0.114554435
protein|ZMIZ1,0.111413136,0.33848396,0.0016192341,-0.12419698,-0.18115686,-0.38714823,-0.13830633,-0.66660607,-0.1522668,0.36149266,0.25910828,0.1573077,-0.18030694,-0.17742118,0.08385184
protein|MTPN,0.2842229,0.03356314,0.35813946,-0.26566696,0.13764688,-0.10698371,-0.08715224,-0.12836768,0.4805578,-0.012449644,-0.33731955,-0.08045714,0.107372,-0.5511461,-0.02507018
protein|BRI3BP,0.047273148,0.014552276,-0.13609114,-0.2972241,0.42046675,-0.2800588,0.23189595,-0.14919062,-0.17006043,0.21281888,0.18799834,-0.12391991,0.38437226,-0.022520574,0.20648484
protein|VWF,-0.3669702,0.05993761,0.1121007,0.036669172,-0.6050156,0.081234485,0.09826787,0.06240094,-0.39245996,0.0064215353,0.51941365,-0.09087992,0.2774028,0.8054665,0.12423883
protein|LSM5,0.50446707,0.34799162,0.4764208,-0.42222834,0.50398,-0.15921232,-0.15468468,-0.5713104,0.24321589,0.024665412,-0.1508986,-0.28020814,-0.26658797,-0.2693349,0.17786348
protein|AKT2,0.08025465,-0.2237708,-0.37676778,-0.3988429,-0.115778945,0.16856717,-0.068185106,-0.23602241,0.18592809,0.019677753,-0.014356964,-0.1393536,0.041556966,-0.35296994,0.020074155
protein|RAB6C,0.14598641,0.57445973,-0.061010767,0.19799498,-0.13499925,-0.412814,-0.19533256,-0.0025801717,-0.34360442,0.378587,0.38041803,-0.19299941,-0.13610323,0.103560776,0.22195095
protein|ACSS1,0.028191106,0.0758375,-0.073709324,0.56318194,-0.042096615,-0.44376266,0.098225534,0.31520683,0.2911754,0.112126276,-0.21261148,-0.06330246,-0.23392855,0.15576197,0.14568979
protein|FLI1,-0.3900635,-0.2741993,-0.037322655,-0.16349366,-0.17062594,0.56630665,0.50019014,0.32503772,-0.13152108,-0.11375686,-0.02023213,-0.19198163,0.49015877,0.35786107,-0.25181085
protein|FAM134C,-0.1964246,-0.45360988,-0.08054161,0.21270931,0.06413124,0.16213341,0.29709807,-0.1904683,-0.3714724,0.10133647,0.10572987,0.015165537,0.23794074,0.21137372,-0.20184846
protein|MMRN2,-0.17172727,-0.33740526,-0.42008656,0.13851929,-0.16543199,0.3266874,0.37145013,-0.105055414,-0.26290655,-0.08687938,0.064187676,-0.23811968,0.0015168119,0.49219,-0.034452002
protein|DBN1,0.19196513,-0.07294537,-0.3657593,-0.12772332,0.013353588,0.2551122,0.45051312,-0.14598618,0.040657118,0.057764042,-0.15358561,0.08646279,-0.06875847,0.26920852,-0.08645561
protein|NTHL1,0.022772582,-0.08211021,-0.09029498,0.029260151,0.0014776343,0.15430841,0.33475748,-0.2044136,0.06939056,-0.015376595,0.029780898,0.20920269,0.1806322,0.20306696,0.05287411
protein|MFGE8,0.17441891,-0.23922674,-0.117635295,0.044469595,0.22153404,0.17650492,0.106792875,-0.3865569,-0.5150279,0.05600168,0.15347438,-0.35374403,0.2647478,-0.15779151,-0.16715962
protein|ATP2B1,0.24259685,0.08149796,-0.5437358,-0.0526557,-0.25893688,0.1311489,-0.0067630922,-0.04261313,-0.263988,0.32006124,0.18716541,-0.30098283,0.3259893,-0.06751698,-0.020436633
protein|S100A11,-0.8645821,-0.35826135,0.28935945,-0.16740495,-0.17784034,0.0951963,-0.39884514,0.091373384,-0.056291874,-0.17264721,-0.35314167,-0.12783422,-0.42487612,-0.028337957,-0.16035996
protein|PES1,0.033734422,-0.050718773,-0.7192946,-0.32445508,0.053996593,0.40043396,0.38126957,-0.36403325,0.17601164,0.109891824,-0.16624829,0.43786946,0.10979604,0.21772859,0.028099759
protein|PRKD3,0.28606495,0.2051473,-0.46684888,0.09451194,0.24080154,-0.18961422,0.12708564,-0.54799867,-0.24883416,0.1546192,0.15331721,-0.07606466,0.016593,-0.30345127,0.08029961
protein|RPL36A,0.14193252,-0.15008967,0.08156723,-0.62206364,0.4022167,0.4339888,0.16399248,-0.15783712,0.5975189,-0.2618108,-0.3863278,0.30915827,-0.053146422,0.023266364,-0.083443806
protein|SSNA1,0.2869655,0.11114011,-0.03419506,-0.060534477,0.17224401,0.05780759,0.21969238,-0.65351427,0.022491246,-0.16130804,-0.08355327,-0.14912412,-0.02686923,0.040544815,0.08012179
protein|PSMG1,0.46973574,0.48234627,-0.41207805,-0.09104239,0.43655103,-0.20525908,-0.07235681,-0.5034796,0.07263416,0.22587399,-0.15330857,0.18883656,-0.353633,0.12527977,0.39959845
protein|CAPN2,-0.28734273,-0.056298032,0.06725205,0.11011825,-0.56289065,0.057448037,-0.27882177,-0.20573507,0.020872515,-0.09660393,-0.2827789,-0.55440754,-0.471059,-0.05910265,0.1678446
protein|LGALS9,-0.28877893,-0.4994126,-0.19157262,0.41785923,-0.20265521,-0.15993893,-0.33016187,-0.21308462,-0.16764088,-0.09370156,0.1170289,-0.3655965,-0.49577948,-0.24076054,-0.050907418
protein|FCRL3,0.19316968,-0.09604886,-0.22186169,-0.14015876,0.48663002,0.057045892,0.17812851,-0.18315066,-0.08437075,-0.0072063613,-0.038119357,0.13952783,0.2784538,0.05919664,0.06469901
protein|SNRPF,0.31066835,0.25649884,-0.14272597,-0.35150263,0.22888121,-0.096934006,0.20287214,-0.47136518,0.0893262,0.25198948,-0.06323941,0.020282397,-0.05307223,-0.064323984,0.048211128
protein|RGS10,0.00076842785,-0.6339558,-0.023659114,-0.25004318,0.015936492,0.18857576,0.29180422,-0.3811377,-0.07606104,-0.17478701,-0.035468925,-0.12085211,-0.09563367,-0.2395813,-0.49605972
protein|FAM160B1,-0.051627126,-0.43269268,-0.15453814,0.17672616,0.048213296,-0.077033155,0.31662858,-0.25223547,-0.18805301,-0.241397,-0.08916055,-0.18121396,-0.16812885,-0.07251731,-0.051657695
protein|RPS19,0.2476852,-0.037765414,0.26842624,-0.34998745,0.46654993,0.34699926,0.457827,-0.24880503,0.46625718,-0.3562205,-0.7602556,0.2770521,-0.24412814,-0.05585271,-0.40781975
protein|NCAPG,0.18593797,-0.04439484,-0.5641155,-0.37269527,0.21570605,-0.026808215,0.14555229,-0.6867607,0.19505472,0.021599103,0.18140419,0.2512043,-0.04436605,0.10366638,0.21070921
protein|HNMT,-0.28465685,-0.077560656,0.1462505,0.27687034,-0.1468594,0.18544742,-0.6171835,0.16118781,-0.1234927,-0.38747817,-0.080492795,-0.3987727,-0.41581246,-0.3139327,0.00543545
protein|POLR1A,0.092316404,-0.17345867,-0.6564116,0.06734724,0.07049596,-0.029099789,0.44946298,-0.4214367,-0.22566673,0.14126725,0.1617699,0.10582218,0.24458696,0.39723012,0.11537037
protein|X6RM59,0.058112703,0.3432302,0.06346997,0.103783585,0.12735702,-0.09643363,0.014365919,-0.13346852,0.17691594,0.11189083,-0.0744045,-0.22859398,0.11897581,-0.14298451,0.06435606
protein|UTP3,0.34879586,0.038193088,-0.8349145,0.087309696,-0.028704805,0.024660822,0.38404036,-0.05813189,0.17477454,-0.20963062,0.0117601575,0.4119712,-0.2287645,0.34111392,-0.007926298
protein|POU2F2,0.46435603,0.21772814,-0.14931585,-0.52673674,0.53057045,0.006693475,0.12688477,-0.43907538,0.14669117,0.03739721,-0.25545785,0.36479548,0.013286591,0.061622992,0.05257471
protein|VAMP2,-0.42926627,-0.12529196,0.030040832,0.03038657,-0.194039,0.34350944,0.25187525,-0.07556915,-0.2260707,-0.007735371,0.27730325,-0.0063600847,0.27920914,0.366557,-0.3254832
protein|KIAA1143,0.32938454,-0.30904147,0.22112495,-0.17134489,0.29990703,0.22000027,0.11091355,-0.0038769543,0.33644938,-0.25284442,-0.22483727,0.25466555,0.26420474,-0.10478225,-0.11079306
protein|STT3A,0.0102549195,0.22300601,-0.6012527,0.25735417,-0.48386815,-0.21858889,0.09948692,-0.045282543,0.09781354,0.2027493,-0.24000473,-0.49337125,-0.48028922,0.14373244,0.6881765
protein|ARPC1B,0.14754337,0.165951,0.37485898,-0.048078272,-0.055101644,0.009630981,-0.7487026,0.055467233,0.31546855,-0.20074232,-0.082330324,-0.19870405,-0.14823195,-0.82253027,0.013395503
protein|ICAM3,0.18437229,-0.2676448,0.55227435,-0.07474108,0.49974382,0.13730216,0.32495123,-0.4203559,-0.11132326,-0.4361337,-0.072437115,0.08116243,-0.073920734,-0.04547549,-0.48243958
protein|CAMK2G,0.13790044,-0.05833145,-0.070782684,0.16488029,-0.065095924,-0.087068506,0.17499748,-0.14788255,-0.054389995,0.22704384,-0.037099443,-0.39424714,0.27574393,-0.10371793,0.22762819
protein|PIK3CG,-0.013235339,-0.38195553,-0.25541407,0.40873826,0.23075117,-0.2653114,0.09782956,-0.00582815,0.023039008,0.19832124,0.29483837,-0.38702068,0.057341635,-0.27795607,0.12831165
protein|STK38,0.19770677,0.12699315,-0.1113318,0.29469252,-0.23367134,-0.45063603,-0.34189665,-0.37391272,-0.024176013,0.19146979,0.19158384,-0.4827825,-0.18445864,-0.38583773,0.4496552
protein|PARVA,-0.06285259,0.1450355,-0.3832168,0.28709224,-0.53212243,0.00799096,-0.101940855,0.15608282,-0.34173265,-0.018908191,0.05906875,-0.58790976,-0.2003211,0.0010548397,0.18066783
protein|CD47,0.14811397,0.27182305,0.4746841,0.011502805,-0.2826621,-0.41795948,-0.45674747,-0.24955563,-0.0041422243,-0.04322472,0.45182976,0.026018819,0.013510695,0.006596777,0.12043272
protein|SERPINB9,0.036850996,-0.18224125,0.08736257,0.09995484,0.059356652,-0.30372494,-0.3807034,-0.47009152,-0.10194009,0.060924586,0.16619262,-0.23553997,-0.19642302,-0.52178305,0.17780526
protein|FNBP4,0.20929277,-0.2554912,-0.1336494,-0.20274419,0.21198614,0.26208663,0.43474406,-0.06261096,0.2800042,-0.12207153,-0.2182689,-0.030381186,-0.0056871977,0.0047944733,0.05003839
protein|EIF4E2,0.123797156,-0.22054067,-0.67925304,-0.32087377,-0.052787855,0.23526818,0.0017733299,-0.56799847,0.15741952,-0.0010977761,-0.13877675,-0.19846398,-0.25696358,-0.094915,0.123043254
protein|ZNF598,0.050769802,-0.35159907,-0.3957244,-0.32809624,0.16405201,0.2811665,0.42235166,-0.3600661,0.023758816,-0.24016842,-0.008114725,0.54693204,0.10206911,0.43564266,-0.25529733
protein|SLC35B2,-0.15440512,-0.08698494,-0.36278227,0.23193103,-0.3861435,0.355387,0.15161721,0.35258228,-0.2537744,0.22595558,-0.07213171,-0.08980261,0.13665345,0.15715554,-0.0044995807
protein|COQ9,0.30485222,0.21747485,-0.305709,0.6899229,0.17411894,-0.007267842,-0.0201376,0.62712014,-0.20502971,-0.16780993,-0.94006026,-0.30306977,-0.5147429,0.07130374,0.09051291
protein|A0A0B4J2A4,0.43009052,0.22690615,-0.44353637,0.7208565,0.3063079,-0.19961843,-0.11085161,0.8374723,-0.012150284,-0.2411337,-0.56313324,0.0052260603,-0.5004585,0.24417011,0.26866925
protein|HCG_1984214,0.15284629,0.19972506,-0.16024147,-0.018698605,0.45927963,-0.22179632,0.23975518,-0.2643567,0.13954633,-0.07106771,-0.22102463,0.08667871,-0.27240556,0.082660586,0.058581386
protein|CLTCL1,0.090428986,-0.27469316,0.15751933,-0.27675745,0.36150727,0.098968275,-0.32991895,-0.6479475,0.22479057,-0.22013684,-0.06977543,-0.018775985,-0.30601233,-0.41941512,0.16621597
protein|SHMT2,0.41087055,0.25402746,-0.5983125,0.1656191,0.6667424,-0.31934112,0.26957545,0.017274119,0.100961536,0.20079227,-0.2631822,0.23680633,-0.29281566,0.22502233,0.24554192
protein|SET,0.50794655,0.07558149,0.20675759,-0.62271065,0.33654723,-0.005626497,0.041646216,-0.3147919,0.6132447,-0.021914136,-0.33468223,0.24554372,0.06578211,-0.48688555,0.056382775
protein|NPC2,-0.49302882,-0.4048882,0.22967346,-0.2762135,0.14910464,0.34018955,-0.18687463,0.1522062,0.25549343,-0.45104766,-0.23647508,-0.16928071,-0.26940435,-0.16264038,-0.16921555
protein|UHRF1,0.10714443,-0.27861738,-0.69187284,-0.43803883,0.35585204,0.2054341,0.48211494,-0.5106065,0.17297283,0.078064285,0.029714389,0.39186928,0.2023748,0.23354413,0.047993187
protein|CHTOP,0.08800494,-0.6129042,0.02392219,-0.13329269,0.20817056,0.3427665,0.5842145,-0.12823375,0.11443413,-0.27567136,-0.22766586,0.14867978,0.09453825,-0.19022146,-0.64155084
protein|ERLIN2,-0.0101992665,0.31450948,-0.27403453,0.71708196,-0.31918323,-0.3179586,-0.45263207,0.30632576,-0.17884116,0.27013624,-0.073617354,-0.19186366,-0.32533416,0.18039961,0.2717203
protein|TFAM,0.52825505,-0.07939708,0.080165,-0.055994466,0.46694687,0.17343448,0.4260742,0.4776694,0.5458304,-0.23482357,-0.4200495,-0.00033183477,0.13934578,-0.012052831,-0.087539166
protein|UIMC1,0.24810982,-0.5737485,-0.10342519,-0.29534343,0.39334196,0.27987024,0.27905,-0.21984512,0.1363337,-0.29703864,-0.1795406,-0.024658024,0.22286966,0.044318456,-0.18968698
protein|IGFBP7,0.254582,0.00577814,0.05077129,0.04036333,0.12815472,0.26497814,0.40644637,0.0024826503,-0.31177345,-0.25443584,-0.0073480615,0.10696221,0.1946149,0.20019713,-0.30753207
protein|BUB1B,0.19072281,-0.03726445,-0.587895,-0.23532419,0.31427878,0.16077605,0.05848719,-0.31046593,0.14686616,0.05484076,-0.061492804,0.2175213,0.06963313,0.24286391,0.2206496
protein|CHI3L1,-0.5648818,-0.21336296,-0.055066016,0.17874774,0.18414244,-0.34449938,-0.33787498,-0.14841244,-0.56824195,0.072750054,0.17213145,0.18974216,-0.2844934,-0.08490563,0.072809316
protein|ZC3H12D,0.28216255,-0.038479753,-0.22217253,-0.029227963,0.16302612,0.05267256,0.12630883,-0.4573091,-0.23358464,-0.060062185,0.2438319,0.009283597,0.28615808,0.013962375,-0.39273614
protein|SMG1,0.21492966,-0.13452305,-0.22756107,0.37403187,0.42586643,-0.10201585,0.104200915,-0.568261,-0.13872004,0.033658005,0.2954396,-6.790162e-05,-0.36598554,-0.14967212,-0.08758596
protein|GLO1,0.5008285,0.4797242,0.60822546,-0.08166392,0.3880472,-0.16993436,-0.026916163,-0.18381287,0.15306386,-0.06933053,-0.5149359,0.06392294,-0.33422533,-0.18297987,-0.030979743
protein|CTSD,-0.60148835,-0.33781618,-0.052358747,0.18375991,0.27343458,0.13176538,-0.29431832,0.077217415,0.09712968,-0.19065215,0.081811115,0.14792918,-0.56452864,-0.039921444,-0.2570572
protein|HYPK,0.019426316,0.16218576,0.24207687,-0.50279623,0.1538493,0.11094091,0.13751839,-0.16761553,0.25188088,-0.032122303,-0.3791737,0.1829826,0.17407703,-0.015451956,-0.27372304
protein|COA6,0.08930034,0.2029475,0.3676485,0.36738604,0.34123513,0.028552229,0.02370482,0.28847092,-0.13262936,-0.262929,-0.28610536,-0.09435287,-0.3116059,0.10673268,-0.27355963
protein|SLU7,0.11486364,-0.2776411,0.013952138,-0.06385289,0.2618509,0.50432813,0.0926091,-0.0054761847,-0.035547026,-0.4138867,0.11847708,0.044665836,0.23175386,0.0524651,-0.15603372
protein|SIRPA,-0.54508644,-0.3066362,0.35964122,0.06492201,-0.10072055,0.0059491033,-0.27437118,0.01589904,-0.24445932,-0.33473563,0.24393886,0.24867998,-0.22105743,-0.13743517,-0.4126145
protein|WDR6,0.24788141,0.18365599,0.33768275,-0.012687294,-0.053607695,-0.07746383,0.096582785,-0.23369592,-0.1171335,-0.17039286,0.3874825,-0.19311416,0.109699406,0.42076263,0.28109685
protein|CPOX,0.27024287,0.06816952,-0.2739288,0.3472684,0.08951301,-0.07290128,0.038579945,0.11611243,0.15541194,-0.039158173,-0.041450284,-0.23911114,-0.42646536,0.35705566,0.21535727
protein|AGPAT3,0.23438695,0.18885466,-0.20459332,0.6641206,0.02719296,-0.3749839,-0.2351392,-0.03208393,-0.26481834,0.09497702,-0.1191683,-0.25440565,-0.59491205,-0.2248294,0.08504388
protein|PDLIM1,0.50220364,-0.011719451,-0.057536315,-0.13287443,-0.055852447,0.17616826,0.15368956,-0.15688181,-0.015647909,-0.58567387,-0.45316622,0.291093,-0.063501045,0.33996275,-0.013530618
protein|MTX1,0.01922832,-0.30022636,-0.67115736,0.15447819,0.22382952,0.15340008,0.3683162,-0.0744755,-0.35758877,0.0342959,-0.50061667,-0.15391634,-0.09240584,0.21733716,-0.19049676
protein|WDR3,0.24693099,0.109670386,-0.964447,0.11908043,-0.1931705,-0.28324333,0.408332,-0.48296645,0.027582578,0.09970944,-0.03821256,0.069420926,-0.1361624,0.24858499,0.28231016
protein|SRI,0.04155531,0.15606149,0.35355523,0.023490196,0.3902244,0.11907749,-0.051596902,-0.20370337,-0.09169409,0.078426,-0.26333657,0.10624032,-0.23041701,-0.34780684,-0.7107202
protein|LPCAT1,0.25777826,-0.0075593367,-0.5673596,0.021272091,0.016423246,-0.043094918,0.010722994,-0.4708259,-0.29527092,0.15265752,-0.0241945,-0.2025946,-0.024575211,-0.2650406,0.18221352
protein|SMS,0.36206192,0.2325154,-0.041384324,-0.18978158,0.2904312,0.082442746,-0.2319864,-0.1707803,0.33234522,0.230759,-0.036516707,0.06457778,-0.05636815,0.0226905,-0.014245103
protein|YBX1,0.15459776,-0.042220008,-0.19151585,-0.62180054,0.37185735,0.4088689,0.1531248,-0.15627341,0.59913296,-0.32711428,-0.34222198,0.5853099,0.0011472609,0.09522937,-0.11433465
protein|AFG3L2,0.5337642,0.303336,-0.5788235,0.6327499,0.31026778,-0.32459903,0.071058795,0.45004553,0.0060516023,0.033059474,-0.6550418,-0.007208909,-0.42112386,0.098900855,0.29062024
protein|ZNF326,0.12637806,-0.22891077,-0.31061727,-0.20921808,-0.065901436,0.4919465,0.31166294,0.11858097,0.20377566,-0.09378395,-0.20625514,0.26560327,0.07617275,0.19175702,-0.39712363
protein|POLR2M,0.1427295,-0.17331573,0.40622005,0.3801123,0.044976443,0.2177389,0.17257588,0.14630112,-0.406816,-0.25836697,-0.17987087,0.19886708,0.08008778,-0.054155905,-0.739815
protein|CHCHD3,0.42473605,-0.004906118,-0.89864105,0.61741656,-0.082123764,-0.21787891,0.06796548,0.49596536,0.08725414,0.14557502,-0.4271385,-0.18812379,-0.31835282,0.0040002964,0.24469317
protein|RABGGTB,-0.055775415,0.007931723,0.045672234,0.32699957,0.19274212,-0.261178,-0.07666432,-0.4326217,-0.15592897,0.14501084,-0.024196336,-0.23139188,-0.25873497,0.04409346,0.06663535
protein|GNPDA1,0.0581951,0.11581054,-0.06874763,0.3223566,-0.3712704,-0.55875623,-0.26750273,-0.3203252,0.07333718,0.3012611,0.09393942,-0.36624962,-0.38270456,-0.27796924,0.36106402
protein|KIAA2013,-0.055346586,-0.11395581,-0.39705148,0.09158568,-0.0597228,0.22213455,0.12040694,-0.05677877,-0.12772545,0.01176197,-0.16067544,0.22036228,-0.068744116,-0.040213708,0.114861585
protein|SCARB2,-0.62583727,-0.26128426,0.23739941,0.21435586,-0.0034749855,0.26957613,-0.0040217144,0.13046426,-0.13943872,-0.44738287,-0.2122793,-0.08499904,-0.45622802,0.4034174,-0.15274376
protein|RTFDC1,0.22682656,-0.20476812,-0.41610914,-0.46433648,-0.28276965,0.25937355,0.06573986,-0.20460716,0.40828484,-0.15222082,-0.3058346,0.026383564,0.2695911,-0.026971467,0.0735765
protein|SCPEP1,-0.58136266,-0.29816642,-0.018313529,0.30178493,0.118691586,-0.25741264,-0.30587682,-0.03245897,0.17209409,0.049144894,0.27836794,-0.01812806,-0.57279545,-0.09669289,-0.04932259
protein|BRMS1,-0.19367279,-0.4893963,0.14447325,-0.077523135,0.28942633,-0.020564197,0.37309504,-0.5014052,-0.26846272,-0.18420282,0.1862366,-0.0976962,0.27059293,0.042490087,-0.105590604
protein|CYFIP1,-0.43117633,-0.30166742,-0.25009066,0.3907456,-0.3727314,-0.21149953,-0.44638902,-0.37852368,-0.11346708,-0.10454748,0.12497526,-0.37042263,-0.67267793,-0.07173871,0.38625428
protein|PDCD5,0.19138268,-0.03317962,0.17515415,0.022997802,0.32668456,0.29350975,-0.044170443,0.01871986,0.2813999,-0.20174119,-0.43105376,0.24484943,-0.033177488,-0.16040403,-0.06530533
protein|BLVRA,0.05765449,0.08079459,-0.053672027,0.21641538,-0.3367625,-0.4015405,-0.5282455,-0.6535882,-0.18965839,-0.024578238,0.2391708,-0.33048493,-0.53312117,-0.24397464,0.11809826
protein|DDX21,0.23005058,0.26629552,-0.82577217,-0.30709606,0.20647743,-0.069167204,0.2766461,-0.534451,0.25912476,0.07967425,0.08300643,0.35178718,-0.15423648,0.41941863,0.42129806
protein|NT5E,-0.26632905,-0.024206562,0.11842069,-0.022919154,-0.46060264,0.32974392,0.21582696,0.20175469,-0.41672584,-0.06523473,-0.029598264,-0.24720335,0.09123981,0.36760476,-0.12907119
protein|UBAP1,0.02283968,0.11568012,-0.2882919,0.19593993,0.16599703,0.008007178,0.35236603,-0.13339193,-0.21758105,-0.08444909,0.16370758,-0.075445816,-0.080850914,0.3934905,0.07997902
protein|MOB3A,0.31719398,0.058628146,-0.11031239,0.029110018,0.1728879,-0.2181305,-0.16703328,-0.31874382,-0.124372,0.048374142,0.1676803,-0.4268464,0.012762753,-0.57296395,0.31792605
protein|PGAM5,0.47507513,0.07105319,-0.5219742,0.047564574,0.53976434,0.12780379,0.359689,-0.14187554,0.1513431,0.07790898,-0.4223051,0.10012924,-0.18335514,0.17697519,-0.055590417
protein|LCP2,-0.31701854,-0.5889579,0.35824057,0.4143043,-0.20024382,-0.22223951,-0.2541992,-0.5294663,0.16871613,-0.30569583,0.099752694,-0.34123322,-0.43234268,-0.2795875,-0.03883202
protein|TAF10,-0.012577868,-0.36274117,0.19897029,-0.021886537,-0.0023114553,0.04509297,0.40477586,-0.12094928,-0.20412989,-0.22629072,-0.17134245,0.048437055,0.29348013,0.2909666,-0.49412012
protein|TEX264,-0.23144381,-0.42087758,-0.16625665,-0.18640898,-0.033970237,0.4562406,0.22429264,0.15220349,0.27905336,-0.25811797,-0.1134531,0.08648275,-0.17514135,0.32789236,-0.24829252
protein|BAG2,0.32025692,0.22108485,-0.6587239,-0.26211697,0.19094901,0.18689166,0.09067126,-0.13994887,0.11739621,-0.040954158,-0.10836979,0.061005946,-0.17690848,0.38383275,0.2371765
protein|MCAM,-0.056944113,-0.24890159,-0.37262675,-0.11542209,-0.042235382,0.40912002,0.3344464,-0.09408193,-0.39105308,-0.15740107,-0.09284098,-0.0068415045,0.10444348,0.42569196,-0.23591563
protein|TBXAS1,-0.52177215,-0.22386149,-0.054741826,0.2775409,-0.038051605,-0.25084227,-0.04553713,-0.38210666,-0.4232142,0.041687597,0.25999364,-0.18029729,-0.49102804,0.1973447,-0.031134363
protein|BCKDHA,0.18517703,0.21579753,-0.06637713,0.41901213,0.035697065,-0.31996438,0.046126973,0.058087133,-0.1738196,0.07742373,0.08044151,0.25812444,0.03744499,0.052681398,0.0383244
protein|RPS25,0.21867728,0.0101063335,0.3513563,-0.38859996,0.7209669,0.046917506,0.53931445,-0.41132295,0.4604171,-0.29693353,-0.5080181,0.24371395,-0.17865114,0.07328061,-0.18731439
protein|FAM208A,-0.034965787,-0.13423218,-0.29590952,0.10931416,0.020916685,0.22374903,0.33549783,-0.27318546,-0.1796914,0.012838769,0.11795575,0.030735858,0.10257619,-0.0025342617,-0.023993295
protein|RBMX,0.3746829,-0.5212006,0.0408794,-0.2513243,0.55376756,0.4181203,0.50763327,-0.2422829,0.407261,-0.3674444,-0.22703643,0.27947238,0.13611922,-0.27716684,-0.38118833
protein|ECH1,0.54343385,0.31361032,-0.5512187,0.57318914,0.034292344,-0.36639503,-0.06747102,0.40596583,0.0014973256,0.06734015,-0.36948422,-0.36185363,-0.23867477,-0.0013011993,0.2686864
protein|SRSF1,0.15700984,-0.4431327,0.25502163,-0.28679553,0.6631705,0.4078694,0.54826313,-0.13337418,0.1926696,-0.41367716,-0.29129866,0.33159104,0.089741096,-0.10783838,-0.49751732
protein|ALG1,0.13176154,-0.04368513,0.3256597,0.10789514,0.21192,-0.12179819,0.353838,0.16136676,-0.23511472,-0.016914783,0.44107765,0.154025,0.5577332,0.35559788,-0.09015983
protein|Q16594,0.24914859,-0.1610817,-0.043432612,-0.14690278,0.16230437,0.07289867,0.117558174,-0.42532486,-0.08551195,-0.07620975,-0.047800977,0.08434045,0.06440825,-0.10835705,-0.12859984
protein|PHPT1,0.09506609,-0.12672776,0.42008764,-0.13066374,-0.19549018,0.0904528,-0.46490282,0.19108471,0.29429483,-0.11810027,0.021598162,0.08077247,0.12503166,-0.36767143,-0.27824017
protein|YTHDC1,0.30526194,-0.43830642,-0.041056905,-0.16501488,0.3912361,0.22716878,0.40606883,-0.2580811,0.24053563,-0.3758934,-0.17221946,0.32941917,0.0032969366,-0.10732842,-0.32742938
protein|SERPING1,-0.651112,0.21266659,0.245375,-0.07054133,-0.041049596,0.010955385,-0.16701458,0.1364605,-0.581183,0.041501015,0.5648718,0.094429515,-0.08788065,0.5843173,-0.15560423
protein|ARPC4-TTLL3,0.23353074,0.11109545,-0.1973023,0.321204,-0.22678094,-0.36509535,-0.3177885,-0.53295773,-0.14853513,0.37381834,0.31141543,-0.4839104,-0.27498296,-0.65663844,0.19262527
protein|TYROBP,-0.605489,-0.31097713,0.15922624,0.36186066,0.34610477,-0.060100406,0.02441789,0.05597825,-0.403198,-0.18526614,0.086353496,0.0608461,-0.5101809,0.21970595,-0.30441192
protein|TMEM167A,0.07165228,0.17775194,-0.4467667,0.18763737,0.15652025,-0.3276678,0.20904404,-0.47773504,-0.21106255,0.16605528,0.100091174,-0.25959346,-0.43177006,0.231062,0.31013748
protein|NDUFA4,0.45134562,0.13520092,-0.047871694,0.3303825,-0.22580165,-0.13267101,-0.09662104,0.63970256,0.28131267,-0.12685674,-0.56942236,-0.19181328,-0.20931698,-0.39187858,0.050500944
protein|ZC3HAV1L,0.21501972,0.22497168,-0.06341175,0.33259642,0.28455508,0.09165691,0.055682007,0.34337562,-0.055360623,0.048038326,0.059159156,0.014779644,0.08473918,0.11007941,0.06350895
protein|TMED2,-0.27063295,-0.42959717,-0.4983999,0.25716537,-0.36222544,0.27988973,0.41442898,-0.0010560552,-0.014933097,-0.035913743,-0.19743958,-0.397168,-0.056122772,0.43276995,0.17560148
protein|MX2,0.106764086,-0.24152586,-0.04330912,0.13801686,-0.18835951,-0.278059,0.13367566,-0.30447522,-0.13933279,0.06104721,-0.081239894,-0.32655898,-0.036635682,-0.112654164,-0.13171968
protein|ITIH5,-0.016447227,-0.13380623,0.10416933,-0.06156102,-0.022965642,0.2466784,0.18247828,0.09438473,-0.07346065,-0.45859435,0.2620633,-0.12795325,0.2826882,0.07002083,0.008903608
protein|MCM7,0.3189294,0.07933752,-0.9095466,-0.30629656,0.14316218,-0.040425185,0.20329551,-0.5519642,0.0014080284,0.32078525,0.009424327,0.45154303,0.0010001435,0.09653245,0.12198766
protein|HEBP2,-0.2470109,-0.11312004,0.36352,-0.113426894,-0.2337171,0.14213437,0.019094456,0.30026153,0.044222828,-0.18089963,-0.3851822,0.14382976,-0.02331749,0.16092496,-0.2365906
protein|VIPAS39,0.066909,-0.41966167,-0.03054803,0.07929221,0.24885672,0.048393425,0.28874633,-0.36438298,-0.25100848,-0.15396683,-0.018124955,-0.013409033,0.29621008,0.098273896,-0.18792379
protein|SSR1,-0.2643456,-0.029852834,0.49627787,-0.21130775,0.26401317,0.22457764,0.26108357,0.25026378,0.35272002,-0.37231952,-0.45335862,0.13684943,-0.2761049,0.4912881,-0.08641042
protein|SSR3,0.05827601,0.10307687,-0.48123577,0.32778725,-0.36160332,-0.29188251,0.027571963,-0.21226634,0.01717333,0.14761308,-0.12747313,-0.29107755,-0.46688735,-0.039412532,0.4552609
protein|PPIF,0.12455962,0.22673377,-0.34239155,0.10269142,0.3861432,-0.20668074,-0.28105313,0.2525987,0.23804764,-0.17604314,-0.46997774,0.21429081,-0.6425298,0.069275185,0.00048980175
protein|ALDH18A1,0.40598404,0.22983485,-0.60616916,0.011638429,0.2737502,-0.15655683,0.23851092,-0.21644585,0.0034916878,0.00345141,-0.100884736,0.098889425,-0.25381726,0.5015516,0.24152784
protein|KBTBD8,0.14663176,0.012581824,-0.34247586,0.109693795,0.19415641,-0.063920386,0.118065804,-0.2628286,0.131492,-0.014550025,0.07514772,0.24280941,0.08710928,-0.0028388551,0.045761414
protein|MSRA,-0.091391265,-0.12744132,0.14563753,0.2618421,0.16153194,0.060452543,0.036023974,0.26173946,-0.0463676,0.14416729,-0.04068443,-0.17430048,0.18644418,-0.3015768,-0.015509189
protein|PPME1,0.2643598,0.07197707,-0.2766852,0.10774741,0.26174098,-0.30680555,0.14449498,-0.280363,-0.15244175,0.49929047,0.17593805,-0.085084654,0.050337892,-0.24536431,0.10381157
protein|BOD1L1,0.116436385,-0.47142935,-0.24666381,-0.27479652,0.3111698,0.13491233,0.28315142,-0.2064638,0.105302125,-0.43648747,-0.22233236,0.10122296,0.08999356,-0.07743604,-0.13743149
protein|TP53I3,0.11271103,0.14979662,-0.011969582,0.26123866,0.10077322,0.042864177,0.12154871,-0.25019175,-0.45218876,-0.029527161,-0.24077164,-0.39127827,-0.3013825,-0.009109246,0.07662757
protein|BRIX1,0.25154874,-0.054686714,-0.5536495,-0.051738758,0.00020268545,0.023763226,0.60591704,-0.5758362,0.052880522,0.007768965,0.070622176,0.21298474,0.017222993,0.15078129,-0.024003597
protein|MRPL30,0.3172541,0.043620378,-0.012181215,-0.14920141,0.3770975,0.28951383,-0.03755056,0.34824854,0.32278964,-0.2084694,-0.4567139,0.46960735,-0.0043652104,-0.2648621,-0.15553838
protein|BZW2,0.47349444,0.36242065,-0.6002182,-0.28594127,0.29612845,-0.019837413,0.037198726,-0.6356217,0.14046046,0.2782938,-0.18813702,0.19472347,-0.16294117,0.05558443,0.2909292
protein|B4DLN1,0.58128643,0.4293408,-0.02306082,-0.010159779,0.4358887,-0.16361368,0.08605131,-0.035638865,0.39710382,-0.05043871,-0.5231912,0.12088603,-0.34923497,0.026721356,0.1367539
protein|PARP1,0.502811,-0.13136129,-0.41948882,-0.15770179,0.33829793,-0.028636664,0.03911849,0.019486161,0.18407477,0.45584932,0.06741794,-0.177262,0.45481977,-0.6826177,0.098540545
protein|RPF2,0.11628047,-0.21879269,-0.5630856,-0.0027740444,0.07051108,0.33210534,0.34723186,-0.06666954,0.15493798,-0.1893763,-0.14159723,0.10428416,0.20952116,0.51516974,0.15346302
protein|NNT,0.4564577,0.24628502,-0.56553614,0.79120034,0.10889712,-0.3801862,-0.17549454,0.53802705,-0.1154734,0.054378882,-0.22805251,-0.22656238,-0.3817224,0.011884168,0.31233737
protein|KCNAB2,-0.2314079,-0.24819422,0.20011297,0.3033355,-0.20769373,-0.6029607,-0.13744844,-0.32711396,0.14938036,0.09380357,0.42216027,-0.4794428,-0.16940755,-0.2086567,0.33268946
protein|TAP1,-0.28462923,-0.4172503,-0.14313495,0.4403323,-0.21482523,-0.46510598,-0.39888686,-0.20682532,0.15035558,0.13383974,0.2724051,-0.17101072,-0.3672096,-0.37247097,0.14357404
protein|ENO2,0.053506732,0.071173005,0.25419098,-0.086148195,0.23964739,0.0069315596,-0.04663253,-0.19198342,-0.14624868,0.06260725,0.13440548,0.077737205,-0.16190854,-0.1620071,-0.14961155
protein|CD80,-0.2541373,0.043677006,0.054458834,-0.07920906,0.52218187,0.008651291,-0.077464044,-0.14698263,-0.2625767,-0.038492225,0.04713987,0.16689645,-0.20440637,-0.113113195,-0.3375976
protein|F5GYV5,0.11778815,-0.44268236,0.1700361,-0.034583695,0.50038666,0.3723191,0.4229902,-0.031043882,0.13893494,-0.5276034,-0.2024852,0.24947888,0.13109905,0.063725665,-0.27225766
protein|ECI1,0.32198507,0.14719467,-0.09315423,0.8152837,0.43559417,-0.3277581,0.28331572,0.5439433,-0.14415397,-0.14156476,-0.5780323,-0.20013173,-0.37516832,0.17069241,0.27026728
protein|RPL17,0.18070732,0.008885231,0.33714667,-0.68871886,0.21227086,0.366609,-0.044335987,-0.038933344,0.78925204,-0.3521339,-0.4870573,0.37657106,-0.0647646,-0.17194156,-0.049557094
protein|SPARC,-0.08506421,0.11984867,-0.3182372,-0.15134104,-0.09414659,0.17895453,0.18869124,-0.2879418,-0.60233283,-0.10408948,0.28108767,-0.2559313,0.088654764,0.27199137,-0.22252871
protein|DPM3,-0.058535878,-0.51442975,-0.5790115,0.28936377,-0.05307278,0.22505458,0.38622257,-0.12489961,-0.15321337,0.0014939416,-0.3840808,-0.36747327,-0.19749467,0.018696977,0.035625756
protein|SMC6,0.1634164,-0.16215947,-0.22664274,-0.10754703,-0.11522228,0.019229015,0.12729375,-0.41455382,-0.11681141,0.24972577,0.100053236,0.02026384,0.3192387,-0.053750567,0.14778164
protein|LSM14B,0.11855306,-0.15019506,-0.21822679,-0.30684498,0.20282096,0.06936867,0.20684336,-0.40074497,-0.18101497,-0.078550875,-0.23078097,0.21967104,-0.071339376,0.013073445,-0.42871618
protein|AHCYL1,0.20086092,-0.13864055,-0.36256677,0.4119943,-0.09538754,-0.20943043,-0.13617963,0.06577159,-0.1466932,-0.072084434,-0.1984946,-0.479901,-0.42784795,-0.03063023,0.36424825
protein|TRAP1,0.4828656,0.31895643,-0.737861,0.39431685,0.2895,-0.27153614,0.19730784,-0.20225917,0.06104538,0.14201254,-0.33929405,0.057555795,-0.47228655,0.42390397,0.37959415
protein|ATP6V0A1,-0.39497513,0.03261722,-0.18684126,0.36016724,-0.15260592,-0.42549348,-0.15704155,-0.08484606,-0.041572627,0.17060055,0.23221917,0.021247435,-0.55529326,0.12863117,0.2621602
protein|AASDHPPT,0.40247652,0.32669497,-0.059186067,-0.1859453,0.107402764,-0.17511027,0.041257296,-0.5268523,0.16978902,0.1366738,-0.11424483,-0.19564678,-0.19205448,-0.19319454,0.15439636
protein|PEX11B,0.15049079,-0.20137885,0.043517143,0.40168226,0.30364838,-0.1958655,0.06415679,0.21786705,-0.16088527,0.08653544,-0.38707852,-0.3426286,-0.13938887,-0.22158127,-0.10204096
protein|UFC1,0.55013835,0.14100552,0.23466405,0.3812606,0.27268773,-0.13778773,-0.178211,-0.08079168,0.13276222,-0.18155354,-0.48694614,-0.20514862,-0.5396967,-0.19412424,0.07535314
protein|UTRN,-0.44728515,0.085755795,0.24290304,0.060168788,-0.3141344,-0.30890155,-0.0016729325,-0.15142109,-0.6664401,0.024439234,0.18876207,0.16466597,0.0704368,0.1454194,-0.07999826
protein|LMNA,-0.27492493,-0.2753514,-0.62019837,0.12783621,-0.76964563,0.24989949,-0.03444927,0.25448623,-0.53159285,-0.16745739,-0.37718204,-0.4984499,0.0064496435,0.036918364,0.010790187
protein|SRC,-0.42210978,-0.5140702,-0.36784446,0.23894282,-0.05994529,-0.23674026,-0.35906184,-0.11986621,-0.23919827,0.14886394,0.028848315,0.030618487,-0.33786058,-0.4018141,-0.15745471
protein|PPP1R14B,0.07904974,-0.22289717,-0.07880802,-0.033747423,0.2167877,0.43802416,0.46858808,-0.11232281,-0.17635353,-0.037652895,-0.010938808,0.14030053,0.04924364,0.08881666,-0.4532593
protein|RPS3,0.039111,0.24590826,0.044368375,0.06907851,0.025470631,-0.40483993,0.22085619,-0.4206068,-0.22630398,0.13534528,-0.08935134,0.21216454,-0.134194,0.31972432,-0.03691178
protein|PKM,0.13074599,0.2565676,-0.34928647,-0.112743855,0.18384369,-0.3776253,-0.44370905,-0.5687548,0.018745406,0.44902253,0.055885993,0.13881838,-0.4286801,-0.46501786,0.12846844
protein|SNAPIN,-0.25721455,-0.10112318,-0.11567611,-0.101130426,-0.04446901,0.42569324,0.30193827,0.19440936,-0.2148727,-0.08509074,0.07164462,-0.15299086,0.0681397,0.36052954,-0.43392473
protein|TNS1,-0.11045972,0.007747744,0.13758746,0.22130422,0.11445176,0.012488558,0.1529353,-0.043591037,-0.563169,-0.13277984,0.20184202,-0.18014196,0.15984143,0.044527575,-0.20477857
protein|MEMO1,0.16558877,0.039774336,-0.35327947,-0.1670206,-0.2039691,0.1205505,0.42988107,-0.5345015,-0.06593597,0.05401148,-0.17054947,0.19156046,0.0035518196,0.06500549,-0.23773803
protein|PALD1,0.06438337,0.02299122,-0.53142154,0.31903026,0.18323068,-0.046754446,0.2465356,0.099542014,-0.20002814,0.4880878,0.021789141,-0.46469176,0.4116282,-0.2021266,-0.0027208643
protein|NOL11,0.13387573,-0.03950088,-0.7164239,0.016132785,0.18407284,-0.096360855,0.3826492,-0.44684523,-0.14129615,-0.094959125,0.09106547,0.26660204,-0.17886816,0.30719006,0.17265691
protein|MRPS14,0.15072525,-0.05093219,0.12736396,0.038512092,0.52296644,-0.21639878,0.2955124,-0.40987897,-0.22188292,0.012297842,-0.05539263,0.10248474,-0.29970062,0.17700315,-0.06252662
protein|RAPGEF1,0.20047368,2.1964865e-05,-0.22472766,-0.024671376,0.030094465,-0.29064018,-0.07578413,-0.47950175,-0.31056902,0.09773749,0.11785164,-0.11056699,-0.14101192,-0.15806203,-0.00905038
protein|ALDH6A1,0.42669833,0.2531625,-0.023902541,0.98961526,0.19083738,-0.32520157,0.004504879,0.78893155,-0.17549676,-0.24561107,-0.42955363,-0.048897423,-0.29499167,0.19401942,0.12165461
protein|HLA-F,-0.1605748,-0.46891046,0.199545,0.34615666,0.17856924,-0.2871674,-0.120391324,-0.4234612,-0.43111843,-0.18272136,-0.010656627,-0.28453887,-0.2684008,-0.39899045,-0.24122949
protein|PDHB,0.548529,0.28865388,-0.447211,0.56768405,-0.017646896,-0.3882518,-0.15849741,0.36248553,0.08539352,0.11518408,-0.26260075,-0.20304184,-0.27626467,0.031457625,0.17971136
protein|PSMB7,0.31838503,0.3816432,-0.18967924,-0.41985372,0.29020837,0.23881263,0.14559281,-0.21152145,0.08796185,0.06446201,-0.28255996,0.29629916,-0.0029542663,0.16277398,0.20123892
protein|HRSP12,0.45320234,0.30581915,0.11925441,0.5511734,0.42407277,0.19029139,0.05261528,0.35146835,-0.17661212,-0.27533984,-0.49961913,0.1806458,-0.2873353,0.1492661,-0.22825503
protein|ECHS1,0.34486535,0.44299495,-0.19513473,0.8416057,0.1964015,-0.39075997,-0.016119001,0.61626846,-0.049063586,-0.09832427,-0.32418212,-0.32500184,-0.4632273,0.30918434,0.24820393
protein|ACAA1,0.13678826,0.15184003,0.0019930867,0.979006,0.41438282,-0.34486553,0.040426765,0.66154987,-0.25497836,-0.24254872,-0.35719708,0.10092377,-0.40286466,0.26496905,-0.29487878
protein|HDGF,0.07284617,-0.3206093,0.5566809,-0.31847477,0.2968872,0.4336888,0.09797234,0.29602352,0.46008885,-0.5029986,-0.39667434,0.10723256,0.10985734,-0.21510181,-0.18103328
protein|DENND4A,0.068682894,0.19444096,-0.14743476,0.17266178,0.3538201,0.11063921,0.1673213,-0.072769925,0.049441244,0.10767038,0.088481456,-0.09143343,0.04384005,-0.14589816,-0.15817538
protein|TOMM5,0.4856852,0.18335699,-0.25684234,0.07275354,0.4388007,-0.2967748,0.14443581,-0.26715317,-0.051418323,0.04912543,-0.5890452,-0.18124813,-0.4699519,0.08621232,-0.0030085633
protein|POP1,-0.0051528006,-0.00074535003,-0.2213147,-0.3069279,0.20646097,0.30410254,0.37125534,-0.0684104,0.059942752,-0.016684802,0.14474164,-0.06970538,0.1556446,0.083002344,-0.1585386
protein|GABARAPL2,0.16414273,0.013349499,-0.3078887,0.0027583418,0.36785698,-0.043633737,0.009036198,-0.15687665,0.21888027,0.49194598,0.05836337,-0.011597135,0.09096402,-0.5037946,-0.1217582
protein|F2,-0.34787038,0.3249374,0.41544315,-0.31990555,0.024195021,0.10841328,0.16055554,0.06525504,-0.8128255,-0.0140683055,0.26371032,0.1798183,0.14310627,0.4316916,-0.39120257
protein|CDK6,0.088177495,0.030787146,-0.4203624,-0.17555204,0.05187225,0.22197329,0.048204206,-0.15873344,-0.03878653,0.28161737,0.072932385,0.06809308,0.13150212,0.077805676,0.2393934
protein|TCAF2,-0.11512822,-0.028792245,0.21447381,0.1804334,0.1527874,-0.40122876,0.11583668,-0.4616677,0.05212278,0.092260905,-0.022738738,-0.011831206,-0.19775541,-0.30920184,-0.046108983
protein|NOC4L,0.14986245,-0.08787517,-0.7141386,0.07446682,0.3050657,-0.042269487,0.37297547,-0.5236815,-0.13415764,0.028027076,-0.22266504,-0.039524518,-0.30166885,0.41796023,0.05477989
protein|GALT,-0.09530243,-0.29407662,0.29668,0.42153415,0.17072836,0.23473147,0.32724306,0.0046196897,-0.27458516,-0.34537074,-0.42442536,-0.4456659,-0.016879285,-0.099378504,-0.21687347
protein|MPST,0.1815389,0.2283178,0.37534428,0.45048177,0.36518583,0.0011833371,0.14428924,0.5299503,-0.14558232,-0.46075997,-0.40094006,0.19708028,-0.3025353,0.5329178,-0.072008
protein|ANP32E,0.43515465,0.29056606,0.20823781,-0.26912454,0.04804908,-0.5365144,0.013203482,-0.3120223,0.31244954,0.33685753,-0.0010408832,0.026496708,0.15788785,-0.39970455,0.24908948
protein|THY1,0.06124171,-0.10947056,0.053170584,-0.07173104,0.0566866,0.50356346,0.0829129,-0.1396877,-0.3320484,-0.2768749,0.055059046,-0.43661222,-0.08783697,0.11337777,-0.09854077
protein|SHMT1,0.10540837,0.24366488,0.21712567,0.591909,0.3624936,-0.3189734,0.23984146,0.3179947,-0.19460323,0.0947655,-0.17066365,-0.062326416,0.055648103,0.2624109,-0.0406718
protein|C7ORF50,0.0931223,-0.32260072,0.07174791,-0.10796593,0.5549148,0.20473339,0.6249993,-0.31045964,0.15348075,-0.12881252,-0.20859085,0.21595286,0.19842567,-0.012506109,-0.1476367
protein|PYCR2,0.12997721,0.15814695,-0.20873874,0.05598353,-0.13702309,-0.19411156,0.22120816,0.009217531,-0.14879784,0.20032805,-0.2724099,0.15624793,-0.029189643,0.34365913,0.11357306
protein|MRPL57,0.34970695,0.22095609,0.114008725,-0.1542421,0.52310026,-0.20779417,0.22476543,-0.099427335,0.40236282,-0.005596378,-0.3226287,0.20866261,-0.15645379,-0.0014028726,0.20033196
protein|DDT,0.19387002,0.25157726,0.45409927,0.068158135,0.5351771,-0.000746225,0.09144758,-0.07329339,-0.006357534,-0.055480506,-0.35081375,0.22641955,-0.005761814,-0.21299419,-0.42687503
protein|NDUFB7,0.5493129,0.5131043,0.24836338,0.44365755,0.13308316,-0.53152084,-0.113760486,0.5359944,0.26682436,0.1934831,-0.6579363,-0.30989984,-0.5098006,0.0041375225,0.26646435
protein|SURF1,-0.040683515,-0.18500993,-0.18767333,0.27048063,-0.117458425,0.0920087,0.3802381,-0.024045495,-0.23296002,0.12999259,-4.2731554e-06,-0.058098737,0.077405065,0.2368657,-0.26964766
protein|IGSF8,0.037396643,-0.0029318302,-0.2652071,0.22688155,0.1648942,0.27380884,0.046621513,0.19022281,-0.26596633,-0.073791,0.12749428,0.050163284,0.063564226,0.28737,-0.08805792
protein|LDHA,0.15504454,0.3946115,-0.5936577,-0.14364518,0.12440817,-0.14157303,-0.32128245,-0.25126514,0.11493248,0.51121336,0.0326835,-0.083173744,-0.11931495,-0.19096859,0.36346617
protein|CLIP1,-0.15898259,0.19272184,0.255698,0.26208854,-0.15832077,-0.34175032,-0.26731214,0.026627991,-0.5332654,0.23673654,0.34398654,0.13300446,0.020581428,0.20041382,-0.14409253
protein|ABHD14B,0.47764328,0.029476864,0.18599685,0.24838601,0.36169285,-0.113404185,0.08121833,0.124864824,0.2681501,0.026567942,-0.2509482,-0.478021,-0.16950908,-0.24681711,0.057980824
protein|ARMT1,0.08397355,0.13451071,-0.049977213,0.07042897,0.099690035,-0.2701522,0.11294089,-0.29594547,0.21620212,0.28792664,-0.08105693,-0.39393523,-0.2021865,-0.09489037,-0.00060791685
protein|TAPBPL,-0.37840104,-0.30380553,0.0075425627,0.27822936,0.05358149,-0.04734486,0.19465344,-0.017686438,0.11218835,-0.14069794,0.09228513,-0.08596883,-0.4071508,0.19073437,-0.2081623
protein|PCOLCE,-0.40149063,0.21165252,-0.17999545,-0.14510882,-0.18840674,0.45533705,0.17291804,0.32614556,-0.5673106,0.16988736,0.34659097,-0.26735145,0.2667675,0.37980953,-0.10017356
protein|PTPRCAP,-0.016159743,-0.34001938,0.2185331,0.1336973,0.3923254,0.35320854,0.4730377,0.13285077,-0.1177027,-0.33727887,-0.30397713,-0.26197562,0.11890505,-0.2949253,-0.24062206
protein|CYBA,-0.6734707,-0.36382607,-0.3103783,0.2440247,-0.20322154,-0.20707788,-0.33302012,-0.074141175,-0.112584956,0.03970558,0.32517114,0.034896128,-0.24186267,-0.24726419,0.041746166
protein|SCARB1,0.04575444,0.00979801,-0.19546306,0.31744608,0.44832605,0.18700679,0.041967485,0.22326267,-0.2704083,-0.32289872,-0.18563518,-0.108561166,-0.0576543,0.2370891,-0.14429592
protein|LAMTOR1,0.09470761,0.41314527,0.3622521,0.09319025,0.17919348,-0.17873497,-0.10404722,0.100563854,-0.08318641,0.1912617,0.16379026,0.39210486,-0.101275735,-0.4492521,-0.27860975
protein|PTGFRN,-0.0800723,-0.05951579,0.0869399,0.044348013,-0.03642412,0.41170338,0.55588585,0.020611927,-0.0752926,-0.23777734,-0.21893372,-0.1023049,0.0044078543,0.3336553,-0.1273203
protein|SQRDL,-0.48927876,-0.2543301,-0.25530663,0.5947741,-0.1711333,-0.26502118,-0.40430078,0.335606,-0.31103086,-0.078332566,-0.1971395,-0.21023396,-0.57657856,-0.041632727,-0.00045331483
protein|CTSH,0.1463712,0.01835657,0.09949407,-0.07796821,0.22630265,0.010356497,-0.114056416,-0.19959106,0.2107109,-0.2715416,-0.31352386,-0.07696269,-0.13816029,-0.28915018,0.008937649
protein|TECR,0.3353351,0.10116415,-0.28501853,0.32777125,-0.07742198,-0.3193818,-0.08588458,-0.0690899,0.29011807,0.28240126,-0.041907623,-0.14487828,-0.26251733,-0.16400404,0.5110233
protein|PRPS2,0.54445773,0.16249934,-0.28038943,-0.01206112,0.04976008,-0.34665075,-0.28608814,-0.29907075,0.14418525,0.3015121,0.008179779,-0.4810684,-0.1613872,-0.21987696,0.3426718
protein|PTK7,-0.41461217,0.10070454,-0.31205586,-0.021702982,-0.15949085,0.2474467,0.20593414,0.11505303,-0.42084637,0.08536793,0.21488303,-0.20317073,-0.15615034,0.33227655,0.03126523
protein|PHLDB1,-0.21795237,-0.026046747,-0.26645136,0.44456044,0.061368115,0.37842306,0.14587423,0.09273481,-0.5447386,-0.15829937,-0.056162156,-0.18046235,0.1258995,0.36369154,-0.15931249
protein|GNS,-0.37913552,-0.55000407,0.4048405,-0.056206167,0.37909517,0.25706464,0.19628146,-0.0047167833,-0.002059308,-0.60159075,-0.16166733,0.18988876,-0.068665616,0.3240918,-0.30736652
protein|TADA1,0.076659,-0.06359039,0.085209236,0.0833101,0.16725238,-0.22603813,0.11464359,-0.5115464,-0.24005032,0.057428658,0.047465675,-0.3988594,-0.015503101,-0.09901916,0.09153741
protein|C17ORF62,0.12651756,0.073597,-0.32568955,0.2662732,-0.28343612,-0.3467371,-0.31366384,-0.27506867,-0.1307848,0.16471575,0.124756284,-0.26875928,-0.2822122,-0.27306393,0.30973184
protein|RPS6KA1,-0.12836464,-0.02736381,0.08972545,0.11174523,-0.11146713,-0.6305974,0.045725096,-0.36434346,-0.18913577,0.22308618,0.37707555,-0.027234873,-0.0188262,0.052672904,0.21223512
protein|DTD1,0.09167857,0.19109975,-0.10407743,-0.22448297,0.017657978,0.024747211,0.18498717,-0.18121617,-0.15729725,0.18582068,0.106698565,0.31583145,0.20311305,0.058134805,-0.23891184
protein|SAMHD1,-0.46078923,-0.4771933,0.20594409,0.25728673,-0.521487,-0.18780763,-0.36718097,-0.49410054,0.035551276,-0.15257187,0.11776017,-0.6241007,-0.47579512,-0.27914008,0.1928972
protein|ACTC1,-0.003942966,0.119505405,-0.08093039,0.053185686,-0.68862367,0.2105893,-0.022761593,0.041157097,-0.2860174,0.18290152,-0.005453818,-0.3955866,0.1390548,0.11601821,0.15570506
protein|UQCRB,0.3899745,0.13658695,-0.19002374,0.44375423,0.29408765,-0.27183878,0.16043216,0.4191291,0.16786899,-0.07066806,-0.7645639,-0.23328674,-0.53514594,-0.058489885,0.01933
protein|TRAF3IP3,0.021809414,-0.2736957,0.08247704,0.2748426,-0.2786183,-0.35687074,-0.027885735,-0.10943043,0.013448933,0.08465557,0.14359409,-0.37576553,0.08482062,-0.14757642,0.21995537
protein|TSC22D2,0.03269809,-0.1675964,0.5426614,0.1277375,0.49048415,-0.0036163009,0.39581648,-8.3764e-05,-0.16178246,-0.41227216,-0.23367801,0.21581717,0.16603224,0.025506727,-0.48472223
protein|OTULIN,0.209928,-0.0089575695,-0.2999073,-0.018848747,0.1445555,0.04998269,-0.14776532,-0.12273239,-0.061707933,0.31964034,0.1572383,-0.12587355,0.23463821,-0.52672684,-0.15518993
protein|PASK,0.37492886,0.08735738,-0.177849,0.01266728,0.14202277,-0.37315074,0.11178692,-0.48285496,0.005640437,0.19666867,0.2491483,0.07163747,0.080639005,-0.36566687,-0.23706804
protein|BUD13,-0.14209333,-0.4813673,-0.2310736,-0.007271553,0.06518511,0.486438,0.33285812,-0.13836561,-0.17543419,-0.16483292,-0.046174496,0.07501436,0.14490396,0.14094102,-0.1877082
protein|NID2,-0.55710304,-0.27675772,-0.17206132,-0.19769035,-0.19069453,0.6801407,0.17582223,0.05500349,-0.22529441,-0.15752617,0.24217552,-0.08467331,0.009669438,0.53709596,-0.19720912
protein|CD247,-0.277647,-0.50569105,0.54387826,0.26426739,-0.0024481665,-0.14367945,-0.086721316,-0.10460796,0.09104602,-0.20103279,0.04767497,-0.4877378,-0.05900302,-0.30631003,-0.036863975
protein|ATAD3A,0.4495966,-0.10489445,-0.83084357,0.25080115,0.16860189,-0.15695134,0.13955735,-0.067086294,-0.042605683,-0.05306947,-0.45318,0.051992472,-0.31245124,0.07727161,0.29886317
protein|PCK2,0.051136956,0.21627347,-0.10621579,0.82274216,0.44366398,-0.17243665,0.16993897,0.30740988,-0.25086814,-0.41032025,-0.6025848,0.074991785,-0.7324872,0.3743948,0.023540163
protein|POMP,0.4911877,0.2465465,-0.0036923336,0.12886176,0.40746,-0.08173577,0.087038495,-0.30368784,-0.11287871,-0.14916252,-0.23340201,0.10058896,-0.26548576,0.13076831,-0.19335857
protein|ARF4,-0.025284536,0.31996852,-0.41436484,0.25367808,-0.28591886,-0.3511316,-0.12720917,-0.14183725,-0.017198049,0.21045695,0.12452709,-0.39598215,-0.41099912,-0.03820652,0.4338388
protein|SRSF7,0.2019946,-0.19952387,0.36570922,-0.33686885,0.67837393,0.289184,0.37231624,0.009316939,0.32787266,-0.29643014,-0.30314267,0.33513623,-0.06679873,-0.15264474,-0.48885825
protein|PSTPIP1,-0.45179582,-0.33373007,0.21855192,0.26684016,-0.21788655,-0.4780911,-0.15524644,-0.20473179,0.023029225,-0.06346736,0.14494157,-0.38981417,-0.33471653,-0.18449484,0.22389126
protein|CIRH1A,0.20580892,0.3414559,-0.5522022,0.37727195,0.14480144,-0.14421429,0.1970303,-0.00206887,-0.105764605,0.0674895,0.0770646,0.053229637,0.018906487,0.41407233,0.26845682
protein|CD81,0.055099644,0.19746716,-0.071694866,0.115332454,-0.23308311,-0.29447392,-0.6265562,0.14625986,-0.06271382,0.18406875,0.42739224,-0.23479624,0.021040961,-0.2942709,0.025471997
protein|SYTL1,0.15976728,-0.16177797,0.19393764,0.046524394,0.00043896498,0.1736129,0.30088302,-0.07605377,-0.29883984,-0.3509281,-0.113769144,0.04583084,0.18204549,-0.2547136,-0.29030958
protein|C20ORF27,0.11871563,0.25170556,0.047788136,0.37077555,-0.033791125,-0.4752505,-0.1044907,-0.14244275,-0.06407478,0.07245164,0.19450335,0.10751216,-0.13768357,0.11904159,0.05710248
protein|SSBP1,0.3664351,0.17556798,-0.16169213,-0.051959153,0.2621569,-0.13818005,0.15063357,0.38622558,0.4566139,0.042403936,-0.53011304,-0.043082766,-0.03800241,-0.009118889,0.08487407
protein|HNRNPAB,0.43303564,-0.048814304,-0.07030791,-0.5897447,0.47573227,0.32766157,-0.030477313,-0.07296561,0.53857476,-0.09261641,-0.4411252,0.47245473,-0.049469937,-0.25443652,-0.14075251
protein|MRPS12,0.15383042,-0.083128355,0.06532753,-0.10970907,0.38872844,0.17993669,0.1463757,0.0014792945,0.38252428,-0.26307568,-0.29094294,0.4286965,0.015477466,0.03764383,-0.1685996
protein|VAMP7,0.28175074,0.29548886,-0.24131656,0.10180096,0.17092288,-0.25460953,-0.14275868,-0.2196229,-0.24358124,0.21119827,0.045319047,-0.35061777,-0.018157119,-0.2622706,0.0623797
protein|FN3KRP,0.014008485,-0.756145,0.07978364,0.20551647,0.21274118,0.115274966,0.47344357,-0.19992116,-0.01657066,-0.29507762,0.020099679,-0.16923852,0.08770145,0.006897302,-0.20090787
protein|LAMA3,0.24574228,-0.20663796,0.057578567,0.23971587,-0.20975447,0.06114702,0.13817112,-0.32840335,-0.27734783,-0.40455964,0.029441996,-0.3704612,0.09590826,0.033664953,0.24555063
protein|SASH3,0.30692407,-0.17259441,0.3273882,-0.19651207,0.39057934,0.22499372,-0.008249345,-0.0492849,0.14988224,-0.062594905,-0.056808535,-0.017671797,0.17550159,-0.48913693,-0.39999187
protein|ITPKB,-0.04390556,-0.2958019,0.27499232,0.3844264,0.38076854,0.19577263,0.17115779,0.39907235,-0.09798125,0.1502162,-0.12838703,-0.12691665,0.32219046,-0.27962306,-0.34254983
protein|ATP5F1,0.4254941,0.148396,-0.5647072,0.5478339,0.049894135,-0.3187569,-0.16981901,0.4899859,0.11049442,0.0037450697,-0.43075326,-0.31109163,-0.2751657,-0.017309364,0.46163836
protein|PUS7,0.17362782,0.06160733,-0.08773449,-0.10553751,0.09979896,0.066723205,0.19895482,-0.26326624,-0.054989867,0.04966351,-0.1424107,0.21088554,0.08095235,0.29390734,-0.08311499
protein|RPL35A,0.2426476,0.2592041,-0.036697023,-0.30872494,0.19079271,0.029117165,0.20402052,-0.54447734,0.4020805,0.16348122,-0.3998126,0.027856056,-0.34600788,-0.17132919,0.09109944
protein|RAB30,0.42336306,0.3334847,-0.30773476,-0.1954423,0.15463805,0.061700996,0.16087691,0.0056984425,0.05642707,0.2900981,0.0063378923,-0.06469348,0.3483222,0.041889828,0.13253038
protein|DHODH,0.030522011,0.13407508,-0.067198604,-0.12530638,0.03886551,-0.30933735,0.31921574,-0.1418426,0.008705607,-0.086128145,-0.099364236,0.22687945,-0.11019415,0.1650518,0.07929114
protein|EP400,-0.0050635673,-0.2119209,-0.1062316,0.11944452,0.055290706,-0.03577625,0.16135758,-0.37956616,-0.42185134,0.06251363,0.34798354,-0.09126645,0.22483987,-0.14451823,-0.07375683
protein|PPP1R2,-0.04585686,-0.39581054,0.50277424,-0.24292317,0.1278255,0.18761744,0.177738,-0.13035898,0.40699458,-0.47035933,-0.507811,0.02695598,-0.043768715,-0.18990332,-0.11392676
protein|ALYREF,0.21193929,-0.38830128,0.14019726,-0.13364948,0.49666804,0.34307328,0.4322754,-0.09567265,0.14281875,-0.40047753,-0.25762403,0.422202,0.14587264,-0.2135058,-0.47966382
protein|E7ENX8,-0.014427496,-0.30924326,-0.105309166,0.50193256,0.0442596,-0.5636246,-0.3003421,-0.1817424,-0.04829007,0.13363238,0.21771905,-0.19918266,-0.27189308,-0.5058932,0.14423287
protein|JUNB,-0.113295615,-0.14787267,-0.024481507,-0.30077338,0.107740566,0.124489054,0.109290354,-0.61853874,-0.17801407,-0.25976124,-0.1380113,0.24580847,-0.19423139,-0.05434865,-0.3391937
protein|NAMPT,-0.12535389,0.41315258,0.22258893,0.07465286,0.32805222,-0.4593543,-0.09295926,-0.14696448,-0.1349629,-0.011472921,-0.29900065,0.303274,-0.5659704,0.21895993,0.09682987
protein|DTX3L,0.10042172,-0.1455653,-0.23607233,0.29130042,-0.15359165,-0.20335792,-0.057796586,-0.60259914,-0.033479847,-0.066607095,-0.10482024,0.0014218114,-0.40000495,-0.10869874,0.042473312
protein|CTNND1,-0.2098476,-0.2638124,-0.15612921,0.49857005,-0.10224012,0.23133029,0.116228625,0.3826044,-0.41750428,-0.3491416,-0.2672308,-0.26030383,0.0052576023,0.14534467,-0.066858366
protein|SEC61B,0.12079008,-0.06301014,0.059147637,0.1319101,0.15820381,0.3290459,0.25391906,-0.068643734,0.15073591,-0.24105717,-0.5827369,-0.09285132,-0.3728956,0.1755309,-0.1094968
protein|HP1BP3,0.10858346,-0.65610176,0.5149542,-0.12514715,0.11817308,0.1398693,0.44864318,0.023965875,0.28174847,-0.31577164,-0.124470405,-0.49924728,0.24738854,-0.3188343,-0.05945012
protein|PARP9,-0.0754175,-0.1357013,-0.18910864,0.35390395,-0.19165222,-0.3655474,-0.00097139494,-0.56033874,-0.13427998,-0.058803823,-0.07787744,-0.2096639,-0.47408777,0.010932012,0.12395027
protein|STK17B,0.25085735,-0.09425321,0.047496017,-0.07172508,-0.023386177,-0.17386377,0.055425145,-0.24382637,0.06911779,-0.14415284,-0.06821005,-0.31407505,0.090106934,-0.52982706,-0.07731197
protein|ALDH1B1,0.3341811,0.30748576,-0.3316515,0.29779583,0.12858562,-0.03290139,0.21853904,0.20907742,-0.15175837,0.068012096,-0.21009417,-0.40210178,-0.29435572,0.28111348,0.06890742
protein|ATAD2,-0.03464757,-0.18430904,-0.25442418,-0.0077515845,0.4954202,-0.059952322,0.33039343,-0.24321014,-0.1713743,0.10090792,-0.018582072,0.23428494,0.14598787,0.106589474,-0.11814721
protein|NKTR,0.20070179,-0.010433761,0.032277193,0.08186731,0.20775071,-0.24581541,0.15456659,-0.3606763,0.14042948,0.19656171,0.008663241,-0.04042255,-0.023489319,-0.023185916,0.024566205
protein|NLN,0.24827455,0.22973086,-0.3623787,0.3538321,0.121361226,-0.36882257,-0.15795064,-0.037487093,-0.019930061,0.079897515,-0.19220187,0.1786017,-0.38911,-0.005734848,0.18329245
protein|PLEKHF1,0.0304305,-0.015664665,-0.19292226,0.17662948,0.06416642,-0.041740667,-0.11223117,-0.1415307,-0.303097,0.071502775,0.20125934,-0.34306294,0.13585871,-0.44248232,0.0495372
protein|UBR7,0.14613424,-0.1705355,-0.14319383,-0.09701987,0.14113756,0.023683317,0.24718179,-0.5469715,-0.06969739,-0.067201786,0.06293599,-0.027892737,0.18121497,-0.14911833,-0.026826477
protein|PSMB6,0.13596323,0.32498455,-0.2813781,-0.09563288,0.06658437,0.22134729,0.51961416,-0.051923003,-0.100003205,0.017187327,-0.21292192,0.24288668,0.1072026,0.4804066,0.13527906
protein|TMED4,-0.11710463,-0.088025674,-0.17313637,0.35163617,0.09335451,-0.09366584,0.08354397,0.3492422,0.05021095,-0.14449094,-0.31519693,-0.27213693,-0.2853128,0.4168384,0.39111286
protein|ATP11C,0.20931867,0.31337538,-0.3466397,0.19994861,-0.017370047,-0.3108913,-0.01200097,-0.30976406,-0.064916424,0.14718892,0.037683006,0.061687313,-0.20625585,-0.05899811,0.25485262
protein|UBE2J1,0.024955248,0.012113461,-0.15083344,0.11057754,0.13001254,0.18711397,0.13599958,0.151283,0.28121942,0.008868802,-0.030825598,-0.039933812,0.11376485,-0.0996669,0.14938073
protein|DARS2,0.5134305,0.21161166,-0.20259815,0.23037942,0.18290935,-0.40801278,0.09132171,-0.11807168,0.10123261,0.048887134,-0.47450727,-0.14634475,-0.2976422,-0.16763,0.2257967
protein|CAPNS1,-0.05184973,0.17049983,0.5915477,-0.25159022,-0.02553541,-0.2504608,-0.04372455,-0.1121647,-0.03349118,-0.05858951,-0.24922684,-0.4967062,-0.094365284,-0.23417579,0.02193021
protein|GOSR1,-0.058271803,0.107823476,0.03853814,-0.21152942,0.21324259,-0.058406748,-0.046938483,0.16758214,-0.08935752,0.0013071013,-0.64397395,0.19339658,-0.2567545,-0.19809937,-0.23277205
protein|LAMTOR5,-0.005916823,-0.20502688,0.5514032,0.11232077,0.5971635,0.21836105,0.08245708,0.18503374,0.010635315,-0.33897713,-0.25279072,0.38181487,-0.13253367,-0.22239678,-0.5948969
protein|CDK3,0.38369262,0.18531847,0.14065295,0.012125255,-0.016343078,-0.282702,-0.032303423,-0.15964442,0.290858,0.1560997,0.04809718,-0.03752109,-0.026171597,-0.28145948,0.06758886
protein|BRE,0.094627514,0.13515525,0.25982726,0.08833946,0.50611705,-0.32484663,0.14949512,-0.21953946,-0.12980571,0.01126135,-0.110259905,-0.29450548,-0.40122682,0.09628055,-0.09339696
protein|MCM5,0.41322848,0.091588095,-0.7836863,-0.30092692,0.34129453,-0.14949094,0.22403331,-0.8017437,-0.06901148,0.25058916,0.12532574,0.4636295,-0.020746209,-0.016628712,0.14156094
protein|RMDN1,0.21046291,0.18990427,-0.38765752,0.34367725,0.23206195,-0.3426391,-0.012794651,0.023000602,-0.012263784,0.12938692,-0.2524617,-0.1699973,-0.229866,-0.20610002,-0.0124734305
protein|PPIG,0.18593372,-0.24640945,0.009530832,-0.36096722,0.2523987,0.2035711,0.16647924,-0.047956668,0.37141177,-0.31875303,-0.2595094,0.3023676,0.09324927,-0.15803422,-0.12268745
protein|SYNPO,0.060421474,-0.16085601,0.08300516,0.1403314,0.17446686,0.23380862,0.22161916,-0.12171327,-0.27959967,-0.29073507,-0.21843545,0.024615867,0.025553452,0.16710141,-0.35509878
protein|SAMM50,0.33541113,0.042120688,-0.5703099,0.48352903,0.0971098,-0.2781367,-0.09742533,0.20786074,0.0127304755,0.09270259,-0.13102469,-0.11790416,-0.07057511,0.17429821,0.305532
protein|TYMP,-0.6032778,-0.51772314,0.21274708,0.098261915,-0.015059642,-0.02190567,-0.37800953,-0.49565634,-0.21895695,-0.20235667,0.010083901,-0.043714628,-0.62161386,-0.3296319,-0.29413486
protein|RRM2B,0.058699448,-0.15978275,-0.43098727,0.10091724,0.16828704,-0.13858956,0.0052955197,0.034713786,0.027289752,0.25976864,0.09820588,-0.13068992,0.2008722,-0.49250123,0.15537706
protein|SNX11,0.011380847,0.29817903,0.2369763,0.094571136,0.24474917,-0.0075683766,-0.08658548,0.21013965,-0.0013159704,0.18883513,-0.09694128,-0.09664001,0.057292372,-0.31281894,-0.3096362
protein|AIFM2,-0.32590386,-0.06950516,-0.48867002,0.29163122,0.016268086,-0.05069244,-0.104370914,-0.29485014,-0.35687846,-0.18888241,0.1977461,-0.21120884,-0.57866055,0.28950718,0.07899139
protein|DHPS,0.24122448,0.21734172,0.034414917,-0.11208111,0.4687311,-0.16309533,0.13178901,-0.28660235,0.09476888,-0.03906048,-0.11768926,0.109220356,-0.2992417,0.15992743,0.20986737
protein|LRG1,0.019024454,0.53498614,0.3347699,-0.102454156,0.003239325,0.07522087,-0.109870404,-0.02563566,-0.67955065,-0.121344596,0.30554974,0.37704358,0.037699338,0.22590008,-0.21856913
protein|KDM2B,0.439441,0.25686464,-0.43645266,0.002418678,0.18236288,-0.35585034,0.019416265,-0.53410363,-0.09231525,0.34909636,0.080933675,-0.03692573,-0.05320617,-0.17550002,0.09038337
protein|PANK4,-0.2623831,-0.5275791,-0.072380506,0.29752427,0.04491066,0.1382303,0.2721729,-0.30800495,-0.14695752,-0.14949638,0.0040234933,-0.37487948,-0.1068252,0.1421712,-0.05704191
protein|BRD8,0.12835835,-0.26758018,-0.28081912,0.13058871,0.16477357,0.026434632,0.34336483,-0.0986142,-0.037517592,-0.12521477,-0.08566416,0.021720057,0.073992774,0.106438324,-0.099051386
protein|SNX18,-0.04611541,-0.3643552,0.08472771,0.2667962,-0.1715681,0.35026005,0.16942967,-0.3169534,-0.096919194,-0.42979556,-0.15517536,-0.010186208,-0.3560365,0.23821309,-0.24071819
protein|SRSF6,0.46068397,-0.13667066,-0.2548889,-0.23971277,0.2733058,0.115627795,0.18934347,-0.24542676,0.48944807,0.016658738,-0.101104155,0.5543411,-0.008123447,-0.28308463,-0.1274219
protein|LAPTM5,0.039560813,0.07881752,-0.086127006,-0.20023859,0.430007,-0.34845412,0.021547558,-0.36839747,-0.057669576,0.11631998,0.22342515,-0.0565018,-0.022047432,-0.34107018,-0.02225683
protein|GAA,-0.43289644,-0.1704487,0.14014801,0.45216197,-0.06018385,0.1631327,-0.07267321,0.23007995,-0.15666862,-0.20163128,-0.058758266,0.019617472,-0.24565151,0.188314,-0.052876163
protein|RAB11FIP1,-0.1841802,-0.5811766,-0.07876165,-0.03265885,0.021126417,0.028809804,0.053208586,-0.34508407,-0.1514279,-0.07080486,-0.19142193,-0.2278966,0.16374354,-0.52689344,-0.11315624
protein|MPP6,0.19528422,-0.022116253,-0.4240837,0.07668581,0.58898896,0.0027230969,0.15234092,-0.14272445,-0.08641826,0.48242572,0.072780885,-0.009866299,0.13500777,0.00069630233,-0.18117298
protein|SFT2D2,-0.06194948,-0.36802,-0.30138174,0.298979,0.121065624,0.06538938,0.121639825,0.11440466,-0.09543754,0.08454602,-0.0777156,-0.19160675,-0.040050123,-0.41000676,-0.14305478
protein|RPP30,0.1463058,-0.06932876,-0.16445942,-0.16473997,0.41407883,-0.19692455,0.19840717,-0.6527769,0.15185745,0.080673195,-0.2931381,-0.23771806,-0.3898593,-0.033269882,0.14035255
protein|GPSM3,0.05741045,-0.21684419,0.52764577,0.40225875,0.2953212,-0.23589502,0.16804875,-0.38289464,-0.4589782,-0.20032825,-0.15256698,-0.436519,-0.22125381,-0.30774677,-0.41615328
protein|MCM3,0.44711527,0.17304265,-0.65115315,-0.34020287,0.4242918,-0.077023335,0.18891814,-0.48935452,0.14051814,0.15131256,-0.09681151,0.56330216,-0.038029246,-0.026518831,0.18088874
protein|AMDHD2,0.16264977,-0.015942443,-0.1782315,0.30251697,0.024922797,-0.30720958,-0.034804676,-0.61001945,-0.09902463,0.09484031,-0.022163928,-0.35132584,-0.44846493,-0.17168725,0.21639691
protein|FBXO6,-0.12244143,-0.16195537,0.19482224,0.43257612,0.087236516,0.08017817,-0.07210529,-0.18403217,-0.43547437,-0.20311368,0.24233113,0.12103761,-0.18039592,-0.17317283,-0.28943104
protein|ICT1,0.027581593,-0.039958093,-0.42414835,-0.12081418,0.34618783,0.25529405,0.41225514,0.06960056,0.12337949,-0.23038155,-0.6256502,0.04824723,-0.22842751,0.15742728,-0.09139755
protein|ARMC10,0.25154626,0.19177729,-0.2499271,0.4702349,0.082654364,-0.4641889,-0.0026078469,-0.018552046,0.02393565,0.110782765,-0.03139385,-0.1384833,-0.36432984,0.22169827,0.17146672
protein|HAGH,0.026941523,0.032053847,0.7332512,0.38200927,0.3003438,-0.29380882,0.2530888,0.17589128,-0.14165622,-0.12348359,0.05993526,-0.338643,0.022415105,0.28144524,-0.1073297
protein|LIMA1,-0.18844238,-0.27994457,-0.32663494,0.025010843,-0.2567138,0.3892961,0.085648544,0.1097789,-0.20871906,-0.075515,0.054888945,-0.27611583,0.14252299,-0.11905395,-0.11715704
protein|LDHB,0.5444886,0.35627893,-0.22725824,-0.21888623,0.013612395,-0.20918815,-0.21215789,-0.38318542,0.48683605,0.33461013,0.08641549,0.012769299,-0.041515544,-0.23237477,0.41214022
protein|ARHGAP17,0.38821366,-0.116412945,0.2436294,-0.07524405,0.040526018,-0.1921515,0.22218776,-0.35185492,0.22329699,-0.13300839,-0.023817912,0.06621303,-0.07561265,-0.27309704,-0.048132204
protein|SERPINB1,-0.3718922,-0.05647521,0.41228768,0.30166855,-0.08304384,-0.42330799,-0.56367695,-0.28377488,-0.36576214,0.02854331,0.13707596,-0.028418181,-0.35688484,-0.4021629,0.1576925
protein|SUCLG2,0.42688134,0.07402972,-0.27798754,0.88877416,0.030597527,-0.30201355,0.026273115,0.73833865,0.06052388,-0.12993902,-0.5077826,-0.41939846,-0.3084802,-0.059556223,0.21762398
protein|SCAF11,0.097507514,-0.45472717,-0.0011131073,-0.44185635,0.22201945,0.2374758,0.22670741,-0.2550911,0.3006231,-0.21829095,-0.18319447,0.1774392,0.17919722,-0.07908758,-0.0300258
protein|NCF4,-0.5207512,-0.16592966,0.19890998,0.29084125,-0.16569081,-0.54784226,0.009508861,-0.39244333,-0.08111058,0.19468214,0.20820153,0.18727018,-0.2151221,-0.25505456,-0.18303598
protein|GGA3,-0.07013903,0.05542149,0.13515437,0.103569426,0.15616493,-0.15651116,0.08990024,-0.02419981,-0.16823588,0.055437703,0.05328112,-0.03310714,-0.03922291,0.1931973,-0.16488259
protein|TRAPPC5,0.187584,0.14934641,-0.13012958,0.14900438,0.089787595,-0.49106383,0.1232515,-0.3567073,-0.13019815,0.12643787,-0.10480292,-0.27767134,-0.14901894,-0.30471572,0.14791894
protein|ENSA,0.26747105,-0.22744681,0.31760713,-0.23216464,0.3338588,0.21774884,-0.15355723,-0.043383934,0.3998613,-0.17919138,-0.42053682,0.25865856,0.08765003,-0.42634746,-0.22766392
protein|PXN,-0.1840997,-0.47890514,-0.17400476,0.32908258,-0.24750264,0.10089215,0.0033616663,-0.06611659,-0.37478048,-0.44459128,0.122592695,-0.1734767,-0.15656416,0.1384904,-0.16171639
protein|NOB1,0.3529321,0.06608002,-0.4655109,-0.07528864,0.22163084,-0.16400528,0.25091836,-0.768482,0.06194833,0.28276995,0.06630428,0.1922869,-0.087065056,-0.0372961,0.16243494
protein|ANXA4,-0.2953631,0.04087465,-0.029972903,0.39714462,-0.12348492,0.000745301,-0.17480509,0.2399081,-0.48818517,0.07966495,-0.19532645,-0.4606606,-0.30909207,-0.10980279,-0.13065042
protein|ACAD9,0.29354474,0.2726902,-0.62957394,0.3264946,0.16561697,-0.46336716,0.08496634,-0.059880733,-0.06811321,0.094234355,-0.1991602,-0.0735787,-0.21265946,0.0909456,0.29407176
protein|SYNGR2,0.3076835,-0.045096077,-0.47873107,0.25806165,0.23730147,-0.078534685,0.17284656,-0.14353694,-0.35627824,0.24247745,0.1730004,-0.2903662,0.05604021,-0.55136645,-0.2782152
protein|ENPP4,0.061620113,0.18008713,0.12898198,0.09022207,0.56897014,-0.23806211,0.24773656,-0.21176015,-0.0020099282,0.05339925,-0.090015925,0.06310956,-0.3216731,0.32584667,-0.110823266
protein|GNL2,0.20552656,-0.48272622,0.13204437,-0.15666099,0.51035184,0.34192315,0.298165,-0.1526817,0.19383237,-0.2274224,-0.1445564,-0.15353653,-0.019220555,-0.18497998,-0.036175173
protein|FAM3C,-0.06328109,0.24454571,0.05980815,0.13783129,0.33122152,-0.1319276,0.19571774,0.14757168,-0.061851047,0.082062356,-0.27809066,-0.22845139,-0.20370871,-0.08900755,-0.064294346
protein|SDHB,0.24202819,-0.0049656015,-0.15103634,0.8898296,0.15434974,-0.30593958,-0.014005348,0.6319757,0.10858842,-0.29548234,-0.54168546,-0.2670832,-0.49424836,0.233102,0.24658076
protein|ACYP1,0.36575073,0.13125242,0.17781062,-0.28453067,0.4734378,-0.09722267,0.10483054,-0.10907706,0.21755446,0.08334608,-0.02725732,-0.0068101846,-0.019421391,0.11243322,0.10005624
protein|GNA11,-0.05047217,-0.1717641,-0.24601658,0.24313802,-0.28683087,-0.04646383,0.10339226,0.03616917,-0.23179989,-0.096708246,-0.21712798,-0.4422455,-0.040270694,0.078052595,0.15298623
protein|NPM3,0.17654757,0.40785292,0.06079381,0.397733,0.33274776,-0.020001266,0.38687032,0.2184926,-0.061981145,-0.21372868,-0.2676541,0.19008811,-0.14781293,0.55419856,0.05529554
protein|D6RF44,0.2769743,-0.29713112,-0.01753814,0.22513203,0.51492673,-0.24526452,0.5466991,-0.45943338,-0.2602659,-0.012099678,0.059935473,-0.08048202,-0.093445174,-0.061217967,-0.1270837
protein|ENY2,0.28385034,0.18172364,0.37338793,0.1709957,0.45018992,-0.3425422,0.33420062,-0.045940813,-0.41099733,0.085663855,-0.054184876,0.34188756,0.24199447,0.24242958,-0.21101245
protein|SEMA4A,-0.19804883,-0.064121015,-0.26814407,-0.11971195,0.16698235,-0.18336114,0.035065047,-0.14752379,-0.201074,0.27831882,0.066117026,0.046368077,0.14555779,-0.23224403,-0.047271207
protein|LAMB1,-0.4395632,-0.16689949,-0.53264797,-0.19394006,-0.2378207,0.38165346,0.09915379,-0.057215266,-0.31184834,-0.20205785,0.3381677,-0.2071696,0.0013485455,0.52867,0.0551439
protein|COL4A1,-0.43029523,-0.42127913,-0.23560826,-0.110655926,-0.30071554,0.48874828,0.13218045,0.13107572,-0.1243447,-0.17282218,-0.08722845,-0.24788176,0.06286899,0.37021276,-0.03276253
protein|HNRNPDL,0.29594606,-0.080902964,0.13722627,-0.16636139,0.3664808,0.30940408,0.110461876,-0.03710531,0.3131579,-0.34124944,-0.24330811,0.4417177,-0.022884147,-0.12972775,-0.24588022
protein|NDUFA6,0.2998172,0.20260687,-0.0985463,0.3047371,0.13357957,-0.5447323,0.118939355,-0.30048624,0.017515538,0.026993357,-0.26233247,-0.23565349,-0.5038215,-0.15280741,0.2522388
protein|FAM136A,0.10751418,0.037624266,-0.17465235,0.14814214,0.2911541,0.15306543,0.19078262,0.16616742,0.09873685,-0.181559,-0.22717303,0.09918474,-0.12604782,0.18511854,0.10365046
protein|NDUFS8,0.12597226,-0.19509958,0.13143533,0.57055545,0.53139436,-0.15896045,0.095950514,0.34184727,0.08757565,-0.21960412,-0.5222193,-0.13157955,-0.19146556,0.03682249,0.07954799
protein|ATP5C1,0.33721188,0.29954663,-0.5312245,0.6313418,-0.07148067,-0.3671757,-0.044424843,0.29288474,-0.010212073,0.107276216,-0.10459377,-0.10813578,-0.16553609,0.22110523,0.52598554
protein|CSNK1A1,0.09221375,-0.2612461,-0.4330914,-0.09985028,-0.1715934,-0.3921663,-0.020223964,-0.56763,-0.16555823,0.11198075,0.38853136,-0.07862799,0.34029663,-0.13227493,0.2603898
protein|ITGB1,-0.4456369,-0.08809322,0.11912628,-0.15710454,-0.14718853,0.42039946,0.012608384,0.3491862,-0.16028082,-0.44989404,-0.08019932,-0.12653765,0.056430247,0.58945256,0.008365251
protein|CHORDC1,0.22671205,0.3265215,-0.30048487,-0.00084522227,-0.045829944,-0.0014321287,-0.3235014,-0.32255468,0.019909319,0.16783075,0.067739725,-0.10271483,-0.1350138,-0.06510575,0.32427707
protein|TAPBP,-0.20513052,-0.45483246,0.038588792,0.36310583,0.07194027,-0.41505656,-0.25821817,-0.28583923,0.132156,-0.021744054,0.3186222,0.030770648,-0.49342495,-0.38272437,-0.030291148
protein|STK39,0.26943284,-0.19969784,-0.088363856,-0.03730623,-0.04290667,0.21299952,0.05928452,-0.11564689,0.13751696,0.074552596,-0.1516892,0.027701227,0.17835078,-0.38572678,-0.145541
protein|FCHO1,-0.066990845,-0.35799342,-0.16498941,0.009959061,0.09440629,0.1666613,0.2248845,0.12691614,0.03873382,0.004680233,-0.19676642,-0.07383549,0.3103574,-0.14180799,-0.26091164
protein|MYO1D,0.043537095,0.30675215,-0.09808612,-0.012097457,-0.05406104,-0.11257414,0.19822739,0.049853202,-0.3800366,0.4019639,-0.19860464,-0.2703195,0.20968843,-0.08860002,0.15277573
protein|UBAP2,0.1970685,0.027827395,-0.40199062,-0.11845696,0.4160596,0.106517375,0.19907472,-0.2793976,0.30624372,-0.1681483,-0.264636,0.51813495,-0.17610125,0.079652816,-0.06839326
protein|NANS,-0.015823422,0.1552856,-0.16023833,0.04265414,-0.11361823,-0.0374446,-0.5235285,0.19578211,0.10308913,0.19026753,-0.17019598,-0.23977807,-0.2729158,-0.3474087,0.29528883
protein|DSCR3,-0.10483834,-0.04951022,-0.25200072,0.07256743,0.02356916,-0.50352055,-0.1714999,0.07567089,-0.08259071,0.0073968354,0.13210359,-0.09552112,-0.22460455,-0.01747633,0.33991966
protein|INTS8,0.18169832,0.11880139,-0.42253718,-0.032102063,0.11121732,-0.31956503,0.15414968,-0.67477494,-0.19610992,0.0044483338,0.11364627,-0.30373043,-0.20481844,0.10805382,0.32285795
protein|HSPG2,-0.4387195,-0.3038543,-0.44378906,-0.19161706,-0.27352026,0.575329,0.16785295,0.17665192,-0.42656234,-0.2296615,0.21812014,-0.18039493,0.24412207,0.57159966,-0.13289353
protein|DDX20,0.18955778,0.20041493,-0.33517805,0.1641663,0.44423112,-0.23315507,0.23910889,-0.24474193,-0.23429006,0.14807524,-0.093855865,-0.15063229,-0.2359311,0.017297333,0.14418858
protein|POLA1,0.25080162,0.4389221,-0.15608022,0.058988195,0.56345814,0.15627332,0.09490874,0.228631,0.039953884,-0.08814512,-0.4864508,0.12617084,-0.17627686,0.19283397,0.02946902
protein|SH3BGRL,0.17473197,-0.34686357,0.47918236,-0.16688806,0.3038298,0.12977916,-0.08356549,0.06622086,0.27934054,-0.18818085,-0.19862013,-0.170068,0.070642926,-0.58023006,-0.3818668
protein|FEN1,0.2843376,0.02210112,-0.36884752,-0.5026705,0.5277908,-0.010184186,0.13536105,-0.3997208,0.30462638,0.22255015,-0.07657759,0.45579964,0.067203574,-0.29922202,0.079453774
protein|ANP32A,0.5184582,0.19692075,0.548116,-0.28698954,0.56798536,-0.14464419,0.14734411,-0.30177242,0.5691221,-0.14339326,-0.41407996,-0.0875908,-0.09107524,-0.2538598,-0.0073912595
protein|UTP6,0.16028264,-0.06568845,-0.59374154,0.1136267,-0.042327654,-0.24362972,0.576989,-0.41081494,-0.0947775,0.04688598,0.1319348,0.060859974,-0.037641726,0.37648675,0.24969764
protein|SMAP1,0.040604755,0.017307157,-0.10916691,0.1172833,0.25023705,-0.18141124,0.0772401,-0.338633,-0.26984105,0.12678254,0.027432933,-0.08842137,-0.07865393,-0.042713728,-0.07981832
protein|RLTPR,0.24952304,-0.36566103,0.17933814,-0.13807522,0.26239434,0.11360103,0.36060488,-0.14639895,0.15373401,-0.23563415,-0.1706167,0.11130315,0.27943093,-0.099383384,-0.3471864
protein|GGH,0.12654626,0.34528697,-0.029136954,-0.055330664,0.2648294,-0.25417617,0.3447785,-0.04904302,-0.02430692,0.092849165,-0.21800321,0.07983359,-0.2662281,0.35147578,0.18292755
protein|IGFALS,-0.32899725,0.08793795,0.09301639,0.1419018,0.30702183,0.004128523,0.051931717,0.19357052,-0.69555646,0.08478239,0.361347,-0.15307212,0.07959101,0.37875643,-0.17604798
protein|LAMTOR3,-0.19545719,0.062064953,0.1777844,0.06530382,0.41975662,-0.2614108,0.14254948,-0.38863394,-0.27404222,0.09482699,0.06683361,-0.057872705,-0.394114,-0.14738104,-0.27155215
protein|CCDC58,0.32561707,0.25529814,-0.12664145,0.044342455,0.36154172,-0.16654536,-0.002347055,-0.16732588,0.15966052,0.13526146,-0.45740157,0.28132057,-0.2653062,0.0011130708,0.0017794477
protein|PAICS,0.5109737,0.45930776,-0.565305,-0.1677709,0.26632854,-0.16906272,0.005268101,-0.46449494,0.2098976,0.3543332,-0.058282077,0.34988463,-0.13276987,0.1497327,0.21163636
protein|PTK2B,0.022292158,-0.115548655,-0.28706822,0.2805915,-0.033602506,-0.21482798,-0.14267963,-0.1264176,-0.18350103,0.30639505,0.33684248,-0.41251636,0.20126876,-0.4493263,-0.038485046
protein|MMP14,-0.52635014,-0.2435084,-0.44349122,-0.2093617,0.07422844,0.121549994,0.07873208,-0.12968132,-0.5732292,-0.040260013,0.108498245,-0.20732406,-0.255707,0.08920822,-0.2769215
protein|NPC1,-0.19447163,-0.22084315,-0.3817927,0.1097137,0.025046613,0.11838683,-0.1374578,-0.022737548,-0.24480361,-0.3630007,-0.11068458,0.06588278,-0.24864581,0.04038565,-0.20287833
protein|PAIP1,0.341561,-0.051566698,-0.5791486,0.129075,0.1793182,-0.1767539,0.15918742,-0.6449072,-0.19690402,0.06965748,-0.18049751,-0.16126797,-0.4887389,-0.08917842,0.17415677
protein|RPL23A,0.31215796,-0.0037592547,0.20957056,-0.36399186,0.31975237,0.19826773,0.06692587,-0.21018279,0.7227425,-0.2636208,-0.4308847,0.42314243,-0.13148643,-0.147719,-0.069710605
protein|DOCK7,0.19809517,-0.12101701,-0.034315966,0.01503429,0.44235298,0.11809782,0.18700604,-0.5689912,0.25715664,-0.23899868,-0.4944506,0.26100916,-0.25855756,-0.040899523,-0.14949532
protein|PDIA4,-0.14559859,0.14680558,-0.10754438,0.21600617,0.020790856,0.10354791,-0.015527487,0.34883618,0.46364546,0.044300366,-0.28708515,-0.19990928,-0.23946136,0.25352353,0.3474418
protein|LTBP4,0.025591113,-0.16432856,0.24190247,0.119175576,0.1286185,0.15703155,0.2103884,0.18610466,-0.34517816,-0.40403852,-0.042718615,0.104662105,0.24579684,0.54011583,-0.1857472
protein|SPATS2L,-0.10331001,-0.19882312,0.10957596,0.055289913,0.14078803,0.24651481,0.13644953,-0.011627405,-0.1002802,-0.36821303,-0.009416572,-0.123885706,-0.29160765,0.20094238,0.025673563
protein|COL18A1,-0.40732914,-0.27044535,-0.18220544,0.09367162,-0.21830224,0.34171253,0.21775971,-0.06993523,-0.30565834,-0.30526975,0.15260978,0.024483982,-0.07085126,0.60051006,-0.15371053
protein|NUDT4,0.23319209,0.31449458,-0.20471366,-0.086822286,-0.199853,0.15349203,0.089629866,-0.35063812,-0.12161727,0.13877517,0.008687039,-0.026198648,-0.13639544,0.06726107,-0.20800619
protein|ASMTL,0.3013695,0.06714509,-0.30083075,-0.0744196,-0.06121809,-0.15384884,-0.06568508,-0.3041335,-0.0305885,0.096705385,-0.1136773,-0.04804896,-0.14208923,-0.08531491,-0.033074394
protein|MRPS28,0.4276848,0.3103971,-0.30286926,0.35116032,0.4643313,-0.25473887,0.24416946,-0.22976854,-0.09049032,0.050591458,-0.442902,0.08204137,-0.47715053,-0.06799426,0.10781738
protein|SMARCC1,0.09733554,-0.035806794,0.06328842,-0.21726899,0.282427,0.16020739,0.1323858,-0.14185958,0.1026256,-0.03957779,-0.039947808,0.38991436,0.14948668,0.23980357,-0.21556012
protein|CC2D1B,0.093516044,-0.1708257,-0.009431238,0.17435476,0.25516176,-0.16713023,0.23808344,-0.5627318,-0.22924,-0.124856375,0.03354947,-0.14921121,-0.15911213,0.037837204,-0.1242667
protein|FKBP5,0.1970399,-0.015368453,-0.18981245,-0.12128633,-0.12533823,-0.011619674,-0.4465795,-0.17013186,0.4124979,0.08697643,0.08697098,-0.03937555,-0.2552517,-0.20480487,0.20834567
protein|FAM49A,0.12283659,0.034727197,-0.06235589,0.20333473,0.05471563,-0.06298055,-0.054910835,-0.36212665,-0.21457398,0.15363829,0.0011170707,-0.25534445,-0.13606296,-0.3894067,-0.25626168
protein|GTF2A1,-0.049588613,-0.33765742,0.15820993,-0.18884987,0.19386503,0.13691734,0.40352017,-0.24156706,-0.0496852,-0.18702145,-0.1298014,0.06060998,0.20749286,0.13494974,-0.34369034
protein|HSF1,-0.019674057,-0.3971241,-0.05895979,0.051317465,0.25875458,0.350516,0.473187,-0.1254622,-0.13118327,-0.1751826,-0.16225418,0.14682953,0.22747605,0.13418964,-0.50089926
protein|CCDC88A,-0.11345775,0.21660843,-0.0002989687,0.10595452,-0.004163574,-0.20939411,0.1358871,0.131111,-0.29785603,0.22574575,0.20693083,0.27126586,0.15169644,-0.0070960773,-0.0003509807
protein|CLIC2,0.075548306,-0.1337209,0.1703051,0.30699667,-0.09003201,-0.24567723,-0.10077628,-0.28354666,-0.31988013,-0.14794984,0.0708865,-0.2297816,-0.10357271,-0.11150794,0.17710637
protein|ERCC4,0.053744473,-0.18370718,-0.34844133,-0.010644964,0.01786993,0.08558291,0.4059654,-0.06412645,-0.32332918,-0.083209276,-0.03391621,-0.19309393,-0.029038161,0.3414401,0.023535656
protein|STAB1,-0.35957882,0.0277415,0.46863365,0.22694255,-0.115792505,-0.055947278,0.33972803,0.06997358,-0.39882594,-0.040243626,0.04602283,-0.08960365,0.03967603,0.41037253,-0.1253812
protein|E9PQG4,0.05375553,-0.46586493,-0.34195614,0.380685,0.2127429,-0.01403788,0.39793858,-0.4158694,-0.48955268,-0.047588266,-0.27653062,-0.46306354,-0.23711498,-0.32638007,-0.1511292
protein|REPS1,0.06082403,0.015046204,0.14243299,0.069263,-0.08285465,-0.1160164,0.046567705,-0.046302877,-0.35137108,0.12215269,0.35687187,0.27848387,0.46739683,-0.03593805,-0.18892458
protein|MYLK,0.082402594,-0.0411423,-0.18967406,0.33223784,-0.69129837,0.050853916,-0.34916484,-0.011158937,-0.34832883,-0.17735124,0.09569733,-0.39706075,-0.10653957,0.11660287,0.018067198
protein|TRABD,0.27177963,0.1464888,-0.6772454,0.2985438,0.09295133,-0.005742636,-0.06714573,0.0458534,-0.25346714,0.18641184,-0.05467805,-0.063904926,-0.11704291,0.1546534,0.10326444
protein|LTV1,0.17333713,-0.17528564,-0.3604654,-0.100659825,0.071700364,0.23518848,0.377705,-0.029580964,0.24613579,-0.23566996,-0.20020191,0.25493792,-0.03902798,0.2538483,-0.11122751
protein|CDK9,0.19072354,-0.059047837,-0.063573375,-0.013793739,0.2925388,0.26031655,0.24295287,-0.17205508,0.012553889,-0.27786708,-0.25883475,0.262769,0.10020549,0.12550081,-0.19201544
protein|PAPSS1,0.28586945,0.16698141,-0.3158855,-0.07834343,-0.08622543,-0.15061274,-0.112903,-0.030900875,0.1503398,0.07957189,-0.087256104,-0.11501791,-0.07909486,-0.25992647,0.24046987
protein|SH2B2,-0.1016493,-0.333817,-0.12094894,0.108729534,0.33065718,0.06957295,0.4163088,-0.2207552,-0.09641741,-0.0047315196,-0.11368214,-0.18119144,0.10872683,0.018299282,-0.2780638
protein|GCLC,0.0147383055,0.1453674,0.32192948,0.52829325,-0.041959,-0.44114417,0.014286047,-0.22386293,-0.17637713,0.04639645,0.25100914,-0.033121713,-0.28835124,0.19298953,0.10397067
protein|TRIP13,0.2455889,0.18401738,-0.4002634,-0.01644421,0.4565904,-0.049916305,0.3356432,-0.34867656,0.011796389,0.1546554,0.0420776,0.15487768,0.1518639,0.19636129,0.16221468
protein|FGD3,0.007180721,0.1001937,0.07761805,0.03637843,0.40979055,-0.32899684,0.07986738,-0.3312222,-0.41339147,-0.05840361,0.19782348,0.121219546,0.03179757,-0.18830703,-0.012416618
protein|NADK2,0.19347376,0.26009038,-0.06731296,0.85183257,0.21590637,-0.3628819,0.21504341,0.49925032,-0.46165362,-0.02432765,-0.09579775,0.0077320402,-0.097763464,0.33681798,-0.019032076
protein|NDNL2,0.063439935,-0.47841853,-0.2347609,0.04324101,0.0069823903,0.16554974,0.43912366,-0.12795646,-0.19887938,0.04374874,-0.060337573,0.15569,0.24410431,-0.045167755,-0.1567314
protein|ATL3,0.06944869,0.2767172,-0.1522743,0.24808209,-0.14337884,-0.35812262,0.029806102,-0.15994184,-0.0130954655,0.059706926,0.020186266,-0.4439154,-0.31077462,0.07165386,0.4429487
protein|ITPR1,-0.04935444,-0.1685411,-0.35934594,0.21946785,0.08906192,-0.36716285,-0.24127011,-0.3208075,-0.4598651,0.1992144,0.25148982,-0.28778064,-0.13153946,-0.34458163,-0.09304543
protein|GTF2E2,0.2967007,-0.25469878,-0.31909198,-0.2224308,0.19715084,0.1250538,0.2731742,-0.27733296,0.3238382,-0.04922713,-0.027550098,0.3035354,0.007736242,-0.029358724,-0.12065299
protein|ANKRD13A,0.2805562,0.027000032,-0.15818317,0.25968874,0.07850014,-0.22750692,-0.12522623,-0.060718194,-0.121090256,0.36412266,0.18362255,-0.2554431,0.23035745,-0.5622428,-0.044203874
protein|AGTRAP,-0.30216688,-0.081075415,-0.17236164,0.14170004,-0.06598744,-0.18246736,0.01369105,-0.31339756,-0.32023624,-0.036612205,0.15459052,0.06194655,-0.4013829,0.07945241,-0.11642863
protein|PTPRE,-0.26906857,-0.17630681,-0.10997145,0.29645014,-0.058105607,-0.36761066,-0.04796745,-0.45964745,-0.2690064,0.02665515,0.3100455,-0.009115476,-0.3448727,-0.10145822,0.17465375
protein|ATP5J2-PTCD1,0.2914439,0.27662206,-0.34290585,0.72129834,0.27776453,-0.45350537,0.050703358,-0.014568893,-0.33406305,0.17880227,-0.14083289,-0.36172447,-0.36388415,0.11760106,0.34822497
protein|PLCG2,0.5751451,0.17278638,-0.5525975,-0.11832809,0.24501406,-0.1310996,0.072577186,-0.4494261,-0.05698438,0.32594073,-0.0086395405,-0.007117794,0.054197144,-0.34310144,0.0025538683
protein|RRBP1,-0.41742313,-0.18998846,-0.35932708,0.111287475,-0.4165581,0.42601272,0.0258895,0.20829973,0.054956015,-0.34654012,-0.3609912,-0.37018377,-0.39432564,0.43757313,0.31638083
protein|CTSC,-0.33192033,-0.42895588,0.20459184,0.12739758,-0.2723895,-0.07292746,-0.16578767,-0.2772514,0.027745655,-0.11420541,0.3848151,-0.13498317,-0.11369694,0.019765586,0.14330369
protein|CARS2,0.22039625,0.030883513,-0.4315005,0.4289059,0.30720958,-0.109416276,0.055100888,0.22267433,-0.12728776,0.057169203,-0.1856989,-0.13072959,-0.3921199,0.23565044,0.105383486
protein|ROCK2,-0.02620916,-0.16310732,-0.3610872,0.18414606,-0.045481812,0.19526912,-0.005307591,0.06842057,-0.11946254,-0.011008674,0.056550488,-0.14045516,0.29056853,-0.13621338,0.12942907
protein|RASA2,-0.2919586,-0.39689878,0.009935854,-0.06642608,-0.19807316,0.25676486,0.37137917,-0.26009077,-0.27468893,0.041499764,0.031994887,-0.23042333,0.20723668,0.17388955,-0.25390878
protein|HSD17B8,0.34226945,-0.017077835,-0.019904109,0.68154365,0.29167697,-0.23273969,0.35645142,0.2974435,-0.19223899,-0.08191427,-0.33539477,-0.23344763,-0.12639183,0.31983143,-0.120937094
protein|C15ORF40,0.27904436,-0.1596345,0.4478722,-0.053364433,0.50941455,0.12997247,0.027884435,0.14473113,0.06372714,-0.2962789,-0.24299705,0.15784274,0.08310338,-0.22900659,-0.26954827
protein|APOBEC3G,-0.20891544,-0.47969696,-0.07500947,0.15034075,-0.2297402,-0.38647842,-0.03828364,-0.39994752,0.1409821,-0.057662886,0.13375202,-0.13052024,-0.22875123,-0.26508754,0.10497344
protein|BIN1,0.106324874,-0.43527526,0.28104204,0.16503163,-0.20093147,-0.10795268,0.1186933,-0.04578643,-0.14696397,-0.13303648,-0.071110085,-0.2749766,0.2755745,-0.27426356,-0.011547287
protein|GPX1,-0.47198698,-0.23687,0.30696344,0.040673606,0.08673432,0.109320514,-0.30654958,-0.009152771,-0.17216194,-0.3397759,-0.16750239,-0.04392918,-0.5579329,-0.19811067,-0.37169835
protein|TNKS1BP1,-0.20932576,-0.27932343,-0.015710969,0.056795925,-0.01797387,0.43592277,0.16259262,0.37836355,-0.25080752,-0.18164738,-0.5620524,-0.076857336,0.10318357,-0.022007614,-0.18657021
protein|PGD,-0.35424706,0.27547318,-0.0036278714,0.10373511,-0.11791898,-0.44107485,-0.5750227,-0.2392853,-0.11904093,0.008861253,0.108679764,0.05205366,-0.648656,-0.16021095,0.22951274
protein|UBE2L6,-0.07406181,-0.06525651,0.43578714,-0.08521621,0.065152474,-0.40349695,-0.06608907,-0.34913447,0.20767704,-0.11597456,0.2627465,0.21335092,-0.121465765,-0.035967566,-0.14576136
protein|CCDC12,0.25350115,-0.38244528,-0.10728507,-0.39978877,0.17678139,0.18866515,0.25034544,-0.31128868,0.43029696,-0.26425233,-0.55321616,-0.08014192,-0.013458124,-0.26067716,-0.015992727
protein|SEC62,0.13121572,-0.0598777,-0.3824231,0.085902005,-0.2321844,-0.059425123,0.21156786,-0.08564133,0.2910992,0.21059905,0.0017981537,-0.29367527,-0.16369091,-0.0044062966,0.26700446
protein|WDR70,0.16409558,-0.23338315,-0.34981865,-0.0505124,-0.05428708,-0.09874289,0.17766328,-0.5276062,-0.06250883,0.093897745,0.22499323,0.029695472,0.25567183,-0.13747571,-0.0065998663
protein|GMEB1,-0.1593271,-0.26883888,0.1276761,-0.013964431,0.16899087,0.07710544,0.22684576,-0.26722586,0.01893186,0.053118426,0.051227834,-0.20196065,0.26045367,0.011852795,-0.1157345
protein|SEC24B,-0.16891454,-0.28658,-0.10735255,0.18318692,0.3065991,0.053420026,0.40653515,-0.22908376,-0.40668964,-0.08121956,0.19013062,-0.11251431,0.38001817,0.29748267,-0.090878144
protein|PARL,-0.008419398,0.10950047,-0.042578343,0.40070093,0.07743031,-0.15379812,0.10010621,-0.05193868,-0.4291035,-0.114727154,-0.11989949,-0.12542853,-0.32649946,0.30664247,0.0017358424
protein|HCK,-0.11234401,0.064962626,-0.17317148,-0.0121895345,-0.12844469,-0.012170555,-0.09759296,-0.3750436,-0.25011912,-0.15759327,-0.13080941,0.11219405,-0.4056646,0.06601742,-0.0005206517
protein|MAP4K2,0.13764337,-0.010362324,-0.13541788,0.34193042,0.19789411,-0.026203034,0.20166847,-0.1568634,-0.18404734,0.2540586,-0.024230527,-0.18866569,0.22925274,-0.22731452,-0.14061485
protein|STAT3,0.06254462,0.24061921,-0.17947853,-0.10379854,-0.36849576,-0.09421004,-0.40583217,-0.53717905,-0.07500412,0.013411051,-0.13079852,0.20936126,-0.46321264,-0.05218719,0.25444943
protein|SLC25A20,0.24821249,0.12677132,-0.16947274,0.84302163,0.19038552,-0.33968195,0.014112126,0.42389542,-0.10448345,-0.09807242,-0.28363517,-0.3797844,-0.37995544,0.17497829,0.21148506
protein|CHMP7,0.5019432,0.028575063,-0.21409221,0.16602446,0.1735902,-0.29009962,0.01101759,-0.04044173,0.13103977,-0.10665255,-0.42244288,-0.2602375,-0.21037386,-0.09274198,0.27218315
protein|WDR4,0.29249498,0.36954886,-0.101230666,-0.090311736,0.3592202,-0.14687473,0.1357628,-0.14126389,0.08487416,0.13316938,-0.13924862,0.31073296,0.01139688,-0.023409514,-0.0021274285
protein|TBC1D17,0.038012836,-0.004484992,0.13294955,0.24310063,0.047413506,-0.14482069,0.3425351,-0.22537664,-0.27665973,-0.2090831,0.077953644,-0.4415355,0.109355256,0.02811259,0.10580626
protein|TBC1D1,0.17139606,-0.06464791,-0.08690843,0.29869318,0.16777253,-0.47981763,-0.12000927,-0.12907317,-0.030848159,0.28142956,0.0585507,-0.36295924,0.0069848457,-0.40394807,0.2602808
protein|ACADSB,0.30323404,0.16792108,-0.23726268,0.8181777,0.28725773,-0.11029327,0.20175274,0.63867354,-0.12935798,-0.27514046,-0.6335675,-0.20694453,-0.44174477,0.2357451,0.094827324
protein|CCDC55,0.15189594,-0.3231452,-0.3484693,-0.3784937,0.1447491,0.30445972,0.47773102,-0.27191183,0.18098593,-0.14365815,0.030984828,0.37360892,0.29968515,0.25790837,-0.21764733
protein|PSMD10,0.22486475,0.12768291,-0.09778073,-0.1571104,0.037147325,-0.17975892,-0.12057662,-0.2905184,0.16606352,0.29648742,-0.04483739,-0.2741824,-0.11071149,-0.1866832,0.17614225
protein|WDR91,0.054986756,-0.24039868,-0.39403778,0.106275335,-0.34617537,-0.070201814,0.14355968,0.011103701,-0.18911284,0.039680194,0.19434595,-0.33572435,0.12757282,-0.1605013,-0.016034901
protein|M0R2S1,0.24875762,-0.24510747,0.13671523,0.03188414,0.09675647,0.20515451,0.11934653,0.2493686,0.05982015,-0.20708267,-0.5138949,0.34211874,0.22110014,0.04433424,-0.32771468
protein|ITGA6,-0.13954346,-0.058945715,0.004499872,0.17157348,0.087597236,-0.00167682,0.11376613,0.2449639,-0.5210887,-0.09720508,-0.29510003,0.05972867,0.11513142,0.19878957,0.050426137
protein|HEATR1,0.26846692,0.3537413,-0.6232505,0.084295586,0.17908075,-0.3146263,0.34842038,-0.33487362,-0.1082561,0.20515275,-0.031816293,0.019313972,-0.18422337,0.30929166,0.28139168
protein|METAP1,0.37890434,0.30414945,-0.21230653,-0.067581564,0.35676676,-0.2579223,0.17136636,-0.37471437,0.20573635,0.17087354,-0.34322023,-0.047049493,-0.17459114,-0.16211799,0.19344902
protein|EBF1,0.29273954,-0.17949033,-0.30881852,-0.1048381,0.3648876,0.069598034,0.24950975,-0.35085288,-0.2419222,0.28509498,0.03356614,-0.08417293,0.22040683,-0.14965256,-0.13076444
protein|ACOT2,0.20122479,0.12646039,-0.05494447,0.8649063,0.4439775,-0.3755797,0.21247238,0.40719318,-0.29012382,0.004402046,-0.5369618,0.0041943155,-0.36642328,0.10369062,-0.029144572
protein|IDH3B,0.04567323,-0.13348697,-0.43018952,0.17336014,0.10918767,0.07351525,0.2675404,-0.34004292,-0.13285047,-0.1692649,-0.12912408,-0.28006777,-0.16096433,0.064368814,0.19134228
protein|BTK,0.47843814,0.20865297,-0.36842057,0.05077056,0.1753888,-0.40519482,0.023415528,-0.35546273,0.22044411,0.29743472,-0.005452167,-0.01610568,-0.1438118,-0.19578888,0.15667674
protein|PLS3,-0.2793611,0.23167834,-0.011450465,0.043271784,-0.5643153,0.14397424,-0.26240107,0.33758536,-0.30009577,0.15021704,-0.061885193,-0.5714821,0.06424154,0.029626688,0.093009606
protein|VTA1,0.15013997,-0.19126712,0.13524647,0.2766708,0.4430492,0.057758935,-0.08724223,-0.0131535595,-0.10209695,-0.09365563,-0.14860111,0.1472082,-0.062743455,-0.2801488,-0.2483444
protein|DNAJC10,0.001392441,-0.07607342,-0.5534138,0.14599209,0.27290004,-0.120263584,0.28114578,-0.10959279,-0.09913158,0.3187564,0.15026686,-0.60311455,0.120116584,-0.014022343,0.035112575
protein|INTS10,0.06875488,0.16293998,-0.035624824,0.067619234,0.0785271,-0.27467117,0.19213572,-0.41766742,-0.20695484,0.22501437,-0.021932034,-0.26107496,-0.19126378,0.16961898,0.15523204
protein|HMBS,0.3127143,0.32192653,0.098341465,-0.19525194,0.093147464,-0.33453888,-0.18679917,-0.3559025,0.09291767,0.16123551,-0.008126873,0.3221828,-0.14881516,0.10823035,0.18321264
protein|GSPT2,0.35728213,0.2912191,-0.14342527,0.062206384,0.2678049,-0.002583269,-0.26113942,-0.19546714,0.10996482,0.22720933,-0.34457386,-0.13285556,-0.2771852,-0.23291384,0.084343776
protein|PXK,0.27045017,-0.047323093,-0.11212983,-0.002862084,0.35139355,-0.100062795,0.19551393,-0.3797727,-0.037042126,0.10756201,0.09087164,-0.07834474,0.07229168,-0.3242644,0.047819298
protein|TM9SF2,0.22243579,0.30689734,-0.3272051,0.18558961,-0.14641437,-0.33545968,-0.009921055,-0.117592685,-0.25717166,0.074227236,0.018526427,-0.25062495,-0.23523083,0.19192293,0.31163654
protein|TBC1D2B,-0.19295457,0.030415783,-0.06278896,0.1332937,-0.061854348,-0.11949462,-0.13236172,-0.14394562,-0.14712833,-0.0917888,-0.025968574,-0.19099307,-0.16251673,0.055891056,0.054298162
protein|SEC24D,-0.17681925,0.09081835,-0.4076325,0.07409832,-0.24255885,0.0016968071,0.107875556,-0.15769821,0.0042250524,0.058773533,-0.17964289,0.049614005,-0.3576478,0.25200197,0.1590512
protein|EOGT,-0.108262084,-0.11576747,-0.19702633,0.19842225,0.07589262,-0.2849604,0.10201321,-0.3291933,-0.35012054,0.08116802,0.08874581,-0.30195293,-0.23763204,0.05875964,0.17965652
protein|RPN2,-0.012842849,0.25530016,-0.4067701,0.3403187,-0.23374228,-0.35334882,0.15824232,-0.1425068,-0.04019058,0.2438314,0.0049292413,-0.5100076,-0.38860363,0.30531088,0.6082488
protein|SFN,0.28146628,0.113242365,0.036539625,0.024356535,-0.22388592,-0.37337807,-0.3564207,-0.14765178,0.10945354,0.24599801,-0.4331158,-0.01765988,-0.17336817,-0.6397624,0.11740488
protein|HINT1,0.2872041,0.19164519,0.49511236,-0.1260742,0.46684337,-0.11064173,-0.071254686,0.22658002,0.3512558,-0.08225172,-0.5321434,0.15490074,-0.08240219,-0.14061089,-0.079713486
protein|MAGED2,0.22215554,-0.24019422,-0.14764793,-0.23682365,0.37294713,0.11155973,-0.101770006,0.11718793,0.0489843,-0.017766155,-0.16749868,0.020836692,0.119751684,-0.122491255,-0.159272
protein|RBM47,-0.3107389,0.042674568,-0.0968118,0.48782605,0.13486415,-0.24221416,-0.12724449,-0.20980163,-0.38717535,-0.05433175,0.15509738,-0.017535735,-0.48150834,-0.06819865,0.038330015
protein|DHX29,0.20842819,0.039488617,-0.38026565,0.18744494,0.3617349,-0.2795318,0.24090154,-0.49236485,-0.2696577,0.06546433,-0.08484175,-0.12657532,-0.25639144,0.026878426,0.05750423
protein|CASP4,-0.22983547,-0.19369164,0.13905974,0.17299105,-0.18140614,-0.43871433,-0.20459372,-0.55655354,-0.07484328,0.061102685,0.03203447,-0.08076602,-0.38578647,-0.0035648602,0.14335713
protein|PREX1,-0.23149888,0.0066023283,-0.048296634,0.26762173,-0.23066735,-0.2276469,-0.1694068,-0.30872035,-0.2648908,-0.35748637,0.096566685,0.011283084,-0.3104235,0.0031071,0.087647475
protein|ARL1,0.088053524,0.3590295,-0.30824512,0.28217405,0.042607866,-0.48669982,-0.027172357,-0.2825482,-0.291355,0.1529451,0.24121915,-0.113075964,-0.29842737,-0.0584191,0.19363828
protein|B8ZZA8,0.0499006,-0.26988885,-0.24356633,-0.056142177,0.2980143,0.15495947,0.19619116,-0.0031726512,0.0072032553,-0.19047265,-0.23430163,0.3400848,-0.08661818,0.14050035,-0.35363597
protein|TOP1,0.3811701,0.24046567,-0.26556367,-0.67105585,0.37663144,0.030116284,0.1682992,-0.7052838,0.32991466,0.0058023734,-0.000625911,0.19946338,-0.12388939,0.09102434,0.26077422
protein|PSD4,0.034062497,-0.08617136,0.42964676,0.13145964,0.12817632,-0.30439094,0.043975275,-0.10289091,0.043482997,0.017851468,0.22410291,0.1252972,-0.09382256,0.06910416,-0.089633025
protein|TAF6,0.063030906,-0.017561816,0.30560744,-0.09276156,0.30041343,-0.16701935,0.4847558,-0.6165805,-0.32422835,-0.05898001,0.05268586,-0.1259673,-0.11449334,-0.11383597,-0.11134136
protein|MOB1A,0.5640701,0.3429691,-0.09185411,-0.17669451,0.02952849,-0.2956632,-0.15517132,-0.6646198,0.08430532,0.11186969,-0.0015021364,-0.11551823,-0.18430313,-0.5352013,0.039767884
protein|EIF4EBP1,-0.09337718,-0.12594837,0.16238825,0.07380706,0.20299484,0.18448848,0.28453246,0.08189467,-0.25272074,-0.18303207,-0.14023332,0.34779286,-0.01963047,0.16261648,-0.28933936
protein|CLPTM1L,0.18932274,0.13899292,-0.37453735,-0.07676234,-0.06663928,-0.20716493,-0.20357028,0.2594528,-0.055144183,0.070460275,-0.23083328,-0.20087531,0.036064062,-0.110930525,0.44606107
protein|RRP9,0.14551459,-0.14615957,-0.69833475,-0.10249217,0.19037955,0.16884212,0.4994033,-0.36915982,0.026660027,-0.06356261,0.13813129,0.33506602,0.030805063,0.6170332,-0.06278546
protein|TMEM256,0.11314479,-0.3767404,0.07585388,-0.15294503,0.10982959,0.30817798,0.25370613,-0.24247488,0.26323494,-0.1967295,0.16784017,0.09406851,0.10175564,-0.0420088,-0.008904206
protein|SERPINB6,-0.024235018,0.011813115,0.06906534,0.082294986,-0.35043192,-0.25631857,-0.46224758,-0.24163516,-0.33125412,-0.012956245,-0.10976579,-0.20946556,-0.3814586,-0.20575313,0.13488372
protein|HCCS,0.20393164,-0.38801146,-0.4610576,0.109470256,0.29558724,0.09973743,-0.011370774,-0.006529199,-0.09982692,-0.07238377,-0.5153013,0.21259955,-0.14234503,0.011792709,-0.31809065
protein|IL18,0.009372302,-0.12733173,-0.19399635,-0.23044482,-0.12974031,0.08338103,-0.73346394,-0.18499061,-0.110281944,-0.18465085,0.06612769,-0.1402099,-0.34384176,-0.4785639,-0.015414058
protein|NOC3L,0.07683836,-0.037192304,-0.45723453,-0.20177971,0.10531307,0.070959024,0.11536591,-0.2736946,0.28845385,-0.026789993,-0.08432391,0.22310334,0.022828313,0.07773994,0.029822644
protein|FAM32A,0.056321286,-0.2505919,0.18570942,-0.1625921,0.25596747,0.18254457,0.13957846,0.11496897,0.15109317,-0.47220257,-0.45403463,-0.006597223,0.06224969,-0.15714335,0.11894224
protein|FCHO2,-0.29464388,-0.34200794,-0.3499426,0.35027912,-0.23977533,0.055369884,-0.047258414,0.041933477,-0.08559509,-0.24687368,0.2023476,0.14533658,-0.23973931,0.28724524,-0.05263517
protein|MDH2,0.43972585,0.28600612,-0.44153994,0.5194754,0.30950046,-0.2743045,0.050040353,0.38982219,0.28506687,0.114813834,-0.5038463,-0.20083089,-0.38952073,0.03976162,0.3874918
protein|SCP2,0.1438069,0.15844056,-0.12920505,0.49990875,0.31552804,-0.20078294,0.015089579,0.6911082,0.102942005,-0.21256036,-0.57991284,-0.015001918,-0.337468,0.15560019,-0.10724986
protein|CARD11,0.29974833,-0.13514589,-0.14480753,0.10277681,0.15218793,-0.39507726,0.34743038,-0.50724953,-0.07772411,0.016370708,-0.087752685,-0.0029737772,-0.006179525,-0.15861557,0.13114879
protein|MLLT4,0.18724628,-0.018571991,-0.00503861,0.17557882,0.19436254,-0.060374353,0.16314043,0.1697896,-0.28378424,-0.2465779,-0.32654947,0.13268454,0.018757312,-0.076839976,-0.07930574
protein|RENBP,-0.36686906,-0.36956388,-0.12553369,0.14608346,-0.18036105,-0.23720326,-0.3741775,-0.3289909,0.03273658,-0.038513213,0.20462778,-0.17468663,-0.45241243,-0.19898266,0.07975537
protein|MT-CO2,0.13109152,-0.009718196,-0.2930542,0.71265316,0.22923721,-0.4291265,0.3071586,0.15184182,-0.24669673,0.09976339,-0.35658434,-0.38445288,-0.5580813,-0.023941437,-0.05693298
protein|MVP,-0.24231377,0.04792075,-0.098772645,0.29902986,-0.34842855,-0.22775489,-0.5996447,-0.21302316,-0.17894436,-0.019337513,-0.022832775,-0.31094104,-0.5005876,-0.23946267,0.113441184
protein|CD68,-0.37533283,-0.22567728,0.05306863,0.10607139,0.12218501,-0.13934995,-0.08716386,-0.06188547,-0.35754693,-0.015311756,0.44300094,0.23933117,-0.059795387,0.42535192,-0.24563096
protein|PTDSS1,-0.033150952,-0.45580763,-0.29741558,0.07893432,0.03702855,0.3485093,0.1479164,0.10376449,0.062229335,-0.32962698,-0.41872397,-0.204722,-0.11582699,-0.13509205,0.025576252
protein|MVK,0.3359453,0.13598691,-0.22909237,0.1746243,0.24214602,-0.10874733,-0.118398726,-0.089819424,-0.17629287,0.13427325,-0.19288059,-0.11768247,-0.040538207,-0.1967907,-0.22860506
protein|MRPS30,0.21322021,-0.08093179,-0.3526988,0.13818252,0.43632603,-0.36515066,0.3718766,-0.26217294,-0.11574345,0.069628276,-0.19579284,-0.048023257,-0.2815078,0.08101517,-0.18427137
protein|PLEKHO1,-0.059385512,0.13685682,0.46133992,-0.021462282,0.28332412,-0.051248215,0.15036058,0.005890904,-0.22013353,-0.21823184,0.3317046,0.26706117,0.27348506,0.018400235,-0.21738823
protein|BAP18,0.076273866,0.01634072,0.5042076,-0.14300358,-0.054848466,-0.13036971,-0.30883247,-0.11368298,0.29282117,-0.18129183,-0.07440528,-0.3629755,-0.111652344,-0.5911812,-0.11214405
protein|FKBP3,0.38470256,0.16947019,0.17155732,-0.22190821,0.39078653,0.19528328,0.11173259,0.054545812,0.36743942,0.053163566,-0.27236572,0.45096812,0.12408886,-0.29966968,-0.24114713
protein|PPP4R2,0.19323857,-0.25198212,-0.19676404,-0.25498077,0.08682646,0.30301952,0.2582171,-0.3043397,0.3362058,-0.1577397,-0.03551708,0.053645853,0.1609148,-0.10490195,-0.1588313
protein|PALLD,-0.2439766,-0.17266767,-0.2612039,0.018234828,-0.514035,0.47206482,-0.16711451,0.25586632,-0.14745972,-0.15121494,0.14749569,-0.3653659,0.0657428,0.30718324,-0.14242333
protein|SUGP2,0.09024481,-0.10288033,-0.40816858,0.046712838,0.31334186,0.2941841,0.19438894,-0.012189575,-0.1860334,0.13160951,0.030315606,0.2911467,0.24217473,0.023250543,-0.083110124
protein|SMC4,0.28855002,0.19616531,-0.73692864,-0.3119201,0.27676582,-0.055152845,0.13133353,-0.5433103,0.070182346,0.27197525,0.10034408,0.17145514,-0.122429706,0.09807933,0.28736338
protein|ATP6V1D,-0.2747836,0.030940475,-0.08064446,0.32924962,-0.055848382,-0.52167016,-0.45425972,-0.34597695,-0.22782502,0.13247599,0.27169538,-0.10615497,-0.5620406,-0.22310306,0.24620743
protein|IPO8,0.14202641,0.112898216,-0.09217306,-0.24012956,0.2505382,-0.22672132,0.22463351,-0.7027394,-0.18925004,0.1540391,0.008672036,0.021479815,-0.19219574,-0.0656308,0.0200146
protein|PYCARD,-0.41593212,-0.419559,0.24568827,0.3024595,-0.010804064,-0.23823696,-0.1919718,-0.42886412,-0.2263626,-0.09421712,0.029705107,-0.45126683,-0.44404015,-0.17054914,-0.009132619
protein|COX4I1,0.28393015,0.081714734,-0.4680761,0.6808583,0.18411738,-0.39323014,-0.01230587,0.29920098,0.0067212353,0.00417538,-0.28118923,-0.25493324,-0.426515,0.051298704,0.32569712
protein|NDUFB4,0.29254383,-0.02547918,-0.19570471,0.77120405,0.3239555,-0.36245453,0.14971097,0.08999698,-0.4236987,-0.0005168617,-0.40483814,-0.19065264,-0.57722956,0.037954196,-0.054326285
protein|HLA-E,-0.16387169,-0.31042683,0.30943596,0.16025263,0.21612722,-0.12937365,0.10670023,-0.21731725,-0.019544033,-0.06783265,-0.018639702,-0.06779913,-0.024632314,-0.21640016,-0.41366556
protein|ITGAL,-0.3573049,-0.57141703,0.3290315,0.2985488,-0.14340833,-0.30441907,-0.32505628,-0.34582287,0.07747343,-0.3360595,0.3507745,-0.28780746,-0.20891583,-0.29118705,0.073050134
protein|ARL6IP5,0.034617614,-0.073808044,-0.28915942,0.38971606,-0.43900287,-0.42760766,-0.36811417,-0.3671003,-0.17902468,-0.0797308,0.11859712,-0.4543106,-0.44072843,-0.20394327,0.33367527
protein|ERGIC1,0.32662365,0.14427052,-0.15802,0.44775978,-0.23826136,-0.31420484,-0.17394446,0.20736752,-0.08674895,0.14163755,-0.23371844,-0.27549055,-0.15538894,-0.123757824,0.28645307
protein|DLD,0.42637384,0.04404167,-0.70099986,0.53297395,0.13768259,-0.16351141,-0.17180344,0.5499486,0.13450073,0.034891423,-0.46339867,-0.19302845,-0.2845902,-0.061959695,0.16627067
protein|NUBP1,0.26106504,-0.12909375,0.065244436,0.045803238,0.51020753,-0.15734921,0.03320943,-0.1474594,0.04451766,-0.0924073,-0.1103173,-0.1492112,-0.2811047,-0.2706888,-0.03200193
protein|PEX5,0.1180178,0.15467815,-0.3048386,0.45496196,0.1871109,-0.23852897,0.40349576,-0.25882143,-0.2763175,0.06747176,-0.23258267,0.07315444,-0.18424726,0.31025496,-0.031467393
protein|SLK,-0.097222276,-0.054674175,-0.065228984,-0.0004887735,-0.06635486,-0.00717999,0.052909978,0.14939526,-0.08660116,-0.07054637,-0.00299426,-0.17839003,-0.0043599084,0.15850149,0.06341967
protein|DDX51,-0.12276572,0.018926945,-0.4995398,0.10365686,-0.072593436,0.08960389,0.15764472,0.12636434,-0.16785656,0.017408708,-0.0435344,0.09196979,-0.08787713,0.17471358,-0.0348133
protein|FLYWCH2,0.042942144,-0.45627892,0.18254054,-0.16075052,0.097524084,0.2952231,0.13359979,0.060446605,0.07150352,-0.36027852,-0.3391073,-0.15434934,-0.013124027,-0.18597652,-0.21204957
protein|IKZF1,0.23899482,-0.19264762,-0.4262363,-0.47811213,0.05741702,0.06640432,0.35282177,-0.63725966,0.21284942,-0.06917097,0.02664284,0.31222162,0.1318046,0.1600693,0.20494443
protein|DIABLO,0.31874052,0.11808526,-0.5486857,0.4679053,0.06083719,-0.3161759,0.021875018,0.17577331,-0.056261253,0.19711323,-0.11133558,-0.29030734,-0.1312808,0.01404753,0.22013193
protein|CPPED1,-0.21239346,0.05057188,0.45264682,0.20274256,-0.3191546,-0.4227953,-0.2487524,-0.29235658,-0.2369133,-0.12821713,0.26918033,0.26239654,-0.16103935,-0.0843422,-0.020069875
protein|PSMF1,0.14431544,-0.100045316,0.09089898,0.28733298,0.31863013,-0.088557005,0.41262388,-0.1856831,-0.22557245,-0.13700882,0.19185328,0.15682389,0.004752754,0.172671,-0.123674504
protein|SCAMP1,0.32292148,0.17458627,-0.43826836,0.4098059,-0.24615936,-0.0551196,-0.2775537,0.23405564,-0.0024781728,0.07046665,0.06654806,-0.14038494,-0.047724262,-0.13933976,0.13876191
protein|MRPL43,0.30580807,0.020298388,0.030003455,-0.026611527,0.61024565,-0.0071657137,0.37449703,0.0037225434,0.11825261,-0.22473992,-0.48054487,0.21266212,-0.20087108,0.18332547,-0.05671433
protein|TM9SF4,0.071466506,0.26241547,-0.31470355,0.13013928,0.08494718,-0.36465776,0.057663005,-0.100670844,-0.28225824,0.24141596,0.24237968,0.035330698,-0.21052419,0.19924822,0.19008389
protein|STAU2,0.23378225,0.28679574,-0.24604118,-0.36015582,0.14888819,-0.20469742,-0.044486534,-0.23397335,0.1695315,0.0005944641,0.20611845,0.21446899,-0.04776688,0.26809976,0.10750631
protein|CNN3,-0.1740447,-0.05102463,-0.055736694,-0.0045837453,-0.28083977,0.41146818,0.12618774,0.21841998,-0.22346057,-0.21065612,0.03044271,-0.42097127,0.23175871,0.27925172,-0.06603631
protein|HPX,-0.08165543,0.45606786,0.19275008,-0.45381832,-0.31405216,0.17801502,-0.0848604,0.035985738,-0.50642914,0.16761298,0.34373757,-0.107619815,0.0971647,0.34829387,0.023355063
protein|P0CAP2,0.01617793,-0.41718873,-0.1163015,0.025071803,0.2154507,0.30006316,0.36272407,-0.0326539,-0.14717421,-0.18851903,-0.008945921,-0.0595907,0.120018624,0.14126396,-0.36198732
protein|FKBP4,0.40594372,0.17091441,-0.43659917,-0.21526074,0.1922191,-0.0370243,0.035955522,-0.35018295,0.40532508,0.17132792,-0.07992818,0.101778686,-0.14903036,0.33625627,0.4238129
protein|MPI,0.14158463,0.2872913,0.1820744,0.15508768,-0.004437591,-0.09370577,-0.14734232,-0.27580428,0.19075333,0.04912574,-0.23834474,-0.13997413,-0.42148757,-0.18404403,0.045024775
protein|SAMD1,0.09499269,-0.31381416,-0.04843242,0.05205919,0.46603823,0.03989353,0.28144336,-0.17732157,-0.22491182,-0.022203058,-0.017002245,0.27269745,0.05689563,0.13534914,-0.2722563
protein|HADHB,0.24974987,0.110775486,-0.3180964,0.91143894,0.11605379,-0.37644538,-0.058254827,0.57331485,-0.11784281,-0.15690368,-0.51411635,-0.30783176,-0.49685097,0.014620519,0.24726959
protein|CISD1,0.1632248,-0.24144976,0.29415235,0.2676549,0.1106506,0.13889198,0.10995813,0.4154717,0.18623285,-0.2522937,-0.32316855,0.14124544,0.15479422,-0.13597769,-0.17277943
protein|RPS10,0.19594723,-0.19107129,0.07205352,-0.22232753,0.40836725,0.39992058,0.36413324,-0.1936263,0.32531855,-0.36980388,-0.62856466,0.25069827,-0.19583164,0.022384422,-0.32117355
protein|DOK3,-0.03584134,-0.15253657,0.02803695,0.10484297,0.2284861,-0.24930319,0.2463564,-0.5045492,-0.20661558,-0.061655898,0.15766245,0.24906509,-0.0048041125,-0.2719604,0.0070441226
protein|SDHA,0.21761928,-0.006217214,-0.35568058,0.8532847,-0.024172943,-0.20665129,-0.16218923,0.6858047,0.009103956,-0.23170128,-0.4048222,-0.19726154,-0.45660102,0.20132154,0.16325676
protein|HSPA2,0.15760331,0.12044374,-0.34771103,0.17736451,-0.46187323,0.24927586,-0.08176354,-0.044392075,-0.22690822,-0.088931166,-0.10265334,-0.22635826,-0.19525093,0.0043732147,-0.025611313
protein|MCCC1,0.2992342,-0.13665037,-0.50908077,0.7553131,0.0388371,-0.22731358,0.26540065,0.20719817,-0.057961386,-0.037443403,-0.39364237,-0.29096764,-0.17402762,0.042887386,0.16614847
protein|EXOSC5,0.26256227,0.20179467,-0.17257474,-0.086517066,0.15354748,0.101937525,0.16273533,-0.26406863,0.20347616,0.010950054,-0.2600064,0.06778532,-0.26168942,-0.22650059,0.052705724
protein|PITPNM1,0.16816904,-0.1809403,0.071268216,0.40344825,0.09021297,-0.36558476,0.24842902,-0.55974865,-0.22607477,-0.0030103694,0.24568248,-0.25047716,-0.20946048,-0.2029118,-0.14371225
protein|TUBAL3,0.13755098,-0.106103845,-0.13660835,0.07663443,0.30810085,-0.27114248,0.26611814,-0.7899663,-0.26300746,0.05766925,-0.064387165,-0.26476955,-0.28677177,-0.16259328,-0.080885686
protein|CS,0.38515517,0.16756573,-0.42202953,0.25342414,0.32999793,-0.47150114,-0.15561841,0.17177393,0.21436973,0.20047572,-0.35662922,-0.31176236,-0.35703015,-0.23074593,0.28667784
protein|HSD17B4,0.13794717,0.16347131,-0.5833028,0.8945057,0.19497508,-0.28238302,-0.11898384,0.5415184,-0.16500834,-0.10680067,-0.36830598,-0.05661741,-0.5226909,0.25992802,0.10998096
protein|VAV1,0.100071765,-0.049149275,-0.24774443,0.27809322,-0.27665365,-0.39444798,-0.44758064,-0.5361712,-0.1718984,0.13392031,0.17877656,-0.2710878,-0.17935571,-0.46841645,0.21769255
protein|GPRIN3,0.14869168,-0.16625696,-0.049921773,0.2203415,-0.19704984,-0.008212532,-0.058678493,-0.25363153,0.10248158,-0.05709594,0.29011717,-0.04212661,-0.1536378,-0.1030277,0.07756995
protein|PRKCB,0.30094457,-0.16688819,0.11161775,-0.027412767,-0.33160442,-0.36778584,-0.2232982,-0.30072227,-0.026387258,-0.19647081,0.052337945,-0.3625676,-0.040917937,-0.33626315,0.29208118
protein|NDUFA2,0.046543643,-0.15862422,0.37059438,0.20970389,0.40673178,-0.029539747,0.20189218,0.3779279,-0.11904674,-0.23415409,-0.44572273,0.045462113,-0.2021978,0.21123086,-0.32318974
protein|UTP11L,0.07115734,-0.06045422,-0.26652622,-0.10171858,-0.0068153734,0.17712131,0.29969624,-0.33704302,0.072145805,0.086322404,-0.07511124,0.2264505,0.21154238,-0.033414885,-0.24762437
protein|MEF2D,-0.0010458311,-0.24532361,-0.26357728,0.15598358,0.20478037,0.31353784,0.40161225,-0.42804918,0.087670214,-0.07209918,0.017797379,0.18642242,0.11361543,-0.09716994,0.16943884
protein|LAMTOR4,-0.042607706,0.16767152,0.35511553,0.05171141,0.22756205,-0.34620613,0.27492127,-0.00031867545,-0.29501507,0.15370433,0.37044713,0.2253304,0.1478315,0.22996879,-0.06288149
protein|SH3KBP1,0.0900361,-0.42711172,0.47558078,0.3154777,-0.11371646,-0.17572033,-0.26741773,0.035745442,0.16441433,-0.041543316,0.14925735,-0.49723086,0.21612549,-0.6040078,-0.09486929
protein|MYO1F,-0.53170043,-0.3838795,-0.06821558,0.29620823,-0.3530591,-0.36140624,-0.39318296,-0.19366783,-0.24734,-0.14504212,0.17400861,-0.15769716,-0.52026933,-0.16181213,0.1684065
protein|MRPL21,0.2587124,0.07568057,-0.5249007,0.25952,0.14939581,-0.42472094,0.09600831,-0.057996407,-0.13222745,0.21482898,0.103704594,-0.07441797,-0.06737667,0.14458302,0.16869657
protein|SREK1,0.09704522,-0.19175641,0.09557047,-0.07210001,0.32637978,0.029682172,0.2706385,-0.19276536,-0.15865058,-0.051007763,0.27396876,0.27623817,0.14621621,0.07758193,-0.09762625
protein|PNKD,-0.0073223617,-0.039759487,-0.25021046,0.5308852,0.27798826,-0.011898725,-0.040528238,0.16189346,-0.26447755,0.0046214773,-0.12487692,-0.10805056,-0.07711176,0.15489021,-0.110694006
protein|CD97,-0.412182,-0.43003732,0.4997913,0.21830715,0.24217448,-0.07375022,-0.09941166,0.0149377715,-0.15515837,-0.4146508,0.21329124,0.2994485,-0.20295136,-0.08362945,-0.489649
protein|CLASRP,0.3207747,-0.03438762,0.13449687,-0.20116773,0.2582486,0.045496475,0.21398184,-0.15255813,0.361231,-0.15916073,-0.008904643,-0.0069442536,0.08568213,-0.030113941,0.22141564
protein|NUP50,0.221939,-0.17502508,-0.0873874,-0.33483863,0.118701085,0.24331366,0.18527555,-0.01859778,0.14496386,-0.2517697,0.061053127,0.17736605,0.078346156,0.25241512,-0.044260398
protein|HACD3,0.21385923,-0.14906344,-0.48447108,0.4414306,0.278133,-0.15976894,0.04729058,-0.1746298,-0.26193395,0.18548019,0.085348845,-0.20771325,-0.15698329,0.23970787,0.22555263
protein|TUBA4A,0.36924028,0.15879354,0.019314833,0.123551175,0.124124594,-0.3834137,-0.11509111,-0.41838926,-0.07199573,0.17689241,-0.012935587,-0.22895595,-0.1453175,-0.28274548,0.23355
protein|SRP9,0.31602433,-0.01951231,0.22286195,-0.4900697,0.16978915,0.10998115,-0.05375636,0.08033492,0.5863949,0.0808364,-0.40204522,-0.24042799,0.049500637,-0.3110716,0.14986151
protein|CLPB,0.06701462,0.022325145,-0.29682073,0.22434318,0.23191322,-0.11827838,-0.018769331,-0.016446568,-0.15290459,0.034556232,0.21578823,0.04503559,-0.05041586,0.3464261,0.122600526
protein|PLCB2,-0.019093463,-0.06935939,0.29822403,0.2800451,-0.06700759,-0.22677192,-0.17767602,-0.42376268,-0.1442732,0.035233412,-0.025351617,-0.31859058,-0.26786745,-0.107140146,-0.04942282
protein|MRPL40,0.31967083,-0.07155095,-0.058725588,0.087981656,0.25629923,0.062097803,0.10085967,-0.016745541,0.24525028,-0.08800531,-0.49231005,0.3845018,-0.3065404,0.003668364,-0.087830186
protein|FKBP15,-0.30868945,-0.44818315,-0.24761227,0.12085523,0.08445514,0.101620026,-0.23050447,0.18092969,-0.23724478,-0.2843495,0.1865397,0.035248905,-0.014675072,-0.04042863,-0.16177908
protein|MIF,0.33882344,0.19046001,0.10565104,-0.026720652,0.52972275,0.028674895,-0.106523834,-0.15525272,0.20373918,0.0015052807,-0.32493442,0.23350231,-0.14634646,-0.17962526,-0.17311461
protein|LILRB2,-0.2543934,-0.38961163,0.41988808,0.12254254,0.12102459,0.07704489,0.10919782,-0.11476079,-0.19866619,-0.10312691,-0.092370205,0.19885409,-0.17369398,0.03637011,-0.23075871
protein|JAGN1,0.10889819,-0.44401062,0.033880837,0.020758774,0.18118496,0.11959272,0.28186297,-0.3375537,0.039449807,-0.19553895,0.067446165,-0.13568564,-0.041129306,-0.034697015,-0.17680085
protein|MEF2C,0.4303965,0.22022277,-0.15955874,-0.05351113,0.25404993,-0.048203345,0.36030236,-0.53399795,-0.2793861,0.19030514,0.3169758,0.026947228,0.4536202,-0.11568993,-0.31366727
protein|RPL31,0.17827885,-0.21067706,0.12567876,-0.30473602,0.46134874,0.41988638,0.4037161,-0.20841248,0.5166579,-0.36570352,-0.50322664,0.30297577,-0.2522607,0.026316276,-0.2733173
protein|RABEP1,0.24580131,-0.0719401,-0.14185779,-0.11457477,0.2995148,-0.25897646,-0.030414766,-0.06088467,0.195664,0.16244353,-0.037448604,0.07070703,0.13471727,-0.10744437,0.1282839
protein|BRK1,0.16424902,0.099578075,0.3257435,0.32126567,0.3714325,-0.3320047,-0.09511142,-0.20484439,-0.058160074,0.083062746,-0.21922527,-0.16568047,-0.3758565,-0.34831026,-0.021675222
protein|CNN2,-0.029520288,-0.17480715,0.107360885,-0.29609746,-0.32979095,-0.06599716,-0.32554725,-0.017139116,0.2563422,-0.17684901,-0.13854,-0.3426434,-0.16978477,-0.34624657,0.11054832
protein|LIG1,0.28253362,-0.08827886,-0.3370923,-0.5147255,0.45258284,0.20788002,0.079471976,-0.31063128,0.25997862,0.0866647,-0.081673615,0.35238922,0.17600633,-0.016605085,0.10421512
protein|PPIL1,0.070751876,-0.049461305,0.36396015,-0.1330392,0.338079,0.37158173,0.21736778,0.08188869,0.038044833,-0.055547588,-0.25877163,0.41130665,0.202101,-0.071760386,-0.44730335
protein|RPL38,0.18968292,0.19083281,0.35213938,-0.23399931,0.4338682,-0.033854976,0.32812244,-0.3409089,0.20139875,-0.19763277,-0.5058464,0.08493034,-0.15537271,-0.14742891,-0.16118643
protein|PLEKHA2,0.3750105,0.2737886,-0.25575486,-0.008450806,0.038205676,-0.31920573,0.079058744,-0.5593137,0.0522196,0.14922845,0.098417625,-0.041980073,-0.18575644,-0.2562877,0.17139964
protein|GIMAP8,-0.2932488,-0.22443438,0.2955026,0.355343,-0.27966627,-0.29453212,-0.32484373,-0.24226034,0.02733658,-0.3123088,0.11670671,-0.18064497,-0.28221047,-0.1288538,0.16929457
protein|TWF1,-0.08263273,-0.13742095,-0.4944709,0.3857322,-0.39225444,0.030502968,-0.3878591,0.072339244,-0.042377327,0.073440865,-0.28703097,-0.33663055,-0.4632376,-0.2131961,0.1868596
protein|MRPL54,0.052714217,-0.08333169,-0.036463466,-0.10500429,0.29139477,0.13823554,0.25909114,0.05183145,0.02703358,-0.18666513,-0.6074172,0.084747784,-0.33707777,0.004801075,-0.19427125
protein|SPCS3,0.1356151,0.037310697,-0.31654525,0.048943914,-0.36588767,-0.21843947,0.068392344,-0.06661202,0.30301926,-0.0183606,-0.19420458,-0.28908733,-0.25582027,-0.06672133,0.6115937
protein|SCYL2,0.3464215,0.10654635,-0.1258922,0.24481496,-0.1639096,-0.33601034,-0.13106957,-0.26222005,-0.09389484,0.18773897,-0.133179,-0.43007758,-0.056711994,-0.45245743,0.25594884
protein|CFDP1,0.42090878,-0.1477062,-0.36285195,-0.15458786,0.117925026,0.19493315,0.1734519,-0.23375174,0.18500574,-0.122565664,-0.12413995,0.064874455,0.038133938,-0.2248088,0.09538372
protein|SMAD4,0.14605476,-0.34962773,-0.36416963,-0.27260736,-0.013244237,-0.038056914,0.21377786,-0.22062127,0.18649319,0.12589352,-0.12960212,0.103879385,0.109082036,0.060870484,0.22169283
protein|CASP8,0.059177186,0.060005404,-0.0525037,0.00829695,-0.10833872,-0.4631385,-0.082235254,-0.43083692,0.029359149,0.1875855,0.096068405,-0.13567592,-0.15222843,0.0556049,0.18386362
protein|MRPS33,0.3233834,0.17544246,-0.081796534,0.022763424,0.29433155,-0.15174527,0.11807605,-0.16217381,0.24728674,-0.012460281,-0.16288681,0.102518514,-0.29010248,-0.016234105,0.18304227
protein|NKRF,0.25856298,0.058714777,-0.5225204,-0.10489752,0.09556759,-0.013067558,0.20715636,-0.37902856,0.20690282,0.067493334,-0.23618917,0.28840652,-0.029142976,0.075687766,-0.041926485
protein|CCDC86,0.109047964,-0.42003176,-0.20817849,-0.4402112,0.31952858,0.37331015,0.42456332,-0.2974403,0.24759541,-0.29959568,-0.14323075,0.40659487,0.108442195,0.1573255,-0.08330939
protein|UQCRQ,0.32577583,0.1000753,-0.21147966,0.6068272,0.24761952,-0.2143457,0.17364006,0.15027365,-0.28420228,0.08138175,-0.39303923,-0.0740623,-0.29176828,-0.04063212,0.13169418
protein|TST,0.20813891,0.32855073,-0.021150062,0.8239909,0.35854313,-0.21806619,0.14415368,0.50010777,-0.43577608,-0.13908674,-0.36456046,0.047793124,-0.41010538,0.34038913,-0.101086795
protein|RPL8,0.15828575,-0.30966556,0.0665125,-0.179243,0.47437027,0.38045257,0.47612765,-0.3143925,0.28758493,-0.2668492,-0.36403933,0.41352057,-0.12360156,0.04952523,-0.42127734
protein|TMEM160,-0.11702113,-0.4226668,-0.329691,0.20348196,0.11325148,-0.15203226,0.53185564,-0.2579308,-0.26611906,0.08379531,-0.18635896,-0.14718002,-0.033599287,0.42595008,-0.13900223
protein|DLG1,0.04717454,-0.25441155,-0.40159643,0.18216422,0.0790377,0.07282153,0.07468474,-0.02001937,-0.30722657,-0.040313616,0.024372725,-0.046095584,-0.14452793,0.28913772,0.098786585
protein|NUFIP2,-0.107187755,-0.17415483,-0.29495507,-0.24324487,-0.04462531,0.21581946,0.042392865,-0.2701005,0.3271735,-0.092485175,-0.18112497,0.4179957,-0.08536149,0.15749519,-0.012536195
protein|SPATA5,0.0077520106,0.056179944,-0.11133181,0.1161307,0.12672673,-0.10744573,0.16335753,-0.572272,-0.05475557,0.07407602,0.18029597,0.12847476,-0.19588757,0.25074223,0.019582385
protein|HSP90AB1,0.3888333,0.40170494,-0.5429677,-0.26398134,0.017589036,-0.20966095,-0.23107474,-0.6064989,0.26236212,0.32161227,-0.030848922,0.16504681,-0.37326768,-0.0810416,0.37790927
protein|LENG8,0.15431203,0.14781809,-0.052653655,0.19328958,0.5161028,-0.13140331,0.22552867,-0.00037363113,-0.18669488,0.05312577,-0.26013482,-0.104675956,-0.16378708,0.17842059,0.02275758
protein|LAP3,-0.567974,-0.42320547,0.09094871,0.34723324,-0.3258416,-0.09655485,-0.65407234,-0.14327219,0.16234575,-0.18841475,0.24448702,-0.09752154,-0.51952016,-0.16852103,-0.06588608
protein|PDK3,0.2417146,0.046394892,-0.4379853,0.24259241,0.15460913,-0.15128928,0.027147954,0.03203744,0.19289488,0.25484902,-0.083137766,-0.26011986,-0.033786923,-0.06940963,0.17170824
protein|LRRC57,0.09495217,0.012307617,-0.18346405,0.14311564,0.1253339,-0.3031319,-0.077635035,0.115541674,-0.11835761,0.15796614,-0.008652747,-0.145993,-0.014322941,-0.24057968,0.04318438
protein|PHB,0.5150714,0.2249491,-0.77971417,0.5616649,0.16620703,-0.27753899,0.012941543,0.28994966,-0.04680529,0.12371954,-0.28774425,-0.20409715,-0.35683918,0.10413675,0.3644478
protein|RPRD1A,0.25988376,0.12476977,0.13932782,0.019181414,0.33471617,-0.3886056,0.36746097,-0.58464026,-0.2540054,0.21677393,0.14248262,0.11112065,0.05782555,0.0074538514,0.06853538
protein|TJP1,-0.066056915,-0.13194638,-0.16488223,0.3493508,-0.23621531,0.032824997,0.18808296,0.035822794,-0.41438437,-0.25741366,-0.088465765,-0.31307566,-0.026528157,0.32989702,0.027230414
protein|SF3B4,0.29446858,0.008141485,0.041206103,-0.36942863,0.16923885,0.29515582,0.11179946,-0.15986265,0.29725403,-0.060831938,-0.34185195,0.01751131,0.0874781,-0.2347575,-0.14318693
protein|PLEK,-0.03676375,-0.16312838,-0.11905185,-0.049586188,-0.12168371,0.028355666,-0.40167075,-0.25119746,0.14449276,0.08370048,0.28399342,-0.17998625,-0.20518225,-0.251172,-0.10851933
protein|STIM1,-0.059790496,-0.3679104,0.028308678,0.25684106,0.117911726,0.059460282,0.1933665,-0.05392492,-0.058289323,-0.26864737,0.011979586,-0.242753,-0.06560337,0.2871237,-0.04604385
protein|GGT5,0.016095888,-0.17396504,0.36309078,0.37047508,-0.16051926,0.2905364,-0.056088198,0.15266061,-0.21762067,-0.3538894,-0.118122324,-0.30708605,-0.050747912,0.15530387,-0.09327284
protein|ICMT,0.021869946,-0.09678622,-0.7156422,0.20713517,0.03971581,0.2859311,0.43750963,-0.12755968,-0.057753604,0.043092515,0.2123925,0.02615294,-0.13141873,0.30333412,0.18835577
protein|LMAN1,-0.045249946,0.06679905,-0.42392638,0.30000567,-0.18175732,-0.16532338,0.05405968,0.07985294,0.049726687,0.06869009,-0.05695337,-0.25363356,-0.49141327,0.39005944,0.47909686
protein|DIDO1,0.045617145,-0.5068498,-0.04156677,-0.21739082,0.34396836,0.44286552,0.46542445,-0.2407859,0.15158181,-0.29141605,-0.31714767,0.09607759,0.11481378,-0.015579758,-0.28984222
protein|LY9,-0.07576843,-0.1740694,0.45694938,0.25719047,0.34600988,0.0185856,0.357063,-0.019820819,-0.025012614,-0.21976668,0.12794484,0.067767315,0.075997695,0.124677844,-0.087100185
protein|GCDH,0.50797933,0.22760397,-0.30628902,0.6154688,0.18149625,-0.17052773,0.08600798,0.1789778,0.18179911,-0.12046217,-0.5061572,-0.060962737,-0.45304033,0.11347445,0.054635104
protein|CST3,-0.26969722,-0.09880034,0.29735133,0.2828262,-0.1434185,0.10890313,-0.1808718,0.1458983,-0.31083977,-0.0009814167,0.27801937,0.11173641,0.002416363,-0.06553129,-0.19013208
protein|ARFGEF1,-0.10219883,-0.13803189,-0.26214704,-0.12459362,0.14498977,-0.22199109,0.10448687,-0.45042828,-0.22567812,-0.025547037,0.06359471,-0.23588423,-0.13584091,-0.13648047,0.04777695
protein|Q96AE4,0.14462994,-0.4995894,0.14651828,-0.30358887,0.45008266,0.26913476,0.32300454,-0.01743343,0.34809655,-0.3541931,-0.3335518,0.30436677,0.14068295,-0.2300474,-0.3554721
protein|CRYL1,0.15309083,0.058681063,0.024416005,0.41146812,-0.11651207,-0.04524188,-0.19939287,-0.02977208,-0.20554933,-0.06994093,-0.16377357,-0.30573073,-0.5208343,-0.08258382,0.10130866
protein|CTSZ,-0.49762028,-0.5817671,-0.013072633,0.037800714,0.06008212,0.25023058,-0.0543095,-0.17202815,-0.03461495,-0.3631796,-0.02121876,0.23797901,-0.3704572,-0.004687356,-0.2650573
protein|RPL34,0.2737316,-0.039547443,0.015878087,-0.36881346,0.24499595,0.22397618,0.25335425,-0.36973205,0.67711365,-0.1222456,-0.48547179,0.1852158,-0.28786197,-0.19064234,-0.06119775
protein|SAMD9,0.08439646,-0.038454954,0.09405238,0.015696738,-0.019385288,-0.32357758,0.1423355,-0.56416214,-0.10300591,0.17562708,0.36687073,0.08967542,0.084916435,0.06903064,0.011276398
protein|STX18,0.27004802,0.28121877,-0.46414027,0.111855,0.07792291,-0.19464901,-0.041741528,-0.34359738,0.16249244,0.09975708,-0.086447455,-0.11690195,-0.4141373,-0.14202905,0.2820994
protein|NID1,-0.22221515,-0.35725388,-0.29585359,0.18000613,-0.35726082,0.27065414,0.22083168,-0.16487885,-0.37401155,-0.31178877,0.36500454,-0.2747429,0.11602641,0.54595023,0.081880175
protein|IFIH1,-0.1520712,-0.29296556,-0.13696058,0.18588856,-0.0110729495,-0.20070799,-0.13302831,-0.4133762,-0.20285858,-0.20659184,0.2875566,-0.20663169,-0.27440777,-0.13562976,-0.16192862
protein|EIF2B2,0.29008028,0.38385713,-0.19996649,0.07607056,0.17833245,-0.21182911,-0.019294199,-0.37466136,0.12923756,0.24172327,-0.33292598,-0.24078837,-0.5106452,0.016862456,0.16547099
protein|PSMG4,0.0704759,0.17504667,-0.04722356,0.10487592,0.24799788,0.1427272,0.05979476,0.040240277,-0.3262686,-0.21123217,0.13247207,0.24874376,-0.028372375,0.2983235,-0.17924808
protein|MAVS,0.080750756,-0.28951412,-0.18280764,-0.003631024,0.36413047,0.31620723,-0.016860941,0.16476162,-0.08724753,-0.27143297,-0.38861042,0.03979291,-0.17021097,0.13423079,-0.2743067
protein|KPNA2,0.1250985,0.19136529,-0.5988551,-0.33622605,0.25930327,0.104752116,0.14145896,-0.3546119,0.13318767,0.035942577,-0.016367668,0.6078603,-0.20255241,0.28318045,-0.06768336
protein|MAX,-0.03646493,-0.610549,0.33930606,-0.011795607,0.07718019,0.21677275,0.42165038,-0.18984841,0.20475246,-0.35297954,-0.0855829,0.11874473,0.26669395,-0.20332475,-0.3265569
protein|ARSA,-0.05466207,0.112499155,0.3851752,0.21399727,0.10935504,-0.032235254,0.17895669,0.016199239,-0.27684727,-0.29445007,-0.22422442,-0.20253849,-0.13164091,0.15510657,-0.19559737
protein|SNRNP70,0.2003909,-0.29611766,0.09271114,-0.48402894,0.3870957,0.28880507,0.49348214,-0.22982876,0.37025273,-0.2530877,-0.25092998,0.27275395,0.08680479,-0.14136408,-0.34576485
protein|ITPR2,-0.086267926,-0.3643619,-0.7188244,0.20471881,-0.18730325,-0.13823763,0.009597514,0.019917805,0.1303045,0.11396379,0.08442607,-0.05218995,-0.11146005,-0.12280796,0.17761505
protein|P4HB,-0.3771642,0.29819214,-0.18967192,0.17953825,-0.27653977,-0.11442869,-0.3270089,0.27820072,0.107263796,-0.13242663,-0.23786889,-0.05412844,-0.6319179,0.41626412,0.46131116
protein|ALDH3A2,-0.0972003,0.032962583,-0.13225248,0.6270012,0.12463083,-0.28404185,0.11319017,0.29784715,-0.18384148,-0.17557085,-0.4096344,-0.26821035,-0.43593255,0.40224957,0.29233837
protein|SEC61A1,-0.08862427,-0.011928758,-0.44686908,0.23076107,-0.030844333,-0.21052836,0.41448167,-0.35390368,-0.052598484,0.013755465,-0.14733948,-0.41893673,-0.4480959,0.3800997,0.4780545
protein|NIPSNAP3A,0.055247758,-0.0051935385,-0.35360304,0.7426465,0.1426624,-0.28930902,-0.03881109,0.34557533,-0.33337978,0.07282002,0.15969986,-0.1585958,-0.09740712,0.23492539,0.11374549
protein|NOL8,-0.0078096515,-0.20072511,-0.45404077,0.35984233,0.22135183,0.07514538,0.39811498,-0.3309149,-0.07867922,-0.064783186,0.13577765,0.10128419,-0.22014537,0.3449038,-0.14264502
protein|HSPBP1,0.09423363,0.13210654,-0.22522798,0.066843115,0.26700476,-0.3377948,0.24869214,-0.5993678,-0.1240645,0.412142,0.0952065,-0.01830744,-0.008532884,0.012551695,0.17186305
protein|NCL,0.50339437,-0.086544454,-0.47390008,-0.26492244,0.23563884,0.08198449,0.21770097,-0.29445457,0.6154307,0.048511744,-0.12601168,0.2925717,0.18291107,-0.082502194,0.20580079
protein|RRAGA,0.13307485,0.21006523,-0.046028063,0.2882221,0.04507382,-0.31669658,-0.08548018,-0.22084062,-0.15964785,0.13178326,0.569773,0.29369026,-0.19224776,-0.12355749,-0.13991985
protein|SRSF5,0.21647678,-0.25984004,0.22505152,-0.4566885,0.47172862,-0.00873874,0.28967738,-0.08335314,0.49138412,-0.18165308,-0.36484063,0.13287292,0.0049851877,-0.16582027,-0.1055896
protein|RALB,-0.3415664,-0.34098664,-0.08779714,0.27732027,-0.24993278,-0.17069976,-0.03509339,-0.24812344,-0.21535648,-0.1353274,0.05929578,-0.1650028,-0.40145183,-0.0010598956,0.17719877
protein|PRUNE,0.117027484,0.028542368,-0.046050243,0.20440997,0.08504574,-0.34730554,0.09528818,-0.2015548,-0.07738111,0.25894502,0.12815793,-0.20723964,0.117313385,0.038177166,0.25086212
protein|BCAP31,-0.048664592,0.008954019,-0.27801746,0.40249124,-0.42266077,-0.21815191,-0.3810214,0.114638746,0.31592992,0.10233847,-0.05277258,-0.36139238,-0.4095912,-0.13803713,0.40412998
protein|PTRHD1,0.20637693,0.17606945,0.3806242,-0.06290971,0.4335035,-0.23334046,-0.0247838,-0.17614768,0.077078834,-0.068918996,-0.3903776,0.032829113,-0.06717254,-0.14677157,-0.13646501
protein|ETHE1,-0.36925307,-0.112135276,0.06278246,0.5611219,0.03826504,-0.1744959,-0.35958746,0.11189443,-0.31829846,-0.21599782,-0.24939749,-0.130976,-0.6043177,-0.057042886,-0.094588
protein|PPP6R1,-0.07986229,-0.4791785,0.19814982,-0.075415686,0.23043995,0.03452092,0.19349203,-0.21835391,0.0031287,-0.18281963,-0.0049423217,0.0603401,0.20720801,-0.24330127,-0.39999324
protein|EIF4A2,0.21849509,0.096975915,0.0655065,0.1498311,0.042853057,-0.3341695,0.21162818,-0.5699719,-0.073549405,0.15554269,0.06396626,-0.47172698,-0.12573446,-0.005341355,0.20546117
protein|SKAP2,-0.25877059,-0.35285464,-0.21792184,0.49352586,0.037958078,-0.119304836,-0.17051409,-0.31931862,-0.3954173,-0.17223087,0.058326505,-0.015428731,-0.45857298,-0.16503744,-0.07297556
protein|TXNRD2,0.003971728,-0.101549804,0.013920949,0.51832736,0.4491189,0.03902842,-0.1363032,0.42004755,-0.28758982,-0.17502792,-0.30488682,-0.037939005,0.018798491,-0.006875382,-0.028683562
protein|A0A0C4DGB5,-0.12325405,-0.5613984,0.36610445,-0.053643055,0.14611499,0.37096715,-0.15075353,0.121529475,0.057449747,-0.4566727,-0.3149175,0.085523926,-0.022454118,-0.25332907,-0.3847005
protein|UBFD1,0.31235102,-0.18573146,0.07961004,-0.21546905,0.081485495,0.17356636,0.05302386,-0.19434536,0.47816136,-0.17239863,-0.1556305,0.08743437,0.14566538,-0.19746302,-0.06738138
protein|HSPA14,0.35447815,0.11648301,-0.20178978,-0.26945114,0.28227496,0.19816571,0.11182999,-0.34640387,0.09958111,0.10876478,0.0037903644,0.36204374,-0.11964592,0.06916873,-0.18109861
protein|ATG7,-0.23678643,-0.08681952,-0.13074738,0.059589416,-0.1369299,-0.3282127,-0.33578143,-0.47702283,-0.08873246,0.067746915,0.2547083,-0.2935808,-0.37126997,-0.30423936,0.24117401
protein|MDH1,0.21880801,0.027474444,0.14860123,0.10036473,0.06103626,-0.2105956,-0.049559735,-0.106732145,0.3388516,0.3387786,-0.19183789,-0.4489332,0.04977734,-0.53838485,0.06418135
protein|FAHD2A,0.29327354,0.20623153,-0.15882283,0.45982438,0.40947384,-0.25714687,-0.041485563,0.10360198,-0.14930624,0.23244084,-0.5252421,0.016757203,-0.20023824,-0.18204086,-0.047733895
protein|MRPS26,0.15863937,-0.13295692,0.08630807,0.22327112,0.38996166,-0.37779728,0.13067295,-0.19055279,-0.29953876,-0.02271086,0.13008045,0.1744525,0.17720017,-0.05534196,-0.05579733
protein|LHPP,-0.012578775,-0.06466011,0.42448422,0.37069935,-0.22129877,-0.09466603,-0.04274932,0.16469319,0.055436533,-0.18549548,-0.025779814,-0.3278821,-0.10425296,-0.0010136894,0.26419306
protein|SETD3,0.10778698,-0.0008413081,0.08386865,0.24015322,0.12810065,0.022362616,0.41178492,-0.1366929,-0.3769644,0.049765356,0.057731222,0.02680189,0.08268376,-0.23450287,-0.24771112
protein|ASL,0.04847367,0.17201433,0.05133893,0.4853555,0.42052823,-0.08655194,0.21808568,0.2782835,-0.31408793,-0.010284391,-0.30950043,-0.30808964,-0.1441134,0.15042426,-0.111395516
protein|SLC9A3R1,-0.22526166,-0.6460917,0.48097828,0.3192732,-0.10362757,0.12713516,0.10883273,-0.020759486,0.10019448,-0.57842344,-0.23167521,-0.1796891,-0.1908184,-0.02841201,-0.038462304
protein|CECR1,-0.24013254,-0.15233994,-0.019434987,0.24797457,0.013988271,-0.29772508,-0.043691576,-0.20742281,0.07509052,0.13798225,0.25541404,-0.2419433,-0.29255795,-0.15948817,0.048043787
protein|PSMB3,0.15288705,0.31588432,0.19516103,-0.056051124,0.041357506,-0.33475104,-0.29937708,-0.40336558,0.1801085,0.17103702,-0.14163327,-0.30172998,-0.5390128,-0.4086609,0.21039648
protein|CDH5,-0.032416146,-0.20504555,0.15283817,0.093394734,-0.005505991,0.21957874,0.4093218,-0.19648719,-0.35897493,-0.24951443,0.13495448,0.008013459,0.2350597,0.4939821,-0.019360926
protein|FNBP1,0.29903835,-0.102783404,0.13154885,-0.10546687,0.021852836,-0.21427688,-0.25301412,-0.36268762,0.16681063,-0.0061744135,-0.016110016,-0.2314022,-0.054435268,-0.73444074,-0.12991701
protein|SRA1,0.009956372,-0.44035608,-0.026290277,0.07358651,0.25555563,0.46960428,0.27208936,-0.2747834,-0.12251095,-0.1860908,-0.3429243,-0.030343637,0.026317254,-0.20749609,-0.37773246
protein|ASH2L,0.20668149,0.047027607,0.3392266,-0.20771965,0.18454789,-0.047555473,0.29161352,-0.14503264,0.08664406,-0.104078695,-0.16655844,0.019475328,0.183884,-0.110980235,0.00058488
protein|GMFB,0.04113715,0.16971788,0.17414637,-0.04845595,0.13541375,-0.20711681,-0.2976129,-0.29125068,-0.0016372857,0.1243395,-0.057441324,-0.38565567,-0.30894634,-0.30460936,0.1412301
protein|RSL1D1,0.25456232,0.07113013,-0.6107933,-0.25070632,0.2411582,0.20523451,0.44040903,-0.2895995,0.21870862,-0.0668506,-0.032363236,0.1546651,0.030644482,0.34581602,0.17931198
protein|LST1,-0.4062781,-0.12291683,0.28635395,0.2997176,-0.10338664,-0.19397183,-0.21284106,-0.15795772,-0.29571807,-0.1520396,0.20733543,-0.14819027,-0.35600287,0.014692883,-0.072315864
protein|TUBB6,-0.032890808,-0.24407877,-0.085313305,0.14073464,0.28966466,0.079122216,0.15466574,-0.064698115,-0.31890747,0.07971989,0.10692314,0.067043185,-0.04499885,0.19469899,-0.27118564
protein|ZDHHC5,-0.15630208,-0.4542539,-0.11216464,-0.021776771,0.29993716,0.2965719,0.3377227,-0.06913877,-0.21592356,-0.36954695,-0.18581797,0.0013801965,0.09008122,-0.037046317,-0.256077
protein|EEF1E1,0.42758554,0.31172654,-0.16930418,0.13233231,0.309958,-0.34846836,-0.014051804,-0.3363349,0.12501793,0.40898043,-0.025664013,-0.017748509,-0.122979924,-0.07867881,0.2351218
protein|RBM42,0.049448803,-0.2520693,-0.019977786,-0.24494253,0.24903767,-0.13938916,0.34441957,-0.43872118,0.011514706,-0.13312547,0.13530253,0.19867015,0.052241854,-0.020704335,0.0037954852
protein|ACSF3,0.32276064,-0.064697556,-0.30983165,0.50025105,0.27403143,-0.26827344,0.33993706,-0.013559907,-0.14240763,0.010351271,0.0029552246,-0.15223542,-0.08077188,-0.059283808,0.09834351
protein|PXDN,-0.019856848,0.20632829,-0.1083992,-0.100452766,0.124697484,0.17307505,0.24751148,-0.15288743,-0.59335506,-0.19109157,-0.017893966,-0.036810935,0.084712334,0.34153333,-0.05847805
protein|ARPC2,0.15478723,0.17312476,-0.013887765,0.119744346,-0.16342662,-0.35582712,-0.35526022,-0.40170088,-0.08486409,0.25436845,0.21189891,-0.6174275,-0.17149451,-0.5732748,0.2687477
protein|SAMSN1,-0.11652575,-0.04699144,0.07073951,0.13416533,0.14863431,-0.17785576,0.06871823,-0.22787675,-0.24779105,0.038005546,-0.010712169,0.09223244,0.04030961,-0.1162327,-0.12974225
protein|ERC1,-0.03925054,-0.04830274,-0.22646144,0.1300498,0.24812411,-0.39935476,-0.091497265,0.08951973,-0.49822178,0.07743947,0.06534886,0.12083941,-0.06518265,0.23850596,-0.018988235
protein|CASP3,0.112512074,-0.23682138,-0.3052308,0.07559406,0.109912135,0.06648656,0.37665337,-0.4363214,0.040485445,-0.0052190083,-0.0008264059,-0.028016122,-0.17009775,-0.20383343,-0.29436493
protein|WDR11,0.020232229,-0.21625283,0.1371315,0.2176449,0.5262762,-0.10561677,0.32353336,-0.11399776,0.12094265,-0.1229068,-0.29396173,-0.2214063,-0.08982084,-0.043753847,0.181529
protein|DPYSL3,-0.0022978408,-0.114210784,-0.39542663,-0.15035065,-0.4860124,0.5515045,-0.13270321,0.20794475,-0.36664557,-0.21630667,-0.123002626,-0.57240754,0.12214228,-0.16034845,-0.17045838
protein|NCEH1,-0.112914264,-0.3406467,-0.42737845,0.44648406,-0.15966378,-0.081367105,-0.41230902,-0.22438784,-0.40466934,-0.24402015,0.12567058,-0.29423988,-0.3221406,-0.24286348,0.2424775
protein|SCAF4,0.3949788,-0.19167116,-0.13647787,-0.1299946,0.358722,0.28699464,0.16320634,0.11941766,0.29525504,-0.203364,-0.07471777,0.25965047,0.19881272,-0.27858773,-0.19283694
protein|GMFG,0.023322204,-0.03310992,0.4956888,0.04702544,-0.3811841,-0.42549866,-0.1704829,-0.46311533,0.22842325,-0.06498578,0.0844243,-0.21739992,-0.31350896,-0.30339122,0.24811697
protein|RSF1,0.0033758916,-0.074870236,-0.039012995,0.13719328,0.0132837575,-0.04757464,0.14645621,-0.11490936,-0.3191689,0.053910375,0.04098556,0.098956704,0.10481286,0.21620923,-0.20877524
protein|TNFAIP2,-0.6103944,-0.40591782,-0.10588017,0.3579084,-0.18319982,-0.27154514,-0.28778756,-0.4073573,-0.40376753,-0.17374685,0.36352327,0.17664473,-0.37731516,-0.12883621,-0.07986957
protein|SAP30,0.050897337,-0.45644695,-0.38052028,-0.4551808,0.3297168,0.31377876,0.34279087,-0.5062791,0.18514247,-0.007269735,-0.006761834,0.23562145,0.054376382,-0.2690505,-0.23652267
protein|PTPRJ,-0.16980895,-0.20646226,0.29115623,0.10902082,0.44236913,-0.12989365,0.17477258,-0.23761342,-0.22927737,-0.43678528,0.28927666,0.46018812,-0.049272984,0.3676026,-0.09666109
protein|CAPRIN1,0.1528998,-0.020835608,-0.09548444,-0.4559523,0.15413055,0.28899896,0.106231086,-0.113996446,0.4288483,-0.2731317,-0.25357303,0.5430673,-0.019086186,0.2517622,-0.1647721
protein|SYNJ2BP,0.021204954,-0.16969049,0.024478188,0.17725818,0.6428256,0.021153674,0.3684349,-0.037866045,-0.3023038,-0.28119156,-0.2177193,-0.014876509,-0.3097149,0.14524391,-0.30184755
protein|RAB27A,-0.27495986,-0.28064576,0.26323402,0.45346332,0.0018527827,-0.51087683,-0.024430582,-0.36977217,-0.49601108,-0.0101842,0.26540673,-0.08279665,-0.19069688,-0.23567869,-0.006997358
protein|PPP3R1,0.1848389,-0.030436857,0.39089054,-0.3273033,0.2290125,-0.22861235,0.14998432,-0.28703097,0.15153448,-0.043085415,-0.23779508,-0.4351651,-0.012220354,-0.036640614,-0.054935865
protein|RBM6,-0.0057147564,-0.38087454,0.2561858,-0.08975435,0.68885696,0.3061847,0.37919462,-0.009418318,0.007859514,-0.3111093,-0.15698831,0.14953986,0.17336984,-0.021902205,-0.40601557
protein|SARS2,0.120601825,-0.24182068,-0.13511246,0.13511844,0.04821203,0.0482199,0.4476465,0.18410453,-0.12766485,-0.17232144,-0.019540908,-0.024971832,0.06833967,0.36100352,-0.06756735
protein|NT5DC1,0.30898166,0.02077444,-0.18828997,-0.20809159,-0.20938972,0.13686343,-0.029503064,-0.33036485,0.22116026,0.01911503,-0.052395582,0.076038726,-0.13342945,-0.13586181,0.25873506
protein|ARSB,-0.009005965,0.32254314,0.27875885,0.112330005,0.15772265,-0.15219465,0.26960492,-0.0037136232,-0.29412687,0.21487373,0.07624486,0.059489414,-0.00894557,0.3189985,-0.22208087
protein|CNOT2,0.1203242,-0.28094572,0.014369771,0.015132648,0.32668585,0.14980166,0.29889306,-0.23755874,0.034322586,-0.19069467,-0.25418076,0.1677466,-0.10342213,0.06571195,-0.19195448
protein|GMDS,0.18320847,0.032001175,-0.1525246,0.17092693,0.0018339247,-0.17254385,0.04952277,-0.17476809,-0.0024469711,-0.009995294,-0.28847176,-0.2133878,-0.2558805,-0.13393776,0.28170988
protein|PRDX5,0.23594953,0.37576246,0.5011829,0.21172269,0.3321908,-0.339584,-0.25467798,0.25722727,0.05815371,0.16726483,-0.40848315,-0.35696912,-0.24059702,-0.34864515,0.05155545
protein|RPL27A,0.23973995,0.09420652,0.14883332,-0.4894594,0.24393898,0.07912211,-0.009374122,-0.14101054,0.64599884,-0.2605915,-0.33981606,0.19450118,-0.24845348,-0.056966208,0.0050961105
protein|SKP1,0.22528845,0.17675555,0.08129023,-0.2651802,0.0056718783,0.05448083,-0.11596331,-0.28189877,0.14951481,0.10064065,-0.09322033,-0.31316087,-0.071947396,-0.3040271,-0.008275489
protein|LEO1,0.17835931,-0.17405768,0.2745868,-0.43091223,0.29437855,0.09579553,0.1736387,-0.2771826,0.43673137,-0.2317765,-0.25804767,0.2804949,-0.09229111,0.040657207,-0.18976483
protein|TBC1D22A,0.23672535,-0.063038535,0.085337564,0.3145209,0.31148887,-0.19549057,0.33164605,-0.25078654,-0.21307297,-0.04067737,0.1378257,-0.08106822,-0.019152869,-0.15278141,-0.1925292
protein|CELF2,0.09877123,-0.62023276,0.07179103,-0.3619712,-0.102155924,0.022963142,0.1736407,-0.6758019,0.423873,-0.34630933,0.022594003,0.1689728,-0.05768278,-0.22964062,-0.055133212
protein|NEK7,0.15695387,-0.11396963,-0.054519143,0.15920825,0.078172565,-0.3784007,-0.11292197,-0.22378659,0.028718911,0.026448958,0.11696531,-0.49279785,-0.22752558,-0.35097137,0.23376416
protein|MGST2,-0.16318156,-0.12943725,-0.35923633,0.6997002,-0.30269158,0.06439416,0.02760883,0.12904046,-0.32282963,-0.04635037,-0.08918712,-0.2647365,-0.34448493,0.00625998,-0.017880762
protein|FERMT3,-0.08061284,0.10015756,-0.14681172,0.21187343,-0.20458227,-0.46804833,-0.42035782,-0.4382739,-0.07694577,0.2751202,0.2855419,-0.29909328,-0.2497929,-0.59589934,0.12041796
protein|PAIP2,0.22353303,-0.32629892,-0.27599198,-0.2720073,0.29458326,0.2764698,-0.19468875,0.014997734,0.24489678,-0.07893986,-0.38819575,0.34265006,0.17854439,-0.074399225,-0.044269387
protein|MOSPD2,-0.13367432,-0.4027898,-0.34556925,0.2992685,0.052390363,0.30995005,0.13515885,-0.1017948,-0.2934259,-0.20474297,0.12370198,-0.045693804,-0.09731619,0.029332785,-0.31434926
protein|GNA13,-0.029970653,-0.11256767,-0.25879297,0.16066045,0.11384071,-0.31121755,-0.15032443,-0.23066321,-0.15842703,0.16013588,0.27006978,-0.3757229,-0.21397491,-0.3618783,0.27425182
protein|NOP14,0.1217907,-0.15787087,-0.504316,-0.17906687,0.3079685,0.06661235,0.4628352,-0.3100109,0.24272421,-0.15200123,-0.078826874,0.2519439,-0.017837364,0.38202533,0.06326862
protein|CBR3,-0.2965106,-0.14115757,0.45141602,0.38907918,-0.061761793,-0.031039413,-0.059251253,-0.13361184,-0.10259122,-0.21671896,-0.2059232,-0.21060106,-0.49992344,0.29747084,-0.16231243
protein|DPP7,-0.14923625,-0.09173917,0.26794308,0.071028575,0.035968192,-0.12343658,0.46030104,-0.12937394,-0.16113974,-0.025094865,-0.02026729,-0.37611145,-0.075803965,-0.027161088,0.033229783
protein|NMRAL1,0.15405644,0.30675372,0.16273575,0.008401094,0.027957719,-0.36701125,0.0028245647,-0.28799477,-0.20183526,0.050725497,-0.072582446,-0.10851867,-0.17287035,-0.13298546,0.11568533
protein|RRP1B,0.24239965,0.024480183,-0.68785053,-0.046235222,0.08448421,0.09163528,0.49733132,-0.38174152,0.05924491,-0.05737621,-0.044639375,0.26852328,0.004997758,0.32903293,0.029792745
protein|K7EL81,-0.12589283,-0.4642625,-0.10028378,0.20160186,0.10988876,0.5033778,0.34914485,0.16337411,-0.13689885,-0.3154812,0.026197415,-0.010223585,0.07224489,0.050246727,-0.36300868
protein|CIAO1,0.2025805,-0.48502216,0.035266243,-0.15235266,0.3960831,0.2467237,0.25682706,-0.27854943,0.17990026,-0.30476907,0.09244153,0.015203769,0.07033653,-0.028392052,-0.20020781
protein|PGK2,0.09628182,0.0076746615,0.033888433,0.056759175,0.25553718,-0.19409895,-0.5016347,-0.14089325,-0.10861718,0.03305736,-0.05977812,-0.009968567,0.028897557,-0.240388,0.045337345
protein|AGAP2,0.05436441,0.16116823,0.4266326,0.06667609,-0.14503227,-0.40099955,-0.116937906,-0.14288263,-0.2566262,0.117177,0.5205191,0.21036534,0.28887132,-0.09132222,0.047441456
protein|PDXP,0.0203022,-0.09139593,0.0039673704,0.055736206,0.2336273,-0.11330187,0.35223794,-0.13880703,-0.20483641,-0.11612403,-0.10439517,0.23164818,0.11247799,-0.08647399,-0.1451111
protein|SERPINB8,-0.0015613731,0.009829345,0.19543858,0.17481707,0.06205704,-0.5032687,0.029407658,-0.31786856,-0.194554,-0.065507665,-0.038825776,-0.018254519,-0.34796137,-0.22112088,0.11641029
protein|SLAMF6,0.2592563,-0.42231515,-0.12195644,0.14822188,-0.0036185866,0.18143924,0.31213713,-0.10101593,0.016714552,-0.20867127,0.003954793,-0.04326866,0.16400716,-0.14531696,-0.15487969
protein|TRAFD1,-0.17725213,-0.46596956,0.024667354,0.03639138,0.14322093,0.24551895,0.15763862,-0.22161837,0.08841558,-0.36211085,-0.07834668,0.10170565,-0.13999541,-0.10772011,-0.2603849
protein|PPA1,0.09544868,0.118484914,0.19539869,0.040789463,0.20566915,-0.12592384,-0.59914154,-0.39129755,0.1628446,-0.17580704,-0.13608962,0.08355606,-0.54768723,-0.034100473,0.037862234
protein|DR1,0.13064565,-0.42939937,0.3990962,-0.00033180066,0.24398972,0.14794129,0.29184127,-0.23132627,0.11734785,-0.33364287,-0.22962035,-0.1280949,-0.08556949,-0.13307853,-0.36007044
protein|PAK1,-0.00617663,-0.17773408,0.03545488,0.13907841,0.05152654,-0.035561673,0.32397658,-0.118551366,-0.35573173,-0.05762376,-0.18711661,-0.002533103,-0.10156693,0.1720789,-0.40468466
protein|WDR13,-0.25756928,-0.38307956,-0.095902696,0.11748061,0.023780959,0.22864719,0.18927133,0.28182817,-0.35418808,-0.11771215,-0.27529138,-0.009595335,0.10177041,0.39480057,-0.29011348
protein|EXOSC9,0.07724846,-0.35895973,-0.27754393,-0.2053614,0.14550993,0.21513933,0.21413752,-0.15008925,0.38894594,-0.21251935,-0.39774874,0.23427965,-0.07750866,0.008025928,0.21402842
protein|DEK,0.23116471,-0.35647362,0.15940492,-0.47316894,0.5199233,0.038969312,0.1504187,-0.22721936,0.18038198,-0.18995094,0.0010393182,0.05362577,0.23834169,-0.33368808,-0.11311191
protein|TBC1D13,0.0089417035,0.18052958,0.27411142,0.09039915,0.025288967,-0.15656193,-0.19400609,0.04400278,-0.24493821,0.09782123,0.020818524,0.12871738,0.04938832,-0.10869615,-0.17561406
protein|SRRM1,0.18676417,-0.16262469,0.086969465,-0.27830476,0.35803235,0.26490235,0.24639215,0.28086117,0.5483716,-0.28314945,-0.27172178,0.32883984,0.11590408,0.03220054,0.018895878
protein|GGACT,0.11190848,0.061704334,0.49125078,0.14437585,0.2311784,-0.14335449,0.031708907,-0.21285565,-0.34588462,0.18415709,0.20152171,-0.06354767,0.18938233,-0.09488841,-0.26145807
protein|PGM2L1,0.07723957,0.014026279,0.1451814,0.0762575,-0.14589298,-0.18978992,0.044186197,-0.39256576,-0.42009228,-0.06312428,0.12847535,-0.31139198,-0.04587364,-0.00039306842,0.26576293
protein|CSTB,-0.3230516,-0.26890823,-0.029592201,0.05304844,-0.04366131,0.030406885,-0.27530503,0.013998511,-0.078410886,0.044492554,-0.1783796,0.010091309,-0.10226308,-0.39713812,-0.335168
protein|ELMSAN1,0.15467314,-0.301247,0.08498876,0.073586285,0.47824362,0.022112748,0.1326582,-0.2284201,-0.11501471,-0.26250127,0.112794474,0.2121231,0.18381616,-0.18587351,-0.20874372
protein|ATP5A1,0.43818766,0.1186886,-0.52549314,0.63831604,0.2497291,-0.27257726,0.070791125,0.27912867,0.12694871,0.07245375,-0.4757613,-0.19686158,-0.48285466,0.09786902,0.38373792
protein|ZC3H18,0.120229244,-0.44079354,0.12237008,-0.30025414,0.40456197,0.43795237,0.29604977,0.018360257,0.29818523,-0.36615765,-0.33902317,0.21899821,0.12516011,-0.051024523,-0.32507297
protein|DDX58,0.00019947815,-0.06625364,0.16079055,0.3659582,-0.09621444,-0.49428812,-0.19614951,-0.33807725,-0.3673468,-0.14981352,0.16952221,-0.41655287,-0.26612642,-0.09072077,0.13398731
protein|TNFAIP8,0.21018484,-0.16307048,0.2984759,-0.16424702,-0.0025094904,-0.13821363,-0.23284215,-0.36073607,0.23323478,-0.38118643,-0.2888781,0.062478326,-0.26134175,-0.26039043,0.055514764
protein|LSM7,0.39047652,-0.10921784,0.27551356,-0.23346025,0.38958314,0.04326225,-0.05278138,-0.28694233,0.33054718,-0.11213975,-0.3683675,0.13549465,-0.1459735,-0.407392,-0.103352
protein|NOL6,0.24211879,0.27197644,-0.655614,0.021907773,0.09888887,-0.19998594,0.38468307,-0.4862987,0.06530758,0.08682861,-0.12338875,0.15142791,-0.16103686,0.23207654,0.14165731
protein|TOMM22,0.35618058,0.29104197,-0.25564227,0.3313832,0.45196524,-0.20471695,0.077364534,-0.03793141,-0.1348698,0.062450588,-0.06403974,0.028041318,-0.15953319,0.33822483,0.16544679
protein|CYB561D2,-0.2191726,-0.42123938,-0.29521754,0.0035342907,0.08530208,0.35310593,0.32295844,-0.2205897,-0.44055593,-0.19493324,0.1066395,0.031535737,0.1606933,0.2233345,-0.20059392
protein|TAF5,0.044689994,-0.06485967,0.34495646,0.01082829,0.35275695,-0.11738141,0.29706085,-0.26132363,-0.3094202,-0.053118467,0.14738747,-0.10328039,0.0005991176,0.12635052,-0.24995498
protein|LSP1,0.0038622469,-0.3285012,0.22332792,0.0691186,0.03571766,-0.13154384,0.0029042345,0.12447592,0.21120739,-0.045976687,-0.019597236,-0.0952706,0.14636284,-0.5593148,-0.17446667
protein|GPR108,-0.06304055,-0.29966146,0.005346716,0.19284199,-0.2734075,-0.15667275,-0.542613,-0.10592724,0.047617394,-0.040609792,0.30275795,-0.14450732,-0.18775226,-0.31528637,0.14580087
protein|SRSF10,0.2118506,-0.389135,0.08849023,-0.24777924,0.5896279,0.09574726,0.60073465,-0.36015272,0.22321849,-0.21365932,-0.15163632,0.16122733,0.049958833,0.0038050532,-0.32264736
protein|PMPCA,0.36727202,0.1854149,-0.7040442,0.29629573,0.11565566,-0.22006905,0.21861587,0.03585359,0.19753818,0.060323775,-0.20453541,0.06736263,-0.25639433,0.19763896,0.114160195
protein|CAV1,-0.16785347,-0.09551468,-0.16251543,-0.15022437,-0.47513953,0.25686973,0.22469117,0.21522385,-0.03998592,-0.03120032,-0.21134265,-0.31414694,0.12716228,0.4161862,0.11790563
protein|UBE2I,0.287927,-0.19235648,0.11529082,-0.30708036,0.12785575,0.038417447,0.36916038,-0.23991787,0.30413955,-0.09909315,-0.19312246,-0.02701626,-0.066364415,-0.07979404,-0.17359798
protein|EMC3,-0.09765453,0.17871992,-0.0762161,0.1482565,0.09846088,-0.13679516,0.059000976,-0.101059526,-0.4420682,-0.15972942,0.044618394,0.04074154,0.09088553,0.14996551,-0.003108816
protein|STXBP3,-0.17222428,-0.48207197,-0.25113195,0.22294848,-0.042474024,-0.08850773,0.119605534,-0.22310893,-0.37799275,-0.11996896,0.2561882,-0.21104692,0.1825046,0.06260462,0.03231608
protein|MRPL14,0.1714843,-0.008688922,0.15594746,-0.061264515,0.38629892,0.03928246,0.3568885,0.04042711,0.052534394,-0.09995736,-0.20095083,0.40875039,-0.013507547,0.121746756,-0.30863386
protein|SH2D1A,-0.25001562,-0.5440491,0.112280376,0.48061672,-0.24109839,-0.11662173,0.12639591,-0.24928911,0.03937189,-0.26777202,0.10857941,-0.18140583,-0.18045853,-0.22500557,0.041432105
protein|THEMIS2,-0.18570977,-0.27118874,0.05444089,0.2358749,-0.08815773,-0.32313773,-0.15749526,-0.62339413,-0.17641374,-0.24035762,0.059391726,0.014467447,-0.46587497,-0.073240176,0.11335899
protein|ETFDH,-0.13205029,-0.021037085,-0.30491805,0.66011405,0.19208616,-0.045038693,0.34291747,0.2898018,-0.29425383,-0.2586354,-0.53098506,-0.1366125,-0.32956252,0.2249392,0.056189653
protein|TCEB3,0.05507536,-0.10462009,-0.3354236,-0.0020893426,0.12524731,0.25485578,0.0010705787,-0.0625199,-0.14059885,-0.25210634,-0.046442486,0.08983314,-0.11474604,0.21039467,-0.020267371
protein|DYNLT1,-0.18012023,-0.20133935,-0.2384148,0.12862653,-0.060189836,0.08111835,-0.20116511,-0.17360488,-0.15617712,-0.24417725,-0.029257754,0.052888036,-0.24465844,0.32301894,-0.0841011
protein|PGRMC1,0.1305265,0.26824564,0.18317372,0.23926932,0.32749712,0.23113188,0.16628431,0.29157624,-0.13120382,-0.37867555,-0.6419522,-0.07866684,-0.38400412,0.2565641,-0.17094512
protein|ITGA4,-0.008384204,-0.28830937,0.057981927,0.23318619,-0.13837051,0.12014326,0.24794583,-0.2155346,0.08633192,-0.37045103,0.28499624,-0.22506204,-0.07294303,0.31200615,0.07302834
protein|TM7SF2,0.17846835,0.23991747,-0.116594434,0.23734003,0.25789043,-0.2700061,0.18906845,0.058238465,-0.36205795,0.23664801,0.05559327,0.16384962,0.13834603,0.1943011,-0.014991541
protein|SLC39A11,-0.29524556,-0.15623301,-0.25041318,0.031421002,-0.3205745,-0.34930637,-0.052517742,-0.39800647,-0.016452016,0.22634016,0.20587409,-0.08758842,-0.17815085,0.027832843,0.2904874
protein|SH3PXD2B,-0.4535115,-0.3862639,-0.16478628,0.12650801,-0.014515461,-0.004123992,-0.07477531,-0.35900986,-0.48453936,-0.19391327,0.17456599,0.27717605,-0.3324116,0.037771236,-0.29893157
protein|CD63,-0.30041826,0.082656644,0.14588097,-0.030887602,-0.25906456,-0.03826722,-0.034537543,-0.24381945,-0.27373165,-0.050439566,0.21523258,-0.0004827684,-0.18484165,0.23043388,-0.07746708
protein|MAD1L1,-0.03475683,-0.46933216,-0.47764245,0.19743022,0.019023968,-0.015351824,0.35119012,-0.36212125,-0.29468754,-0.002772802,0.21755904,-0.12255858,0.18476751,-0.0069626975,-0.099288404
protein|SERBP1,0.21686456,-0.22319,0.09163075,-0.47038648,0.36672395,0.41173673,0.29340798,-0.20141168,0.57133144,-0.3372526,-0.4406013,0.41431323,0.009530682,-0.0015480038,-0.1450899
protein|UCKL1,0.28992635,0.09284666,-0.40476918,0.10716211,0.2584582,-0.31187013,0.08818799,-0.74739826,-0.14842097,0.2379531,-0.019336274,-0.099597916,-0.35176504,-0.07017614,0.12926309
protein|ACACA,0.051789105,0.03584999,-0.61408466,0.28099152,0.22638604,-0.23026589,0.27546227,-0.28385526,-0.24428949,0.13514183,0.12813562,0.10586439,-0.07773177,0.31749862,0.07451724
protein|DAGLB,0.12359189,0.21371143,-0.29029456,-0.026553836,-0.19276915,-0.2585284,-0.014885738,-0.018066518,-0.052593697,0.10292372,0.19050932,-0.08579307,-0.06448859,0.04045391,0.16763975
protein|BIN2,-0.2713347,-0.6194078,0.42896742,0.09861435,-0.16561548,0.008690016,-0.09192526,-0.31554514,-0.0012468888,-0.3701453,0.1955783,-0.109913394,-0.14459845,-0.21468604,-0.050875496
protein|CFI,-0.1061452,0.37169525,0.016552519,0.016088689,0.05550311,-0.0080312295,-0.007422625,0.14842518,-0.6869104,0.024791086,0.36519027,0.06529432,-0.05044858,0.38724262,-0.14643113
protein|FARP1,-0.038028724,-0.16610244,-0.09122638,0.20995036,0.14968367,0.16764179,0.17625013,0.0022044952,-0.41354686,-0.1901484,0.1345257,-0.1359988,-0.008382296,0.33623528,-0.25610378
protein|PRMT1,0.3495916,0.30358166,-0.45731336,-0.22350158,0.053512998,-0.36781585,0.056591824,-0.77774584,0.057440232,0.32755157,0.0861803,-0.10489074,-0.17232372,-0.109912924,0.38601145
protein|HIBCH,0.4382926,0.1940137,-0.2099931,0.5422303,0.3414277,-0.12778214,0.024426293,0.66773254,-0.039574325,-0.11892376,-0.41660276,0.08926326,-0.19850804,0.06890889,0.117089294
protein|SMARCE1,0.15029167,-0.2483275,0.19072428,-0.11353835,0.34991816,-0.035521414,0.3392079,-0.35481805,0.065052405,0.030290596,0.16857931,0.12461567,0.18648869,0.017914692,-0.19453834
protein|VPS53,-0.11061156,-0.031959496,-0.19583482,-0.08117483,-0.07945999,-0.08220008,0.27805877,-0.15546784,0.041088525,0.21560018,-0.008844971,-0.104543164,-0.045265004,0.08713042,-0.016371703
protein|CUX1,0.15509415,-0.2543578,-0.3946007,0.051277705,0.2350222,-0.05949899,0.21761161,0.00023073565,-0.13232584,0.24707104,0.18666558,-0.07161432,0.08484618,0.03608066,-0.067949936
protein|GABPB1,0.1809065,-0.14045045,0.008762945,-0.12503351,0.27646196,-0.10157704,0.04427656,-0.58174676,0.03362119,-0.22414853,-0.33500445,-0.39621693,-0.30800703,-0.38794672,0.07885545
protein|LBR,0.3241232,-0.3349635,-0.110753976,-0.0030780362,0.120737396,-0.08996909,-0.06646851,-0.18998492,0.23080565,0.20976521,0.26531962,-0.253267,0.14959802,-0.34192005,0.23002668
protein|CAB39,0.12694243,0.21494797,-0.004582326,-0.06784443,-0.03617992,-0.3559205,-0.186187,-0.27301562,0.2037314,0.21113709,-0.011262339,-0.44633272,-0.12190582,-0.23892388,0.23847784
protein|CAMK1D,0.029974999,0.05185923,0.23596461,0.03505445,0.18189569,-0.13882197,0.20299698,-0.36044854,-0.03594824,-0.06006517,-0.23487222,-0.12844148,-0.09538925,-0.110555574,0.07381766
protein|SLC4A7,-0.13278703,-0.057648942,-0.009386401,-0.10956417,0.2193567,-0.027029026,0.15257713,-0.15881751,-0.30541468,-0.21929117,0.041942876,0.1985452,0.0368705,0.26720265,-0.14214861
protein|ITGB2,-0.458282,-0.3373354,-0.032906704,0.10800189,0.012304432,0.036851216,-0.4375979,-0.24616528,-0.5658106,-0.35130194,0.33958152,-0.01636493,-0.2767094,-0.29896075,-0.22688097
protein|RBM34,0.11375779,0.035135187,-0.3272481,-0.15216702,0.21745695,-0.090909705,0.3155864,-0.36301738,-0.23831043,0.040551838,-0.113234,0.25120535,0.13295883,0.22501414,0.10073852
protein|IMMT,0.39897922,-0.03260847,-0.78581095,0.5846497,0.0033608715,-0.24058199,-0.007622826,0.27763218,-0.01949588,0.08514706,-0.23368087,-0.25408277,-0.19090162,0.035749305,0.3531992
