,F1,F2,F3,F4,F5,F6,F7,F8,F9,F10,F11,F12,F13,F14,F15
rna|HLA-A29.1,-0.023592392,-0.00405269,0.49700597,-0.13460308,0.22004054,0.073843084,0.13443175,-0.14431445,-0.0873752,0.26219085,0.21798801,0.014996349,-0.008883272,0.018389998,-0.03593136
rna|HLA-DRB5,-0.14768963,-0.036763232,-0.11331656,-0.54836416,0.18134044,-0.16345896,-0.13020149,-0.20756294,-0.3286929,0.27874663,0.2874349,-0.2005892,0.03302376,0.05569002,-0.20135215
rna|USP9Y,0.36638513,-0.2174324,-0.01513824,-0.41928935,0.32331175,-0.52463466,-0.3961758,0.26831928,-0.13626271,0.21614754,0.5522178,-0.27463704,0.2435624,-0.0340644,-0.31768504
rna|HLA-DRB4,-0.3333244,-0.1485422,0.013016273,-0.32292324,0.24554959,-0.25491393,0.06154422,0.13252172,-0.24898194,0.07985218,0.3529041,-0.119655065,0.075081296,0.26217654,0.22491644
rna|REXO1L2P,0.82095414,0.3684912,0.39425233,0.19785218,-0.26548833,0.8325604,-0.44578367,1.1970137,0.5570862,-0.22974049,-0.021033103,-1.0719048,0.41499066,0.20297533,0.13492471
rna|REXO1L1P,0.8150931,0.36766756,0.4880829,0.2769985,-0.20870097,0.8330822,-0.5638497,1.1896954,0.61067915,-0.2421584,0.088779606,-1.097267,0.41795278,0.19493979,0.011106132
rna|KDM5D,0.36297014,-0.14464712,-0.065752536,-0.2967461,0.09407935,-0.34171733,-0.37347832,0.2945266,-0.22337921,0.08303484,0.6085551,-0.09827268,0.18322861,-0.08646496,-0.35987392
rna|SERPINA9,-0.36505446,-0.191625,0.753539,-0.03440386,-0.32650304,-0.3570742,-0.2850824,1.0029926,0.2113478,0.44582027,-0.5804992,0.44819802,-0.60844564,-0.19715048,-0.66756284
rna|GAGE4,0.8958036,0.42745823,0.43513837,0.17680317,-0.17353429,0.96180624,-0.411644,1.1601797,0.6378676,-0.28361604,0.0045616147,-0.8880655,0.27990076,0.27709177,0.017905887
rna|KRT14,1.6213031,1.385037,0.9403177,-0.08627158,-0.7504747,-0.49728885,-0.8135531,-0.6657342,0.92828465,1.3771385,0.5151961,0.79488325,0.2527334,-0.053013034,0.48340106
rna|DUX3,0.79640573,0.26428187,0.35899627,0.17718065,-0.37334436,0.5725661,-0.59374464,1.2092263,0.40003332,-0.40021718,0.16202731,-1.0479854,0.44070852,0.10478714,0.042637985
rna|FSTL5,-0.0064477967,-0.3419749,0.32813033,-0.1731425,0.060194615,-0.19760646,0.34307638,-0.04413998,-0.12030356,-0.070302315,0.06154943,0.07365469,0.10293986,0.0022740292,-0.2599068
rna|RAB25,0.15761408,0.7953075,0.66913974,-0.118684545,-0.07397309,-0.4366008,-0.104134716,-0.28344032,0.068851,0.67725646,-0.04049324,0.09706122,-0.12080209,-0.073930964,-0.20711596
rna|ORM1,-0.7185997,0.071623206,-0.23348457,0.28187248,-0.8544137,0.36591,0.21885034,0.2195889,-0.23695886,1.026253,0.45923567,-0.9527001,0.76602536,-0.09386753,0.5184006
rna|DUX5,0.82966125,0.33425388,0.3002742,0.27723765,-0.3166548,0.8035351,-0.4816266,1.1698742,0.46616206,-0.29029137,0.04255621,-0.8816712,0.40978217,0.1768447,0.0050938125
rna|HLA-C,0.10423962,-0.005237499,-0.48398748,-0.53349626,0.3216155,-0.5246259,-0.47560412,0.19203092,-0.6483581,0.11311581,0.7341147,-0.4475973,-0.018344939,0.3666986,-0.4092166
rna|RGS13,-0.34161204,-0.48902303,0.3734878,0.4429759,-0.47977644,0.023173647,0.19684571,0.34228632,-0.10357176,0.44567645,0.059858855,0.2035524,-0.6870105,0.1412759,-0.4416092
rna|FDCSP,-0.52019966,0.4701451,-0.70622504,0.3855102,-0.25696293,-0.12792048,0.21258155,0.3414229,1.0966343,-0.6130116,0.027772853,0.07966722,-1.0597068,0.5094356,0.67412347
rna|GAGE12J,0.8337543,0.38909772,0.4397384,0.19810466,-0.20571174,0.90311253,-0.4055034,1.0353448,0.6155306,-0.3277997,0.06127931,-0.835637,0.3038973,0.20438842,0.015350155
rna|HTR3A,-0.8108369,-0.2872888,-0.13508892,0.507408,-0.3508458,-0.26365516,-0.20035166,0.45004106,0.7191559,0.2386712,-0.5090186,0.016172595,-0.15941197,-0.061451457,-0.09741365
rna|USP17L2,0.7953923,0.48313442,0.52146745,0.15307312,-0.2910015,0.51332897,-0.44808078,0.9803428,0.4303992,-0.29694927,-0.062158752,-1.1868849,0.53430957,0.21939321,0.049073115
rna|DUX4L1,0.85713553,0.18249331,0.4560588,0.43950757,-0.3620229,0.88271403,-0.5364343,1.135639,0.54544896,-0.31907862,0.13146982,-0.54880506,0.2570617,0.18833232,0.042868398
rna|MUC16,-0.27288955,0.1767778,0.2968419,-0.3777138,0.25926396,-0.95770574,-0.29334092,0.6538102,0.34207574,0.12242918,-0.08885435,0.16517468,0.1993084,-0.075435854,0.28118566
rna|COMP,0.56315035,-0.9019994,0.28998056,-0.024240224,0.43219522,-0.6776779,0.65429795,0.54398656,0.65615726,0.44884738,-1.023431,-0.33794537,0.58228415,-0.36139533,0.1825305
rna|PRR20C,0.67965925,0.3075811,0.45330924,0.36689344,-0.40299895,0.93241245,-0.5696974,1.0527117,0.5114765,-0.40553558,0.18742096,-0.94767296,0.36242297,0.0950752,0.13098499
rna|TXLNGY,0.17842154,-0.072001345,0.12012879,-0.13984966,0.23759003,-0.22068226,-0.058636464,0.06637516,0.05589009,0.19587041,0.14218728,0.098333895,0.0994491,0.017788952,-0.073209725
rna|KRT6A,1.4319385,1.3433375,0.84945977,-0.43796042,-0.5911935,-0.94599813,-0.63398993,-0.9741511,0.97698313,1.2217666,0.76942,0.9110618,0.399265,-0.36029068,0.44647405
rna|KRT5,1.2323909,1.0069258,0.7432519,0.065939635,-0.39279708,-0.36993697,-0.5079173,-0.5601485,0.6236501,0.94565827,0.40685534,0.8631843,-0.06665995,0.23933372,0.4573218
rna|DUX4L6,0.8290213,0.20035319,0.3849864,0.4159564,-0.41035372,0.7807725,-0.4112019,1.190906,0.47114554,-0.3178435,0.27051958,-0.5402093,0.43563893,0.024286116,-0.011897179
rna|SPRR2E,1.3463899,1.5558933,1.0783796,-0.37078342,-0.5736424,-0.5391537,-0.8299705,-0.5538103,0.88373756,0.9639367,0.44489664,0.5039314,0.40917793,-0.17655511,0.37237924
rna|GAGE12C,0.95393026,0.3720497,0.35813364,0.14767413,-0.13213533,0.71005505,-0.34450305,0.930574,0.5786601,-0.32752472,0.05726976,-0.92989975,0.45828342,0.26292965,0.06803272
rna|ZYG11A,0.3118964,0.13067034,0.20800191,0.33973563,-0.10358949,0.6299986,0.050974637,-0.22436807,0.068821475,0.2824808,-0.14309093,-0.07032041,0.021795787,0.19501334,-0.12363775
rna|PRR20B,0.72231495,0.45910823,0.39259997,0.38230306,-0.43951458,0.9539949,-0.45960414,1.0018643,0.5871275,-0.26331657,0.061657026,-0.95043683,0.25527644,0.36270484,0.10237395
rna|RPS4Y1,0.27727383,-0.17582022,0.14248636,-0.3183162,0.1126266,-0.3055323,-0.12520175,-0.059368756,0.045565013,0.043949377,0.2767002,-0.33384317,0.24306123,-0.13722718,-0.05970168
rna|KRT13,1.2783508,1.1591094,0.64110863,0.17281789,-0.7988194,-0.09413235,-1.1819448,-0.3321191,0.6513374,0.697564,0.51560706,0.28905478,0.2173116,-0.0016468421,0.51486045
rna|PLA2G2A,1.1872438,-0.08315853,-0.06702255,0.18717168,-0.09534017,-0.29079857,0.6340104,0.20368664,0.47076908,0.5451118,-0.41164082,-0.0477166,0.30727422,-0.27887815,0.31777868
rna|SNORA38,0.18330875,-0.48077464,0.31970483,0.12779723,-0.6174119,-0.03259369,0.13342431,-0.20816411,0.20661837,-0.04473579,0.47275162,-0.08174376,-0.028578093,-0.38089803,0.2056748
rna|OR4F17,0.74620754,0.20023714,0.50627285,0.25975442,-0.42784008,0.8517259,-0.64486057,0.8980213,0.5143229,-0.3909994,0.11685153,-0.92102456,0.3011988,0.20388483,0.080704555
rna|KIAA1549L,0.21408421,-0.12033995,0.4908259,-0.53434706,0.38645634,-0.67538106,0.0771285,0.550619,0.25607672,0.5199289,-0.5333511,0.17441005,0.4374651,-0.26423195,-0.568919
rna|MYOCD,0.70986533,0.14870301,0.18903083,0.5722441,-0.33642215,0.6557775,0.11433679,0.04289728,0.23553036,-0.0462365,-0.15411791,-0.23336816,0.025334587,0.36636668,0.08638797
rna|EVPL,0.99733925,0.93823457,0.44552004,0.12917562,-0.10694529,-0.29398444,-0.021819167,-0.9312405,0.5315066,0.35497984,0.23947723,0.21100825,0.3980581,0.09173404,0.3158034
rna|KRT17,0.80515176,0.5578536,0.40688643,-0.39224875,-0.77844465,-1.2584349,-0.5413475,-0.62436455,0.4931508,1.2925231,0.75723815,0.8547676,0.45119864,-0.5050363,0.22967932
rna|KRT6B,1.3025359,1.2445948,0.82745916,-0.29887894,-0.7174482,-0.9791895,-0.86849195,-1.0360563,0.5569872,1.1770481,0.6577572,0.83039516,0.17227262,-0.27895495,0.41800863
rna|KRT6C,1.3140287,1.0614094,0.7633718,0.09455921,-0.9793988,-0.30059233,-1.2084006,-0.3175759,0.56204975,0.7327751,0.6555988,0.15935668,0.19632718,-0.174424,0.33549172
rna|ESPN,0.5034419,1.1254694,0.74393976,-0.14214918,0.109891504,-0.18334658,0.14593121,0.073414154,0.20904116,0.47745666,0.40891546,0.082555875,0.05686267,-0.30491966,0.39876464
rna|FCER2,-0.062366456,0.21170779,-0.6021439,0.22601414,-0.027192725,-0.21362975,-0.22507001,0.6031557,0.58821815,-0.3655757,-0.35208213,0.6791384,-0.563876,0.3147193,0.12820844
rna|HLA-DQB1,0.15723379,-0.0017367197,-0.11683233,0.21958594,-0.27255404,-0.070765935,0.16275042,0.33203906,-0.051928636,0.033080246,0.4389657,0.17039225,-0.22376639,0.43090048,0.15592961
rna|CCDC190,0.9010661,0.5043487,0.4752401,0.09630614,-0.25075856,0.43592203,-0.52739984,0.63668835,0.53988755,-0.20333514,0.098116815,-0.8550049,0.39075598,0.24091528,0.17386761
rna|ACY3,-0.15901157,0.44186974,0.8651031,-0.1801536,0.33293682,-0.15915853,0.023091165,0.083420604,-0.27035332,0.25452662,-0.45904437,0.0018149961,-0.39666197,0.16295101,-0.66176087
rna|LINC00885,0.17401981,0.84976774,0.37261108,0.16307722,0.43010852,0.07823196,0.0744713,-0.8670954,0.0940924,0.056399085,-0.10064387,-0.23155168,0.1967588,0.31213036,0.5341211
rna|NLRP4,-0.31351373,0.061034195,0.91167724,-0.30865887,0.21430968,-0.14344642,-0.17981802,0.5029602,0.1939345,-0.086168714,-0.34265596,0.2922644,0.24642028,-0.14012435,0.065012075
rna|POM121L12,0.53445596,0.38595232,0.5777449,0.4917373,-0.44026953,0.91870517,-0.3928114,0.895887,0.32758126,-0.31850484,0.14159843,-0.34623796,0.29405582,0.19616108,0.07834616
rna|CILP,-0.020324117,-1.0184804,-0.021601966,0.20479377,-0.5094763,-0.8703901,0.51733166,0.9152628,0.42492688,0.683836,-0.46003178,-0.5029928,0.28282493,-0.14412084,-0.35849303
rna|SPRR3,1.0595936,1.2712572,0.72291255,0.034036215,-0.6382827,-0.7402336,-1.0435861,-0.63065225,0.4978016,0.7943602,0.378488,0.383697,0.43997723,-0.208311,0.5312752
rna|SOX11,0.5490706,0.30573663,0.5037232,0.16036986,-0.23082586,0.7400757,-0.62354064,0.52140427,0.4880225,-0.22961739,0.13915597,-0.38688973,0.33304518,0.008433793,-0.17036256
rna|VPREB1,0.12665638,0.46132162,0.11137485,-0.069962405,0.27853462,0.025419049,0.1696869,0.14531192,0.44134638,-0.41372177,-0.21484219,-0.07668034,-0.1837815,0.08487236,-0.27648914
rna|SLC6A11,0.9919017,0.49503222,0.5614566,0.41051295,-0.3907434,0.9438147,-0.6068292,0.687556,0.5820249,0.054742098,0.18920372,-0.24716322,0.054451365,0.18691574,0.24317119
rna|MT1H,-0.16985391,-0.014017792,0.020180976,-0.11980489,-0.027383681,0.80290616,0.23106371,-0.3152463,-1.1738049,1.0288465,0.76491386,-0.5210321,0.37844366,0.17928812,0.57691985
rna|NIBAN3,0.12190774,0.43903774,0.13477494,0.22782172,-0.28433153,-0.3536979,-0.18595456,-0.41094753,-0.11208617,-0.11205454,0.03350332,0.12633316,-0.37560943,0.5010164,-0.7200058
rna|CALML3,1.4671437,1.1180358,0.73290795,0.013170022,-0.76032853,-0.13855088,-0.6726104,-0.36135256,0.64390457,0.8934171,0.53296524,0.63668424,0.020633671,0.021660239,0.51161444
rna|SGTB,-0.13959181,0.116769396,0.082336225,0.04391089,-0.0711346,0.020921862,0.053335063,-0.07879025,-0.2585743,0.19444406,-0.3142974,0.14559062,-0.13096094,0.22024506,-0.009914939
rna|SFN,0.82487625,0.9106004,0.5254053,-0.13886128,-0.36244828,-0.5670444,-0.01921066,-1.1798451,0.7007226,0.88564837,0.24665089,0.4246874,0.34988374,-0.044609133,0.5009166
rna|SBSN,1.0676886,1.0819527,0.58923066,-0.29894423,-0.49904603,-0.80466115,-0.30269808,-1.0208956,0.44071397,1.4765587,0.348462,0.9967357,-0.13169634,-0.13626757,0.37423122
rna|HRK,-0.28016824,0.53416604,0.10184462,0.11377398,0.11494242,-0.21223034,-0.2746338,0.11519635,0.4752776,-0.01504966,-0.21435618,0.21226054,-0.39976707,0.46255118,-0.49546108
rna|UMODL1,-0.18624066,0.18680224,0.29871306,0.0033676866,-0.243745,-0.18553898,-0.24832407,0.21818644,0.25966397,0.11134248,-0.13599478,0.09759217,0.30408275,-0.110806726,-0.47651002
rna|GAGE12B,0.73161167,0.27344233,0.3275867,0.18331337,-0.13936242,0.5728728,-0.40092197,1.0128827,0.44726646,-0.39323846,0.08876689,-0.8479522,0.3840745,0.18990542,0.04486465
rna|APC2,0.59227324,0.0690685,0.61288357,0.4476797,-0.4100583,0.99963963,-0.5725342,0.715158,0.47002217,-0.43759546,0.07828965,-0.32226843,0.03500133,0.1813466,0.023414353
rna|SYT17,-0.2350846,0.40877914,0.55524147,-0.1339215,0.54857945,-0.41165322,-0.21105912,0.60613316,-0.10722994,0.05197565,-0.49208966,0.19405021,0.20243615,0.039335456,-0.10651613
rna|PMEL,0.24124292,0.38513827,0.41369745,-0.086042695,-0.042732477,0.12642437,-0.06424559,-0.16359563,0.18006471,0.14115685,-0.36008394,-0.35995913,0.14155407,0.18525316,0.36477622
rna|CES1P1,-0.29640305,0.00614271,-0.09298264,0.11904515,-0.6168183,0.34359118,0.16320784,0.32056242,0.12728499,1.1626227,0.30945554,-0.38756892,0.61853963,-0.06713999,0.4752058
rna|FAP,0.022532033,-0.98651767,-0.12070321,0.2749891,0.06131164,-0.19354446,0.8729296,0.36367315,0.39321217,1.5645545,-0.7386008,0.47878122,0.4980534,-0.30896625,-0.23444335
rna|TRIM49D2,0.77712977,0.35370564,0.57318866,0.2601578,-0.2243707,0.73448074,-0.5121607,0.7772777,0.48985556,-0.16453065,-0.1119228,-0.7426581,0.29021332,0.3588067,0.14320827
rna|MAGEA9B,-0.12503348,-0.47599658,0.3519137,0.08828544,-0.09133018,-0.032875586,0.2366867,-0.43326935,-0.07926913,0.076151356,-0.06256337,-0.22618051,0.20200688,-0.15061277,0.035494685
rna|CDHR3,0.24639215,0.5548966,0.47119957,0.31924036,0.19787116,0.38575268,0.11062352,-0.19300072,0.07045725,0.030373696,-0.20869477,0.42393366,-0.10543489,0.24092315,0.105900936
rna|ZNF385C,0.29945707,0.4063217,0.16170022,0.7898579,0.052820247,0.42093655,0.31454918,-0.78159064,0.16931319,-0.041927736,-0.35192683,-0.23037267,-0.12378718,0.70118725,0.2834328
rna|DNASE1L3,-0.016665937,1.2849693,-0.7658253,-0.18335058,0.90049267,-0.29773003,0.16295838,0.10342425,-0.17080657,-0.12945613,-0.2820882,0.13591245,-1.0186642,0.783454,0.44699052
rna|HLA-DRB1,-0.34150228,-0.24273892,0.07954261,-0.38097575,0.28064075,-0.16123521,-0.14360313,-0.11105331,-0.02918621,0.30172384,0.3444749,-0.36630154,0.114901215,-0.07448892,-0.031849794
rna|KRT16,1.1462573,1.1859466,0.9552401,-0.16437507,-0.64942676,-0.39870474,-0.66608185,-0.39692575,0.73947966,1.151496,0.37947062,0.5945244,0.2712725,-0.26503697,0.40849417
rna|ETV3L,0.37436578,0.23942521,0.5195499,0.3532628,-0.55917436,0.9418492,-0.45550463,0.6892857,0.2867009,-0.21911277,-0.04752975,-0.76213765,0.045795955,0.21425042,0.14935067
rna|C1QL4,0.5663977,0.25657013,0.5358269,0.2658429,-0.39210808,0.883449,-0.5398017,0.91922724,0.6012685,-0.15854491,0.12269914,-0.53337365,0.15803917,0.21874277,-0.12547967
rna|PITX1,0.04511331,0.08465357,0.2713455,0.038061887,-0.36041272,-0.1661822,-0.08334262,-0.26716185,0.30347311,0.5255786,0.36269352,0.031939022,-0.09707563,0.31803963,-0.6415589
rna|XK,0.25159147,0.024694389,0.39417255,0.45246387,-0.09690998,0.4719151,0.5529683,-0.7045835,-0.03835248,0.075774305,0.023087021,-0.11311806,-0.045085788,0.28142008,-0.008712188
rna|POU4F1,-0.120061025,0.43442658,0.24401641,-0.09474794,0.04884851,-0.015565298,-0.22635232,0.24076648,0.29210654,0.13338576,-0.20159972,-0.07929306,0.25529784,0.023252556,-0.038807586
rna|CHIT1,-0.48341608,0.2990604,0.1431468,0.22011963,-0.40224004,0.7711107,-0.013702986,0.6314273,0.24686673,0.50929654,0.41286182,-0.27357867,0.005248316,0.36081684,0.15458304
rna|NLRP7,0.23936658,-0.20207822,-0.005937795,0.32354012,0.16386881,0.28584716,0.51289266,-0.6009752,0.29739764,-0.120222904,-0.14278147,-0.21014382,0.050605208,0.33856675,-0.08125148
rna|TAS1R3,0.35237148,-0.010700223,0.17827725,0.35561848,0.045471538,0.51938564,0.4018462,-0.58677804,0.14820975,-0.29689533,-0.3265654,-0.112219155,0.17578274,0.023088297,0.1323559
rna|USP17L9P,0.7192673,0.260894,0.54427433,0.13616158,-0.3388125,0.63732874,-0.5992566,0.68019545,0.44199458,-0.46289554,0.12452782,-0.8992468,0.31759796,0.12988366,0.10123341
rna|OR13A1,0.09562465,0.2411503,0.62537605,-0.2712942,0.4408343,-0.1039141,-0.16704394,0.24348827,0.27124107,-0.30825892,-0.6014902,0.21000963,-0.18138719,-0.0693993,-0.39896187
rna|CCDC85A,0.11405986,-0.11596622,0.35988277,-0.27359346,0.0010436164,-0.18879628,0.08499576,0.27263033,0.190582,-0.09569738,-0.3715012,0.074447766,-0.19250059,-0.1030186,-0.57713693
rna|BIK,-0.03399959,0.059920657,0.7425099,0.40942803,-0.3900155,0.55601037,0.10578279,-0.15173438,-0.16312774,0.33830205,0.11786943,0.6407108,-0.9368605,0.3572583,-0.510909
rna|PRAME,0.036423802,-0.1648463,0.18471123,0.24644898,-0.1155491,0.37465766,0.07283601,-0.75647044,0.4030807,-0.0642296,0.18638813,-0.16468644,0.34499156,0.045589525,0.010662829
rna|ELOA2,0.64378625,0.3978947,0.4403758,0.184983,-0.35198003,0.6045465,-0.63764,0.84490216,0.37785488,-0.3343027,0.1394526,-0.85643804,0.29245102,0.28707612,-0.09610798
rna|MYBL1,-0.47105595,0.056631833,0.315746,-0.39627534,0.08091788,-0.7429048,-0.2980125,0.5761087,-0.29764354,0.388325,-0.4768404,-0.14853072,-0.71049297,0.35751808,-0.9653374
rna|OR11H12,0.5751344,0.474844,0.5091021,0.025176026,-0.1731887,0.5535663,-0.46325973,0.7926725,0.5517687,-0.33573726,0.03707461,-0.91437453,0.43293387,0.1410027,0.1114032
rna|SPRR1A,1.0688107,1.2245225,0.7650139,-0.33148685,-0.64330965,-0.68643826,-0.67772776,-1.0271083,0.5283019,1.0892847,0.550758,0.97701806,0.19846724,-0.3953696,0.49882686
rna|AFF2,-0.24050069,-0.09172646,0.34650278,-0.03970375,-0.3506552,-0.4700711,-0.16697468,0.42910084,0.076042116,0.1345185,-0.49121803,-0.16770893,-0.5546809,0.101860166,-1.0775474
rna|CCL22,-0.019969426,0.0114899,-0.52522755,0.23424904,-0.41242158,-0.030403659,-0.2770283,-0.14342608,0.23898609,-0.11130165,0.2899004,-0.1134824,0.14182411,0.23306742,0.498704
rna|CCN5,0.8224184,-0.69722086,0.25949624,-0.21938364,0.33113125,-0.15514725,0.62336063,0.438553,0.516775,0.41220528,-0.7701466,0.0507056,0.49186814,-0.43456835,0.16726115
rna|DAPL1,0.058668353,0.60446745,0.39483353,-0.34247828,-0.4579233,-0.608632,0.1099673,0.08759688,0.6789387,0.5833104,-0.43228388,0.0025177235,-0.121890165,0.15341553,-0.020710042
rna|SLPI,0.9673145,0.9338745,-0.19653974,-0.025848685,-0.5866817,-0.66371197,-0.12301928,-0.4581355,0.03157228,0.6893534,0.18569537,0.678976,0.25507692,-0.5930035,0.8511038
rna|PGA5,0.7565583,0.4901609,0.34047863,0.05496693,-0.2542714,0.5679483,-0.2683138,0.4987946,0.3617191,-0.2842342,0.0724752,-0.7813807,0.28672597,0.067528546,0.3264058
rna|FABP6,0.13651626,0.26702592,0.34164956,0.23711829,0.18058716,0.17302774,-0.054991636,-0.042067908,0.40534493,-0.20813014,-0.32536063,-0.3860318,0.635102,0.25644386,0.011448946
rna|HPDL,0.52633554,0.24121931,-0.14723507,0.6470424,-0.17243993,0.6577874,0.19057885,-0.679906,-0.060250122,0.024045177,0.011520262,-0.33893716,-0.09385255,0.6574095,-0.36382917
rna|GAGE2B,0.707722,0.019416254,0.20572276,0.004264814,-0.2274476,0.37139335,-0.4682731,0.91021246,0.36141193,-0.55661243,0.35316473,-0.8653723,0.48606575,0.06447814,-0.10700376
rna|EEF1A2,-0.0038138947,0.14375976,0.65595937,-0.34242618,0.12749441,-0.4810163,-0.23103793,0.19543266,0.21061558,0.45105147,0.46897292,0.40669394,0.31398857,-0.037104253,-0.18239808
rna|PSORS1C2,0.58641726,0.19874789,0.44953033,0.3032781,-0.6228352,0.54904866,-0.33035794,-0.12073581,0.4597472,-0.16707928,0.18189472,-0.22531442,0.22421333,0.046741422,0.13420306
rna|LAMP5,0.21027696,0.50949454,-0.46157998,-0.4725833,0.76301086,-0.13483061,0.2607275,0.22462349,0.10842721,0.16857637,-0.596041,-0.057421844,-0.06516364,0.41890103,0.31220207
rna|SRMS,0.27414438,0.26935777,0.8060898,0.31256142,-0.13899273,0.2263715,-0.18477392,-0.26097038,0.24607335,-0.0038649607,-0.05873647,0.231083,0.12717706,0.13958722,0.11892718
rna|CST1,0.07778313,-0.0851108,0.4881231,0.16491418,-0.37903035,-0.21547441,-0.28636926,0.57794327,0.64766616,0.5054601,-0.32916743,-0.116090946,0.42323586,-0.31752592,0.010694773
rna|CIDEA,0.7713526,0.07400517,-0.11468042,-0.1553746,0.09890202,-0.05461919,0.39838162,0.027502753,0.4987377,-0.036061086,-0.25184593,-0.15493968,0.22690326,0.072898895,0.33223715
rna|RERGL,1.04576,0.32400137,-0.2777606,-0.15491965,0.18980835,-0.28236568,0.52167267,0.64101905,0.27982947,-0.21762462,-0.32516107,0.09760682,0.13497145,-0.16122109,0.2639074
rna|APOBEC3A,0.432097,-0.04815985,-0.40559793,-0.5008059,0.17751747,0.111866824,-0.24925509,0.005535969,-0.6783259,1.05356,1.110716,-0.032711197,0.7184126,0.16928497,0.055830047
rna|ORM2,-0.6445616,0.19286618,0.054592893,0.061305117,-0.54110324,0.41969463,0.09483903,0.26707897,-0.30794704,0.71282995,0.45510688,-0.9516006,0.77237165,-0.096867606,0.48250547
rna|CRYBA4,0.45886663,0.5975736,0.03219304,0.19470581,0.12529333,0.36197063,-0.14049917,-0.5179649,0.10438694,-0.29596207,-0.060458824,-0.291166,0.1998635,0.57400227,0.23312272
rna|CIDEC,0.43892217,0.09743593,-0.44353676,-0.116780885,0.2171556,-0.15852384,0.6800054,0.20228715,0.25067192,-0.14657411,-0.2202758,-0.3088509,0.043481104,-0.14523506,0.15880553
rna|TUBB2B,0.09782906,0.80225235,-0.13496988,-0.21063332,0.07354751,0.2569389,0.10775566,0.24570933,0.47023243,0.0151353115,-0.10728712,0.108829066,-0.48944062,0.42459348,-0.13194369
rna|PRND,0.46437743,-0.2585256,-0.45658636,-0.011173098,-0.08867223,-0.5582577,-0.15500417,0.40662488,0.43106234,0.1728497,-0.29942313,-0.0027141848,0.20852412,-0.15044217,-0.9053862
rna|SCGB1A1,0.75720125,0.5716127,0.5319923,0.15182988,-0.47453892,0.3357788,-0.59630466,0.47165984,0.5679688,-0.008852593,0.13750084,-0.46265757,0.31084427,0.15038624,0.32613966
rna|MMP1,0.23272611,-0.3281924,-0.3868708,0.049798112,-0.073189184,-0.49805292,0.017159535,-0.27305838,0.44696078,1.1876342,0.0598412,-0.11356627,0.7529108,-0.01841921,-0.11884081
rna|CLEC4G,0.3170098,0.73500144,-0.63824725,0.093773045,-0.20884474,0.41105473,-0.15116897,0.44942653,0.10429746,-0.8608302,0.18723018,0.046426304,-0.31484303,-0.10140054,0.5815979
rna|VPREB3,-0.20099367,0.23428641,0.34766677,0.08239758,-0.15337041,-0.47580636,-0.3617132,0.4062928,0.31917638,-0.33422306,-0.5679228,0.29782215,-0.7078648,-0.006362276,-0.6533125
rna|CD1C,0.05775332,0.27984172,-0.4934191,0.42074475,-0.46760467,-0.4506169,-0.2845677,0.22867638,0.37940928,-0.4740266,0.025712132,-0.04930772,-0.7389969,0.41506842,-0.3353247
rna|NRG4,-0.16112663,0.26682508,0.4370855,0.053942963,0.1899162,-0.2596743,0.325448,-0.3379122,-0.11650587,0.4821204,-0.29801485,0.15397073,-0.019911837,0.081202716,-0.44629788
rna|TBX10,-0.047597535,0.43734312,0.85647744,-0.16399413,0.08028865,-0.005968085,-0.2106098,0.26042876,-0.19131742,0.15322654,-0.3844714,0.17027918,-0.17373654,-0.036242716,-0.5422097
rna|FAM216B,0.24987495,0.7870059,-0.51609373,0.09829863,-0.15074062,0.29963678,-0.33621025,0.4292214,0.4763934,-0.6547473,-0.1271531,0.071851134,-0.5742943,0.45344037,0.5783642
rna|OR10G8,0.43498555,0.3010189,0.5589783,0.34403467,-0.11787001,0.6451179,-0.55167216,0.74714273,0.4018149,-0.24878389,-0.16589752,-0.6621039,0.35074842,0.12549141,0.16651414
rna|SEZ6L,0.526701,0.30157173,0.5028239,0.36456013,-0.34095523,0.7066592,-0.371387,0.72417265,0.42007485,-0.25878394,-0.16612165,-0.44556886,0.02965234,0.18354587,0.3456783
rna|TAS1R1,0.33120406,0.2738284,-0.15664354,0.4969173,-0.2521619,0.42663863,0.06394253,-0.61112493,0.07167536,-0.3001652,0.13974093,-0.13699426,-0.05735129,0.31602114,-0.1899322
rna|CA8,-0.41291577,0.21638474,0.09653848,0.14007238,-0.05267391,-0.24653971,-0.0266052,0.27478582,-0.11229873,0.22972895,-0.19839059,-0.12910506,-0.32397676,-0.08644604,-0.40986165
rna|CAMK2B,-0.08360319,0.14963606,0.81833977,0.19791263,0.19389743,-0.28844464,0.06742731,0.4469906,0.21991745,0.37327245,-0.48039138,-0.17873426,0.15464784,0.10346717,-0.1414597
rna|PRSS1,0.53976554,0.45452505,0.44756922,0.5119513,-0.4700789,0.82538974,-0.3963348,0.53869504,0.3235461,-0.14488736,0.23034258,-0.3482186,0.15440515,0.087704696,0.022984624
rna|MSLN,0.38928598,0.2891611,-0.2066946,0.078333706,-0.1984665,-0.50797236,0.026504355,0.31649032,0.5436786,0.33053148,0.13169222,0.22617464,0.20987137,0.015712652,0.33307764
rna|LOC440570,0.71896917,0.20155413,0.7017472,0.079432,-0.053087067,0.6666156,-0.39859962,0.6784862,0.460428,-0.34157607,-0.14394641,-0.49779394,0.22120187,0.112672396,0.07065254
rna|BAIAP2L1,-0.16633908,0.24166638,-0.16445994,0.18661794,0.17994809,0.21070269,0.266122,0.013397756,0.16888793,0.38504973,-0.20853658,0.14546753,0.25845346,-0.25585577,0.3398854
rna|DEFA1,0.45670873,0.38539174,-0.3769841,0.31649494,-0.044949442,0.3931022,-0.2893882,0.44155198,0.16214263,-0.5782848,-0.16956672,-0.36498353,0.5831784,-0.4707381,0.6299038
rna|XAGE1A,0.685119,0.26780224,0.2591307,0.22818889,0.01792319,0.42801943,-0.1935815,0.7873532,0.58272135,-0.32281137,0.15828569,-0.65436965,0.49217686,0.17343424,0.009562884
rna|CCL24,0.34506568,0.39183387,-0.07707367,0.04171455,0.08867881,0.371597,0.24540181,0.24203406,0.23584121,-0.7049253,0.1900455,-0.106423184,0.06548497,-0.112495854,0.67506766
rna|IFNL2,0.5270938,0.24149156,0.5756772,0.38983795,-0.45164716,0.6157133,-0.5637705,0.6867011,0.30575582,-0.34045595,0.062059384,-0.6615797,0.2630457,0.18357289,-0.022976946
rna|SERPIND1,0.47333467,0.5029501,0.27016968,0.4457041,-0.25299928,0.57261837,-0.4111388,0.7672879,0.029961905,-0.28994837,0.27503717,-0.86732316,0.28322998,-0.23625864,0.0590997
rna|CEACAM6,0.99766916,1.2012768,0.5850351,0.0015683417,-0.5884076,-0.39470372,-0.5218584,-0.4648392,0.29239345,0.704773,0.036085464,0.07751616,0.31525648,-0.3102988,0.70181024
rna|CYP2C19,0.76054007,0.6488727,0.3563868,0.5535412,-0.37125653,0.71057016,-0.28469878,0.59375113,0.07403567,-0.119305536,0.2987885,-0.72009873,0.08039834,0.004765005,0.23199022
rna|NLRP2,-0.2843274,-0.15970713,0.09102243,-0.084122784,0.406452,0.069551885,0.38486117,-0.61520296,0.1218149,-0.13234907,-0.34788337,-0.07763208,0.19083513,0.16200534,0.16712894
rna|MME,-0.5493275,-0.061489224,0.62507766,0.18150221,-0.19260396,-0.05834671,-0.03864068,0.3632032,0.32831496,0.32601836,-0.65563667,0.006026593,-9.907597e-05,-0.46775258,-0.26837003
rna|OR13J1,0.51365983,0.2657928,0.47563523,0.35659146,-0.35904962,0.9061789,-0.496887,0.67976975,0.57715,-0.27104765,2.743388e-05,-0.46334317,0.16455083,0.21276098,-0.0070597264
rna|LIN28B,0.03897808,-0.28909224,0.58118486,-0.06638664,0.16750225,-0.16800338,-0.020381805,0.11500839,0.12404711,-0.24454194,0.052343357,-0.61244375,0.46083742,-0.20553172,-0.0733454
rna|ALAS2,0.4204243,0.28957954,-0.6267044,-0.04324964,0.0088529475,0.42202532,0.32027695,0.120694816,0.2648068,-0.13259964,-0.284942,-0.17990662,0.4202494,-0.099826746,0.19215718
rna|LAMC3,0.18689579,0.30377725,-0.29020774,0.15714765,0.0071140486,-0.18531415,0.1437094,-0.30182073,0.12819758,0.4434582,-0.11977121,-0.14736743,0.36202127,-0.16840388,-0.23528092
rna|S100P,0.79759973,1.181138,-0.30982473,-0.43662602,-0.29264733,-0.50385946,-0.4033176,-0.3234507,0.017041653,0.8628071,0.007159891,0.15520781,0.52584493,-0.19944525,0.5695576
rna|ALOX12B,0.94250226,0.8847173,0.642087,0.12878746,-0.38026524,0.2949531,-0.47330225,0.13713852,0.5502861,0.55373234,0.09996015,0.3591988,-0.10427583,0.28345647,0.21090272
rna|SPINK5,1.0832659,1.1520386,0.82486343,-0.12787375,-0.42582777,-0.3645897,-0.46863967,-0.46149203,0.7774781,0.4415735,0.34022263,0.44055977,0.3674691,-0.13686414,0.46047106
rna|CSN3,0.44755387,0.59437865,0.4079713,0.10289449,-0.43644828,0.47035,-0.3772065,0.5726332,0.5573203,-0.5259949,-0.06702963,-0.6120535,0.0855675,0.20123209,0.17198333
rna|CCR10,0.010912863,0.36985075,0.11985394,0.22748823,0.14176199,0.072831996,0.31944197,-0.5580863,0.21004795,0.06960313,-0.4304053,-0.43190223,-0.16759041,0.5598354,0.02935393
rna|ACSM2A,0.32420826,0.7060566,0.5334381,0.31484926,-0.07350518,0.50676185,-0.23195101,0.6183389,0.12671514,-0.22669058,-0.06525759,-0.80490994,0.53310525,-0.25917232,0.22568262
rna|FAM90A7P,0.6130577,0.21301323,0.30650553,-0.12870817,-0.22163518,0.22397725,-0.6245763,0.6895489,0.38267413,-0.46852776,0.20585349,-0.9568734,0.652896,-0.1391537,-0.16066201
rna|NAT8,0.54066116,0.5645615,0.47417635,0.4049218,-0.34497038,0.8124953,-0.3594438,0.7551617,0.17014194,-0.27302805,0.17222133,-0.4913361,0.07670435,0.027245468,0.06324822
rna|TCL1A,-0.10605453,0.391427,0.08345278,0.021063192,-0.05471142,-0.2879422,-0.46473983,-0.25571454,0.08115092,-0.2895784,-0.30437216,-0.06516448,-0.60416806,0.35495397,-0.41445574
rna|PROM1,0.5767735,0.6689379,0.12158985,-0.22539479,-0.3474936,-0.4417379,-0.29872435,0.3791424,0.25813052,0.17528985,-0.1404605,-0.45578703,0.4381866,-0.40086466,0.13429977
rna|CT45A1,0.49950618,0.32458854,0.43352157,0.48539042,-0.19009824,0.4880074,-0.36420512,0.6012478,0.3683831,-0.1943843,0.055592366,-0.6858621,0.48630327,0.2562747,-0.20471427
rna|LY6D,1.0982294,1.1111183,0.5788123,-0.17313929,-0.603232,-0.5190952,-0.55966604,-0.8561814,0.62511164,0.95685005,0.40827465,0.67627835,-0.038878478,-0.094822764,0.524132
rna|POTEG,-0.17075723,0.0056586443,-0.076850556,0.34046018,0.041137025,0.048749093,0.0891764,-0.69769365,0.16033721,0.21042277,0.051929694,-0.028200226,-0.16749051,0.122922316,0.15947546
rna|IL17RB,-0.14190574,0.36637524,-0.10960313,0.507149,0.027803646,-0.2531275,0.01830605,-0.09643263,-0.26453114,-0.028831504,-0.088295124,-0.18608965,-0.15569438,0.1813389,-0.19583128
rna|RNASE7,1.1077739,1.0357662,0.6090969,0.07262272,-0.5121546,-0.46694747,-0.6812605,-0.5688752,0.34321818,0.5259918,0.07100773,0.42315286,0.39841154,-0.11399841,0.56992006
rna|IL6,0.35749328,0.072071835,-0.7482713,0.73293453,-0.29957926,0.41822615,0.5468867,0.21595754,0.26538113,0.5768049,-0.38078222,0.14244793,0.13896595,0.21434222,0.69947565
rna|RASSF6,0.1215906,-0.09721579,0.59849626,0.2564452,-0.22535357,0.3312208,0.24263433,-0.3633834,-0.030508006,0.1408225,-0.20807888,0.32917792,-0.33089244,-0.052741654,-0.45725766
rna|AQP7,0.68019027,0.48802155,-0.13359575,0.28676996,-0.24808723,0.49291575,0.30500606,0.4829483,0.28024504,-0.5209221,-0.2325371,-0.5319093,-0.0138549665,-0.15664518,0.26026428
rna|ACP4,0.59637046,0.17902072,0.47419083,0.46177384,-0.42724708,0.965229,-0.39886838,0.6722589,0.31322265,-0.28860915,0.18736035,-0.1602306,0.059063394,0.14103286,0.040038977
rna|OR2G6,-0.101969816,-0.018091314,0.40332463,0.411308,-0.13309082,0.024787603,-0.4766353,1.0911038,0.25649485,-0.16728312,-0.34335274,0.0934436,0.08876397,-0.23641686,0.19074109
rna|SHD,0.31091502,0.3555705,-0.534705,-0.22307514,0.40337363,-0.4142222,0.24565008,0.5649257,0.13663451,-0.10477464,0.2724587,-0.20091856,-0.07665411,0.12350436,0.5366974
rna|KRTAP5-2,-0.026178181,-0.10551093,0.5853662,-0.23770127,-0.3974688,-0.33879313,-0.29169574,0.5144577,0.23266251,-0.15701795,-0.36143142,-0.38063124,0.086931154,-0.27098644,0.030836212
rna|KPRP,1.0053601,0.9497679,0.80303186,-0.082797594,-0.3403223,0.18308012,-0.4175765,0.05587626,0.69602984,0.3683987,0.35521162,0.11290092,0.24567246,0.0962162,0.18817867
rna|STK31,0.4463962,0.103283346,0.52663285,0.4342832,-0.45273298,0.7796682,-0.47839117,0.8153117,0.4866809,-0.39196786,0.2761632,-0.17444694,0.106129,-0.20515764,0.038564228
rna|ASPDH,0.36219212,0.5495824,0.14204311,0.5632133,-0.11499013,0.634863,-0.25473446,0.6799494,0.1360626,-0.3078282,0.26031017,-0.68574405,0.28852752,-0.23345962,0.14496127
rna|CLEC4F,0.45605755,0.33878958,0.32469603,-0.023536881,0.07651361,0.21383421,-0.24526756,0.7030917,0.40252715,-0.74510753,-0.37007323,-0.15210699,-0.054706927,0.14371182,0.5132626
rna|PNMA6A,0.30016714,0.24341935,0.25650674,0.2958546,0.081364885,0.41172102,0.06282131,-0.4312652,0.0016456916,-0.060082108,0.14470714,-0.11710616,0.34464213,-0.20038967,-0.0076386225
rna|KIR2DL3,0.37427408,0.42759848,0.24954899,-0.10629287,-0.012282508,0.6158141,-0.20561801,0.5730294,0.13202497,-0.06447213,0.16753592,-0.49143055,0.19800991,0.35749137,0.36517665
rna|LTF,0.4490187,0.7071453,-0.5242661,0.08184221,-0.5008491,-0.50386363,0.05797656,0.27920267,0.74976426,-0.2646608,0.24998161,0.1164674,-0.23891315,-0.3455683,0.64098793
rna|KRTAP3-2,0.51690197,0.48895893,0.41597167,0.3249121,-0.3747108,0.7812043,-0.5028258,0.7193005,0.4133852,-0.13131402,0.1202717,-0.569483,0.1719211,0.28842697,0.05497927
rna|CNN1,0.8687464,-0.34114024,-0.014325637,0.2362788,0.057960536,0.28091216,0.41139573,0.42286488,0.1321082,0.18198642,-0.8611387,-0.07826465,0.24658258,-0.13299233,0.43356043
rna|PRKY,0.1839811,-0.31405136,0.10705833,-0.19454917,0.058307566,-0.19573574,-0.21908788,0.13763249,-0.008082738,-0.022119725,0.3591503,-0.05645957,0.19103782,-0.17570233,0.069282606
rna|HAND1,0.6748353,0.1194411,0.11640593,0.59158504,-0.43714282,0.65126526,-0.3406578,0.6673061,0.31753364,-0.2228302,0.089797474,-0.60627294,0.20881337,0.22283739,0.083117455
rna|APOBEC3B,-0.03386241,0.16919793,0.058391053,-0.009833394,0.21557796,0.5887179,0.33200067,-0.028233241,0.0048890854,0.6625025,0.19203629,0.15357208,-0.07553762,0.28966248,0.24765249
rna|SAA2,0.4449431,0.34125453,-0.40212396,-0.27561235,-0.30903506,-0.7068883,0.6474402,-0.011904234,-0.05677309,0.4484894,0.111394614,-0.3385001,0.43661487,-0.43701106,0.4590375
rna|MT1M,0.16982737,-0.22324443,0.19507158,0.1197821,-0.08235977,0.6369181,0.36961058,-0.011688344,-0.73169166,0.7424418,0.32403183,-0.17696998,0.3997261,-0.26652974,0.84207577
rna|TMPRSS6,0.38445616,0.49116153,0.15564106,0.53379744,-0.33754227,0.47182533,-0.13739027,-0.44817442,-0.040277384,-0.16423298,0.113268696,-0.67424506,0.20292461,0.10700453,0.301462
rna|C7,0.1307875,0.4190465,-1.0861396,-0.022708617,0.380711,-0.055522025,0.45312405,0.53532726,-0.5193612,-0.91366374,-0.24948128,-0.20766202,-1.0130622,0.47345486,0.22687614
rna|LINC00479,0.58532494,0.32403415,0.5391352,0.14084856,-0.52283293,0.76003385,-0.39964253,0.76990646,0.4224717,-0.0955319,0.10284585,-0.52253103,0.0471103,0.16982715,-0.06606469
rna|GTSF1,-0.31473857,-0.074226394,0.2605434,0.22171114,0.22466597,-0.00064342003,0.40448427,-0.59959453,-0.061555583,0.23824961,-0.2700386,0.1115009,-0.3744845,0.30770066,-0.25392503
rna|DEFA1B,0.5554676,0.51454693,-0.03243398,0.20265785,0.09247841,0.2779723,-0.3833502,0.5927727,0.32796276,-0.557925,-0.176175,-0.63210005,0.73628384,-0.19393572,0.37478557
rna|VTRNA1-2,0.33167467,-0.6986841,-0.20403554,0.458124,-0.47551394,0.8856627,0.4971311,0.0147963045,0.11214395,0.4464529,0.14306372,0.3810467,0.12543246,-0.34632593,0.34470287
rna|FCAMR,0.06793167,0.65725154,-0.72662985,0.30011946,-0.53891754,0.09617215,-0.17110911,0.5069588,0.3744273,-0.7163869,-0.08313887,-0.37796748,-0.8631953,0.31152776,0.45925575
rna|SCNN1A,1.0371097,1.1694237,0.19733584,-0.3446154,0.03909359,-0.6935547,-0.14648971,-0.3405487,0.23245989,0.93482524,0.10590374,0.32302293,0.3687134,-0.3545635,0.56384176
rna|MBD3L5,0.6818928,0.3732779,0.4758677,-0.06216072,-0.104160786,0.3553956,-0.51323247,0.7511028,0.44245154,-0.3209691,0.04925569,-0.76156014,0.6003083,0.20320287,-0.106688224
rna|N4BP1,0.29820603,0.3430677,-0.18427087,-0.39459267,0.39782336,0.13782711,-0.04850622,0.026767423,-0.051852394,-0.02555456,-0.25429815,-0.20004164,-0.069741376,0.12104386,0.2851702
rna|SNORA80A,0.26084086,0.02171199,0.16990937,0.26866913,0.28723168,-0.28553355,-0.0021634102,-0.28879032,-0.10862773,-0.3988221,-0.046448726,0.28557646,0.08678661,0.041591678,-0.098099716
rna|NLRP11,0.048971143,-0.06732199,0.6718993,-0.2046264,0.36155194,0.05871462,0.03995522,0.1741619,0.10071499,0.004308672,-0.3795163,0.15750478,0.14851838,-0.03513161,-0.3709186
rna|PRAMEF7,0.64496154,0.35087204,0.5647505,0.028934361,-0.014290205,0.37869248,-0.44177037,0.6506332,0.38730213,-0.36003014,-0.077098936,-0.7346803,0.52409184,0.16888134,0.050244115
rna|PDGFRL,0.9182731,-0.44081607,0.1250332,0.04882208,0.13012949,-0.03179716,0.5225071,0.3890164,0.5124347,0.4253647,-0.87364537,0.069472626,0.569849,-0.34785768,0.17149301
rna|MIXL1,-0.035916932,0.16457956,0.6671157,0.6989431,-0.3793443,0.28590956,0.0055221017,-0.057220098,0.061687242,-0.053548906,-0.3639518,0.06272958,-0.46524662,-0.117490284,-0.090719774
rna|LORICRIN,0.3413025,0.82070804,-0.023838498,-0.08370532,-0.15859176,-0.25770572,-0.26816404,0.1621727,0.7343582,0.006458806,-0.18257293,-0.024498975,-0.33113408,0.47346652,0.4705826
rna|SLN,0.68338424,0.44297516,0.35189444,-0.028045699,-0.07337244,-0.1922607,-0.21495502,0.00019935882,0.2590387,0.22165418,-0.045031685,-0.08944794,0.3798801,-0.028048305,0.19057702
rna|ANXA8L1,1.1833698,1.0424606,0.69259113,-0.01694811,-0.40654767,-0.24539386,-0.3719403,-0.050297856,0.7271897,0.62900835,0.360371,0.0932217,0.4283091,-0.2104186,0.30338818
rna|KRT78,1.0683855,1.2261786,0.72512263,-0.1596311,-0.6362277,-0.4862765,-0.61178887,-0.7518976,0.6419206,1.1367496,0.47341976,0.7219711,0.13413683,-0.040591702,0.37116796
rna|SLC8A2,0.3001352,0.29987526,0.45098892,0.16702706,-0.24627165,0.5291679,-0.42640203,0.4726471,0.2646106,-0.26838356,-0.3535425,-0.60095924,0.032370407,0.2640144,0.1823708
rna|POU6F2,0.46486643,0.20208631,0.61987543,0.35222825,-0.18084499,0.70162815,-0.39616638,0.6182138,0.3621837,-0.21096772,0.083233945,-0.51896095,0.42652234,-0.008726655,0.07233998
rna|ANKRD30BL,0.52025247,0.27497455,0.428916,0.11187663,0.028327953,0.33865753,-0.35838234,0.5073968,0.46896896,-0.25146964,0.032001585,-0.46103314,0.61659473,0.056774516,-0.25487912
rna|ZNF215,0.19832213,0.3265399,0.27969873,-0.12248938,0.27753317,-0.087982155,0.23546387,-0.2749411,-0.08560019,0.27391157,-0.07203463,-0.025271751,-0.41699183,0.39631987,-1.0362482
rna|MMP7,-0.21622643,-0.3879966,0.25341064,0.049487345,-0.34310797,-0.5076717,-0.036313195,0.32849556,0.11685409,0.6913696,-0.036703758,-0.12375578,0.2605828,-0.1965495,0.07739326
rna|TNN,0.47473475,0.17433232,0.45769003,0.40150127,-0.51502913,0.7181735,-0.5060183,0.7377139,0.43479723,-0.12586245,-0.03396551,-0.32449904,0.116526745,-0.0062860106,0.19409919
rna|MT1G,0.0065731914,-0.10893816,-0.21403708,-0.038299136,-0.17744265,0.61122096,0.43520114,-0.44441697,-0.72340965,0.9143067,0.65841705,-0.49117994,0.37921345,0.18615323,0.41743988
rna|MST1L,0.45896778,0.54893345,0.49641293,0.02413032,0.1705467,0.2817203,-0.19033635,0.6834033,0.50401837,-0.23717232,-1.9333544e-05,-0.8756072,0.46103334,0.14700393,0.04179993
rna|SIGLEC16,0.6790567,-0.1022994,-0.2042074,-0.38436297,0.6070652,0.42107195,0.5712345,0.13190584,-0.63510525,0.14423324,0.29394507,-0.50095725,0.5382709,0.2324607,0.5238351
rna|ODAD1,0.51697916,0.008490795,0.47335276,0.5243485,-0.31318435,0.639007,-0.49530047,0.5722424,0.47655967,-0.25935206,-0.09762752,-0.21079788,0.23472314,0.17264959,-0.022849547
rna|KNCN,0.5015674,0.18214224,0.38658378,0.29629332,-0.29111493,0.84887475,-0.54656357,0.64451355,0.48358777,-0.4111651,0.11613878,-0.33581463,0.28649005,0.06084479,0.0125101805
rna|IGFL3,0.6688626,0.25579953,0.6108921,0.18379928,-0.3704597,0.48499355,-0.20847394,0.54721695,0.5927312,-0.091184214,-0.07896206,-0.44018087,0.21449819,-0.055220015,-0.11206437
rna|ADH1B,0.48440725,0.7219817,-0.68246573,-0.1563451,0.31292385,-0.35853252,0.60098237,0.47727373,-0.21884489,-0.4710673,-0.27539906,-0.20074059,-0.14099914,-0.15399942,0.32900432
rna|FAM81A,-0.3524358,0.048957422,0.55535376,-0.067668706,-0.33008972,-0.32581314,-0.39358962,-0.16470915,0.41533023,-0.10004159,-0.26785412,-0.1991602,-0.19230206,0.037854515,-0.6735929
rna|MAPK10,-0.11987786,-0.37498227,0.33875686,0.08275235,-0.18460394,-0.21792871,-0.015270855,0.7749769,0.32286397,-0.0036355583,-0.47570664,0.31381443,0.11726653,-0.5287154,0.06099033
rna|OR2T3,-0.2737205,-0.072245896,0.2302797,0.37570786,-0.09640096,-0.1087669,-0.66178775,1.039654,0.22120644,-0.15101914,-0.32637718,0.08195237,0.010278099,-0.19028331,0.055907868
rna|TSPY2,0.39268598,0.13296664,0.27493322,-0.10141603,-0.0630902,0.04270843,-0.4303232,0.25867206,0.08045853,-0.1310301,-0.41495413,-0.6970181,0.2315195,-0.10748586,0.030041369
rna|LOC90925,-0.07877603,0.040546775,0.24226148,0.31487772,-0.4183752,-0.12698427,0.023039881,0.28533518,0.08094809,0.06260189,-0.110236265,0.42072117,-0.78471905,0.12326842,-0.9443336
rna|ANKRD1,0.28197438,0.5207532,0.223477,-0.06689963,0.007112541,-0.037402865,-0.35867697,0.2874212,0.40246218,-0.018545888,-0.19085707,-0.71647483,0.74379283,0.12962659,-0.0100057395
rna|MYH14,0.9527411,0.84237194,0.6335943,0.030392421,-0.30940026,-0.012334117,-0.15263326,0.005448579,0.4069196,0.37853962,0.29201418,0.22965206,0.3729768,-0.55980736,0.5472842
rna|SCARA5,-0.081442416,0.3636833,-0.29601428,0.090781264,-0.07097267,-0.30946502,0.2448802,0.46253416,0.6242566,0.65689474,-0.71305573,-0.26601464,-0.095664136,0.28524706,0.16493958
rna|OR52B6,0.49515414,0.33507493,0.5792263,0.27831495,-0.28751764,0.5374169,-0.54488003,0.5873489,0.4152537,-0.29545513,0.041757304,-0.5184122,0.31070814,0.061267488,0.07288211
rna|SLC6A5,0.27809083,0.0742603,0.60885006,0.008817481,-0.42666855,0.50773495,-0.481916,0.6951273,0.25247058,-0.29798916,0.05419185,-0.39066356,0.17811014,0.10123016,-0.015861768
rna|RBMY1J,0.2740357,0.082315385,0.3345495,-0.14920022,-0.13261893,0.13962431,-0.51179045,0.33432996,0.19281325,-0.27535155,-0.06349712,-0.7843565,0.4407252,-0.22088166,0.1661268
rna|ELANE,0.96182764,0.22462882,-0.81667584,-0.15315053,-0.19847931,-0.41657302,0.09819452,0.16264889,0.14761175,-0.31105834,0.24886216,0.04340636,0.36347643,-0.49404216,0.70202035
rna|KLK13,0.9993696,1.000409,0.58628774,-0.19192722,-0.47046947,-0.30772266,-0.7304582,-0.40429738,0.6204696,0.760926,0.24699372,0.22293131,0.3600597,0.022840004,0.28238383
rna|SPINK2,-0.74108094,-0.23572393,0.76236576,0.075746074,-0.086441725,-0.47261763,0.03201903,0.6959473,0.0446365,0.27068976,-0.3325686,0.37507957,-0.108423926,-0.26443097,-0.19478634
rna|KRT15,1.0381075,1.0614829,0.5997568,-0.1894683,-0.3498174,-0.535555,-0.3517566,-0.523434,0.7623671,0.84993714,0.48495296,0.47049245,0.13357742,-0.0565925,0.4198185
rna|CAMP,-0.09272571,0.38719726,0.07683238,-0.2540567,-0.03771142,-0.2200617,-0.17072967,0.177251,0.08538733,0.16184048,-0.03771616,-0.074934654,0.10453167,0.06513813,-0.5869177
rna|CD163,0.5563287,-0.6590832,-0.2310776,-0.16171265,0.31287986,0.5999429,0.7327221,-0.13801247,-0.7614805,0.7135852,0.44976565,0.18107015,0.3801152,0.09793205,0.23440403
rna|POSTN,0.28083298,-1.3013765,-0.03833871,0.15943722,-0.28178617,-0.52120197,0.6854676,0.39969727,0.24474038,0.9721198,-0.24548641,-0.101104826,0.76479614,-0.579214,-0.5082975
rna|ZNF750,1.0806527,1.1023656,0.72543055,0.04599053,-0.42905805,-0.107387595,-0.6212968,-0.29029825,0.41238242,0.6089348,0.03918782,0.18205668,0.25756282,0.089727744,0.36833683
rna|CTSG,1.154126,0.5866838,-0.93319774,0.10832374,-0.25020498,-0.5114857,0.29350713,0.29863784,0.6236757,0.010075093,0.21106474,0.16022493,-0.22510248,0.034226373,0.46708304
rna|IGSF21,1.043986,0.13752517,-0.049451187,0.06909049,0.3201599,0.26550186,0.33158177,0.26019153,0.35872447,0.03883942,-0.42159024,-0.29122472,0.5967308,-0.03645452,0.2769399
rna|SNAP91,-0.10189832,0.5154876,-1.0818906,-0.0947233,-0.39669505,-0.47488075,-0.35097715,0.43279228,0.2763993,-0.9381765,0.46507815,-0.29115,-0.9939954,0.24310036,0.31470597
rna|LOC101928841,0.06584453,0.39877072,0.5894396,0.13616067,0.2566432,0.08988055,0.02719878,-0.22971316,0.1550426,0.21157424,-0.36856318,-0.210971,0.14765726,0.17145102,-0.23592217
rna|ZBTB32,0.43655214,0.2874585,-0.47509164,-0.15719952,0.5028876,0.29088765,0.15625995,-0.80165327,-0.040584624,0.04723878,0.19669881,-0.12570451,0.06849057,0.7240778,0.43936822
rna|ELOA3BP,0.6025657,0.12035339,0.4603274,0.09447339,-0.2069396,0.30287018,-0.46265617,0.50813246,0.34427088,-0.39435488,0.18021697,-0.71755594,0.4035275,0.042688217,-0.16301206
rna|GSTT1,0.29708913,0.122139454,0.051907852,0.009808415,0.3493554,0.15247588,0.3662619,0.087880164,-0.103677236,0.11609009,-0.32783484,0.20421733,-0.14401211,0.025690256,0.28090334
rna|GPR152,0.5486687,0.35158995,0.53438556,0.38647234,-0.17629462,0.7043359,-0.32609153,0.68554777,0.1981822,-0.1813411,-0.017852664,-0.43426347,0.27122077,0.21063091,-0.010481992
rna|CD52,-0.07005119,0.32316995,-0.0034378064,0.31109476,0.06005964,0.055826414,0.06018858,-0.04664495,0.33048785,-0.062786624,-0.044222727,0.27251476,-0.2875446,0.19778982,0.14049451
rna|SPAG11A,0.4949367,0.19945036,0.46709177,-0.16499728,-0.1967641,0.42312014,-0.38480207,0.4110096,0.56436396,-0.4179795,-0.063203156,-0.5723654,0.5627573,0.069428146,0.002421109
rna|MAGEB2,-0.2900013,-0.23656581,0.29539764,0.005518657,0.007608589,-0.06759084,0.28805643,-0.011028335,0.0988074,0.066064164,-0.081424944,-0.08334338,0.17472231,-0.17826663,-0.00301949
rna|IGDCC3,0.3849595,0.3646989,0.3987449,-0.10261732,-0.18631157,0.27183872,-0.2923912,0.5031315,0.6065143,-0.28276277,-0.29067644,-0.85085136,0.41205072,0.19216438,0.34140822
rna|CD207,0.6966062,0.58368534,0.6008232,0.074210115,-0.17410314,0.33790615,-0.29714102,0.6566868,0.6872177,-0.047080535,-0.12207122,0.055326577,-0.0524387,0.12051041,0.25500926
rna|GDAP1L1,0.5075793,0.20050177,0.29246777,0.3663502,-0.53940076,0.6153387,-0.5991259,0.7400074,0.4029681,-0.27231336,0.26729903,-0.5867862,0.18701145,0.07335993,-0.031250108
rna|SLC12A3,-0.28917497,0.064088605,0.5168382,0.23163028,0.28511325,-0.5457068,0.09819127,-0.10983089,0.31755054,0.0997555,-0.42058823,0.63089055,-0.09411807,0.062186014,0.43961447
rna|SLC36A2,0.44469583,0.33564538,0.58731157,-0.10126536,0.00137568,0.23381259,-0.4768017,0.3415331,0.43170637,-0.09805506,-0.30784628,-0.60463005,0.56634253,0.114252865,0.26652753
rna|NANOS2,0.43134055,0.30049968,0.31221503,0.42623624,-0.503539,0.75263053,-0.50147116,0.756196,0.36710232,-0.19067153,0.050656162,-0.35241723,0.091393836,0.10788285,-0.121814206
rna|SIGLEC1,0.5303433,-0.48115,0.19095199,-0.26450592,0.59456503,0.5974684,0.51514775,-0.1992442,-0.76413155,0.24938123,0.41521263,0.13508998,0.24324057,-0.12060812,0.8353889
rna|MIR548I1,0.52660674,0.30718824,0.557087,0.12884396,-0.24651393,0.36430445,-0.5033857,0.46951938,0.23690209,-0.37955627,-0.009934042,-0.691946,0.23981382,0.18356317,0.09193574
rna|TFRC,-0.08710872,0.33820596,-0.20627934,-0.14884596,0.3427547,-0.09356945,0.4627531,-0.6400954,-0.3179969,0.9005451,-0.46183413,-0.5283267,0.023162099,0.84350574,-0.3932358
rna|WNK2,0.40865952,0.41878432,0.5301028,-0.033142313,0.1652987,0.29465756,0.011199732,-0.11470116,0.20373291,-0.22443083,-0.07692344,0.25823203,0.0713985,-0.12179217,-0.114869654
rna|CYB5R2,0.16939762,0.24388884,-0.0881172,0.2691674,0.051504474,-0.04564561,0.24284317,-0.9297109,-0.12333139,0.38251275,-0.21862637,-0.4287733,-0.08239243,0.707539,-0.17787462
rna|DEFA3,0.42495364,0.2765966,-0.36395705,0.21933746,-0.099544406,0.20520036,-0.40084806,0.45965052,0.11250542,-0.668549,-0.04310071,-0.5042311,0.6087869,-0.5077052,0.50593805
rna|ACTL6B,0.4460216,0.35935774,0.3994144,0.21352766,-0.29040447,0.6658534,-0.5480448,0.7100156,0.45906818,-0.2131934,0.04992728,-0.50427264,0.31184462,0.30847034,-0.025017338
rna|STAB2,0.1741446,0.82654196,-0.7169463,0.031648386,0.18646887,0.16613454,0.04678164,0.49649197,0.18074524,-0.6349445,-0.35865644,-0.18252835,-0.4436518,0.13732448,0.56522006
rna|TGM3,1.0240465,1.2007272,0.41106838,-0.08359109,-0.54924,-0.4363861,-0.7866043,-0.55838686,0.36577362,0.900803,0.30642584,0.60750514,0.22061859,-0.16676325,0.41566798
rna|FCRL1,-0.31823063,0.41554022,0.042253822,0.16580977,-0.037247725,-0.15952006,-0.3201988,0.5181573,0.40544572,-0.24099948,-0.5550289,0.766372,-0.8910794,0.10149961,-0.09096126
rna|SIGLEC14,0.0074153235,0.345554,-0.39439955,0.014782339,0.44821507,0.071651824,-0.21638511,0.26153523,-0.4281595,0.65285975,-0.035287257,0.104521774,0.067417786,0.43047294,-0.25211588
rna|STPG3,-0.05748042,0.0067377896,0.35927626,0.17773841,-0.34848827,0.07436296,0.005547939,-0.45761093,-0.10895515,-0.016092362,0.39479452,-0.2183355,0.25009596,0.13767351,-0.13125093
rna|MYRF,-0.12275991,0.34161633,0.3572529,0.08778623,-0.14015628,0.3983756,0.037702505,-0.13696937,-0.18654805,-0.072636604,-0.075995885,-0.200227,0.29028735,-0.0522131,0.32523403
rna|POTEH,0.024714991,0.045470983,-0.002816213,0.223965,-0.15614767,-0.07456761,-0.18524079,-0.44011647,0.23109974,-0.026125519,0.35970253,-0.50203055,0.099920705,0.092759244,0.09175696
rna|PRAMEF6,0.485915,0.3895993,0.2933778,-0.07115563,0.034902226,0.34146005,-0.48452508,0.6754712,0.45603925,-0.39077887,0.03397145,-0.7336281,0.7223819,0.04812306,-0.06296885
rna|PLXNB1,0.35123733,0.88243055,-0.02328924,-0.48830077,0.7665453,-0.46619117,0.36425748,-0.04721444,0.28379798,0.5109601,-0.46838188,-0.50427294,-0.036797494,0.31451645,0.5555701
rna|CXCL9,-0.4539489,-0.20228334,0.35364586,-0.6041039,0.30232584,0.1691069,0.44062352,0.032897953,-0.575237,0.5049895,0.5236384,-0.03766575,-0.37834483,0.552751,0.63198686
rna|UGT2B7,0.16853267,0.7028046,0.3122354,0.28914395,0.11070596,-0.22565211,-0.23290607,0.47907338,-0.08262995,0.052996024,-0.19637793,-0.75681305,0.5418735,-0.26135948,0.04068156
rna|CD209,0.7629929,0.10057929,-0.34981984,-0.4309566,0.5278504,-0.13760713,0.0954899,0.012377691,-0.71704566,-0.24410048,-0.0041160407,0.16741619,0.0973907,0.13142537,0.48298508
rna|ZNF804A,0.18171176,-0.062291898,0.5981257,0.5640337,-0.18861985,0.41987544,-0.108101495,-0.25602672,-0.08878425,0.13184786,-0.20417438,0.32049742,-0.2991842,0.16149564,-0.4520244
rna|SULF1,0.1275618,-0.96324325,-0.08923071,0.23447719,-0.09964278,-0.19341448,0.6041042,0.63790303,0.4043725,1.113844,-0.51871175,0.47945753,0.47065482,-0.46787268,-0.30731604
rna|KRTDAP,1.1417977,0.9665873,0.60026246,-0.22829074,-0.33292216,-0.70503587,-0.21957988,-0.67666715,0.63037753,0.91132873,0.41302237,0.72635144,-0.12712567,-0.11640974,0.23994228
rna|ADGRG5,-0.2529932,0.4965439,-0.8022178,0.048491307,0.23199879,-0.14939047,0.1381781,-0.0010827702,0.5000431,0.48648766,-0.51277095,-0.18964349,-0.39894593,0.630758,-0.03993242
rna|CR2,-0.30863684,-0.021273505,-0.6737416,0.3935691,-0.6781797,-0.37919128,-0.17413458,0.31329945,0.23455386,-0.24963301,-0.11911046,0.036517613,-1.0339977,0.27603716,-0.087126225
rna|NUP62CL,-0.1098915,0.0989254,0.06250805,-0.019236058,0.23891209,-0.23046269,-0.02127844,0.26233774,0.11925654,0.34132802,0.0740671,-0.21469808,-0.14818381,0.12303466,-0.74151516
rna|SIX4,-0.15734027,-0.01811012,0.20686501,-0.15834248,-0.11269675,-0.18475375,-0.03772922,-0.050726622,-0.062086727,0.24274772,-0.5722589,-0.4474172,0.058851734,0.17202185,-0.30404094
rna|CRNN,1.0350668,1.1334472,0.5481366,-0.08732235,-0.511661,-0.50360197,-0.8277861,-0.5522982,0.33371165,0.7516666,0.2607277,0.5556992,0.33685565,-0.033357993,0.38298208
rna|POM121L4P,0.48328537,0.2801287,0.41046327,0.14657275,-0.06587732,0.38641608,-0.33639863,0.5711677,0.29760912,-0.2533992,-0.05568119,-0.723622,0.5944077,-0.054407995,0.30881193
rna|GAP43,0.6901724,-0.018124945,-0.080747165,0.18201812,-0.0139370775,-0.04826015,-0.16759963,0.5631598,0.6709469,0.19722494,-0.2675552,-0.42798048,0.62469316,-0.1374014,0.11440383
rna|AKR1C2,0.8236476,0.6542551,-0.35753492,-0.19260521,0.26547638,-0.46374846,0.3533295,0.12466196,0.46160328,0.35221848,-0.5009241,0.13507785,0.17869203,-0.2389064,0.3428531
rna|MARCO,-0.054095957,-0.29748496,-0.18224083,-0.15815358,-0.021679157,0.3336329,0.40682077,-0.08895754,-0.29745683,0.30455962,0.6729104,-0.34290925,0.6689494,-0.12240264,0.70055836
rna|ABCC8,0.414183,0.64199543,-0.039232135,0.07776027,0.05264709,0.13140114,-0.181884,-0.077035226,0.4413183,-0.18226287,-0.27816677,-0.48244423,0.06343466,0.3606682,0.17633648
rna|SPRR4,0.534109,0.19370393,0.57259935,0.14281438,-0.67172164,0.52717584,-0.71934456,0.47303915,0.39411965,-0.2745549,0.24918306,-0.30581653,0.04720124,-0.07323719,0.12374319
rna|JSRP1,0.26219532,0.19571157,0.074557535,-0.040794946,0.13778988,0.020642113,0.20439182,0.032889817,0.36856633,-0.114138804,0.34486634,0.09458254,-0.039971832,0.05855746,0.3197725
rna|OR6M1,0.4445395,0.3006225,0.5082821,0.25765136,-0.25935557,0.59949774,-0.4273594,0.5000938,0.36841673,-0.22724901,-0.0682199,-0.6529177,0.38153887,0.12712051,0.1804128
rna|SPON1,0.72839546,-0.4710672,-0.41394737,-0.20198248,0.34538126,-0.4930497,0.58332634,0.54135233,0.25560105,0.60361326,-0.7320221,0.18617865,0.41210273,-0.22597654,0.10334985
rna|BTNL9,-0.123098426,0.0337326,0.32905474,-0.062446512,0.22797504,-0.40681398,0.119233355,0.541478,-0.05043,0.08804524,-0.19528559,0.37943327,-0.5130271,-0.10897545,-0.3733585
rna|CCL17,-0.06467834,-0.20763929,-0.34183994,0.32547674,-0.29060197,-0.39591214,-0.019898325,0.17574114,0.3267144,0.10960986,-0.04926699,-0.0017074671,-0.03764843,0.13195996,0.10900146
rna|OR2A1,0.5351207,0.34543914,0.357568,-0.042682428,-0.041114923,0.56733423,-0.31283098,0.7076785,0.45474637,-0.24505214,-0.1368805,-0.4872577,0.35851526,-0.024648689,0.06033421
rna|PCDHGB2,-0.7339932,-0.042886756,0.5829687,0.28919715,0.05680794,-0.3526221,-0.023067098,0.865552,0.5322841,0.32402763,-0.89102733,0.49037632,-0.24586593,-0.17542222,-0.16667017
rna|C2ORF66,0.36911786,0.4212414,0.48883674,0.23944572,-0.0956779,0.54230577,-0.25657082,0.501396,0.33701363,-0.2973311,-0.05737896,-0.43646428,0.38577348,-0.0091385925,0.25713176
rna|SELENOV,0.49655336,0.24129513,0.6197711,0.109204695,-0.1982019,0.5756705,-0.48475146,0.5044947,0.4090879,-0.18019252,-0.08768424,-0.5206171,0.2762987,0.12222614,-0.07991723
rna|GLDN,0.62291414,0.025040237,0.09195768,-0.7445174,0.57561135,0.11033746,0.22608046,0.022495264,-0.42625877,0.47203147,0.015695581,-0.14121985,0.39676216,0.19619739,0.26935804
rna|PODXL2,0.11566513,0.5251744,0.35672697,-0.1901544,0.44121125,-0.076650545,-0.09258179,0.09951099,0.4852535,0.014409149,-0.32164454,-0.2757473,0.13818204,0.26621094,0.032675065
rna|ST8SIA5,-0.028571704,0.3676592,0.33798417,-0.06920524,0.34667975,0.4842357,-0.15413028,0.15428457,0.012162895,0.0466393,-0.23103869,-0.4354267,0.4730701,0.21821013,-0.18476668
rna|KRT1,0.74186265,0.6282156,0.6111266,-0.26056284,-0.33504596,-0.18469824,-0.32187352,-0.1329496,0.67902,0.25386015,0.16643046,0.2403024,0.07809696,-0.021593122,0.3331914
rna|MTCL1,0.20384361,0.4138864,-0.0048702047,0.55890816,-0.19865537,0.67257434,-0.042278,-0.39640248,0.43175066,-0.19591296,-0.2614905,0.0843898,-0.17040499,0.2247498,0.10886477
rna|RAB17,0.16817477,0.6826823,0.0448703,-0.32927397,0.3762484,-0.2870891,0.3324815,0.112458326,0.08279916,0.488363,-0.38719442,-0.27418578,0.40766338,-0.34365323,0.17623359
rna|OR52R1,0.4487149,0.20452201,0.52206564,0.14721403,-0.32365102,0.574373,-0.4529786,0.6364715,0.3810583,-0.3382135,-0.004352143,-0.56103015,0.26122335,0.06454603,0.2547476
rna|TACSTD2,1.1935138,0.9345754,0.06563112,-0.40784493,0.05521202,-0.6962176,-0.28545734,-0.0970739,0.26988316,0.9715924,0.10046132,0.4499476,0.13230865,-0.010483185,0.13159066
rna|ZIC5,-0.2179299,0.37568605,0.38619617,0.15355684,0.026407242,0.29150558,0.13372564,-0.376883,0.3253924,-0.39380842,-0.118729085,-0.18833704,0.42600602,0.022955408,-0.14118479
rna|KANK1,-0.41723907,-0.20984626,0.62012595,0.14019123,0.070442386,-0.12264876,0.007006549,0.28912368,0.090230115,0.2255393,-0.53538615,0.5458245,-0.5001081,-0.113691136,-0.3683377
rna|SERP2,-0.07058955,0.49010217,-0.13299243,-0.54837376,0.8577125,0.13052443,0.14916986,0.5889348,-0.32584184,0.43731636,-0.34428012,-0.13813804,-0.28211537,0.5572399,0.34630707
rna|ALDH3A1,0.89699686,1.2372724,-0.06607918,0.11056284,-0.004982791,-0.42489395,-0.0761339,-0.77293634,0.2690176,0.82112,0.5332102,0.3320003,0.018728703,0.05894696,0.114783086
rna|KRTAP8-1,0.48580384,0.36382568,0.62400323,-0.03843045,-0.085363284,0.36866435,-0.3308381,0.5684493,0.3264855,-0.34078228,-0.017141763,-0.5514193,0.40004253,-0.007873987,0.052788697
rna|LRFN2,0.41881624,0.24447517,0.33344102,0.41480875,-0.5351443,0.7847758,-0.58439463,0.76066154,0.30914378,-0.17168552,0.006996093,-0.444437,-0.006435427,0.2734561,0.06299949
rna|CLDN6,0.40546036,0.3622356,0.3954519,0.40354377,-0.13799536,0.72968835,-0.5420881,0.6582451,0.25217292,-0.12438638,-0.07748961,-0.42343506,0.22183207,0.22909735,0.08380564
rna|P2RX1,0.46225068,0.58372337,0.014904305,-0.33167538,0.7100231,-0.23229387,-0.33885518,0.001383194,0.20007053,-0.35877272,-0.4945131,0.04545988,0.23589325,0.22877808,0.450697
rna|CA9,0.004406567,0.29638162,0.669293,-0.103816055,-0.12676075,0.43439072,-0.100352794,-0.20058815,0.5156917,0.28257835,-0.17085813,-0.551498,0.49623936,0.25559556,0.051709283
rna|SPP1,0.25197822,-0.65032834,-0.13124965,0.17275666,-0.04705054,0.59878534,0.38996196,0.0029568274,-0.10744271,0.9868652,-0.084843345,-0.04323214,0.69818926,-0.24378617,-0.026662
rna|CTCFL,0.29049003,0.2817107,0.29186603,-0.021089457,0.14562972,0.38610202,-0.0186112,0.07267887,0.14116369,-0.14672948,-0.19232306,-0.41084018,0.37789637,0.027067062,0.08363796
rna|UBTFL2,0.64290994,0.31328666,0.37492418,0.101159185,-0.05164206,0.42315197,-0.44165385,0.62220997,0.3372058,-0.31910443,0.033777647,-0.63390297,0.5354501,-0.0017382628,0.06140732
rna|CFAP251,-0.42628792,-0.07549526,-0.12023845,0.2561765,-0.14937168,-0.19962376,0.20553896,-0.24243729,0.2632028,0.21075976,-0.42995557,0.06417471,-0.100338355,0.22820483,-0.28009787
rna|TMEM119,-0.4286254,0.059973247,-0.7547948,0.2445753,-0.058313854,-0.41224888,0.36007714,0.7202517,0.7716061,0.6787626,-0.9936877,-0.44474417,-0.19325127,0.63347626,0.2186847
rna|S100A8,0.3111998,0.21265978,-0.25139007,-0.47832873,-0.36319304,-0.5884172,-0.5316156,-0.5401485,-0.749601,1.0201765,0.56104034,-0.18440872,0.47837162,0.07597493,0.49503994
rna|OR51Q1,0.3631021,0.31213015,0.47316933,0.25500217,-0.36816043,0.6880931,-0.59183514,0.579132,0.20116097,-0.27173918,-0.068681136,-0.5119045,0.17777748,0.15182345,0.11415107
rna|SLC16A10,0.72792274,0.20641735,-0.49748343,-0.019612884,0.16762139,-0.14967825,0.1941492,0.014160765,0.22058603,0.43314847,0.03036984,-0.018416217,0.48770526,-0.12894507,-0.449767
rna|PWRN2,-0.6264535,0.4497903,-0.7951099,0.16874397,-0.7848541,-0.35729635,-0.31048244,0.4949723,0.8374151,-0.572593,-0.2710795,-0.11204522,-0.6180813,0.08985422,0.26570517
rna|CUX2,0.023971407,0.14553583,0.50015724,-0.12621777,0.079559,-0.659643,-0.18274081,0.5110678,-0.23458686,0.12545617,-0.31162444,0.17167805,-0.07576756,-0.048908174,-0.12064862
rna|WNT3,0.2196975,0.8448194,0.24476834,0.10075337,0.17244533,0.031713367,-0.19217442,-0.3862379,-0.012168531,-0.18291499,-0.30125266,-0.15354995,-0.14079933,0.052992888,-0.4261854
rna|LTBP1,-0.2445676,-0.22542489,0.58857507,0.24740392,-0.056833386,0.15294857,0.24465062,0.3225497,0.111711316,0.1520082,-0.33794785,0.6844127,-0.5041979,-0.3872715,-0.4824526
rna|KRT27,0.414973,0.58222747,0.4743502,0.11324006,-0.2544595,0.41508976,-0.33591104,0.112072304,0.554209,-0.24949993,-0.1532333,-0.4167811,0.20860368,0.026176957,0.27745846
rna|ELF3,0.59274715,0.81683207,0.429944,0.2025778,-0.32552695,-0.06957036,-0.04801287,-0.33768767,0.10350901,0.71468,0.13782582,0.121303074,0.32522753,-0.1384236,0.61556304
rna|RBFOX1,0.42011115,0.27613834,0.6094586,0.18032096,-0.15573299,0.5745208,-0.4780018,0.5930893,0.5168343,-0.20064045,0.08942793,-0.2751007,0.2952461,0.15263528,0.08320005
rna|CCL21,0.33063498,0.53948915,-0.7094932,0.17139356,-0.12318958,0.18220146,0.1772259,0.45025915,0.44529966,-0.69675434,0.28452587,0.35715416,-0.80065805,0.14786531,0.69067234
rna|CHN2,0.2000408,-0.18414776,0.029673178,0.45053345,-0.28277868,0.42018735,0.10706933,-0.13360135,-0.5032609,0.046472218,0.41890013,0.21045876,-0.14481397,0.0048028864,-0.15578617
rna|FBP2,0.23276854,0.196308,0.46931955,-0.14657913,0.027656222,0.13203995,-0.43321067,0.5046405,0.37810662,-0.14418398,-0.18258575,-0.43650383,0.45608822,0.10140968,-0.07027303
rna|OLR1,0.08433275,-0.7682372,0.06688809,-0.016707001,-0.095800176,-0.29461417,0.12882268,0.57263285,-0.008313883,0.91334075,-0.26505116,-0.06145773,0.81638306,-0.3726516,-0.34470394
rna|ACR,0.46208632,-0.10710471,0.35180426,0.44206464,-0.6309958,0.7209131,-0.52005434,0.59531987,0.1909859,-0.43361914,0.24938422,-0.32230264,0.016444813,-0.10511216,0.17773293
rna|CES1,-0.3121376,0.054552097,-0.13366748,-0.29047173,-0.20241272,-0.3261539,0.12077452,0.18081558,0.067696914,1.0149177,0.22164011,-0.78308433,0.6916774,-0.10600639,0.2250175
rna|GDPD5,-0.26265812,0.029511144,0.3432663,-0.3777277,0.4983422,-0.68446666,0.07653427,0.09714207,0.103351176,0.28837156,-0.74868965,-0.47105077,0.21519756,0.3628397,0.44842353
rna|GJB2,0.29754534,0.13158894,0.014960475,-0.10650438,-0.4340211,-0.1501708,-0.13046269,0.109241985,-0.30488536,1.4447626,0.78715074,0.2556767,0.35095742,-0.11864451,0.11095743
rna|DUOXA1,0.89968807,0.5782977,0.5743747,-0.12606442,-0.31075993,-0.45484614,-0.33255163,-0.34824342,0.6613726,0.828568,-0.1377286,0.49280703,0.46411237,-0.3409857,0.39367944
rna|LOC648148,0.54661244,0.56017095,0.24962685,0.26955986,0.067875974,0.32348394,0.09307918,0.73855364,0.5248021,-0.18684946,-0.17768307,-0.5107401,0.36679485,0.23453255,0.019459546
rna|C10ORF99,0.53658074,0.799242,0.62488425,0.041085713,-0.34786102,-0.1657195,-0.57304263,-0.14819027,0.4763667,0.52641106,0.21304075,0.13488029,0.5216953,-0.090538815,0.25069594
rna|CGN,0.37272745,0.9866583,0.1387838,-0.15518437,0.32758147,-0.3258196,0.25399846,-0.36766496,0.31791073,0.51408935,-0.30350152,-0.008429531,0.24627411,-0.023933588,0.039207
rna|NDP,-0.108306974,0.024071755,-0.58633214,-0.08428588,-0.08113972,0.09292334,0.010002919,0.42323214,0.5598331,0.7573189,-0.03661619,-0.1474875,0.29595459,0.23686656,0.44001338
rna|COL3A1,0.44748643,-1.2054902,-0.5422825,0.21737969,-0.5769342,-0.770452,0.5394676,0.51253146,0.27288178,0.8348396,0.18460749,-0.16054037,0.5332917,-0.6411293,-0.4030659
rna|PPM1E,-0.24843739,-0.06959447,0.3165546,-0.25483695,0.23255956,-0.14580917,0.036399513,-0.19778724,0.26253948,0.14906871,-0.11641693,-0.28063518,0.045460884,0.08522368,-0.28794494
rna|APOC3,0.10818521,0.54507685,0.3474571,0.3327393,-0.36706114,0.35777795,-0.16827112,0.57441914,-0.08408703,-0.29596415,0.27492836,-0.73154765,0.29385436,-0.42736953,0.06837641
rna|ELAPOR1,0.22491807,0.42275995,-0.26087564,-0.15169623,0.74548376,0.0028756554,-0.04773275,0.81375533,-0.083907686,0.23148896,-0.22431436,0.5564512,-0.34334555,0.58642155,0.35291317
rna|GNB3,0.38813213,-0.17611647,0.2054588,0.49465623,-0.40598264,0.47164217,0.14154233,-0.38129655,0.11201915,-0.19959179,-0.31990382,0.20991457,-0.031051783,0.010027004,0.07154573
rna|H2BU1,0.12871893,-0.3816924,0.22643346,-0.050839815,0.1486129,0.49916217,0.17856932,-0.12464737,-0.009924684,0.092051186,0.25767818,0.19562435,-0.11410276,0.085160494,0.29073137
rna|APCDD1L,0.51701903,-0.66045946,0.17834125,-0.084368184,-0.014242477,-0.2375543,0.21137775,0.2461641,0.4514028,0.42456102,-0.49269894,-0.12497188,1.0200183,-0.5135703,0.069082715
rna|PLA2G10,-0.10251852,0.6016682,0.30428636,0.13325486,0.22295028,-0.20384055,0.1818419,0.21259187,0.71325415,0.18967697,-0.5468723,-0.1494902,-0.06798085,0.26928157,-0.28464606
rna|SUGCT,-0.09859474,-0.07131248,0.01659152,-0.26689628,-0.11608694,-0.5095311,-0.018584788,0.7625432,0.10896826,-0.10098993,-0.48250484,-0.16414474,-0.23632453,-0.25503007,-0.2561344
rna|PI15,0.07290128,-0.61907506,-0.5071417,0.04723519,-0.21625234,0.0049076197,0.027055146,0.15654191,-0.104345635,0.8871188,0.051771533,-0.21925902,0.9054828,-0.20184329,-0.05104032
rna|PRAMEF18,0.6542856,0.35096177,0.3407439,0.07567898,-0.03084974,0.54730326,-0.3947396,0.6352168,0.40528235,-0.24953015,0.0016193708,-0.4322231,0.50182813,0.15351318,0.046770077
rna|CLSTN2,0.44653678,-0.20954028,-0.14313315,-0.095411606,0.060350846,-0.23563042,0.3131432,0.5312455,0.2801687,-0.13957769,-0.5258387,-0.06954668,0.007913204,-0.2031591,0.6106141
rna|TUBB4A,-0.12782189,0.2490275,-0.40756866,0.0019357901,0.313798,0.20619668,0.18385625,-0.6400389,0.3291162,-0.18155003,0.24311797,-0.41103435,0.41147888,0.5828712,0.5676273
rna|MYH7,0.25834972,0.37832972,0.19845809,-0.2823196,0.12965395,-0.46733442,-0.0045911754,-0.158001,0.4377187,0.44575983,-0.051319882,0.08347511,0.2510261,0.24720395,0.32535064
rna|GDF7,-0.13365103,0.4365476,-0.32182187,0.708023,0.12634028,0.19289818,0.089848734,-0.024551604,0.5013163,0.0066804113,-0.31015784,-0.023312949,-0.02891682,0.35476008,0.32726339
rna|CGB5,0.568037,0.22006544,0.49968424,0.2146476,-0.09254522,0.5832815,-0.39554814,0.6557563,0.30868357,-0.06302776,0.1366029,-0.6696842,0.39026684,0.17505577,0.031378247
rna|FRMPD1,0.31141177,0.29829216,0.19057766,0.22285365,-0.12130092,0.27883226,-0.11305702,0.10732188,-0.061359618,-0.53450143,-0.3370808,-0.25911,-0.17868663,0.26964676,0.27414772
rna|CCL8,0.37426847,-0.4728701,-0.014152648,-0.7248739,0.39005613,-0.09128768,0.104617365,-0.07621632,-1.0273653,0.65341944,0.6034138,-0.28876993,0.47772044,0.3201588,-0.011476642
rna|LGALS7,0.584392,0.9523369,0.40023026,-0.05750578,-0.12380861,-0.39820194,0.049972903,-0.7721138,0.561475,0.81948173,0.2736046,0.5828761,-0.104599684,-0.13119534,0.574184
rna|KCNQ2,-0.07644033,0.14692163,0.5954461,0.017595084,0.20795487,0.38087246,-0.25699586,0.6642326,0.36564445,0.045092095,-0.01161942,0.012507773,0.49105057,0.14875127,-0.010398874
rna|PIGR,-0.011276676,0.73768973,0.30414402,0.060034413,-0.05406797,-0.11438342,-0.09821082,-0.48609817,-0.0978726,0.18398327,0.17878765,0.05937092,0.008391157,0.023134498,0.1660421
rna|LILRA2,0.24524328,0.2894633,-0.23626383,-0.5710815,0.5913867,0.09667202,0.09795297,-0.06677158,-0.6718809,0.43639502,-0.21520834,-0.53911674,0.4725992,0.460675,0.2426529
rna|SLC16A9,0.09252601,0.88714856,-0.42578056,0.1397684,0.1388632,-0.039500464,-0.21315698,0.028185721,0.2192924,-0.17513815,-0.38565746,-0.17733473,-0.013965661,0.18033883,-0.028222699
rna|AQP9,-0.13423799,-0.14413677,-0.3806132,-0.17092709,-0.19302072,0.036036696,-0.1955736,-0.1283814,-0.9567731,1.0730293,0.2830636,-0.56670797,0.7961705,-0.012008617,0.21700546
rna|MIR128-1,-0.25547898,-0.030850733,-0.20286073,-0.6411128,0.04100072,-0.84015185,-0.3061311,-0.124576636,0.23724706,-0.61658955,0.41379505,-0.5313348,0.54704374,-0.077630326,-0.4249216
rna|VCAN,0.29351407,-0.9002053,-0.25572997,0.023635823,-0.027719302,-0.3913287,0.4096633,0.3096894,0.13549042,0.93223506,-0.6471842,-0.176119,0.6972697,-0.44323093,0.037340175
rna|GPRC5A,1.1020737,0.0653391,0.3306538,0.16919015,-0.53127027,-0.12056351,-0.32838085,0.07370972,0.38990748,0.3081311,-0.033013146,0.0407966,0.3811908,-0.4110162,0.43617445
rna|GOLGA2P11,-0.017834388,-0.19393137,0.40388444,-0.102095164,-0.04730232,0.040437523,-0.12607205,0.067233525,-0.10395813,0.0005653626,-0.004786437,-0.030781802,0.23339023,-0.124483846,-0.14646675
rna|DBH,0.032779362,0.5676788,0.38325953,0.16081402,0.2312015,0.21987398,-0.24203497,0.7119555,0.20923553,-0.07130838,-0.23440143,-0.6446677,0.39327726,-0.05687653,0.39108023
rna|PGBD5,0.080036975,0.43032116,0.5284112,-0.17519587,0.17684667,0.7451441,-0.1573828,0.51404417,0.026780505,0.32904288,-0.08571709,-0.09510579,0.15373367,0.1830995,0.46337065
rna|PPFIA4,-0.046620544,0.2689151,0.2623233,-0.2876642,0.24159661,0.054030314,-0.108150855,0.0030949407,0.030440109,0.90456855,-0.6821944,-0.3103023,0.5574224,0.17661943,-0.11120989
rna|PTGIS,0.43380004,-0.82380617,0.010930625,-0.049565777,-0.22506969,-0.57206136,0.5273856,0.38314602,0.37756017,0.33367726,-0.75676644,-0.20691669,0.48591015,-0.58437043,0.112404525
rna|ADAM33,0.78993386,-0.0068271505,-0.030211678,-0.04728141,0.009965152,0.026470356,0.18962224,0.019803422,0.55938137,-0.3562656,-0.01978558,0.26996136,0.106770754,-0.32248992,1.0694001
rna|CHDH,-0.1476304,0.4956007,0.24300641,0.46810192,0.045447353,-0.20236576,0.11899645,-0.21369685,-0.08976616,-0.0689644,-0.20279962,-0.14676875,-0.20501071,-0.038480714,0.039102692
rna|CYP4F22,0.25740525,0.76092964,0.27689207,-0.028660223,-0.16999537,0.23449223,-0.1842839,0.35875434,0.47804663,0.2910005,-0.014153843,0.033933457,0.14315467,0.06993226,0.42811453
rna|NOX4,0.47356358,-0.60603446,0.029228395,-0.13644868,0.3253781,-0.61052305,0.5373438,0.4814478,0.27471486,1.1290333,-0.5354743,-0.17623109,0.75756055,-0.21152933,-0.4423935
rna|CALHM1,0.053771812,0.12233449,-0.38392082,0.15264677,-0.29384243,-0.0144986855,-0.027516378,-0.5208068,0.29544282,-0.18403156,-0.0021109104,-0.18600866,0.23895098,0.15391807,0.1323566
rna|PNCK,0.09309621,0.21861158,-0.0059750574,-0.10410189,0.09626599,0.54464805,-0.06496065,0.006981351,0.021474207,0.062412456,-0.13212772,-0.2621115,0.20872484,0.18990573,0.32289848
rna|OVOL2,0.36081058,0.44583702,0.34114817,0.16461286,0.10987144,0.23008817,-0.10378573,-0.37408936,0.13302514,0.18543315,-0.099219196,0.08125448,0.15582094,-0.11948223,0.07937004
rna|RAMP1,-0.2514683,0.1869943,-0.2127288,-0.007308413,0.024308363,-0.46780536,0.39561152,0.23144434,0.24737243,-0.16587748,-0.9345309,-0.7625328,0.07773935,0.070634246,0.43345636
rna|FFAR2,0.11410746,0.26617995,0.066520415,0.17187212,-0.109523974,0.6099509,-0.24459605,-0.13245222,-0.30742165,0.25111768,0.16523106,0.009356196,0.61417943,-0.14490044,0.8299209
rna|IL1RN,0.39117166,0.27279136,-0.031268917,-0.09284301,-0.21664014,0.37894788,-0.2831769,-0.2239193,-0.50834745,0.81809396,0.34275782,0.1898813,0.51105005,-0.08007377,0.86707276
rna|ELOA3P,0.3586218,0.5046623,0.347784,-0.017949656,0.058304418,0.34850818,-0.3476284,0.52772087,0.24132851,-0.21568978,-0.16737995,-0.48549354,0.4731669,0.11015447,-0.0062069236
rna|CPNE5,-0.20318662,-0.060028963,0.018765215,0.6415336,-0.32308036,0.19698963,0.21116115,0.237203,0.42093015,0.08861392,-0.18721539,0.6631444,-0.64095896,0.1325326,-0.24775395
rna|RIMS1,0.44505683,0.08046562,0.25162524,0.38355163,-0.35545292,0.6800642,-0.38785732,0.6282162,0.2351385,-0.20282859,0.06867321,-0.3390882,0.09542051,0.03591081,0.2689017
rna|LGSN,0.05113457,0.28406656,-0.009912997,-0.14169337,-0.12660764,0.0058647543,-0.1041033,-0.09383722,-0.4563488,-0.2587589,-0.18018764,-0.5181253,0.23057488,-0.24066149,-0.16248892
rna|DNAH2,0.21141805,-0.022767408,0.09760412,-0.07185932,0.041642576,-0.5064664,0.27279755,0.4062631,0.32218,0.23158312,-0.24240956,-0.32782474,0.34794438,-0.23983337,-0.10257195
rna|SIGLEC15,-0.94765,0.30003658,-0.37608975,0.2151238,-0.79488206,0.25960302,0.14641663,0.28913027,0.8667177,0.3681368,-0.081085525,-0.3870267,-0.2583049,0.329193,0.22045851
rna|HAS1,0.43263003,-0.098803535,-0.012199157,0.002568022,-0.036347147,0.14864853,-0.011278366,0.4946934,0.416489,0.19125682,-0.75165397,-0.3736597,0.5923598,0.04208937,0.029954385
rna|POU4F3,0.24138092,0.27206215,0.5584852,0.049504768,-0.10796895,0.6465906,-0.30494475,0.22499108,0.38061836,-0.22258201,-0.28576446,-0.5140276,0.33284834,0.23853806,0.23152153
rna|SLC7A10,0.116897,0.3141189,-0.38857904,-0.17982107,0.55586183,-0.32549953,-0.03327918,0.5314103,0.5534205,-0.4765091,-0.2077926,0.07524776,-0.18434978,-0.06131523,0.22466318
rna|CACNA2D3,0.1158212,0.39616832,-0.357504,-0.037449744,0.17985496,-0.62666106,0.10533896,0.40419966,0.5992503,0.13468978,-0.52538484,-0.14058852,-0.48202643,0.4987412,-0.25397077
rna|MIOX,-0.10524161,0.31700292,0.3682836,0.39076653,-0.0864457,0.34996715,-0.083662316,0.0014522524,0.26433325,0.004489321,-0.6039381,0.07659833,-0.03030768,0.22957927,-0.05162764
rna|HDC,0.9463047,0.6245816,-0.56122845,-0.26480496,0.2518514,-0.6143741,0.28719506,0.10750272,0.60910225,0.116688356,-0.189771,-0.065150335,0.11158584,0.2398844,0.7045921
rna|MIR221,0.086631365,0.6605674,-0.30341417,0.52143276,0.015844125,0.0669745,0.047122296,-0.036045853,0.09656046,0.43229848,-0.4444386,0.033671,-0.1331301,0.65262175,0.65141046
rna|LMOD1,0.6758088,-0.22107506,0.048657894,0.073904686,-0.040253125,0.2846276,0.31600577,0.35223958,0.30403864,-0.1620155,-0.34109998,-0.10719361,0.42397705,-0.49553764,0.8798919
rna|MAGEA4,0.13850884,-0.20861484,0.33521232,0.041446254,0.31684768,0.07917238,0.10402163,-0.049239747,-0.121890746,-0.05851234,-0.109354235,-0.14543293,0.30979156,-0.0699693,0.43337214
rna|SPACA5B,0.42608437,0.32575992,0.4503702,-0.028771013,-0.03913885,0.39837876,-0.2557937,0.446557,0.44470236,-0.318315,0.044638213,-0.55037963,0.48114243,0.06654331,-0.10803463
rna|LINC00268,0.32372338,0.09430973,0.23212096,-0.18373694,-0.39265534,-0.33265394,-0.7388539,0.6306303,0.2801797,-0.5663235,0.1917517,-1.1223692,0.46485808,0.004798143,-0.040924434
rna|OTP,0.2230745,0.4100097,0.33194983,0.12089888,-0.2075482,0.72918326,-0.40885928,0.47570178,0.5506789,-0.35642263,0.024449727,-0.42171642,0.29013485,-0.04915032,0.07956081
rna|TNFRSF13B,0.2462441,0.47458488,-0.48827747,0.47802433,-0.4164688,0.047331758,-0.014193989,-0.54780155,0.2602481,-0.22887301,0.25128853,-0.22460522,-0.27883428,0.6666934,0.34404913
rna|GRB7,0.5402714,0.67551535,0.8181456,0.25887904,-0.36141777,0.3078169,-0.11441866,-0.09125583,0.14452612,0.4568955,0.12870587,-0.13520958,0.10764806,-0.0279735,0.08108786
rna|MLPH,0.53500193,0.47961488,0.26497507,0.085962266,-0.23782368,-0.17933701,-0.22775356,0.44192487,0.25648257,0.06515328,0.17257564,-0.42089468,0.49425125,-0.11772643,0.3794496
rna|PMAIP1,0.18401797,0.10016362,-0.1234282,0.036025483,0.008396061,-0.5061024,-0.2967037,0.045472365,-0.7072058,0.35186467,0.43404928,-0.19072904,-0.3510915,0.62908936,-1.3120596
rna|CREB3L1,0.6598633,-0.52765226,-0.053625274,0.39813262,-0.5496694,0.2819353,0.3474692,0.7115211,0.36160928,0.8424366,-0.066019446,0.20092404,0.6085072,-0.4171935,-0.14839394
rna|HOXA11-AS,-0.1288542,-0.13339028,0.3671732,0.041455682,-0.08044402,-0.5996779,-0.068373226,0.26896486,0.20433433,-0.05486588,0.06624823,-0.178074,0.033540297,-0.23188102,-0.18793449
rna|CSDC2,0.861565,-0.32609344,-0.15434481,0.0684615,-0.18202849,-0.22085883,0.5195322,0.41352674,0.0859772,0.14166126,-0.45638517,-0.13835156,0.4483689,-0.5734388,0.15349284
rna|IFITM4P,0.3198736,0.19799091,0.36434606,0.40872252,-0.42609337,0.76930827,-0.36968493,0.67026514,0.0075204517,-0.1174262,0.44888502,0.15433858,-0.17928235,0.26531538,-0.093421035
rna|DHRS9,-0.032772236,0.25352913,-0.45673558,0.10201783,-0.058215342,-0.11828554,-0.11481711,-0.18099178,-0.16617209,0.21200007,0.3189687,-0.31333745,-0.08331038,0.34613305,0.025252905
rna|GCNT3,-0.16995044,0.9293924,-0.5283361,0.09437846,-0.033848263,-0.38225377,0.07093286,0.13470091,0.20427567,0.31312147,-0.32848263,-0.223473,-0.22346283,0.4602552,0.3549607
rna|CYP2J2,0.58014137,0.82634413,0.03961515,0.06705666,0.29549587,0.14616959,0.1631489,0.0989379,0.15501074,0.0012272903,0.035856344,-0.16554822,0.37655178,-0.4869909,0.055673975
rna|KBTBD12,0.39653128,0.34450287,0.2970927,0.12963875,0.17840646,-0.027925897,-0.18630493,0.22864817,0.29482016,0.1547726,-0.118889205,-0.18806417,0.21225485,0.32954493,0.118641615
rna|OR52W1,0.3201504,0.31347594,0.49711242,0.24308383,-0.26987126,0.65650004,-0.42303154,0.6546639,0.26491192,-0.19915682,0.0756211,-0.48876753,0.16165654,0.17364039,0.024994653
rna|OR52I1,0.58454317,0.3524858,0.34551132,0.14198321,-0.26391384,0.5366322,-0.5578747,0.5773994,0.3877138,-0.23416652,-0.0086037135,-0.5574445,0.28530362,0.22594883,0.016786365
rna|VWCE,-0.16874996,0.62543017,0.20905036,0.020124644,0.11926065,0.06753534,0.3955893,-0.7507699,0.30319166,0.06587166,-0.4239951,-0.4060487,0.09765791,0.030934118,0.1287458
rna|CLEC18A,0.4178162,0.36002246,0.46187654,0.14521205,0.06961413,0.5021565,-0.29231676,0.4178577,0.49887958,-0.30372632,-0.18608592,-0.62842053,0.32798845,0.21735765,0.2000923
rna|ACTA1,0.3341915,0.38231373,0.20202902,-0.083725035,-0.1627224,-0.31205612,-0.09270935,-0.33004978,0.39130932,0.36640382,-0.13154802,0.29536608,0.17827852,0.058770206,0.0060122027
rna|OR2B11,0.33591637,0.36138377,0.531007,0.049764585,-0.2187488,0.43886268,-0.50096273,0.4942855,0.30847877,-0.21784712,-0.30331212,-0.6952591,0.18420699,0.26285404,0.057441536
rna|CA4,0.6296871,0.45109427,-0.19073342,-0.1321562,0.047865286,0.1225138,0.03924303,0.07125375,-0.13651894,-0.33355358,-0.18848705,-0.09691281,0.11421046,0.022255443,0.34178635
rna|EEPD1,-0.36589202,-0.07131368,0.47373125,-0.14334382,0.31564593,-0.022790458,0.11757932,0.29500628,0.22051784,0.29210582,-0.7415888,0.36837047,-0.095134676,-0.09590934,-0.27237716
rna|OAF,0.23866388,0.31915942,-0.33210218,-0.28368792,0.6586641,-0.09984318,0.8021716,0.1991772,0.0026404024,0.6556672,-0.61245537,-0.39804995,-0.07249493,0.318686,0.16326001
rna|ADAM11,0.39136362,0.14788562,0.23753469,0.39972275,-0.4080727,0.63790905,-0.3729609,0.49745294,0.48055542,-0.061653007,-0.17299326,-0.5465752,0.039149795,0.40089,0.09585251
rna|TPSAB1,0.75700253,0.21522765,-0.38428232,0.3421333,-0.5519131,-0.19994612,0.04052126,0.16144775,0.6724632,0.123130605,-0.01763837,0.28849238,-0.120948486,-0.06963912,0.40955222
rna|S100Z,-0.6340182,-0.15014577,0.29918993,-0.06848882,-0.27391443,-0.5041088,-0.17382084,0.30391672,0.09842263,0.054586824,-0.48688403,0.0056914277,-0.63878745,-0.13779557,-0.62365794
rna|ASCL1,-0.34617907,0.28051424,-0.16592227,-0.44717422,0.44968152,0.08327286,-0.037173066,0.20889716,-0.31838298,0.3225414,0.35200006,-0.18278511,-0.12225335,0.6125361,0.19885619
rna|HOPX,-0.086535096,-0.010458203,0.10321494,0.11257403,-0.19059326,-0.7977591,-0.26806325,0.5248659,0.032695092,0.72166216,-0.2063063,0.6104105,0.1136711,-0.12741499,0.009370855
rna|PPFIA2,0.28044662,0.25087354,0.3315904,0.04011253,-0.11982474,0.3913707,-0.18219966,0.55266875,0.40500295,0.3495014,-0.51969475,-0.5285158,0.5657673,-0.0150652705,0.1608795
rna|MYBPH,0.038580056,0.5351654,-0.022282127,-0.3403144,0.0063790646,0.12680799,-0.12931839,0.27980176,0.47553805,0.5269253,-0.14897165,-0.22059868,0.3963184,0.4441392,0.543292
rna|RADX,-0.35234693,0.0881639,0.4231273,-0.026622945,0.049509868,0.24268508,0.106558144,0.33262256,-0.07874496,0.33993623,-0.27047175,0.3462077,-0.31071332,0.25297993,-0.3664623
rna|STX19,0.56533825,0.76621133,0.03639305,-0.49330005,0.017850252,-0.4729998,-0.27862135,-0.22114855,0.25291884,0.26529962,0.042886846,0.049615536,0.22112149,-0.040939856,-0.080483146
rna|CHRDL2,0.59106636,0.5669942,0.1841022,0.31785536,-0.16820423,0.35825276,-0.01777488,0.45088047,0.11094571,0.4291285,-0.31296694,-0.34637046,0.22346468,-0.04777189,0.3750589
rna|ZNF804B,0.24681059,0.44896492,0.3191331,0.12764111,-0.25949812,0.5036638,-0.5559763,0.5444447,0.3576714,-0.4073946,-0.005041195,-0.4630372,0.09295793,0.09782498,0.12274222
rna|MED12L,-0.5415784,-0.17883965,0.60088044,0.28454617,0.12074589,0.008971275,0.27395493,0.19841525,0.20176676,0.5303274,-0.5836717,0.1850632,-0.1587225,-0.0016882842,-0.39619407
rna|DPEP3,0.21871816,0.42090112,0.040733032,-0.30783668,0.8137317,-0.20800772,0.026440293,0.28284732,-0.0116661135,0.16438,-0.059838664,0.26686388,0.18940575,0.16520312,0.043615468
rna|PLAC8,0.37661433,0.39530677,-0.55400777,-0.044240188,0.43294033,0.08465526,0.042996705,-0.048140004,0.105510555,-0.59680927,0.27446753,0.30851123,-0.23894633,0.14458019,1.0413213
rna|MYO18B,0.45374978,0.26510677,0.5533922,0.17332178,-0.24491812,0.16271572,-0.16843407,-0.24404946,0.19343093,-0.15709664,-0.10716217,-0.6250823,0.3953767,-0.062755994,0.42824608
rna|IZUMO2,0.29037017,0.28298792,0.47209182,-0.069620505,-0.084175535,0.3731949,-0.3419118,0.60607964,0.4224691,-0.2963401,-0.019396307,-0.58721745,0.46107697,0.1645463,0.10126696
rna|HCN4,0.471291,0.2552126,0.35284254,0.08467647,-0.11578528,0.45048553,-0.28679037,0.3849118,0.5128632,-0.27642187,-0.08950099,-0.40845475,0.39552066,0.19505501,0.13762303
rna|KRT17P5,0.38742706,0.38742647,0.13572548,0.20182475,-0.1996101,0.43152314,-0.0878065,0.35813987,0.18804565,-0.43132278,0.09600028,-0.62945247,0.32207647,-0.010385372,0.04978163
rna|NFE2,0.50778455,0.4432881,-0.8476949,-0.1987281,-0.121867135,0.09069558,-0.027036732,-0.09075804,0.04669497,0.09368654,-0.13905996,-0.3052966,0.44170034,-0.039182592,0.8670126
rna|NOG,0.3947587,0.39867494,0.14073235,0.05777994,0.23953445,0.23677625,-0.28778157,0.5971772,0.5342992,-0.600545,-0.15954559,-0.027475895,0.27573377,0.08466141,0.41658574
rna|SH3GL2,-0.00012622241,0.050860733,0.15092553,-0.04672227,0.24024442,-0.10348575,0.3005079,0.04087718,0.24466705,0.18335107,-0.28551635,-0.5733017,0.33853924,0.16910213,-0.041301664
rna|ZFY,0.16264138,-0.32340184,-0.15258569,-0.253582,0.18726341,-0.37825504,-0.22280303,0.17004296,-0.20988896,0.124122225,0.45678312,0.078486376,0.09119716,-0.0704766,-0.29092866
rna|RAPGEF5,-0.24731825,0.23239836,0.5566338,0.014568484,0.16362722,-0.1742595,0.22646469,0.4267394,-0.18736197,0.47015563,-0.807869,0.082755394,-0.43464404,0.16439572,-0.5804034
rna|FCGR3A,0.39206156,-0.7045785,-0.016270716,-0.3804606,0.11831762,-0.09869421,0.025702842,-0.0112456195,-0.982045,0.35650584,0.76987976,-0.40574542,0.7524971,-0.24404752,0.44086206
rna|IL18RAP,-0.05578436,0.5123527,-0.47424957,-0.35346174,0.38473296,-0.2804844,-0.22360441,0.316511,-0.1737749,0.3918989,-0.14754815,-0.32445344,0.024249215,0.5781437,0.33535585
rna|SYBU,-0.18512787,0.29342738,0.23860472,-0.039143268,0.0019606128,-0.28982797,0.14336345,0.24751334,0.18677887,0.019988904,-0.40307713,-0.118751995,-0.13772804,-0.30777624,-0.11163688
rna|ESR2,-0.33094677,0.070283756,0.5999579,0.484435,-0.0848325,-0.1759768,-0.035833213,0.2022303,0.35795742,0.09085527,-0.7439666,0.48402092,-0.40841955,0.06061884,-0.35379967
rna|KLK1,0.43746474,0.056696475,-0.10695853,0.07139071,-0.09475353,-0.1123358,-0.1306253,0.0031000967,-0.081485316,-0.049264878,0.52309406,0.102025114,-0.17327964,0.032941774,-0.31730896
rna|HLF,0.72181356,0.5491613,-0.40692058,0.5005921,0.012816271,-0.08441916,0.5262145,-0.034975734,0.21815713,-0.03128127,0.2054706,0.33932272,-0.22987327,-0.045125425,0.42019916
rna|KCNT1,0.4674782,0.1963333,0.08801578,-0.32292718,0.38597515,0.21540523,0.29137376,0.076898195,0.107239865,0.04419729,-0.22015207,-0.21722968,0.39518264,-0.07241683,0.4680239
rna|CHST6,-0.15006475,0.1966901,0.3208384,-0.3079139,0.22313038,0.1695878,-0.003773744,0.39417866,0.41285044,0.3658048,-0.49935657,-0.63968384,0.7067504,0.17009704,0.29456583
rna|FCGR1A,0.059476517,-0.33417773,0.2446526,-0.5737664,0.42672023,0.052329283,0.3351532,-0.0013420468,-0.6784005,0.5091764,0.3747669,-0.6467022,0.7446056,0.27132717,0.6907611
rna|CCL4L2,0.20952807,-0.035352282,-0.37457225,-0.4474837,-0.018935567,-0.27112395,-0.44387978,0.42813805,-0.6817435,0.04671083,0.79871446,-0.34428725,-0.043292772,0.13500868,-0.47797728
rna|SYTL4,0.021220831,-0.18870384,0.08237362,0.10547768,-0.43671682,-0.79920113,-0.042920988,1.0542786,0.17348899,0.36937368,-0.090677984,-0.07060954,0.094265364,-0.5771551,-0.2622332
rna|DDC,0.3890898,0.6143598,0.29937714,0.37755695,0.23638228,0.2951952,0.021450369,0.050393388,0.070072606,-0.35503137,-0.009391428,-0.5959646,0.4221865,-0.3865966,0.2226389
rna|TSSC2,0.28214723,0.17831892,0.1546989,-0.0069259494,0.11837899,0.35686862,-0.045238696,0.43533018,0.6840765,-0.14003658,-0.08658869,-0.19433951,0.3657889,0.03562423,0.477559
rna|OR2L8,0.4132602,0.24782337,0.19957277,-0.008823,0.04079207,0.20953853,-0.4993551,0.6302333,0.31648585,-0.48890424,-0.08724153,-0.49726558,0.35846552,0.18465534,0.2928399
rna|SSX1,0.4594365,0.19194075,0.32401094,-0.019814394,-0.15087049,0.25475633,-0.2247597,0.43097517,0.25501466,-0.4143552,-0.14091493,-0.68281347,0.35892335,0.08033805,0.042858243
rna|CCNO,-0.20090774,0.6401746,0.11331608,-0.2068525,0.4023532,0.030904697,0.2995418,-0.17602664,0.07079897,0.36750513,-0.6088469,-0.10344155,-0.15570147,0.3017269,0.016181048
rna|KRTAP3-1,0.38873965,0.36805558,0.388369,0.20244527,-0.46752924,0.4443191,-0.6174456,0.57732975,0.36721784,-0.35984778,0.27360874,-0.62084943,0.2871318,0.14903228,0.03356327
rna|CHAT,0.114077576,0.049297076,0.57193923,0.14898136,-0.07688333,0.49480277,-0.14805092,0.43992895,0.20084855,-0.121891536,-0.20889561,-0.34650543,0.45767555,-0.04141528,0.11298775
rna|LCN2,0.74915844,0.9366352,-0.14719568,0.060129005,-0.44690347,-0.6608732,-0.49578822,-0.5346138,-0.07133531,0.58918214,0.20084123,0.47310543,0.29906234,-0.3525067,0.71631896
rna|PSCA,0.5878384,0.554252,0.4848776,0.19517802,-0.50867176,0.060820244,-0.57250667,0.05803273,0.4992289,0.080135755,0.23647346,0.07518249,0.33050248,-0.15794653,0.5216488
rna|ESPNL,-0.26134393,0.3820058,-0.104950204,-0.106528,0.048684064,-0.40159902,-0.1761258,0.176301,0.30586424,-0.044095967,-0.22152466,-0.0081645455,0.19235241,-0.0694897,-0.27459368
rna|GFPT2,-0.08689421,-0.48832572,-0.14933912,0.438444,-0.29492536,0.12000585,0.57832676,0.40824598,0.37285188,0.9208681,-0.7331103,-0.17620839,0.16060273,0.063210614,0.06853913
rna|ALG1L,0.42187384,0.27217314,0.20891151,0.0052661113,0.21945508,-0.22170013,0.24664176,-0.17898044,0.4170756,-0.1652419,0.21697865,-0.29942733,0.2228892,-0.15734833,0.3291735
rna|MAOA,0.8234933,0.46842507,-0.73555607,-0.24010997,0.2977946,-0.40722147,0.6029595,0.42916182,0.16906182,0.5412173,-0.13180946,-0.18568072,0.19682334,0.009222284,0.036768697
rna|LCE6A,0.6136561,0.5189274,0.6300813,-0.12864488,-0.30315652,0.32754678,-0.36334473,0.17790754,0.5231357,-0.018014278,0.002694119,-0.29285705,0.21958706,-0.031246882,0.21099767
rna|NUTM2G,0.3521229,0.40213984,0.403672,0.04400958,0.0014586606,0.3451018,-0.37935618,0.42205885,0.40702364,-0.3461029,-0.03511488,-0.61803263,0.5589579,-0.083269,0.15635577
rna|UCHL1,-0.08569592,-0.31317657,0.14064698,0.10112674,-0.30824918,-0.071952455,0.010200063,0.58480275,0.34409353,-0.0622473,0.024583312,-0.11991542,0.19626285,-0.31897545,-0.36197397
rna|PON3,0.37621513,0.64746785,0.00085569883,-0.20765305,0.49027017,-0.37367323,-0.0053206123,0.4120831,0.33055004,0.24842331,-0.61338115,-0.42899403,0.6364331,-0.2734147,0.18113424
rna|GDF3,0.42751497,0.34466553,0.3612185,0.21569222,-0.1839879,0.4225695,-0.502697,0.45778272,0.32984245,-0.33741233,-0.07146531,-0.60067147,0.24304481,0.17117465,0.26966694
rna|FCRLB,0.003045936,0.2564102,-0.08494569,0.29943293,-0.0017870239,0.09241598,0.016005198,0.09046338,-0.2318575,0.42482513,-0.20024212,0.15521656,-0.6009192,0.48296437,-0.7752632
rna|CACNA1I,0.26452395,0.45804763,-0.6780069,-0.17226054,0.42997116,-0.402599,-0.052839518,0.47076407,0.45594928,-0.3954122,0.18176267,0.15387318,-0.47104394,0.2053789,0.7588283
rna|INMT,0.40753996,0.25720623,-0.15099153,-0.32553604,0.5163448,-0.67517805,0.7401502,0.14287886,0.06892375,-0.15509151,-0.64965975,-0.533478,0.13215213,0.123399585,0.71743375
rna|ZNF322P1,-0.09181103,0.12009672,-0.23550908,-0.07201883,0.22410135,-0.27915004,0.1927509,-0.169149,-0.048251938,0.19348657,-0.046919297,-0.16015562,-0.07739113,0.2089879,-0.2956243
rna|RGPD1,0.11517076,0.22170031,0.032944523,-0.032736436,0.17013308,0.041430887,-0.3301382,0.46302253,0.12831199,-0.19972901,-0.19235423,-0.12244275,-0.033860013,0.21257165,0.027145145
rna|MB,0.4760682,0.41673163,0.46992522,-0.054066084,-0.31111148,-0.17555957,-0.365576,0.06538028,0.49242252,0.13636298,-0.011477941,-0.04780535,0.50151753,-0.1448086,0.25935435
rna|OR2T10,-0.2696037,-0.16084586,0.10422447,0.31493562,-0.048551124,-0.2560138,-0.2593611,0.837269,0.10566871,0.037943527,-0.3657324,0.36756542,-0.08700825,-0.1793651,0.04058447
rna|SOX8,0.022655535,0.51646405,-0.8321093,0.13194987,-0.06330185,0.0018034476,0.16985075,0.67322636,0.41975698,-0.35302275,0.1665151,0.06598923,-0.9806318,0.6242295,0.18072967
rna|FAM133A,0.071341306,-0.0989159,0.3016087,-0.077580124,0.118790776,-0.20034859,0.45596042,0.4476863,-0.005521219,-0.008855278,-0.11208926,-0.17442153,0.29604936,-0.010474814,-0.05150884
rna|WNK4,-0.09796504,-0.026279176,0.3141692,0.025976567,0.07305886,-0.2724969,-0.34333616,-0.21037003,0.17447221,0.01215537,-0.36387703,-0.36941418,0.22166973,0.34861222,-0.24490058
rna|CCL11,0.3571174,-0.14643529,0.10234616,0.21077225,-0.22537506,-0.12864502,0.11097224,0.26810053,0.22176477,0.48916686,-0.5048691,0.010792825,0.32188585,-0.39142543,0.09811922
rna|CASP5,-0.046497624,0.09326152,-0.034633968,-0.37906918,0.4592787,0.32903045,-0.025487658,-0.08703155,-0.6987149,0.07774265,0.121490285,-0.43520644,0.49880832,0.43008158,0.7543599
rna|MMP2,0.31184328,-0.54849625,0.012984416,0.2246808,-0.09637586,-0.010959976,0.6723899,0.32047543,0.7163966,0.91111934,-0.6689431,-0.16330366,0.6955008,-0.26676664,0.18074274
rna|MFAP2,0.56419885,-0.57158726,-0.06029435,0.43341848,-0.28911337,0.0895451,0.3448876,0.7023806,0.6699377,0.72127193,-0.71859014,0.10359542,0.64261454,-0.20717233,0.13882981
rna|LOC441956,0.41600725,0.35742974,0.31904724,0.2523952,-0.2597376,0.37648022,-0.48283613,0.7902737,0.46178398,-0.21404573,0.025645478,-0.60421026,0.23136048,0.12168354,0.051302474
rna|IGLL1,0.7171677,0.27865613,0.053675845,0.16489157,-0.053992923,0.12829815,0.3001137,-0.3145387,0.19055033,-0.23091021,-0.11424652,0.1891647,-0.44805396,0.21118107,0.006995368
rna|SH3GL3,0.29642272,0.49937096,0.17207731,0.19655351,-0.31410378,0.38776857,-0.29014245,0.2542844,0.35191292,-0.003906728,-0.32354587,-0.4574444,0.30789614,0.113014005,0.29573342
rna|RASGRP3,-0.16975722,0.4719798,0.10025343,0.070531465,0.41677463,-0.45227715,0.19562486,0.094921716,-0.16391845,0.69114435,-0.6471705,-0.25093958,-0.5655942,0.91574985,-0.7364545
rna|BEX2,-0.21366045,0.47714615,-0.2544587,-0.098560065,0.67917085,-0.09610567,-0.00076736155,0.23476157,-0.020619363,0.07537953,-0.16504921,-0.070490815,-0.48747438,0.35516822,-0.11567197
rna|CDH11,0.110491686,-0.20836619,-0.62362695,-0.2673996,0.20597328,-0.73412853,0.29043484,0.55597734,-0.19093616,0.7926581,-0.811562,-0.16306117,-0.106244646,0.47120604,-0.4835036
rna|OTOL1,0.54025036,0.4784677,0.51549965,0.19108236,0.040559255,0.42000055,-0.06407744,0.575741,0.43347928,-0.115732454,0.015461397,-0.44282302,0.36805892,0.16383259,-0.1162758
rna|CR1L,-0.5500484,-0.14998132,-0.23825985,0.041088615,0.052115705,0.2872913,0.21905904,-0.1125057,-0.057761002,0.5438905,0.0021008267,0.27811274,-0.33063224,0.114379056,0.32420042
rna|BCAS1,0.05479455,-0.13510835,-0.39968383,-0.031427495,-0.13256668,-0.34591004,0.026540276,-0.197759,0.19294739,-0.0778875,-0.02625756,-0.05433713,0.13799816,0.12377678,-0.038093135
rna|WNT10A,0.13798073,0.22154573,0.71607715,0.09102956,0.07223127,-0.06620502,-0.19303003,-0.4213403,0.05870862,0.014856804,-0.29393986,-0.17960647,-0.33548233,0.4744445,0.37504515
rna|PCDHGB3,-0.7342986,-0.19884875,0.42073485,0.55393094,-0.22589266,0.021813652,-0.020729864,0.62508714,0.5526949,0.29566857,-0.6207186,0.66103816,-0.48253924,-0.19994952,-0.16140614
rna|FBP1,-0.11697475,-0.03193926,0.27599838,-0.0885957,0.31339183,0.41223663,0.3044701,0.4329461,-0.36624137,0.78723717,0.09998367,-0.32261014,0.3535796,0.12555398,0.30568653
rna|LRP4,0.5529182,0.3323227,0.3676009,0.23203754,-0.31437275,0.499925,-0.16315298,0.1751992,0.40181816,0.10486097,-0.09658371,-0.261164,0.4004788,0.111852996,0.4402736
rna|RPL31P57,0.27068517,0.23751645,0.39011475,0.002031025,-0.1429502,0.01673448,-0.2496166,0.36711735,0.3899896,-0.15478443,-0.5631093,-0.07038191,0.21838291,0.12422935,-0.10432665
rna|PNLIP,0.42705703,0.19327387,0.2961851,-0.2049889,-0.00046864763,0.09478686,-0.38733688,0.42041945,0.29334638,-0.4518444,0.23597634,-0.6181024,0.7419439,-0.1602756,-0.07481381
rna|MYOZ1,0.56442124,0.44309965,0.11525419,-0.054140743,-0.027346896,0.014435966,-0.15369642,0.33085945,0.42842394,0.2605031,-0.24080624,-0.13962124,0.34838557,0.14675492,0.42670026
rna|LOC389832,0.44708234,0.32860285,0.3454623,-0.038638964,-0.09728773,0.26011294,-0.36745933,0.5505792,0.39530733,-0.39590332,0.006555941,-0.84800744,0.59330374,-0.057246115,-0.11926661
rna|HSPB7,0.5246574,0.05991668,0.23939298,-0.15083559,-0.18697867,0.011956036,-0.06241474,0.19442897,0.37910545,0.10903409,-0.31497303,-0.08148121,0.42495903,-0.1614663,0.34752238
rna|SOX2-OT,0.5038225,0.16972531,0.38619146,0.028418142,-0.06682813,0.118445754,0.057929497,0.2811122,0.12559307,-0.15120348,-0.1838046,-0.24486774,0.17499207,0.027112877,-0.26114044
rna|ODF4,0.342043,0.110109225,0.4676799,0.18095447,-0.40025657,0.48471308,-0.6066573,0.6537811,0.33139834,-0.23359479,0.2592664,-0.32293704,0.20858149,0.04910388,0.11704386
rna|CYP4F12,0.4051635,0.9172459,-0.03641515,-0.15041511,0.14241432,-0.44209987,0.03278173,0.09975751,0.4509025,-0.2511616,-0.38435483,-0.3221015,-0.16256522,-0.038029917,0.6518492
rna|SERPINA3,0.050122794,0.24258189,-0.6377399,0.12932678,-0.31282368,-0.4093773,0.45471188,0.106880836,0.11957925,0.53049636,-0.23798856,-0.6371048,0.13254641,-0.22913697,0.46470335
rna|KCNJ3,0.22177114,0.17474194,0.5750757,-0.057873316,0.05492454,0.20551428,-0.3136028,0.3826824,0.27504948,-0.32109994,-0.17284875,-0.507438,0.37499,-0.073507495,0.07052856
rna|AFF3,-0.19338311,0.6666912,-0.61284953,0.30170768,-0.07580094,-0.01781904,-0.06989573,-0.2519305,0.20492001,0.057965457,-0.03011597,0.010686946,-0.6179869,0.65594417,-0.66094726
rna|HMHB1,-0.30453947,-0.091961324,0.5673787,-0.19558057,0.22077557,-0.51573676,0.022046462,0.22149447,0.14366552,-0.035910472,-0.4074491,-0.094761826,0.16031738,-0.061431527,-0.03738483
rna|HEPACAM2,0.13005008,-0.24144483,0.039603,0.17848425,-0.053702757,-0.04691211,0.09089317,-0.21648908,-0.012088016,0.0023366185,-0.07125298,0.06796005,0.0020227693,-0.21832055,-0.23278548
rna|MYL3,0.44593403,0.44118103,-0.1866554,-0.017342674,0.0023438644,0.092195295,0.098254025,0.37848833,0.533799,-0.015045803,-0.411587,-0.24600527,0.1842879,0.16826254,0.7698958
rna|CP,-0.024833206,0.56349903,-0.36595416,-0.16568187,0.35161534,0.12130271,0.14991665,0.18960881,-0.45182908,0.42814133,0.41419145,-0.19043791,0.054025967,0.27831006,0.7040227
rna|OGDHL,0.055681445,0.43179545,0.34211266,-0.030135687,0.15379308,0.27127972,-0.14222418,0.24112141,-0.119163856,-0.40691808,0.054546036,-0.2578059,0.38818064,-0.5151416,0.0044539645
rna|BARX2,0.42762053,0.3329312,0.13035394,-0.24121152,0.24758199,-0.26456487,-0.1633653,0.3592068,0.27460223,0.539595,-0.031429727,0.41640508,-0.13980672,0.0757106,0.38710126
rna|CCDC187,-0.010126414,0.2759181,0.18996225,-0.050499573,0.11218145,0.20643404,0.05402417,0.091355495,0.29697475,-0.21460861,-0.3172339,-0.16170076,0.19063805,0.1267595,-0.06143392
rna|PCDHB17P,0.3886524,0.22486433,0.2724945,0.22326288,-0.12134126,0.4826693,-0.28837863,0.6040264,0.60386026,-0.25628576,0.062023126,-0.37259096,0.4108838,-0.12385966,0.1954775
rna|PASD1,0.34338146,0.08423706,0.39135504,0.090535104,-0.11295022,0.29986575,-0.40997586,0.23185408,0.22705875,-0.30358064,-0.17534032,-0.6145012,0.37724823,0.06580445,0.20668592
rna|UNC93A,0.53383815,0.81136614,0.5560418,-0.008574163,-0.162731,0.27250278,-0.31763706,0.27664566,0.44587287,-0.07287341,-0.04633874,-0.52194965,0.29038972,-0.022912107,0.21312913
rna|MUCL1,0.49499407,0.2409882,0.30579835,-0.19743887,-0.12290994,0.20925339,-0.15465266,0.1382754,0.17160313,0.41404432,0.043540835,-0.22068852,0.4657498,-0.08393927,0.29340583
rna|GLDC,-0.44834113,0.2003983,-0.12063159,0.13411048,0.13038912,0.13188702,0.25272253,0.17345007,-0.11564894,0.18607266,0.31849387,0.11054648,0.22959524,-0.08774818,0.53139174
rna|SPOCD1,0.18908626,-0.5590062,-0.28105432,-0.034912474,-0.14643608,-0.101566516,0.12050572,0.018686155,0.11928665,0.8449992,-0.13845567,-0.3891631,0.8914698,-0.2230965,-0.11538737
rna|BEND4,-0.37031597,0.15166575,-0.123181574,0.22284576,-0.06543515,0.45665047,0.089523725,-0.15761176,0.26427478,-0.003080839,-0.12851712,-0.031649493,-0.33351034,0.27702326,-0.2708252
rna|MMP3,0.4629432,-0.035752706,0.11069686,-0.09481616,-0.20409514,-0.5918503,-0.0946833,-0.26830015,0.18863955,0.88205004,0.18299317,0.15940379,0.6568874,-0.33087406,0.12671691
rna|KRT9,0.21864568,0.34032485,0.75818014,-0.21855545,-0.117418855,-0.098172516,0.039222516,0.030502459,0.57296956,0.34229496,-0.2932928,0.24777922,0.021327533,-0.20654282,-0.21732758
rna|C6ORF15,0.83534026,0.5823031,0.48700327,0.015544609,-0.6534163,0.13357665,-0.4769039,0.17404972,0.44937542,-0.02991239,0.42416033,0.01527891,0.029737493,0.05360129,0.25447357
rna|FAM3D,0.5266227,0.6165791,0.42867348,0.040653456,-0.33871388,-0.6467598,-0.47514302,-0.049203236,0.25026453,0.10503649,-0.12540215,-0.15278724,0.070287816,0.1397802,0.48932254
rna|LCNL1,-0.4822917,0.42117074,-0.517783,-0.32795238,0.18267019,-0.24775426,0.29970747,0.19356461,0.76465935,0.1958023,-0.25855643,-0.3078161,0.10089873,0.5675389,0.69190425
rna|ADIPOQ,0.45047244,0.031848256,0.09094874,-0.08646633,0.04636751,0.2952516,0.127674,0.19096327,0.5564317,-0.3709186,-0.18895073,-0.63152504,0.5761592,-0.020576667,0.2680467
rna|IRX6,0.3439065,0.15120463,-0.20421675,-0.09207202,-0.4580412,-0.35828388,0.10830268,0.14910324,0.60593736,0.6565593,0.13016601,0.12649071,0.3106222,0.11578568,0.24749932
rna|TPSG1,0.6750388,0.46081176,0.5201477,-0.10240001,-0.3254058,0.15706952,-0.230485,0.22534403,0.6217894,-0.12926275,0.02679013,-0.29081315,0.15807278,0.1793597,0.42443466
rna|ADTRP,-0.045382846,0.27065393,-0.26883563,0.15560281,0.30220127,0.59585106,0.14289525,-0.32504612,-0.10940489,0.24404466,0.03263011,0.18307368,-0.21586573,0.5105475,0.42015615
rna|PLD5,0.15094367,0.6573131,-0.55380845,-0.22792275,0.2533877,-0.08997785,-0.040924266,0.39768732,0.30120054,-0.898012,0.27233368,0.106615834,-0.6394193,0.27978846,0.25388962
rna|CACNA1E,-0.28967807,-0.20275071,-0.09216686,-0.16325814,0.05231084,-0.24442902,-0.2358725,0.36113992,-0.25726962,0.18770804,0.14403217,-0.23077059,0.56266165,0.17802149,0.27541223
rna|HTR2A,0.424368,0.10306264,0.20074025,0.051221367,-0.07194632,0.23345344,-0.2223075,0.20313394,0.37540916,0.084922284,-0.45259073,-0.49371514,0.72994846,-0.110474944,0.50011146
rna|UBL4B,0.433178,0.2829492,0.57554156,0.016283419,-0.07765716,0.523115,-0.4096617,0.306965,0.34449875,-0.15970886,0.111243375,-0.5462011,0.5124954,0.0028878523,0.2268497
rna|RAB7B,0.3481452,0.37909645,-0.2816954,-0.7153793,0.5488694,-0.6508502,0.4197266,0.32773238,0.26200134,0.20070826,-0.34648955,-0.30623242,-0.11815398,0.6683972,0.32123318
rna|EIF1AY,0.15100247,-0.12294424,-0.047942486,-0.3062032,0.15148036,-0.42565838,-0.22635747,0.05792137,-0.12581266,0.118667245,0.34036908,-0.16360849,0.14611642,0.044273924,-0.3421229
rna|TLCD4,0.4473858,0.5705724,-0.2341083,0.15554318,0.29736492,0.11419614,0.26386118,-0.16315807,-0.046983432,-0.12583058,0.0031939698,-0.06901518,0.28635406,-0.33247864,-0.15394701
rna|GGCT,-0.105657816,-0.0631365,-0.06487825,0.047938596,-0.080715,-0.14575173,0.09445197,-0.18919177,-0.40397468,0.33313483,0.18511488,-0.0023281425,-0.32647303,-0.04031869,-0.551941
rna|H1-1,0.0473478,0.03038234,0.4265703,0.27739984,-0.1829703,0.3139037,0.0541836,-0.17585935,0.17896047,0.16008107,0.15293786,0.3384081,0.072883405,-0.2854133,0.36491123
rna|NAT8B,0.4348804,-0.14228518,0.061780304,-0.6891125,0.8205237,0.2509887,0.61756957,0.19630325,-0.58559537,0.39894667,0.39528492,-0.21987982,0.5773389,0.12597059,0.22141966
rna|KIR3DL2,0.47816116,0.12222458,0.3198865,0.022099998,-0.024624003,0.60022396,-0.35958084,0.4539227,0.027695302,-0.23946221,0.44009835,-0.10399159,0.21049662,0.13932736,0.33496252
rna|PXDNL,-0.32671997,-0.29527086,0.26951954,0.20328163,-0.18582498,-0.337465,0.02540872,0.7000161,0.23159193,0.4010577,-0.24514557,0.049762636,0.0025899897,-0.18484932,-0.15302773
rna|SCN2A,0.28898507,-0.07927039,-0.078561276,0.29385552,-0.028319197,0.12497844,0.14496914,-0.3664458,0.12507847,-0.27256095,-0.010635335,-0.17361072,0.22811003,-0.053218663,-0.12588476
rna|VEPH1,0.36827767,0.13824897,0.39843675,-0.02274743,-0.21334149,0.4468062,-0.33447155,0.4928782,0.47448742,-0.27036753,-0.025243362,-0.5444494,0.48963094,0.044892658,0.08321917
rna|MIR125B1,0.25309688,0.24912038,0.07277049,-0.06689468,-0.00080880977,0.2727925,-0.0807361,0.055675138,0.505045,0.03840681,-0.6491614,-0.27252316,0.43300363,-0.10816212,0.5062576
rna|FAM155B,0.07815829,0.123754404,0.12504856,0.124119386,-0.25265223,0.31865734,-0.2817862,0.6300481,0.41393247,-0.16348128,0.13003702,-0.23480706,-0.054074947,0.18366763,-0.1743891
rna|EPHB1,0.11293023,0.14908838,0.3495387,-0.13052651,0.14693499,-0.14698139,-0.08622144,-0.094544925,0.1975995,-0.147959,-0.11130856,-0.1282615,-0.005821256,0.048233863,0.25874576
rna|GNG8,-0.39930645,0.06333547,0.39274487,-0.115021855,0.28985572,-0.48062497,-0.13673557,0.3879359,0.35180575,0.028839692,-0.33409452,0.102310576,0.11357156,-0.19788387,0.1872022
rna|ACP6,-0.26046503,0.354768,0.15923645,-0.05020192,0.68978345,-0.061748676,0.66283536,-0.37438387,-0.039428208,0.3451623,-0.7737426,-0.29664513,-0.06851062,0.1709058,-0.0676066
rna|KLK4,0.40110424,-0.13662738,0.28392303,-0.029247917,0.066405505,-0.0076478967,0.07080903,0.49295914,0.28714338,0.4929757,-0.17663348,0.08041679,0.36028013,-0.13064562,-0.28136557
rna|GAS8,-0.10008336,0.6894836,-0.078946605,-0.36113268,0.5791793,-0.24806798,0.1042223,-0.019652346,0.061652124,0.47234404,-0.7624325,-0.43717673,0.23657697,0.25552118,0.35861042
rna|HACD1,0.48141944,0.43391284,-0.01787791,0.17368926,0.39232656,0.31130487,0.23995672,-0.19785036,0.1454963,0.017612698,-0.60758406,0.26556736,-0.15963185,0.45046496,0.2048239
rna|CCL13,0.59613216,-0.06666268,0.11857527,-0.4854106,0.53461164,-0.28562784,0.39267737,-0.24519368,-0.07160664,-0.012291571,0.07880702,0.012614307,0.3252955,-0.008635361,0.49183995
rna|TNFRSF17,0.05932809,0.07644204,0.36383122,0.10785313,0.23263615,-0.113468684,-0.24105336,0.049038503,-0.23621686,-0.109044835,0.17472203,0.4223425,-0.31022233,-0.044627808,-0.5555335
rna|PBK,-0.12968639,0.120967925,0.090242326,-0.3022569,0.1112165,-0.0508986,0.23703851,-0.38414505,-0.27654886,0.53410715,-0.2526322,-0.3429281,-0.43522805,0.6703271,-1.2406896
rna|DNER,-0.053326555,-0.18940139,0.37314758,-0.1109659,-0.060781796,-0.35764098,-0.14035845,0.5589588,0.15550841,-0.015912296,-0.098194614,0.24288295,-0.04065674,-0.2637231,-0.11459801
rna|JPH1,0.27265018,0.54589295,0.30884382,0.1390643,-0.230993,0.03620701,-0.22548695,0.16219383,0.37056422,0.3327883,-0.23402938,0.011334867,-0.03889499,-0.40335342,0.18568455
rna|CD1A,0.012448268,0.36426553,0.20662604,0.14916213,-0.17053905,-0.03161142,-0.32078898,0.5728899,0.7078507,-0.15999646,-0.23499487,0.43939143,-0.42611182,0.018485645,0.05490343
rna|ICOS,0.027845077,0.38549563,-0.47312954,-0.6005413,0.98548454,-0.39189854,-0.0096514225,0.53368336,0.20824505,-0.07866154,-0.019040383,0.027968882,-0.5715949,0.43203297,0.3614999
rna|CPLX3,-0.0677322,0.14630114,0.31762293,0.36645183,-0.3913941,0.2682611,-0.49007145,0.29830787,0.14521094,-0.29283398,-0.22621375,-0.14632304,0.122989394,0.19891202,0.05203439
rna|TM4SF5,0.2930114,0.62360966,0.35057423,0.21017021,0.07629828,0.14079994,0.15833518,0.6771932,-0.0010045046,-0.14663452,0.16194178,-0.68038523,0.37622312,-0.30779317,0.022576911
rna|CLDN23,0.16035528,0.56573147,0.06486225,-0.3768626,0.7021049,0.13523154,0.15867269,0.26444402,-0.3889027,0.9137275,-0.35638285,-0.08104486,0.14706366,0.5484058,-0.53674287
rna|POU4F2,0.37666348,0.14860356,0.3707176,0.18948898,-0.37229982,0.52925247,-0.5976123,0.5874562,0.22269873,-0.1880024,-0.12629469,-0.6491976,0.23260956,0.21899329,0.09098361
rna|SYT1,0.43439412,0.121449865,0.21547756,0.11019455,0.031849544,0.27467793,-0.29638332,0.49868977,0.1607435,-0.28103277,-0.24009578,-0.46278942,0.31612894,-0.10712112,0.115150146
rna|CARMIL3,0.19784613,0.039702702,0.27229232,0.5122053,-0.3147456,0.76859343,-0.04007693,-0.049204122,0.3026326,0.0027505364,-0.06081461,0.002675416,-0.1083869,0.09909791,0.036080975
rna|SCML4,0.31674695,0.42218834,-0.34117314,-0.1417699,0.45988727,0.25181213,0.25070712,0.42495573,0.016854614,-0.19528532,-0.022261314,0.4913366,-0.45290226,0.035444386,0.8771641
rna|OR2T11,-0.35374734,-0.14629133,0.070063226,0.21913356,-0.31523418,-0.22638083,-0.50202525,0.8471667,0.13791108,-0.13671257,-0.151922,0.28819367,-0.053060565,-0.20282155,0.054686118
rna|KLK11,0.8976799,0.9840193,0.28753537,-0.1755014,-0.49302822,-0.6634895,-0.16664198,-0.673766,0.48705208,0.8456244,0.52363867,0.64106864,-0.0021446906,-0.28859362,0.2522987
rna|IQCD,-0.34012803,-0.12488957,0.5279876,-0.19349247,0.17867383,-0.100178555,-0.20161492,0.14860316,0.38952255,0.28076637,-0.6271792,0.123589054,0.0053782184,-0.14975612,-0.14892441
rna|DIO3OS,0.4242245,0.70165753,-0.68986094,-0.0024863158,0.20265548,-0.09180874,0.18790297,0.3276821,0.22755346,-0.49442557,-0.33838353,0.12527968,-0.42442334,0.1317661,0.6013076
rna|OR7E91P,0.45345414,0.5777556,0.33935496,-0.004941803,0.2446136,0.40520602,-0.3592641,0.44521463,0.3843086,-0.0964114,-0.21105741,-0.47566992,0.38024247,0.27489462,-2.9462477e-05
rna|NOS1,0.24195106,0.18104921,0.38108996,0.154872,-0.58598644,0.35093465,-0.62147087,0.52764285,0.46108726,-0.13403682,-0.018400636,-0.47908795,-0.02911815,0.019297874,0.09164725
rna|HBG1,0.40517637,0.093824595,-0.07466095,-0.35597616,0.25863084,0.25458977,-0.22382808,0.09658925,0.31399888,-0.2660612,-0.20408413,-0.5908347,0.5674032,0.023240736,0.22129779
rna|SCAMP5,0.13674256,0.048868593,0.6234042,-0.29014146,0.4509473,0.08635904,0.047955457,-0.18829282,0.11963566,-0.4477553,-0.3728092,0.24333237,0.15290776,-0.093737714,0.1904657
rna|PRR36,0.18030609,0.3169622,-0.30504286,-0.2687142,0.34016174,-0.06470427,0.06437727,0.24576189,0.29173243,-0.006308022,0.42493448,-0.10995726,0.02076448,0.006256008,0.5013094
rna|IL17F,0.38635677,0.46773133,0.34800395,-0.06560694,0.038142193,0.21556355,-0.34888372,0.32066637,0.3187868,-0.2945122,-0.1863763,-0.5081658,0.60899925,-0.0024842834,0.08819173
rna|OR52K1,0.4270339,0.1896173,0.31820688,0.2226783,-0.23037708,0.7140982,-0.5563836,0.509484,0.20030008,-0.18726023,-0.14964287,-0.40153083,0.20191815,0.19325826,0.23556632
rna|CDRT15P3,0.4064605,0.32203206,0.3984378,0.013076093,-0.057659127,0.3212896,-0.48665076,0.6094322,0.4601869,-0.33623293,0.026938532,-0.66455406,0.49676162,0.14684212,-0.037038606
rna|GADD45G,-0.26590884,0.10135825,-0.10454485,-0.23409748,0.4634808,-0.08489048,0.30091837,0.5398246,-0.1589152,0.9411656,-0.18704614,-0.33525205,0.3837274,0.4562905,0.1529984
rna|ZNF839,0.005533014,0.074049704,-0.12765515,0.038995862,0.24524046,-0.067572854,0.2581675,-0.08535684,0.23127578,0.062072624,-0.18209606,0.036914848,-0.20452692,0.24613288,-0.006086015
rna|F10,0.35467196,0.68579394,-0.15924396,-0.04183169,0.22422305,-0.44422975,0.21717817,0.25308764,0.2316753,-0.18021591,-0.5119598,-0.46542284,0.17944089,0.109204344,0.48762077
rna|MFAP5,0.5168885,-0.47671914,-0.3874106,-0.0052225636,0.17194162,-0.4664864,0.45965192,0.316183,0.2758697,0.7394595,-0.34838817,-0.06830632,0.2291688,0.14879408,-0.4618518
rna|SSBP2,-0.1453493,-0.16780278,-0.42099813,-0.20541476,-0.15931797,-0.8521041,-0.16843487,0.550594,-0.087159276,0.13447511,0.10436981,-0.1441416,-0.29010266,0.005572974,-0.9951446
rna|DEFB118,0.36690545,0.3922052,0.31950754,0.16708034,-0.05736771,0.349332,-0.3802074,0.42458215,0.3137708,-0.23821525,-0.095651485,-0.69349277,0.39514837,0.084965155,0.06603364
rna|KRTAP17-1,0.21535583,0.23615415,0.06749234,0.28704885,-0.2525761,0.43036878,-0.50926596,0.41861853,0.39366063,-0.21310098,-0.13477284,-0.49243224,0.1977156,0.2400762,0.26520827
rna|FRG2C,0.5829281,0.44214785,0.43665388,0.06414854,0.016745115,0.5008374,-0.23115851,0.49654663,0.31729165,-0.23223916,0.11371182,-0.49833444,0.36155695,0.15302831,-0.08377078
rna|CCDC9B,0.06558756,0.20149882,-0.3851799,-0.082920015,-0.029917533,-0.5760468,-0.20918435,0.23795919,-0.07886646,0.07513512,0.4010466,-0.08473193,0.20405196,0.018517202,-0.014029651
rna|CSRNP3,0.3740195,-0.018041594,0.12935868,-0.27771786,0.027490245,-0.3835237,0.05803316,0.4164063,0.37274373,-0.001015665,-0.60659915,-0.1879742,0.15946686,-0.20893869,-0.0052800654
rna|CNTNAP2,0.3431562,0.50114995,0.5317891,0.057271108,0.2783783,0.039557036,0.066778675,0.29073098,0.13450897,-0.28758833,-0.29438305,0.07438423,0.009099577,-0.12919831,0.2063583
rna|CLIC3,0.5947368,0.62243086,-0.0766814,-0.4455693,0.3921244,-0.3698522,0.101291604,0.24212536,0.56301874,0.5692024,-0.14153895,0.19728594,0.119070016,0.16538405,0.76378375
rna|THG1L,-0.13031295,0.19396669,0.22411907,0.015209926,0.6119686,-0.15700896,0.2794071,-0.19907126,-0.12417155,0.1536313,-0.6200212,-0.019999763,-0.15990761,0.48358163,-0.27216303
rna|CTRB2,0.17821799,0.34630153,0.5911176,0.1297452,0.018908821,0.31753656,-0.19097686,0.010363834,0.09986159,0.05146673,0.0897454,-0.2196782,0.39185712,0.13756062,-0.007926353
rna|ASMT,0.3672698,0.2123685,0.22337033,-0.02422778,-0.006111014,0.16998118,-0.09764435,-0.061175548,0.01308788,-0.06864746,0.06812029,-0.3319429,0.34011373,0.15405625,-0.11734881
rna|ZNF608,-0.48823637,0.011479632,0.026415808,-0.11417013,-0.21317624,-0.92457414,-0.2621958,0.39338252,-0.2512881,0.17981222,-0.2906598,-0.15788242,-0.40316457,0.26271653,-0.97273827
rna|EPCAM,0.10106917,0.25888118,0.12295105,0.021611055,-0.042451438,-0.37253025,0.10120026,-0.35690987,-0.10417709,-0.06803827,0.2974609,-0.007960418,0.23936915,-0.076813325,-0.1659233
rna|SCARA3,0.12208807,0.49100167,-1.1667339,-0.045001183,-0.3786731,-0.54095113,-0.008960334,0.46414465,0.39407218,-0.22088079,0.18608747,-0.2424808,-0.8786147,0.53684634,0.2200849
rna|GPR63,0.2811817,0.22923477,0.2567964,0.041032013,0.11500217,0.26276642,0.04220753,-0.030458326,0.34195924,-0.34802276,-0.13221104,-0.25797465,0.28903404,-0.067829415,0.3719566
rna|ARL14,-0.15155683,0.014246321,0.093036376,-0.09468331,-0.30590314,-0.7112589,-0.2402974,0.2535395,0.15778211,0.11665349,-0.14223675,-0.04181922,0.05214839,-0.07000742,-0.39110115
rna|NPFFR1,-0.12210847,0.19400099,0.006678753,0.3693418,-0.25051478,0.7493185,-0.07538897,0.5583266,0.28582504,0.47067386,0.108810335,-0.053025734,-0.051831473,0.33545086,0.6033167
rna|NCCRP1,0.6072122,0.80093193,-0.25427547,-0.14867467,-0.49604318,-0.74686474,-0.521679,-0.4055755,0.6575597,0.46235472,0.30621865,0.4030926,-0.1314217,0.076811336,0.21297468
rna|KRT72,0.09538585,0.39867413,-0.11809821,-0.19465134,0.3502613,-0.24659388,-0.10337019,0.2381504,0.6348888,-0.5548517,-0.23130117,-0.22643779,-0.11937135,0.26946095,0.51175225
rna|ITGB5,0.69800746,-0.20436566,-0.15539923,-0.25850454,0.50308996,-0.5649566,0.68832815,0.3609533,0.02013113,0.96384406,-0.42845654,-0.32956904,0.8098601,-0.049037647,-0.18484081
rna|CTAG1B,0.11789547,-0.53380567,0.29250082,-0.12563697,0.010082409,-0.34976876,0.14199753,-0.07744026,-0.16626187,-0.17181173,0.10371808,-0.2325089,0.34411323,-0.17131266,-0.053323522
rna|FCRL2,-0.1598159,0.1694544,0.024023995,0.35116166,-0.1897145,-0.28352615,-0.21293478,-0.18014675,0.055503495,-0.39761296,-0.096766494,0.17325442,-0.7404491,0.16181378,-0.37046856
rna|RNF165,0.5340604,0.8544085,-0.41413417,0.01426678,0.07046352,0.19332607,0.024507523,0.37947068,0.15176937,-0.20366573,-0.17855813,-0.13342184,-0.19868736,0.19771715,0.72323626
rna|HOXA13,0.117662385,0.3308337,0.5190416,0.34979233,-0.2420309,0.58053637,-0.35872734,0.44297695,0.22111012,-0.06256475,-0.09943732,-0.20399508,0.13863198,0.042005192,-0.23820563
rna|S100A9,0.39229336,0.07359396,-0.20577653,-0.029604113,-0.18583766,0.33833337,0.18280338,-0.41988343,-0.33278862,0.9562334,0.39393932,0.0041719885,0.46663117,0.23122579,0.84443057
rna|THRSP,0.3032077,0.3777622,-0.026050175,-0.14723502,0.1196327,-0.027126785,0.23714739,0.043165226,-0.045211796,-0.14583261,-0.1573432,-0.38474485,0.2219584,-0.15816858,0.26479372
rna|RTL4,0.52191955,0.45865977,0.40484828,0.37957227,-0.09311315,0.42399117,-0.111665934,0.16817838,0.08548364,-0.007563989,-0.07746595,-0.3947126,0.20839627,0.20418684,-0.101194195
rna|TP73,-0.07517981,0.23039694,0.45715716,0.2914645,-0.051232833,0.39600962,0.0067240447,-0.06609649,0.20578842,0.17881544,-0.0012674496,0.2223375,-0.027684268,0.22053184,0.109874174
rna|GAGE5,0.60061306,-0.014918589,0.015304358,-0.22436856,0.117816724,-0.11786089,-0.3258909,0.5918775,0.1944704,-0.48255292,0.20468415,-0.69618726,0.35033062,0.043857444,-0.035084207
rna|SLAMF1,-0.435254,0.15117222,0.132634,-0.26710337,0.37816972,-0.2851178,0.15432815,0.8054875,0.13022985,0.5601637,-0.18465018,0.31818178,-0.28750265,0.29722133,0.13823324
rna|NAT16,0.4648692,0.3352579,0.48418286,-0.0619177,0.1493076,0.36874264,-0.365641,0.44388893,0.30585748,-0.20744589,-0.103565454,-0.5430393,0.49877447,-0.08897648,-0.14137551
rna|ASIC2,0.2723289,0.3999123,0.469746,-0.0018007272,-0.15621133,0.32969794,-0.61573255,0.36169648,0.24642259,-0.082617596,-0.19898313,-0.5845215,0.27712446,0.12226408,0.17818081
rna|FAM241B,0.055424158,0.6090529,-0.05749953,-0.5517614,0.86441225,-0.06468325,0.13295864,0.33407965,-0.016131813,0.06841619,-0.41726378,-0.24580686,-0.0024118312,0.60414296,0.47959304
rna|HBB,0.4531694,0.25393045,-0.9145034,-0.28277388,0.041549325,-0.10779009,-0.0001854042,-0.054842908,-0.21572359,-0.08732512,-0.16457869,-0.2390012,0.13452691,-0.063100435,-0.32176238
rna|PCDHGB5,-0.45277625,-0.17541623,0.15038282,0.52673936,-0.4543686,-0.28951785,-0.1495376,0.8160521,0.27109137,0.29607302,-0.29054657,0.6715709,-0.5148479,-0.3229559,-0.5458858
rna|KCNC2,0.37181213,0.20641229,0.3975935,-0.074035086,-0.19858363,0.2154543,-0.52239144,0.47344568,0.44665742,-0.4797122,0.032553833,-0.70913607,0.41652462,0.012288764,0.18415439
rna|KLRB1,0.13176106,0.3596857,-0.6829795,-0.19777903,0.44414738,-0.47027352,0.23021446,0.42879692,0.17240006,-0.11795214,-0.10743317,-0.019531555,-0.29760334,0.3719451,0.52104753
rna|PAX8-AS1,0.09516624,0.13044903,0.058533844,0.04505837,0.17945653,0.08225671,-0.20654315,-0.041374493,0.19373265,0.16417737,-0.5622911,0.05049186,0.05489095,0.40579572,0.23697188
rna|CGNL1,0.11264359,0.2789511,-0.5934642,-0.16275778,0.04570866,-0.851577,0.30988652,0.5936135,0.4254251,0.4958969,-0.6024688,-0.42018017,0.045942362,0.066025086,0.1539139
rna|LILRA3,0.39149538,-0.020969056,-0.0037026505,-0.046643917,0.09838709,0.43693304,0.13991754,-0.32768133,-0.52554077,0.13472846,0.34799722,-0.34428677,0.33909318,0.31090134,0.44351232
rna|GUCY1B2,0.08890479,0.14238387,0.26768604,-0.15532725,0.15013422,0.3261922,0.013876506,0.28258774,0.03671841,0.5395928,-0.32453626,-0.2817862,0.29690647,0.39239368,0.046502277
rna|PI3,0.65217686,0.7807278,-0.07012916,-0.073346384,-0.6025418,-0.50390726,-0.7188371,-0.3014512,0.17856674,0.6122463,0.11386927,0.3912575,0.38162532,-0.17488469,0.60484654
rna|TMEM139,0.33370566,0.36975685,0.5382594,0.22940612,-0.1705942,0.27221116,-0.44537082,0.53506666,-0.0047149174,-0.16345392,0.08804441,-0.5471819,0.13507117,-0.0013565526,0.2233761
rna|HLA-DQB2,-0.22225733,0.15163998,0.19711554,-0.26831776,0.23514555,-0.5418047,-0.17813824,0.533397,0.31116533,0.317091,0.21208623,0.21342817,-0.13580717,0.15032265,-0.06411233
rna|GPR142,0.2762251,0.28191185,0.28727165,0.07619085,-0.17637224,0.46799228,-0.58836985,0.48382553,0.4866678,-0.48600292,0.15378934,-0.21686567,0.22743984,0.046477556,0.24783888
rna|OR4D6,0.40003625,0.26664653,0.48916972,0.14964308,-0.11595162,0.49854276,-0.49833673,0.59050184,0.33939058,-0.27391362,0.089982726,-0.33744875,0.29096484,-0.012288731,-0.026714984
rna|OR1L4,0.34430155,0.40395173,0.42393866,0.0021485619,0.06306777,0.30493703,-0.4278627,0.42190152,0.36457217,-0.21825425,-0.2342415,-0.55538434,0.39902362,0.089368746,0.027502708
rna|UPB1,0.079369575,0.9221234,-0.06738946,0.0785203,0.59504604,-0.042168576,-0.1970727,0.47060734,-0.06873954,0.39224538,-0.43546167,-0.17479837,0.13822493,0.08228536,0.36826965
rna|RSPH14,0.08070906,0.36546943,0.24828674,0.2969974,-0.0016427562,0.054760072,0.333235,-0.45042586,0.107021555,0.10371965,-0.26594812,-0.41142946,-0.10898559,0.48974454,-0.1862585
rna|NEFL,0.43380773,0.3521174,0.32421368,0.21709321,-0.10894158,0.38866666,-0.38683182,0.4567635,0.5318591,-0.19299443,0.037670355,-0.30009806,0.3284919,0.08242454,0.37002635
rna|FXYD7,0.3309989,0.2071306,-0.29381636,0.29638237,-0.15485598,0.38774675,-0.10072248,0.31969258,0.20835966,-0.4026835,0.048149902,0.34696832,-0.22227189,0.12821727,0.17028631
rna|FIGN,0.5948537,0.13898201,-0.09369405,0.26485348,0.012497984,0.49263003,0.19279623,0.60696274,0.2998824,-0.38488466,-0.25995052,-0.04221322,0.21710718,-0.10804622,0.22136174
rna|ADRA1B,-0.20701751,0.5111894,-0.9949961,0.2014495,-0.26864538,-0.32387435,0.011870687,0.3299047,0.1746034,-0.704216,-0.19592898,-0.62023175,-0.25351372,0.08002887,0.41308075
rna|MRC1,0.5694865,-0.3349444,-0.482917,-0.18518211,0.22653994,-0.020066176,0.38364074,0.09381359,-0.5543788,-0.013767371,0.5193517,0.15633495,0.049316596,-0.07655581,0.19243723
rna|RBFOX3,0.19694415,0.40396276,0.52413005,-0.07848858,0.12351346,0.18916188,-0.27677426,0.3663602,0.36831066,-0.1427331,-0.25594574,-0.35718912,0.4085279,0.123517856,0.15427239
rna|BHLHA15,0.43324584,0.2466175,-0.040381692,0.44722167,0.103138804,0.5179637,0.07217267,-0.15840007,0.10806704,-0.18484448,0.036751915,-0.19254658,0.2462129,-0.10310164,0.3897257
rna|PDXDC2P-NPIPB14P,-0.1677494,-0.13403668,-0.20775932,-0.3133743,0.09178051,-0.82284766,-0.015376789,-0.1770116,-0.16746782,-0.09564851,0.20605245,-0.37821943,0.032788042,0.123390816,0.065597
rna|DAZ2,0.31415573,0.054377675,0.32731888,-0.2330262,0.016078295,0.22414526,-0.41072848,0.24032284,0.14725596,-0.41415894,0.14499947,-0.42050457,0.50505155,-0.32932475,0.10389898
rna|INPP5J,-0.009130773,-0.19685015,0.37140748,-0.060549986,-0.08698189,-0.34724754,-0.10372293,0.02925463,0.17096248,0.061110992,-0.15121916,-0.4893483,0.13799237,0.08160284,0.010247983
rna|OR4F4,0.27038375,0.19454286,0.48973447,-0.005225789,-0.24946393,0.28343236,-0.44665116,0.30341324,0.4165914,-0.48499537,-0.09353282,-0.7767618,0.46427065,0.047704507,0.09316977
rna|CXCL17,0.89420533,0.75876266,0.24070752,-0.031072894,-0.48940822,-0.4348309,-0.38574654,-0.5724904,0.31529135,0.62347627,0.31575483,0.30214906,0.23766875,-0.2694038,0.2243274
rna|LIN28A,0.4725314,0.26387537,0.37268788,0.14111006,0.04479887,0.3812797,-0.30976537,0.3401082,0.34393814,-0.36911392,-0.14895259,-0.72029966,0.44441113,0.1690811,-0.114981756
rna|DAD1P1,-0.45257398,-0.0950818,-0.06123737,0.08308271,0.22414126,0.1078111,0.3118479,-0.15447226,0.025721142,0.7035181,-0.43655267,-0.25574633,0.20903951,0.45877895,-0.18501347
rna|COL9A2,-0.35401744,0.29579672,0.36326462,-0.15416372,0.42539537,-0.20145276,-0.30582952,-0.17717208,0.118199244,0.29006803,-0.55279124,-0.08069977,0.22872926,0.5880945,0.21631654
rna|PAMR1,0.73549306,0.37959975,-0.2473919,-0.004448956,0.18232986,-0.21038727,0.51120234,0.09447186,0.38712975,0.5064367,-0.6279525,-0.121450275,0.4646877,0.1476105,0.13999072
rna|TFF3,0.5301005,0.33898646,-0.5241569,-0.14965937,-0.19444297,-0.7778756,0.031508263,0.097980075,0.18958297,-0.73710763,0.45183516,-0.12144575,-0.2678086,-0.28455138,0.5594473
rna|RPS6KA6,0.011438333,0.252803,0.22192185,-0.021719279,0.051006194,0.29237813,-0.015060947,0.3959057,0.4918013,-0.08363899,0.14735588,-0.070701525,0.028029457,0.09284715,0.114327654
rna|APOC2,-0.38005823,0.21975076,-0.20954159,-0.17309226,0.23916818,-0.28620273,0.37654155,0.47208625,-0.13642406,0.67613924,0.012744544,-0.81407475,0.16519402,0.33000714,-0.13885686
rna|MGST1,0.4944496,0.024640173,-0.03923479,0.39741656,-0.38835785,0.24591392,0.15595125,0.004815455,-0.42181307,0.25314775,0.3874282,-0.12961848,0.39932793,-0.57016414,0.112271085
rna|NLGN4Y,-0.018095866,-0.03930343,-0.077951595,-0.34877288,0.14979121,-0.37267616,-0.1985243,0.051013622,-0.10189094,0.24519935,-0.04592293,-0.1741255,0.12668265,0.15977465,-0.069016114
rna|OR52N4,0.3301626,0.5420954,0.16022329,0.049942434,0.5145069,0.3320628,-0.191165,0.42231658,-0.13848315,-0.14070356,-0.16680227,0.28481597,-0.01330341,0.2961565,0.40816927
rna|FUT8-AS1,0.3998447,0.62154883,-0.5383005,0.41140744,0.17983367,0.30650058,0.08856904,-0.3989334,0.22315006,0.34843537,-0.31795296,-0.05348261,-0.056536965,0.6945355,0.04831205
rna|CLRN1-AS1,0.42211044,0.26819324,0.4783754,0.121212296,-0.17352627,0.38174963,-0.36862457,0.51035124,0.19094558,-0.38966757,0.1128562,-0.6720882,0.36471066,-0.0025882395,0.0087213535
rna|PCAT18,0.40776187,0.52899456,0.45655963,0.031934295,0.038262293,0.18771747,-0.23241284,0.3556509,0.3784944,-0.27579546,-0.010478734,-0.48333326,0.5214618,-0.018844133,0.095782764
rna|USP2,-0.1291588,-0.24351205,0.8225096,-0.26581156,-0.04727459,-0.040011022,0.16536227,0.090216175,-0.27069035,0.3064049,-0.060971912,0.252891,0.0765502,-0.42023093,-0.10616255
rna|B3GNT7,0.22931473,-0.1153513,0.38863617,0.63819236,-0.0022745556,0.4202589,0.11502771,-0.062418476,0.27244636,-0.07182839,-0.22655338,0.32915896,0.23569036,0.037696313,0.47286177
rna|ULBP2,0.2958561,0.44026628,0.5166203,0.10300509,-0.118239656,0.36519983,-0.33730596,0.32252273,0.5411479,0.081429005,-0.005295294,-0.32119155,0.37740797,-0.015382626,0.21677208
rna|PRPH,0.5091706,0.4164545,-0.23107491,-0.08507042,0.28718042,-0.10523337,0.44652548,0.20947419,0.27336332,-0.063972384,-0.22011262,-0.23574844,-0.079435945,0.28153512,0.38934717
rna|H2AC1,0.2323262,0.33797798,0.43403783,0.05108235,-0.009559034,0.32116452,-0.2832201,0.49261072,0.5405637,-0.23487765,0.017045796,-0.57080054,0.44388327,0.14955866,0.06251456
rna|GSTM5,0.6030474,0.38194522,-0.024318641,-0.0691614,0.25350684,0.06807418,-0.04179395,0.43359265,0.39940006,-0.22726126,-0.5879822,-0.24355756,0.3253699,0.18377356,0.30347344
rna|SGCA,0.09802788,0.53391165,0.38202155,0.08780652,0.1054968,-0.2271376,-0.2670911,0.37620455,0.18256868,-0.042823717,-0.4488317,-0.20334998,0.09371299,0.054785255,0.34816667
rna|CDH15,0.42172703,0.011786971,-0.49621788,-0.10872281,0.24936542,-0.0287633,0.54184115,-0.058602914,0.33570975,0.34716174,-0.14737886,-0.3175501,0.6746182,-0.124631174,0.19051567
rna|GNG7,0.58319485,0.2019231,-0.14000762,-0.18541977,0.16153793,0.014195081,-0.25277808,0.52220935,0.09971344,-0.9106723,-0.26906148,0.05570767,-0.21381442,0.16755739,0.17207183
rna|MDGA1,0.28383875,0.02877537,-0.3145427,-0.002301344,-0.119782224,0.32087868,-0.026131976,0.4544918,0.2908961,-0.19889295,0.2799751,0.029713029,-0.11302595,-0.06869123,0.3806278
rna|P2RX2,-0.18522406,0.5596066,-0.8289887,0.08851517,-0.47964528,-0.22740543,-0.3218808,0.44600394,0.4759166,-0.60574055,0.261351,-0.2821151,-0.5428954,0.27735168,0.41821063
rna|TNFSF11,-0.06910919,0.25448537,-0.56020695,0.0533984,0.2098019,0.5481975,0.08228805,0.06955326,0.19763197,-0.64682275,0.1991502,0.43801042,-0.5661328,0.24682327,0.2886716
rna|DSCR10,0.46901247,0.20915388,0.3987615,0.32526445,-0.09873217,0.6853207,-0.38520697,0.37683356,0.3895248,-0.40171328,0.11166637,-0.28192663,0.37501416,0.08414843,-0.02811282
rna|RASL11A,-0.23863992,-0.33661157,0.30718136,0.18480515,-0.32251817,-0.36321947,0.20428966,0.78545904,0.6051936,0.07537774,-0.42992112,0.32175878,-0.047065575,-0.41154912,0.17559935
rna|RSPH1,0.015521923,-0.11986962,0.33539456,0.3404679,-0.24147964,-0.12652138,-0.007435219,-0.14726602,0.16028875,-0.13761157,-0.28243756,0.043790407,0.10712088,-0.19118582,0.1543394
rna|CAPN9,0.50932586,0.3659991,0.5199093,0.22385164,-0.20946972,0.5029343,-0.29665476,0.595327,0.36814934,-0.11194005,-0.118182,-0.32682794,0.28183857,0.23980781,0.2411248
rna|TRIM36,-0.082011364,0.26981992,0.24899004,0.16824594,0.30173057,0.1812443,0.019183356,-0.26388156,-0.20355517,0.2704487,-0.2802419,-0.28675038,0.04751586,0.2734846,-0.118396536
rna|CTLA4,0.12323797,0.4273039,-0.53271675,-0.4572938,0.85890293,-0.33407873,0.0331815,0.5965195,-0.056392144,0.30344477,-0.059096973,0.20646316,-0.43078044,0.49664634,0.17152473
rna|ERC2-IT1,0.36534783,-0.02127853,0.4441563,-0.05675759,0.048860677,0.07105133,-0.114233665,0.18971893,-0.1356829,-0.09205972,-0.5692148,-0.12355524,0.11842818,0.13152944,0.09337205
rna|CPT1C,0.124531746,0.06912209,-0.21630387,-0.34544438,0.52190655,-0.580387,0.22442047,-0.029705813,0.3218452,0.16488929,-0.8981024,-0.82760906,0.48334625,0.33605638,0.42497844
rna|PI16,0.60384697,0.071937464,0.0054447567,-0.28881225,0.2415618,-0.63519555,0.117554665,-0.08547535,0.31946626,-0.25055265,-0.4179222,0.0073881373,0.0030006478,-0.116305485,0.39391875
rna|PAX9,0.4661679,0.26975173,0.49537235,0.08803885,-0.1331847,0.039131556,-0.2849777,-0.52616537,-0.052817814,0.08505955,0.13842149,0.24918304,0.13727358,0.04277191,0.25943765
rna|CD24,-0.049170174,0.7676147,-0.30061746,0.15833078,0.04304076,-0.0007723993,-0.18490916,-0.3085331,0.4585415,-0.12886974,-0.27696607,0.39020115,-0.65204215,0.21346252,0.009352703
rna|OR4F29,0.28105325,0.41811177,0.44408888,0.015907427,0.17443497,0.24525079,-0.38871482,0.41228792,0.44545132,-0.27895206,-0.27974445,-0.55486065,0.5208401,0.10118004,0.03573798
rna|FAM90A1,0.33710885,0.19865426,0.3881569,0.06584185,0.034584716,0.3803606,-0.06359594,0.39656904,0.34580484,-0.21898681,0.021128226,-0.71431315,0.4545607,-0.021401674,0.038789753
rna|ADRA2A,0.30924508,-0.14808933,-0.7492282,0.29481202,-0.31735766,-0.138903,0.39071792,0.22285964,0.76096606,-0.06133352,-0.10291299,0.34639353,-0.23436552,-0.16063192,0.8082311
rna|KRT73,0.30639446,0.5496505,-0.46397352,-0.027719805,0.12107442,-0.21088716,-0.114196636,0.2680157,0.6770214,-0.3084181,0.0013879014,0.04608216,-0.40986246,0.52438223,0.52166027
rna|FAIM2,0.15346293,0.39506945,-0.14972882,-0.25847158,0.4321049,0.1772385,-0.13109969,0.3945356,0.1557643,0.19173679,-0.12859774,-0.07598365,0.08900243,0.36390063,0.66231173
rna|LINC01854,0.34323844,0.20969538,0.3541986,0.27914637,-0.26982236,0.63364255,-0.46085763,0.596075,0.31880566,-0.24744043,-0.006732923,-0.3720869,0.17842272,0.11956474,0.018921956
rna|FGD6,-0.20501183,-0.27324513,0.27179223,0.02599798,0.044971,0.28308064,0.29430455,0.18743652,-0.27226084,0.69339126,-0.24718331,0.5658753,-0.52593,0.22004278,-0.41787046
rna|SLC7A11,-0.18545544,-0.038127154,-0.16310668,0.23351379,-0.29276142,0.24258871,0.14632858,-0.05331929,0.31641018,1.0000273,-0.26524058,-0.0016335727,0.4186135,0.21161817,0.08816912
rna|NLRP6,-0.098121,0.27407515,0.10308264,-0.12108524,0.65496784,0.26301068,-0.037731048,-0.07400361,0.21456052,-0.36955813,-0.085145146,-0.026551519,0.37868875,-0.10561396,0.9996398
rna|H19,0.73947066,-0.4256593,-0.094409436,0.19981855,0.009194253,-0.034346264,0.56450176,-0.020687247,0.19938637,0.13384594,-0.35201603,0.18916352,0.26269868,-0.5811613,0.18273643
rna|LINC02203,0.21595266,0.24905379,0.4979964,-0.018825129,-0.30948636,0.30839214,-0.50085855,0.29937446,0.23877314,-0.27867076,-0.14658411,-0.7248167,0.44589746,0.061533425,0.17808245
rna|SPIB,-0.12130674,0.105096556,0.066665776,0.30278313,-0.3862601,-0.05854398,-0.053268652,-0.3247744,0.36445495,-0.03643501,-0.14309669,-0.34812734,-0.44151926,0.57190937,-0.2986696
rna|OR4F21,0.32984608,0.22909452,0.38037732,0.12266737,-0.13064033,0.37788215,-0.4971487,0.57948,0.275291,-0.4056363,-0.027223662,-0.50997967,0.36260337,0.005499514,0.062324923
rna|XAGE1B,0.49895513,0.28374556,0.40729278,0.008221148,0.04491572,0.4051188,-0.06744734,0.43535918,0.6944564,-0.42465326,0.19926779,-0.4656218,0.5335543,0.014250086,-0.06835229
rna|STXBP6,0.33591148,-0.34106043,0.01386982,-0.11001841,-0.42561847,-0.42964524,-0.1516007,0.26631102,0.24366048,-0.12415563,0.07896714,-0.16780593,0.058106385,-0.42609057,-0.2311178
rna|CYP27B1,-0.56063193,-0.051804014,-0.38153306,-0.1239133,-0.36777708,0.1810632,0.10757321,-0.017862933,0.12477556,0.90642214,0.028616758,-0.6510213,0.16468474,0.54513747,0.1540747
rna|LHX3,-0.18769881,0.060241714,0.5027728,-0.16142052,0.116297945,-0.19200547,-0.5340454,0.32195392,0.004157077,-0.26043445,-0.13805176,0.05686024,0.14940709,-0.23731166,-0.37923697
rna|OTOF,0.103143364,-0.10440194,-0.055880677,-0.31907916,0.65913063,0.10743137,0.23990852,0.23766474,0.058151703,0.10650602,0.17684253,0.09653554,0.31809703,0.295564,0.5422791
rna|JCHAIN,0.5952071,0.3356518,-0.1403636,-0.4463335,0.06305684,-0.21292117,0.08593781,-0.031842787,-0.1914562,-0.45701525,0.009719778,0.22423305,-0.5371874,0.0058441535,-0.29218665
rna|COL11A1,0.143019,-1.1390775,-0.045954935,-0.032380663,-0.08139804,-0.40817147,0.32266048,0.5165476,0.11766374,0.7147393,-0.4320198,-0.07738495,0.7403973,-0.35403758,-0.34289995
rna|SFTPB,0.50582623,0.31728363,0.6909907,0.028035127,0.18376657,0.43121246,-0.20000093,-0.19989124,-0.108652,-0.28118756,0.10400926,-0.2968864,0.16999163,0.10423022,-0.06292552
rna|SIX3,0.31175604,0.09757402,0.36095753,-0.16832596,-0.096451946,0.08786518,-0.716918,0.6070487,0.090662204,-0.34864697,0.16623375,-0.34770358,0.37185946,-0.12962663,-0.035878908
rna|PPP6R2,-0.062169485,-0.08515899,0.44081706,0.12644404,-0.008956387,0.4969095,0.40478942,-0.42045003,0.2810454,0.18050084,-0.19642219,0.42418602,-0.044948045,-0.27844334,0.49632117
rna|SLC24A2,0.30822718,0.17825994,0.43704683,0.111956686,-0.12303416,0.47403455,-0.5838756,0.43477058,0.31243673,-0.37915948,-0.13176103,-0.46928045,0.3104587,0.1231748,0.18847518
rna|PCDHGA2,0.041399017,0.15298948,0.5589347,0.39777318,0.13441186,0.11898407,-0.16152398,0.56369054,0.3712815,-0.02228177,-0.82648426,0.101411805,0.26730594,0.1599661,0.16108839
rna|MGC70870,-0.017696833,-0.044603914,0.36616534,-0.032668076,-0.24544583,-0.084509045,-0.08136029,0.22131364,0.30274045,0.009472369,-0.056754597,-0.098567724,0.2126664,-0.05376382,0.068824
rna|VWA7,0.3049361,0.20588419,0.55023104,0.18705824,0.038410977,0.71207625,-0.039022647,0.11096194,0.18219025,-0.20302485,-0.08023659,-0.20793067,0.23786418,-0.13786209,0.23351613
rna|SLC25A27,-0.02837359,-0.09934427,0.36808002,-0.14496028,-0.28092825,-0.23935027,0.10381747,0.22038285,0.100233614,-0.028676955,-0.17574614,0.14126234,-0.22236347,-0.62289995,-0.15395974
rna|OR5B21,0.2254542,0.08456287,-0.22010902,0.5216881,-0.17614342,1.2113935,0.06873513,0.31742978,0.17508209,0.08795637,-0.0054305797,0.58433837,-0.4271188,0.24741276,-0.0638475
rna|ITLN2,0.38393313,0.15869878,0.053226825,0.110325135,-0.19282572,0.3406235,-0.5680243,0.68691355,0.24444568,-0.31132558,-0.008819678,-0.5283042,0.39867476,-0.040850595,-0.011218517
rna|ZSCAN10,0.2893542,0.3493994,0.21768385,-0.3099835,0.30538696,0.40319112,-0.17037764,0.027186565,0.15248848,-0.20889243,-0.17105214,-0.1813841,0.28953636,0.13875742,0.32794023
rna|COLEC10,0.14007987,0.42240903,0.25744304,0.22887194,-0.3827369,0.34507963,-0.34442696,0.5938771,0.05449277,-0.34548458,0.044553775,-0.6927972,0.23010117,-0.32361895,0.24585839
rna|CT47A6,0.5605246,0.22908469,0.34925678,0.22454186,-0.20465146,0.50842667,-0.3579571,0.6247996,0.31521133,-0.2894691,0.111909635,-0.49915954,0.27801663,0.12569566,-0.07531839
rna|STAG3,-0.58664984,-0.2519624,0.591934,0.05785738,-0.1751853,-0.7138969,-0.2760761,0.43324834,0.27199328,0.015737467,-0.44643414,0.098348185,-0.13503394,-0.5504358,0.07369325
rna|DPCD,-0.07575976,0.4725288,0.22109374,-0.13694972,0.35871726,-0.08534998,0.23762734,-0.515539,-0.02992903,0.48836473,-0.7791764,-0.5431149,0.029138759,0.5016122,-0.076468624
rna|MAP1LC3C,0.3332074,0.33022448,-0.21512567,0.19764867,-0.0292292,0.4351619,-0.06529414,0.5839743,0.43632323,-0.27380785,-0.058200654,0.18542437,-0.3660455,0.12373646,0.58062774
rna|GNAO1,0.032186024,0.069696344,-0.011563076,0.49681422,-0.08239843,0.0069080726,0.07189286,0.06095809,0.09358375,0.050012514,-0.241742,0.50085205,-0.17267042,0.0035611566,0.36450458
rna|TLR9,-0.1582766,0.34163743,0.19271149,0.06662241,0.066585034,0.09822968,-0.09566384,-0.4669631,0.11780661,-0.09032333,-0.15049292,0.024851874,-0.43677965,0.55366296,-0.4423659
rna|FLJ46347,0.2937517,0.09063584,0.30530474,0.1824046,-0.22008924,0.4148743,-0.42249796,0.5187604,0.1809319,-0.10204642,-0.009754034,-0.5390357,0.380889,-0.044410933,-0.23923296
rna|PIANP,0.35955834,0.2566168,0.17769085,0.289017,-0.09585683,0.43418375,-0.317402,0.54605854,0.46079814,-0.426223,-0.19029327,0.060921624,-0.075741924,0.12208787,0.17584641
rna|MST1R,-0.16095148,0.12868927,0.4181187,-0.1661546,-0.044591803,0.17281674,-0.11105481,0.21010526,0.5261636,0.2128822,-0.32797712,0.22892116,-0.0128078945,0.23772864,0.4913713
rna|FRMPD2,0.4388591,0.23122507,0.39628252,0.16962115,-0.032908693,0.27507976,-0.308973,0.42758,0.2954267,-0.3624369,-0.06630406,-0.35147023,0.37451693,-0.029201327,0.111081205
rna|LIF,0.31732208,-0.024803411,-0.18997061,0.33138797,-0.28340095,0.69754773,-0.006101316,0.33236727,0.23909384,-0.20322676,-0.085316844,0.28590837,0.17291234,-0.31076476,0.64520496
rna|UGT3A2,0.25822574,0.5962332,0.21798408,-0.07164512,0.20915374,0.3367907,0.052328993,0.32393917,0.39077738,-0.014507229,-0.015219539,-0.4316369,0.27550483,0.06946909,0.012849095
rna|ZNF300,-0.112519786,0.22328621,0.043899342,-0.076719746,0.14272408,0.029078597,0.26979613,0.35930845,0.18137814,0.3060026,-0.537562,-0.10472467,-0.18157317,0.044676527,0.2026198
rna|MYT1,0.012506,0.22355758,0.68747836,-0.05895416,-0.0733571,0.32990164,-0.21134259,0.15309271,0.25820124,0.006113948,-0.19781592,-0.2815125,0.21632431,0.08257651,-0.08252301
rna|CLCF1,-0.4320942,0.13537493,-0.03148622,0.21641229,-0.03454448,-0.19575466,-0.1401038,-0.0071435627,0.39029318,0.28068462,-0.8469421,-0.11695691,0.038140927,0.1274604,0.34321424
rna|CD6,-0.08819992,0.22308016,-0.29678804,-0.74127007,0.71565765,-0.43731424,0.033611137,0.33332857,0.21115224,-0.16722292,0.0872536,-0.32416832,-0.06205484,0.32562557,1.0261449
rna|CMTM8,0.12566772,0.5407388,-0.29525584,0.024931185,0.63568234,-0.050481897,0.72917545,-0.32020003,-0.10313399,0.18120103,-0.38468218,-0.25020456,-0.46036765,0.45087805,0.16554378
rna|ERRFI1,0.0076457234,0.101566665,-0.39397198,0.13935974,0.37653413,0.16966008,0.5195515,0.25953448,-0.12073203,0.8483798,-0.45543304,0.122242294,0.49164256,0.004633458,0.029959882
rna|ELL3,-0.6375681,0.19568785,0.5218507,0.20185292,-0.32722044,-0.20223115,-0.055772077,-0.11993427,0.12078291,0.50396514,-0.6602737,0.21951887,-0.67553717,0.34641242,-0.39558405
rna|RIN2,0.104292475,-0.13157108,-0.36508518,-0.3897077,0.40864456,-0.50414693,0.4346919,0.4588183,-0.2701971,1.0326405,-0.30018952,-0.13064568,0.1302195,0.49978492,-0.3054721
rna|GAL3ST3,0.17470361,0.40395236,0.24611567,0.030775085,-0.34289354,0.47058803,-0.39723623,0.33782753,0.37956414,-0.40593803,-0.07884122,-0.5060378,0.027732842,0.19085418,0.20515575
rna|TMPRSS11BNL,0.6902479,0.7323276,0.48869383,-0.017319106,-0.15478677,0.10751616,-0.6453713,0.1821783,0.23164049,-0.07899565,-0.015436848,-0.030095955,0.38994098,0.0038011116,0.13205405
rna|TNFRSF18,-0.07229182,-0.063766204,0.35956022,-0.07666341,0.26963913,0.5403509,-0.16096829,0.31740096,0.34849522,0.08852375,0.089342676,0.5862671,-0.03077445,-0.08106781,0.92146754
rna|VIPR1,0.4713527,0.7441064,-0.4480367,-0.17159186,0.68704915,-0.22549784,0.14704648,0.248724,0.32756737,-0.34963277,-0.15936022,0.026295304,-0.2406444,0.085196175,0.58224356
rna|RASL10B,0.5308228,0.1662194,0.09534502,0.055739135,-0.16123275,0.39722833,-0.09349635,0.026428761,0.054807033,-0.094723776,0.3176299,-0.37496617,0.17316902,-0.03321423,-0.27745757
rna|YBX2,0.38482258,0.55480313,-0.073988445,-0.3822183,0.029096503,-0.11138624,-0.38061836,0.026748924,-0.16503783,0.027761664,0.3177096,-0.06199438,-0.10132527,-0.17880873,0.16393913
rna|GOLGA6L5P,0.28693607,0.36197492,0.38029122,0.37333956,-0.058990926,0.7956368,-0.04116417,0.041615915,0.6196858,-0.17672117,-0.17610168,-0.16906986,0.34378994,-0.060625598,0.0019910613
rna|COL5A1,0.3398253,-1.0441573,-0.4577977,0.08802269,-0.35420263,-0.7341379,0.2863141,0.50124735,0.0177552,0.7990142,-0.0032740163,-0.124281324,0.64265007,-0.4820411,-0.51049805
rna|BORCS8-MEF2B,-0.2867767,-0.34607348,0.7132597,0.40590888,-0.45441797,0.16989125,0.07711417,-0.08021915,-0.11055763,0.10485666,0.087140486,0.38743114,-0.6960488,0.10279418,-0.49630448
rna|SLC19A3,0.5612732,0.19670983,-0.93867415,0.070420116,-0.10436538,-0.06939219,0.56757605,0.38588777,0.4665914,-0.07005929,-0.03927166,-0.24247852,0.161628,-0.27278617,0.3675293
rna|RGS7,-0.012221038,-0.11451643,0.39995122,0.20272148,-0.059949424,-0.1193611,-0.3427562,0.7569706,0.20741604,-0.32208782,-0.053072657,-0.0030488765,0.123439975,-0.17509513,0.058663502
rna|CLEC20A,0.38503814,0.11145482,0.38946995,0.2408119,-0.42508972,0.510413,-0.616564,0.60221505,0.17253359,-0.29163352,0.21855491,-0.5291221,0.09696511,0.04991799,0.0030974085
rna|PLA2G4F,0.8594686,0.71543807,0.5343859,-0.19719543,-0.37327203,-0.16566414,-0.39494157,-0.29114306,0.49263918,0.59736866,0.331486,0.527287,0.14687675,-0.05874716,0.19974703
rna|APOB,0.3598965,0.74200696,0.11266614,0.1883452,0.026639462,-0.0018882045,0.11008151,0.61468905,-0.1650063,-0.05787703,0.12736408,-0.58873546,0.48998833,-0.40960035,0.11988728
rna|SPOCK1,0.56953263,-0.7152791,0.08119089,0.028368894,0.024222964,0.094236255,0.26221374,0.35980952,0.33946007,0.43011555,-0.5749342,0.1343356,0.64707094,-0.50579274,0.04020066
rna|ABLIM2,0.65799445,0.24755758,0.21242213,0.0741745,-0.040741403,0.49742848,-0.23958328,0.40429738,0.43487835,0.126308,0.07972747,0.07042757,0.23243895,-0.14004901,0.43131763
rna|SMIM19,-0.3931311,0.50478745,0.06579108,-0.40354308,0.60477585,-0.60409886,0.2025649,-0.11120859,-0.32629913,0.4350325,-0.6244891,-0.5653479,-0.3405909,0.6565256,-0.32974437
rna|PJA2,0.24865928,0.1421777,-0.694514,-0.26488784,0.021230908,-0.6081554,-0.31605715,0.5720023,-0.6413244,0.13231549,0.51308537,-0.34781465,-0.19869114,0.28071067,-0.90167224
rna|AOC1,0.44345212,0.20706561,-0.30697253,-0.08665514,0.14227942,-0.59161913,0.06672388,0.099399135,0.6249382,0.03535157,-0.38042223,0.1721498,0.072943956,-0.15262541,0.24877046
rna|GPC6,0.41096178,-0.65275127,-0.074594505,0.25967345,-0.09793189,0.013862811,0.4662154,0.46751693,0.36497095,0.72474617,-0.37523222,0.019835288,0.9438517,-0.5598096,0.07597756
rna|GBA3,0.13937253,0.11162916,0.42234486,-0.012487446,0.0050878786,-0.2823039,0.2074453,0.45685267,-0.21147138,0.13072518,-0.14958082,-0.19464587,0.13538632,-0.32833102,-0.08665052
rna|KRTAP1-3,0.53638774,0.3493224,0.48244965,0.0064363773,-0.09874296,0.39187425,-0.23612078,0.50353605,0.37844726,-0.30438504,0.030571979,-0.5568247,0.33961064,0.15192974,-0.04650936
rna|SH2B2,-0.014091376,-0.25740117,0.39120296,0.4693217,-0.24571885,0.4276706,-0.29162407,0.17611259,-0.1302655,0.15175967,0.008000061,0.57843876,-0.33027485,-0.05314157,-0.4471885
rna|GJB7,0.2277595,0.0174979,0.6038326,-0.08387347,-0.030484032,0.060789417,0.06846801,-0.07526302,0.09093455,-0.050806098,0.015286866,-0.11834484,0.010618205,-0.13616626,-0.10227857
rna|OR1C1,0.38486367,0.20436211,0.47203985,0.3295816,-0.35754436,0.4643054,-0.5233579,0.502224,0.28177664,-0.27359965,-0.0017319862,-0.4381986,0.2508657,0.17120084,0.1339919
rna|VENTXP7,0.36624095,0.23971035,0.35399094,-0.02151032,0.10250092,0.4138296,-0.25626567,0.46058303,0.6203974,-0.39012203,0.043718167,-0.48250204,0.42253628,0.123959094,0.050359763
rna|FER1L4,0.6299403,0.382748,0.16244106,0.041043647,0.23485911,0.2111483,0.076989375,-0.38751486,-0.0039014812,-0.1694329,-0.1960542,-0.11170517,0.04281831,0.15420689,0.4647213
rna|KIRREL3,0.035485856,0.29723936,0.09557741,0.39305714,-0.4939418,0.39797622,-0.28492987,0.5515163,0.4884989,-0.286815,-0.09829228,0.028875785,-0.11018169,-0.08785358,0.3868544
rna|TEDC2,-0.062174257,0.24891485,0.35330448,-0.20615545,0.571276,0.022919435,0.32614323,-0.5964939,0.22396387,0.225891,-0.58168083,-0.55845904,-0.058880858,0.9074579,-0.34142712
rna|MUCL3,-0.30867335,-0.08464147,0.52230996,-0.23653853,0.084059164,-0.022937618,-0.197168,0.38538885,0.10424865,0.2099624,-0.20728023,0.09882849,0.29192647,-0.119859554,-0.18287079
rna|CNFN,0.6372338,0.8690609,0.24203807,-0.12491092,-0.21125877,-0.5018694,-0.12814036,-0.81022775,0.4416241,0.83472115,0.299275,0.81311595,-0.014795871,0.001970851,0.2431526
rna|MIR937,0.28469923,0.009449932,0.50500345,0.4558889,-0.22208863,0.9383812,-0.007868102,-0.040705934,0.35351184,-0.14395407,-0.09965136,0.45421284,0.035612125,-0.35564426,-0.061572634
rna|CXCL13,-0.32471564,-0.061618906,-0.7635787,0.054163557,-0.20825416,-0.39191675,0.33036122,0.18799132,0.15004703,0.26296887,0.13531451,-0.19834283,-0.43204716,0.5903808,0.518997
rna|TEX14,0.05514914,0.2083462,0.49591422,-0.09119513,0.1521833,0.36645302,-0.20449561,0.12137076,-0.011866405,0.13269249,-0.22850409,-0.40465558,0.39255807,0.31918815,0.23276043
rna|PRAMEF15,0.45395237,0.13012011,0.2800996,-0.09219946,-0.26073915,0.079435274,-0.6099243,0.48054627,0.28918162,-0.522775,0.11919165,-0.8778523,0.49199048,-0.027016869,0.021489536
rna|PACSIN1,-0.08512778,0.27846453,-0.14849143,-0.5719524,0.62894094,-0.24918005,0.07627313,0.5925836,-0.22862914,-0.010554889,0.23171782,-0.006756231,-0.47100377,0.44925547,-0.011599262
rna|CYP4F11,0.072038,1.0258987,-0.24259205,0.1293397,-0.2456304,0.12447688,-0.24601571,0.27430227,0.09060415,-0.33693475,0.29474154,-0.34642828,-0.15371141,-0.0635617,0.4760899
rna|EGFL6,0.12956247,-0.72090554,-0.46988994,-0.11242447,-0.031707864,-0.23647429,0.32329568,0.414689,0.08844892,0.99735224,0.30551502,-0.12663789,0.67854553,-0.0720614,-0.26439634
rna|UBE2Q2,0.3364582,0.2185279,-0.72081405,-0.22364418,0.34127805,-0.62523955,0.0225943,0.23377015,-0.4300162,0.49576503,0.0429213,-0.5010969,-0.397659,0.7818783,-0.88007843
rna|TP63,-0.06381512,0.16035363,0.24052022,0.13921912,-0.3872268,-0.49722666,0.047460966,-0.10656761,0.22371976,0.68679273,-0.027069071,0.3304294,-0.2369786,0.4016751,-0.27705634
rna|TENM4,-0.013049336,0.06823319,-0.33053505,-0.10318328,0.02926239,-0.4056398,0.32104623,0.1849872,0.45006096,0.6503491,-0.8821142,-0.27568203,-0.10578806,0.5244127,0.05495756
rna|LINC00926,-0.34950113,0.046583235,-0.41016886,0.14940865,-0.32345033,-0.79443747,-0.09803383,-0.31438926,0.45055783,-0.29762602,-0.06309081,-0.16861326,-0.016211336,0.40240934,0.02562588
rna|CEMIP,0.1756872,-0.38642347,-1.0627482,-0.107395105,-0.13063864,-0.49250564,0.32042393,0.2640815,0.093656726,0.25219503,0.070741944,-0.056644984,0.08410509,-0.04623563,-0.039075587
rna|BCRP2,0.41996285,0.38219014,0.3070523,0.06154751,0.109847374,0.28799155,-0.21383165,0.53922206,0.42371655,-0.18001617,0.016764475,-0.44393834,0.70880693,-0.079864755,-0.09500342
rna|GLIS2,0.43277428,-0.381899,-0.09047035,0.51993906,-0.4083239,0.7950421,0.31063846,0.639483,0.52077234,0.30083394,-0.33677092,0.58541024,-0.065399304,-0.22344904,0.36180866
rna|OR14K1,0.26636457,0.087906994,0.44126356,0.17221494,-0.26052797,0.47141066,-0.39661723,0.3448947,0.38207173,-0.37353423,0.022976741,-0.4872654,0.24056163,-0.03843048,0.16611826
rna|MMP28,0.7570321,-0.21819174,0.21050116,0.09703551,0.09199431,-0.019674325,0.29000527,0.21690375,0.83301497,0.18013829,-0.2105574,0.41628796,0.40731332,-0.35564956,0.36763135
rna|HS6ST3,0.57514757,0.24081582,0.3424224,0.32041734,-0.07221617,0.34326863,-0.32019126,0.622857,0.26463708,-0.20950131,-0.06332602,-0.43830147,0.27542445,0.16167001,0.033035796
rna|ATP6V0D2,-0.42814356,0.20639391,-0.34258154,-0.5436932,0.22903043,0.10568657,0.24161892,-0.19431977,0.035869487,0.39314628,0.08616028,-0.45011523,0.19819728,0.48788524,-0.3519809
rna|CDH10,0.3806563,0.27164364,0.37238634,0.083912194,-0.34385207,0.43227527,-0.5140675,0.29268974,0.16459286,-0.27044305,-0.05633368,-0.68257034,0.30953372,0.14398798,0.14287296
rna|MIR1208,-0.044276733,0.21514472,0.55762523,0.104287796,-0.00850643,0.30206093,0.06939347,-0.025307545,0.6293298,-0.13467745,-0.21322748,-0.36503875,0.3091713,0.05547912,-0.12276083
rna|PFKFB4,-0.06866085,0.17108628,-0.18615204,-0.29986152,0.18713894,-0.017256955,0.034380797,-0.02274496,-0.315678,0.9914142,-0.08824461,-0.4958078,0.4144627,0.6159456,-0.2251798
rna|TRIM51,0.41184747,0.07084237,0.3148767,0.041753158,-0.33975002,0.122497134,-0.5501853,0.42033988,0.24982981,-0.38209066,0.111226216,-0.6916054,0.4912702,0.06284197,0.051308833
rna|GZMM,0.10585129,0.24529898,-0.025647152,-0.13705288,0.28171417,0.5878951,0.1341251,0.38853133,-0.03892152,-0.15586948,0.18630464,0.5384786,-0.31692383,0.09529537,0.8696898
rna|KRTAP10-3,0.44048083,0.3105393,0.5057305,0.13012958,-0.05901809,0.47553876,-0.2041854,0.6000217,0.57536227,-0.18004732,0.05271672,-0.3515581,0.35869554,0.061737146,-0.023033256
rna|F13A1,0.5874832,-0.23904534,-0.1659407,0.23303406,0.061459366,-0.24980408,0.5109449,0.21975958,-0.15650783,0.34281218,-0.24986438,0.06746053,-0.14565116,-0.07352914,0.16416267
rna|TMEM163,-0.5400737,0.12439452,-0.45942554,0.6194108,-0.56566244,0.21706174,0.2611859,0.09801025,0.8462056,0.48518655,-0.361899,0.1579933,-0.42433435,0.33142322,0.09749044
rna|SLC29A4,0.036065333,0.48920742,0.1688319,-0.32216915,0.117458224,-0.1074444,-0.0043339473,0.22765546,0.4737372,0.013452049,-0.17813587,-0.24140888,0.6883984,-0.2039164,0.2903246
rna|LOXL2,0.14052455,0.07242375,0.56013364,0.36142036,-0.38047272,0.38207707,-0.04185094,0.08849168,0.33449304,0.40339303,-0.4958385,0.15685132,-0.055659134,-0.0053200917,0.02959207
rna|KCNS1,0.20893481,0.3546843,0.415844,-0.06669125,-0.045077458,0.26410002,-0.22579469,0.43098795,0.38085455,0.03771876,-0.17202736,-0.3863379,0.25248244,0.13203274,0.25659466
rna|MAP2,0.11752663,0.17681032,0.32495356,-0.099968,0.20635565,-0.1708032,-0.08401967,0.2932939,0.24982764,0.23793902,-0.32951728,-0.06687893,0.08037514,-0.17610934,0.10710746
rna|PCDHGB1,-0.5416055,-0.06842643,0.4987674,0.21057665,0.082095526,-0.31503278,-0.06823495,0.5376447,0.36724356,-0.015879525,-0.60087717,0.2981282,-0.012945516,-0.21628548,-0.14506516
rna|TTC36,0.21855898,0.29658175,0.26720148,0.31344283,-0.19794126,0.6493094,-0.18327853,0.43156165,0.10467956,-0.18685351,0.004598327,-0.4442738,0.09025504,-0.08607777,0.1155116
rna|TMEM132E,0.34868872,0.2589642,0.41749716,0.29580855,-0.14721577,0.5502464,-0.427307,0.45067218,0.22531132,-0.29443496,-0.1106089,-0.25802976,0.24530417,0.0007418583,0.3157224
rna|PRLHR,0.298979,0.23986195,0.39241263,0.09621821,-0.02228509,0.32057926,-0.43153602,0.36736256,0.44476998,-0.28469288,-0.14213915,-0.40557766,0.51366913,0.043242943,0.06696147
rna|OR10V1,0.28719497,0.31959903,0.4290551,0.08734701,-0.16314316,0.41225585,-0.40453315,0.45236263,0.24858823,-0.27945134,-0.14442714,-0.5952175,0.34054956,0.17268264,0.18293379
rna|NEK2,-0.02211304,-0.31267527,-0.25244465,-0.16609631,-0.43677458,-0.4533925,-0.2432824,-0.10731746,-0.22094512,0.045356907,0.7868107,-0.37145677,-0.11689204,0.2714599,-1.2621903
rna|FRMPD2B,0.41919348,0.3016574,0.37812656,-0.09061598,-0.056984708,0.40045333,-0.3733966,0.5552204,0.3699961,-0.3384905,0.03855114,-0.51149684,0.50891197,-0.031183608,-0.098912746
rna|RFPL1S,0.42154095,0.2945845,0.3762435,-0.04365985,0.08922138,0.45981574,-0.35148597,0.44043052,0.22542867,-0.3753186,-0.031620752,-0.54962194,0.5881753,0.053745534,0.0940513
rna|IGFBP6,0.763771,-0.356747,0.3369288,0.36701,0.02316508,0.036490522,0.69801295,0.29148066,0.4066982,0.53182405,-0.4128409,0.27912885,0.34161487,-0.3043161,0.22848722
rna|HOTAIR,0.05387945,0.09577198,0.390499,0.074569084,0.13757299,-0.036622312,-0.131586,0.28503457,0.32372037,-0.055967316,-0.26217374,-0.08251156,0.30744538,-0.13837509,0.057735495
rna|SERPINB13,0.9418944,0.95960605,0.34292194,-0.18480444,-0.5851966,-0.64016503,-0.5407824,-0.6227906,0.33657476,0.8640442,0.4071723,0.77143687,-0.025355868,-0.15933205,0.34631753
rna|XYLT1,0.11897616,-0.21558514,0.15418178,0.07031071,0.054611087,0.24951997,0.07278771,0.07097396,0.45636278,-0.24620087,-0.33579534,0.6610819,-0.332944,-0.3372715,0.18608141
rna|BTNL3,0.22512102,0.25206438,0.59352994,-0.19507039,0.14908661,0.4540198,-0.41069677,0.4944006,-0.080671154,-0.20386727,0.0815864,-0.32503816,0.35098878,0.095723175,0.19675463
rna|HOXB13,0.5727952,0.29111004,0.48912603,0.24383676,-0.049911425,0.58195853,-0.16675612,0.48677644,0.33935437,-0.16307274,0.05520995,-0.40699401,0.14245749,0.11866852,-0.07745891
rna|TMEM171,0.03359588,-0.11699716,0.25336194,-0.020864116,0.04258974,0.32151932,0.17496854,-0.17715986,-0.08072189,0.15818918,0.43847865,-0.11480524,0.16159064,0.11445064,0.39539894
rna|OR6C3,0.29545757,0.33234566,0.49767193,0.057920538,-0.12135008,0.43658578,-0.49095088,0.47566,0.31165963,-0.29635152,0.05654662,-0.42727068,0.4374466,0.052661654,0.090112746
rna|RNF43,0.51574683,0.63911945,0.43397623,-0.10327638,0.22655618,0.13287836,-0.03800598,0.13581914,0.32281286,-0.26070988,-0.15315744,-0.3303646,0.09490047,0.13239615,0.22111803
rna|DNASE1,-0.5327185,0.20222884,0.17729796,-0.16594517,0.39006078,-0.23319238,0.09117176,-0.17347746,-0.13122259,0.24927436,-0.94279104,-0.21266562,-0.2197692,0.59358644,-0.03364838
rna|IL9R,0.45943353,0.3179215,0.33893225,0.08163762,0.1286292,0.13819973,-0.29680118,0.5191631,0.40357733,-0.044813376,-0.14459345,-0.2415931,0.5868866,-0.025716381,0.07693104
rna|PSG1,0.4316972,0.39236027,0.25868347,-0.066988364,-0.0688116,0.14475946,-0.37915242,0.4670006,0.433398,-0.48225072,0.0279588,-0.7261762,0.5598422,-0.031928435,-0.12870099
rna|ROR2,0.008240245,-0.39166006,-0.50714874,0.02543525,-0.06949264,-0.4695521,0.4342284,0.28816253,0.23773202,0.9718034,-0.42910907,-0.36032474,0.39853615,-0.02934038,-0.1515345
rna|WASHC2A,-0.24460283,-0.1382634,-0.12785614,-0.15910885,-0.27656266,-0.169281,-0.15889369,-0.20648217,-0.11072459,-0.29734132,0.2978927,-0.3149016,0.2532567,-0.26636928,0.2983242
rna|MBD4,-0.2366754,0.37785113,0.12953424,-0.14476456,0.5807904,-0.16569497,-0.00084096903,-0.3447397,0.018901592,0.15857928,-0.59069735,-0.08439418,-0.16642427,0.30075398,-0.07648911
rna|STAP1,-0.11790838,0.10686938,0.04144344,0.073938236,-0.02795658,-0.4534002,-0.30688545,0.5591435,-0.019819235,0.26000178,-0.03506968,0.35572737,-0.70300686,0.34829998,-1.1038939
rna|KIF1A,0.29438993,0.40548894,0.09359225,-0.1564527,0.23091066,0.1517219,0.0044327425,0.05207216,0.097827286,0.027959643,-0.15377483,-0.14744899,0.3226403,-0.09037428,0.079980075
rna|IGSF9,0.36161906,0.6721808,0.26500863,-0.012876873,0.053722505,-0.1607609,0.17798464,-0.30655572,0.1961121,0.35703126,-0.16495566,-0.11717796,0.1912489,-0.117925785,0.37904957
rna|CLDN1,0.41240782,0.86112255,0.20783186,0.102015436,-0.22276853,-0.45426244,0.26647523,0.05190091,0.04105169,0.7440839,-0.17605624,-0.0034810493,0.1393073,-0.23534396,0.3713603
rna|LYPD6B,-0.3154871,0.10275312,0.6662171,-0.09812213,0.029648436,-0.41446102,-0.100096844,0.4304546,0.32697916,-0.019054895,-0.5028496,-0.08698027,0.18602955,-0.05473423,0.020822743
rna|DMD,-0.1138082,-0.042611286,0.5481116,0.35332963,-0.175534,-0.09751531,0.07110153,0.0536634,0.0949939,0.27534857,-0.23805979,-0.026857354,-0.24922699,-0.11739167,-0.19942647
rna|ASGR2,0.1566955,0.27904004,0.284635,-0.07103377,0.21949697,0.15766041,0.15421505,0.06556552,-0.10074817,0.09453192,0.053987514,-0.5765512,0.58307236,-0.3993933,0.9563041
rna|DSG2,0.39979735,0.24935469,0.19731505,-0.07659686,0.15227447,0.11712602,0.16075116,0.0997527,-0.100219905,0.5004436,-0.15004006,0.089048125,0.035832714,0.02535371,-0.10684614
rna|PTGDS,-0.6173445,0.021616751,-0.5964395,-0.3822909,-0.15140396,-0.7782295,0.0050279303,0.5246531,0.291311,0.05865002,0.36327583,-0.7075371,-0.28170934,0.60920835,0.19441365
rna|CD28,0.19203636,0.22557257,-0.65064687,-0.34151527,0.809481,0.041874237,0.18509865,0.6317864,-0.07361227,0.029156523,0.4555686,0.4446345,-0.46169668,0.40930092,0.41872832
rna|PHEX,-0.057244945,0.20469132,0.15274212,-0.2601168,0.55888695,0.16889563,0.03519315,0.003111347,0.054775584,-0.21022186,0.11228273,0.18817765,-0.00030598466,0.07200378,0.007647881
rna|CLEC5A,0.3878512,-0.37141025,-0.040754203,-0.285577,0.07807445,-0.21926898,-0.32719597,0.30818713,-0.3004795,0.69468915,0.32782486,-0.2839318,0.8479814,-0.15761977,0.046070177
rna|MIR1324,0.3830062,0.16402851,0.29452097,-0.06866712,-0.26057118,0.21227455,-0.5767089,0.52258825,0.33412606,-0.41192713,0.041645147,-0.84324795,0.33483177,0.036931254,0.04855685
rna|PRUNE2,0.22770374,0.32868102,-0.08079138,-0.0810463,-0.12141831,0.10874102,-0.02362167,0.29887003,0.42068243,-0.13560313,-0.4557791,-0.04021824,-0.0646338,-0.036057428,0.0873385
rna|CLEC12A,-0.19053146,-0.06613113,-0.07398335,-0.77856284,0.47139552,-0.30625597,0.061643034,0.05153552,-0.6279092,0.22073218,0.21848795,-0.61577946,0.23183626,0.56874436,0.33807507
rna|DIO2,0.9287479,0.14776906,0.38596335,-0.16455992,-0.15281844,-0.35094038,-0.22926114,-0.10537645,0.51327896,0.6542797,0.21562874,0.26594052,0.7577348,-0.42558458,0.20812164
rna|PDE7B,0.39489502,0.661041,-0.31815353,-0.36986884,0.6481712,0.023520561,-0.020618254,0.4111605,0.13917857,-0.039035834,-0.42485058,0.12302538,0.20178771,0.030352434,0.27430248
rna|RASL11B,0.109630086,-0.3053041,-0.025918154,0.00450619,0.28984255,-0.2637672,0.40901557,0.46673748,0.28104407,0.09205442,-0.9142441,-0.18909642,0.3110675,-0.10170501,0.293451
rna|KRT4,0.88267344,0.90657127,0.45890442,0.036720965,-0.5114002,-0.4290343,-0.7057502,-0.35341728,0.19986667,0.6081632,0.2495106,0.33529863,0.20248562,-0.02516008,0.29021913
rna|FCMR,0.07363164,0.35888007,-0.5540237,-0.22169375,0.08549143,-0.46958074,-0.39571816,-0.005821891,0.046682958,-0.5378491,0.6040335,-0.15578681,-0.25054815,0.46644247,-0.006441094
rna|CCL18,0.20450976,-0.4337366,0.025777638,-0.30760646,-0.0107446285,0.32137695,0.30318984,-0.5857321,-0.07989027,0.3748053,0.49592522,0.11085829,0.15761513,0.092545114,0.42624706
rna|CSAG3,-0.44063362,0.12510031,0.30458865,-0.14328645,0.1846904,0.27295154,-0.059687514,0.5490098,0.2592968,-0.16166325,-0.3647894,-0.18875295,-0.14834663,0.23005216,0.49640736
rna|SELENOP,0.7409106,0.18164338,-0.6924015,-0.2319218,0.19092545,-0.8484817,0.27537876,0.5298579,-0.033484098,-0.42645943,0.39470136,-0.18637289,-0.2634495,-0.1522954,-0.46840668
rna|MYOM3,0.5973883,0.323474,0.477685,-0.24417254,0.09937739,0.0034582515,-0.12819354,-0.04494562,0.22341426,0.41678265,-0.36339545,-0.14816692,0.36649033,-0.006571521,0.020986933
rna|PEG10,-0.15595709,-0.030735677,0.27511033,0.09065651,-0.04362958,0.030531842,-0.14863743,-0.311616,0.08161744,-0.2727531,-0.27999264,-0.031202884,-0.18212701,-0.14170647,-0.40402183
rna|CNNM1,0.3331005,0.46156153,0.3518373,0.123794824,-0.17800146,0.25806248,-0.25327876,0.20833592,0.13409564,-0.10220791,-0.26964858,-0.21538925,0.08341689,0.100931995,0.32197618
rna|ASB13,-0.35265538,-0.04291728,0.5012639,0.05410084,-0.03413763,-0.40054935,0.51444703,0.62534314,0.20444234,0.4126656,-0.6668621,-0.19000779,-0.30005375,-0.11554734,0.015826363
rna|OR51S1,0.3539598,0.30242386,0.49861398,0.14905448,-0.19971938,0.56168914,-0.34495345,0.5678379,0.04483534,-0.11482367,-0.2851222,-0.38616282,0.026297659,0.26324505,0.119649924
rna|CD300LD,0.36438724,0.23615548,0.3590523,0.19772689,-0.16966578,0.5513542,-0.5546483,0.5213095,0.26829815,-0.20719588,-0.15252142,-0.4725789,0.19208844,0.023599945,0.06893503
rna|C5ORF46,-0.017827166,-0.54341286,0.17668995,0.05962824,-0.16888276,-0.003989274,0.15642776,0.46985888,0.09775379,0.85551053,-0.35430732,-0.22269563,0.50590456,-0.4025004,0.052355465
rna|CRABP2,0.5423884,0.11889337,0.017987391,-0.32450667,0.40411904,-0.45168433,0.27809635,0.065794684,0.47751427,0.9620697,-0.61857796,0.12987123,0.11948457,0.32672715,0.16355747
rna|DPPA3,0.50315547,0.22506829,0.472731,-0.033460923,0.13831185,0.3082323,-0.2949383,0.4188738,0.3071599,-0.41106573,0.018369392,-0.3889559,0.58960533,0.019635396,-0.10313386
rna|TOX,-0.299393,0.10838027,0.13063838,-0.09885974,0.3804405,-0.1546395,0.11128268,0.5701672,-0.19686721,0.26956415,-0.51490086,0.21156096,-0.67975456,0.40083432,-0.04393637
rna|SLC4A1,0.4770004,0.36166048,0.24027619,0.36852247,-0.13010256,0.5784355,-0.37779787,0.5465516,0.09296129,-0.17368521,-0.030797543,-0.3661946,0.17278849,0.07561869,0.13753766
rna|AKR1C3,0.71893287,0.3696008,-0.7659508,-0.115579985,0.13592476,-0.7661847,0.2666886,0.4419052,0.0911349,0.4955076,-0.24972226,-0.31421962,0.035273388,0.08692921,-0.33619055
rna|H3C14,-0.21256416,-0.2942703,0.6207478,0.5158605,-0.2934782,0.61516994,0.36981782,-0.56006926,0.4661214,0.146445,0.03625166,0.24497898,-0.3576764,0.20147684,0.10229737
rna|TTC27,-0.134371,0.5311872,-0.10605291,-0.20394972,0.62619627,-0.32224685,0.17679496,-0.050079547,-0.31900296,0.4774249,-0.6856447,-0.5125312,-0.26800784,0.819608,-0.46231085
rna|JUP,0.0012330442,0.19833784,0.18918227,0.44253954,-0.35931498,0.0396,0.3391699,-0.011772103,0.57585114,0.5413538,-0.3460641,0.6505246,-0.2752656,-0.20683071,0.27478793
rna|STK11IP,-0.29258475,0.5200825,0.0066293664,-0.44515437,0.72516185,-0.41094854,0.20070687,-0.25691533,0.11805666,0.27016398,-0.7119176,-0.3177489,0.005003879,0.69799036,0.048809394
rna|REC114,0.3165063,0.38443288,0.25274825,-0.15875833,-0.0132372165,0.2835139,-0.39364937,0.4370393,0.3484768,-0.3436485,-0.18398722,-0.49675196,0.43411595,-0.03289461,-0.023719719
rna|H2AB1,-0.07488404,-0.1156573,-0.116228886,0.38692698,0.0476123,0.07049864,0.15888022,-0.36097148,0.38796073,-0.04816582,0.10452889,-0.12788904,0.41207355,0.08020527,0.34375545
rna|SNORC,-0.019273274,0.38812995,0.24976599,-0.0076200636,0.24888384,0.0564663,0.226527,-0.50692743,0.37459284,-0.058149554,-0.08721636,-0.2839047,0.3053335,-0.14488198,0.39084476
rna|DYNC1I1,0.05261147,0.18221885,0.3193251,-0.20581442,0.014010043,0.23044546,0.025164003,0.24288096,0.4606385,-0.0155989025,-0.30974257,-0.16691504,0.20811114,-0.056250304,-0.14307444
rna|SALL1,0.2444458,0.38334146,0.27073374,0.29830584,-0.18504405,0.16661622,-0.35300687,0.5529239,-0.017056685,-0.22963433,0.14469552,-0.6627884,0.18379827,-0.11297409,0.124902904
rna|LINC00273,0.32882208,0.3235467,0.38936085,0.029606218,-0.098448455,0.4587833,-0.4676279,0.5124035,0.2836759,-0.35429022,0.0009518705,-0.39059055,0.4931249,0.051161896,0.05014707
rna|NEU4,0.21110861,0.29623234,0.03315844,-0.28850195,0.4807181,0.09219864,0.37561482,0.37384433,-0.003223731,0.25044566,0.36125034,-0.01083985,0.59873927,-0.2368188,0.508988
rna|OR4K13,0.4101943,0.18657298,0.26511577,0.15104319,-0.24628334,0.5978292,-0.6059682,0.6055259,0.20630893,-0.23646124,0.14231737,-0.39463207,0.1573345,-0.0024721297,-0.08684404
rna|AP3B2,0.23756562,0.047687575,0.44573942,0.15815924,-0.25152126,0.5548919,-0.37050924,0.38907585,0.3003694,-0.24647449,0.10696906,-0.19799057,0.28427374,-0.10693081,0.30344805
rna|C15ORF48,-0.23280822,-0.3145046,-0.32035446,-0.22338848,-0.43890813,-0.09560985,-0.4430586,0.1053592,-0.22901906,0.92954403,0.31689167,-0.21707702,0.77828646,0.030676855,0.14503694
rna|CCR4,0.019344514,0.07844504,-0.6063314,0.1208134,-0.0027132295,-0.14664593,0.13483274,0.51846224,0.3479561,0.06595381,-0.110974856,0.25709674,-0.47154215,0.2289071,0.4241813
rna|SEPTIN7,-0.12612042,-0.18667142,-0.31341583,-0.38488096,-0.14502019,-0.90028316,-0.45098424,0.072507255,-0.56760055,-0.14908874,0.48179755,-0.27620277,-0.26835164,0.26108006,-0.9336149
rna|OR4D9,0.34489924,0.3518951,0.34846193,-0.0461509,-0.2950923,0.35919598,-0.47197118,0.36376604,0.44462588,-0.13595216,-0.107904345,-0.5476342,0.36424828,0.08993187,0.16460887
rna|ARNT2,0.18215841,0.122842394,-0.2233531,0.0638176,0.2613586,0.36227924,0.2712629,-0.39055365,-0.0829677,0.19001143,-0.22953585,-0.16510926,0.031183172,0.44411558,0.5415191
rna|SFRP5,0.4145042,0.29915395,0.39641598,0.17005655,-0.14080025,0.34327862,-0.3633758,0.3472273,0.09116722,-0.061909366,-0.117425,-0.49140376,0.06521324,0.09892122,0.16750893
rna|CARNS1,0.14421085,0.63834774,-0.067048796,-0.2674332,0.22314927,-0.40746188,-0.41478515,0.10027676,-0.22737968,-0.2702531,-0.15554577,-0.04950669,-0.46450353,0.57983667,0.04901379
rna|DNMBP,0.08074251,0.2585796,0.56658477,0.25210962,0.12132565,0.2610918,0.06213069,-0.6735114,-0.16824377,0.07375945,-0.47249678,0.2566928,0.035197865,-0.04089944,0.06205767
rna|OCA2,-0.06696482,0.47377226,-0.37148395,-0.1257855,-0.20832348,-0.06043318,-0.44542834,-0.06860413,0.18933894,-0.739943,0.15040813,0.11434065,-0.40585896,0.1692551,0.19700499
rna|PDZK1IP1,0.9067456,0.8100784,0.2931397,0.12945785,-0.48836958,-0.11710348,-0.41341063,0.023915041,0.35326007,0.5281939,0.32792747,0.18311167,0.20916638,-0.1434711,0.25671458
rna|CD300LG,0.5159904,-0.022687733,-0.683629,-0.2338203,0.114215076,-0.3649812,0.3591659,0.22877422,0.10281784,-0.532866,-0.12440839,-0.24718684,-0.14335337,-0.027300842,-0.22752357
rna|LGR5,0.3683769,0.38896763,0.2815051,0.107684545,-0.1129678,0.33164448,-0.22703484,0.35481542,0.5559256,-0.2678293,-0.12384159,-0.31943277,0.3456254,0.10263826,0.17298962
rna|LOX,0.46919078,-0.7786126,-0.43204033,-0.016712854,0.07434424,-0.48302925,0.49986726,0.4076087,0.19875275,0.73659545,-0.2920693,-0.15541478,0.53375673,-0.16438973,-0.35582274
rna|FAM110B,0.18534368,0.33202153,-0.26539743,-0.22927892,0.380435,-0.19457532,0.50037897,0.14351955,0.2548823,0.6195774,-0.7262212,-0.44488412,0.35110524,0.34213626,0.3377586
rna|ARMCX2,-0.17769165,-0.29202983,-0.36228046,0.07563957,-0.26242283,-0.507273,-0.20426494,0.19411899,-0.29242885,0.2496754,0.086307414,-0.05528764,-0.2862728,0.046609327,-0.54120463
rna|FMO1,0.1507954,-0.264494,0.06107094,-0.17737344,0.21729691,-0.4684291,0.23322123,0.018657077,0.26907796,0.8645328,-0.48524043,-0.09851795,0.46781942,0.035741214,-0.23837978
rna|CXCL14,0.5231309,0.4403227,-0.80171084,-0.013313867,-0.33730194,-0.54512155,-0.07292318,0.4567128,0.39464858,-0.19275105,0.0992548,0.32306588,-0.7187015,0.12604977,0.23712738
rna|ANGPT4,0.45413542,0.075093545,0.30013847,-0.0016722726,0.042812396,0.34835374,-0.07023363,0.35783234,0.56871486,-0.3372417,-0.16638108,-0.3916851,0.4241135,0.09824267,0.1911445
rna|SIGLEC12,0.16284615,-0.047350653,-0.35722837,0.04174187,-0.00043680533,0.15926535,-0.13800873,0.22133331,-0.0741627,-0.10425779,0.120282605,0.033754844,0.1286982,-0.07051984,0.38166058
rna|OSM,0.07776031,-0.2494279,-0.20290896,-0.19687088,-0.07656978,-0.14690658,-0.108661465,-0.0060972995,-0.22880858,0.7989464,-0.33136475,-0.1581836,0.80526817,0.044621274,0.19447944
rna|SLC30A4,-0.10603346,0.253732,0.24414092,-0.17221521,0.29330447,-0.42934316,-0.20673567,0.49250898,0.25771475,-0.1500746,-0.46868184,0.02023069,0.10916271,-0.42655253,0.30430487
rna|INSM2,0.20006168,0.24289647,0.19648403,-0.02006835,0.3320284,0.19730707,0.088330604,-0.0059030764,0.36290586,-0.021867957,-0.40270022,-0.110085495,-0.027366363,0.087459,-0.17563187
rna|MYH11,0.28363845,0.31596953,-0.064729705,-0.2805354,0.3448233,-0.31678033,0.3549398,0.42160663,0.34225577,-0.16682567,-0.77284306,-0.17653862,-0.19134194,0.09095728,0.49362925
rna|CST2,0.46372554,0.17132904,0.33485815,0.29313248,-0.14327554,0.4591169,-0.24540195,0.5893744,0.34811443,-0.053390592,-0.23858209,-0.3480576,0.37644592,0.14524737,-0.041539557
rna|GPAT2,-0.11806265,-0.18768717,0.23266417,0.008289658,0.081923544,-0.07487375,0.20020194,-0.2739457,0.0653274,0.022592854,-0.1565006,-0.03317743,-0.0033493591,0.15077877,0.715721
rna|PDE4C,-0.09223158,0.06857066,0.31363964,-0.14851186,0.34742486,0.06358319,0.040205542,0.318466,-0.14506875,0.27932164,-0.4222214,-0.3865751,0.43326932,-0.21096039,0.16338348
rna|CAPN13,0.34212208,0.41516712,0.30740294,0.025389127,0.012424502,-0.14105855,-0.24492565,0.15720528,0.34951663,0.29728758,-0.11779588,-0.09451432,0.21737416,0.08844124,0.105315
rna|HCN2,0.2449163,0.3207609,0.3716671,0.5336237,-0.20754799,0.9187113,-0.14555568,0.15385385,0.095460154,0.052315045,-0.11520603,0.20626229,-0.18233387,0.2033872,0.28391463
rna|MIR567,0.31145823,0.16140841,0.40646672,0.008888169,-0.44241035,-0.3122285,-0.49652264,-0.3659505,-0.22234276,-0.12106551,0.099758215,-0.6183367,-0.09998822,0.037419606,-0.23310313
rna|HBQ1,0.5213189,0.4373389,-0.044147056,-0.10525704,0.25587326,0.4393548,-0.017878156,0.2284482,0.1465272,-0.28518358,-0.0859377,-0.10863102,0.32502887,0.085221425,0.48437724
rna|TNNI2,0.19360748,0.48133242,-0.06382978,-0.40250036,0.29136437,-0.47307205,-0.31232774,-0.096927464,-0.016671669,0.28001145,-0.12654194,-0.06809618,0.16910969,0.31218833,0.082047336
rna|PRR5L,0.40818316,0.2834791,-0.45490736,-0.31717795,0.7302436,0.07707851,0.48946756,0.70830876,-0.34341067,0.5589174,-0.008476885,0.13537754,-0.4593811,0.66073626,-0.1304476
rna|MIR874,0.12026503,0.30487046,0.41863173,-0.042365577,0.056768913,0.34320483,-0.13082018,0.07587923,0.35666874,-0.23800428,-0.30506906,-0.11884933,0.2777292,-0.15916309,0.39076275
rna|CKB,-0.26130655,0.29413807,0.16162801,-0.0711526,-0.1821073,-0.043960843,0.12620865,-0.5249712,0.33447337,0.2651414,-0.5414525,-0.35870394,-0.029518174,0.30637854,-0.06528686
rna|TDRD12,0.20166104,0.22768487,0.22934382,0.09074399,-0.13202994,0.2539358,-0.3457116,0.27014977,0.14194056,-0.117560156,-0.4649921,-0.28732646,0.0696127,0.23642251,0.3451321
rna|SSTR5,0.42360848,0.20026779,0.36610714,0.22030136,-0.24007499,0.3714001,-0.37920073,0.5493317,0.067526974,-0.27456486,0.0112683205,-0.41571766,0.23874679,-0.020134592,-0.015974259
rna|BLK,-0.21922731,0.31820753,0.032308385,0.32147813,-0.5995871,-0.21797538,-0.2710518,-0.09095614,0.22003126,0.08630978,-0.23355113,0.24153289,-0.5225458,0.27136788,-0.6726627
rna|EFNA5,0.059552163,0.07805829,0.08875499,-0.040521678,-0.074311055,-0.16422945,-0.113517076,0.29673272,0.74501175,0.087254345,-0.1672143,0.18491688,0.3931326,-0.34611568,0.44271085
rna|CITED4,0.4052233,0.5393501,-0.4534638,0.50297695,-0.47893432,0.76931685,-0.17520848,0.42647934,0.25953436,-0.07363459,0.3967013,0.29155976,-0.22069904,-0.16083477,0.3614776
rna|SRRM4,0.22222209,0.22253871,0.5449727,0.052930843,-0.2896125,0.31689227,-0.35694915,0.41210517,0.32595655,-0.26285183,-0.14663726,-0.6027509,0.30242878,0.113205634,0.2595191
rna|GFRA3,0.31910947,0.21901782,0.45781055,0.009599597,-0.08498151,0.24120677,-0.16981891,0.0764558,0.25163817,-0.24605876,0.017490627,-0.4460816,0.23660989,0.008234092,0.03981565
rna|JAKMIP3,0.39437884,0.2635246,0.46902603,-0.07092619,0.13279682,0.28025395,-0.111045934,0.31387207,0.33270636,-0.31914726,0.096640706,-0.28552225,0.3307345,-0.03188977,-0.06103433
rna|MYH3,0.016365893,0.6032327,-0.23686765,-0.29465738,0.8956231,-0.34672356,0.40643,-0.08932031,-0.039561976,0.22664382,-0.45450285,-0.34820044,-0.14671409,0.59777004,0.09471515
rna|FGF21,0.2879244,0.36016822,0.4635798,0.113292985,0.004538619,0.32162684,-0.07627669,0.48261803,0.29860863,-0.21861583,0.28473747,-0.585354,0.4627096,-0.23966835,0.08499286
rna|ARHGEF5,0.24027537,0.36556345,0.15081692,-0.17796536,0.29155558,0.026419176,0.14090082,0.051001858,0.36704323,0.0018136475,-0.109648935,-0.031057764,0.19556552,0.17326123,0.42630783
rna|KIAA1217,0.28655317,0.013540216,0.03611328,0.07635709,0.103364,-0.20591196,0.27770096,-0.06601073,0.062083773,0.5527719,-0.8259806,-0.10992444,0.16056432,-0.0975355,0.092388704
rna|HES6,0.091392,0.3711051,-0.2907007,-0.30020982,0.35895267,-0.09672282,0.29009363,0.07733028,-0.0034366401,0.48161966,0.12624308,-0.20900705,-0.2525287,0.5713289,-0.8300746
rna|GATA4,-0.1953859,0.3376772,-0.09482659,0.441185,0.17055301,-0.16183265,0.09641185,0.25769213,-0.23213607,-0.07651695,-0.08724458,-0.21539213,0.04011159,-0.15743785,-0.24151234
rna|MAGEA1,0.099143095,-0.27456164,0.24860087,-0.067010544,0.1662401,0.11384125,0.09524977,-0.20193705,-0.0662533,-0.19482405,0.082518764,-0.16403438,0.22475398,-0.26848105,-0.041085348
rna|C17ORF50,0.3376195,0.33173868,0.43853,0.09729982,-0.058179766,0.49564576,-0.25968784,0.25912628,0.42294747,-0.3574174,-0.16086295,-0.34729874,0.22477001,0.036542892,0.09923843
rna|PFN1P2,0.24606903,0.44575658,0.39029875,-0.07418744,0.14400339,0.21763048,-0.24105047,0.50549704,0.3445526,-0.14912218,-0.20910153,-0.60039085,0.45639634,0.12372124,-0.008171897
rna|ENDOV,0.21713918,0.68656194,-0.16485664,-0.12382437,0.6531421,-0.12122669,0.093835056,0.18233813,0.17339252,0.15274724,-0.5954103,-0.26671973,0.26950365,0.28755516,0.22391845
rna|ADGRV1,0.42447582,0.52346,0.46119758,0.01958784,-0.12977321,0.16484433,-0.18918896,0.3226784,0.26762015,-0.18152738,-0.030346518,-0.5362882,0.38719112,-0.34768242,0.108334534
rna|SBSPON,0.48933896,0.35755956,-0.56853026,-0.22328494,0.18151388,-0.20231049,0.28378466,0.14193802,0.37006634,-0.29674807,-0.19458754,-0.07387155,-0.25469884,0.12685327,0.24524455
rna|SDS,0.4433177,-0.07604809,-0.16015194,-0.10027176,0.58019906,0.15424708,0.69267094,0.27973107,-0.4662311,0.7740751,0.10395856,-0.034369316,0.48595515,-0.0625299,-0.31912255
rna|IDO1,-0.20811243,-0.45328835,0.07058266,-0.51506466,0.19783956,0.21967374,0.09315897,0.2495265,-0.37148598,0.5249225,0.5957844,-0.001065282,0.013673105,0.35470992,0.8176302
rna|PSMB11,0.27992,0.32695645,0.45355374,0.10545928,-0.16845235,0.5694847,-0.42604047,0.4656065,0.3015293,-0.13816254,-0.19663963,-0.5103898,0.11494317,0.1465205,0.06022808
rna|PAX5,-0.34988728,0.050600905,0.5878715,0.6580618,-0.4078574,0.2984507,0.25343934,-0.2639634,0.6504329,0.2859267,-0.44355625,0.33635864,-0.6037223,0.19862175,0.058306836
rna|TMEM145,0.072465435,-0.2757811,0.19326393,-0.056377135,0.120803624,0.10108024,-0.0721293,-0.43412367,0.017494716,0.008716868,0.5940714,-0.12505625,0.25947323,-0.010240597,-0.42231134
rna|SERPINB5,0.92534226,0.97878796,0.48363632,-0.17628184,-0.3628019,-0.33304992,-0.46423495,-0.6392971,0.5009149,0.72008234,0.3530331,0.6351053,0.08574021,-0.14814836,0.24832559
rna|KLK8,0.7140802,0.700486,0.55135375,-0.076087326,-0.07401835,-0.115207724,-0.2916535,0.05712504,0.59419256,0.19101349,0.35331365,0.013931746,0.44273803,-0.17633162,0.17680752
rna|MAL,0.24265727,0.47627997,-0.39010984,-0.2844022,0.23636803,-0.45307523,-0.41114962,0.3647562,0.3818453,0.02122679,0.4845316,0.39899167,-0.36610565,0.17384626,0.55358136
rna|MYH6,0.19687568,-0.07852328,0.010224947,-0.12522595,0.20348248,-0.46611527,-0.1603285,0.08290254,-0.0077024796,-0.05179297,0.353406,-0.021777045,0.26810384,0.02932103,0.2174828
rna|MGAT3,-0.513322,-0.23931119,0.38476384,0.3620278,-0.59188694,0.3482909,-0.021354161,-0.2745778,0.5763037,-0.094799675,-0.39595583,0.10449234,-0.15521455,-0.06871815,0.22941884
rna|SLC1A3,-0.092879206,-0.19146506,-0.30733487,-0.40433034,0.3764636,-0.27551693,0.4351278,0.28595382,-0.23526652,0.86077756,0.22945832,-0.50249434,0.17869449,0.54331005,-0.21819614
rna|TMEM102,0.17455319,0.08669328,0.24173576,0.28178796,-0.6643727,0.7060079,-0.20968477,0.33018047,0.24133421,-0.27719972,0.34414116,0.06251163,-0.17745318,-0.1415894,0.115293816
rna|TKTL1,0.24537502,0.10125418,-0.36577085,-0.25586453,0.19807574,-0.099429056,-0.27210107,-0.012750231,-0.2305284,-0.26065195,-0.017676968,-0.18539168,0.26796758,0.22607726,0.063181035
rna|SLC47A1,0.09890998,0.41420257,-0.30345,-0.32389593,0.5162409,0.0440629,0.33019605,0.1767835,-0.11800834,0.32454878,0.2928592,-0.24295168,0.3768537,0.0542895,0.117868215
rna|RUFY4,0.3500744,0.23215975,0.1422489,-0.18400572,0.5487614,0.25849754,-0.14607336,0.29138526,-0.0049985405,-0.07224502,-0.036095764,-0.2957396,0.076320134,0.48615402,0.48465455
rna|HDHD5-AS1,0.23621501,0.4618079,-0.06818527,-0.011688973,0.7051536,-0.053773783,0.3101381,0.37360975,0.16313723,0.16490312,-0.12355308,-0.1359371,0.08513212,0.37853518,-0.16109906
rna|ITGA10,0.11455404,0.471934,-0.1104243,-0.052404918,0.6963788,-0.0889483,0.34975597,-0.045518305,0.25361806,0.2887998,-0.8187643,-0.51644504,-0.104185656,0.78483224,0.07916704
rna|WHRN,-0.028652992,0.014296428,0.7833087,-0.23191959,0.3764285,-0.058270723,-0.14513212,-0.27889183,-0.4051948,-0.064860456,-0.06689326,0.12025391,-0.089372076,-0.02746546,0.72817826
rna|CRCT1,0.80839247,0.85635537,0.46498063,-0.040290214,-0.6601262,-0.4872283,-0.61712986,-0.5649592,0.31136405,0.70584446,0.4864728,0.6030825,-0.0033880963,-0.1619541,0.4469932
rna|NSG1,0.3884151,0.43581262,0.33002684,-0.24821298,0.21445647,-0.14150654,-0.08368504,0.10785092,0.46810412,-0.15360937,-0.17633688,0.109485365,0.094416514,0.06372488,0.33080804
rna|EBI3,-0.60332274,-0.25593427,-0.08095088,0.27612782,-0.3416802,0.100619525,0.177978,-0.030791724,0.020320509,0.16238862,-0.15882686,-0.10832171,-0.023123486,0.14487228,0.55358976
rna|THBD,0.37753695,0.39008725,-0.38488778,-0.36091888,0.37196985,-0.21728867,0.19594719,0.12578838,0.2004758,0.10888855,-0.55675614,-0.19629999,0.2251256,0.22537827,0.34093702
rna|PHLPP1,-0.34234348,0.26474503,0.565136,-0.054580484,0.39650756,-0.08207158,0.0049239406,0.097704,0.15351993,0.31647983,-0.6239652,0.08763836,-0.12754114,0.05172262,-0.12592967
rna|NEUROG2,-0.13572101,0.21546744,0.44778782,-0.06018909,0.18082061,-0.16104914,-0.16385405,0.06006317,0.18519633,0.23852539,-0.5173829,-0.16991252,0.37170106,0.04311393,-0.26133543
rna|HEY2,0.549401,0.28899863,-0.18774255,-0.058190666,0.4246044,0.019993788,0.5476944,0.08473807,-0.08204225,0.45007163,-0.2041522,-0.115048304,0.07533125,0.017311884,-0.37554353
rna|PACSIN3,0.38706648,0.4531401,0.34933174,-0.27383634,0.36502257,-0.0946565,0.34077197,-0.2738618,0.4616433,0.23231852,-0.21166348,-0.084464744,0.44660738,-0.16541201,0.37463343
rna|TMOD1,0.02312622,0.26459754,-0.23417066,-0.19581448,0.6501214,-0.23787661,0.32065815,0.39964828,-0.06668265,0.27710122,-0.35984394,-0.06753406,0.07392792,0.1181609,0.23018962
rna|NGEF,0.28518277,0.43351448,0.3418233,0.056268238,0.04288273,-0.20140441,0.17777431,-0.11978643,0.1330256,0.22238404,-0.20935568,-0.24412526,0.35153127,-0.25370383,0.18608847
rna|AIRE,0.15673013,0.21611819,-0.07374512,-0.34686595,0.05219484,-0.07952492,-0.47953796,0.42940602,0.2575622,-0.5324197,0.23097445,-0.15305337,0.10034008,0.20139135,0.21954587
rna|MTTP,-0.048321113,0.28983635,0.04621253,-0.16742484,-0.30914885,-0.54909265,-0.5377006,0.44294268,-0.26793948,-0.5102096,0.69494784,-0.99524945,0.4418019,-0.46308273,-0.040479086
rna|MIR9-1HG,-0.48504797,0.23197316,0.3694988,-0.22814429,0.07576903,-0.42033452,-0.3840996,0.35917267,0.07398461,0.27654707,-0.20967935,-0.11148754,-0.032060217,0.25530377,0.04821793
rna|CENPF,-0.17354542,0.24442269,0.24769312,-0.10059393,0.33671492,0.4455782,0.3358929,-0.24450038,0.13564236,0.6485776,-0.3346983,0.22460368,-0.27110893,0.59253263,-0.9900581
rna|FAM171B,-0.010195587,0.1803402,0.23749804,-0.09269822,0.39527017,-0.034237355,0.20292194,0.20265633,0.4220521,0.069415316,-0.6573529,-0.09993489,0.44604236,0.2263471,-0.10017057
rna|EEF1A1P9,-0.089794375,-0.14057909,-0.14966439,-0.29564345,-0.026787989,-0.69416124,-0.10679071,-0.22991852,-0.57038873,-0.059535723,0.1557956,-0.17819048,-0.2368944,0.20367326,-0.7011131
rna|NPHS1,-0.11186905,0.33583263,-0.19278482,0.08530928,-0.5325785,0.27103582,-0.21788904,0.34687096,0.48181212,-0.4841723,-0.07597519,-0.41166306,-0.54161096,0.33113083,0.3082976
rna|CPA6,0.018394727,-0.017767742,0.5384676,-0.044257827,-0.0029982051,-0.08760056,-0.112027556,0.3602154,0.14501143,0.14809902,-0.30820736,-0.18768159,0.08526201,-0.010586644,-0.2172668
rna|UNC5D,0.4454806,0.3086847,0.43365428,0.27683485,-0.29181564,0.47889364,-0.3215806,0.4316282,0.17347173,-0.17622063,-0.008340756,-0.5434022,0.15841118,0.101979956,0.17686461
rna|CLEC10A,0.110971496,0.20279317,-0.015215978,-0.56410617,0.6201876,0.04386312,0.25062072,0.22648057,-0.35904482,0.10123735,0.014822172,-0.18196292,-0.1195517,0.37829152,0.35896194
rna|WNT7A,0.35610953,0.34925553,0.3993998,0.07796293,-0.34858578,0.5024411,-0.40870458,0.4281927,0.2585221,-0.18191643,0.09014407,-0.14776684,-0.06894195,0.09265902,0.102765635
rna|MPP7,-0.092393465,0.34971425,-0.2165525,0.21599177,0.09182427,-0.03952564,0.2816614,-0.08057311,0.22908188,0.63234425,-0.385137,0.30684778,-0.3397594,0.46702296,0.24888852
rna|GRHL2,0.64409584,0.6951885,0.44111395,-0.11823503,-0.25560138,-0.35749376,-0.47553682,-0.0909265,0.53522986,0.074033126,0.126867,-0.16540426,0.32982334,-0.10675768,0.2643169
rna|CACNG5,0.10191523,0.43779877,0.24518183,0.20952018,-0.15944116,0.47714877,-0.5348287,0.5453063,0.4091791,-0.22643262,-0.29591605,-0.06292831,-0.08649496,0.122714326,-0.11219038
rna|SLC22A17,0.2988347,0.4663154,-0.65331614,-0.33449343,0.6451418,-0.32436702,0.5798529,0.38513926,0.3843898,0.25505784,-0.601652,-0.061282266,-0.056650512,0.27947363,0.32640636
rna|C19ORF18,0.023398362,0.6685113,-0.08993603,0.12498718,0.41932902,-0.11436825,0.22018693,0.079112224,0.33447948,0.23522894,-0.56771344,0.07667269,-0.047437668,0.08369504,0.18788955
rna|KIR2DS5,0.36564738,0.20193258,0.26255682,-0.095738366,-0.1312725,0.30369398,-0.47718424,0.37675723,0.14071389,-0.33356404,0.23265669,-0.49685815,0.32231727,0.0769122,0.19432372
rna|PDCD1LG2,-0.1934034,-0.4415043,-0.17324866,0.09947948,0.2564328,0.39921984,0.56335044,0.07258085,-0.098580055,0.8609265,-0.045381494,0.26810777,-0.2494219,0.40759307,0.560415
rna|OR56B4,0.40877318,0.16868886,0.32606134,0.21795191,-0.32460952,0.4347683,-0.32033855,0.51376146,0.17212176,-0.24877463,0.12948444,-0.38646472,0.20188904,0.058882184,0.19259234
rna|PGK1,-0.14113568,-0.23122631,-0.46984097,-0.27877083,-0.23918821,-0.6494865,-0.3301441,0.07489027,-0.6798638,0.3636711,0.3154669,-0.33782148,-0.17873047,0.53462917,-0.8888324
rna|FAM83D,-0.17142351,0.04899969,0.028241135,0.23716854,-0.02995156,0.6819884,0.43418884,-0.2482677,0.034681752,0.61596584,-0.02070601,0.5624099,-0.5154695,0.3911493,-0.8446974
rna|EBF1,-0.2854434,0.128434,0.039327685,0.014808722,-0.21345842,-0.4499486,0.021992931,0.37868005,-0.016116671,0.49659625,-0.6942201,0.051433355,-0.5074176,0.33749256,-0.6550747
rna|FAM167A,-0.33006367,0.25233448,-0.09342031,-0.19355972,-0.03638779,-0.21181993,-0.094122596,0.11180638,0.18572307,0.28002626,-0.3430798,-0.11839336,-0.21049254,0.30210394,-0.4897711
rna|VCY,0.56148297,0.037008367,0.45422983,-0.05000327,0.21869229,0.34132564,-0.1212717,0.38934258,0.35665417,-0.40921903,0.18994282,-0.3749079,0.4225287,-0.075017855,-0.031541783
rna|GPER1,-0.2481773,0.13354172,0.3970989,0.005947284,0.21183069,0.24692859,0.13899337,-0.14092666,0.10025302,0.055616625,-0.34147328,0.031403996,0.24077192,-0.16992074,0.0022897348
rna|KRTAP5-10,0.35041225,0.090128556,0.3824723,0.28142658,-0.22331959,0.45769706,-0.3915554,0.41263285,0.23204595,-0.35791606,-0.052548617,-0.4169407,0.17029232,0.12233455,0.24318649
rna|PRSS27,0.61149865,0.90441746,-0.06799468,0.13169949,0.12539664,0.010000429,-0.44029734,-0.14812642,0.24417168,0.7555379,-0.08308711,0.63457483,0.05613175,0.3205652,0.09960094
rna|MIR1289-2,0.42807645,0.39614338,0.38466883,0.0054153698,0.00026420938,0.3405293,-0.38245714,0.32764235,0.3148475,-0.25152677,-0.28454468,-0.4147878,0.45215663,0.19142275,0.087412536
rna|FOXQ1,0.70157325,0.8619694,0.15722449,-0.17259279,-0.5022751,-0.29787123,-0.43166947,-0.26525518,0.31624192,0.36793423,0.1905115,0.021660885,0.12958175,-0.32019782,0.37064916
rna|SLC25A3P1,0.25830004,0.49375406,0.52433056,-0.07367346,-0.1380434,0.40399846,-0.3924458,0.5368489,0.24374402,-0.23601122,-0.032841988,-0.4615016,0.35978916,-0.029806906,-0.007840317
rna|XIRP2,0.44266012,0.2819722,0.4782485,-0.00060320605,-0.26837954,0.010756164,-0.2265728,0.09719635,0.43187237,0.14614543,0.0073876106,0.0034731305,0.37749836,-0.11561234,0.12044482
rna|CDA,0.2017353,0.44485143,0.011629789,-0.06614702,0.014145687,0.5226714,-0.09934702,0.46747366,-0.06577641,0.7499135,0.33966342,-0.15458652,0.5177399,0.06425044,0.44443297
rna|METTL7B,0.20299165,0.26442537,0.121298544,0.018469576,0.10532546,0.2977567,0.12863411,-0.1951828,-0.61896384,-0.23988,0.044379275,-0.6144868,0.22271319,0.18821512,0.22250177
rna|TCEAL2,0.2103946,0.6320966,-0.51872754,-0.04094536,0.029103063,-0.36339983,0.23878686,0.030577507,0.45779207,7.46798e-05,-0.19351895,0.15492277,-0.07170731,0.12348301,0.23708421
rna|GHSR,0.32322362,0.22249763,0.4323468,0.24235547,-0.29992542,0.54551065,-0.5356013,0.49955368,0.29094994,-0.3366819,0.009161046,-0.4585808,0.24483839,0.0604757,0.15493044
rna|BYSL,-0.19536324,0.47483784,0.3017062,-0.06178507,0.4185986,0.14001876,0.3047533,-0.47703445,0.15176773,0.42546806,-0.65565175,-0.41620958,-0.23842421,0.7662253,-0.31489268
rna|PPP1R14C,0.24395905,0.14228107,0.30441216,-0.03252132,-0.37113208,-0.08668673,-0.058940586,-0.10269966,0.5503969,0.31064823,-0.14951581,-0.06884736,0.22577122,0.09723836,0.24788773
rna|TRIL,0.44091183,-0.2092242,-0.17973194,-0.35665122,0.38661027,-0.2771996,0.43644547,0.51311433,0.11899012,0.19212827,-0.70544976,-0.16406114,0.2715452,0.1083517,-0.12369758
rna|LRRN4CL,0.43911365,0.044292245,0.1158298,-0.02045258,0.13308872,0.10720119,0.2079736,0.0309904,0.6484298,0.1035333,-0.68196106,0.2535253,0.24299927,-0.09423346,0.42322835
rna|LOC402110,0.35680482,0.19373038,0.28487998,-0.13652399,-0.20162623,-0.083046176,-0.5663083,0.3379621,0.21845339,-0.4958579,0.19435683,-0.8625672,0.57393855,-0.13766947,-0.22540057
rna|PLEKHA5,0.21203722,0.13231258,-0.4659415,-0.30113664,0.22398017,-0.8933388,0.1778484,0.30850166,-0.106543906,0.5319029,-0.22116242,-0.38979977,0.19589806,0.10746945,-0.4569162
rna|C3ORF20,-0.16819882,-0.15795664,0.74473065,-0.06904198,-0.08485039,0.2716141,-0.16434819,0.34795493,0.04058262,0.04415866,-0.07367217,-0.09134684,-0.065065786,0.11208505,-0.2916038
rna|NOXA1,0.4120658,0.6593343,0.15098053,-0.22264874,0.47817436,0.12608528,0.07208028,0.47486207,0.0038492244,0.29317144,-0.44280306,-0.031142209,0.16669051,0.10541829,0.21604568
rna|CDKN2A,-0.29435188,-0.22108814,-0.01665555,0.07006917,-0.2166553,0.11415154,0.23241098,-0.2811411,0.0151921045,0.0069521843,-0.060424063,0.2107853,-0.15393727,-0.022029638,-0.5288532
rna|CHST13,0.4510737,-0.02208198,-0.11004202,-0.33400735,0.60536265,-0.001306421,0.32416442,0.060684636,-0.04404967,0.14926444,0.013894883,-0.3404186,0.7918548,-0.43673706,0.23190223
rna|TSPAN10,-0.42617,0.3441604,-0.5097781,-0.13530879,-0.21704319,0.08923206,0.33195594,0.21021043,0.32797357,-0.20496336,0.40703315,-0.26530388,-0.5822294,0.347047,-0.5336322
rna|CCL14,0.6756023,0.16554901,-0.72729135,-0.39508852,0.10837126,-0.5726876,0.10659183,0.16847332,-0.17776407,-0.79075694,0.18095055,-0.31264812,-0.3167101,-0.22045895,0.3803459
rna|CCDC80,0.6042486,-0.57232755,-0.17489521,0.16513288,-0.00048291846,-0.2587813,0.650679,0.44002432,0.593178,0.52913964,-0.69454986,0.14871268,0.41167864,-0.36814976,0.36775482
rna|BOC,0.35544378,0.017763142,-0.010247139,-0.08480079,0.10833713,-0.08558608,0.3110062,-0.16625792,0.6576328,0.20242816,-0.45241776,-0.09502496,0.4203251,-0.10210024,0.74086636
rna|LINC01554,0.2502703,0.54845405,0.086792774,0.011778782,0.1200965,-0.039346132,0.17529185,0.25518343,0.033241324,0.11203613,-0.24603471,-0.59163946,0.47536182,-0.16615553,0.30565083
rna|IL1A,0.15666765,0.1474615,-0.20596021,0.35646328,-0.4983719,-0.31688696,-0.5432644,-0.05802599,-0.021344578,0.6259995,-0.16090879,0.1339747,0.1284944,0.071881235,0.24866514
rna|BRDT,0.18071172,0.19478726,0.41870904,0.17027487,-0.09056495,0.3801782,-0.29945236,0.3867189,0.22823225,-0.2765443,-0.025165936,-0.38339567,0.4384328,0.027704472,0.18147042
rna|TRPV6,0.42873526,0.5061483,0.3947314,-0.31034523,0.18105431,-0.06057823,0.03620796,-0.017197277,0.25437477,0.22803636,0.11282105,-0.38178238,0.4656956,0.052694753,0.2138916
rna|SERTAD4-AS1,0.2878434,-0.10815811,0.47205073,-0.236013,0.13036647,-0.48822388,0.16162759,0.19386391,0.17992707,0.07949941,-0.44077513,0.10569513,0.12838805,-0.30073914,-0.10337319
rna|BCL11B,0.18561356,-0.008773509,-0.32324478,0.016388578,0.21580702,0.50355864,0.023938721,0.6826121,0.03013441,-0.07905232,0.49453524,0.7334909,-0.655811,-0.002193391,0.82940555
rna|FNDC1,0.005926878,-0.6061294,-0.23877124,0.011829893,-0.011211886,-0.47465885,0.33671385,0.65477836,0.36364657,0.53521514,-0.750586,0.10229776,-0.002646038,-0.055735894,-0.19726753
rna|OR2J3,0.3854182,0.32105651,0.44962645,0.024055965,-0.009770364,0.22693522,-0.29213265,0.33507434,0.32489887,-0.24904218,-0.17361873,-0.60649806,0.36877882,0.014105001,0.0035058085
rna|KCNJ8,0.22362614,0.18446676,-0.27403784,-0.22933054,0.5616245,-0.25397268,0.5413125,0.024260469,0.13357754,0.28296304,-0.831412,-0.59359443,0.3970444,0.27730766,-0.2463203
rna|COL22A1,-0.18284962,0.32321575,-0.29452083,-0.28629366,0.03437738,-0.2963863,0.02010132,0.34481272,0.3601363,0.48656198,-0.6502007,-0.38437787,0.1792408,0.402863,0.46130702
rna|ZMYND15,0.04039394,0.06168212,-0.05936182,-0.60702163,0.3867931,-0.2963402,0.120270215,0.11612707,-0.5135234,0.55535966,0.1390086,-0.54768527,0.53469926,0.29799813,0.48673308
rna|TMPRSS11E,0.56922233,0.73439044,0.358411,-0.20805514,-0.28217715,-0.6493004,-0.6193669,-0.39196065,0.31828627,0.44438314,0.292538,0.36372793,0.40453196,-0.23630255,0.18059705
rna|TBATA,0.27170476,0.42596114,0.16113314,-0.06616676,-0.08996069,0.23945776,-0.08243262,0.20201947,0.41329154,-0.36697784,-0.13031864,-0.26793334,0.102479085,0.090677425,0.40677497
rna|SCGB3A1,0.5598849,0.46065426,0.04968343,-0.008470846,-0.24302974,0.003806294,-0.31385767,0.33147204,0.24184577,0.013636136,0.07190967,-0.45330968,0.3005086,0.081993036,0.26870698
rna|RAP1GAP,0.24784017,0.91309243,-0.71182173,-0.037767857,0.09527821,-0.11014449,0.17870916,0.21779568,0.22148684,0.071685456,0.06868426,0.022400342,-0.072192326,-0.05917594,0.077521354
rna|MS4A4A,0.61437136,-0.35098028,-0.5903835,-0.38519,0.33741543,-0.26160413,0.28331083,0.30873352,-0.6383448,0.25602585,0.66299134,-0.20943554,0.1359525,0.07650206,-0.5392136
rna|CD320,-0.014190002,0.14188905,0.14703165,-0.062805444,0.30438787,0.11779969,0.40338406,-0.56189436,0.37318033,-0.4162752,-0.5272641,-0.6074396,0.26864722,0.32274392,0.37602177
rna|PVRIG,-0.12757963,-0.021246789,-0.30481198,-0.55212647,0.089889236,-0.7550807,-0.34579015,0.3475734,-0.22921331,-0.29225242,0.43510613,-0.3958154,-0.47024825,0.45210367,-0.4502532
rna|LRRN2,0.5315745,-0.19387299,-0.3276735,-0.001244853,-0.37662885,-0.5190491,0.02334304,0.75519484,0.14870091,-0.2559987,-0.33637005,-0.43594316,0.26020244,-0.32167318,0.3368207
rna|PROX1,-0.008568995,0.48843557,-0.37811026,-0.17830107,0.17619848,-0.55340546,0.38043362,0.3563355,-0.03748297,-0.05612753,-0.13923533,-0.24547204,-0.34500033,-0.025197001,-0.033065252
rna|S100A2,0.753302,0.867795,0.48941782,-0.3209193,-0.24659017,-0.3718465,-0.2969681,-0.36930773,0.62071323,0.5825131,0.34116822,0.2513205,0.30499518,-0.11138426,0.3098417
rna|CCDC102A,0.05321802,0.40944248,-0.4860013,0.13628222,0.3895972,0.06647875,0.2832916,0.2333479,0.31713995,0.47115678,-0.39414746,0.04544691,-0.4047085,0.4311464,-0.45020533
rna|NEUROG3,0.39247072,0.21059807,0.3835654,0.15542023,-0.20113681,0.50470775,-0.5372723,0.483382,0.2158276,-0.14510506,0.05403884,-0.3870863,0.23049635,0.16095243,0.1155799
rna|FOS,0.5182587,-0.1430397,-0.29932564,0.3372693,0.10663114,0.48490572,0.26577798,0.5058936,-0.25656474,0.72112244,-0.3750894,0.47778118,-0.1919176,0.2638725,-0.008202792
rna|UNQ6494,-0.39839402,0.06336705,0.041831363,-0.22236294,0.31655994,-0.30278608,0.1583354,0.5881823,0.19945598,0.4097345,-0.2319563,-0.32523254,-0.07608948,0.53917485,0.005736952
rna|PCDHGA8,-0.65609205,-0.2235297,0.388904,0.37580067,-0.2206113,-0.14845861,-0.06824839,0.52956796,0.41175383,0.017838567,-0.61072195,0.31381977,-0.14965276,-0.31473386,-0.007874812
rna|FCGR2B,0.17278469,0.2854928,-0.05008195,0.22314769,0.11531243,0.1388613,-0.117111914,-0.071299635,0.10723907,-0.25138736,0.11471494,0.2672619,0.0060777133,-0.02000629,-0.04295194
rna|PLSCR2,0.20484999,0.51511055,0.2902078,0.059427105,0.3879152,0.2915264,-0.3595315,0.17462766,-0.118425265,-0.13161424,-0.5503818,-0.33858028,0.08761273,0.18807575,0.11784231
rna|OR1K1,0.25976676,0.2644101,0.26611045,0.100562066,-0.24817659,0.41723767,-0.49526536,0.469781,0.35297364,-0.31550166,0.089942895,-0.5359573,0.27720648,0.06577047,0.17055541
rna|MAFG-DT,0.20395504,0.24719076,0.055871606,-0.23592953,0.3605671,0.07762518,-0.117256805,-0.24857432,0.39405242,0.12395686,-0.6841716,-0.49764517,0.67393804,0.2586461,0.09446233
rna|PNOC,0.12419291,0.011785879,0.18734424,0.32332945,-0.2770944,0.38402855,-0.2314762,0.107166715,0.019496122,-0.34993348,0.33948603,0.40507916,-0.5160695,-0.059052505,-0.41690058
rna|NECTIN4,0.21008338,0.36323214,0.27583003,0.10355315,-0.4264534,-0.10993557,-0.27225986,-0.15977651,0.2317621,1.0679348,-0.14252591,0.14050274,0.34561217,0.1445637,0.34012756
rna|CLECL1,-0.07279132,0.15119421,-0.11207308,0.5576805,-0.32586837,0.209869,-0.0704072,-0.039759256,0.27873334,0.10324126,0.13889912,0.28513777,-0.29102713,0.4191659,-0.4041802
rna|CPVL,0.35702565,-0.29238722,0.039746072,-0.41842848,0.4504331,-0.1932447,0.35798407,0.002100174,-0.34345588,-0.025256047,0.63741946,-0.28833914,0.18371063,0.06668536,0.41609153
rna|ZNF391,0.14601703,0.22768883,0.06810512,0.055025045,0.3202422,0.19884728,0.20889692,-0.21901122,0.49874708,0.054312486,-0.30428776,-0.01793857,0.061033618,0.1811261,0.11768691
rna|FOXD4,-0.10075186,-0.18613946,0.39205083,0.30093664,-0.4085587,0.24091646,-0.08664843,-0.35773748,0.39933515,-0.3211392,-0.21148308,-0.06015468,0.21709497,-0.2815746,0.33882815
rna|CAMSAP3,0.20967172,0.730662,0.50642276,0.2538277,0.047265165,0.38717398,0.08530413,-0.050234772,0.17752415,0.13923106,-0.08735362,0.20762509,0.004546308,-0.17813133,-0.058257777
rna|GAGE12E,0.46471408,0.28065553,0.301514,0.016857011,0.008830342,0.37152597,-0.18588176,0.5737955,0.48021632,-0.2895362,0.08466644,-0.56104,0.39431873,0.13278985,0.019776987
rna|APOD,0.5752625,-0.13479081,0.36754283,-0.008880145,-0.015687922,0.22667111,0.45469904,-0.05340102,-0.062712274,0.08663011,-0.019079914,0.27454013,-0.0667008,0.074532196,0.15638444
rna|MICU2,-0.0072800647,0.34739685,-0.29691434,-0.28628573,0.44151175,-0.4744206,-0.017220654,0.06707448,-0.5735173,0.40537804,-0.3330828,-0.22845002,-0.5054319,0.71980506,-0.89646703
rna|TMEM37,0.11257959,-0.12699294,-0.01998342,0.021367664,0.12833181,0.51856923,0.8641654,-0.22509196,-0.048616387,-0.107101075,0.101764224,0.17384571,0.017251596,-0.3738856,0.70932996
rna|SPON2,0.11737478,-0.3272191,0.17680034,0.10625614,0.14658803,0.27280393,0.31583735,-0.022906512,0.14831525,0.3081198,-0.29422837,0.2131657,0.6443814,-0.58958805,0.7232786
rna|HAP1,0.4158383,0.23712249,0.38857877,0.18689014,0.07028928,0.42277926,0.02352643,0.27940685,0.3831304,-0.47126353,-9.716328e-06,-0.34133872,0.21872455,0.10811213,0.054742448
rna|MXRA5,0.08722304,-0.5877672,-0.14481393,0.045750745,-0.009018681,-0.16191831,0.5539811,0.5012296,0.31152505,1.1896338,-0.27287993,0.099382766,0.2871701,0.004971731,-0.28153422
rna|LTC4S,0.4904355,-0.025317408,0.04701563,0.10705106,0.017680202,0.1218848,0.1475178,-0.02656986,0.32640126,-0.21263461,-0.32019278,0.043928508,0.19801167,-0.00992115,0.5087912
rna|MAS1,0.14960833,0.13275799,0.1264613,-0.045544717,-0.11566466,0.5546156,-0.43282422,0.5551021,0.3113963,-0.301896,0.102276765,-0.33040887,0.2834987,0.18973063,0.23591523
rna|HAMP,-0.55790854,-0.10512726,-0.18590575,0.28222716,-0.3941761,-0.0095744915,0.46478948,0.2535575,0.1496914,0.584445,-0.28098744,-0.604344,0.22671427,0.21545859,0.122381024
rna|SLC16A2,0.41493684,0.020328531,-0.096518315,0.22471574,0.22338396,-0.27163026,0.8082571,0.37524772,0.23448254,0.112322666,-0.4456251,-0.098478206,0.34035653,-0.27144924,0.28058994
rna|NKX2-1,0.32664147,0.20519967,0.33959612,0.17150882,-0.2562168,0.4521085,-0.16780888,0.55699265,0.18541153,0.0054304334,0.22277437,-0.27965125,0.22600381,0.020661876,0.072547175
rna|SERINC2,0.068408184,0.42425624,0.0099470215,0.22065513,-0.060059555,-0.03971802,0.17313921,0.010381899,0.38666305,0.37676278,-0.12928072,0.1875627,0.33506715,-0.43255058,0.35905376
rna|KNG1,0.14375012,0.6121792,0.18233071,0.24258919,-0.036473732,0.13907075,-0.083812155,0.5021036,-0.110423215,-0.27836403,0.037053116,-0.66172945,0.51147825,-0.31851608,0.08455906
rna|DNAAF3,0.2947365,0.47402754,0.1444939,-0.18329109,0.5146267,0.062318966,0.20070994,0.13323174,0.190581,0.046601847,-0.45684358,-0.10746846,0.24477397,-0.19021589,0.29505298
rna|OR2G2,0.38459885,0.5646504,0.40708804,0.06270625,-0.09231039,0.43845105,-0.36477408,0.5309713,0.1620289,-0.07149158,-0.15806238,-0.3939129,0.31720623,0.19666997,0.0010573701
rna|GAGE7,0.5068717,-0.026990883,-0.022011962,-0.23399892,0.08801436,-0.22375454,-0.34943506,0.47712985,0.1975718,-0.5131995,0.2860048,-0.60997903,0.39368942,-0.04691355,-0.07789529
rna|PITX2,0.21769479,-0.1456254,0.54996085,-0.15896334,-0.22576357,-0.030243604,-0.33415094,0.47004944,0.3684115,-0.12424862,0.15908211,-0.027417494,0.4776714,-0.30165917,0.043366715
rna|NR4A1,0.56875587,-0.3145249,0.28330734,0.37000456,-0.3947606,0.55327433,0.02535881,0.32066733,0.15849428,-0.033230826,-0.08784472,0.37229517,-0.024028871,-0.2096242,0.38798264
rna|CFP,-0.47702292,0.27447677,-0.19709519,-0.20861521,0.041060522,-0.113741845,0.22480877,-0.31844163,0.14038654,-0.19417821,-0.34364435,-0.25972503,-0.18621111,0.33673596,1.0856211
rna|SEMA6C,0.067959525,0.40204227,0.16750072,-0.16442528,0.3295432,-0.13488251,0.27988264,0.020331748,0.42830783,-0.05713413,-0.6629749,-0.5231013,0.31575412,0.10781614,0.352357
rna|THBS1,0.4296063,-0.79225236,-0.40558285,0.25643688,-0.11599369,0.0003391867,0.50150055,0.29204282,-0.11090868,0.7535208,-0.16109286,0.33024594,0.2730785,-0.29732302,-0.08869787
rna|PCOLCE2,-0.02299693,0.3580112,-0.16166888,-0.26833043,0.20668128,-0.16349842,0.14220217,0.2260482,0.33879256,-0.2196596,-0.7125463,-0.26215482,-0.18899575,0.23794556,0.19890705
rna|ANPEP,0.2797425,0.09798771,-0.19748269,0.2096184,0.04716322,0.6146631,0.27354634,0.2154286,0.025559563,0.5070689,-0.10569573,0.37486282,0.43874368,-0.3157954,0.8196549
rna|EMILIN1,-0.08177139,-0.34110174,-0.17882264,-0.22732434,0.039907653,-0.28095645,0.5910211,0.02268197,0.3323445,0.4982997,-0.3754009,-0.59849024,0.4327263,-0.09555931,0.6402727
rna|ANGPTL2,0.332342,-0.32763326,-0.30392018,-0.40614465,0.26044565,-0.7071368,0.45254546,0.13858142,0.12796792,0.7583705,-0.5217881,-0.39588884,0.5314291,0.054976925,0.09825496
rna|THBS2,0.46129537,-0.6421147,-0.11365711,0.3335391,-0.083736986,-0.019844623,0.63270956,0.6490843,0.3932137,0.87731385,-0.38039723,0.21816549,0.5182577,-0.486935,-0.018997416
rna|PSORS1C3,-0.10097035,0.1955966,0.32043314,0.2402679,0.16482075,0.0743304,0.13559242,-0.20369871,0.036971018,-0.09877435,-0.3363073,-0.087146476,0.20112476,0.055513486,0.14939217
rna|ASB18,0.41917992,0.058163054,0.23723869,0.2575645,-0.320902,0.3446811,-0.6139671,0.4386056,0.16571152,-0.4060166,0.09343659,-0.5153265,0.2905859,-0.022161502,0.00923933
rna|MS4A1,-0.36930442,-0.10222892,-0.010457687,0.36347282,-0.46758428,-0.40566722,-0.2352356,0.1293496,0.078250535,0.13495557,0.15342759,0.5077609,-0.70791113,0.24266282,-0.6522995
rna|OR2T27,0.5311773,0.21499397,0.3413583,0.2385528,-0.15069444,0.2894099,-0.45784009,0.5114492,0.08546673,-0.22645776,-0.11491007,-0.40794766,0.190644,0.038442057,-0.05233013
rna|BPIFC,0.417229,0.47788462,0.4692498,-0.17734428,-0.2553647,0.113947846,-0.32977214,0.3512998,0.38994426,-0.11799747,0.00027469167,-0.42804593,0.34048563,0.013932287,-0.036790002
rna|CPLX1,0.56945294,0.10000483,-0.09429933,0.324919,-0.2289834,0.94899344,0.2103169,0.3388469,0.3675864,-0.0014813656,0.06491566,0.5779968,-0.032420322,-0.1044981,0.25432488
rna|PDE3B,0.23750521,-0.11872669,-0.5189996,0.010929698,0.20656121,0.19041854,0.19191498,0.5304308,-0.3918137,0.35810256,0.56771547,0.6359703,-0.6046002,0.11941834,-0.224467
rna|IL17REL,-0.41983888,0.42848048,-0.122347295,0.22317663,-0.36194128,0.04713838,-0.19738035,0.0048207426,0.3343696,-0.32308558,-0.11761103,0.040319942,-0.46543127,0.26455027,0.6061588
rna|ILDR1,-0.4703524,-0.0012666815,-0.052236736,-0.17021358,0.23444644,-0.69868207,-0.32103062,0.40871617,-0.0020917864,0.30619735,-0.47403297,0.015250885,-0.06452232,0.17841193,-0.53923655
rna|PPIAL4G,0.2113712,0.3703255,0.17300232,-0.0066615986,0.22961535,0.32818237,-0.44218692,0.81755525,0.40038785,-0.16881369,-0.15691338,-0.045332465,-0.10611995,0.30496135,0.4349695
rna|SCGB2A1,0.47986567,0.62322795,0.24570687,-0.043754224,-0.06707995,0.07476733,-0.26223576,0.3357549,0.33309302,0.11891651,0.07105948,-0.27994224,0.33385283,8.669474e-05,0.078329235
rna|PNMT,0.4184475,0.39135116,0.30349663,0.019698264,-0.08348544,0.39500087,-0.28266233,0.36574242,0.23032764,-0.1936956,0.0019807396,-0.32488185,0.42322502,0.06029427,-0.09462651
rna|OR4S2,0.30547324,0.13261245,0.43083012,0.14895822,-0.250444,0.46560892,-0.38694423,0.3501948,0.25062633,-0.35060468,0.0454127,-0.4765516,0.23749115,0.028620027,0.2077848
rna|SOX5,-0.031116238,-0.1659591,-0.6220934,0.48410213,-0.44764742,0.13184012,0.28982517,-0.39854223,0.093164824,0.11118187,-0.01608921,-0.28747642,-0.1426228,0.2022926,-0.0072564613
rna|NOL4,0.121345095,-0.013114071,0.58419925,-0.035680555,0.20912482,0.11234774,-0.15544644,0.10977547,-0.2032908,-0.18284537,-0.059268296,0.1253276,-0.04075202,0.037286986,-0.37594193
rna|CACNG3,-0.28902316,0.21110715,0.1012527,-0.19387914,-0.03561932,0.06304084,-0.35695785,0.233961,0.25993297,-0.35477567,-0.003238857,-0.5060002,0.20952341,0.18018816,0.38108718
rna|NOS1AP,-0.32050297,0.5541609,-0.29757294,0.12768576,-0.3368334,0.09080186,-0.08986029,0.4588234,0.47943127,0.43796593,0.02180204,-0.37063524,0.22381435,-0.0556724,0.511123
rna|SBK2,0.45989266,0.33318952,0.45630932,-0.08771157,0.24453281,0.23412868,-0.09116356,0.36241612,0.4460608,-0.24658813,0.043707836,-0.3168395,0.5000537,0.07075633,-0.07545793
rna|VEGFA,0.3011182,-0.0048226113,-0.033011075,0.58625257,-0.40914768,0.9250797,0.05312141,0.14387418,0.06225345,0.22118814,-0.08511912,0.1327892,0.45984486,-0.2051487,0.33725482
rna|FAM178B,0.4136775,0.36519578,-0.005164435,-0.08666914,0.008984518,0.32961527,-0.17918888,0.34148812,0.30747434,-0.37256005,-0.14355847,-0.28503263,0.27353266,0.014474706,0.31799525
rna|FLNC,0.7020139,-0.39069024,-0.24049556,-0.25126293,-0.1077945,-0.84749085,0.17464793,0.17743248,0.43443254,0.1132669,0.08324376,-0.3779629,0.5828407,-0.55247736,0.36029628
rna|SCUBE2,0.38244343,0.22969921,-0.33167776,-0.4745692,0.4503496,-0.14010881,0.23035948,0.14899617,0.36723796,-0.024707181,-0.54693377,0.033588096,0.124716915,0.2413912,0.6510745
rna|RAB26,-0.026532246,0.5741618,0.2588877,-0.12492086,0.27744865,-0.18582124,0.06168195,-0.20178403,0.38151437,-0.08953481,-0.20749286,-0.44756866,0.13933735,0.15664303,0.23415282
rna|ATG9B,0.4369229,0.45857573,0.13067588,0.15401144,0.08627628,0.4398391,-0.26315817,-0.04756151,0.29457232,-0.0971179,-0.32359973,0.1463145,-0.022061957,0.14218837,0.2786746
rna|TREML1,0.36702517,0.31699368,0.13097012,0.07566266,-0.09353462,0.24675553,-0.08582902,0.41652435,0.5062186,-0.19869578,-0.13535517,-0.26323438,0.0627812,0.22339033,0.25373638
rna|SYNPO2L,0.6268901,0.44288695,0.15443881,-0.015755566,-0.068024464,-0.1589888,-0.075897954,-0.14347444,0.16405375,0.17433888,-0.18939757,0.031833544,0.25615713,0.17514966,0.2178796
rna|PSTPIP2,-0.05484833,0.046760485,-0.2555402,-0.61333525,0.24024114,-0.16200654,-0.098691404,-0.037332747,-0.9547642,0.62432534,0.35999787,-0.47600043,0.28532368,0.5192726,-0.0014338278
rna|FGFBP1,0.83685505,0.6776075,0.5145628,-0.15201963,-0.46236435,-0.34910586,-0.36548778,-0.28221992,0.4105854,0.7761595,0.53713715,0.32577497,-0.070370056,-0.09927422,0.25747523
rna|PRIM2,-0.19621642,-0.23191881,0.21035539,0.17482615,-0.4141566,0.52965456,0.22972274,0.004967218,0.12129704,0.040385198,0.100922845,0.4685996,-0.24651015,-0.113582924,-0.2950482
rna|GABRP,0.75340265,0.7581356,0.3268505,-0.0130055705,-0.4457603,-0.11220708,-0.46049866,-0.11481459,0.26366404,0.2038356,0.1463017,-0.14533645,0.099862605,-0.25523925,0.3628135
rna|TH,0.35718817,0.28223345,0.19120805,0.117972545,-0.0022794104,0.3927417,-0.33259064,0.55638945,0.15942727,-0.07661138,0.09512699,-0.29061836,0.46975335,0.012098405,0.04194936
rna|ITIH4,-0.11007025,0.6570473,-0.080401555,-0.19245286,0.4670388,-0.20300497,-0.12834463,0.21007265,-0.0013666721,-0.217518,-0.48456258,-0.445554,-0.1015687,0.25133562,0.30333242
rna|LAD1,0.17234762,0.74361306,-0.21177316,0.28107515,-0.71723175,-0.033436198,0.044000722,0.19435924,0.7475162,0.6845534,-0.02214569,-0.097829476,0.0055887904,0.06902843,0.5273986
rna|BHLHE41,0.16126518,-0.20159873,-0.4627019,0.0425939,-0.023296954,0.2704299,0.41223103,0.21124035,0.3844761,0.75139594,0.13021952,-0.009932284,0.36686638,0.3405869,0.07594064
rna|DIRC1,0.30460408,0.21737328,0.37713125,0.1639658,-0.29981294,0.37917572,-0.4110722,0.4423421,0.21137713,-0.21294491,-0.04092664,-0.5671347,0.35283726,-0.027360315,0.16825521
rna|CRYGA,0.35260612,0.37914044,0.35930187,0.10588414,-0.18103197,0.45265046,-0.423431,0.339495,0.29865938,-0.3266755,-0.065172575,-0.43403465,0.34515452,0.122187875,0.10107074
rna|RAB33A,-0.08085978,-0.4857473,-0.24434648,0.5268854,-0.5715682,0.2097759,0.12850063,-0.23717192,0.07978533,0.09629401,-0.017109936,-0.08781614,-0.26326606,0.40037704,0.22666638
rna|COL5A2,0.27047917,-0.72450346,-0.5498891,-0.017642654,0.021928817,-0.6352783,0.2987562,0.41803062,0.054477967,0.96305263,-0.25425336,-0.22260784,0.4725681,-0.10419609,-0.5379497
rna|SAR1A,-0.24334425,0.07290372,-0.351814,-0.58144724,0.21223092,-1.0440656,-0.22774938,-0.09492206,-0.47339588,0.067112625,-0.13212825,-0.7033197,-0.1645846,0.46081153,-0.49672493
rna|FLJ43763,0.41552722,0.24966012,0.3071272,0.06348392,-0.148436,0.27284744,-0.33289924,0.39297593,0.19343895,-0.43779847,-0.03221115,-0.5128944,0.40229112,-0.028721077,0.08396399
rna|TOX2,0.09945763,0.2335907,-0.2602449,0.017012216,0.5718041,0.3153015,0.20679426,-0.23349328,-0.03390467,-0.036890067,0.03245795,0.25835702,-0.21519946,0.5519997,0.36332563
rna|CKMT1B,0.65001184,0.39112377,0.55152434,-0.3892808,-0.102904014,-0.23299967,-0.42060816,-0.027794601,0.47601536,0.09798338,0.23801817,-0.124096915,0.47568765,-0.2037351,0.12564167
rna|VSX2,-0.020775102,0.16001548,0.04792525,0.11820897,-0.63911796,0.2907357,-0.40978724,0.42086712,0.32919747,-0.21393837,0.030018304,-0.5152596,-0.008870577,0.043542005,0.2965362
rna|GHR,0.62920743,0.21443602,-0.93064845,-0.20253077,0.03461479,-0.52965826,0.5770546,0.5365668,0.09975296,0.04698168,-0.13997349,-0.44934344,-0.098691545,0.029865887,-0.12363522
rna|NLGN1,0.1809858,0.073380515,0.10146454,-0.049724236,-0.18549594,-0.25194636,-0.079350844,0.39235207,-0.21333547,-0.18840899,-0.25681084,-0.05792842,0.07499888,0.03380318,0.007598957
rna|FAM181A,0.2794009,0.19815467,0.4652298,-0.00204233,0.074614145,0.18421419,-0.24533096,-0.094027005,0.13004772,-0.110190615,-0.07947644,-0.35986614,0.42457086,-0.024551006,0.027524453
rna|MET,0.29958677,-0.3379854,0.01840357,0.39969942,-0.2307527,-0.07333752,0.46366698,-0.045902394,-0.21602957,0.29150018,0.40051275,-0.21495737,-0.071837544,-0.24004284,-0.11914487
rna|LPO,0.34911448,0.33899912,0.29206115,0.023279699,-0.17302547,0.39903107,-0.48221472,0.40418953,0.22639251,-0.16330524,-0.054732263,-0.42268324,0.38358364,0.06193803,0.1539872
rna|IQGAP2,0.29755986,0.09608858,-0.6658898,-0.21556115,0.3128424,-0.30368012,-0.08919782,0.29356802,-0.869632,0.2961873,0.5624032,-0.2345987,-0.25168383,0.43752238,-0.64370626
rna|VPS35,-0.06577723,0.33817613,-0.39839813,-0.24946314,0.16814753,-0.5428513,-0.15552732,0.09690161,-0.6417553,0.3811908,-0.1831682,-0.3607864,-0.41679823,0.6318176,-0.9371584
rna|RDH16,-0.036483105,0.7443507,0.1463871,-0.3496848,0.31504536,-0.20649338,0.20979272,0.06513606,-0.07737926,-0.1603491,-0.2930672,-0.5601951,-0.074110284,0.09830436,0.41697642
rna|UGT8,0.03691314,0.16006295,0.44618082,0.22834802,-0.22921717,0.29548666,-0.1835979,-0.12680134,0.23400663,-0.08431321,-0.31064114,0.31126446,-0.3447785,0.07228386,-0.20946908
rna|UNC5A,0.20712808,0.5749257,-0.55962837,0.013296261,0.31931865,0.24127933,0.27437147,0.34236452,0.0702044,0.2760376,-0.37328288,-0.12910989,-0.21765842,0.46958202,0.2529284
rna|AUTS2,0.04663233,0.03419031,-0.15677077,-0.11108063,0.15706348,-0.6623008,0.101895235,0.7702778,0.0051965886,0.46062818,0.05917172,0.18809943,-0.1745901,-0.13027032,-0.52145755
rna|IFI44L,0.4173508,-0.25285226,0.049415074,-0.3167844,0.43112025,0.24364829,0.31923965,0.3994858,-0.6968304,0.4332582,0.1973819,0.4795725,-0.19546454,0.044205304,0.08589391
rna|SLC12A8,-0.43413562,-0.21518774,-0.11219258,0.23682614,0.05345419,-0.34792918,0.17001241,0.4276944,0.21355207,0.6724041,-0.56552744,0.113562614,0.06161819,0.06584557,-0.110300004
rna|A4GALT,-0.04882617,-0.23865439,-0.30572164,-0.38652703,-0.26594114,-1.0166128,-0.09992426,0.5130024,0.11613428,0.39420345,0.13771875,-0.5186925,-0.019110862,0.020574791,-0.46530676
rna|PTCRA,0.10477556,0.20324406,-0.4734126,-0.59511906,0.45736465,-0.42017198,0.07538665,-0.0033713412,-0.20284389,-0.35603482,0.74258816,-0.22719891,0.12722558,0.2641866,0.45233637
rna|UGT2B17,-0.23299626,0.03619311,0.039600372,0.28659174,0.15513834,-0.41407505,0.123817906,-0.12985218,-0.008251274,0.115573876,-0.10985939,0.021417929,0.19707334,-0.26989657,0.043165915
rna|FAM83H,0.23806773,0.6899871,0.35092455,-0.14936961,0.44786954,0.04105492,0.090691455,-0.10132717,0.22489557,0.38294324,-0.10721611,-0.22842321,0.4292134,0.096689336,0.37481466
rna|MIR370,0.53041434,0.054912124,0.25881585,0.12907161,0.067310825,0.11900891,0.08809927,0.4043163,0.244031,0.011330835,-0.51679003,-0.21391375,0.6218502,-0.13832809,0.20739122
rna|COL4A3,0.011091352,0.288069,-0.07703261,0.20157641,-0.25999632,0.00765299,0.0039966004,0.1738911,0.37066895,-0.19068672,-0.42777437,0.09409644,-0.3404427,-0.078929074,0.117297456
rna|MARK1,-0.107645966,-0.34857765,0.18383284,0.26695395,-0.25113112,-0.23379223,0.1629379,0.25397804,0.03443959,0.52839434,-0.08722539,0.3269452,-0.33740926,-0.16398107,-0.29378283
rna|OXR1,0.5214444,0.15031323,-0.47299856,-0.19668576,0.3686763,-0.389834,0.1978553,0.34869146,-0.3944488,0.4365351,0.2237804,-0.20980921,-0.39457592,0.53037804,-1.0067295
rna|CT45A5,-0.107561536,-0.2540893,0.099795006,0.18445414,0.117544055,-0.11354898,0.018631611,-0.19883895,0.0023175625,0.034539394,0.054280326,-0.27942878,0.2095523,-0.05111544,-0.12274156
rna|TAFA5,0.3808027,-0.019088317,0.34091747,0.04519073,-0.09123804,0.37710756,-0.18767706,0.32068858,0.41103756,-0.087310486,-0.21664038,-0.05388817,0.33518395,-0.16884243,0.20161068
rna|RHBDD3,-0.0066934275,0.18183263,0.34270364,-0.3651193,0.3934491,-0.08511361,0.33592036,-0.50020885,0.30143592,-0.21237841,-0.35260037,-0.66058064,0.24292193,0.21391554,0.39580163
rna|SNORD94,0.017358255,-0.11927151,0.2680948,0.27406946,-0.008176276,0.21081713,0.18845265,-0.021503301,0.27071503,-0.15942997,0.10233466,0.44740865,-0.037611037,-0.43796685,0.5912964
rna|PPM1L,0.03202731,-0.20277902,0.31892022,-0.12456945,-0.09147666,-0.40581742,-0.2546375,-0.3744858,-0.14509524,-0.17346087,-0.24717063,0.028623484,0.09367924,-0.2729656,0.09669437
rna|FBLN2,0.48592034,-0.3112533,-0.33005646,0.07171278,0.2075687,-0.4173138,0.676262,0.3145285,0.6953683,0.6776319,-0.48870367,0.27504522,0.2600627,-0.004097518,0.04344062
rna|GRM4,0.109065995,0.5921325,0.45768473,-0.059485633,0.0012068184,0.3491281,-0.42876422,0.3550721,-0.005349743,-0.20555943,0.2210502,-0.044349506,0.17022711,0.037242495,-0.023839073
rna|PKHD1L1,0.07913345,0.027544864,0.25343418,0.20358579,0.060824193,-0.171935,-0.017211383,0.2924339,0.14206412,0.029596087,-0.33091584,0.42902946,-0.19736074,0.014237181,-0.2574333
rna|MIR22HG,0.05233768,-0.014790984,-0.55680305,-0.1539675,0.06635799,-0.2929658,0.12252866,0.2279541,-0.5017571,0.5852942,0.13345137,-0.11025582,0.10613447,0.3433697,-0.092555344
rna|SPRR2A,0.6855754,0.8389325,0.39979386,0.0004293258,-0.57198423,-0.5972756,-0.6990171,-0.60012966,0.22058403,0.70207626,0.37239698,0.55735034,0.16700934,-0.17528872,0.38600442
rna|SPRR2B,0.6492248,0.8623687,0.56547797,-0.13500577,-0.3206942,-0.209858,-0.30683303,-0.3731802,0.5802845,0.50148994,0.19688554,0.16377842,0.14365263,-0.009322332,0.23027594
rna|UPK1A,0.35456204,0.55452186,0.14382894,-0.1657927,0.087124124,0.28523055,-0.13548295,-0.16386531,0.3343469,0.239132,-0.0502455,0.019053297,-0.08796137,0.2449702,-0.02602493
rna|KRTAP10-10,0.4332795,0.24667539,0.37250784,0.17002131,-0.33944634,0.6081014,-0.4034478,0.5151635,0.36282706,-0.24439825,-0.028973827,-0.34930196,0.11087409,0.15760596,0.10999683
rna|NTM,0.23194697,-0.4483503,0.10168017,-0.22432806,0.13586158,-0.70431274,0.047277298,0.47342354,0.44853258,0.4462213,-0.44982824,-0.092780426,0.7276197,-0.38290823,-0.27320054
rna|BACH2,-0.109468944,0.014596455,0.27297083,-0.045354538,-0.14028724,-0.1749896,-0.13420098,0.12930658,-0.08734138,-0.2114998,-0.056672633,0.5201537,-0.7427059,-0.030752541,-0.47040203
rna|PTGIR,-0.18775289,-0.2321338,0.20155531,0.13747364,-0.18461272,0.21313147,0.023907455,0.40185598,0.23583548,0.3729095,-0.16125171,0.09587528,0.101028204,-0.06616106,0.539669
rna|ZFYVE28,0.2507209,0.10086462,0.09110028,-0.17549324,0.5714193,0.15228961,0.42337117,0.25219804,0.041395575,0.257958,-0.23580572,0.119013876,-0.10907579,0.14095765,0.6180805
rna|DRD3,0.28660688,0.36085716,0.34557858,-0.05797974,0.1468834,0.36127204,-0.26981848,0.44375905,0.47531042,-0.35230488,-0.047721736,-0.23278117,0.5051793,0.0909944,0.032850605
rna|AEBP1,0.25924087,-0.6087527,-0.15861195,-0.3672707,0.051667728,-1.0436813,0.24431568,0.24325629,0.14988121,0.40176368,-0.3024147,-0.5109164,0.31293207,-0.14007187,0.16135429
rna|KLF15,0.31673133,0.43384042,0.103621125,-0.007533504,0.23555434,0.050114743,0.24205838,0.12394405,0.041601125,-0.3313697,-0.18633172,-0.5563864,0.3655589,-0.39238718,0.27236143
rna|ACCSL,0.2882957,0.22565885,0.26288384,0.25142816,-0.23933583,0.44591904,-0.23523737,0.04889759,0.17774783,-0.06010776,0.021005949,-0.44702724,0.23694922,0.17438087,0.15661027
rna|SPDYE2,0.3451496,0.23882471,0.44594556,-0.0106009785,-0.062054593,0.28013992,-0.29956892,0.45254225,0.3091711,-0.35540488,0.07694022,-0.5961495,0.48215175,-0.016661933,-0.10928676
rna|ATOH8,0.13223884,0.20811561,-0.1534725,-0.19233155,-0.013952232,0.12030001,0.10299841,-0.011539632,0.37850082,-0.5066017,-0.2689646,-0.4714476,0.22917747,-0.062023904,0.8927911
rna|PALLD,-0.10759404,-0.14519797,-0.49266905,-0.07552121,0.2393033,-0.2382428,0.49334204,0.4275884,-0.19546251,0.6872919,-0.76397896,-0.07938468,-0.29534626,0.43282315,-0.026735613
rna|ALDOB,0.115169086,0.55639356,0.42335308,0.21369849,-0.14271502,0.11597764,-0.1479313,0.445221,-0.21949872,-0.10935208,0.039916433,-0.6206379,0.23162314,-0.33934787,0.047463536
rna|ZBTB16,0.25268385,0.092168584,-0.026218522,0.006582271,0.3017948,-0.08717468,0.48077616,0.020381927,0.28404164,-0.33301187,-0.25815862,-0.18701345,0.12691769,-0.3389424,0.91126215
rna|SLC40A1,0.27612016,0.26752517,-0.4298519,-0.45439813,0.5348787,-0.22025698,0.2636132,0.14013784,-0.5444714,-0.61983943,0.0007340412,0.02742348,-0.58313936,0.09014065,-0.34858888
rna|CPA4,0.60111606,0.36724755,0.3493355,-0.05390894,-0.17928427,-0.037093908,-0.36260912,0.115269326,0.31024858,-0.06985085,0.139699,0.05886466,0.3093078,-0.19298542,0.31334344
rna|LOC100133920,0.12730165,0.06858097,0.30371273,0.003568803,-0.057937246,-0.23502971,-0.50646037,0.47739688,0.285926,-0.34375107,-0.08097952,-0.6333114,0.44056183,-0.15301888,-0.11359848
rna|SLC22A8,0.37032136,0.15697803,0.3743733,0.19686192,-0.3506197,0.45309028,-0.45800996,0.5406846,0.10387644,-0.39230877,0.072325855,-0.4319072,0.09677797,0.13492887,0.05062549
rna|FAM192BP,0.12693466,0.32847443,0.18223602,0.23784019,0.23730852,0.5566443,-0.12090421,0.015067255,0.24569455,-0.16866764,-0.31378505,-0.10674022,0.09836613,0.29406434,0.2591531
rna|SNCG,0.422429,0.25938842,-0.17615336,-0.3197985,0.23854516,-0.033609528,0.076011896,-0.048110984,0.6198839,-0.54884666,-0.15316114,-0.04541885,0.15270826,-0.21034323,0.58730024
rna|PYY,0.35726616,0.27521196,0.20949444,0.100260064,-0.28527382,0.5687334,-0.416195,0.4157363,0.24957582,-0.27932352,-0.052514598,-0.3163886,0.056418892,0.029763177,0.027081396
rna|GTF2H2C_2,-0.5596265,0.08165891,0.06993028,0.057153393,0.18132582,0.09212741,0.48870957,-0.78467727,-0.032138746,0.23373464,-0.6653146,-0.1060829,-0.20054013,0.32688034,0.17086698
rna|SLITRK1,0.25192574,0.19470435,0.26195917,-0.13673805,-0.10875974,0.23539445,-0.3321228,0.3350145,0.23351057,-0.2554477,0.07943319,-0.5706975,0.3616138,-0.009579307,0.19433506
rna|FAM124B,0.22344704,0.08483225,-0.19398358,-0.2202255,0.43849254,-0.196628,0.19304873,0.007607601,0.2118168,0.2656925,-0.69517887,-0.3871578,0.55735576,0.10809556,0.18010536
rna|ADAM21P1,0.4358773,0.2677237,0.312661,-0.025614126,-0.114015736,0.2469857,-0.37810057,0.5202809,0.21776196,-0.3800001,-0.01883791,-0.458407,0.32739404,0.0024144733,0.00855807
rna|RASAL1,0.09235695,0.38811284,0.4424972,-0.08801817,0.07508682,-0.33992207,-0.21638836,-0.57545984,-0.12655106,0.17225774,0.06322146,-0.16356988,-0.23065764,0.3799645,-0.5074208
rna|N4BP3,-0.07702444,0.0031542932,0.4142091,0.18013483,-0.38020423,-0.051896814,-0.46714628,0.14081493,-0.008974571,0.064455405,-0.3162359,0.5710073,-0.27012104,-0.1559257,-0.4012635
rna|CHI3L2,-0.42269394,0.47626466,-0.2257749,-0.3768095,0.3841067,-0.14816085,-0.337928,-0.10075768,-0.008055714,-0.30275318,-0.049933974,0.036138847,-0.30099127,0.52142173,0.10807764
rna|RIPOR3,0.14261946,0.32441282,-0.31894997,0.0809517,-0.006470939,0.22186013,0.2758966,0.13483648,0.4305397,0.14617169,-0.27012968,-0.2372106,0.23616186,0.025381712,0.997019
rna|DBNDD1,0.21536463,0.4579175,-0.25712812,-0.22111928,0.11301919,-0.1719974,-0.09072906,0.099074855,0.326742,-0.06071596,0.4006338,0.082684,-0.025193844,-0.1531837,0.065657765
rna|ENPP5,0.12489313,0.3146402,-0.18339224,-0.04342565,0.22511742,-0.22989045,0.10937386,0.36371222,-0.14501078,0.44463646,-0.28116655,-0.23902363,-0.23830274,0.3212449,-0.6763852
rna|KEL,-0.5590649,0.3692713,-0.52861696,0.027199537,0.03605151,0.17846574,-0.09731785,0.7714709,0.21704192,-0.292499,-0.13902871,-0.16428146,-0.45927706,0.5597193,0.47655794
rna|B3GALT4,-0.4226876,0.22469985,0.14544298,-0.28578523,0.42878756,-0.08639373,0.09357519,0.057504028,0.0971632,0.36893454,-0.52533305,-0.10073828,-0.25074494,0.5729263,0.5935953
rna|THBS4,0.2938008,-0.06326699,0.070418224,-0.20041184,0.16106284,-0.10638263,0.18609594,0.107978515,0.1352767,0.37582386,-0.66494644,0.14184994,0.04039128,0.04856694,-0.059180316
rna|RANBP3L,0.13732038,-0.51903063,0.20277417,0.10802462,-0.018229889,-0.2007391,0.3539229,0.40601018,0.10820168,0.478376,-0.43212977,-0.109031856,0.4511112,-0.16721047,-0.4017201
rna|TIMD4,-0.08197754,0.09945895,-0.39248142,0.12345535,0.2943758,0.35950395,0.5714515,0.25805798,0.030789822,-0.43300402,0.15789688,0.20173304,-0.4336708,0.123238996,0.33382457
rna|DAND5,0.29929134,0.40786383,0.24721423,-0.05681552,-0.31749377,0.15857966,-0.5070345,0.130238,0.4932615,-0.14261529,-0.009370329,-0.5725455,0.2832863,0.11242155,0.012818214
rna|CLCNKA,-0.13250189,-0.15953428,0.17417698,-0.29739544,0.077921376,-0.44614747,-0.27120683,0.18515028,0.10998935,0.19899818,0.15806451,0.03418327,0.5715414,-0.15630598,0.09819601
rna|F12,-0.055203184,0.6404646,-0.18794963,-0.1774992,0.12137706,-0.3697774,0.0131877065,-0.51301605,0.032971557,-0.06251583,0.085992664,-0.64621276,0.5121922,-0.13697074,0.45911947
rna|IL17RE,0.29403922,0.20475724,0.40821964,0.07682085,-0.061316404,0.2558853,-0.2224465,0.17875737,0.4423647,-0.43601215,0.050000288,-0.13017683,0.41816503,-0.3097229,0.41721043
rna|ADGRB2,0.18635277,-0.122426935,0.1416541,0.34121683,-0.07752026,0.28248972,-0.25085026,0.15439159,0.20222545,-0.17567417,-0.25523105,-0.24275121,0.3467434,0.084697835,0.12454246
rna|CLCN4,-0.12185255,0.2640631,0.27653298,0.30123,0.10266997,0.11229797,0.038408402,-0.06140222,-0.049676657,-0.032957636,-0.1267759,0.30668074,-0.09590517,0.2786277,0.18373618
rna|KCNH4,0.10824078,0.05291816,-0.09032546,0.15621963,0.012008594,-0.053443477,-0.030000988,0.1042604,0.23323056,-0.1335776,0.2520159,0.2978439,0.033869702,0.020165058,-0.007184971
rna|C22ORF15,-0.043886576,0.28107405,-0.17217243,-0.17335655,0.22459774,-0.08396062,-0.082122535,0.36335802,0.21056476,-0.021850307,-0.24214654,-0.14521582,-0.17822249,0.4496632,0.111535124
rna|FRZB,0.27880546,0.5044081,-0.3401414,-0.33503658,0.6477732,-0.37225494,0.36475402,0.3742345,-0.010306758,-0.14662999,-0.3651773,-0.15467879,-0.33456734,0.41036135,-0.044210445
rna|C1QTNF5,0.28591466,-0.34503472,-0.23127303,-0.43226916,0.36490387,-0.36953402,0.38499954,0.1027067,0.4345595,0.07485216,-0.6625127,-0.31066465,0.26246727,-0.19133645,0.4381336
rna|ABO,0.9042829,0.16219233,-0.038944975,0.14294061,-0.5409096,0.35930634,-0.239153,0.4448394,0.32948953,-0.18433568,0.2523174,0.23513074,-0.08762308,-0.16530064,0.26140514
rna|FHOD3,0.16124105,-0.14701867,0.28369635,-0.050695933,0.01244749,-0.012378174,0.03835962,0.2716735,0.17049408,-0.2549473,-0.46342954,0.12292987,-0.00076702284,-0.1837404,0.08142265
rna|OR2AT4,0.16724667,0.23845221,0.3961301,0.127866,-0.030318994,0.21987502,-0.25660214,0.2823902,0.4816066,-0.29748404,0.0821994,-0.62419844,0.48892695,-0.0018879964,0.27757993
rna|LINC01124,0.23433748,0.3687385,0.3930378,0.10164891,-0.26343787,0.28341466,-0.181093,0.1321282,0.09106942,-0.39112273,-0.030158313,-0.34452322,0.18481688,-0.02923404,0.30306947
rna|OLFM1,0.23315367,0.7665809,-0.98318964,-0.13739437,0.16447192,-0.60808676,0.07235027,0.4529629,0.14503495,0.052432224,-0.25346813,-0.27276444,-0.48728427,0.5616759,0.12269487
rna|GUSBP5,0.1772486,0.32426247,0.29623264,-0.063490056,0.44425845,0.06131025,0.1121387,-0.04496284,0.13732032,0.19798812,-0.37857392,-0.15102164,-0.056918643,0.32426468,-0.21792132
rna|FTH1,-0.21161027,-0.29420978,-0.5540852,-0.5228852,-0.3159581,-0.53536326,-0.276947,0.31143987,-0.6918071,0.60054386,0.5755967,-0.52734923,0.26090047,0.2492391,-0.3013886
rna|SLC13A2,0.24845186,0.30490553,0.40614012,-0.056195132,-0.16852838,0.4974727,-0.40380627,0.3847712,0.31865817,-0.19869573,-0.028382244,-0.42711177,0.27870747,0.03300315,0.036188934
rna|DNAJC5G,0.1263586,0.36641628,0.4815758,0.09108251,-0.07390646,0.29899943,-0.32818443,0.3588948,0.38116172,-0.26954427,-0.036615666,-0.2719674,0.34380347,-0.009977932,0.05270616
rna|TBC1D29P,0.2665619,0.31869814,0.3595345,0.035402,-0.056586564,0.24088016,-0.4356557,0.275311,0.3959677,-0.3073218,-0.09071569,-0.45288837,0.32146153,0.016222281,0.15423243
rna|SOD3,0.38557863,0.055602815,-0.5682021,0.36268082,-0.12050152,0.47537825,0.45136333,0.37779647,0.1670678,0.12749623,-0.2188725,0.56128395,-0.44218633,-0.07689352,0.7741054
rna|PRDX4,0.011340224,0.19781218,-0.28922018,-0.46172798,0.3223486,-0.7576085,0.07212243,-0.18045886,-0.3166416,0.18656668,-0.10890773,-1.0652844,-0.026678493,0.4672456,-0.37085587
rna|S100A1,0.266336,0.36298326,0.16296501,0.17632438,-0.5118876,-0.024211908,-0.29576105,-0.040336367,-0.040332496,0.05257078,0.07580557,0.15639652,-0.16662979,-0.12942609,-0.11241039
rna|GALR2,0.24887182,0.6227778,0.25989583,-0.13673422,0.50313365,0.4209787,-0.057821315,-0.29166943,-0.04630503,0.12712885,-0.1602077,-0.12065928,0.0556419,0.44640738,-0.14344473
rna|ANXA2P1,0.4031804,-0.2877178,-0.6712795,-0.27368373,-0.30505845,-0.7438522,-0.07945063,0.22824334,-0.13358366,0.30671662,0.9031689,-0.62096375,0.12034967,0.09003719,-0.63279927
rna|ARHGEF26,0.2444985,0.43598077,0.41462806,0.1461366,-0.092275664,-0.09355662,0.093076006,0.30235544,0.17049915,0.067480795,-0.15959719,-0.19550373,0.47067335,-0.2984648,0.01830235
rna|FGD5,0.22533585,-0.0054169227,-0.08468456,-0.14195901,0.25542992,-0.23192498,0.38894728,0.22059874,0.4790301,0.39019105,-0.8595925,-0.20276836,0.35380182,0.19792235,0.4633432
rna|RPS6KL1,0.033579126,0.28689817,-0.05466133,0.08356177,0.19347692,0.059028435,0.18849018,-0.19081427,0.3816967,-0.51233953,-0.3896845,-0.3049721,0.36341032,-0.058024094,0.42076156
rna|GH2,0.32029107,0.17863484,0.43940857,-0.09371179,-0.32200697,0.42492267,-0.5318016,0.36498818,0.31704006,-0.34794182,0.015404771,-0.44403163,0.28232738,-0.025026387,-0.0049117976
rna|CDK5R1,-0.14836912,0.1868873,-0.47596908,0.5127786,-0.28179353,-0.039849136,0.0043678866,-0.07093629,0.080261275,0.29017764,-0.10598825,0.27426395,-0.5825785,0.6428681,-0.0044760457
rna|WDR72,0.5173591,0.574936,-0.007474093,0.22155084,0.20715682,-0.17327084,0.33016935,-0.1989494,-0.05707247,0.22134499,0.08752414,-0.25650665,0.21027991,-0.43964094,-0.051740583
rna|LRRC74B,0.4360283,0.44453916,0.28513798,0.020092838,0.061618976,0.17457804,-0.39176127,0.5225655,0.32667258,-0.13335812,0.053145535,-0.45546263,0.46167305,0.031719424,-0.017517904
rna|GPR27,0.28704846,0.15621008,0.24302582,0.2894476,-0.17991184,0.66588277,-0.25705394,0.42134753,0.19432364,0.0144937225,0.082447,-0.24341758,0.21412654,0.013909573,0.3686351
rna|COL4A4,-0.269613,0.19604935,-0.51216185,-0.093791634,-0.30457285,-0.6870361,-0.079703085,0.25403574,0.12888229,-0.0003000801,-0.4549568,-0.33787388,-0.6032154,0.25685987,-0.19401035
rna|PACRG,0.41831833,0.3597267,0.41618875,0.051049996,-0.16499768,0.4352319,-0.32761493,0.39205384,0.31175205,-0.25058392,-0.05702167,-0.45613003,0.3240619,0.05255418,0.024769133
rna|FNDC8,0.44294837,0.15333942,0.34309942,0.37428537,-0.24834472,0.58607763,-0.27422023,0.45282385,0.2979655,-0.2609784,0.016699549,-0.36198887,0.29052344,0.025092123,0.058684547
rna|ASCL2,0.056349095,-0.2974341,-0.093096845,-0.5252052,0.0160836,-0.23923434,-0.05069853,0.41842073,-0.16632132,-0.034230236,1.1178505,-0.37561944,0.2915947,-0.1575979,0.36671847
rna|SCNN1B,0.3956218,0.39568877,0.36273462,0.03352343,-0.34514067,0.027295912,-0.44073564,0.12799418,0.34913993,-0.10170527,0.08439665,-0.0947598,0.13322255,-0.1473905,0.24862295
rna|PDGFD,-0.12810078,-0.16432153,0.5042233,0.2584394,-0.06707886,-0.10815232,0.15810007,0.4528573,-0.2658748,0.22829913,-0.48427856,0.39535162,-0.40137878,-0.18025868,-0.28364113
rna|NPY4R,0.3570548,0.20809607,0.40132833,-0.13422753,0.043270193,0.31163582,-0.17191531,0.4217841,0.4464534,-0.27082083,0.05972853,-0.47259846,0.5196736,0.040706243,-0.044094607
rna|KRTAP10-11,0.33058867,0.15511115,0.3302078,0.32315466,-0.2816287,0.6128768,-0.49089205,0.5022208,0.031778403,-0.16014163,0.116948314,-0.17840356,0.035616532,0.16178781,-0.033059005
rna|SMNDC1,0.15984942,0.2006051,-0.48777828,-0.13695164,0.28061384,-0.33861166,0.043057304,0.22007917,-0.48824102,0.5102469,0.097612694,-0.12517008,-0.4633968,0.6772854,-1.1336406
rna|INKA1,-0.05148585,0.22985448,0.23175722,-0.19184692,0.30047873,-0.5728114,0.11199352,0.27256808,0.4309631,0.17218892,-0.52166235,-0.03610903,0.018514339,0.10533354,0.02469268
rna|BEND7,0.3888703,0.30836254,0.18242308,0.2059744,-0.14372775,0.29958034,-0.27228558,0.5709587,0.2763365,-0.3883087,0.06742102,-0.5007961,0.26381755,-0.10550486,0.21208008
rna|MYH16,0.312506,0.18547405,0.35916477,-0.14445516,0.018969087,0.2334277,-0.23224084,0.50335145,0.5305724,-0.2852829,0.1998246,-0.46910253,0.39777738,0.03817725,-0.025301611
rna|MIR210,0.11245439,-0.17459707,0.106860444,0.3851831,-0.27190623,0.549515,-0.023771277,0.07202577,0.20964576,-0.19182123,0.032455105,0.11542017,0.34776807,-0.35697228,0.09582172
rna|SIRPG,-0.118020855,0.23631378,-0.09102764,-0.3948294,0.74797964,-0.090042464,0.15756823,0.46617213,-0.13818547,-0.10115623,0.029915102,0.0013660383,-0.37930226,0.4235574,0.75220835
rna|C1ORF115,0.010655776,0.19786137,-0.42003736,-0.23231293,-0.044914316,-0.82370824,0.0709584,0.45164025,-0.1420892,-0.025896968,0.039329685,-0.22830266,-0.1955011,-0.043261576,-0.32080305
rna|TEX101,0.449753,0.45318788,0.5900074,-0.20496157,-0.3714105,-0.060384937,-0.4099582,0.09395729,0.2567004,0.16012532,0.030471554,-0.027442968,0.32680047,-0.10875658,-0.032111898
rna|CDH23,0.34933624,0.77100724,-0.3430568,-0.10806974,0.35512683,-0.013935502,0.109902464,0.24917775,0.37060714,-0.06876765,-0.3333833,-0.1534686,0.03462719,0.2798689,0.19518597
rna|MIR575,0.099269465,0.34626937,0.19760537,0.21072449,-0.15358517,0.46876115,-0.031385224,0.11820229,0.41256204,-0.00430474,-0.4599477,-0.24154693,0.12260201,0.06003615,0.06306289
rna|NNAT,0.10092244,0.37509164,-0.02368126,-0.3340476,-0.050220374,0.17131256,-0.03412836,-0.05421676,0.28543833,0.046563495,-0.18613163,-0.3640129,0.24778555,0.2412705,0.43058857
rna|TNR,0.21193074,0.3063858,0.3944884,0.12482696,-0.18329532,0.41932184,-0.32175657,0.46063676,0.33277926,-0.14252013,-0.1387486,-0.45170635,0.34528196,0.10959602,0.19267379
rna|LRRC26,-0.08242763,0.2724282,-0.39958742,0.19766578,-0.26503977,-0.14575602,0.05530985,0.41506997,0.79743844,0.2727838,0.10679619,0.21608773,0.07949707,0.103934795,0.3067734
rna|GDA,0.12773511,0.37156606,0.28633624,0.05415104,0.10052977,0.12712252,0.005605074,0.08457416,0.19696838,-0.09930502,-0.023195136,-0.21181169,0.34835228,-0.33514902,0.13357851
rna|PRKAB1,-0.32693884,0.5134206,0.09345716,-0.23798642,0.7035799,-0.1990732,0.48164934,-0.082617246,0.14330709,0.5137024,-0.8390891,-0.29805034,-0.2203562,0.55913216,-0.13348654
rna|RTP5,0.1600507,0.46689552,-0.3723039,-0.3467809,0.6882197,0.117365345,-0.02794955,0.5714574,0.05827055,0.024670247,0.328988,0.27990904,-0.23065591,0.30467397,0.39717668
rna|NRARP,0.25199428,-0.048246033,0.2248151,0.12526727,-0.09418669,0.3853784,0.2346561,-0.4403884,0.43116456,0.19157904,-0.18943413,0.38127232,0.36625776,-0.31892866,0.5180573
rna|H2AW,-0.08938491,-0.16275576,0.124626905,-0.11520849,0.074651554,0.46832612,0.08429774,-0.46404928,0.1519857,-0.093033776,0.24111354,0.17035267,-0.0032279808,-0.104957074,0.5289857
rna|CEACAM1,0.17114681,0.4708129,-0.016313503,0.5481042,0.20110267,0.3929901,-0.009657288,0.19712573,-0.44194034,0.34671006,-0.2668151,0.4743146,-0.38821906,0.38620296,-0.19483331
rna|STAB1,0.71273375,-0.29461744,-0.24954139,0.14505391,0.25739366,-0.012223823,0.59801096,0.016238367,-0.11061502,0.10650927,-0.12395949,0.07316516,0.24888106,-0.32257885,0.79116666
rna|C6,0.3461696,0.59323937,-0.22764719,0.018668113,-0.045785137,0.19505502,0.14644663,0.34074035,-0.17677638,-0.51446766,-0.31751394,-0.45495275,0.044108897,-0.34436348,0.3130086
rna|PHACTR1,-0.31264126,0.32768708,-0.031825405,0.38125592,0.00423155,0.25925568,-0.14135443,-0.23647842,0.065884955,0.22814116,-0.6805098,0.4744747,-0.13676253,0.24689943,0.017405165
rna|MAGED4,0.21413124,-0.090894796,-0.2214474,0.274559,0.11129261,-0.2569398,0.18496734,-0.10551015,0.5736236,-0.004791491,-0.27260804,-0.24686962,0.3809,-0.1299833,0.45170087
rna|SLC2A5,-0.34024984,-0.25510705,0.25846624,-0.11213764,-0.25970575,0.35289434,0.1723938,-0.24280906,0.2010656,0.24404009,-0.18213955,0.12858164,0.12717327,-0.09778196,0.12732749
rna|SPRR1B,0.71308297,0.76209074,0.41049173,-0.07524703,-0.6136603,-0.559927,-0.5922671,-0.7285235,0.36571705,0.64912796,0.5296564,0.72241586,0.055025894,-0.33163098,0.39348888
rna|DHRS7C,0.37425792,0.2136595,0.20979792,-0.023592731,0.011568762,0.3490926,-0.15733586,0.2247,0.44800758,-0.2713776,0.055594403,-0.3279096,0.27862027,-0.06046251,0.27775654
rna|UBE2N,0.12779637,0.10846011,-0.48217076,-0.19899702,0.14987122,-0.6273727,-0.08839808,0.19489786,-0.43626702,0.21750876,0.1617559,-0.26712132,-0.408051,0.58106774,-1.1027932
rna|RECQL4,-0.34316424,-0.1403588,0.70835835,0.14539707,-0.029665496,0.5207766,0.24062791,-0.926648,0.38653,-0.07367433,-0.32429335,-0.0558214,0.0577216,0.046668835,0.06297715
rna|HAVCR1,0.08001156,0.06846169,0.16430779,-0.3180611,0.57734877,0.16884682,0.061947715,0.10678706,-0.10743487,-0.0500789,0.13612391,0.07258425,-0.09014362,0.17688923,0.33465675
rna|OR2A7,0.45407772,0.15465315,-0.15659654,-0.030155722,-0.27555227,0.14917652,-0.46598977,0.5103375,0.16984372,-0.34954837,0.44097158,0.093440026,0.10755841,-0.40777132,0.08948825
rna|UTS2R,0.4870025,0.28758866,0.225698,0.11592197,-0.110713094,0.55555385,0.010744025,-0.18024588,0.20370778,-0.10885391,0.14050607,0.0644822,0.16730666,0.069710016,-0.33407992
rna|MINAR1,-0.009301042,0.23463409,-0.09121731,-0.21973401,0.5023762,-0.2347335,0.18314284,-0.13921611,-0.052702043,0.07765252,-0.45630935,-0.16550985,0.048210066,0.4665742,-0.28185233
rna|SYNGR1,0.13907087,0.36508656,-0.18835536,-0.040986564,0.04492861,-0.37584725,-0.22937015,0.35860598,0.52113885,-0.09222465,-0.24765652,0.12425343,0.011679129,0.022945203,0.3341444
rna|TMEM158,0.40059775,-0.08282685,-0.53244543,0.17469504,0.03240983,0.22702312,0.5779704,0.54219776,0.18624033,1.2209994,0.30078983,0.08424482,0.06700011,0.23954199,-0.3274145
rna|NTNG2,0.0054261317,0.024149455,-0.21907198,0.27421242,-0.075988054,0.8663279,-0.09310765,0.8208496,0.24075441,-0.06947471,0.37965062,0.53321695,-0.23275584,0.08300884,0.4911787
rna|HK3,-0.3507912,-0.204748,-0.11250496,-0.32427424,0.11622852,0.05071534,0.29236796,-0.023589477,-0.12805061,0.6460775,-0.07852447,-0.4206118,0.52417594,0.30544463,0.6307147
rna|LAG3,-0.25110877,0.2360627,0.06814019,-0.6867024,0.60779566,-0.061773095,0.06373315,0.033430763,-0.24613248,0.23865873,0.3603772,-0.38406533,-0.15532842,0.48222798,0.60030305
rna|TMEM40,0.46005577,0.5238737,0.46422794,-0.1216074,-0.18238337,-0.19461423,-0.26006186,0.16513848,0.35724464,0.02988565,-0.011863761,-0.3109339,0.57283604,-0.0614298,0.17876686
rna|CKM,0.38498244,0.3414413,0.35629812,-0.21976022,-0.16697761,-0.13642772,-0.28987148,-0.09954963,0.17002915,0.25535417,-0.23567244,-0.099477276,0.3029327,0.025331464,0.27656025
rna|ALDH1A3,0.40350544,-0.3786908,-0.2337296,0.13896093,-0.09642437,0.075250976,0.5328134,0.17233406,0.35343716,0.929451,-0.20848408,-0.015505871,0.5492976,-0.21386491,-0.114212975
rna|ERAP1,-0.21782726,0.10551791,0.10288474,0.075275734,0.001281083,0.32119533,0.16378039,-0.1468221,0.08447576,0.06325644,0.08401741,0.13204178,-0.14566371,0.02476528,0.28614613
rna|BATF,0.06711092,0.1781699,-0.6600764,0.2588618,0.047177836,-0.17231335,0.117191724,-0.21035077,-0.109775096,0.33600187,0.27670097,-0.5365212,-0.24257267,0.97746503,-0.05490571
rna|OR52I2,0.24416672,0.33320957,0.2832943,-0.100948565,-0.056966238,0.31384048,-0.50624627,0.23842399,0.40808633,-0.34415564,-0.1980061,-0.5023776,0.40906733,0.09918207,0.25353026
rna|LOC401191,0.3204052,0.1538488,0.32294965,0.04188526,-0.08175752,0.16554533,-0.37730253,0.24298295,0.25246006,-0.3072892,-0.13770051,-0.16718471,0.23195328,0.09978093,-0.07253173
rna|BARHL1,0.111905664,0.34209454,0.38870493,0.0027136595,0.0978243,0.17990822,-0.3634045,0.44258937,0.34125882,-0.30398402,-0.06207257,-0.45046267,0.6449804,-0.115812406,-0.13315354
rna|NKX3-2,-0.051997133,-0.098521896,-0.25676423,0.19927576,0.18192062,-0.105870165,0.43292785,0.38107768,0.23195568,0.46920213,-0.60192263,0.0560097,0.029222703,0.30075312,-0.14357308
rna|OSR1,0.93582445,0.06814726,-0.17856628,-0.22683239,0.01706986,-0.37931934,0.4045568,0.18593183,0.24634199,0.15257728,-0.27433825,0.14206012,0.21851295,-0.1606663,0.09731562
rna|DPPA4,0.29115242,0.08526502,-0.15110376,-0.044210486,-0.03553048,-0.2936922,-0.35789892,0.27654725,-0.063328676,-0.2827531,0.088402025,-0.22014433,0.08472017,-0.13166411,-0.04757521
rna|PARM1,0.13775887,0.08686815,-0.5124276,0.21898977,-0.07973561,0.03363585,0.14459349,-0.17932999,0.043985635,-0.19807704,-0.30880815,0.21556605,-0.63077945,0.29237857,-0.28551
rna|RIN3,0.17184465,0.016799185,0.14691775,0.028367857,0.5944686,0.35859,0.45351505,-0.24186541,-0.0023293262,0.0024849086,0.030147541,0.24043451,0.15978481,-0.02839281,0.9037561
rna|NKX2-2,0.28024685,0.19500859,0.22288726,-0.106089115,-0.20018505,0.4437307,-0.4077294,0.5305558,0.30561715,-0.43181857,0.15445592,-0.3781651,0.045361735,-0.00032753317,0.18278417
rna|GAPT,-0.08618873,0.24170014,-0.5475017,0.2815608,-0.28612575,0.014257107,-0.2504956,0.49007595,0.33395234,-0.15463829,-0.20024861,0.68018144,-0.37486854,0.08777892,-0.1520281
rna|PTCH2,0.028388679,0.2361385,0.28825572,-0.16119818,0.26884684,0.34536138,0.3018089,0.044043478,0.5232202,-0.46141744,-0.35270366,-0.31829998,0.071606755,0.017749203,0.37263608
rna|ZNF135,0.31011394,0.27128506,-0.40193298,0.073306255,0.34129235,0.11906227,0.05464037,0.45650816,0.24558836,0.3009424,-0.42812333,0.3471364,-0.057270862,0.20741561,0.055881392
rna|CA1,0.2821116,0.303262,-0.1871032,0.06741304,-0.04184602,0.31993493,-0.33119008,0.26466122,-0.06530926,-0.37060666,-0.09987644,-0.40481237,0.2815671,-0.15610495,0.20647117
rna|FAM186B,-0.32438394,0.36136982,0.42245767,-0.007379373,0.17085165,-0.6302381,-0.3960199,0.24598816,0.10640842,0.020877063,-0.41634372,-0.1917373,0.077276036,-0.2721231,-0.21354239
rna|CYP26B1,0.07728004,0.056146327,-0.10462167,0.017838141,0.121888705,0.34918818,0.2501712,0.07880693,0.43643662,0.43844324,-0.11287041,0.2508243,0.21881121,0.015964037,0.5561448
rna|APCDD1,0.48644572,0.09755479,-0.1971513,-0.18789378,-0.21694072,-0.036538113,0.021067576,-0.16682565,0.41363236,0.723601,-0.18099011,0.3477758,0.40727797,-0.16095205,0.25331622
rna|OR9K2,0.33201036,0.32947162,0.35523528,0.05819822,-0.036030892,0.38020697,-0.33812338,0.47532326,0.26646686,-0.22336328,-0.13075446,-0.38480106,0.27734435,0.11736499,0.020249242
rna|SMC1B,0.010426541,0.21375246,0.45397013,-0.021428462,0.091068596,0.22220913,-0.2304782,0.07433896,0.37925634,-0.12317804,-0.17960285,-0.18250592,0.33993387,-0.054930784,-0.004885591
rna|CHSY3,0.32176876,0.010787199,-0.08800366,-0.18418087,0.5007206,-0.030653412,0.35100102,0.35945928,0.06964609,0.5362669,-0.70326406,-0.3348067,0.53756845,0.33482763,-0.04223021
rna|MIR663B,0.262298,0.383668,0.40685877,0.11156422,-0.060559288,0.5123984,-0.225687,0.3866608,0.3237318,-0.20043035,-0.06456061,-0.30678672,0.2717535,0.016498942,0.0050389743
rna|VGF,-0.07903037,0.17266983,0.39120388,0.11166981,-0.027202284,0.3301759,-0.04074672,-0.114793144,0.13740638,-0.083568074,-0.28350368,0.020366605,-0.19629548,0.23051043,-0.38803083
rna|TRIM7,0.6082686,0.52022433,0.35531667,-0.109314546,-0.069823116,0.2547375,-0.38892353,0.23187917,0.30378708,0.04864343,0.016409501,-0.011244585,0.24348523,-0.025216604,0.32086742
rna|SCGB1C1,0.39407617,0.3085805,0.33649194,0.02895406,-0.14036022,0.3459615,-0.28213996,0.33007872,0.21548979,-0.10810031,-0.11604256,-0.26079455,0.3282692,0.04214908,0.018808004
rna|EPHA1,0.36901557,0.6539866,0.14320546,-0.15879048,0.14970756,-0.35305902,-0.082973234,0.3664799,0.258551,0.109989874,-0.31585047,-0.008398613,0.033941366,0.009381004,0.66048396
rna|PFKM,0.08781971,0.38869733,-0.123456165,0.04365469,0.61840934,-0.13234974,0.28365466,0.04033823,-0.1265131,0.6138485,-0.5105355,-0.090290844,-0.3320263,0.7081524,-0.86470044
rna|HLA-DRB3,0.009526976,0.059259225,0.1326729,0.07068345,-0.035436295,-0.05116607,0.0016027872,0.07763375,0.020157585,0.17826584,0.11289453,-0.1295824,-0.13248874,0.038360495,0.06869512
rna|MMP11,0.1990499,-0.20481297,0.36651307,-0.14811683,0.34376377,-0.49298966,0.22560018,-0.02336885,0.14807291,0.14265148,-0.75828475,0.07789925,0.21929462,-0.10174046,0.12240487
rna|DSP,0.7170115,0.9267836,-0.13423643,0.06562961,-0.5220173,-0.44466224,0.005292532,-0.23440614,0.37000442,0.58655065,0.5122708,0.674981,-0.42685452,-0.4218096,0.21969993
rna|CHURC1,0.036225457,-0.027251268,-0.5400459,-0.35803095,0.027839843,-0.7529777,-0.29590786,0.20329702,-0.560925,0.12282023,0.37090316,-0.2416768,-0.30842173,0.35832074,-0.7362805
rna|MAML3,-0.13746859,-0.19497506,0.08923182,-0.26110223,-0.3611246,-0.5665287,-0.10971511,0.7057423,-0.07346669,0.2671731,-0.2235422,0.28985825,0.14482439,-0.42341858,-0.25400543
rna|MPP6,-0.36235976,-0.21613841,0.46242648,0.44895706,-0.14811252,0.21081652,0.4104913,-0.4114971,0.07787284,0.13888828,-0.24667396,0.2919719,-0.33263198,-0.035233937,-0.38200766
rna|AHSP,0.33764225,0.29751897,-0.2128311,-0.08284108,0.22237404,-0.18765156,-0.11681918,0.05833205,0.036339812,-0.20761435,0.0899961,-0.015442546,0.0741979,-0.26437593,0.17363554
rna|IFNG,-0.25795817,-0.0048953607,-0.2085424,-0.67358375,0.46985868,-0.31029022,-0.059424724,0.049602702,-0.63473237,0.34581295,0.26075336,-0.48661652,-0.018253129,0.719136,0.19236138
rna|IFIT1,0.2228034,-0.050043985,0.36542195,-0.36212167,0.7564513,0.041593526,0.34641716,0.24207945,-0.27388278,0.16954923,-0.39147574,-0.088664174,0.19794661,0.013943728,0.49366355
rna|TUFT1,0.2640492,0.5865219,0.2687201,-0.38222185,0.41430935,-0.293632,-0.06828486,-0.22354767,0.034422565,0.53963065,-0.48252377,-0.05342838,0.17216828,0.091185525,0.2046774
rna|CHL1,0.037199955,0.003615871,-0.175242,0.350257,0.03982983,0.16558345,-0.13678691,0.36058965,0.24282537,-0.1706814,-0.40983772,0.13368593,-0.27206174,-0.04520273,0.23740448
rna|GAS8-AS1,0.45934615,0.23751105,0.45377007,0.24488083,-0.095258795,0.41106382,-0.3319624,0.53692263,0.35328695,-0.2616842,0.14241026,-0.24689837,0.27610627,0.12154776,0.014434139
rna|POTEA,-0.20951629,0.1038628,0.53819793,-0.32536682,0.043261696,-0.0002613608,-0.19235541,0.124951564,0.005540071,-0.074634045,-0.1503934,-0.093934864,0.11254938,-0.13892768,-0.330609
rna|KCNAB1,0.27769175,-0.009043669,-0.11420283,-0.22843374,0.20279858,-0.4131012,0.28849632,0.434504,0.10943724,0.10189273,-0.07167376,-0.34747037,0.47364652,-0.061951097,-0.12409608
rna|PLCH2,0.47547525,0.64500684,-0.33156985,-0.32991907,0.630213,-0.23776536,0.11974737,0.5303798,-0.14226624,0.38270545,0.24392836,0.28964737,-0.42080083,0.5274988,-0.06255984
rna|SVEP1,0.49065623,0.050546415,-0.73413116,-0.18637526,0.1382633,-0.29382837,0.63276297,0.43929437,0.04510778,-0.365971,-0.21914221,-0.003878852,-0.3796252,0.1425161,0.41986707
rna|LMO3,0.43766406,0.07800847,0.41456267,0.008954273,-0.15503444,0.40266818,-0.15050198,0.076332234,0.26560408,-0.37433705,-0.13802266,-0.35817176,0.35481998,-0.12687159,0.1320251
rna|CXORF65,-0.41313997,0.1153623,0.07738778,-0.1963121,0.18923315,-0.19373845,-0.14162537,-0.24310492,-0.11560997,0.083468445,-0.434611,0.233214,-0.45825565,0.23756431,0.6752648
rna|HMGN1,-0.09702258,-0.28095865,-0.14996672,-0.2859628,-0.33765078,-0.46093303,-0.13516255,0.04576558,-0.25422746,-0.007427952,0.32430017,-0.15093037,-0.4660851,0.019139592,-0.8569572
rna|SPDYE1,0.31111863,0.30368632,0.32425386,-0.031208003,-0.028084338,0.25753316,-0.1074863,0.42323136,0.47492763,-0.3665888,0.042919297,-0.5334515,0.43552077,0.0017251654,-0.011837216
rna|WDR25,-0.25035143,0.12884422,0.20573424,-0.30768394,0.5910372,-0.4059458,0.32390815,-0.1087683,0.22227463,-0.013076405,-0.52740955,-0.65755033,0.11598116,0.45053503,0.50366503
rna|IGF2BP3,-0.26727214,-0.03749709,0.3567933,0.22685438,-0.18386291,0.14912741,-0.06765976,-0.1789942,-0.25549114,0.34266546,-0.17676917,0.2561535,-0.35909724,0.29247537,-0.9325631
rna|CD70,-0.43864754,-0.19001676,0.2612662,-0.09971014,-0.34107438,0.24203755,-0.06839661,-0.08804027,-0.11070837,0.12443892,0.05917223,0.029995263,-0.12969492,0.2985738,0.08002169
rna|AGBL4,-0.03168674,0.33554503,0.13710174,-0.10488892,0.15246055,-0.28932643,-0.060381338,-0.12363251,0.28037447,-0.14145727,-0.27308792,-0.37562987,0.14042199,0.2876048,0.0926646
rna|CCDC88A,0.23134111,0.36553288,-0.052849356,-0.22234595,0.46893403,-0.17117184,0.0024872762,0.14829873,-0.5130635,0.5970518,-0.20815402,0.09241416,-0.3756902,0.54100806,-1.0053955
rna|PLA2G3,0.5499609,0.8523569,0.37976444,-0.22087546,-0.18494663,-0.3454538,-0.5111178,-0.12760104,0.644836,0.30449566,0.22574183,0.18066117,0.28963253,-0.018663026,0.25310975
rna|VNN1,-0.49732205,-0.14243063,-0.386206,0.33673868,-0.9865577,-0.13322663,-0.09796706,0.4121392,-0.096504286,0.23854056,0.65690094,-0.2478914,-0.0038341163,-0.102795035,-0.14624523
rna|BNIP3,-0.0037859525,0.24738427,-0.43478692,-0.2760162,0.29981184,-0.25797865,-0.09552351,0.11645702,-0.38145682,0.47873315,-0.08200672,-0.2342265,0.1333538,0.30772662,-0.5633149
rna|DMRTC2,0.36142325,0.18054505,0.31601834,0.18321896,-0.09930451,0.47433686,-0.14028941,0.3600117,0.3125435,-0.24987818,-0.0983284,-0.39233464,0.18715934,-0.005584977,0.099026635
rna|SEPTIN5,0.326727,0.1251706,-0.09100589,0.13318163,0.23490314,0.059533373,0.3156762,0.06950278,0.48309556,0.12547182,-0.13746327,0.3074267,0.022139624,-0.25128558,0.2877514
rna|DECR2,-0.10964334,0.36978292,-0.029982686,-0.059771538,0.32480115,0.17961507,0.34351552,-0.4403748,-0.21894228,0.24108738,-0.4750299,-0.16831595,0.01259449,0.24601117,-0.08875307
rna|TIMP4,0.46679807,0.01191393,0.06752566,-0.07585999,0.029366188,0.31511077,0.31538016,0.2657103,0.31939614,-0.22148558,-0.22611855,-0.2541218,0.28606686,0.005934196,0.31338036
rna|MSI1,0.24599098,0.16465972,0.25712484,0.18484679,-0.20585845,0.3842787,-0.33898732,0.5362166,0.3696198,-0.32419816,0.11076143,-0.48442167,0.40621296,0.057319902,-0.03995808
rna|TNNC1,0.29561877,0.35542935,0.27545363,-0.17168011,0.06912795,-0.14136182,-0.17174482,0.015689949,0.19830598,0.10638633,-0.3833318,-0.04274158,0.2020728,0.22371902,0.2745182
rna|FLJ16734,0.24314049,0.37840712,0.38290134,0.254083,0.35242277,0.5350947,-0.073318,0.5425546,0.29510444,-0.15062042,-0.20410523,0.04775487,0.17413776,-0.0868373,0.032099646
rna|HGF,0.5862224,-0.20615377,0.08519788,-0.09614567,0.4978611,0.13905485,0.4853417,0.113825366,-0.113960125,0.1975508,-0.44077533,-0.26294214,0.46153253,-0.13967575,0.63576823
rna|TIGD7,-0.093035065,0.43322954,-0.40468186,-0.17200486,0.4351612,-0.41958383,-0.107531086,0.12177397,-0.25783163,0.20227623,-0.3574028,-0.34522015,-0.32858312,0.6093649,-0.66423595
rna|MMP12,-0.026708566,-0.03601587,-0.55070907,-0.14701097,-0.095809326,-0.021189718,-0.2504086,-0.19978857,-0.17005768,0.2999615,0.6430138,0.039809782,-0.002918973,0.2958806,-0.07615479
rna|LHX2,-0.3754398,0.20278025,0.15538171,-0.1274456,-0.09714835,-0.25828832,-0.16805524,0.11335702,0.21290974,0.06764233,-0.13711648,-0.25262552,0.21123159,0.074178845,-0.08925093
rna|SLURP1,0.82516146,0.64481,0.51842284,-0.03464044,-0.2459047,-0.29194564,-0.42529348,-0.2051631,0.4470615,0.49912062,0.30515042,0.11697615,0.19353098,-0.12572265,0.047621038
rna|OTOP2,0.25702593,0.2947069,0.22984868,0.01724418,-0.21258925,0.43034744,-0.37928337,0.4582244,0.29106182,-0.22443885,0.07423377,-0.38433054,0.26480573,0.15932444,0.07000522
rna|RNF216P1,0.045980074,0.07775865,0.12796146,0.29429471,-0.018569961,0.61950487,-0.065837294,0.08725833,0.21425404,-0.03067981,-0.10578993,0.62851804,0.032137983,-0.21290237,0.25104892
rna|HTATSF1P2,-0.07227048,-0.018886141,0.04708403,0.0845275,0.081855595,0.37247106,0.25005552,0.05015615,-0.1507116,0.36574247,-0.31922948,0.06186041,-0.2909133,0.23409678,0.15174958
rna|HDAC9,-0.114301614,-0.23339051,0.305493,0.057620727,-0.29134282,-0.35371247,-0.17932542,0.10235783,-0.05848038,-0.33566368,0.16637489,0.092329286,-0.24139073,-0.31695443,-0.08186397
rna|G6PC1,0.0899958,0.6610211,0.4044375,0.15567182,-0.23551333,0.22320022,-0.33466348,0.45054483,-0.14940155,-0.327929,0.020790245,-0.7017378,0.22020923,-0.3260211,0.060640927
rna|MXRA8,0.29676253,-0.5624857,0.015613977,0.020117518,0.021366553,-0.01063893,0.5833054,0.29624942,0.43529448,0.44652638,-0.4247665,0.37103727,0.40424722,-0.38168156,0.39002627
rna|CLHC1,-0.20038125,0.24775127,-0.44227412,-0.306741,0.099528834,-0.8351695,-0.25149676,0.11472403,-0.13774325,0.06490547,0.0059367623,-0.49488923,-0.15401532,0.38337755,-0.8241352
rna|H3C3,0.05486685,-0.07464572,0.108927175,0.19415659,-0.035790514,0.50713253,0.09093073,-0.12005593,-0.06342614,0.19036743,0.17118777,0.31713894,-0.57444507,0.29471362,-0.08698586
rna|LILRB2,0.35955998,-0.014949997,-0.14639792,-0.15349074,0.38139522,0.5594203,0.45717117,-0.051912792,-0.5499313,0.7800254,0.26923522,0.18426831,0.14327943,0.4049098,0.35611108
rna|METRNL,0.09713519,-0.26805258,0.15323283,-0.106711045,0.06693288,0.45622346,0.13040996,-0.13833536,0.006733945,0.4650465,-0.11981408,0.25592667,0.5811381,-0.34769773,0.7740304
rna|UGT1A1,0.29973337,0.88340706,0.32733747,0.18135716,-0.17795433,0.055158384,-0.15043074,0.19725427,0.045367662,-0.10180502,0.06148135,-0.5082276,0.42222726,-0.34401542,0.18212508
rna|RUNX2,0.3886403,-0.2598677,0.1268222,0.3181061,-0.2117103,0.6860776,-0.021578146,0.66836166,0.35891768,0.19173057,0.28696373,0.6327886,0.077387504,-0.29846296,0.24111733
rna|CYP1B1,0.005736067,-0.753842,-0.52313673,-0.008465565,-0.2419788,-0.10933363,0.2855752,0.5307658,-0.37016335,0.6867204,0.26298,0.16684319,0.17126037,-0.14803407,-0.16649611
rna|CD164L2,0.65603065,0.600179,0.34489834,-0.064439826,-0.26141152,0.25201067,-0.52759385,0.09239506,0.32543674,0.23970014,0.13203987,0.0017205834,0.12028972,-0.015140405,0.14573687
rna|C12ORF50,0.26882687,0.27812305,0.31533644,0.11875981,-0.06810316,0.37519395,-0.27343482,0.40609214,0.30829567,-0.3117148,-0.10124173,-0.47390682,0.34724814,-0.052623563,0.13494745
rna|LYVE1,0.7939653,0.13833354,-0.9217839,0.031520437,-0.11785029,-0.3996581,0.3420946,0.13579342,-0.040676136,-0.28180146,0.19488853,-0.13051997,0.096062385,-0.27127817,0.2504979
rna|COX10,-0.053406067,0.4046049,-0.45613587,-0.25504926,0.53117263,-0.29993388,0.17321752,-0.018223021,-0.22480094,0.49725094,-0.12618579,-0.25484663,-0.16137911,0.5880484,-0.74176025
rna|KLK14,0.20011194,0.20255609,0.5189176,0.23168927,-0.2131154,0.46499997,-0.15928906,0.32208988,0.19541857,-0.27907407,-0.0539245,-0.058858637,0.19815503,-0.1257105,0.13527659
rna|SLC16A5,0.13497534,0.5175204,-0.1574774,-0.43462828,0.7102049,-0.29449534,0.102147385,-0.077233575,0.09281798,0.42512283,-0.45544156,-0.3996764,0.3644586,0.409435,0.41610974
rna|GRIN3A,-0.1547812,0.0067860973,0.05835587,-0.6641154,0.7255018,-0.010784494,0.24508576,0.12859084,-0.48178342,0.23758121,0.24172363,-0.4799203,0.25653958,0.48231882,0.40950286
rna|PARD3,0.34347787,0.22245945,0.3213863,-0.14165902,0.27793568,-0.023653531,0.16265252,0.2588814,0.43659717,0.10651913,-0.3622895,-0.19219323,0.2654278,-0.27335876,0.26607007
rna|EXOC3L4,-0.39604366,0.55277956,-0.57004297,0.062041085,-0.07562657,0.13281927,0.26565954,0.24371217,0.35311377,-0.40111682,-0.06704258,-0.20273662,-0.4555313,0.1640279,0.9658561
rna|C21ORF62-AS1,0.047456667,0.18243535,0.4578067,-0.019371143,0.27051705,0.259834,-0.069571435,-0.20996085,0.19932884,-0.43635923,-0.15145329,-0.008756432,0.32524395,-0.082664445,0.22597782
rna|HBG2,0.26624736,0.10555059,0.003880663,-0.28785115,0.29607973,0.31268632,-0.18854126,0.017586399,0.35874748,-0.31617108,-0.17471063,-0.3934641,0.59438103,-0.072277986,0.19589275
rna|ZCCHC10,0.048418015,-0.034024008,-0.38942343,-0.21807432,-0.12151087,-0.8173876,-0.30914053,0.36217228,-0.28617007,0.067639194,0.55185145,-0.49506778,-0.13425064,0.2540089,-0.98447484
rna|PDCD1,-0.058442835,0.25989595,-0.100989155,-0.10367194,0.3711852,0.2531766,0.11014197,0.22415134,-0.10404254,0.27100125,0.24170801,0.13868417,-0.41631737,0.460688,0.27978876
rna|PRR23B,0.26065776,0.20983773,0.39022818,0.039406184,0.01947044,0.21290123,-0.29520714,0.33767557,0.27317902,-0.2516207,0.04346076,-0.5235577,0.38655603,0.09070908,0.032883793
rna|NCAPG2,-0.3328383,-0.26997775,0.42521483,0.24661894,0.0155730015,0.5848796,0.36662957,-0.5721247,0.038451564,0.46926156,-0.2894776,0.57458943,-0.4600086,0.28650337,-0.31805804
rna|CD300LB,0.41243237,0.15257704,0.04337833,-0.18612953,0.3906657,0.046309043,0.23194346,0.37666833,0.32406348,-0.06278616,-0.19528383,-0.25027296,0.5346419,0.14758451,0.22103482
rna|SNORD78,-0.25728592,-0.4357409,-0.11716009,-0.033188723,-0.6271646,-0.7090909,-0.33960405,-0.5245849,-0.19876978,-0.16998194,0.5515137,-0.17747687,0.124858364,-0.3780273,-0.3339679
rna|OR2M4,0.24624023,0.3105165,0.36047733,0.08779347,-0.008538126,0.49866608,-0.33431476,0.27600527,0.30553105,-0.48519063,-0.1282885,-0.32420644,0.313621,0.008672881,0.2294403
rna|PCDHGA7,-0.36205766,-0.11198394,0.42785165,0.5112222,0.018696222,0.0010127419,0.03335423,0.5759075,0.6262973,0.022443485,-0.35541654,0.5443425,-0.14043392,-0.35108924,-0.102355585
rna|ITGA8,0.555898,0.29390627,-0.32605425,-0.27323022,-0.09407755,-0.76643,0.0025893948,0.077382535,0.2159811,-0.39062044,-0.13215595,-0.34309566,0.107447214,-0.1398505,0.70352626
rna|BRS3,0.30925548,0.09739354,0.21117027,0.08357462,-0.17572638,0.11516213,-0.3967254,0.3794083,0.282806,-0.38171375,0.08955026,-0.42053646,0.5723846,0.011703317,0.13758071
rna|MYO7A,0.17519374,0.14411138,0.3934316,0.19144759,0.3646646,0.090561494,0.14991866,0.2963377,-0.22914653,0.17162049,-0.22338662,0.18636337,-0.024285955,0.05631349,0.57049
rna|SLC51A,-0.23447031,0.45887297,0.042371757,-0.18802816,-0.14305197,-0.05397443,0.29187688,0.22210218,0.17109288,0.4257809,-0.35126495,-0.72781074,0.2821211,0.068609744,0.28155324
rna|HSPG2,0.29228395,-0.6416438,-0.22313602,0.4199538,-0.13469039,0.40447396,0.7578481,-0.06105242,0.47319096,0.30227107,-0.3591216,0.49753422,0.17502284,-0.3936317,0.5917111
rna|CXCR6,-0.10862767,0.11928221,-0.07384843,-0.2853725,0.40549412,0.325652,0.16893707,0.3487597,-0.1439989,0.29563755,0.14659846,0.15733771,-0.30280063,0.19917245,0.7558507
rna|MIR21,0.044707656,-0.061123665,-0.5074006,0.058871906,-0.023868214,0.253078,0.18176775,-0.089162685,-0.17948379,0.5912809,-0.4061798,0.38223788,-0.13204804,0.21850082,0.29203665
rna|SGIP1,0.3079859,-0.22502683,0.14263992,0.0076769316,0.1790347,0.11912654,0.3585574,0.17955817,0.29318678,0.78861016,-0.45295843,0.07858568,0.5336751,-0.11571334,-0.0975519
rna|PLEKHG3,0.027622504,0.20474264,-0.19565402,-0.38521495,0.28513545,0.07667002,0.43013218,0.18612622,0.16787855,0.6560064,0.17313299,-0.3567867,0.4125808,0.20595501,0.7387904
rna|TSG1,0.37628898,0.38798115,0.340904,-0.104669765,-0.0917221,0.34941,-0.43571448,0.4205836,0.30454585,-0.17109467,0.011519587,-0.3961889,0.30894092,0.08969008,-0.015740037
rna|ALPK2,0.03178777,0.4230093,-0.8661567,0.04586297,0.12389495,-0.09297916,0.33150437,0.6914111,0.30807307,0.46508753,0.031962365,-0.04564354,-0.5438513,0.41661933,0.1943721
rna|KLHL14,-0.038612444,0.18542543,0.16582328,0.18179382,0.022350337,-0.19701701,-0.120701365,-0.20857178,-0.09608554,-0.077909976,-0.26481578,0.12654352,-0.36499658,0.20292652,-0.7527488
rna|SPRED2,-0.093126155,0.027864119,0.27555266,0.11725636,0.07422561,-0.17993,0.11882372,0.57126987,-0.27407825,0.64541256,-0.33049592,0.41741335,-0.55173415,-0.0749843,-0.74227285
rna|CYP3A5,0.37363636,0.9241838,-0.15590318,-0.29411623,-0.441347,-0.6227597,-0.082488075,-0.15731327,0.07608688,0.556116,0.37979078,-0.039616413,0.21035762,-0.5317594,0.23221572
rna|CYP2D6,-0.1891867,0.3536078,0.34825742,0.18985291,0.17456019,0.2952302,0.21636912,0.24788031,0.40673047,-0.16191992,-0.1495506,-0.09502691,0.0983386,-0.47180215,0.5349879
rna|HLA-DPB1,-0.048152417,-0.13315886,-0.30820057,0.08872656,-0.17503266,-0.48710033,-0.281451,0.66267604,-0.3858041,0.32981586,0.37389708,0.32621643,-0.42860803,0.2542467,-0.579356
rna|CLIC6,0.14049964,-0.021833587,-0.46131283,0.23429176,-0.15728018,-0.0054596295,0.31027812,0.4935008,0.38145146,0.9358902,-0.27420712,0.010802202,0.034734603,0.22754274,-0.11462864
rna|RCN3,0.19103049,-0.3780874,-0.10750758,-0.14689454,0.23428324,-0.30933124,0.4700266,-0.0061216247,0.35795936,0.45587268,-0.42297095,-0.56977963,0.8160459,-0.21000224,0.5852535
rna|AMHR2,0.5911115,0.6618301,0.13147657,-0.09538928,-0.02967601,-0.29475927,0.11084919,-0.0120164985,0.030791912,0.12880567,-0.15470901,-0.3416484,0.1508979,0.082849,0.069448605
rna|AOPEP,0.47887167,0.25460377,0.2792989,0.30790767,0.33788025,0.1317144,0.2745362,-0.001463206,0.3149682,0.23467807,-0.17660275,0.017112898,0.3096252,-0.17258102,0.30093777
rna|DTNA,0.24292026,0.281812,-0.101810925,0.032192588,0.0031797122,0.25604132,0.37084144,0.32917997,0.06500687,-0.12975852,-0.352383,0.08176523,-0.041503187,-0.23028181,0.7165026
rna|RIBC2,0.09350843,0.055996057,0.51554066,0.1185223,-0.055342145,0.30061856,-0.023305653,0.040326625,0.3798153,-0.037665322,-0.2569468,-0.23701565,0.2593195,0.033797856,0.32675418
rna|MYBPC2,-0.14739512,0.071230575,0.07281413,-0.14409424,-0.049350027,-0.34346113,0.053440403,0.16847558,0.6864197,-0.028833171,0.31953058,-0.087679945,-0.17995778,0.018942064,0.31657135
rna|FTH1P12,-0.20370866,-0.29023838,0.21171103,-0.21152313,0.048408546,0.016596332,-0.15356967,-0.22696821,-0.4554269,0.4327351,0.06813848,-0.034825362,0.37701148,-0.039716136,0.20284113
rna|AGA,0.40072563,0.35972965,-0.37208822,0.14586718,0.5085396,0.2726947,0.45029366,0.4412111,-0.3246263,0.6587737,-0.1507183,0.2960601,-0.5928357,0.69268376,-0.80042285
rna|BFSP2,-0.5163367,-0.083914444,0.2486359,-0.14981197,0.2547549,-0.33002615,0.025274767,-0.120864615,0.19646837,-0.09380303,-0.43136853,-0.017068977,-0.31035322,0.23117739,0.014942423
rna|IQCG,-0.1550638,0.27499536,-0.19651149,-0.21222639,0.56210816,-0.116395995,0.31430972,-0.26572347,0.011306305,0.20060515,-0.43259317,-0.24127072,-0.16990912,0.5198417,-0.104423024
rna|PPP4R4,0.10992507,-0.11885969,0.36865428,0.057744756,-0.079419106,0.12447505,0.086064525,-0.16644786,-0.18752486,0.34590378,0.15958568,-0.0841574,-0.111087695,-0.00092652265,-0.28220686
rna|PCDH18,0.54781175,-0.19496417,-0.45732105,-0.40054634,0.2822058,-0.5767244,0.24910483,0.29867378,-0.26542675,0.7210536,-0.31674305,-0.14052388,0.29074976,0.21798226,-0.42005745
rna|PROC,0.066621445,0.65964025,-0.022453789,-0.0858978,0.32294184,-0.28735492,0.3261131,0.32139954,-0.13158698,0.11980488,-0.050267775,-0.32806063,-0.1453238,0.011819571,0.19655746
rna|NPAS4,0.19636825,0.025190987,-0.05168173,-0.14495961,0.021267194,0.08743168,0.1880682,0.32069442,0.28611785,0.12790023,-0.21855503,0.01839983,0.27334407,0.044541486,0.23665617
rna|LOC286367,-0.055447213,0.39808574,-0.072721876,-0.08909041,0.3845018,-0.40521887,-0.065603316,0.16096008,0.12206167,0.094077274,-0.572219,-0.28909877,-0.23186588,0.4072359,-0.3925953
rna|FSCN3,0.13740091,0.38131702,0.36020502,-0.06115562,0.086654924,0.30338883,-0.30444258,0.38410336,0.3361773,-0.19328746,-0.116271846,-0.32051796,0.33963528,0.015369634,0.05818301
rna|PTGER2,0.112370364,-0.077465944,-0.065230064,-0.084229335,0.44369945,0.58686596,0.34322944,0.2133495,-0.3897439,0.57533944,0.13880357,0.10515414,0.15242742,0.2763959,0.27683598
rna|MEOX2,0.32754552,0.27799135,-0.5612976,-0.50713354,0.41664833,-0.5659533,0.028236507,0.36515588,0.018687861,-0.1571824,-0.45560703,-0.26053965,-0.26232517,0.5073642,-0.3096502
rna|ZNF672,-0.43076083,0.35344636,0.059758727,-0.21812923,0.38516593,-0.33627358,0.18063883,-0.22896416,-0.08896838,0.3796285,-0.6010783,-0.5029052,-0.43236214,0.6563527,-0.016847128
rna|OR7E85BP,0.24715792,0.20726797,0.33677247,-0.1779376,-0.10733132,0.023712303,-0.51092696,0.35450324,0.22679096,-0.46876204,0.086992376,-0.80566007,0.39573938,-0.067402095,-0.08080031
rna|PPP2R2C,0.39449394,0.85613173,-0.100443006,-0.18793342,-0.31552094,-0.45233625,-0.2970511,-0.115917176,0.4929071,0.38617095,0.076363735,0.5185587,-0.26262945,0.048171822,0.49709412
rna|C2CD4D-AS1,-0.21030399,0.021514742,0.6940994,-0.14982736,0.39944813,-0.037100624,0.18507679,0.25408286,0.100550614,-0.012386718,0.32113674,0.22646648,0.030038057,-0.31050053,0.63311374
rna|CPA3,0.7444099,0.34162146,-0.35467738,-0.03181646,-0.42249382,-0.4076846,0.10125475,0.18756743,0.46737394,0.0063546463,-0.17725918,0.08157607,-0.028816752,-0.17533946,0.47230262
rna|RNF180,-0.21548913,-0.30104855,-0.14463678,0.1328351,-0.055069506,-0.45359698,0.15772897,0.40436915,-0.05270706,0.27834943,-0.09143245,0.21239378,-0.025760531,-0.24616131,0.08319437
rna|PNMA8B,0.38709828,0.3318061,0.34555376,-0.12900124,0.07329816,0.2576897,-0.05287956,0.49399525,0.21407196,-0.046339277,-0.34230545,-0.19377287,0.03928576,0.08275806,0.3120834
rna|TMEFF2,0.52288234,0.44055152,0.38912344,0.038054504,0.20417655,0.10064509,-0.29434693,0.25019953,0.37757164,-0.14310017,-0.17155993,-0.21253012,0.54140115,0.1984667,-0.061033584
rna|CD40LG,0.045252413,0.39602703,-0.6520376,-0.14695084,0.39072916,-0.6048309,0.041539505,0.39094943,-0.05650431,-0.4085648,-0.067716084,-0.06163106,-0.53562546,0.40628397,0.24280545
rna|PPIL6,0.2015056,0.41994464,0.06268144,0.032352656,-0.06599126,0.23208302,-0.231687,0.33632988,0.44349992,-0.14025216,-0.36025015,-0.2710883,0.14084494,0.06124511,0.084511966
rna|NPDC1,-0.006301829,-0.35899585,-0.16440651,-0.010463064,-0.07680368,0.5039458,0.27632558,-0.027541516,0.19565716,-0.20855717,0.062949695,0.48122233,-0.1370509,-0.45219526,0.811218
rna|PLAC9,0.5827828,-0.13081735,0.0033861697,-0.07368141,0.117633104,-0.23783329,0.54212606,-0.043709368,0.65748465,-0.13663772,-0.37051183,-0.05575854,0.20800935,-0.15758839,0.6900632
rna|SNORA71D,-0.021701558,-0.56984293,0.23132022,0.21813615,-0.6343306,-0.20261765,-0.14306676,-0.22474685,-0.020503683,-0.08296632,0.24272683,-0.29089037,0.15369722,-0.5754587,0.08568847
rna|MIR181B1,0.16689724,0.17092143,0.31427398,-0.04651941,-0.29149657,0.3491704,-0.5379186,0.3961757,0.2228003,-0.25974938,0.071147814,-0.5060974,0.29306442,-0.11069468,0.05638032
rna|FAM20C,0.2750241,-0.5309004,-0.026323587,0.16144665,0.103326,0.40045443,0.7307942,0.28674814,0.03218754,0.935281,0.116033606,0.095475316,0.66046095,-0.26472196,0.3676037
rna|FAM184B,0.0016316128,0.21957363,0.33797872,-0.04601488,0.5573816,0.14266665,0.10857582,-0.20464537,0.008601186,-0.2390304,-0.5941035,-0.26567584,0.041413087,0.18166499,0.07125464
rna|ATP8A2,0.030572314,0.23383027,0.14295267,-0.052931245,0.16304389,0.35309118,-0.20513032,0.48552722,0.14212774,-0.24386634,0.07475667,0.06028121,-0.08717339,0.18700461,0.6936948
rna|TFAP2C,0.5754874,0.26949456,0.17798541,-0.2252602,-0.19010635,-0.3209393,-0.0823408,-0.10024903,0.43782803,1.1124405,0.12565711,0.24498005,0.50804365,0.0040240474,0.230814
rna|NEUROD4,0.3479488,0.26762912,0.37603647,0.0986941,-0.1834396,0.49151522,-0.4753174,0.3614855,0.23111388,-0.14320135,-0.06892876,-0.38108447,0.321204,0.07331593,-0.022918364
rna|APOA1,0.07050059,0.53587717,-0.095653534,0.079116225,0.48410133,-0.03882516,0.41463557,-0.03543244,-0.0929846,-0.108075306,-0.1921572,-0.47302458,0.27508876,0.013180048,0.40050116
rna|CATIP,0.22638075,0.2572197,0.333,-0.07539261,-0.044757873,0.29186678,-0.14892028,0.36023095,0.45862836,-0.25143987,-0.03579362,-0.35021824,0.1391214,-0.04032345,0.07060978
rna|TTBK1,0.14746793,0.4603638,0.29124603,-0.17798853,0.20406364,0.11940737,-0.11917389,0.36613497,0.24587023,-0.21064503,-0.082242355,-0.47797918,0.48424953,0.061836272,0.1158695
rna|CPE,0.42864767,0.030236706,-0.5004118,-0.13791876,0.33318144,-0.4541009,0.21575764,0.42101786,-0.2757339,0.5937595,-0.50535214,-0.04984608,-0.23969655,0.52602255,-0.30703938
rna|ETFBKMT,0.31981194,0.42998028,0.31577387,-0.004795942,-0.0104522025,0.49254906,-0.11650955,0.26591533,0.33916023,-0.35339177,-0.022616126,-0.171638,0.2897796,-0.12606199,0.19544885
rna|KIF17,0.35136145,0.18878867,0.10778444,0.027561825,0.020000828,0.6447614,-0.00031232595,0.40796474,0.10480972,-0.1185571,0.21564136,0.1560797,0.10131239,-0.07973227,0.3588911
rna|DEFA5,0.26266602,0.2085954,0.34285095,0.1780786,-0.17249835,0.5986314,-0.34495702,0.47586665,0.3929255,-0.2835252,-0.03615969,-0.30617833,0.274472,0.10936088,0.17418185
rna|TTLL7,0.19258885,-0.015032319,-0.11809444,0.4619961,-0.03982445,0.5768706,0.21893609,-0.19215396,0.22859165,-0.19050793,-0.03427087,-0.06037165,-0.0034829397,0.08815116,0.10357306
rna|SNORA27,0.10645866,-0.6282873,0.107929476,0.2709896,-0.896521,-0.45100716,-0.3115392,-0.019218154,-0.060376897,-0.31671676,0.6849564,0.03346241,0.14758064,-0.6874655,-0.29461694
rna|GPR18,-0.36707294,0.19309434,-0.12978382,0.02852466,-0.07061294,0.14900696,-0.004376096,0.08389089,0.350124,-0.19648169,-0.17121512,0.3943114,-0.2202745,0.2475741,0.31107104
rna|SLC52A1,-0.10234348,0.417288,0.4653123,-0.22677094,0.28620452,-0.06666854,-0.04916428,0.08572525,0.21940899,-0.07695411,-0.22715642,-0.09906531,0.37113953,0.05822177,0.21720135
rna|OR6C1,0.39874265,0.22743392,0.4244839,-0.041374158,-0.13199583,0.25099695,-0.48608926,0.41666284,0.22791085,-0.29047933,-0.073053,-0.5890952,0.2636472,0.12473225,-0.0037125938
rna|EPHB6,0.19209553,0.40925962,-0.1585394,-0.36858547,0.5926746,-0.33458835,-0.049819045,0.087580726,0.4267488,-0.27838117,-0.09967402,-0.061532956,-0.044862315,0.21510679,0.91761464
rna|RHBDL1,-0.11196455,0.13019423,0.3042645,-0.23561732,0.3010891,-0.35329002,-0.09919216,-0.24178946,-0.08013251,-0.10540983,-0.22934794,-0.15974134,-0.043872833,0.15074775,-0.6375835
rna|NCR1,0.28731802,-0.036642775,0.14232963,-0.07094147,0.06489685,0.26020712,-0.018864343,0.11326587,-0.008513969,-0.3565133,0.19663401,-0.10797497,0.28739414,-0.06457206,0.5876642
rna|AXIN2,0.28770068,0.3180119,0.051481333,-0.31838402,0.38446173,-0.260581,0.42289096,0.03507622,0.23782837,0.035708707,-0.6540534,0.025584606,0.002918804,0.016714506,0.29724634
rna|PLAT,0.47073212,-0.41385314,-0.06279707,0.17298406,-0.06382299,-0.12380375,0.4753843,0.23065846,0.2812209,0.8598056,-0.3937913,0.0028739565,0.5339158,-0.25707015,0.30770034
rna|EFNB3,0.35049346,0.27847844,0.16576411,-0.061633382,0.19167098,-0.2796769,0.08687509,0.22583245,0.29373956,0.17030448,-0.618763,-0.43034303,0.27291486,0.22943525,0.19350635
rna|KCNH5,0.50264096,0.31030157,0.4737379,0.06779374,-0.03485408,0.35652062,-0.36026496,0.44345137,0.18989995,-0.2882021,-0.10577171,-0.42887014,0.34310928,0.1611747,0.12199657
rna|CD163L1,0.4755673,-0.17330094,-0.11970848,0.03740516,0.41913947,-0.32642588,0.38015336,-0.041047934,-0.1343685,-0.26859802,-0.15832953,0.2861309,-0.22687015,-0.29912436,0.30292287
rna|MFAP4,0.42993727,0.030448347,-0.45744634,-0.12597162,0.19562848,-0.6479303,0.5835099,0.49805915,0.32550624,0.05074361,-0.32877773,-0.19564588,-0.60075295,0.28442687,0.41708428
rna|PSAT1,-0.12792821,0.22318277,0.07604251,-0.12535255,0.28015772,0.07445962,0.41856638,-0.42750016,0.07010738,0.17809214,0.07794103,-0.09629705,-0.13749216,0.039907914,-0.4357644
rna|PTP4A3,0.3839139,-0.22327834,0.17989711,0.33770043,-0.043070696,0.37636504,0.087316856,-0.013237604,0.29130188,0.08645294,0.06000781,0.6330203,0.04942605,-0.28462884,0.37012318
rna|COL16A1,0.1293862,-0.56338805,-0.4382011,-0.30876368,-0.22761789,-1.0535688,0.2861549,0.39134395,0.2990106,0.3795595,-0.36360887,-0.6969538,0.38889918,-0.12500629,0.16253224
rna|HOXA9,-0.051880494,0.05965904,0.25302485,0.008023946,-0.001028166,0.11602782,-0.053917557,0.3362191,0.52510923,-0.16881923,-0.12116379,-0.11484455,0.23931532,-0.031528503,0.18282154
rna|CYP8B1,0.0049678828,0.56214005,0.22172852,0.18740861,-0.23253156,0.15413664,-0.060431357,0.45322752,-0.14952311,-0.19047701,0.007230708,-0.54975003,0.39704087,-0.46760836,0.14667007
rna|GUCY2C,-0.1003449,0.35248244,0.12572753,0.3758133,0.027122544,-0.028557556,-0.13834935,-0.26897585,0.053180475,-0.21609108,-0.4247868,0.039645504,-0.2804506,0.26221326,-0.09540692
rna|GLI2,0.25335556,-0.17625882,-0.16382606,0.17833717,-0.15563148,0.014298456,0.26879668,0.37277564,0.67367387,0.09894756,-0.47498602,0.17649254,0.34256178,-0.46212482,0.5698547
rna|SNX22,-0.44501093,0.12754719,0.18217285,-0.20308681,0.215694,-0.43724576,-0.17758271,0.36639562,0.414474,0.20070398,-0.49680087,0.10279196,0.13707842,0.05524318,0.1171451
rna|CXCL2,0.28786266,-0.079551734,-0.69164896,0.05269066,-0.2721479,-0.026552454,0.0049746507,0.0816927,-0.73263186,0.23106942,0.3069778,-0.109364845,0.124620125,-0.07554509,0.3765077
rna|LGR4,0.38824832,0.14630434,0.02100569,0.3956901,0.089173414,0.30287817,0.5472924,0.23253788,0.19726983,0.6415821,-0.22566588,0.38310522,0.028942583,-0.35502037,-0.035261735
rna|TOGARAM2,0.11150731,0.44229573,-0.23476367,-0.5933103,0.7022589,0.030106435,0.11572482,0.42326283,-0.1543656,0.25685692,-0.033284288,-0.10513365,-0.060732905,0.64362216,0.27182165
rna|FAM20A,-0.19687957,-0.1681543,-0.004894595,-0.12880479,0.14619651,0.14610824,0.46011448,-0.09536677,-0.16428037,0.5817251,-0.11629908,-0.24377799,0.36059514,-0.036127556,1.0187824
rna|TFCP2L1,0.04176339,0.24310185,0.27908054,-0.14968221,0.13124453,-0.1190528,0.038848724,-0.3609305,-0.0021948274,0.45776814,-0.33931884,-0.0060599158,0.13479027,0.25640416,0.03235038
rna|DGCR5,0.13064924,0.5129118,0.29824722,-0.07371449,0.11506122,0.12742308,-0.25998822,0.4119952,0.20141393,-0.39019105,-0.013527765,-0.23286724,0.4235486,-0.17336911,0.12301946
rna|DRP2,0.14973766,-0.017817637,0.41609758,0.3677719,-0.20827234,0.6016306,-0.06827164,0.27873403,0.20739648,-0.02248594,-0.118724845,-0.105051115,0.08846098,0.1013795,-0.03894963
rna|ST14,0.0888391,0.21552244,0.71691287,0.22949246,-0.21021974,0.36217514,-0.029965032,-0.27805403,0.12984833,0.17876308,-0.143511,0.38230538,-0.24973466,-0.19204079,-0.24889411
rna|FLJ45337,0.30827656,0.2868344,0.5349258,-0.22399187,-0.012867368,0.34778845,-0.47819245,0.27326867,0.21676828,-0.31072286,-0.07272105,-0.25040317,0.44047478,-0.11934479,-0.005245819
rna|TSGA13,0.28346312,0.07555497,0.43934524,0.14619662,-0.282219,0.4153295,-0.44556513,0.4493989,0.27945113,-0.26039743,0.08872935,-0.40695417,0.27433628,0.0508524,0.09259881
rna|TEKT4P2,0.36150098,0.24965541,-0.0147740245,0.20771997,0.019270655,0.3863725,-0.11112674,0.3990339,0.23141788,0.24744792,-0.08393908,0.20439452,0.088542804,-0.018066924,0.11833
rna|LONRF2,0.016533045,0.5287531,-0.04610479,-0.078914106,0.0948228,0.24509442,0.0933187,0.15028875,0.2982163,-0.23552184,-0.052065633,0.07060557,0.06514521,-0.15561733,0.29448998
rna|PKP2,0.2425048,0.5712808,-0.49791288,0.30723935,-0.21703044,-0.30959848,0.13754503,0.2088653,0.13767856,-0.29441935,-0.07805281,0.06366706,-0.6240088,-0.086062476,0.4358281
rna|CLN5,-0.0063218717,0.5197105,-0.3246653,-0.09703396,0.631073,0.052801233,0.39603508,0.4215744,-0.18405546,0.7754028,-0.5375832,0.0525844,-0.3816708,0.6562176,-0.2718578
rna|NKX2-5,0.37324035,0.15693083,0.36349985,-0.021230055,0.18376918,0.22705173,0.029452268,0.23172963,0.29121217,-0.2644656,0.0089913355,-0.32778272,0.3635629,-0.02722612,0.230566
rna|NXF3,0.0011474717,0.25906098,0.094205804,-0.11251126,0.11277169,-0.050944358,0.21872145,-0.0004481597,-0.12631348,0.17536736,-0.40805852,-0.30650985,0.50301504,-0.15778308,-0.015166603
rna|HLA-DPB2,-0.16684869,-0.036818758,0.27200508,0.21187913,0.17311734,-0.0985773,-0.27388135,0.07190751,-0.12139963,-0.06936232,-0.0016751864,0.15042642,-0.08115142,0.21857119,0.18470532
rna|DIP2C,-0.14162661,-0.028044177,0.124487795,-0.26172796,0.088718034,-0.08998618,0.09874956,0.24130024,0.26721066,-0.14214723,-0.54141504,0.37975603,0.118144475,-0.4967838,0.30259213
rna|SIGLEC6,0.4080592,0.3598122,-0.34478217,-0.11605153,-0.12812713,0.076105475,-0.1948967,-0.27177688,0.21938905,-0.3846105,0.08053278,0.24690397,-0.015708564,0.27983212,-0.0010513711
rna|ANO3,-0.009713453,0.09525882,-0.07021107,-0.31243864,0.2206062,-0.27360576,-0.08449033,0.41380176,0.07685124,-0.11005653,-0.17352375,-0.23578703,0.44352683,-0.038401105,0.15743946
rna|ZNRD2,-0.20684615,-0.41426647,0.33708292,0.3724501,0.01069495,0.46930355,0.5482257,-0.5925713,0.27591342,-0.08273039,0.0400504,0.3509004,-0.1084641,-0.25986886,0.46816817
rna|ABCA2,0.06603359,0.013762182,0.13662301,-0.11329582,0.14651369,0.11582166,-0.060984176,-0.17038418,0.21021563,-0.23552512,0.12601705,-0.11888512,0.37201816,-0.21075594,1.00104
rna|TNXB,0.71682256,0.15034488,0.28834927,0.071424104,-0.03850843,0.30138615,0.2099617,0.39223033,0.5259225,-0.25854266,-0.008764958,-0.011653524,0.13929528,-0.19934613,0.5009765
rna|KCNA1,0.28954786,0.25919637,0.36323628,-0.06512999,-0.08994999,0.25459146,-0.49484614,0.44832903,0.2986059,-0.28326356,-0.08762346,-0.43781126,0.2954333,0.080225036,-0.037441842
rna|CCL3L3,0.24990839,0.04674118,-0.05821814,-0.19707033,0.34700584,0.314086,0.06943702,0.12362634,-0.5221695,0.31794325,0.1243456,-0.01732814,0.17708206,0.26413095,0.15292875
rna|TMEM8B,0.08600845,0.5531311,-0.005048383,-0.22432157,0.88910115,-0.29041427,0.26164442,-0.11371178,0.099799976,0.17793742,-0.7404797,-0.3153354,-0.108126625,0.70240813,-0.019584663
rna|YPEL4,-0.028525537,0.044105764,0.07960665,-0.5648139,0.57361203,0.06894577,0.12745985,0.046483055,-0.15255944,0.41665378,-0.25188816,-0.28924653,0.51927185,0.2691302,0.42158905
rna|CIT,-0.15599921,-0.11183384,-0.20062849,-0.3231259,-0.07637073,-0.70946014,-0.1523957,-0.054569427,-0.15353292,0.14389603,0.44147965,-0.5440965,-0.08527139,0.34406978,-1.0730842
rna|TLE2,0.4700204,0.4874289,-0.3951165,-0.40796736,0.72212654,-0.21459043,0.29459518,0.08107257,0.31664124,-0.028810961,-0.352181,-0.28378642,0.35687917,0.124279104,0.6650178
rna|EPHA4,0.49025306,-0.29494002,-0.14635834,0.14216547,-0.30661425,0.015197919,-0.039715845,0.18780573,0.027513457,0.09334247,0.2618119,0.41745389,-0.11944896,-0.17868039,-0.07567727
rna|FAM83A-AS1,0.12016193,0.49091604,0.3336897,0.016902257,0.0052028205,0.2562362,-0.27489433,0.3540493,0.15119088,-0.28860685,-0.019643964,-0.5320657,0.44812384,-0.2882114,0.14159738
rna|APOBEC3H,-0.30337635,0.2621645,0.15953237,-0.24835563,0.5645661,0.090406105,-0.1263321,0.2010453,-0.21325347,0.4618848,-0.2812342,0.00015997366,-0.029896779,0.5849281,0.20989919
rna|BMP7,-0.08122556,0.016977714,-0.015365951,-0.16737945,-0.13599803,-0.53418446,-0.2614647,0.11117499,-0.012408689,0.03787363,0.049118653,-0.106317185,-0.12027492,-0.105421826,-0.40308627
rna|FCRL5,-0.3313913,0.082242,0.12082306,0.33935916,-0.2525492,-0.22884563,-0.081776634,-0.47893444,0.39575836,-0.13382153,0.0057919365,0.094649635,-0.07850112,0.21187088,0.1301529
rna|SH2D4A,0.4071709,0.47247216,-0.10763676,-0.23061493,0.19030543,-0.4207972,0.19255392,0.0586821,0.3634769,0.23475368,-0.3389176,-0.26959246,0.5114147,-0.3082913,0.45322308
rna|KLRC3,0.2576941,-0.0831927,0.31514028,-0.32256114,0.30939817,0.30487993,0.33345488,0.06673992,0.0253088,-0.010753174,0.33513075,0.15620682,0.09521693,-0.021557182,0.4522086
rna|FADS2,-0.09103579,0.059559897,0.21825066,0.08322574,0.020886183,0.30126774,0.19662528,0.025885042,0.5485653,0.18890597,-0.12881862,0.034319453,0.057263434,0.058524437,0.56270635
rna|ACY1,-0.10122936,0.058359988,0.31098533,0.60733753,0.051250976,0.7236469,0.7176696,-0.50554025,-0.1228945,0.28464514,-0.073348105,0.261915,-0.2940063,-0.12961191,0.24700944
rna|PCDHGB6,-0.2545168,-0.37797856,0.5404009,0.2860942,-0.11494887,-0.06454761,0.29182267,0.08903382,0.5607074,0.059391174,-0.45419607,0.4666178,0.17580037,-0.6082337,0.429023
rna|WNT11,0.39073113,0.14897586,0.040326532,0.31943533,-0.001031211,0.4381833,0.34390417,-0.2542472,0.12964906,-0.056184247,-0.12500167,-0.12093,0.035664506,0.17490749,0.31671315
rna|CSTA,0.05685499,0.47345006,-0.72124135,-0.05278971,-0.6699732,-0.71348053,-0.46468058,0.31482008,0.33360976,0.7560847,0.5132638,-0.059323315,-0.009668412,0.1240599,-0.2142576
rna|OR6B1,0.31796408,0.16721964,0.38254818,0.074407846,-0.27988234,0.34900692,-0.31064862,0.33922815,0.18901601,-0.18538013,-0.042414,-0.55324763,0.20811693,0.13295305,0.17627172
rna|MT3,0.101264656,0.39746818,0.1032861,-0.39194638,0.3858722,0.14619921,0.110839576,-0.06648602,0.030061552,0.2270719,-0.15832405,-0.30040413,0.16016108,0.4765228,0.3253932
rna|DACT1,0.25971878,-0.57339436,0.050472472,0.4171173,0.11789762,0.011657462,0.27724084,0.6671842,0.10781873,0.35321432,-0.40248626,0.29376537,0.31819713,-0.30108976,-0.14809991
rna|FMO2,0.40824354,0.2706921,-0.27247366,-0.2901329,0.51649356,0.025573466,0.21845533,0.26201484,0.07695026,-0.24498817,-0.15068649,-0.0067115775,0.014003801,0.24151753,0.5706157
rna|PANX3,0.36784455,0.39101854,0.3823778,0.09596292,-0.11264885,0.45982277,-0.34045658,0.31658626,0.14767641,-0.23856016,-0.13533026,-0.49478012,0.22668275,0.11887971,-0.0008825093
rna|MCTP2,-0.13237675,-0.13867742,0.22271624,0.3575924,-0.17053173,0.2652525,-0.16654487,0.33038262,-0.6494262,0.30343437,-0.13998267,0.6074071,-0.66607386,0.053508006,-0.27161232
rna|CYP1A2,-0.07080192,0.41037896,0.19261412,0.1802031,-0.06038954,-0.24281964,0.10891301,0.051800575,-0.23573372,-0.12831831,-0.039364427,-0.44625404,0.34662023,-0.5505796,-0.08714198
rna|LRAT,0.39466175,0.5397382,0.42418066,0.14426754,-0.121782504,0.36102417,-0.33831117,0.3201156,0.1348874,-0.07445586,0.027909005,-0.30383378,0.30428854,0.009285526,0.20932338
rna|FUT3,0.6447999,0.8041658,0.3366207,-0.15929995,-0.12010205,-0.2585254,-0.61443233,-0.080222644,0.22896037,0.29117593,0.20475484,0.09926111,0.44320884,-0.1980487,0.19017735
rna|ADCK5,-0.4076946,-0.10098228,0.23934633,-0.08297368,0.25500953,-0.100240104,0.068613045,-0.52384174,0.11693548,0.0100791985,-0.74064666,-0.0666315,-0.1718703,0.07009062,0.5502547
rna|H2AB2,-0.10668969,-0.16726929,0.14944944,0.3714693,-0.10742757,0.17228022,0.12855661,-0.38025925,0.4438768,-0.055722784,-0.061501656,-0.061263796,0.29980507,0.045934048,0.34830812
rna|POU2F1,-0.43683207,0.23076954,0.38101822,-0.21337134,0.300545,-0.19705737,0.0714637,-0.37465483,0.23870766,0.10131609,-0.76753414,-0.22795466,-0.1336371,0.37890968,0.19309779
rna|CPTP,-0.12602662,0.31663963,0.084488,-0.26576504,0.5068014,-0.07471688,0.48475662,-0.5154349,0.020187147,0.11183778,-0.54773957,-0.3976112,0.02697231,0.44742858,0.13341916
rna|ALDH2,-0.2940964,-0.14111426,0.030092042,-0.13718835,0.022512142,-0.44017124,0.17699812,0.5200159,-0.3303808,0.94910693,0.08206045,-0.039266206,-0.00832678,0.017753286,-0.032609664
rna|RPS21,-0.09165467,-0.32432967,0.23331301,0.5142835,-0.022426248,0.6492155,0.33138674,-0.6558411,0.21840575,-0.14146799,-0.12723419,0.36727297,0.10352655,-0.11529069,0.27720314
rna|DDIT4L,0.5330366,0.13418965,0.1164012,-0.29229265,0.2763126,0.095213205,0.116194025,0.0072227414,0.2413181,0.05609633,-0.2580201,-0.10081639,0.32153884,0.011552808,0.3524963
rna|CXCR2,0.28549752,0.082118794,-0.13228293,0.07355142,-0.3604085,0.15589584,-0.29237607,-0.07088104,0.094280995,0.08119223,-0.13117425,0.2730149,0.5622505,-0.4008671,0.66203666
rna|ENKUR,0.4234946,0.21908988,0.40087262,0.21817811,-0.22243649,0.3873326,-0.3700006,0.45927516,0.29939947,-0.19677754,-0.17339718,-0.42011103,0.3352321,0.037604902,0.15904069
rna|C11ORF21,0.09981984,0.15834613,-0.006760063,0.036492854,0.45366833,0.37685728,0.096097395,0.0884136,0.17421271,-0.040889252,0.09036899,0.5085936,0.0019466841,-0.0469705,0.65230346
rna|CTXN1,0.4815817,-0.09841245,-0.48193714,-0.022428382,-0.089204565,-0.063761756,0.28216517,-0.20846815,0.16418406,0.1418804,0.2899114,-0.13926835,0.17034797,0.04065898,-0.3546776
rna|CELA2A,0.34834805,0.15629216,0.319325,0.13376246,-0.18009166,0.44228756,-0.3201583,0.4992394,0.16206059,-0.20973185,0.14190611,-0.28317246,0.41446787,0.11043141,0.117903806
rna|CCDC110,-0.017638685,0.015552078,0.46343505,-0.19616464,0.1220444,-0.13899428,-0.05572845,-0.13865417,-0.007414798,0.12081172,-0.16506134,0.0033207939,-0.0029266784,-0.14425032,-0.6021406
rna|GABRB1,0.15322836,0.336331,0.43493122,-0.02479022,-0.17707175,0.13956493,-0.42818227,0.27868217,0.23898715,-0.20948824,-0.21439548,-0.6620753,0.24713135,0.023990609,0.2743592
rna|IFI27,0.2366707,-0.3259553,0.29771328,-0.446621,0.4148379,-0.061659515,0.5210762,-0.01230166,-0.1293288,0.6056759,0.039051376,-0.079575896,0.3719925,0.017412733,0.47921386
rna|SOX17,0.5359359,-0.007885174,0.15787098,0.18628193,0.12274568,0.4357831,0.1428359,0.32499224,0.1737174,-0.06532951,-0.46824935,0.20998947,0.45731512,-0.16973032,0.28745568
rna|SCD5,0.10286301,-0.03494128,-0.102355696,0.40507185,-0.2114998,0.62190187,0.37224457,0.3235455,0.57862866,0.21196772,-0.514636,0.114705205,0.07051867,-0.01902869,0.0043399674
rna|MMRN1,0.53542674,0.46418613,-0.27530873,-0.10441563,0.024159396,0.021169128,0.17424758,0.2807168,0.13485071,-0.34701264,-0.11594652,0.14350125,-0.5217111,0.053305585,0.35193726
rna|TNF,-0.4842382,0.05318342,-0.5919541,-0.09766881,-0.5798079,-0.67506516,-0.47481707,-0.12287153,-0.16232897,0.23923147,0.039067313,-0.41567293,-0.16193199,0.48988044,-0.056305848
rna|PON1,0.22933862,0.598797,0.25382802,0.08333039,0.0070117633,0.10820281,-0.16298726,0.4370329,0.082609884,-0.29753852,-0.063469656,-0.8809579,0.35618067,-0.32590964,0.13540868
rna|HP,0.07840038,0.30688235,-0.40572596,0.3203343,-0.013967383,-0.120860934,0.48925146,0.069408,0.010372035,-0.50058794,0.25300294,-0.5708715,0.30793974,-0.56719446,0.47684035
rna|GEMIN8,-0.030926878,0.26925793,-0.023931634,0.23927774,0.21845144,0.15698338,0.21553124,-0.01375602,-0.057769686,0.20472042,-0.31187811,0.12958817,-0.14681387,0.115436755,-0.30755275
rna|HOXC8,-0.08035769,-0.057785932,-0.2829073,-0.22994919,0.3390729,0.23643811,0.42986444,0.27245617,0.2672374,-0.06927447,-0.47600645,0.057787064,-0.15385619,0.1370975,-0.035756227
rna|HIC1,-0.11436363,-0.19686697,-0.046065573,0.019310903,0.013814296,0.16486064,0.14433502,-0.11284422,0.2904332,-0.22561572,-0.18222463,-0.25887132,0.3595792,-0.23137525,0.9588976
rna|MIR34A,0.21418056,0.35541725,0.17090936,0.06483193,0.07485355,0.2761833,-0.036332313,0.26257402,0.33238485,0.0813698,-0.06870248,-0.2625495,0.31961352,0.17273249,0.3431437
rna|DGKG,-0.21647987,-0.11129568,0.06174591,0.25798222,-0.10574675,0.1252017,0.03101373,-0.37293273,0.10126551,0.10284511,-0.19378597,-0.18371096,0.22450681,0.25387117,0.33929616
rna|SNORD45A,-0.07883298,-0.5031934,-0.4601762,0.019293455,-0.5450303,-0.563811,-0.41052228,0.012703375,-0.36507782,-0.3781639,0.6644306,0.22264531,-0.2046476,-0.2562238,-0.25566226
rna|FRAS1,0.17460479,-0.3231758,-0.25491488,0.25289845,-0.38759586,-0.14006574,0.31188592,0.30512613,0.21229436,-0.22558089,-0.19245794,-0.1794852,0.1755217,-0.37086943,0.24993588
rna|EPS15,-0.17955482,0.088968486,-0.20592794,-0.25222364,0.24886413,-0.7667106,-0.07064396,0.19949551,-0.4699024,0.2656063,-0.21784796,-0.29567045,-0.42135668,0.53927815,-0.71035224
rna|TALDO1,-0.31491196,0.08289548,-0.117722146,-0.14514413,0.2860986,0.04283491,0.39768204,-0.38205484,-0.09667495,0.5044483,-0.27582842,-0.21287802,0.11536652,0.49657065,0.29705572
rna|RNPC3,0.089018025,0.33286166,-0.458698,-0.27903596,0.38890752,-0.5425885,-0.08936386,0.26455435,-0.3853677,0.2410093,-0.087310895,-0.3530253,-0.4354677,0.6985518,-0.8990332
rna|ARMH1,0.07405683,0.48097682,0.037384972,-0.2158762,0.6146666,-0.16927853,0.046764933,-0.12968662,0.030378312,-0.0902219,-0.16971199,0.21816121,-0.31420085,0.4669941,0.34494585
rna|INA,-0.06223918,0.18372566,0.31753585,-0.19967932,0.07892297,0.24183545,-0.23783706,0.2617008,0.19983125,-0.070871525,-0.21728417,-0.21061285,0.09467297,0.03392301,0.08002841
rna|C12ORF77,-0.46460575,-0.13794301,0.6362291,-0.19045965,-0.11516942,-0.17204621,-0.023184784,0.09707859,0.26432866,0.13170715,-0.23413712,0.33396417,-0.22488065,-0.105807096,-0.3368921
rna|IL1B,0.30850843,0.082302,-0.6514872,0.19080015,-0.32899427,0.38552305,-0.15673257,0.16135024,-0.08876679,0.5162243,0.3049297,0.11295023,0.23205534,0.108269535,0.62676764
rna|MIR1203,0.35772306,0.2030698,0.24888745,0.08171891,0.3967591,0.3169164,0.053407922,0.17165862,-0.22128345,-0.14928776,-0.14689526,0.5052048,-0.107200265,0.25129217,0.659126
rna|PADI4,0.29218966,0.4519048,-0.58831006,-0.2384737,0.18914545,-0.4146464,-0.25615454,0.32991436,-0.33908463,-0.17663054,0.16809593,-0.08131947,0.14738947,0.014139894,0.18230963
rna|CLIP4,0.15524696,0.051186487,-0.1861396,-0.12654978,0.34565085,0.36695656,0.39459562,0.2713374,-0.21071278,0.49139717,-0.10746196,0.7886115,-0.341838,0.15668596,0.0019510665
rna|AZIN2,0.071638025,-0.34505856,-0.23209207,-0.058294695,0.19853869,-0.5650031,0.08560721,0.5505873,0.11080744,0.65560627,-0.7482703,0.010064771,0.09388959,0.23800278,-0.14154184
rna|CHORDC1,-0.0944906,-0.4011284,-0.51787144,-0.22941509,-0.3273487,-0.6907682,-0.37842932,0.029429303,-0.50361615,-0.06503075,0.56121314,-0.24193485,-0.21656397,0.112308405,-0.8006628
rna|WFIKKN2,0.34081948,0.13509159,0.29931885,0.14090201,-0.42832258,0.31602257,-0.56151676,0.45662412,0.1339251,-0.27055097,0.038413938,-0.5303725,0.17527296,0.080635734,0.119806774
rna|RAB6B,0.010958252,0.29983667,0.022911934,0.15541758,-0.35742268,0.19385244,-0.31902984,0.32787758,0.42475697,-0.20721479,-0.076481275,-0.23446275,-0.16231874,0.22304869,0.14076246
rna|LRFN5,0.106841125,0.10711346,0.46542197,-0.013095393,-0.136927,0.12474673,-0.13059913,0.28316912,0.18276858,0.23032708,-0.5111043,-0.26868752,0.21571575,0.04093283,0.14325629
rna|DENND3,-0.4137806,-0.069925554,-0.118333004,0.11741592,-0.12074317,0.09931185,-0.029032778,0.39031357,0.2323339,0.53712827,-0.6097202,0.10516823,-0.030493665,-0.02558278,0.19652188
rna|MCM2,-0.3739917,0.18304388,0.3340212,-0.08442944,0.23935546,0.42541146,0.27006066,-0.74438673,0.2585416,0.208837,-0.4248195,0.02923589,-0.37004817,0.6073677,-0.47445455
rna|GCAT,-0.2030956,0.33252114,0.31071642,0.18662445,0.22324002,0.41910484,0.3741865,-0.35420012,0.07627878,0.2857267,-0.2518382,-0.05315713,0.20630762,0.053360615,0.008774225
rna|OR2A42,0.40591875,0.20469117,0.23832858,-0.01865574,-0.07654306,0.39676195,-0.28680414,0.58568805,0.29905254,-0.29939908,-0.00877954,-0.37480673,0.33132064,-0.15715417,0.031263415
rna|KRT77,0.26349008,0.29348925,0.52254665,-0.13653964,-0.3103742,0.12084761,-0.33927915,0.1104229,0.41010225,-0.15919423,0.0013878349,-0.4348157,0.27047208,-0.07389161,0.22384296
rna|RTL9,0.21288605,0.20785369,0.43420395,0.16715647,-0.24027736,0.31554398,-0.17582144,0.35421884,0.10435298,-0.20312394,-0.102105565,-0.374297,0.32222483,0.2139529,0.19958957
rna|SEMA6D,0.49723607,-0.030041493,0.0269469,0.15819608,-0.14882071,0.38320568,0.05192139,0.4091675,0.4594724,-0.264924,-0.019852329,0.04620158,0.34271628,-0.2579508,0.24128611
rna|LOC653980,-0.3268199,-0.15716654,0.24394543,-0.19595125,-0.072453566,-0.6248069,-0.27367473,0.18647113,-0.07192726,-0.42844635,-0.25324088,0.09428253,-0.4411904,-0.16140495,-0.22137333
rna|ZDHHC19,0.09486941,0.20704558,-0.4000193,0.08805284,0.013897741,0.010347988,-0.06066601,0.42569986,-0.047006637,0.012204666,0.021143181,-0.30407622,0.43786436,-0.100282654,0.7268777
rna|HS3ST1,-0.07954613,0.36495388,-0.5080342,-0.03125341,0.12691496,-0.28601047,0.09053403,0.09301951,0.32363594,0.27483526,-0.56097156,-0.10107514,-0.11482779,0.32548228,-0.20926124
rna|OLIG3,0.2315003,0.24113856,0.38966995,0.09541039,-0.19273375,0.38962868,-0.4388172,0.39884686,0.17501041,-0.33033842,-0.006277011,-0.41848376,0.32058296,-0.089927256,0.07746709
rna|UBQLNL,0.26398665,0.26895872,-0.040185202,0.02150306,0.032652073,0.35717,-0.36201683,0.5676119,0.03093729,-0.39624655,-0.10729984,-0.14050902,-0.13813917,0.31161407,0.24827623
rna|MS4A12,-0.03672498,0.3198096,0.6243087,-0.13885438,-0.016440453,0.2372738,-0.24116395,0.33970004,0.16728157,-0.014773934,-0.20120946,-0.18470843,0.34902078,0.026644735,-0.09657748
rna|CELSR1,0.023361662,0.42751154,0.19167256,0.12322555,0.18984959,0.21947108,-0.13598804,-0.00024365411,0.31668326,-0.14058563,-0.23558138,0.4928945,-0.050268672,-0.16989918,0.24864319
rna|PIGZ,0.031157253,0.30719543,0.08450948,0.36700916,-0.23259935,0.25530443,-0.22550209,0.37356853,0.30025277,-0.09223598,-0.13847876,0.06595096,-0.0023161578,-0.14721496,0.16852586
rna|TP53TG3D,0.17936249,-0.2095564,-0.2526554,-0.38600194,0.13282996,-0.42687726,-0.26777503,0.31034237,0.2270966,-0.28391182,0.2416778,-0.19460738,0.51827055,-0.040625624,0.03552688
rna|LOC440558,0.21906306,0.15273842,0.37263113,-0.022748666,0.08485516,0.2826731,-0.20164973,0.32320395,0.28464115,-0.26478276,-0.26856577,-0.45415634,0.5211457,0.021400495,0.1480696
rna|TFR2,0.002060738,0.5852227,0.29275647,0.43982026,-0.06467995,0.559367,0.02453984,0.05089891,-0.218214,0.23831251,-0.09443171,-0.11483324,0.0032255184,-0.14739873,0.08707638
rna|UGT2B11,0.36321837,0.47938466,0.35034376,0.12267327,-0.10168464,0.26196343,-0.27822554,0.47059947,-0.08711975,-0.13193646,-0.05859485,-0.53203624,0.33722073,-0.18450476,-0.011743034
rna|SLC26A8,0.29276985,0.2666898,0.3038609,0.069361225,-0.075986646,0.37945288,-0.40822414,0.42614523,0.29206836,-0.33564323,0.10396798,-0.37421867,0.4932199,-0.1446067,0.13038175
rna|ZNF85,0.098370634,-0.038916267,-0.39840516,-0.15432283,0.018817455,-0.47331658,-0.22102848,0.3593059,-0.10390366,0.2368967,0.38362458,0.04328637,-0.44736567,0.2895152,-0.9484985
rna|GATA3,0.1897808,0.40418252,-0.06657164,-0.37935695,0.83657664,0.06268733,0.11134442,0.32390365,0.15827815,0.16269633,-0.20905828,0.20873368,0.051230863,0.41982087,0.5600965
rna|POM121L10P,0.2096165,0.398564,0.44301823,-0.11392904,-0.029074114,0.17863369,-0.2661587,0.216334,0.23523806,-0.21846388,-0.14140733,-0.49129555,0.34981683,-0.12524413,-0.0051577687
rna|CDRT4,-0.059082158,0.22693142,-0.26888472,-0.34721342,0.53765565,-0.44149652,0.29101402,0.23842695,0.032537885,0.15171683,-0.26489335,-0.5234851,-0.21902707,0.44201276,0.49404168
rna|GBX2,0.15315202,0.20827189,0.4517431,-0.060909104,-0.07453952,0.4154047,-0.30133644,0.30928347,0.30466703,-0.3651645,-0.114163615,-0.41739416,0.4029563,-0.07819462,0.21257038
rna|MTARC1,-0.15235563,0.042720944,-0.18882208,0.07445005,-0.20080522,-0.56302017,-0.03829958,0.13916399,0.0039212517,-0.3526321,-0.1514705,-0.49655962,0.13200544,-0.4268531,0.3412066
rna|PKMYT1,-0.26990965,-0.36915335,0.52634203,0.3826784,-0.33126664,0.61172557,0.3123366,-0.8469621,0.5346418,0.022890434,-0.026196629,0.18796685,0.057047404,-0.10979266,0.1717585
rna|TM4SF4,0.1763448,0.6184332,0.02941912,-0.12814617,0.021086706,-0.02192163,0.23392981,0.26206693,-0.08846484,-0.13075286,-0.026660308,-0.40956876,0.27390927,-0.4984827,0.2980116
rna|ERN2,0.41000193,0.5185063,0.27748597,0.037156634,0.020661255,-0.101968475,-0.17605123,-0.1558192,0.15225758,0.14105324,-0.155287,-0.063235395,0.07682662,0.0015095382,0.021826895
rna|ABCA6,-0.23213187,0.22067325,0.1060478,0.34131742,0.04342063,-0.19551918,0.29038692,0.22182965,0.13600075,0.24705721,-0.49193645,0.28463328,-0.39111426,0.100019544,-0.12624784
rna|ZNF528,0.24552822,0.2392557,0.21906002,-0.028794356,0.2784507,0.27516964,-0.15740106,0.30634055,0.12220688,-0.21528359,-0.33818018,0.0856356,0.18748073,-0.1584811,0.30553013
rna|DLX1,0.33071005,0.20468046,0.43271825,-0.035127234,-0.10037225,0.18166506,-0.29348493,0.120657,0.38279805,-0.24217418,-0.1308828,-0.2553281,0.5315454,-0.03901192,0.22252421
rna|CLRN2,0.3011082,0.26092076,0.45159474,0.05945001,-0.20959352,0.43297198,-0.383659,0.3970657,0.2848229,-0.20474161,-0.011683287,-0.38208678,0.39960802,0.015497091,0.08545601
rna|TENT5C,0.3656558,0.34987688,-0.62572765,-0.21486503,0.3923774,-0.39878234,-0.017386973,-0.33990234,-0.12409907,-0.18162894,0.18048963,-0.44823122,-0.061765175,0.46198297,0.12049521
rna|DYDC2,0.39533076,0.32016012,0.6247406,0.08844587,-0.035362784,0.21438043,-0.013797486,0.22865011,0.30347648,-0.17814048,-0.088720806,-0.12932435,0.32164654,-0.2721219,0.12508258
rna|OR14J1,0.3364415,0.30037516,0.42045,0.21681283,-0.2984728,0.4247719,-0.3192982,0.37226167,0.09192009,-0.11936769,-0.14406024,-0.38969338,0.11954511,0.13357605,0.072395615
rna|MMP19,0.09058066,-0.31772983,0.070856184,0.20058529,-0.07274774,0.2031143,0.36657608,0.0034508908,0.381833,0.20947446,-0.28267494,-0.12637153,0.6319944,-0.30128115,0.5086138
rna|RCAN2,0.120216236,-0.12477863,-0.20484821,-0.40806693,0.050656166,-0.6515495,0.15041597,0.26725543,-0.07112311,0.44102275,-0.116089284,-0.27637908,0.10977219,0.12881583,0.20743881
rna|CD8B,0.36923796,0.03129435,0.31242037,-0.11060163,0.2906962,0.41561353,0.10396991,0.26473773,0.18394694,-0.24579035,0.25558102,0.048484247,0.0017120375,0.09302111,0.7826336
rna|AP2A2,-0.030799095,-0.07388924,0.16739629,0.07248183,0.0439538,0.17528236,0.23021168,-0.25343266,0.3111843,-0.210211,-0.22843537,0.025407042,-0.03561272,-0.29423237,0.5137953
rna|GBP3,0.046318453,-0.18154848,-0.5731792,-0.5354892,0.10799149,-0.7584036,-0.3867765,0.3069528,-0.7204365,0.09557464,0.5686414,-0.40638727,0.20048805,0.25284195,-0.2731058
rna|CASS4,0.23127061,-0.026773473,0.10829613,0.1560641,-0.24439739,0.70559585,0.012952474,0.22235425,0.1075886,-0.14164776,0.11860204,0.06711394,0.085034736,-0.13698883,0.7061727
rna|NRG3,0.0705646,-0.0046223155,0.15580563,0.09671897,0.062362798,0.083102435,0.0019546326,0.5149132,0.23187228,-0.11605264,-0.10064316,-0.2379605,0.47779584,-0.18064357,0.13941249
rna|SNORD114-3,0.43280923,-0.66596246,-0.01971965,0.1136455,-0.3625687,-0.38000658,0.30537194,0.19420211,0.0297505,0.33082926,-0.2403281,0.22350997,0.48888975,-0.6750773,0.16444185
rna|SDK2,0.18805102,0.4938369,-0.15040876,-0.13590024,0.21255645,-0.06103269,-0.21977171,0.33340523,0.38755563,-0.22508577,0.03789684,-0.00992633,-0.024926016,0.040618643,0.60871077
rna|SFTPD,0.47422364,0.46185127,0.28036988,-0.1747124,0.025143228,-0.11132668,-0.18765089,0.30621624,0.28931132,-0.060531717,-0.12709588,-0.23749328,0.40846327,-0.05910475,0.40774184
rna|ARHGAP44,-0.047507286,0.19197519,0.23178239,0.094940625,0.17935929,0.04712394,0.21070386,-0.08600078,0.0053396127,0.22550172,-0.34046623,-0.07830302,-0.24334756,0.40846372,-0.30574808
rna|EPHX3,0.60828114,0.8044708,0.16238229,-0.12203398,-0.17092064,-0.12986733,-0.1524405,-0.10824028,0.5924128,0.44712445,-0.011723265,0.3606633,0.09996134,0.047583528,0.3068153
rna|PITPNM2,0.2749916,0.4361832,0.20899537,0.048857804,0.35003713,0.14360687,0.072820015,-0.45589137,-0.13693818,-0.27147156,0.02093341,-0.038198795,0.18258424,-0.10681565,0.32126805
rna|FZD3,0.4733804,0.27891636,0.08022247,0.32415438,0.062983386,0.8804678,0.2424313,-0.115306005,0.18025552,-0.20575038,-0.018712228,0.36617917,-0.15002517,-0.006647523,0.10866323
rna|COX6B2,0.35903427,0.2713728,0.10182309,-0.482905,-0.14268684,-0.6507319,-0.26546738,-0.019774843,0.14105253,0.34601313,0.30914658,0.06265126,0.42573032,-0.15716839,0.19283158
rna|SLC11A1,0.26542068,-0.21252373,-0.24219176,-0.13558698,-0.062361743,0.13387088,-0.25096586,-0.099071145,-0.50425786,0.7222533,-0.13071606,-0.25291368,0.72620237,0.055544782,0.31134072
rna|ASIP,0.24326417,0.36876404,0.060533814,-0.3137523,0.40335527,-0.096509025,0.49607223,0.07721091,0.20327288,0.32069767,-0.31334683,-0.1404344,0.3229812,0.22057775,0.30249003
rna|DNAI1,0.04761349,0.11694643,0.49267176,0.021645205,-0.061245814,0.105636254,-0.2609362,0.23526405,0.12594913,-0.05521635,-0.17339456,-0.16853212,0.25283733,-0.16448447,0.16766769
rna|RASIP1,0.27535194,0.2982491,-0.26435202,-0.37103397,0.27966946,-0.28142124,0.46421662,-0.11877992,0.47574773,0.020483147,-0.47886395,-0.5837804,0.32862577,0.13262774,0.5475012
rna|MAPT,0.44644192,0.28152004,0.176885,0.119346485,-0.12332232,0.40353146,-0.22768685,0.41577336,0.34434596,-0.4485662,0.116527736,-0.2743386,0.24908939,-0.13190015,0.10318398
rna|CD27,-0.112169735,0.24491905,0.16660716,-0.7911082,0.67448246,-0.6754312,-0.22490576,-0.05111435,-0.08661745,-0.27979743,-0.129778,-0.46845344,-0.15482162,0.44634092,0.10249969
rna|SLC22A12,0.30434906,0.24354076,0.48099956,-0.06107462,-0.15223226,0.39541537,-0.43095312,0.39499032,0.337512,-0.2831763,0.14428581,-0.32363,0.3523676,-0.09640405,0.08394221
rna|TAMALIN,0.3607255,-0.27266032,0.15517534,0.26627722,-0.5799829,0.46624848,-0.14741355,0.48484254,0.2485133,-0.19073884,0.11672014,0.09716203,-0.033090077,-0.24609189,0.2855779
rna|CD226,0.19087593,0.18704721,-0.67799217,-0.19706295,0.5177438,-0.1453902,0.13145617,0.44125006,0.056999326,0.001430289,0.43334976,0.13270599,-0.2523424,0.40115154,0.04599155
rna|AQP10,0.40998054,0.4159942,-0.099059306,-0.11851687,0.16234085,0.047052708,-0.15559405,0.09839189,0.35419378,-0.13072525,-0.22139044,-0.2801115,0.25048736,0.1977247,0.5703461
rna|DIPK1B,0.31516823,0.5212476,-0.23336373,-0.2655527,0.57930964,-0.125155,0.33315727,0.10824519,0.5229018,0.19282785,-0.4039366,-0.15627225,0.19232936,0.06934803,0.11120954
rna|ZSCAN16,-0.29976583,0.5848525,0.19764002,-0.11529741,0.5622063,-0.12650445,0.0864417,0.03622177,-0.24033754,0.39252704,-0.68434817,-0.00010351883,-0.2487135,0.48050147,-0.24021922
rna|TACC2,0.6379511,0.3087828,-0.2124049,-0.16270646,0.13111944,-0.42368445,0.3834609,-0.13355602,0.5129421,0.6894578,-0.13476446,0.22484198,0.66816187,-0.24194226,0.20344391
rna|TNNC2,0.5055422,0.19639021,0.28422454,-0.07659313,-0.06003029,-0.12160347,-0.3416204,0.24294898,0.26785192,-0.0744283,-0.022672517,-0.15649426,0.46725157,-0.0320858,0.084865324
rna|KLHL40,0.28721815,0.32677618,0.49561828,0.07633554,-0.14773086,0.2763006,-0.18195054,0.38718337,0.2978678,-0.047965273,-0.12755495,-0.35569125,0.3089091,0.152437,-0.00092932285
rna|DSG3,0.83348304,0.74432814,0.52863497,-0.066529125,-0.42040667,-0.39369,-0.42987585,-0.37592137,0.3258659,0.6400582,0.48949018,0.51815414,0.056333654,-0.15383528,0.2566115
rna|OLFM4,0.22274718,0.3302812,-0.7308991,-0.039618336,-0.38815224,-0.42712784,-0.35063538,0.22839084,0.018050075,-0.35131,0.36735243,-0.38773102,0.28122863,-0.47655818,0.124709785
rna|ASPM,-0.117330916,0.12995888,-0.22859041,-0.14421621,0.061375625,-0.30592874,-0.16731058,-0.17653896,-0.31511617,0.37515604,0.12225453,-0.28505108,-0.3119188,0.5433003,-1.1458197
rna|ELFN2,0.48607415,0.2558892,0.30280617,0.0040621343,0.17820236,0.3517833,-0.23837252,0.1056963,0.16687407,-0.27539283,-0.060978618,-0.34607768,0.3860094,0.0025677963,-0.048487127
rna|PSORS1C1,0.13247418,0.26824656,0.3042479,0.24070099,-0.092415966,0.21223326,-0.21521059,0.2318546,0.19571571,-0.06884972,-0.17620824,-0.16964467,0.15202954,0.08348917,0.075008176
rna|WDR17,0.16421546,0.18611129,0.33311996,0.13259558,-0.10692998,0.4783463,-0.1787695,-0.16745064,0.2013614,-0.41157356,-0.09837085,-0.17362542,0.24207926,-0.18099481,0.069361575
rna|RDH13,0.06455299,0.44784835,0.22524466,-0.258661,0.6368025,-0.12854478,0.3777036,-0.47449192,0.24547322,0.13801017,-0.6849953,-0.42996925,0.037737425,0.394639,0.19689222
rna|SRP9,-0.12566456,-0.13744721,-0.30204996,-0.18435615,-0.14809813,-0.6888747,-0.19969721,0.069687925,-0.59457636,0.084062226,0.34152266,-0.19174652,-0.34777537,0.25985274,-0.96098715
rna|SERHL2,-0.1656595,0.100983456,0.24049279,0.090490915,-0.16255046,-0.02309707,-0.14706549,-0.0011818641,-0.11984875,-0.0401743,-0.020822607,0.23768991,-0.47043046,0.11677913,-0.1353934
rna|TUBB3,0.02873876,-0.26014367,0.1635174,-0.16104288,0.034526747,0.22420214,0.27566206,0.004649663,0.19579431,0.58330446,-0.26764688,0.054448217,0.18626106,-0.065962195,-0.3702039
rna|HEATR6,-0.07837099,0.40520057,-0.23917502,0.03417588,0.7686146,0.057946444,0.3431197,-0.266897,0.052593533,0.37968475,-0.4450517,-0.06798193,-0.19291072,0.5554653,0.06451055
rna|TRPM6,0.38024807,0.21395242,-0.20211247,-0.14405176,0.29905766,-0.13987994,0.26044455,-0.38977584,0.16288821,0.0006781102,-0.30320218,-0.26446208,0.30128604,0.35838857,0.06040939
rna|FGF22,0.30434218,0.2355984,0.47443777,0.24771109,0.09789957,0.40155584,0.015259547,0.39658433,0.2548735,0.046602424,0.07626517,-0.2847513,0.17828013,0.14428823,-0.095357455
rna|SCARB2,0.20118088,0.12480077,-0.34837332,-0.16031006,0.4908639,0.10119577,0.6560301,0.13101912,-0.26714194,0.76604766,-0.113991074,-0.19299094,-0.10200272,0.4379272,-0.07246446
rna|NPAS1,-0.120317414,0.16752206,0.24148495,0.38734686,-0.30068484,0.07392917,0.2595086,-0.1847569,0.2592833,-0.12877245,-0.17797898,-0.053167295,-0.02588977,-0.12099683,-0.26460528
rna|FNTB,0.01490551,0.46574068,-0.09183468,-0.12972651,0.62186813,-0.1655308,0.32378516,-0.23605119,-0.11291525,0.5820913,-0.6847137,-0.38267034,-0.027660564,0.62552106,-0.0076253056
rna|FAM183BP,0.119969726,0.5755626,0.12849705,0.21726476,0.3450446,0.55383193,-0.1466178,0.1916386,0.16922215,-0.073734455,-0.28417298,0.17830914,0.06466522,0.23764364,0.24629104
rna|TRIP13,-0.08806,0.059625816,-0.009406799,0.04668161,0.04702239,0.28505313,0.34314469,-0.522622,-0.054281294,0.48908076,-0.22423826,0.071494706,-0.41247582,0.6156415,-0.92280656
rna|NME5,0.3273422,0.23104784,-0.16681306,0.042278722,-0.12883417,0.08142082,0.05492347,0.10712644,0.10026285,0.009008934,-0.62266475,-0.43392193,0.05846331,0.17720684,0.19976111
rna|STK33,0.09195585,0.0793015,0.13053142,0.3424584,-0.04446633,0.31640986,-0.20730925,-0.32862154,0.30006325,-0.16799176,-0.021499952,0.00016680782,0.11282698,0.08173751,-0.29110563
rna|DOCK1,0.13802886,0.009303086,-0.26011476,-0.10649023,0.15584032,0.08812537,0.52258164,0.09406604,0.19764547,0.5241376,-0.5706986,-0.11976212,0.1792742,0.015493543,0.40564528
rna|PTPRT,-0.003057999,0.4189238,-0.08847281,-0.11723764,-0.14375389,0.0181962,-0.3738143,0.19807598,0.4264312,-0.54351944,-0.18927978,-0.19987315,-0.15266396,-0.03607363,0.53346354
rna|HSD17B3,-0.098190054,0.6389371,0.08337546,-0.2984995,0.39424026,0.02042084,0.14094229,0.22271359,0.16959709,-0.042287894,-0.46876428,-0.48312148,0.41179752,0.048345804,0.38927352
rna|C17ORF97,-0.0391891,0.1613066,0.10565874,0.08210353,0.10037382,0.120586395,0.15195657,0.15083075,0.17366102,0.18689841,-0.349922,0.04689283,0.23547746,0.0034672988,0.05660118
rna|CPLANE2,-0.15793571,0.4177544,0.094872504,-0.37194148,0.63980913,-0.14166239,0.30115038,-0.25498292,0.15168142,0.10059482,-0.4489135,-0.46278423,0.15311056,0.3660422,0.2644646
rna|HULC,0.09825043,0.5632642,0.12707613,0.26029953,0.33101028,0.0713175,-0.013711652,0.3868105,0.058430247,-0.08401076,-0.31418985,-0.26408544,0.36400774,-0.20491803,0.20708592
rna|SELP,0.4338994,0.48308802,-0.22544563,-0.3288699,0.7390987,-0.2506555,0.25795698,0.18441398,0.1768232,0.18933229,-0.3779549,-0.10105184,-0.3990447,0.58008987,0.13489361
rna|F3,0.16750556,-0.25674015,-0.43221653,-0.13098158,-0.14316595,-0.43441314,0.32360017,0.26109317,-0.12275429,0.97407824,-0.23441756,0.032954607,-0.031651467,0.22271802,-0.24909392
rna|OR5B12,0.20914778,0.31585678,0.42758164,0.059019998,0.001506194,0.4753967,-0.40956566,0.40396696,0.075562395,-0.16367707,-0.038122635,-0.28481588,0.11769538,0.16095378,0.12821072
rna|TMEM45B,0.25750762,0.8546539,0.050265748,-0.09993114,0.38073507,-0.4085228,-0.16285343,-0.10381202,0.24590077,0.13755676,-0.37324637,0.22845583,0.30712238,0.12720177,0.3015744
rna|OXCT2,0.27166095,0.22261286,-0.081806324,0.12947756,0.39486462,0.12602738,0.38694057,-0.040997647,0.27204144,0.5261904,0.13577713,-0.24214754,0.29727635,0.2899794,-0.1153906
rna|IGFBP3,-0.038300693,0.26239407,-0.39396936,-0.021388507,0.16003002,-0.45797813,0.2598811,-0.14650157,0.20087706,0.2519881,-0.98738,-0.34273994,-0.09122632,0.28650245,0.06151353
rna|CD93,0.4350767,-0.14230196,-0.41636804,-0.039903082,0.26024434,0.33506775,0.59086186,0.14231436,0.03422597,0.5163249,-0.36679685,0.40055904,-0.02274068,0.107616544,0.014899073
rna|PCDHGB7,-0.52138567,-0.121294625,0.086122885,0.37099463,-0.00074991694,0.08953009,0.07375613,0.32715654,0.17754681,0.18927206,-0.6995186,0.6173235,-0.33724406,-0.11960991,-0.07613986
rna|MUC1,0.28832734,-0.073462225,0.0052080858,-0.38769114,0.23494236,-0.40033785,0.033350766,-0.41241378,0.018728854,0.5114589,0.00525822,-0.24094851,0.55891246,0.011887675,0.7739475
rna|DUSP15,0.16812809,0.12505497,0.050254047,0.59131414,-0.4370242,0.5057336,-0.28455886,-0.014982211,0.042158645,-0.16356629,0.011167431,0.089165494,-0.103255324,0.112694435,0.17404082
rna|OR2AE1,0.14757873,0.36831772,0.35343993,0.052096367,0.21858537,0.23846556,-0.11833578,0.27510464,0.21387461,-0.1346396,-0.23665328,-0.020384042,0.20980687,-0.017087886,0.27065575
rna|DAZ3,0.30345443,0.0103155235,0.31417975,-0.18953101,0.09423646,0.32342243,-0.23884444,0.20081161,0.23028728,-0.27324265,-0.013383975,-0.30471763,0.3385965,-0.16069263,0.067068346
rna|MPL,0.46279365,0.5458238,-0.13526343,-0.17026256,0.26783535,-0.20439826,0.10547381,0.21313037,0.21879688,0.028668132,-0.30038333,0.03228148,0.34358144,-0.1765344,0.13166124
rna|TM6SF1,-0.15598261,-0.1434583,-0.33799195,0.110874355,0.35189554,0.32359114,0.5317753,0.18154779,0.0013198046,0.5596351,-0.3756149,0.47398737,-0.12620455,0.2546146,-0.0016509041
rna|APBA2,0.20561789,-0.020900453,0.0045633237,0.07726503,0.027596928,0.2876381,0.05188172,0.4530912,0.4428685,-0.1681039,-0.06843044,-0.09811974,0.1617504,-0.018583251,0.61849433
rna|ATP2A1,0.20880029,0.3904865,0.6149355,0.045880444,0.14220649,0.056367807,-0.30919746,-0.04859659,0.35371414,0.10713871,-0.2336805,0.018755028,0.47424996,0.0035222638,0.0014593552
rna|PTPRR,0.14131974,-0.21972133,-0.12305972,0.21933217,-0.18392694,0.3844338,0.07532668,-0.1555142,-0.01027636,-0.09212804,0.13185056,0.11408533,0.30790472,-0.01298072,0.05083326
rna|HSD3B7,0.09710749,0.13687064,0.2780283,-0.11004823,0.1646987,0.29221272,0.102286525,-0.03963874,0.10679855,-0.015462675,-0.15741116,-0.19584002,0.4492889,-0.15616833,0.7793824
rna|TMEM144,0.10638197,-0.09770422,-0.30771273,-0.5819961,0.3480349,-0.41552413,0.057125304,0.4505769,-0.5675836,0.62373495,0.3150527,-0.29879606,0.35982326,0.39353314,-0.4354821
rna|BEST4,-0.005567084,0.18999961,0.44045576,0.05664362,0.09377921,0.045142777,0.12750222,-0.33558306,0.36751455,0.018111605,-0.09640053,0.055177942,-0.07020522,0.13914047,0.15876906
rna|ADSS1,0.25534362,0.35871533,0.42457145,0.067852065,0.09393547,0.36356777,-0.23164983,0.25978804,0.13302673,-0.1472684,-0.11767134,-0.07319507,0.29590127,-0.15182455,0.46623957
rna|SDSL,-0.22885384,0.05175095,-0.080936536,-0.51290584,0.7018143,-0.1615098,0.5266705,0.0676632,0.27809814,0.28910923,-0.27394363,-0.79479027,0.50467205,0.33251268,0.49134952
rna|SLC25A53,0.27370766,0.30553013,-0.01856158,0.0982879,0.3346567,0.5436555,-0.18424816,0.35750633,-0.031251777,-0.29089755,-0.016459273,0.39745954,-0.003338374,0.30919522,0.13625146
rna|RFLNB,0.24909419,-0.18171287,-0.0971207,-0.09306458,0.17709251,0.12785299,0.20470074,-0.11637334,0.5257843,-0.11551441,-0.04412169,0.17896229,0.5711778,-0.28736705,0.8887102
rna|SNX10,-0.37440345,-0.29365084,0.008444319,-0.2924295,-0.07133446,-0.16248314,-0.31193182,0.20024173,-0.98887634,0.6154984,0.43481398,-0.18766546,-0.1306773,0.345591,-0.24831091
rna|XKR3,-0.084416844,0.033189155,0.14142421,-0.2503658,-0.087507844,0.11615948,-0.2693473,0.11330406,0.42451033,-0.15393332,-0.2923445,-0.32535475,0.37326905,0.03461037,0.028428335
rna|KIAA0319,0.10478259,0.14800704,0.28622264,-0.02263685,-0.36928934,0.054733265,-0.4563584,0.20953122,0.17298901,-0.15385939,-0.083329566,-0.55181295,0.1953343,0.011195942,-0.07305444
rna|CINP,-0.15062524,-0.20490487,0.07331855,0.5935629,-0.11043175,0.5398747,0.34792256,-0.56290615,0.13294235,0.06764385,-0.15816055,0.30646378,-0.08889632,-0.028658343,0.26206768
rna|SNORA56,-0.008571877,-0.26240614,0.3740693,0.5608526,-0.3097841,0.6763944,0.29049483,-0.369307,0.18179195,0.20772539,-0.040544726,0.47090796,0.074927814,-0.18154144,-0.14165904
rna|SNORD3C,-0.028586708,-0.19142257,0.14230235,0.31670824,0.06578418,0.25726253,-0.102121755,0.018978633,-0.030478925,-0.026718926,0.16179441,-0.07042134,-0.014791864,-0.11108777,0.05921434
rna|DNAJC5B,-0.67569363,-0.4805826,-0.13480933,0.15194036,-0.21466781,-0.45277998,0.19688006,0.2919072,0.06420688,0.42246705,-0.2549334,-0.21655418,-0.023076987,0.27140886,-0.07641586
rna|HSD17B6,-0.043954693,0.078235954,0.12083313,0.45656368,-0.035498545,0.55119395,0.3348445,0.20948398,-0.19478342,0.25537533,-0.53731483,-0.17190044,0.17410584,-0.35758343,-0.2776524
rna|PRDM15,0.00015465746,0.22664106,-0.038663883,0.5732788,-0.41386387,0.44595438,-0.0764013,-0.24514936,-0.006937538,-0.10471982,0.14594343,0.11361437,-0.486169,0.11432865,-0.29809725
rna|NMRK1,0.14498968,0.5241645,-0.350267,-0.14374796,0.68563735,-0.11600266,0.29291576,0.14111865,-0.1490972,0.47544235,-0.5077706,-0.2606851,-0.31754607,0.7795505,-0.17306317
rna|SFTA3,0.37361613,0.28552088,0.2606027,0.029331494,-0.045420483,0.3450353,-0.25890258,0.40773094,0.27876976,-0.33995324,0.044449706,-0.4845262,0.32074896,-0.045017287,0.022739584
rna|CTAG1A,0.3235408,-0.29695392,0.3849527,0.20656615,0.061401434,0.20280427,0.16653726,0.14517781,0.044608217,-0.1715592,0.081333004,-0.21751748,0.34113088,-0.100745656,-0.020828431
rna|COL7A1,0.16856533,0.30312845,-0.03892301,-0.108568035,-0.34367093,-0.17915763,-0.17157465,-0.004093144,0.48104197,0.686983,-0.062011156,-0.15820698,0.49172553,-0.121980645,0.37181997
rna|PPY,-0.023440653,0.36661264,-0.017103737,-0.2993752,0.035174165,-0.044387806,-0.4106273,0.39461237,0.23197132,-0.26595116,0.0012751978,-0.44297317,0.16193219,0.32470205,0.32607126
rna|FBXO24,0.16527979,0.27080333,0.3106097,0.13717154,-0.10702702,0.47702205,-0.3371974,0.13830853,0.27217916,-0.34752893,-0.036788456,-0.27116793,0.317719,-0.095748305,0.24033312
rna|SLC1A4,-0.41498965,0.08816762,0.4459511,-0.18776637,0.19130085,-0.26353946,0.1518915,-0.38260108,0.42850932,0.042895187,-0.5093489,-0.3466134,-0.012075782,0.14473528,0.05906985
rna|AHRR,0.48121276,0.30113295,0.23595352,0.18968394,-0.20124876,0.039114505,-0.3209499,0.11226614,0.13703641,-0.14504296,-0.05578728,-0.22750434,0.41616803,-0.18195312,0.11763524
rna|SPIN4,0.19726214,0.22330552,-0.46581784,0.073811695,0.0556335,-0.1272517,-0.021468496,0.2909082,-0.31345078,0.47270694,0.17737265,-0.027169093,-0.42427444,0.43771353,-1.1786457
rna|EMILIN2,-0.09193378,0.010631304,-0.29752865,-0.1565003,0.21415627,-0.22360134,0.29784897,-0.2774462,-0.20156866,0.60405207,-0.1344299,-0.5901954,0.13104367,0.54782134,0.12316301
rna|OPCML,0.2887508,0.09476962,0.38337716,0.107386366,-0.07056322,0.29592076,-0.24112508,0.35710064,0.29591668,-0.2704349,-0.106106475,-0.3130468,0.26433504,-0.046009302,0.21780652
rna|CHST10,-0.15285696,0.3952456,0.18637072,0.09623872,0.21655364,0.12131953,-0.08558027,-0.30545774,0.25144392,0.051529817,-0.79213285,-0.24699947,0.042012196,0.4037969,-9.01034e-05
rna|SLCO2A1,0.18734373,0.041903604,-0.8438529,-0.34435135,0.03986403,-0.7541214,0.12551372,0.1950754,-0.038999088,0.1874346,-0.12709808,-0.37836105,-0.34037706,0.5338301,-0.16024046
rna|MYEOV,-0.27311313,-0.24167992,0.31288433,-0.11851057,-0.23699303,-0.3177626,-0.2776201,0.0581031,0.0052679167,0.3011508,-0.14038222,0.09901159,0.14168774,-0.046961796,-0.20627323
rna|BZW1,-0.0017939543,-0.26806065,-0.5452365,-0.21616177,-0.316824,-0.7881248,-0.30975246,0.11752594,-0.44313446,0.05500709,0.7058105,-0.3667677,-0.108823575,0.13757464,-0.8477756
rna|ACE,0.23976111,-0.16547737,0.28211007,-0.07960822,-0.034321547,0.4148622,0.10679916,-0.0009891962,0.06463756,0.017330753,0.42472318,-0.029467067,0.39646968,-0.15476306,0.61358666
rna|BTN1A1,0.07480278,0.30894062,0.32242215,0.30913842,-0.09460433,0.36442867,-0.42160648,0.021926517,0.1457094,-0.27546445,-0.120271616,-0.2592345,-0.002772416,-0.05919584,0.0962466
rna|KLK3,0.42411137,0.22340232,0.44066888,0.081017725,-0.01916594,0.335501,-0.32470754,0.4171597,0.37602448,-0.18385722,0.062285867,-0.29734123,0.6248126,0.008457889,0.034994334
rna|SYTL3,-0.016341327,0.13528545,0.24223614,-0.30821458,0.3416476,0.20019603,-0.048413035,-0.063690394,-0.122686796,0.17626695,-0.1995012,-0.024631565,0.0725878,0.32064465,0.8093972
rna|LMNB2,-0.28331217,0.38133097,0.06351625,-0.0644124,0.48072514,0.068566665,0.28039134,-0.41233394,0.033220377,0.6447916,-0.6598154,-0.24195388,-0.3108945,0.8190533,-0.48607022
rna|HSF5,0.15839604,0.3731569,-0.15776637,-0.3176168,0.57456523,-0.058994416,-0.12383241,0.03835737,-0.02193931,-0.158906,0.10348686,0.1595637,-0.23408869,0.30631584,-0.15019853
rna|SLC52A3,0.5750111,0.15079354,0.26921642,0.12736216,-0.17426106,0.43221414,-0.18593098,0.3162742,0.2965503,-0.0090214955,0.0625769,-0.20123096,0.13628706,0.1644487,-0.0076475916
rna|CHAF1B,-0.14429948,0.33894607,-0.027009781,0.09572606,0.30295667,0.24998306,0.3848032,-0.39579257,-0.0045521404,0.5925585,-0.31982663,-0.14803895,-0.35283983,0.75257546,-0.5890773
rna|CHRNA4,0.27411434,0.53813386,0.3812351,0.16012916,-0.08745415,0.57038856,-0.20886433,0.5221308,0.066694885,-0.031377785,0.019087942,-0.36943465,0.09313585,-0.06014272,0.05405197
rna|FRK,0.13793659,0.11694744,0.34390774,0.22775905,-0.27350163,-0.13490123,0.18651527,-0.42073724,-0.081267685,0.20426059,0.09183157,-0.13277343,0.10370489,-0.08509096,-0.36399797
rna|ZNF667,0.21230875,0.2900402,-0.27566174,0.25429058,0.096328646,0.43160394,0.03472976,0.5575021,0.39276305,0.17654176,-0.12773854,0.3993663,0.022481091,-0.118308045,0.046483766
rna|S1PR2,-0.61021966,-0.48822504,0.57895625,-0.031739525,-0.31687516,0.0747812,-0.057016443,0.4251699,0.33361763,0.1491275,-0.17622988,0.23166914,-0.026330309,-0.56919634,0.20659511
rna|GALNT9,0.05485573,0.13377641,0.1837024,-0.16146977,0.21092677,-0.094830625,0.017105913,0.20698734,0.29852402,-0.18645482,0.03818151,0.002688752,0.251275,-0.07384413,-0.045789804
rna|HAND2-AS1,0.3563771,0.2193974,0.1822708,0.13727954,0.045480527,0.1659439,0.19296542,0.3199041,0.44139993,-0.035468988,-0.09588477,-0.26012084,0.37714657,-0.22609457,0.21792391
rna|MAPK15,0.00830944,0.16202356,-0.044033583,0.09227423,0.10346312,0.080494955,0.1087986,-0.4298693,0.26041082,0.10281329,0.0009962262,-0.1341728,0.07719607,0.08828679,0.37635425
rna|ARHGEF37,0.15678461,-0.04943017,-0.093378514,-0.09086337,-0.3006848,-0.7995208,-0.18113221,0.103348635,-0.016497282,0.10843397,-0.13383707,0.06605094,-0.13115205,-0.09726505,-0.17969957
rna|IL18R1,0.11939404,0.17718124,-0.4369783,0.037845235,0.13815886,0.09230139,-0.034788497,0.38360208,-0.22284557,0.30561185,-0.091713324,0.37731498,-0.38715863,0.20809193,0.17346343
rna|CD244,-0.018221745,0.30394062,0.15098085,-0.64054126,0.6633622,0.21677223,0.40804347,-0.040009465,-0.24801068,0.14047207,0.07977097,-0.18527468,0.088701375,0.37140408,0.6456181
rna|KIF4A,-0.43236876,-0.31870416,0.44572455,0.15318546,-0.41334075,0.60768557,0.21128264,-0.5162879,0.19916283,0.08726994,-0.14083229,0.01426854,-0.104442395,-0.011956385,-0.26729718
rna|ZFP3,-0.050731093,0.4388056,-0.037538696,-0.040848825,0.55452496,0.2376929,0.20290674,0.30139962,-0.081520505,0.49363124,-0.49966913,0.5134445,-0.5226642,0.6047532,0.012831578
rna|FSTL1,0.09058861,-0.5819929,-0.37582725,-0.054401398,-0.21624212,-0.33908263,0.40059614,0.14217326,0.14657496,0.5232907,-0.5853514,-0.045697745,0.07353827,-0.17860451,0.2412577
rna|GSTM1,0.12627864,-0.09608249,-0.35500446,0.23195574,-0.1920039,-0.10680771,0.1289094,0.08266725,0.008614624,-0.18420842,0.58776736,0.13222238,0.022534415,-0.21117137,-0.060355376
rna|MLLT11,0.34574464,-0.04366708,0.07367044,0.09496159,-0.0046846033,0.3817467,0.26105636,0.03860023,-0.07873824,0.39118338,-0.32048616,0.13356614,-0.008167485,0.27641216,-0.36673093
rna|SLC22A11,0.41594332,0.21194026,0.40559062,0.07763961,0.03610648,0.3814394,-0.34421244,0.43114507,0.10645554,-0.095203206,-0.15533853,-0.27245054,0.34463558,0.09029301,0.04095595
rna|ABCB4,-0.36313388,0.34519607,0.18853018,0.18560497,0.09846304,-0.48774886,-0.23581101,0.20868754,-0.18573862,-0.117308915,-0.25254962,-0.11272259,-0.25401098,-0.060189582,0.12642923
rna|ST3GAL4,-0.073726304,0.4609513,0.05075593,-0.2380923,0.40496698,-0.008329864,0.30550402,-0.052427206,0.09824503,0.5600379,-0.7315041,-0.22573616,-0.024943573,0.3456491,0.36552685
rna|GSTA5,0.22636841,0.29399905,0.30173782,-0.14544348,-0.01577764,0.110307656,-0.25880042,0.3938525,0.40907538,-0.31694233,-0.029897906,-0.3805336,0.535092,-0.002995151,-0.08974102
rna|LCA5L,-0.019951493,0.3421852,0.3229554,-0.12941076,-0.096671686,0.21475841,-0.32360741,0.014932173,0.36084208,-0.19247162,-0.4224699,-0.40097484,0.39496684,0.050883785,0.3805008
rna|KRT19,0.5273392,0.42734396,0.265145,0.022151602,-0.32213834,-0.20330508,-0.28452402,-0.2794977,0.49300817,0.13127838,0.09858994,0.1580604,0.42474273,-0.25414613,0.39059782
rna|PYGM,0.15379307,0.40784425,0.2916539,-0.10967019,0.39638504,0.084890164,-0.07172901,0.030146165,0.08267242,-0.023941724,-0.6010599,-0.032858264,0.14780599,0.43877432,0.36084968
rna|CD3E,0.04270525,-0.088539205,-0.43911275,-0.5439607,0.34757882,-0.3345106,-0.09091482,0.52685475,-0.16118081,-0.2701458,0.6501624,-0.026953505,-0.43707806,0.20514013,0.5892904
rna|BTBD11,0.22194974,0.2614119,-0.5590674,-0.49241218,0.53310347,-0.2365579,-0.30458152,0.40058118,-0.12787166,0.012969129,0.17477407,0.0039284457,0.04139666,0.24699274,0.44646314
rna|LOC731823,0.27438635,0.019660048,0.082902595,0.16025452,-0.15452237,0.43132555,-0.33499098,0.4393908,0.18738545,-0.35660103,0.058671795,-0.3867607,0.23115788,0.048897345,0.124717526
rna|VHLL,0.20340915,0.2402137,0.30286866,-0.08410535,0.021701511,0.28593987,-0.32751152,0.19826911,0.2908644,-0.19516338,-0.13277254,-0.19874546,0.24405892,-0.03910309,-0.02798623
rna|ACAN,0.48333085,0.15381637,0.12060709,0.024332568,0.0055980803,0.34389237,-0.22136003,0.23165588,0.34636462,-0.115445025,-0.008613252,-0.3709764,0.38175875,-0.15490761,0.040825404
rna|GABRA3,0.36477232,0.24413839,0.32323942,0.07082994,0.1439495,0.2667542,-0.05803361,0.1954027,0.39362425,-0.18605879,-0.020834638,-0.28882086,0.46888784,0.08485965,-0.029712789
rna|RCVRN,0.08804905,0.15574807,-0.15478279,-0.32486323,0.39808762,-0.37968174,0.07940018,0.2820621,0.07286202,0.051203795,-0.083955586,-0.2802454,0.1271807,0.05608002,0.4052754
rna|ARL3,0.3810949,0.15012994,0.0329771,0.22002257,0.025759911,0.86159414,0.06998358,-0.022171209,0.1376469,0.07722982,-0.17633197,0.524321,-0.07309779,0.0371446,0.057874355
rna|CAMK2N2,-0.043671448,0.076397985,0.14139572,0.04454168,0.14156707,0.3791889,0.031246915,0.09414906,0.025720242,-0.043709934,-0.33102247,-0.25713596,0.32084006,0.24106401,-0.017981488
rna|SLC13A5,0.08649261,0.61830336,-0.058962647,0.070942305,-0.14952858,-0.2669968,0.122957796,0.16536048,0.009409926,-0.058827545,0.03395445,-0.58905387,0.13203713,-0.42163032,0.33863342
rna|AKR1C4,0.10379392,0.5935505,0.31919852,0.16383074,0.12871312,0.13760222,-0.009671934,0.41543454,-0.14987229,-0.24821259,0.06284076,-0.6003909,0.4077693,-0.52224666,0.079195514
rna|ZFHX3,-0.28654188,0.03112342,0.5231963,-0.44394767,0.4360544,-0.16059938,0.36440542,0.009501116,0.12563525,0.33573028,-0.70548266,0.08108447,0.08070136,0.2440759,0.07757315
rna|RIMBP3,-0.0018993187,0.34495273,0.35660508,-0.06515814,0.17936371,0.32295093,-0.13997935,0.25741595,0.3917404,-0.2621405,0.024212517,-0.31329152,0.5158122,0.0026150192,0.28899506
rna|SRPX,0.589932,-0.32143903,-0.30290428,-0.32243133,0.12657262,-0.36314303,0.4778471,0.23257975,0.22921546,0.11863895,-0.27964744,-0.18483052,0.4253754,-0.009180824,-0.051230337
rna|SHANK2,0.09427648,0.4800896,0.48461154,-0.068983994,0.2183844,-0.09805291,-0.065973915,0.2521162,0.21145429,0.0016401515,-0.038742077,-0.22913556,0.33195034,-0.38945377,-0.07212281
rna|FAM71A,0.298596,0.2674808,0.34782153,-0.113565005,0.041119874,0.29058352,-0.18477044,0.3431015,0.4527586,-0.06491895,0.012906549,-0.3135761,0.40810052,0.10143275,0.0719416
rna|HOXC9,0.029751398,-0.26774725,-0.29179576,0.08994122,-0.12823336,-0.080643274,-0.05092211,0.32485884,0.14964312,-0.22201937,-0.21293235,-0.2153261,-0.3156424,-0.04813302,0.032998543
rna|PITPNM1,-0.39478487,0.33215386,-0.20962732,-0.12921731,0.56068236,-0.31174284,0.028942293,-0.21716386,-0.104439154,0.19494076,-0.549736,-0.27916566,-0.30663767,0.76049846,-0.01587774
rna|ST6GALNAC5,-0.22324942,-0.2397126,-0.30976787,0.14437817,-0.12723522,-0.1222007,0.19886528,0.66965955,0.11821515,0.19863407,-0.5487367,-0.12587138,0.047891475,0.12429038,0.17554058
rna|IGFN1,0.34748635,0.16019543,0.39379212,0.081455976,0.00067317527,0.21401183,-0.1900265,0.31921515,0.27083752,-0.19887601,-0.035146017,-0.32084262,0.462999,-0.09355454,0.013565441
rna|SLC22A5,-0.2234326,0.37874994,0.0651846,0.098505326,0.32629225,0.08614341,0.2856118,-0.18141872,-0.26294032,0.32191133,-0.728799,0.02713368,-0.3541089,0.28758264,0.06139068
rna|SUB1,0.1874093,0.28272063,-0.5549532,-0.25251976,0.50030744,-0.20507215,0.14111818,0.21359457,-0.57144105,0.24234407,0.023875847,-0.20815483,-0.35418382,0.70664346,-0.59528667
rna|GPR82,-0.49982813,0.14926872,-0.11845463,0.10591206,-0.13417664,-0.24264759,0.06823298,0.5126444,0.3480044,0.2994808,-0.30065888,0.07105069,-0.17802,0.08465521,-0.14060272
rna|PCDHGA6,-0.39955297,-0.17967722,0.5649615,0.5078304,-0.1376204,-0.15435371,-0.007961834,0.47391558,0.38115215,0.104853146,-0.35437554,0.4987747,-0.15209907,-0.22201367,-0.16233693
rna|FAM184A,-0.13990909,0.3351589,0.34944344,-0.36828196,0.5602808,0.00808565,0.1648144,0.28400013,0.030154493,0.09789404,-0.14016725,-0.07590302,-0.12655418,0.09712861,0.40733197
rna|ZNF330,0.06111644,0.041616283,-0.47247928,-0.32391924,0.130139,-0.75460297,-0.32593346,0.11848228,-0.5790098,0.080719925,0.16326946,-0.40322658,-0.19325195,0.35497177,-0.92823243
rna|SSPOP,-0.22599392,0.5168258,-0.27670288,-0.11186554,-0.037240677,0.09532331,-0.03443708,0.3407581,0.16108777,-0.021338103,-0.39192823,-0.20323807,-0.21514516,0.018993787,0.49363247
rna|CEND1,-0.124252476,-0.059137315,0.14757228,0.010899448,0.19087961,0.49436063,0.15086988,-0.1023169,0.13553303,0.020707155,0.10015001,0.19498566,0.22684935,0.07439945,0.03553005
rna|COL6A2,0.12316495,-0.698241,-0.14572684,0.38326448,-0.31336033,0.43586826,0.6238989,0.08358639,0.3984301,0.6300284,-0.23478946,0.37677777,0.25923902,-0.3315053,0.46041602
rna|CRB3,0.21062307,0.47060362,0.24807222,0.24925864,-0.032764796,0.2935917,-0.0096937865,-0.56756055,-0.038975768,-0.08714209,0.012910813,-0.10264484,0.09084833,-0.0919888,0.1899354
rna|CALY,0.44753826,0.2471784,-0.17883763,-0.23929237,0.23850286,0.017173361,-0.17390017,0.6983286,0.10044376,-0.10632007,0.38058943,0.24948655,0.064767435,-0.036329478,0.4767075
rna|MAD2L1,-0.0050960686,-0.52578884,-0.2319281,0.17241317,-0.51019293,-0.14502396,-0.14607422,-0.1753197,-0.24368049,0.0046435273,0.8492126,0.07200677,-0.17764626,0.010507996,-1.0645354
rna|SNORA40,-0.097141095,-0.35964173,-0.28114626,0.05668155,-0.44960666,-0.875453,-0.5084929,0.041539647,-0.39829907,-0.21432887,0.62167746,-0.25177237,0.07676676,-0.22519219,-0.6201512
rna|KIR3DL1,0.22911847,0.16539246,0.3680927,-0.0012565985,-0.22160314,0.24959603,-0.48232147,0.3430629,0.011173153,-0.31273362,0.3385998,-0.42277762,0.38017216,-0.020174019,0.17393
rna|IQCA1,0.5272202,-0.0013704873,0.028938644,0.26310077,-0.04702756,0.20063631,-0.05944028,0.4610253,0.21702869,0.055064607,-0.38538393,-0.099189654,0.35006067,-0.093844384,0.20343615
rna|LOC399898,0.22738516,0.21787861,0.2730039,0.025393493,-0.36469716,0.33159348,-0.43856966,0.4007186,0.21239878,-0.2742899,-0.00080743653,-0.46317843,0.2815925,-0.03641622,0.18481338
rna|PARP1,-0.14897554,0.12762043,-0.12085918,-0.060219817,0.08571447,-0.54616064,0.032165807,0.15394792,-0.18377617,0.3079274,0.03205304,-0.3658236,-0.379811,0.5206183,-1.0443952
rna|CDKL2,0.049956866,0.16810955,-0.2403963,-0.27435568,0.051738575,-0.041090515,-0.12956917,0.32156348,0.36896333,-0.3324059,0.069465175,-0.17542759,-0.05847428,0.010034061,0.21361257
rna|CABLES2,-0.23997977,0.6086891,0.117923476,-0.23008098,0.39254194,-0.12565549,0.008409815,-0.007218886,-0.025632903,0.30807078,-0.8236536,-0.21532558,-0.21520334,0.6357946,-0.17610599
rna|CLEC3B,0.33937916,0.08177732,-0.19473559,-0.27907124,0.019152345,-0.36454588,-0.002616614,-0.099227004,0.3509649,-0.7218552,0.3282385,-0.2864927,0.38221434,-0.47819966,0.3837265
rna|PCDHGA3,-0.50654584,0.2157729,0.2549044,0.23331468,0.0040623313,-0.383115,-0.06612034,0.61322826,0.48866796,0.250548,-0.69864863,0.10594586,-0.16878772,-0.14252663,-0.22828609
rna|PTHLH,0.26539183,-0.0189612,0.7918568,0.08334957,0.073600695,-0.35553032,-0.030288067,-0.31243432,0.040829536,0.17201082,-0.26721323,0.113144465,0.25583327,-0.079696134,0.1603269
rna|AGMAT,-0.07080545,0.37564784,-0.042626742,0.23296781,0.257584,0.012425834,0.14855938,-0.004157474,-0.33309913,0.14564493,0.14228666,0.20868726,-0.39566964,0.19429955,-0.4177856
rna|LRIT1,0.35026133,0.29847398,0.35153058,-0.013653919,0.06976687,0.2542916,-0.046298377,0.2349847,0.42791536,-0.26431835,-0.0040243217,-0.44271463,0.49877208,0.081003994,0.033570174
rna|IL34,0.12146836,0.21412583,-0.05904561,0.1070327,-0.03107911,0.14095461,-0.08774147,0.058950838,0.431409,-0.18202849,-0.2586075,0.10185068,0.26469216,-0.058652144,0.55365264
rna|ADGRA2,0.15789457,-0.06480238,-0.35600916,-0.29341918,0.25303334,-0.52088046,0.49439627,0.18719697,0.34976733,0.37568438,-0.6094977,-0.5033399,0.003726057,0.3587223,0.43161246
rna|RTL3,0.23647612,-0.010391322,0.34378582,0.23770393,-0.33851412,0.4104375,-0.1939014,0.38351876,0.40694064,-0.040611316,-0.018828679,-0.2647972,0.28284216,-0.09639087,0.19236423
rna|RAET1E,0.3134263,0.41017884,0.33869255,-0.203529,-0.024738336,-0.104447536,-0.38184068,0.14299574,0.43562293,-0.2732351,0.027420029,-0.22397488,0.5676628,-0.14770222,0.15552364
rna|ECRG4,0.58570385,0.28033027,0.0038593109,-0.16364723,0.2962758,-0.06085453,0.030864984,0.24141516,0.28739452,-0.21920376,-0.6682039,-0.018469222,0.1249228,0.17008382,0.36990747
rna|LMX1B,0.3460738,0.13718918,0.35789567,0.059554778,0.18714042,0.2542007,-0.21194981,0.41171783,0.34937626,-0.21804301,0.008154055,-0.41972944,0.52733696,-0.07915691,0.0027211749
rna|EFNB1,0.105128564,0.20473759,-0.0077970503,-0.074439436,0.25544643,-0.07867494,0.35223725,-0.015356541,0.31065154,0.30942187,-0.49094787,-0.43402907,0.5186049,0.088219315,0.46389288
rna|PHF21B,-0.22726199,-0.042931344,0.14291829,-0.09938463,0.19254856,0.15839794,0.09122119,-0.3500416,0.035946414,0.106880836,-0.037579104,0.36233932,0.08542581,0.07457328,-0.13235436
rna|RUBCNL,0.15110156,0.34716603,-0.07188917,0.32068577,-0.19078845,0.28779024,-0.16109505,-0.541611,-0.22688733,-0.008239858,0.030638503,0.13775277,-0.4451396,0.4493429,-0.103997394
rna|AMPD1,0.5914413,0.14705032,-0.2568065,-0.2402333,0.116333365,-0.32136422,-0.13472067,-0.14865,0.0563723,-0.3347396,-0.032256175,-0.11587629,0.09708517,0.0017302191,0.07360347
rna|ASPG,0.41150552,0.6050817,0.3969631,0.04318547,-0.043532446,0.049884994,-0.09009959,0.16323054,0.36064222,-0.058936875,0.16271587,-0.33241537,0.447872,-0.300239,0.19342129
rna|CFAP94,0.04195629,0.32425895,0.47893262,-0.33976758,0.0911229,-0.24388172,-0.2575758,0.18797977,0.09099635,-0.07566897,-0.48048183,-0.35824046,0.1667959,0.13280341,-0.13826883
rna|SUPV3L1,-0.30449435,0.3150228,0.14384867,-0.22080742,0.35854092,-0.0003595226,0.12002025,-0.46809494,-0.09489677,0.18577832,-0.7466875,-0.2830154,-0.21135935,0.49061245,0.1321458
rna|PGLYRP2,0.32630658,0.6722009,-0.23558946,-0.10561035,0.32918513,-0.21255246,0.16569969,0.3800899,0.01863435,-0.045769293,0.05525953,-0.16046855,0.096622236,-0.2844777,0.6255161
rna|ADAMDEC1,-0.5810507,-0.37957993,-0.33450484,-0.24034692,-0.18543239,-0.1831054,0.17822766,0.36952198,0.006444006,0.74469745,0.36053193,-0.23212953,-0.24386893,0.54077536,0.040725257
rna|KRTCAP3,-0.13926975,0.4525052,0.19839011,-0.13684593,0.30288115,-0.5264451,0.06650716,-0.40084568,-0.1755035,0.24068382,-0.3079315,0.040583346,-0.12466013,-0.0018382041,0.29628927
rna|RAB36,0.092870794,0.22956222,0.040343784,-0.18101561,0.26036322,-0.31442964,0.08630652,-0.118206374,0.18174416,0.060621556,-0.65034914,-0.47732535,0.11263206,0.23979591,0.15044555
rna|BMP3,-0.14182912,0.3027863,0.2736023,-0.03882191,-0.073776,-0.06161511,-0.2843213,-0.15754618,0.08943746,-0.27310458,-0.10146784,0.120645575,-0.024133686,-0.14889288,-0.3405005
rna|FCRLA,-0.031921316,0.24394858,0.2785134,0.16724283,-0.05947418,-0.20343591,-0.04881848,0.04357795,0.1833145,0.049238063,-0.2505893,0.20108925,-0.66938937,0.40985185,-0.42195985
rna|ZADH2,-0.13580653,0.39634302,-0.13388737,-0.09233011,0.5111006,-0.004796321,0.14206341,-0.07514036,-0.21800765,0.12675813,-0.6547746,0.0043796645,-0.41922095,0.41976735,0.27108225
rna|BATF3,0.07675619,0.252174,-0.39489973,-0.010063213,0.39856696,0.030004015,0.237119,0.14342734,-0.049118333,0.4339817,-0.427296,-0.34829417,0.13469495,0.7926234,0.24736962
rna|CFAP45,0.23373412,0.3650978,0.4427108,-0.014854032,0.019776426,0.30101758,-0.18215296,0.10780129,0.28781092,-0.058738407,-0.23628144,-0.20464239,0.51934284,-0.07322035,0.28565255
rna|DUSP9,0.24096955,0.25242266,0.42638618,0.20191237,0.017571123,0.26570988,-0.19192526,0.30521324,0.19208096,-0.24769688,0.00086922373,-0.19138023,0.39168108,0.14785276,0.09600598
rna|PRG4,0.22709833,0.22406776,-0.2494701,0.07754414,-0.022460526,0.14663818,0.2146077,0.30874413,-0.027647609,-0.018992774,-0.13092111,0.024975896,0.18036075,-0.3641052,0.28926
rna|STUM,0.2282185,0.16920802,0.4752222,-0.080944784,0.40035948,0.13075851,0.13856928,0.11576827,0.3457294,-0.262512,-0.11644699,0.012146523,0.28320423,-0.09939884,0.3282474
rna|ZNF775,-0.2496009,0.31131086,0.31301975,-0.3452656,0.6381165,-0.21546435,0.0033210216,-0.17852165,0.2491218,0.047223464,-0.52720886,-0.39145437,0.27032354,0.31457448,0.103689365
rna|BEX5,0.073799856,0.1458652,-0.38833755,0.06640596,-0.02338882,-0.3961542,0.11797046,0.37289605,0.34411046,-0.18384999,0.064219795,0.13466348,-0.20753458,-0.18390447,0.18199909
rna|PLAUR,-0.1842518,-0.45871794,-0.028960625,0.0076716626,-0.03416036,0.18795323,0.08366812,0.19271362,-0.08685674,0.9781636,-0.058893397,-0.19795108,0.71149945,0.047106493,0.573435
rna|RDH12,0.40143242,0.6159024,0.5090413,-0.13747,-0.06479358,0.05682636,-0.27140912,0.17885198,0.2500732,0.12847322,0.11494022,-0.26335832,0.32869163,-0.20133978,0.114219174
rna|PRR20E,0.33242273,0.2432262,0.35592163,-0.023413926,-0.13793847,0.35568136,-0.3142031,0.46435732,0.33400375,-0.19676106,0.03783001,-0.5529209,0.2984532,0.06256436,0.046846345
rna|SFTA1P,0.24385425,-0.0050582555,0.21527392,-0.03644475,0.15939358,0.3889515,0.031447582,0.3428938,0.045015402,0.24984285,-0.23586862,-0.40251672,0.34867457,0.15596601,0.090992875
rna|MADCAM1,-0.023142584,0.16896023,0.11544042,0.28705046,-0.21192898,0.5153546,-0.10742368,0.5759801,0.28013414,-0.16208312,-0.02951147,-0.1456994,-0.075501114,0.08053901,0.2029397
rna|FPR1,-0.29387614,-0.24640153,-0.4737719,0.25081113,-0.27658945,0.5326898,0.18055831,0.0655883,-0.2230186,0.7527407,0.20829348,0.20451641,0.21995108,0.16028124,0.6370259
rna|SMAD6,0.25169882,0.2135363,-0.37628716,-0.049260274,0.26555276,-0.13339567,0.5216724,0.53366405,-0.012151461,0.5694016,-0.1996006,-0.053420097,0.09636122,0.29191172,-0.4094904
rna|KCNK4,0.33837268,0.23648785,0.3013922,0.030292865,-0.21423031,0.42844412,-0.17953639,0.4517351,0.45449743,-0.10924224,-0.13607046,-0.17080526,0.08926905,0.057150576,0.14425813
rna|HOXB5,0.4196221,-0.21254022,-0.18556772,0.09658147,-0.064435504,0.17171183,0.24844788,0.3403533,0.1409842,-0.20366117,0.022817886,-0.39899245,0.5348951,-0.22944674,0.1857381
rna|SLC35F3,0.22634113,0.34034526,0.33410206,0.008956684,0.07436896,0.15952624,-0.34934908,0.35973996,0.20948201,-0.34155178,-0.17875767,-0.29678163,0.36056694,0.05619524,0.18802269
rna|DEF8,-0.3347457,0.19792208,0.04648416,-0.5929585,0.3674785,-0.42682466,0.12743948,-0.037284087,0.098939255,0.23368385,-0.53515327,-0.4158498,-0.043329045,0.28699833,-0.20271078
rna|ACSL6,0.26869974,0.09912533,-0.19319099,-0.13970028,0.17833532,0.1339171,-0.0868429,0.43133807,0.25874016,-0.5679571,0.31720474,0.11673369,-0.0045886547,-0.029418474,0.860613
rna|ALOX12P2,-0.26720014,0.29507056,0.61157244,-0.08787123,0.10279214,0.51355493,-0.022754652,0.2786672,0.017197922,0.2836988,0.054738875,0.24987352,-0.14030047,-0.13721177,0.2917783
rna|SARDH,-0.15540765,0.33586317,-0.10848468,0.12375586,0.49255067,-0.028892953,0.14160481,0.6523127,0.13715598,-0.028914534,-0.12457096,0.34282002,-0.12794195,-0.283876,0.5266538
rna|SSPN,0.32483843,0.13893436,-0.5520414,-0.21076798,0.25136432,-0.5761332,0.24876875,0.5243297,-0.053401146,0.4372841,-0.3751199,-0.1718533,-0.12248265,0.50386244,-0.23970231
rna|ATP5MC3,-0.027079858,0.3235692,-0.12325197,0.020547858,0.5810252,0.24600689,0.47106922,0.041810304,-0.25983694,0.53237236,-0.47563693,0.28755915,-0.3637025,0.5939495,-0.5965687
rna|UBLCP1,0.06691087,0.3348525,-0.53327256,-0.21833518,0.2977562,-0.4745072,-0.21463327,0.3234444,-0.39555398,0.38226503,-0.0671753,-0.2500661,-0.24552721,0.58892834,-0.8934847
rna|MNDA,0.2551829,-0.20784011,-0.33939347,0.09418043,0.10816856,0.31259543,0.19922023,-0.19493861,-0.33556965,0.34215853,0.18766822,0.13422789,0.20692949,0.20534772,0.50573564
rna|LMO7,-0.27489105,0.25198662,0.36609992,-0.1154202,0.13185738,-0.5432588,-0.06523953,0.051383004,0.11417605,0.04983291,-0.42690122,-0.3123811,0.07142189,-0.11226846,-0.18837631
rna|SNTB1,0.03593601,-0.12596549,-0.34427842,-0.20716839,0.2726356,-0.04651736,0.20303032,0.28695044,-0.602136,0.6425117,0.5901587,-0.24064952,0.07032752,0.25043935,-0.36498034
rna|KLK6,0.5996364,0.5740126,0.45335633,-0.0068172873,-0.2038645,0.11223511,-0.4444147,0.09797811,0.45955428,0.1670051,0.31210715,0.006085842,0.33693856,0.051365264,0.038733654
rna|CDC6,-0.11355694,0.10863188,0.27969757,0.18393591,-0.25108308,0.7227117,0.033038482,-0.6733619,0.20112564,-0.015792143,-0.2599044,0.09490253,-0.042365767,0.19341755,-0.34705523
rna|ZNF341,-0.2641631,0.31198177,0.1152541,-0.19474559,0.28482273,0.019017478,-0.09105566,-0.2490442,0.033189435,-0.08368974,-0.7027672,-0.3434573,0.06284666,0.41059783,-0.08049819
rna|NADSYN1,-0.44757798,0.12959993,-0.11839329,-0.12260453,0.41919902,-0.20835288,0.19015448,-0.29530627,0.08151774,0.20202518,-0.55890685,-0.118726164,-0.16247597,0.57211196,0.36645472
rna|NTRK2,0.6602419,-0.2063658,-0.11397221,-0.1418304,0.1341286,-0.73733485,0.23392464,0.18833813,0.013765769,-0.12036689,-0.32400015,0.08662462,-0.06821758,-0.25165477,0.43777356
rna|UPK3B,0.28598908,0.20309752,0.2544421,0.18411934,-0.04061682,0.31926703,-0.13450551,0.27545983,0.4332157,-0.17486317,0.051256564,0.07714027,0.3094181,-0.031763002,0.43227944
rna|HYDIN,0.33339885,0.21072844,0.33424395,-0.047195226,-0.05288816,0.19399011,-0.32082835,0.4908325,0.40414336,-0.34768087,-0.026398618,-0.34178355,0.5641588,-0.16266398,0.14836043
rna|PKIB,0.2938633,0.07935015,0.25851592,-0.08073368,0.2838442,0.13461839,0.09665012,0.17504023,0.2040271,0.002325421,-0.4036952,0.16251342,0.19740134,-0.36473027,0.26615047
rna|H1-7,0.1881873,0.20187277,0.32512835,-0.04202577,-0.10734044,0.4074199,-0.41027498,0.3760946,0.16078345,-0.20550846,0.0017520536,-0.28344953,0.40848568,0.11673303,0.045813024
rna|RPS7,-0.21432988,-0.30495661,0.25013915,0.3126463,-0.33049384,0.5075961,0.1678218,-0.69060385,0.15233335,-0.29405633,0.13832141,0.08253487,0.19870503,-0.32586393,0.18840873
rna|DEGS2,0.20998186,0.37532926,0.2203216,-0.14049003,-0.09163597,-0.1599335,-0.35983613,-0.10567325,0.19334152,-0.32762963,0.013879168,-0.13893542,0.14158814,-0.00036458918,0.30297714
rna|MSH4,-0.008950937,0.066207804,0.2085908,-0.02109814,0.41467735,0.3381174,0.12835057,0.060872454,0.21039905,-0.15339169,-0.18380876,-0.017130015,0.20655501,0.20165558,0.16775255
rna|CEP55,-0.23903319,-0.17007814,0.110855564,0.35105705,-0.3929791,0.67454636,0.13190074,-0.38879618,-0.13836364,0.5641927,0.006655329,0.14693242,-0.50663924,0.42224297,-0.65411454
rna|MIA3,0.018934065,-0.0033694713,-0.025537703,0.5366194,-0.017289879,0.8588852,0.25523007,0.16186121,0.034532376,0.1512276,-0.2541408,0.67225575,-0.50653213,-0.0692074,0.4068531
rna|NINL,-0.25880688,0.3172128,-0.09829386,-0.17850749,0.3063868,-0.4752325,0.20973578,0.010756117,-0.048150305,0.37283674,-0.5275822,-0.3199497,-0.26056916,0.40162975,0.11328931
rna|FAM149A,0.15921718,0.27852106,-0.14758958,0.12220094,0.11127616,0.023179958,0.19773939,-0.17432077,0.16436975,-0.11285093,-0.23118493,-0.3060155,0.09576088,-0.056130312,0.12828435
rna|SMARCAL1,-0.15386182,0.4529357,0.012371913,-0.054029256,0.5856784,-0.14601398,0.23769316,-0.15032807,-0.105078384,0.4335521,-0.7500802,-0.41141838,-0.19720647,0.8963318,-0.009949601
rna|SLIT3,0.77109826,0.026626097,-0.32840413,-0.19406614,0.14515966,-0.3752934,0.3319466,0.28290355,0.34787834,-0.39052603,-0.3454963,0.17583907,0.043932986,-0.11741265,0.53682816
rna|H3C2,-0.120523304,-0.27574092,0.5398056,0.4674513,-0.24421431,0.742513,0.47739378,-0.5377218,0.3980422,0.15511268,0.042424094,0.2973279,-0.30277643,0.116031595,-0.032681398
rna|SNORA31,-0.024674855,-0.56479114,-0.24818467,0.043574926,-0.7698833,-0.70775276,-0.4479805,-0.12982003,-0.34839994,-0.40646762,0.7140841,-0.33323544,0.10070988,-0.48616275,-0.037887003
rna|ADD2,-0.22803186,-0.051130973,0.026214115,0.016980631,-0.04388235,0.051152404,0.010251712,-0.033055026,0.36700034,-0.03645101,0.11115026,0.100507244,0.3122752,0.032843407,0.23373766
rna|TYRO3,0.1669129,0.59040785,-0.19822752,-0.29016355,0.2995848,-0.054451343,0.20611471,-0.10515335,0.272213,-0.1698497,-0.70434874,-0.20290539,-0.09929405,0.27852613,0.43956408
rna|XXYLT1,0.2945719,0.47200832,-0.42890266,-0.0688939,0.4174689,-0.027443854,0.25484902,0.1389367,-0.00830572,0.5741822,-0.07606767,0.04869258,-0.19463415,0.47066477,-0.68250525
rna|XKR5,0.23920096,0.24136369,0.22929506,0.1665036,-0.06711837,0.4692489,-0.36283693,0.26920906,0.29657537,-0.1479173,-0.2536951,-0.2898508,0.18802434,0.10118092,0.18538581
rna|MROH7,-0.23070092,0.1834043,-0.33922568,-0.3133896,0.109117754,-0.6208898,0.13911958,0.31885424,0.38052306,0.2768816,-0.42267042,-0.60451025,0.35175887,0.31865564,0.43550068
rna|LY9,0.029500764,0.048045095,-0.15987287,-0.014186204,0.30837017,-0.47003558,-0.12296587,0.4954547,-0.127739,0.08552035,-0.09267914,0.45298296,-0.5527108,0.44544366,-0.13553573
rna|DYSF,0.3706705,-0.38123748,-0.12217425,0.20780078,-0.3107703,0.7214333,0.079945624,0.32693964,-0.43943015,0.0043719085,0.449037,0.38021383,0.037046917,-0.3490051,0.5360996
rna|LGALS9B,-0.10757078,-0.16375224,-0.040661413,0.086930774,0.26181605,0.38112062,0.15460311,0.27143118,-0.13672793,0.3743541,0.27624333,0.35298893,-0.36685112,0.335588,0.28218028
rna|PSG6,0.27392903,0.23907179,0.3930991,0.016037596,-0.22566964,0.32463965,-0.30187282,0.29934523,0.2730582,-0.369409,-0.008055038,-0.57963634,0.39215297,0.00925081,0.02678818
rna|MYBPHL,0.1713657,0.3483458,0.34388432,-0.3320474,0.14927545,0.21070209,-0.09946413,0.22038664,0.16372497,0.049802326,-0.07524281,-0.3118821,0.49793175,-0.12818742,-0.024420824
rna|ONECUT2,0.25045714,0.4292283,0.2680641,0.08703933,0.23833305,0.39301172,0.1366082,0.31847188,-0.03242143,-0.068374105,-0.027191281,-0.4081438,0.32927716,-0.1398113,-0.06750577
rna|ATP6V1B1,0.40032244,-0.013633387,-0.13125816,-0.28211254,0.16290379,-0.08165439,0.2527045,0.10769276,0.47823882,0.20708698,-0.361107,-0.17202257,0.6203389,-0.1735394,0.46884552
rna|SH3PXD2A,0.4506592,0.020985426,-0.68297124,-0.05406738,0.20381854,-0.6417571,0.23749714,0.5214572,-0.07339367,0.6128986,-0.14396663,-0.4063128,-0.040300578,0.31419605,-0.48994523
rna|PPCDC,-0.05503468,0.08047085,0.23431294,-0.08184778,0.30116892,0.18845926,-0.063973725,-0.55311835,-0.03702217,-0.34424695,-0.4237786,0.1680228,0.25576857,-0.061412875,0.48967788
rna|HSD11B1,-0.597565,-0.29366302,-0.17883524,-0.20516263,-0.1660702,0.04640903,0.2305242,0.08188029,-0.59165776,0.4941445,0.55617565,-0.6113557,0.17094257,0.12526642,0.48343587
rna|RASGRP1,-0.24331537,-0.22672714,-0.5486354,-0.06428559,0.07236009,-0.4820789,-0.1088289,0.30604872,-0.33478695,0.37131462,0.3168942,-0.04491239,-0.40278977,0.5100765,-0.13297248
rna|NTN1,0.19595681,0.41122302,0.25125742,-0.13131964,-0.06853998,-0.09425022,0.050090503,0.15837885,0.4798887,0.0069661303,-0.02649715,0.11024271,0.30948952,-0.2715877,0.2758258
rna|H4-16,-0.18623315,-0.49254933,0.3855873,0.4660403,-0.4973999,0.5723392,0.27897573,-0.3589178,0.3000002,-0.09032305,0.16753761,0.4295724,-0.35361272,-0.22527228,-0.11824692
rna|OR4K2,0.28059226,0.20538348,0.25458342,0.0417137,-0.23782809,0.42897958,-0.46243024,0.44714996,0.31253198,-0.22889088,0.048120156,-0.5598771,0.2999671,0.026176983,0.19313726
rna|NOC3L,0.19196899,0.15578647,-0.5162362,-0.14706187,0.08281305,-0.48105338,-0.12035333,0.047332257,-0.22229421,0.16819447,0.55572534,-0.40833277,-0.2528289,0.44741386,-1.0597061
rna|DUXA,0.39540756,0.22792982,0.34120667,0.09951741,-0.085972264,0.16364431,-0.13137382,0.40734777,0.34627116,-0.19062023,0.06181389,-0.4805308,0.4691447,0.08184697,-0.005156201
rna|APBB1,0.22041325,-0.03806034,0.024554407,0.38949683,0.053533368,0.55734366,0.005834431,0.06380046,0.49740466,-0.18941945,-0.10031008,0.4418235,0.19387367,-0.095165014,0.67595756
rna|ICA1,-0.15410268,0.21882842,0.029484686,-0.18802266,0.4653855,-0.27693215,0.13265818,0.5188104,0.38498846,-0.04743084,-0.3919887,0.12749287,-0.21551713,-0.1623587,0.6297331
rna|TACR3,0.43199354,0.32615796,0.35775757,0.0864617,0.03463049,0.3624825,-0.3165589,0.49367827,0.27165216,-0.26075593,-0.05124622,-0.15386918,0.37547252,0.08255801,-0.01812278
rna|DDX3Y,0.09851856,-0.13531479,-0.10832215,-0.47230768,0.11569994,-0.4709673,-0.270376,-0.022794561,-0.27550974,0.09575844,0.21634708,-0.20444514,0.1527498,0.1314149,-0.3645302
rna|CPEB1,0.34795025,0.13114728,0.25933403,-0.2485301,-0.18496278,-0.010233637,-0.27524585,0.10975349,0.23659329,-0.470058,0.012202739,-0.5142839,0.2482445,-0.08221284,-0.02937561
rna|LINC00312,0.15004517,-0.025704687,0.16585746,-0.2887191,0.40359804,0.03425959,0.11807406,0.30027282,0.050214287,0.30881155,-0.6492116,0.1937033,0.31222036,-0.2475849,0.19092654
rna|PITPNA,-0.1461113,0.2624782,0.23133554,-0.06491706,0.4110673,0.030142557,0.1730188,-0.2103809,-0.046471223,0.4100522,-0.69542485,-0.2681965,-0.00043298886,0.56011814,0.42305642
rna|SLC44A3,0.46997276,0.087194175,0.07483049,-0.027623972,-0.27789688,0.16691461,0.09136114,0.49238628,0.21950646,0.29612175,-0.13857883,-0.11809793,0.30661866,-0.1836214,0.26765245
rna|PPARGC1A,0.64389867,0.48772871,-0.047870208,0.08893008,0.19231382,-0.06984237,0.43923074,0.19807778,-0.018982122,0.14794469,-0.26558602,-0.024911147,0.100367434,-0.17870954,0.046714667
rna|IGFL1,0.5675481,0.339002,0.3026077,0.08861204,-0.4385235,-0.07896619,-0.5808468,0.07437447,0.43058044,-0.064670086,0.17939837,-0.11481894,0.44908953,-0.040720016,0.29748175
rna|PTCH1,-0.09342222,-0.1475757,0.40181434,0.1919739,0.2114625,0.009721486,0.31116396,-0.20116538,0.37621203,-0.15027532,-0.27100095,0.030112246,0.08669108,-0.16474079,0.2604699
rna|SNORD114-1,0.5775552,-0.7054556,-0.13504356,0.087919444,-0.2408903,-0.31368446,0.52316344,0.21598259,0.17621732,0.41038856,-0.21451883,0.11360729,0.42885387,-0.5911682,0.2075176
rna|ALKBH3,0.0528146,0.14123826,-0.022116147,-0.09838314,0.63893235,0.27692518,0.39478812,-0.03147607,0.32687286,0.14175048,-0.17364843,-0.01579466,0.18518795,-0.0073160487,0.24141403
rna|IER5L,0.15231887,-0.5117169,-0.11821371,0.12843455,-0.105501704,0.52159303,0.5082783,0.1316334,0.24066071,0.47499612,-0.15364057,0.43716452,0.2715392,-0.25682753,0.6812942
rna|PROS1,0.4960161,0.3327892,-0.4178753,-0.23700361,0.6603161,-0.24474421,0.71220905,0.3185555,-0.0404189,0.5971716,-0.38293856,-0.110320926,0.12940039,0.36639133,-0.23141192
rna|ENPP3,-0.15761237,-0.1116934,0.3727789,-0.2805222,0.041811883,-0.2647424,-0.08595999,0.40747735,0.108738124,0.07964229,-0.18207711,0.20743981,-0.17185327,-0.28353378,-0.18521391
rna|GRAP,0.04622164,0.23505561,0.26676354,0.085430846,0.16582082,0.41270775,0.018227523,-0.05183532,0.52911747,-0.3461581,-0.058665406,0.68652266,-0.1455265,-0.17930177,0.19039527
rna|L1TD1,0.16145647,0.08331575,-0.25871244,-0.19644614,0.21497662,-0.29888567,-0.2756495,-0.11993492,-0.15346175,-0.047007054,0.22557887,-0.0826161,0.25275,0.1195091,-0.060519204
rna|TXNDC12,0.021968821,0.3308964,-0.21640626,-0.20207195,0.7277282,0.0043642116,0.5535047,-0.08914591,-0.047228776,0.5148294,-0.5060965,0.011718163,-0.17714436,0.59395987,-0.22853656
rna|LY75,0.04773731,0.002891652,-0.4864189,-0.001992333,-0.095407374,-0.6072209,-0.14983349,0.5434761,-0.12655249,0.39320102,0.47943428,0.0052497284,-0.37273642,0.41446486,-0.7576033
rna|RNASE1,0.9627768,-0.19244139,0.10599789,-0.040772345,0.30922762,-0.123997554,0.6603293,0.08604905,0.1235198,0.20189098,-0.29245386,0.23284133,0.16271032,-0.276271,0.11053861
rna|FGF17,0.17447226,0.14746256,0.35974985,0.14333786,0.051652327,0.20640953,-0.27383783,0.21881488,0.27134684,-0.33616754,-0.17523503,-0.36052218,0.2989717,-0.037026584,0.4347745
rna|FBXO15,-0.10434398,0.522514,0.1533866,-0.04150491,0.38345432,0.17179789,-0.04949337,0.02492756,0.31325334,-0.09907695,-0.4263369,-0.07211981,0.03353007,0.34305313,0.04578253
rna|HPX,0.11865019,0.5606781,0.19858022,0.20289235,-0.052317675,0.11334622,0.03707901,0.2270116,-0.1116826,-0.23166555,0.112530574,-0.40486687,0.26901996,-0.5394854,0.24086976
rna|BEGAIN,0.18701072,0.14988296,0.2729732,-0.029434497,-0.07901835,0.2592252,-0.32515508,0.55898756,0.2211487,-0.069891214,-0.02284175,-0.06876805,0.15802273,0.15765713,0.06430379
rna|ZBTB47,0.07855365,0.14590086,-0.009647215,-0.28961346,0.5911163,-0.2923,0.19030118,-0.033133328,-0.019655775,0.39817828,-0.7042128,-0.53487283,0.27125853,0.47762007,0.41483808
rna|ARC,0.32381764,0.27430725,0.32979718,0.023576023,0.18366651,0.13027968,0.06883638,0.13226609,0.32549128,0.040912725,-0.09188042,-0.13636905,0.20865333,-0.08641881,0.14063267
rna|SRPX2,0.2860645,-0.70142865,-0.15901491,-0.042307094,-0.21311471,-0.43869394,0.36612946,0.116130315,0.07709031,0.72878814,-0.13512048,-0.20547909,0.7644138,-0.40460122,0.09564107
rna|IFIT3,0.20788965,-0.14872852,0.32401323,-0.14399146,0.32593057,0.48554435,0.14212771,0.07592705,-0.38832584,0.42161396,0.22503226,0.38270938,0.49303833,-0.3075282,0.5513513
rna|UTF1,0.37270227,0.35042563,0.28688928,0.11479127,0.13462603,0.37212262,0.005219789,0.38760993,0.35252678,-0.050397553,0.009280274,-0.29695535,0.12647267,0.1939464,0.03422634
rna|OR8S1,0.20706753,0.29256588,0.31184945,0.15334941,-0.12662469,0.2799471,-0.31700486,0.22209576,0.2828585,-0.28726876,-0.15641269,-0.45430863,0.49559516,0.03515927,0.23873945
rna|NPTXR,0.22192027,0.030251015,0.04585515,-0.026754668,0.44356588,0.30907556,-0.10684652,0.556127,0.05554251,-0.07054579,-0.10602235,0.042658582,0.11738092,0.22713499,0.63269395
rna|FOSB,0.52076054,-0.35273126,-0.30338925,-0.1419933,-0.1443289,-0.33711615,-0.16085757,0.2968603,-0.018468007,0.01596527,0.22295056,-0.056564733,0.19479659,-0.093475714,-0.013746685
rna|IL33,0.35285103,0.19376367,-0.7339579,0.22034666,-0.21456535,0.3839348,0.2959651,0.19446112,-0.02973275,-0.0019333379,-0.03149052,0.4405285,-0.54775655,-0.08824981,0.4249978
rna|IRF1,-0.067558445,0.13222633,-0.3815671,-0.5892838,0.39076507,-0.59562844,-0.17650504,0.10471674,-0.6300485,0.37438396,0.33745933,-0.48999244,-0.032682497,0.5734796,-0.06976298
rna|H3C15,-0.16537224,-0.24935828,0.46755227,0.5133929,-0.287222,0.65577805,0.28032595,-0.4286987,0.4338083,0.19836234,0.063791305,0.41979685,-0.29711702,0.12003897,0.06372127
rna|ABI3BP,0.0843295,0.027735205,-0.5937521,-0.06405819,0.091023564,-0.5554595,0.27735963,0.35425842,-0.022069661,0.62612414,-0.041744057,-0.27227992,-0.33329993,0.6116273,-0.346944
rna|FGF12,0.23410064,0.058101032,0.32193708,0.07034938,0.21176605,0.19981705,-0.16323218,0.22394729,0.24910057,-0.3884003,-0.20258482,-0.32587877,0.4081772,-0.2662802,0.20054995
rna|OGN,0.53412455,0.042166706,0.2765794,-0.12936303,0.1257504,0.10675969,0.25895226,0.018777855,0.28559145,-0.033035185,-0.59896773,0.07410618,0.37389654,-0.13961343,0.099142045
rna|DERA,-0.035633564,0.3984329,-0.07394822,-0.13765721,0.6507972,-0.12977932,0.43207046,-0.05599197,-0.24149491,0.62887347,-0.54478645,-0.27299652,-0.40883243,0.68407696,-0.48950163
rna|WDR62,-0.37513167,-0.35499513,0.3243688,0.19167326,-0.28553736,0.115981534,0.11311136,-0.74452853,0.09896777,-0.15782616,-0.13591287,0.077345386,-0.17401421,0.048743684,-0.0711065
rna|ISLR2,0.3113389,-0.09470626,-0.1278226,0.11284092,-0.05180021,0.20995075,-0.048004474,0.42223847,0.25874993,-0.46752292,0.060466513,0.019315125,0.026620306,-0.33708626,0.2331852
rna|GCKR,0.1503846,0.3130974,0.18868424,0.2527208,-0.0015407033,0.2683752,0.15152223,0.22339419,0.36402076,-0.26928976,-0.043023977,-0.49764758,0.38808826,-0.15962052,0.09539435
rna|CTSW,0.48559162,0.033584915,-0.26548862,-0.13966699,0.1271966,0.02933763,0.2744571,0.49762797,-0.05230765,0.17240892,0.62100613,0.01735694,-0.13788886,-0.011565636,0.029148903
rna|KASH5,0.20969497,0.29920018,0.5654287,-0.043095905,-0.044370066,0.425112,-0.35517928,0.12990874,0.31131315,-0.15653576,-0.16830376,-0.36546972,0.29206848,0.090393074,-0.05484879
rna|TRIM2,0.25228798,0.32070142,-0.60759634,-0.2650533,0.24240907,-0.8583536,0.054994967,0.13517702,-0.29017407,0.21406433,0.018484334,-0.44173214,-0.17351359,0.38485816,-0.27129927
rna|TSPAN13,-0.09140241,0.06331869,-0.5622779,0.31694973,-0.21480101,-0.07095432,0.3475037,0.24872263,0.065225825,0.17903128,-0.19031967,0.3517301,-0.69960535,0.19397023,-0.39133653
rna|DMRT3,0.102078795,-0.03508355,-0.34261975,-0.28821817,0.50362384,-0.07508082,0.28363192,0.17925736,0.16955216,-0.33176127,-0.14784782,-0.24869727,0.05535838,0.3173966,0.34992927
rna|ZNF581,-0.3095465,0.20676705,0.1757621,-0.3321248,0.46598783,-0.5613012,0.017950881,-0.37823644,0.07834313,0.10125511,-0.48265317,-0.4832956,-0.03387147,0.4870642,-0.2540315
rna|KBTBD11,0.04129236,0.5036946,-0.37211043,0.01208867,0.3176678,-0.23785074,0.14838384,0.45708713,0.17624237,0.17358094,-0.24129266,-0.024452392,-0.22824246,0.23312211,0.08866026
rna|GPR160,-0.10423296,-0.058838997,0.031793274,-0.23272622,-0.10517678,-0.46946046,-0.20533781,0.085526064,-0.3794426,0.122900955,0.16096975,-0.18078054,-0.20379522,0.057085995,-0.7338469
rna|IGLL3P,0.065178595,-0.04600781,0.46672308,-0.011170637,-0.02486141,-0.0012613964,-0.18963844,0.4933196,0.13173735,-0.2232546,-0.23050247,-0.01561022,0.11534222,-0.073304005,-0.01788992
rna|P2RY12,-0.46306047,-0.12333446,0.13733126,0.04606115,0.12611152,-0.2760385,-0.06685213,0.6737978,-0.03407335,0.04627726,-0.16551012,0.35981637,-0.19743799,-0.2687816,0.14913274
rna|TC2N,0.055848934,-0.15589756,-0.59077084,-0.21604222,0.0432707,-0.43823963,-0.09116512,0.4671792,-0.38585475,0.029768262,0.5462143,0.27401957,-0.5694939,0.1883871,0.007103526
rna|FZD2,-0.025281878,0.06573234,-0.21325108,-0.41313067,0.48784038,0.045581266,0.18306917,-0.1997524,-0.058465242,0.40070194,-0.27079946,-0.33384895,0.14644092,0.40934134,0.21435109
rna|MYL2,0.0011167618,0.16554904,0.43134338,-0.034905635,0.15977845,-0.35446855,0.08267149,-0.15346617,0.07382904,0.25691864,-0.25577965,0.1882823,-0.080445565,0.14616258,-0.27483556
rna|LOC653602,0.3224203,0.4112568,0.31568035,0.10188673,-0.20393705,0.4075536,-0.12972601,0.2522408,0.33887798,-0.0856421,0.09877497,-0.07631664,0.025894934,0.02822191,0.21693899
rna|ALDH18A1,-0.27403262,0.4078273,-0.04844622,-0.17639804,0.37797037,-0.22595894,0.21640263,-0.51698226,-0.027251659,0.16465859,-0.69662195,-0.49337015,-0.1249166,0.42629036,-0.2587424
rna|RETREG1,-0.01077404,-0.12908158,-0.14794298,-0.061665732,0.13210315,-0.27816835,0.053165976,0.51868874,0.118323654,0.2544358,-0.26950672,0.24389745,-0.09358015,-0.081547245,0.17590831
rna|TMEM71,0.34656352,0.26883012,-0.35018057,-0.011648523,0.27045488,0.27944818,-0.19037102,0.38194758,-0.48846966,0.084096596,-0.034543347,0.55198044,-0.40704337,0.0726726,0.34087345
rna|ATP6V1E2,-0.0012281241,0.2778633,0.37659824,0.011076358,0.6990927,0.23822813,0.31999454,-0.31676218,0.22276612,-0.07367194,-0.1890927,-0.18749933,0.2344271,0.31092286,0.11944079
rna|GSTM2,0.25535733,-0.024887493,-0.36625874,0.015312994,-0.09047644,-0.45416424,0.08660736,0.17920531,0.11389154,-0.30046022,0.6695987,-0.15985,0.108664975,-0.1980425,-0.096232556
rna|PDGFRA,0.5191785,-0.6628544,-0.5928179,0.060647856,-0.22418545,-0.5466062,0.43273073,0.5263509,-0.06252425,0.69495696,-0.05596129,0.044713654,0.40771478,-0.2712664,-0.17014472
rna|C1ORF100,0.26558647,0.27852735,0.4720804,-0.08145863,-0.004269093,0.26551586,-0.17578533,0.2464105,0.30118766,-0.17603266,0.056332782,-0.33404326,0.31436527,0.093043126,-0.06270369
rna|GREB1L,0.16315068,0.3810744,0.36611712,0.023108605,-0.0132012265,0.47555184,-0.044860467,0.4129353,0.06492939,-0.13953175,-0.24651712,-0.44258937,0.09762629,0.006194054,0.14803545
rna|CD1D,0.072171524,-0.11114554,-0.005975455,0.14499886,-0.23008429,0.072562866,-0.01297292,-0.17565702,9.057413e-05,-0.6332995,0.2171077,-0.29917878,0.21425936,-0.23430137,0.22090559
rna|OTC,0.21399279,0.44325867,0.22049981,0.20187646,0.07540651,0.033234715,0.2602555,0.32467797,-0.021103855,-0.26434392,-0.04796611,-0.3745399,0.25759038,-0.2938838,0.062189914
rna|HOMER2,0.14331819,0.42558908,0.17587097,0.17818779,0.24710359,0.23061146,0.14301631,-0.14950754,0.14544658,0.053819213,0.14392802,0.296081,-0.09430159,-0.17628448,0.16000482
rna|ZDBF2,-0.15412457,0.10435446,0.48199776,0.13839412,0.15247229,0.16187167,0.17801791,0.05710616,0.09203943,-0.0072027375,-0.496248,-0.19692183,0.03172992,-0.0031024076,0.40632018
rna|FASLG,-0.08050678,-0.10612133,-0.12031111,-0.45801163,0.17610896,0.33005172,0.055917893,0.31969658,-0.45047194,0.34093204,0.53045595,0.2679189,-0.5819583,0.2982515,0.3108926
rna|GDF5,0.28879938,0.28844896,0.31445736,0.16107331,0.054552518,0.23786087,-0.22427881,0.3298731,0.30435467,-0.1945705,-0.054917242,-0.40013993,0.47517854,0.16064176,0.03511831
rna|DNAJA4,-0.0038877877,0.17413054,-0.08431731,0.0945303,0.260935,0.40695244,0.11277124,-0.15320127,-0.07254497,0.4041109,-0.16670321,0.28602543,-0.2914999,0.3792883,0.30425838
rna|BATF2,-0.01564825,-0.07376797,0.21851669,-0.30874032,0.25031084,0.33461213,0.21944001,-0.14135091,-0.6248793,0.30784884,0.21646947,0.015985582,0.17638525,0.09545215,0.7523733
rna|GZMH,0.019963168,0.19165449,-0.05653996,-0.69180304,0.4500148,-0.011219505,0.0035152996,0.06832362,-0.33136645,0.4498762,0.4104393,-0.54756343,0.21379876,0.39489606,0.2523548
rna|CD22,-0.48502627,0.011334513,0.011730487,0.28495353,-0.44829366,-0.52739286,-0.49468005,-0.0010080269,0.3705297,-0.1298156,-0.3067159,0.26325345,-0.43055183,0.22624764,-0.19395575
rna|ZNF287,-0.13758352,0.2921604,-0.053882577,-0.05596271,0.15479645,0.044293325,-0.11806836,0.24342036,0.40680182,-0.04665299,-0.64232206,0.0991506,-0.14111185,0.25047618,0.2776802
rna|ATP5MK,0.088586085,0.18299998,0.051826425,0.14775999,0.09482829,0.505423,0.1616267,-0.25767836,-0.14913279,0.089209825,-0.0880749,0.4346085,0.10064814,0.058847778,0.020934243
rna|MRPL50,-0.06808038,0.14259897,-0.17476097,-0.1890773,0.25270993,-0.3111202,0.1648246,-0.16377674,-0.37056604,0.2723756,-0.19051537,-0.32421786,-0.4125395,0.6275162,-0.8181306
rna|OR10G9,0.18197007,0.18304443,0.35839245,-0.114999,0.028381187,0.29532465,-0.18429959,0.44440693,0.40432474,-0.21568146,-0.1507083,-0.35595402,0.25953415,0.053645507,-0.046280257
rna|THAP4,-0.18178786,-0.37026381,0.43931335,0.4243741,0.060691394,0.5677959,0.4358431,-0.46314898,0.50678277,-0.06768007,0.04154926,0.29614803,0.18025886,-0.26414043,0.57729954
rna|SYT12,0.06509464,0.23071176,0.32009783,0.2179947,-0.0644055,0.19352996,0.17485368,0.43297133,0.20439923,-0.12935245,-0.020868365,-0.2907633,0.048939776,-0.20923588,0.13119783
rna|TNKS1BP1,0.21020654,-0.123680994,0.12191419,0.3493817,0.05430937,0.36589107,0.73116183,-0.23482932,0.25557697,0.43090725,-0.34703037,0.30213872,-0.0026949393,-0.26725918,0.7271166
rna|TST,0.24143045,0.41043562,-0.56084,-0.029549552,0.3565559,-0.25673634,0.55250734,-0.06126602,0.009369185,0.3502873,0.17774585,-0.49032944,0.19901031,0.24767214,-0.21826586
rna|BPIFB1,0.49307367,0.44796908,0.20108181,-0.062033653,-0.2014535,-0.17846458,-0.36816648,-0.03121594,0.46043733,-0.026668092,-0.0314609,-0.09242243,0.36205444,-0.040346917,0.43516153
rna|S100A3,0.28884244,-0.24287917,-0.7059245,-0.2366472,-0.44260067,-0.80970556,-0.093809925,0.13429108,0.43235093,0.54324687,0.7072866,-0.25483266,0.310841,-0.012033724,-0.17106794
rna|MSC,-0.043149002,-0.3345418,-0.4789451,0.5092418,-0.276511,0.72070736,0.16545357,0.44277224,0.4172694,0.4384777,-0.13211842,0.47846225,-0.08489929,0.1118119,0.7098325
rna|SCHIP1,0.17791277,-0.12306735,0.31306413,0.022094788,0.16368482,0.15669942,0.3747825,-0.12487097,0.22589318,0.20985447,-0.3798532,-0.059319504,0.3220597,-0.2670977,0.18547478
rna|SYNGAP1,0.23413788,-0.1875074,0.051792283,0.7369328,-0.31023082,0.8667223,0.23348597,-0.06787186,0.044961862,-0.030418452,0.14454834,0.6879722,-0.37106746,-0.32009265,0.26779145
rna|SYN1,0.07588306,0.22820072,-0.1410052,0.10894984,0.11402221,0.07866255,0.14492092,0.3005105,0.37514937,0.33329502,-0.37760612,-0.35630292,0.6727424,0.07998738,0.34126073
rna|HBEGF,-0.11544695,0.06182308,-0.06706386,-0.049244888,0.11028683,-0.0055655753,0.21825798,-0.016336212,-0.050059743,0.6181168,-0.5135654,-0.10333824,0.5098902,0.020050585,0.16673449
rna|SERPINB2,0.8318894,0.653381,0.19511296,-0.12587434,-0.42565554,-0.32492623,-0.5091605,-0.29242146,0.2975348,0.5836284,0.3766977,0.37525764,0.39603317,-0.18901008,0.18995434
rna|C3ORF56,0.30565098,0.20734103,0.2776149,0.051437333,-0.21097368,0.32272112,-0.4112237,0.34851727,0.19789009,-0.18046832,0.0025058656,-0.43121174,0.25260863,0.072638914,0.025263716
rna|DPH1,0.0072504273,-0.0256136,0.31864527,0.38109246,-0.104242146,0.75070083,0.3079989,-0.22802281,0.16057463,0.16750316,-0.12788557,0.48028392,-0.06767352,-0.36476257,0.4172312
rna|OR6N1,0.283452,0.35976076,0.3669194,0.09030874,-0.021014491,0.27355927,-0.31113464,0.55956537,0.25548008,-0.0866682,-0.111136064,-0.1453929,0.4124399,-0.00777723,0.08139012
rna|MIR298,-0.1314833,0.104025744,0.34583563,0.19513535,-0.011786233,0.1562443,-0.13489197,-0.38529482,0.3263439,-0.13901031,-0.43027866,-0.37374136,0.16767246,-0.083475284,0.30931842
rna|NTRK1,0.23742239,0.15404667,0.24606463,-0.25444493,0.51922035,0.079786785,0.025141077,0.037120417,0.23990503,0.10456214,-0.39596313,-0.21052194,0.52269083,0.1933602,0.3260947
rna|TIAM2,-0.31747785,0.03245943,0.31481522,-0.14732777,0.17195429,-0.105736025,-0.04956865,0.66239786,0.05344143,0.36328667,-0.40808278,0.16307774,-0.06842812,0.13887407,0.15919423
rna|IQCN,-0.020481395,0.06614817,-0.22800659,-0.16771711,-0.014559967,-0.91217726,-0.4344984,0.48427212,0.058821134,-0.44130558,0.3507782,-0.08271329,0.008060284,-0.21928519,-0.025140144
rna|CYP51A1,-0.21358769,-0.06074756,-0.26255572,-0.30651024,-0.010277219,-0.781792,-0.22145253,-0.2383395,-0.4255338,0.008216902,0.22377716,-0.49290657,-0.06045808,0.25173277,-0.76876086
rna|LRP1,-0.017289318,-0.9098456,0.061926045,-0.16571987,-0.21541704,-0.566259,0.3732951,-0.04374389,0.021560963,0.035955254,0.34276682,-0.38136998,0.5906453,-0.73046577,0.6666401
rna|ORC1,-0.37871042,0.024163073,0.47090173,0.066573836,-0.05548815,0.4670313,0.20628782,-0.8095962,0.32426,0.052176468,-0.24185736,-0.4195679,0.010871957,0.21038838,0.004284466
rna|CDX1,-0.3171248,0.4240498,-0.5604463,0.09941333,-0.11357593,-0.21721509,0.1583832,0.28726473,0.77893835,0.255066,-0.33347797,-0.29569444,-0.062044196,0.38248262,0.336483
rna|PPEF1,-0.033336025,0.13296658,0.24341269,-0.103791475,0.31051645,-0.11860564,-0.14847651,0.17582743,0.31597704,0.19302076,-0.5725287,-0.37300363,0.57215685,0.2387607,0.032878388
rna|MLC1,0.036578234,-0.12758765,0.28949034,-0.10265541,-0.08497733,0.25258073,-0.19689722,0.23539771,0.19691989,-0.3381233,-0.10129216,-0.040944137,0.17464626,-0.18037459,0.25027427
rna|FOXA2,0.16009009,0.67447734,0.0820974,0.14047283,-0.16825946,-0.011134955,-0.28065318,0.44629234,-0.08520364,-0.16025549,0.0009222687,-0.6100554,0.5294997,-0.32455942,0.06435046
rna|F9,0.08235661,0.45854658,0.27831328,0.04516654,-0.07696231,0.13260794,0.03315692,0.29720813,0.047163036,-0.29356924,0.301535,-0.6207445,0.33628502,-0.5478915,-0.023457995
rna|C11ORF45,0.22779953,0.010951204,0.4568425,0.11070162,0.05548199,0.5077847,-0.044685435,0.46656024,-0.01977204,0.13899215,-0.24094358,-0.05312581,0.13658397,0.14058203,0.40610868
rna|H2BC9,-0.13692103,-0.049572084,-0.098047644,-0.17643423,-0.019499367,0.18762238,-0.044639505,-0.14548032,0.014743934,0.11233437,0.6548637,0.1838933,-0.4090187,0.18832818,-0.33764246
rna|GSTT2,0.17648388,0.08859389,0.12633738,0.06265771,0.023076324,0.21298717,0.17228428,0.34200713,0.3745631,-0.054691114,-0.19856507,-0.122320026,0.4451455,-0.22596999,0.2363388
rna|FA2H,0.41270694,0.18735695,-0.11810307,0.23565477,-0.25713122,0.30966476,-0.16899958,-0.4008491,-0.029861452,-0.099789396,0.16924646,0.012008912,-0.10880056,0.14167176,0.09355421
rna|YIPF7,0.30701774,0.32426357,0.29835844,0.05152722,-0.053923924,0.24195595,-0.21628127,0.25617042,0.12503453,-0.26607057,-0.16004497,-0.30655888,0.42155293,0.081704155,0.12417536
rna|RALGPS2,-0.11741835,0.05086641,-0.15410006,0.17153281,-0.33502632,-0.6256933,-0.36566427,-0.13183662,-0.11237507,-0.29189566,0.23655444,-0.03139052,-0.414277,-0.018872485,-0.6663422
rna|SPATA31A5,0.42774782,0.21876408,0.25196052,-0.13912952,-0.055225067,0.12715429,-0.29281655,0.44655284,0.4068667,-0.40779796,0.16159238,-0.4397954,0.46037272,-0.057638153,-0.14808303
rna|UGT2B28,0.38370612,0.45123443,0.25549576,0.08986868,-0.14138904,0.034307964,-0.31890103,0.55715895,-0.12243994,-0.18880361,0.016636152,-0.6510956,0.28125662,-0.16062944,-0.14389777
rna|RRAS2,-0.3890961,-0.13812825,0.3375327,-0.113269605,-0.23842505,-0.5510431,-0.14727663,0.273315,-0.2360331,0.2387026,-0.141903,-0.070249714,-0.49056497,0.1584063,-0.7290288
rna|GAD2,0.16613588,0.3580931,0.38397014,0.042745374,0.073178366,0.28278744,-0.25802422,0.36390153,0.15901501,-0.20809384,-0.16155967,-0.3386533,0.46855476,0.038171347,-0.124927565
rna|SH3BGRL2,0.67968976,0.41022053,-0.8626676,-0.27266043,0.105005234,-0.7174125,0.15499882,0.449732,-0.07606721,-0.15695836,0.20766802,-0.15024821,-0.2430733,0.0030169562,-0.1482272
rna|ADRA2C,0.36828092,-0.15011597,0.23612253,0.21398579,-0.12735398,0.42252982,-0.11544505,0.32161182,0.2365518,-0.37129143,0.047219615,-0.08231111,0.12137429,0.043320157,0.3007913
rna|MSX1,-0.0543398,0.15219814,-0.12860194,-0.33123958,0.22775607,-0.6662591,-0.07480151,0.20413972,0.4153903,0.27409118,-0.5711026,-0.57322615,0.3614472,0.21607554,0.00020286372
rna|CCDC144A,-0.18315306,-0.46497482,-0.08925487,-0.3285402,0.21630794,-0.46377096,-0.08581119,0.11657729,-0.14996491,0.091287665,0.25425202,-0.101614766,0.081842236,-0.11363281,-0.060368225
rna|PRB4,0.22370566,0.24788816,0.32330504,0.20781973,-0.091753416,0.16346613,-7.228481e-05,0.20119324,0.11101948,-0.17935838,0.15279302,-0.44672137,0.09618638,-0.17000926,-0.077977195
rna|TAMM41,-0.10403007,0.21401367,-0.075572595,-0.2498926,0.4332402,-0.2396733,0.21522011,-0.22489181,-0.22057182,0.37672886,-0.5262481,-0.14944984,-0.14329591,0.49732298,-0.25675982
rna|LACTB2,0.06871245,0.11144944,-0.43483567,-0.36079034,0.042157944,-0.4399872,-0.15725406,0.12723888,-0.5671661,0.20368938,0.433709,-0.27392563,-0.14984977,0.2547489,-0.8709884
rna|RANGRF,0.0857897,-0.21456033,-0.46232575,-0.289711,-0.19026648,-0.8108975,-0.33566007,0.1199933,-0.20684735,-0.19401853,0.82057464,-0.4754145,-0.045494486,0.1456595,-0.76456106
rna|ELAPOR2,0.12111321,-0.46188542,-0.13414668,-0.14461721,-0.112438105,-0.6375179,-0.25453192,0.17002593,0.0071708467,-0.31201985,0.31894282,-0.071445934,0.15285797,-0.43631825,-0.27731127
rna|MIR554,0.3850314,0.5146944,0.4862332,-0.08220739,0.20444232,0.047945168,-0.09817962,0.034269027,0.33609042,0.1092156,-0.024835002,-0.15033542,0.23453937,0.026865281,0.15392458
rna|SNAR-I,0.30647153,0.087912396,0.18966901,0.055131674,-0.1591803,0.4474635,-0.28068107,0.13415512,0.12960063,-0.2490667,0.06389109,-0.3433998,0.12574354,0.051688734,0.08613538
rna|MIR7-3,0.1936975,0.363626,0.3640677,0.060703553,-0.023699183,0.49180737,-0.29110807,0.38987795,0.15409258,-0.097684145,-0.022651196,-0.4782077,0.191381,0.1029288,0.057954516
rna|OR5P3,0.4572465,0.34463203,0.3431296,-0.077240005,-0.09622905,0.2639152,-0.33130953,0.44293573,0.22546782,-0.12082902,-0.10660552,-0.35037187,0.35818562,0.020555941,-0.085202105
rna|FGF9,0.3006787,0.2329493,0.1714817,-0.33589324,0.24577402,-0.18124387,-0.1942333,0.18888249,-0.020346815,-0.08945185,-0.3611516,-0.17310834,0.21343252,0.30400226,-0.011782004
rna|LALBA,0.30298698,0.3425313,0.41698813,0.1081814,-0.17733687,0.35670483,-0.283206,0.33333737,0.30315706,-0.29191977,-0.035579946,-0.37362412,0.2664811,0.03280508,0.07973801
rna|CENPM,-0.48463863,-0.18200971,0.7253678,0.32230863,-0.30092722,0.6061061,0.18873185,-0.564168,0.42218384,0.23332033,-0.31144187,0.27793226,-0.23536511,0.31837976,-0.07333685
rna|LINC01548,0.3012218,0.15936153,0.49314398,-0.086162515,0.050205793,0.3095072,-0.14251949,0.296979,0.3779473,-0.33562583,0.03005955,-0.41131625,0.43885317,0.0033427337,0.024474338
rna|CLDN17,0.29375935,0.31640086,0.56669486,0.048983194,-0.25847805,-0.0191261,-0.3798337,0.16386431,0.25354376,-0.262388,0.12165476,-0.22715025,0.45877877,-0.14468375,0.20018543
rna|OR56A4,0.21688253,0.3492502,0.4814726,-0.012515132,0.06793654,0.2893897,-0.102935426,0.4174718,0.19456382,-0.17593347,-0.25084114,-0.27671325,0.45561484,0.08567382,0.008709794
rna|RASGRP4,0.51514137,-0.01445573,0.061270792,0.4375416,-0.06022996,0.40319788,-0.024735909,-0.3626622,-0.3699369,0.020089494,0.18396862,0.17946528,0.21454832,-0.053009313,0.50645053
rna|SNCAIP,0.46926412,0.28419852,-0.45920607,-0.18079947,0.3947242,-0.31174287,0.18446201,0.51477706,0.29271427,0.21804795,-0.46341458,0.19939505,0.009615814,0.18676929,-0.07765203
rna|MEF2C,-0.18154553,0.3169585,-0.27042282,-0.026602434,0.33824873,-0.32649493,0.082671754,0.24364026,0.0363723,0.40358555,-0.510376,0.09181874,-0.42754894,0.4040885,-0.69439536
rna|NOVA2,0.15306215,-0.028545829,0.08688061,-0.23959832,-0.014795514,-0.08047028,0.06827847,-0.0634557,0.5376098,-0.539978,-0.044810314,-0.380502,0.50537217,-0.39640975,0.49130753
rna|PLA2G4C,-0.09629055,0.48522198,-0.4046192,-0.37897918,0.6680657,-0.26011732,0.22025494,0.34985963,-0.027714636,0.34772623,-0.39913902,-0.4566395,-0.09172657,0.633772,0.12668225
rna|NAA11,0.3864194,0.13159397,0.26032886,0.12502441,0.116029814,0.31883472,-0.36703774,0.2636582,0.12184946,-0.29362488,-0.07146278,-0.38275084,0.361339,0.041990913,0.17072748
rna|PHACTR3,0.31445974,0.30237108,0.18127868,-0.09367489,0.008173476,0.20019265,-0.28324807,0.50691026,0.21591187,-0.27467427,-0.013605076,-0.3655969,0.40264562,0.046233386,0.240814
rna|HASPIN,-0.22983402,-0.32020742,0.50138754,0.26068738,-0.31598386,0.55455536,0.3086661,-0.61608803,0.070856586,-0.115399644,0.16490427,-0.02178842,-0.050929196,0.0627832,-0.010890167
rna|RASL10A,-0.13739602,0.057124987,0.030822612,0.04245101,0.15303387,-0.6550302,-0.060300596,0.30828792,0.27146465,0.120882675,-0.34100366,-0.10244643,0.038405217,0.08463087,-0.26428166
rna|APOL4,0.017556742,-0.34518352,0.16548932,-0.23490025,0.42822924,0.40631756,0.25839412,-0.029625438,-0.40269372,0.45805627,0.28938,0.09211677,0.18559624,0.1763533,0.5471234
rna|CTDSPL,0.20752761,0.23802327,0.057554115,-0.5077857,0.433225,-0.40903413,0.26711327,-0.054511297,0.07097151,0.21175094,-0.5033313,-0.28526086,0.29851803,0.022909928,0.46063283
rna|PDZD2,0.3795389,0.12937121,0.4479407,-0.081159964,0.09862452,-0.08161421,-0.055095747,-0.3295371,0.015329054,-0.14211546,-0.115394406,0.17374042,0.12342919,-0.07134003,-0.05041107
rna|STON2,0.42459172,-0.039520163,-0.28493616,-0.14289856,0.2639733,-0.09659778,0.51672304,-0.29032692,0.017015537,0.07483733,0.047981303,0.4287261,-0.15584396,-0.14216833,0.7206899
rna|GTSE1,-0.31580582,-0.02161734,0.3372042,0.24310143,-0.1993992,0.6006301,0.35219207,-0.64251316,0.13122113,0.36901143,-0.30895156,0.079621375,-0.3894066,0.43428728,-0.33098793
rna|LUM,0.24824336,-0.7785524,-0.3436285,0.13011348,-0.24352588,-0.42670318,0.59191614,0.49153632,0.12459019,0.81058854,-0.22713533,0.06366625,0.016298136,-0.10276991,-0.26289126
rna|PGF,0.16046587,0.065294914,-0.17062993,-0.30342773,0.18984303,-0.09732389,0.20295943,-0.10195167,0.74300045,-0.059630252,-0.31606042,-0.36817348,0.19448757,-0.034633517,0.6553458
rna|AOC4P,0.21987322,-0.021314258,0.48247185,-0.019872589,-0.14958814,0.016057165,-0.22745442,0.38963002,0.30067855,-0.083465934,-0.12377465,-0.44316006,0.42369455,-0.15218297,0.028130649
rna|KRTAP5-8,0.2645965,0.37447008,0.4422687,0.047696676,0.08752831,0.4280288,-0.2715927,0.44934717,0.22994307,-0.12487475,-0.18542321,-0.19174823,0.44120347,0.053378396,0.028369369
rna|DAGLA,-0.13953951,0.08565657,-0.07119736,-0.26694536,0.22457027,0.31966457,0.29226416,0.12853311,0.103796415,0.45936832,-0.2760707,-0.17375253,0.33057252,0.13300982,0.38646916
rna|LSAMP,0.078640446,0.029446108,-0.053880684,-0.061933316,-0.14276183,-0.2359062,-0.02009333,0.18661629,0.13984486,0.0106721455,-0.3318225,-0.038960617,-0.39890814,-0.050622784,0.15915662
rna|PCDHGA4,-0.41398343,-0.022939617,0.5409021,0.14413899,-0.0041142846,-0.10494978,-0.0610416,0.41841203,0.33517647,0.038662992,-0.39308506,0.13449095,0.2698839,-0.19591156,0.082266845
rna|TRIB3,-0.35271525,0.4741054,0.0133512085,-0.40247527,0.3714514,-0.4477787,-0.12147845,-0.5798103,-0.10907503,0.0286039,-0.5420917,-0.9123256,0.006483342,0.47755656,0.039114375
rna|COLEC12,0.38008496,0.17508857,0.015062305,0.32468268,-0.44005784,0.49135235,-0.056787647,0.37070942,0.45071712,-0.19732739,-0.14976877,0.053141855,0.010829022,-0.07621065,0.09837467
rna|KCNIP2,-0.31339386,-0.10630603,0.24276498,0.5697859,-0.0310335,0.169154,0.30383438,-0.09881213,0.31317252,0.09593408,-0.35345927,0.20099616,0.061920132,0.013916118,0.4537689
rna|LILRA1,-0.058811873,-0.13891098,-0.50433725,0.029325703,0.11619648,0.28988257,0.17928535,-0.17802949,-0.50981885,0.07741877,0.45824683,0.10935337,0.035685275,0.065526985,0.49740908
rna|CMBL,-0.27408147,0.22110505,-0.0506675,-0.1560891,0.16647682,-0.18710133,0.3620954,0.10879555,-0.17363465,0.06320835,-0.5948527,-0.51153576,0.41771773,-0.2313894,0.3618698
rna|TMEM54,0.17860812,0.27253422,0.033451904,-0.06367469,0.2847517,-0.13003723,0.42190748,-0.45870116,0.39603552,0.26525152,-0.30229416,-0.16504271,0.41528305,0.036881726,0.51560414
rna|CHD1,0.21049194,0.13888569,-0.64830875,-0.11404765,0.12246037,-0.5058796,-0.27897283,0.25482336,-0.61811113,0.20335135,0.28353828,-0.18779121,-0.28827986,0.5070114,-0.893191
rna|G2E3,0.07227519,-0.13330606,-0.49376595,-0.018866725,-0.37213337,-0.25684538,-0.5388188,0.3242659,-0.40558842,-0.076708615,0.58700454,0.17509378,-0.35471386,0.05043797,-0.9375487
rna|CMPK2,-0.058782496,-0.32204086,0.51390994,-0.18665281,0.4251822,-0.047613986,0.1367961,0.077742994,-0.1905633,0.035326444,0.060578328,0.23546651,0.15247862,-0.14155142,0.49604905
rna|GCGR,-0.13532706,0.5991368,-0.34161854,-0.09878415,0.079044476,-0.13065436,0.17377526,0.05486911,-0.037569094,-0.031988572,0.29863617,-0.3132885,0.087739,-0.19279133,0.29986736
rna|ZNF660,-0.118921824,0.12963843,0.4247994,0.10935168,0.30523512,0.18836048,0.06408577,0.40909016,0.0962678,0.3210968,-0.5588224,0.32478386,-0.12022713,-0.016136354,-0.14919882
rna|FCN2,0.1927374,0.58953434,0.1562702,0.1635668,0.091675356,0.11701794,0.070883706,0.28773412,-0.115603074,-0.1570484,0.055490185,-0.6462905,0.4246105,-0.39310938,0.25385824
rna|SNORD9,-0.10043072,-0.58546066,-0.16755845,-0.028177515,-0.63967943,-0.6165176,-0.40433118,-0.0385884,0.00994333,-0.65274596,0.7463162,0.0025835766,0.07428833,-0.58064944,0.16551171
rna|RHPN2,0.18986078,0.46369213,-0.27639002,-0.18157949,0.111916564,-0.16866723,0.1724854,0.08525792,-0.25672823,0.07783373,0.465851,-0.2951564,-0.20464432,0.009474433,-0.56460065
