,F1,F2,F3,F4,F5,F6,F7,F8,F9,F10,F11,F12,F13,F14,F15
rna|HLA-A29.1,-0.014259104,-0.07998581,0.25733706,-0.14966297,0.14616244,0.07232006,0.1828897,-0.14158367,0.14590159,0.15430784,0.23432964,-0.056063183,0.10218029,0.032078456,-0.04684076
rna|HLA-DRB5,0.052598372,-0.2192822,-0.21014227,-0.37323448,0.011665738,-0.13196844,0.30818158,-0.09199841,-0.4044789,0.18235055,0.37640646,-0.2312023,-0.12242554,0.17594625,-0.2971133
rna|USP9Y,0.49023342,-0.31961393,0.031594504,-0.47318658,0.08901181,-0.5453453,-0.2903062,0.25209206,-0.30821386,0.10566666,0.69389254,-0.37377343,0.12745203,-0.22706531,-0.418397
rna|HLA-DRB4,-0.20255883,-0.25690818,-0.016471334,-0.3127331,0.39335513,-0.27483648,0.210525,0.33430314,-0.22175737,0.08081999,0.33435714,0.0032150347,0.041538812,0.22261849,0.10108352
rna|REXO1L2P,1.3624375,0.49567294,0.41689426,0.61240464,0.5700524,0.3629498,-0.78695476,1.0363126,0.117124125,-0.5568393,-0.5704149,-0.69083655,0.91169655,-0.33675915,0.03845598
rna|REXO1L1P,1.3318573,0.47428593,0.4899812,0.7153235,0.5865241,0.3928421,-0.88047713,1.0993708,0.29576865,-0.57249695,-0.40332475,-0.81433755,0.9341927,-0.3905473,-0.038139302
rna|KDM5D,0.37002644,-0.25354442,-0.017744036,-0.2426115,-0.0932349,-0.42881626,-0.27443346,0.30678123,-0.33924106,-0.00618235,0.69674754,-0.20328255,0.16014966,-0.17201707,-0.30864325
rna|SERPINA9,-0.28100303,-0.31603664,0.6371164,-0.12319477,-0.5400354,-0.40230668,-0.47022402,0.837615,0.48207167,0.3104594,-0.2562817,0.35594678,-0.20024382,-0.45612407,-0.6307339
rna|GAGE4,1.2788073,0.55332035,0.36568326,0.566452,0.54122376,0.49923295,-0.8017547,1.0193088,0.37521467,-0.6294657,-0.54132056,-0.6377648,0.8599998,-0.2667827,0.052765183
rna|KRT14,1.2247921,0.4564822,0.4344478,0.10205607,-1.2233167,-0.017047403,-0.8943967,-0.860576,1.1964858,1.0291678,0.20617303,-0.53411657,0.85528934,0.29718694,0.6711702
rna|DUX3,1.2759265,0.34788164,0.41288632,0.5410592,0.34184396,0.20851035,-0.88224894,1.118612,0.036749434,-0.7073862,-0.23550694,-0.7505768,0.9314276,-0.3336741,-0.00030432516
rna|FSTL5,-0.007916837,-0.23510271,0.17669596,-0.23220928,-0.09873245,-0.13942657,0.40240768,-0.1758748,-0.16832572,-0.23483609,0.03593764,0.04059173,-0.0555716,-0.052074052,-0.26247042
rna|RAB25,-0.035495434,0.37394544,0.43456134,-0.21908687,-0.38539875,-0.12662846,-0.23431863,-0.26030883,0.20268142,0.56066275,0.06024784,-0.41667113,0.040459964,0.14647861,-0.2651357
rna|ORM1,0.056023017,-0.09514895,0.13037781,0.39051667,0.20162213,0.1471077,0.36405623,0.16959745,-0.6760557,0.65113735,0.31248692,-0.23282894,1.0030547,-0.3785479,0.17634551
rna|DUX5,1.2204655,0.4587956,0.3541985,0.63141227,0.40802822,0.3905958,-0.8271948,1.0206095,0.1286621,-0.59291893,-0.40458938,-0.6234498,0.9170684,-0.29945898,-0.011340144
rna|HLA-C,0.37666115,-0.21745983,-0.5396842,-0.36034214,0.18507947,-0.4483688,-0.02151396,0.335219,-0.6730912,0.08850467,1.0757086,-0.4426642,-0.16500951,0.4997318,-0.5765511
rna|RGS13,-0.2761006,-0.55744886,0.3846054,0.38852036,-0.18080688,-0.10404101,-0.08653447,0.2215502,0.050092585,0.17668031,-0.006534776,0.5811657,-0.38649273,-0.034229238,-0.5091221
rna|FDCSP,-0.24800387,0.48108888,-0.27428132,0.09206166,0.61212236,-0.46170092,-0.39651942,0.528485,0.95521617,-0.3483541,-0.3313838,0.5453207,-0.54673666,0.29055884,0.6235307
rna|GAGE12J,1.2008322,0.53079104,0.3726769,0.56847715,0.46913052,0.5044366,-0.7761659,0.90539205,0.37981907,-0.6779722,-0.4573369,-0.6281472,0.8268228,-0.27244103,0.054444555
rna|HTR3A,-0.46544588,-0.26630875,0.33272892,0.24798572,0.10764665,-0.4474121,-0.39032915,0.42830905,0.4419995,0.100758344,-0.4710404,0.34270394,-0.0475228,-0.45515326,-0.25950372
rna|USP17L2,1.243824,0.56496805,0.5792252,0.46923512,0.32727742,0.24699225,-0.6821991,0.94696236,0.1290237,-0.5665612,-0.4650403,-0.9697968,0.93648297,-0.1957109,-0.08368452
rna|DUX4L1,1.2085527,0.30943704,0.53328264,0.8455299,0.30709502,0.4636836,-0.9234138,1.0112848,0.24056908,-0.58484495,-0.28510955,-0.32988432,0.80228263,-0.2907848,0.13479058
rna|MUC16,0.06660987,-0.012031422,0.41756338,-0.6769458,-0.009956272,-0.69530123,-0.42902744,0.6540865,0.16508642,0.22251968,0.14279635,-0.064504966,0.07195867,-0.03167186,0.14562552
rna|COMP,0.78223264,-0.4076688,0.47944355,-0.5530806,-0.013569647,-0.5807329,0.032029986,0.029643847,0.13296893,0.61787474,-1.0737833,0.06849878,0.20876917,-0.85569483,-0.20691238
rna|PRR20C,1.1871374,0.45430118,0.5033731,0.7999737,0.46572736,0.5101281,-0.9154173,0.98911554,0.22428195,-0.7711889,-0.2742201,-0.6631532,0.8936968,-0.38486865,0.18249999
rna|TXLNGY,0.2261085,-0.051205184,0.16289966,-0.23274708,0.07752467,-0.30903563,-0.05627901,-0.052809052,-0.010950437,0.14625682,0.2078507,0.010037479,0.053076256,-0.14284587,-0.117700145
rna|KRT6A,1.0842364,0.3428521,0.3051602,-0.3251211,-1.2406873,-0.31480592,-0.75446594,-1.1930068,1.1622975,0.89120036,0.43709758,-0.39079094,0.77877843,0.2625981,0.70460474
rna|KRT5,0.75865513,0.39658406,0.46288595,0.085404545,-0.8025122,0.16009188,-0.7047812,-0.6359214,0.9810388,0.914098,0.23980169,-0.16101263,0.37586436,0.5354891,0.5667464
rna|DUX4L6,1.1805519,0.35852733,0.4804998,0.69615144,0.17863153,0.4112094,-0.81770086,1.0076624,0.17696863,-0.6573318,-0.15788396,-0.32315034,0.8923109,-0.4012401,0.09364514
rna|SPRR2E,1.1356903,0.66030604,0.5225187,-0.15541989,-1.0416452,-0.027345048,-0.83857024,-0.6656079,1.1429014,0.66258854,0.21136369,-0.7111076,0.957131,0.26153803,0.49465722
rna|GAGE12C,1.2487136,0.47085044,0.28120166,0.46463054,0.45100242,0.3854015,-0.64798224,0.84502,0.34302074,-0.61085224,-0.4639354,-0.7844343,0.9116329,-0.16035132,0.0581309
rna|ZYG11A,0.043622635,0.18663825,0.06085104,0.40524969,0.110563256,0.48460448,-0.17086288,-0.3542265,0.053774234,0.04866684,-0.3596097,-0.14996713,0.17773469,0.08468379,-0.10221463
rna|PRR20B,1.132031,0.63767946,0.47329733,0.85895413,0.49621907,0.46267942,-0.8562762,1.0085824,0.34575182,-0.55070883,-0.39847338,-0.6184401,0.9110346,-0.23472376,0.08316185
rna|RPS4Y1,0.39129627,-0.22287607,0.1907751,-0.32333994,0.040580746,-0.28237906,-0.06035187,-0.07102961,-0.21450493,-0.03443654,0.29567567,-0.35447952,0.16610497,-0.3131701,-0.19460797
rna|KRT13,1.0366672,0.40372032,0.3561749,0.38259944,-0.7040539,0.34645075,-1.2351835,-0.3714459,0.8138672,0.40732202,0.31882793,-0.6231997,0.8548594,0.2630479,0.5760992
rna|PLA2G2A,0.91205287,0.05661025,-0.1747044,0.018449146,-0.36157706,-0.38288623,0.065850355,-0.08079398,0.37641528,0.63380635,-0.8565781,-0.05293676,0.42119426,-0.49117893,0.34168628
rna|SNORA38,0.43485627,-0.5032002,0.29057777,0.36891776,-0.35224062,0.0012527084,0.104236625,-0.28119403,0.057403054,-0.20097917,0.23892939,0.23924448,0.1054187,-0.39842638,0.27772066
rna|OR4F17,1.1479782,0.2524077,0.47802427,0.81960374,0.3532246,0.5269492,-0.8681955,0.8670454,0.24223801,-0.72182995,-0.32099003,-0.6803322,0.8733235,-0.21665329,0.10285285
rna|KIAA1549L,0.22664441,-0.17985864,0.40765867,-0.7958547,-0.40434375,-0.4814628,0.027850103,0.266113,0.1993665,0.40821835,-0.3745746,-0.17581102,0.16233213,-0.31402844,-0.5893014
rna|MYOCD,0.49349618,0.31980804,0.23472828,0.6395592,-0.021193907,0.5462094,-0.035291515,0.101513855,0.32511708,-0.063512735,-0.47694495,-0.12756498,0.34701645,0.042141076,0.068079524
rna|EVPL,0.6055963,0.6168094,0.35135975,0.010919594,-0.54880285,0.10812401,-0.116630994,-0.94702536,0.74931496,0.4076425,0.058760323,-0.5212749,0.44412547,0.4714414,0.38677016
rna|KRT17,0.5687522,-0.2640267,0.15937251,-0.5291676,-1.4567014,-0.5727473,-0.54249424,-0.8910422,0.4885111,0.98380303,0.732619,-0.11913813,0.56142277,0.046588488,0.37030602
rna|KRT6B,0.9175884,0.2300388,0.29507324,-0.19785522,-1.3744173,-0.2367028,-0.83937407,-1.1572156,0.8888151,0.9673317,0.6140626,-0.4479087,0.5978682,0.42415753,0.50953025
rna|KRT6C,1.1164606,0.19129443,0.34776598,0.49538666,-0.9868929,0.06000836,-1.2460039,-0.35518536,0.7388362,0.37043086,0.44351515,-0.6926639,0.8929459,0.21298566,0.47954503
rna|ESPN,0.6392565,0.6659846,0.49137178,-0.020985661,-0.16213515,-0.16994588,-0.12237054,-0.031849,0.24259827,0.39527932,0.12835129,-0.45279428,0.24283047,0.0416797,0.588508
rna|FCER2,-0.026376918,0.36802295,-0.17662576,0.13466114,0.018622722,-0.5695187,-0.45965138,0.68725,0.55073357,0.012633011,-0.35616404,0.72123057,-0.41960916,0.15095784,0.27655917
rna|HLA-DQB1,0.1827732,0.068245396,-0.037485007,0.22519352,0.2086575,-0.26973945,0.012852932,0.41925576,0.021222213,0.16652729,0.44963345,0.46118423,0.12371836,0.24700522,0.11459173
rna|CCDC190,1.1115823,0.4975482,0.41256303,0.45102105,0.3087319,0.26811263,-0.8066504,0.64373475,0.30000353,-0.37989086,-0.30891478,-0.8047109,0.8394027,-0.06182926,0.13976277
rna|ACY3,-0.24290088,0.26564944,0.74803686,-0.26359642,-0.007852786,-0.2393253,0.031778198,0.124699675,0.08253265,0.24320933,-0.11043516,-0.26224658,-0.23047276,0.06559133,-0.79817045
rna|LINC00885,0.21182007,0.64615804,0.45666072,0.049392086,0.33716923,0.2983616,0.25694266,-0.8029093,0.28540772,0.203239,-0.2214564,-0.6149419,-0.012400814,0.67368346,0.41458166
rna|NLRP4,-0.08596061,0.09706907,0.92214423,-0.3102384,-0.19382979,0.07324365,-0.047675274,0.61343014,0.25402555,0.033320203,0.023446202,-0.010242939,0.1939653,-0.21190389,0.079644896
rna|POM121L12,0.9221615,0.5994181,0.6780423,0.8350175,0.20805158,0.6391091,-0.6432161,0.80737436,0.17221779,-0.58272374,-0.15385172,-0.1455249,0.7178178,-0.16705944,0.12924676
rna|CILP,0.12868892,-0.8233835,0.25404507,-0.19914748,-0.35193717,-1.0072347,-0.06928107,0.5448415,-0.016046835,0.47766992,-0.5522235,0.20286518,0.3488685,-0.6858619,-0.61834645
rna|SPRR3,0.8641763,0.4256402,0.4698427,0.012765668,-0.8925205,-0.11289617,-1.0392506,-0.7221461,0.68261087,0.58764374,0.34504718,-0.63130367,0.78181684,0.29560646,0.50591266
rna|SOX11,0.70524454,0.3568401,0.352866,0.65893054,0.11629349,0.56788146,-0.7515638,0.51290953,0.3369606,-0.45419443,-0.17118756,-0.4443534,0.70352185,-0.23329942,-0.0497905
rna|VPREB1,0.12196295,0.59639746,0.017208526,0.029427718,0.22276692,-0.17017548,-0.064968355,0.18338127,0.4377829,-0.34940097,-0.43064284,-0.082181655,-0.12485071,-0.015763646,-0.24028641
rna|SLC6A11,1.1568747,0.45048794,0.41699103,0.8464937,0.09535956,0.6661881,-0.908435,0.56620157,0.5395307,-0.2283354,-0.16692452,-0.37329683,0.72221476,-0.19076091,0.40051407
rna|MT1H,0.21834521,-0.17203635,-0.07610271,0.12222277,0.4650831,0.93604195,0.8020117,-0.31656602,-1.2564325,0.8741267,0.9024641,-0.3100385,0.38905233,0.1883132,0.3212105
rna|NIBAN3,-0.17281236,0.15489689,0.09568117,0.47918716,-0.34535104,-0.58326066,-0.06776406,-0.26688614,0.39441648,-0.09563944,0.013945359,-0.005114719,-0.092796065,0.75343865,-0.67371595
rna|CALML3,1.0746242,0.45108685,0.34014037,0.17496258,-0.8386595,0.23024009,-0.89454854,-0.42598477,0.901708,0.6200479,0.25694653,-0.28942847,0.71980715,0.22088315,0.66973585
rna|SGTB,-0.19102451,0.1296407,0.077157706,0.0446869,-0.025814818,0.024808347,0.07598736,-0.018956285,-0.10985228,0.3381496,-0.0989472,0.14742817,-0.05632917,0.20460384,-0.10938772
rna|SFN,0.47482353,0.35463,0.22100332,-0.18688527,-0.7772781,-0.03179249,-0.0544797,-1.2708362,0.81411874,0.7726177,0.020064598,-0.3708191,0.51419026,0.3327301,0.4895897
rna|SBSN,0.58079267,0.31394833,0.062086355,-0.46452567,-1.0549893,-0.20126848,-0.43448627,-1.280883,0.77147657,1.281386,0.3470662,-0.0720603,0.27419734,0.253772,0.33491048
rna|HRK,-0.22230518,0.36945042,0.124971814,0.18407682,0.17894368,-0.49285838,-0.2662551,0.15338294,0.7297198,-0.073440745,-0.25780514,0.07582872,-0.25442883,0.3754834,-0.5342613
rna|UMODL1,-0.21360524,0.0743704,0.19238357,-0.042166103,-0.39204094,-0.120861866,-0.13698159,0.17242856,0.28761148,-0.1519501,0.00086228695,-0.19415486,0.43118998,-0.20194322,-0.49414596
rna|GAGE12B,1.1198148,0.37672636,0.36133233,0.50025487,0.37305832,0.26323542,-0.67937326,0.96857077,0.16908939,-0.6158309,-0.3204005,-0.6546057,0.7214654,-0.14473864,0.052296285
rna|APC2,0.7613145,0.28266367,0.5814694,0.8980441,0.21949698,0.6992451,-0.8539686,0.7135744,0.37188146,-0.68603206,-0.20100284,-0.17412548,0.57902324,-0.30415744,0.15563388
rna|SYT17,-0.083622314,0.38958573,0.7129554,-0.42438272,-0.09703255,-0.25784203,-0.10518257,0.5675359,0.098944,0.21844526,-0.06868854,-0.2741284,-0.097190514,0.06048886,-0.1344224
rna|PMEL,0.221272,0.2652684,0.3117788,-0.007748168,-0.08496507,0.25269905,0.018606512,-0.06411674,0.28982386,0.15344365,-0.39308771,-0.58741385,0.2906028,0.14668423,0.23433775
rna|CES1P1,0.1983471,-0.19718885,0.17900012,0.18623056,0.041149165,0.11996499,0.23378311,0.1713615,-0.19747813,0.86425745,0.22762744,-0.04752898,0.9575674,-0.36817008,0.31994078
rna|FAP,-0.040818185,-0.63055795,0.2004504,-0.41286087,-0.1930802,-0.23315687,0.35140938,-0.36434102,-0.022445396,1.3882098,-0.73039556,0.7678576,0.21263243,-0.99310046,-0.5178096
rna|TRIM49D2,1.0551075,0.45591107,0.58759356,0.61934614,0.43643343,0.4622784,-0.7630562,0.7405064,0.32309806,-0.3683907,-0.41361883,-0.63298905,0.81597704,-0.17680015,0.048990164
rna|MAGEA9B,-0.15293074,-0.4154405,0.25411645,0.042056143,-0.1273856,0.17246364,0.31834218,-0.47328433,-0.05096853,-0.016419273,-0.1212199,-0.15897079,0.05424282,-0.09952771,-0.062215585
rna|CDHR3,0.097716846,0.53581285,0.38726634,0.23050214,-0.1271866,0.4549815,0.15364313,-0.23300648,0.44370505,0.016039561,-0.18362948,-0.045696057,-0.083967656,0.27731624,0.20456845
rna|ZNF385C,0.033008683,0.5647986,0.3628692,0.70171875,0.42200956,0.2984489,0.13586171,-0.70634085,0.30294812,0.091795266,-0.57461673,-0.15856953,-0.015819049,0.5602713,0.07790182
rna|DNASE1L3,-0.09191235,1.1817002,-0.46081582,-0.6060863,0.80148417,-0.58085394,0.07199586,0.37052265,0.17322911,0.4397034,-0.15264426,-0.1382212,-1.0067644,0.83832514,0.32633364
rna|HLA-DRB1,0.1268164,-0.2826123,0.015086024,-0.30904257,0.30098993,-0.09854414,0.19849172,-0.11114883,-0.2625774,0.15158641,0.4600905,-0.2660883,-0.086034,-0.090614654,-0.2652257
rna|KRT16,0.9999451,0.39081025,0.530867,-0.038168393,-1.0606079,0.034944896,-0.8321087,-0.64210427,0.87623173,0.79142934,0.15180978,-0.45719868,0.7569893,0.096258596,0.53344774
rna|ETV3L,0.8027636,0.2683756,0.5737711,0.86628306,0.21499355,0.61568713,-0.6399817,0.6445579,-0.0039521134,-0.511946,-0.38330448,-0.43914345,0.59907144,-0.14836574,0.115275905
rna|C1QL4,0.9298363,0.25257814,0.5013191,0.69722927,0.302274,0.5206693,-0.82455957,0.8233297,0.4319918,-0.5584697,-0.30290896,-0.35135016,0.7270145,-0.19598109,-0.038512714
rna|PITX1,-0.020029467,-0.22604994,0.150234,0.23847353,-0.2532957,-0.12712653,-0.003107268,-0.23730703,0.37420666,0.20581259,0.19111851,-0.025301017,0.17485704,0.34062284,-0.7034093
rna|XK,0.0031952919,0.2586389,0.09147177,0.5299568,0.12939747,0.45407706,0.4104479,-0.65493,0.09736289,-0.04829212,-0.18611532,-0.04360298,0.04269286,0.23855415,-0.082605764
rna|POU4F1,0.09250139,0.35906482,0.35386306,-0.13869701,0.075843364,0.012290874,-0.26890022,0.19559659,0.170774,0.028649753,-0.20493151,-0.2663357,0.24223457,-0.0198998,-0.11074199
rna|CHIT1,0.10414006,0.17921862,0.28331792,0.3708202,0.4288769,0.3946996,-0.0010693126,0.55928993,0.20707047,0.11223187,0.255683,0.05955234,0.48447317,0.009090473,0.07235717
rna|NLRP7,-0.043858938,0.13533199,-0.03225692,0.23828146,0.20466858,0.35909125,0.4089097,-0.4931867,0.3247482,-0.0518382,-0.34255672,-0.069554456,-0.05721881,0.18670967,-0.12979469
rna|TAS1R3,0.022456663,0.29750884,0.14038245,0.27412435,0.1280508,0.7050284,0.14076363,-0.5983784,0.09790355,-0.21020022,-0.56719464,0.005179345,0.081882305,0.019399019,0.10357766
rna|USP17L9P,1.0440171,0.2835216,0.46559292,0.63672745,0.21704784,0.5108324,-0.77329576,0.75066406,0.21299338,-0.73541605,-0.25625744,-0.77816856,0.75318784,-0.13084528,0.10612616
rna|OR13A1,0.039976344,0.20212948,0.46700028,-0.24007756,-0.15040734,-0.057342898,-0.121136695,0.29691914,0.4679472,-0.19646932,-0.4387484,-0.22501613,-0.23501277,-0.078991,-0.32128674
rna|CCDC85A,-0.06295868,-0.07398564,0.07390699,-0.2235365,-0.23640275,-0.16630608,-0.083018705,0.21209699,0.23246293,-0.24039295,-0.3752971,0.052749425,-0.09157425,-0.27608523,-0.5203325
rna|BIK,-0.38853604,-0.08908917,0.47306055,0.7040365,-0.23823346,0.3627887,0.05628542,-0.059465446,0.44940725,0.19601585,0.1490803,0.46739018,-0.3344896,0.27785245,-0.43759537
rna|PRAME,0.020171102,-0.13729987,0.16515309,0.47521296,0.13867241,0.5304769,0.28105882,-0.7254577,0.2253827,-0.28472322,-0.14461187,-0.2156173,0.21058434,0.025587698,0.0024433448
rna|ELOA2,0.91425,0.3630686,0.42369813,0.64582133,0.2975203,0.28480417,-0.8233953,0.9145451,0.1750018,-0.6501737,-0.21869683,-0.7499536,0.7950064,-0.035411034,-0.067043096
rna|MYBL1,-0.48451144,-0.2038416,0.1815989,-0.47014403,-0.10538496,-0.92620397,-0.27648857,0.64029115,-0.0020071154,0.28662145,-0.034672763,-0.20265658,-0.42554578,0.08938992,-1.2147292
rna|OR11H12,1.0704359,0.4895034,0.45672977,0.4389227,0.37945113,0.33393705,-0.605392,0.7950156,0.31502232,-0.62103313,-0.3837406,-0.8050518,0.79084986,-0.14402118,0.08976851
rna|SPRR1A,0.7008058,0.31728536,0.24068941,-0.25854278,-1.3107104,0.04205318,-0.6325721,-1.153349,0.8128567,0.8634408,0.5008554,-0.27715948,0.52789795,0.28932118,0.66022277
rna|AFF2,-0.3923704,-0.30571052,0.18774685,-0.08031587,-0.36257848,-0.6404666,-0.3608207,0.3544302,0.36456788,-0.12602827,-0.34616762,-0.07559313,-0.16931984,-0.09481378,-1.1597091
rna|CCL22,0.3303547,-0.056707818,-0.26745927,0.32766458,0.061622705,-0.08407592,-0.10296098,-0.076865256,-0.066558845,-0.11438387,0.11313709,0.11273149,0.12486796,0.36060658,0.49571517
rna|CCN5,0.8342086,-0.2961883,0.22810127,-0.54495925,-0.263851,-0.014275587,0.17904845,-0.0055438853,0.21735281,0.49783653,-0.9255509,0.15283684,0.20640424,-0.7332991,0.06893364
rna|DAPL1,0.09844003,0.22085811,0.3601657,-0.4975359,-0.47730345,-0.5782806,-0.15421383,0.0075168842,0.6621867,0.39431405,-0.52422106,-0.14173892,0.27095905,0.06942057,-0.1367349
rna|SLPI,0.5658965,0.42348006,-0.26347327,-0.263403,-1.0796679,-0.31270185,-0.38860515,-0.64162344,0.059170987,0.8230887,0.15542865,-0.0034597197,0.4199742,-0.036088817,1.1004741
rna|PGA5,0.8289162,0.4400779,0.31650874,0.32342598,0.19978395,0.4584577,-0.5689932,0.5936156,0.19753699,-0.39247248,-0.3255699,-0.72602046,0.6999684,-0.097196504,0.3970198
rna|FABP6,0.23801789,0.51680946,0.48237088,0.13815305,0.19746053,0.29675844,0.0076749832,-0.05348637,0.30659923,-0.1755339,-0.40498856,-0.5576901,0.44285658,0.11262864,-0.16391653
rna|HPDL,0.0030811483,0.31857657,-0.12845127,0.7445989,0.1439648,0.44609225,0.11353411,-0.5814099,0.12288036,-0.037382595,-0.2362629,-0.29811564,0.16153923,0.5394585,-0.39397296
rna|GAGE2B,1.0615643,0.106480554,0.14403759,0.40100116,0.1631161,0.17079885,-0.62288666,0.94470304,0.04130869,-0.827738,-0.04308398,-0.64249927,0.7439466,-0.1304511,-0.03466761
rna|EEF1A2,0.06289869,-0.025769938,0.54258233,-0.3232091,-0.17278741,-0.2696894,-0.11643724,0.25080708,0.2978576,0.422397,0.6749995,-0.045064464,0.30285257,0.013533441,-0.13363996
rna|PSORS1C2,0.6249644,0.15450232,0.31605098,0.84769076,-0.29292265,0.54938424,-0.42887312,-0.098024294,0.24711171,-0.3632334,-0.20813413,-0.19443576,0.565887,0.046917535,0.26973993
rna|LAMP5,0.15776673,0.64528656,-0.30361873,-0.9182208,0.56082994,-0.115432344,0.13802989,0.25526664,0.122823484,0.5436056,-0.47955215,-0.18865404,-0.19489318,0.25756443,0.047750283
rna|SRMS,0.28266686,0.37339935,0.79764116,0.3877438,-0.08414937,0.28584155,-0.25399762,-0.3326896,0.36342648,0.0009495938,-0.0033347488,0.0075479127,0.31344482,0.07283318,0.06474267
rna|CST1,0.5093298,-0.13910256,0.71621233,0.15192601,-0.3659429,-0.240912,-0.44768935,0.3419733,0.36074775,0.2905883,-0.4606354,-0.09101562,0.49440837,-0.71052915,-0.10598596
rna|CIDEA,0.5759237,0.2845456,-0.19979395,-0.23894984,-0.080363296,-0.08410426,0.06867825,0.0075763757,0.43812653,0.13869123,-0.5689607,-0.20147784,0.2651283,-0.05274583,0.41140643
rna|RERGL,0.7847064,0.52893496,-0.3630642,-0.45582524,-0.22665471,-0.328191,0.051476784,0.51342815,0.28855482,0.014005485,-0.6004224,-0.023755534,0.10735726,-0.19872475,0.43567193
rna|APOBEC3A,0.4465054,-0.36505467,-0.5655106,-0.41478938,0.10402639,0.3554849,0.26548436,0.009956801,-0.6705108,0.8701472,1.2725765,-0.31041297,0.61036605,0.33581358,0.027183114
rna|ORM2,0.13545454,0.03007653,0.27936321,0.29942942,0.30192754,0.26647338,0.34944686,0.25265613,-0.7305076,0.37256563,0.37818977,-0.43635786,0.9641127,-0.28841168,0.2044504
rna|CRYBA4,0.34842628,0.67198986,0.07219778,0.23992173,0.35916203,0.5244209,-0.09014883,-0.44427124,0.19389635,-0.18627702,-0.24224086,-0.4455647,0.13591897,0.7018777,0.082545266
rna|CIDEC,0.37980455,0.24415019,-0.4790653,-0.1684909,0.097878076,-0.49318838,0.341477,0.15002847,0.1571441,0.048835352,-0.5716147,-0.122301534,0.011235017,-0.20691033,0.29635066
rna|TUBB2B,0.16067274,0.74947643,-0.0890143,-0.04329652,0.18364243,0.015598927,0.12843472,0.4155724,0.5655681,0.083927445,-0.34993926,-0.054807037,-0.205871,0.24479818,-0.12820317
rna|PRND,0.23963723,-0.17059694,-0.20509468,-0.13808958,-0.49800032,-0.63464236,-0.33693385,0.21830916,0.221204,0.15248312,-0.32970944,0.02307554,0.08845663,-0.3624007,-0.8621809
rna|SCGB1A1,0.8979947,0.42249662,0.47386125,0.47217658,-0.11651034,0.3258707,-0.78100556,0.5372497,0.44477254,-0.22948104,-0.24488807,-0.6693365,0.71722484,-0.0024521363,0.39745763
rna|MMP1,0.41934934,-0.2804415,-0.13895231,-0.29916945,-0.14770578,-0.23293017,0.047459025,-0.6202989,0.06766465,1.0210124,0.01403883,-0.0334214,0.40361854,-0.27127033,-0.49902532
rna|CLEC4G,0.18002783,0.7339238,-0.5930166,0.15696783,-0.027647574,0.22059621,-0.33865947,0.74210423,0.17176992,-0.6249193,-0.010346418,-0.042552933,-0.013743355,0.08426964,0.9436929
rna|VPREB3,-0.3473886,0.06639344,0.41521403,0.15516748,-0.34994206,-0.6952676,-0.46766397,0.5317369,0.6416266,-0.21934915,-0.41377228,0.16696404,-0.38942125,-0.071117006,-0.6055386
rna|CD1C,-0.19796053,0.16841172,-0.2495423,0.3130655,-0.22914912,-0.64735866,-0.47073305,0.56328404,0.57550853,-0.40099114,-0.08874094,0.022809692,-0.4613854,0.37299535,-0.22649668
rna|NRG4,-0.3152795,0.12690616,0.3858072,-0.17524022,-0.08080284,-0.32018936,0.33502883,-0.46081963,0.1367846,0.42765668,-0.13395247,-0.10946,-0.042780187,0.07212366,-0.5473663
rna|TBX10,-0.07782294,0.30008677,0.7401445,-0.1341684,-0.28520858,0.034478948,-0.21504687,0.26786968,0.052751824,0.10445083,-0.09031317,-0.16134912,-0.04666288,-0.06462562,-0.5557672
rna|FAM216B,0.18029222,0.78638494,-0.34773657,0.019675158,0.24986932,0.20865816,-0.64915985,0.664381,0.54548734,-0.40461218,-0.28141737,-0.029768707,-0.19007044,0.48521864,0.65771097
rna|OR10G8,0.86017054,0.43098897,0.6739681,0.5868172,0.3479279,0.40472722,-0.74352473,0.702319,0.2942743,-0.43905473,-0.38141942,-0.5585629,0.64465344,-0.27432144,0.10980135
rna|SEZ6L,0.77808005,0.41542163,0.6134278,0.7089981,0.11306436,0.5266901,-0.6246161,0.7687349,0.27679658,-0.32977095,-0.44419733,-0.39794308,0.46582836,-0.15558816,0.37114
rna|TAS1R1,0.13467993,0.3480536,-0.17998871,0.6045204,-0.033651672,0.37561467,0.036366116,-0.60179436,0.21546529,-0.37763897,-0.10094199,-0.038373683,0.04531867,0.37296432,-0.16376938
rna|CA8,-0.44948456,0.07055293,0.19366293,-0.05504336,-0.08012455,-0.4185795,-0.17944871,0.27510816,-0.016898936,0.15046869,-0.014106071,-0.15923388,-0.1858519,-0.12614667,-0.41859728
rna|CAMK2B,0.14017795,0.18594912,0.92021734,-0.013322011,0.00034934768,-0.25156665,-0.20868175,0.3041144,0.13602388,0.32144693,-0.43994284,-0.2862819,0.06327155,-0.09331507,-0.38249287
rna|PRSS1,0.6930719,0.5438311,0.48894402,0.86826116,0.033031866,0.7052976,-0.64614457,0.53201073,0.2046521,-0.39166084,-0.08869411,-0.35584414,0.56277984,-0.16015553,0.11370041
rna|MSLN,0.38874134,0.17653723,0.056295928,-0.23709248,-0.0873964,-0.47698227,-0.45621175,0.19167511,0.30651864,0.4286066,-0.085084334,0.25085518,0.33035013,0.06957992,0.34555447
rna|LOC440570,0.9294602,0.29831523,0.5506843,0.36305508,0.23820224,0.5833129,-0.61034566,0.63774747,0.42094603,-0.51492727,-0.43150878,-0.5339333,0.58637416,-0.20922224,0.100366436
rna|BAIAP2L1,0.0091537405,0.36350042,-0.005715515,0.05031169,0.15798451,0.13441812,0.14255747,-0.120663464,-0.023275001,0.44002438,-0.2977838,0.15415224,0.013452119,-0.3146864,0.3144501
rna|DEFA1,0.6324106,0.52287745,-0.10580228,0.37031397,0.034433015,0.43242922,-0.36583412,0.53030866,-0.12477481,-0.41458306,-0.34177992,-0.30109608,0.42831495,-0.46139368,0.80146176
rna|XAGE1A,1.0646131,0.4561896,0.34866264,0.41540653,0.36515307,0.17834091,-0.42874414,0.72096115,0.3100152,-0.57618666,-0.29278654,-0.54381406,0.58649886,-0.13155627,0.061868563
rna|CCL24,0.3263763,0.52733064,-0.06634007,-0.03573462,0.14093283,0.49362803,0.12823553,0.47329327,0.2523044,-0.49798048,-0.03277888,-0.1807919,0.07504363,-0.004748479,0.86725616
rna|IFNL2,0.7121168,0.26712453,0.5961853,0.8350795,0.11452288,0.39536968,-0.7306333,0.7725469,0.17351407,-0.5857297,-0.25158402,-0.5535721,0.74187034,-0.14136559,0.02048879
rna|SERPIND1,0.76686054,0.3644598,0.2829909,0.91399133,0.17543897,0.16018683,-0.52976954,0.81448907,-0.12500861,-0.5222915,-0.08830113,-0.8369074,0.5808879,-0.34934437,0.29299945
rna|CEACAM6,0.8155753,0.48609462,0.3274476,0.1078227,-0.7844122,-0.07564015,-0.56007224,-0.5371424,0.40176255,0.6100391,-0.07865917,-0.7307902,0.71599287,0.09501426,0.7739153
rna|CYP2C19,0.8334338,0.46030265,0.22668111,0.97260225,0.18908201,0.30352122,-0.59057033,0.58647263,0.036507327,-0.38398054,-0.1481291,-0.799932,0.63520163,-0.106740415,0.41900396
rna|NLRP2,-0.32050335,0.039539598,0.09847218,-0.13379103,0.2799643,0.24217343,0.43856835,-0.484981,0.0038706902,0.010564587,-0.43263012,-0.0150359245,-0.19407663,0.30671975,0.096707284
rna|MME,-0.32106522,-0.18292318,0.6660839,-0.06976797,-0.17903402,-0.14131898,-0.2759148,0.08667341,0.25422394,-0.026455007,-0.547453,0.0301016,0.087559536,-0.7311431,-0.35162124
rna|OR13J1,0.744152,0.39823502,0.47862187,0.806852,0.22180475,0.6461586,-0.6826381,0.6913243,0.4390496,-0.53458303,-0.34911284,-0.37405702,0.6238543,-0.2254198,0.060557093
rna|LIN28B,0.2912274,-0.21281175,0.47519144,-0.1899049,0.19644223,-0.012622141,-0.015414393,0.037676957,0.039439134,-0.43630296,0.0186577,-0.5528712,0.34168962,-0.3191507,-0.21158712
rna|ALAS2,0.23903948,0.36328587,-0.48804942,-0.020271132,0.0730439,0.25402266,0.21765867,0.11103949,0.09966969,-0.07083158,-0.6356322,-0.089453824,0.43144965,-0.20737739,0.371025
rna|LAMC3,-0.03054434,0.24767087,-0.28178477,0.011131047,-0.3558341,-0.0752442,0.24582657,-0.35850832,0.18880987,0.43307254,-0.17833693,-0.41094002,0.1735934,-0.10806784,-0.23554473
rna|S100P,0.6532831,0.63868463,-0.2928039,-0.6316485,-0.6690389,-0.14985384,-0.38719085,-0.44582692,-0.04185209,0.93649554,0.12252244,-0.47357324,0.6356789,0.18337432,0.5219635
rna|ALOX12B,0.8657371,0.55421853,0.47354236,0.3371343,-0.3545012,0.36501077,-0.6694109,0.087781176,0.754725,0.42248282,-0.13976215,-0.15289125,0.4264113,0.21579126,0.27436674
rna|SPINK5,0.88072675,0.63217884,0.53678143,-0.06562104,-0.75478184,0.14066298,-0.6232765,-0.5039776,0.90261936,0.2870109,0.1262114,-0.4884263,0.6976752,0.20371224,0.58320755
rna|CSN3,0.75182253,0.59524834,0.39015797,0.42994,0.1293427,0.27323192,-0.56396765,0.6982045,0.52626824,-0.66219723,-0.4130719,-0.511064,0.60854065,0.00049431936,0.23075539
rna|CCR10,-0.21301167,0.48898917,0.16896759,0.053841982,0.31132644,0.0035302602,0.22110005,-0.42389157,0.2629574,0.19459864,-0.45202807,-0.4864377,-0.049020138,0.3281084,-0.18979363
rna|ACSM2A,0.76471996,0.6082667,0.5391422,0.5902033,0.23064409,0.18427753,-0.34217533,0.55618405,0.015617993,-0.4240035,-0.31510916,-0.8578209,0.74207926,-0.34205619,0.326255
rna|FAM90A7P,0.9359596,0.14615059,0.28170416,0.30698192,0.086376905,0.065451294,-0.70014364,0.748818,0.030630393,-0.70062476,-0.11456904,-0.8540471,0.8863593,-0.23901808,-0.08849336
rna|NAT8,0.7133845,0.50130993,0.39270657,0.77659696,0.15982965,0.49669284,-0.56812924,0.7450667,0.14621429,-0.5711009,-0.18598963,-0.53957844,0.55855614,-0.21049844,0.2281472
rna|TCL1A,-0.27493995,0.09979429,-0.024836166,0.13734233,-0.091730244,-0.4581516,-0.37570888,-0.05814779,0.45723328,-0.26716653,-0.18389612,-0.25130042,-0.3219901,0.4605078,-0.41042417
rna|PROM1,0.56458783,0.37249216,0.06701619,-0.1226958,-0.5440822,-0.43090123,-0.4935148,0.42685923,0.112640664,0.21473554,-0.24501681,-0.7148359,0.6266095,-0.28076226,0.2793977
rna|CT45A1,0.7483809,0.50147116,0.46567902,0.7395207,0.24338107,0.28427732,-0.54930544,0.52002364,0.22458474,-0.49157065,-0.2998961,-0.5827113,0.67611784,-0.026551872,-0.28451398
rna|LY6D,0.67520976,0.34446406,0.14970794,-0.086838715,-0.9402015,-0.009331119,-0.60786474,-0.8767982,0.8924029,0.80852705,0.29757443,-0.3305053,0.45818248,0.2987218,0.5910647
rna|POTEG,-0.14712524,-0.039422862,-0.03858183,0.33103603,0.090468146,0.09933575,0.2131545,-0.6443638,0.23624545,0.21448994,-0.03452361,-0.04530626,-0.24721706,0.19221178,0.05203985
rna|IL17RB,-0.19172756,0.2643699,0.13258143,0.4241067,-0.040034276,-0.41331184,-0.007094144,-0.070698984,-0.08184872,0.046730705,-0.046929743,-0.23213536,-0.19092025,0.3056189,-0.20390797
rna|RNASE7,0.7196535,0.4851883,0.37913516,0.0587053,-0.8198591,-0.016972056,-0.74508363,-0.60861385,0.55273235,0.47203082,0.007753677,-0.45105574,0.6690259,0.26296443,0.6852269
rna|IL6,0.36818433,0.29514116,-0.19338728,0.1936346,0.17583264,0.17463206,0.047805514,-0.10781546,-0.019568086,0.6647539,-0.689593,0.48144543,0.18678917,-0.114939086,0.5462297
rna|RASSF6,-0.14873326,0.015944954,0.27645406,0.23220123,-0.35839933,0.38844094,0.06687376,-0.5597284,0.23697335,-0.13186182,-0.22984901,0.24801081,-0.21376114,-0.11731533,-0.40737435
rna|AQP7,0.5226869,0.6556217,-0.21112528,0.49254796,-0.041938063,0.19082642,-0.17778996,0.5655222,0.16686362,-0.46085396,-0.7283203,-0.39455438,0.29188523,-0.26997054,0.54597676
rna|ACP4,0.6776287,0.28754556,0.4073687,0.9384991,0.027320102,0.70229644,-0.66998464,0.63995403,0.22698237,-0.49600214,-0.12176264,-0.14242052,0.55610406,-0.07502631,0.2813651
rna|OR2G6,0.211271,0.012961865,0.627205,0.21679977,-0.022539688,-0.050566126,-0.7274303,0.87177944,0.20202903,-0.20201309,-0.21669693,0.037646674,0.25413436,-0.4400261,0.22049195
rna|SHD,0.4514409,0.37142614,-0.3086079,-0.5512224,0.40122008,-0.40458894,-0.046200275,0.6649458,0.009484002,0.18505228,0.09627134,-0.124463335,-0.20365985,0.16135791,0.48832175
rna|KRTAP5-2,0.15544857,-0.27429056,0.45959264,-0.15247329,-0.41288674,-0.19037381,-0.35468248,0.5978157,0.17389028,-0.23385133,-0.2882925,-0.34363556,0.32380623,-0.32284757,-0.034737878
rna|KPRP,0.9294631,0.55271614,0.383449,0.2817477,-0.3739736,0.28217965,-0.62190694,-0.0053331424,0.7572328,0.047285948,-0.0908245,-0.50523955,0.7003217,0.17256457,0.36690888
rna|STK31,0.74912596,0.18421327,0.5126232,0.8682886,-0.016318964,0.5273893,-0.7698463,0.75486183,0.29855976,-0.7074531,-0.043347236,-0.07353712,0.49189663,-0.4720541,0.30706948
rna|ASPDH,0.598302,0.5061795,0.15957625,0.9650411,0.3409668,0.13618176,-0.52854764,0.66957736,-0.08374991,-0.5215055,-0.130697,-0.66589457,0.52535504,-0.32233196,0.425048
rna|CLEC4F,0.5642511,0.55296904,0.40498996,0.03200013,0.24190255,0.14885686,-0.52461016,0.81324404,0.33234134,-0.5174505,-0.51127523,-0.1972605,0.14720929,-0.0697982,0.57233083
rna|PNMA6A,0.31785253,0.20901665,0.12429263,0.56965876,-0.030812768,0.34527037,0.020140892,-0.5843511,-0.07678357,-0.16610019,-0.12110872,-0.19296896,0.20600559,0.096262984,0.13155742
rna|KIR2DL3,0.6340821,0.40199432,0.2375094,0.15223348,0.47930628,0.46512026,-0.25665978,0.6986766,0.024194734,-0.14778864,-0.06465727,-0.4664053,0.52360266,0.15916741,0.36250025
rna|LTF,0.5574472,0.5745112,-0.3192739,-0.075948566,-0.40297496,-0.6095061,-0.37437254,0.37782076,0.5477658,-0.13060968,-0.103535175,0.086249895,0.003766913,-0.2404619,0.8737891
rna|KRTAP3-2,0.7747167,0.5171166,0.43582124,0.76443285,0.26717564,0.46494988,-0.6765678,0.78740376,0.3158558,-0.4060929,-0.23242709,-0.5522493,0.6773584,-0.05646054,0.15093634
rna|CNN1,0.73171765,0.052089326,0.17824358,-0.15172003,0.0070338673,0.19428983,-0.085407756,0.06840134,0.05299079,0.38167158,-0.9723011,0.12438328,0.27939877,-0.58676666,0.315297
rna|PRKY,0.31752703,-0.33869046,0.18273813,-0.200808,0.014147325,-0.21944517,-0.18895392,0.1105778,-0.20810486,-0.071564734,0.4127547,-0.04854101,0.1540598,-0.29610148,0.06982339
rna|HAND1,0.8220778,0.24952789,0.2725597,0.8964379,0.15154874,0.41879442,-0.63725305,0.60863715,0.06571505,-0.37320605,-0.24621412,-0.3809436,0.59508884,-0.09324206,0.061587665
rna|APOBEC3B,0.08105018,0.29535675,0.12200436,-0.12074047,0.6055061,0.49791858,0.16833845,-0.16416277,-0.087890044,0.6673426,0.2498342,0.18020456,0.08008948,-0.027723985,0.09178673
rna|SAA2,0.4666451,0.10175221,-0.3106341,-0.46491465,-0.42328,-0.6925931,0.4092911,-0.13670835,-0.3260081,0.5330983,-0.22395122,-0.23058048,0.39023888,-0.15634184,0.4742401
rna|MT1M,0.44018236,-0.22717123,0.16634324,0.1516909,0.14529967,0.7565813,0.5008756,-0.22870107,-0.8883742,0.69258606,0.34028628,0.00052178407,0.3938712,-0.29498437,0.76748556
rna|TMPRSS6,0.52139044,0.39873636,0.115911566,0.9382802,0.06738049,0.35800758,-0.10308354,-0.41188386,-0.19391128,-0.24066506,-0.20874909,-0.5886627,0.36082262,0.31160164,0.22012375
rna|C7,-0.25460976,0.6977124,-0.9851357,-0.43440711,0.49760693,-0.38809952,0.14503027,0.85588336,-0.18754172,-0.46800482,-0.18284036,-0.026061075,-0.8475809,0.4216545,0.31207994
rna|LINC00479,0.77569014,0.28111988,0.32912895,0.71231526,0.05707673,0.44267774,-0.6329155,0.7863739,0.32737893,-0.40436295,-0.31342924,-0.43421358,0.6730539,-0.13325165,0.07332177
rna|GTSF1,-0.4576016,-0.14660741,0.19118156,0.008564623,0.15068485,0.037450437,0.46332392,-0.6876873,0.26587218,0.1442311,-0.26994357,0.022994075,-0.45078033,0.32314622,-0.3991579
rna|DEFA1B,0.76958364,0.66222596,0.13280849,0.26716647,0.23562947,0.25619563,-0.5255451,0.6481932,0.101621054,-0.4897667,-0.37864766,-0.65517414,0.67150575,-0.2825393,0.47439206
rna|VTRNA1-2,0.25079104,-0.45317537,-0.120020755,0.5605486,-0.18724859,0.7872792,0.27584386,-0.26757243,-0.16099352,0.29116076,-0.19991738,0.68019015,0.24705936,-0.588948,0.49888885
rna|FCAMR,0.16405983,0.6272853,-0.47543323,0.25712436,0.15009348,-0.25282884,-0.52497846,0.7785267,0.4095262,-0.52207,-0.32764724,0.015411862,-0.3015232,0.20816301,0.47860062
rna|SCNN1A,0.72132885,0.58493495,-0.03588051,-0.6090671,-0.6194015,-0.36466587,-0.31421176,-0.5197003,0.38654763,0.95684683,0.05552304,-0.591407,0.45700544,0.00894033,0.64311045
rna|MBD3L5,1.0315752,0.4483642,0.47472882,0.31208932,0.16602315,0.2673915,-0.56252205,0.8115357,0.19313338,-0.5165341,-0.24494539,-0.7528387,0.81430304,-0.039546717,-0.13344654
rna|N4BP1,0.27158144,0.31254908,-0.25319067,-0.4531583,0.33640802,0.09050418,-0.053600624,0.06617448,0.022949196,0.17854579,-0.21876161,-0.36036035,-0.0221566,0.11275722,0.26675895
rna|SNORA80A,-0.013696363,0.182636,0.12010046,0.10344001,-0.0911511,-0.15033637,1.0527321e-05,-0.22069338,0.17761262,-0.23997955,0.0039215595,0.07720745,-0.22690114,0.20241204,-0.025949307
rna|NLRP11,0.020223325,0.06312683,0.3755227,-0.067846276,0.006164544,0.052610815,0.038237974,0.11482528,0.18120739,0.005559598,-0.24740364,-0.031216273,0.1159691,-0.20015475,-0.38075018
rna|PRAMEF7,0.9488118,0.45487452,0.5321725,0.30994314,0.294593,0.2869576,-0.5213016,0.6480093,0.21408297,-0.533134,-0.31216416,-0.74412173,0.7275175,-0.121222824,-0.014728947
rna|PDGFRL,0.8870604,-0.03433481,0.25171226,-0.2913487,-0.31672105,0.05370386,0.10286433,-0.039982997,0.22952017,0.54830694,-1.0583439,0.17411534,0.3489041,-0.7897873,0.048107445
rna|MIXL1,-0.16588871,0.15489419,0.7055143,0.577058,-0.3331967,0.29963243,-0.25619832,-0.07879415,0.3892231,-0.14056553,-0.26794714,-0.058487393,-0.18037544,-0.20058885,-0.11308276
rna|LORICRIN,0.4463587,0.6238638,0.09588648,-0.18388575,-0.048007213,-0.19570369,-0.43268156,0.30191562,0.8012666,0.16939078,-0.32652244,-0.24379152,-0.015386467,0.41883987,0.36334348
rna|SLN,0.5685521,0.45689553,0.34433964,0.055861916,-0.23660032,0.046031814,-0.32032982,0.058332603,0.1249242,0.4075975,-0.06082366,-0.416153,0.42257085,-0.08510993,0.094999924
rna|ANXA8L1,1.1097121,0.5799125,0.44554266,0.053338595,-0.5498941,-0.058155973,-0.64892966,-0.21371607,0.74120593,0.35651767,0.028558997,-0.5412323,0.8145763,-0.1010233,0.41378787
rna|KRT78,0.72698003,0.423522,0.28582242,-0.033438873,-0.9466247,-0.008507838,-0.6457108,-0.82314533,0.927304,0.8680861,0.32328957,-0.32760867,0.6568523,0.29828522,0.42257395
rna|SLC8A2,0.55215096,0.34669092,0.44631577,0.40848622,0.2670854,0.33112037,-0.5395497,0.52325374,0.2232792,-0.3497881,-0.43662274,-0.47400594,0.46906215,-0.06981304,0.056310907
rna|POU6F2,0.78860396,0.2619027,0.65707463,0.65149933,0.27089477,0.5113106,-0.5546641,0.52364635,0.20864011,-0.46992314,-0.20458363,-0.47217208,0.69752216,-0.31013587,0.14601284
rna|ANKRD30BL,0.7681874,0.36035293,0.47060627,0.32864326,0.14558779,0.23662105,-0.34241262,0.4472703,0.2923265,-0.4752501,-0.26016706,-0.52251315,0.6210903,-0.15040754,-0.22526129
rna|ZNF215,-0.2313168,0.16300146,0.020121897,0.0077348733,-0.08204174,-0.27565336,0.2356171,-0.21423584,0.2769503,0.22955163,-0.041273642,-0.3237293,-0.27748024,0.40122125,-0.97322845
rna|MMP7,-0.047658786,-0.59023225,0.35293797,-0.12820894,-0.2993217,-0.41306207,-0.11576449,0.13838373,-0.118855126,0.5000497,-0.007062271,-0.09526773,0.2689416,-0.38168904,-0.01829158
rna|TNN,0.7401909,0.22887759,0.4817925,0.72523195,-0.0659407,0.5132226,-0.7337948,0.68971044,0.27254993,-0.38999534,-0.2712632,-0.25570154,0.569364,-0.37243432,0.2869583
rna|MT1G,0.18457286,-0.16573732,-0.28276336,0.09159191,0.3013947,0.6990995,0.77402043,-0.49037474,-0.8642299,0.7711627,0.65383667,-0.23387818,0.44836494,0.1286163,0.22626175
rna|MST1L,0.8028611,0.584467,0.49223834,0.27421916,0.47137347,0.074785605,-0.30965748,0.73923796,0.3155096,-0.39409542,-0.36583063,-0.9158866,0.6135775,-0.11295431,-0.014826898
rna|SIGLEC16,0.5434213,0.09972814,-0.28725088,-0.38351884,0.5421302,0.553643,0.7771411,0.25526047,-0.691848,0.39519054,0.22140814,-0.52597094,0.35172695,0.112882115,0.42024097
rna|ODAD1,0.557726,0.21588905,0.54096663,0.8113303,0.11063837,0.4371,-0.7634945,0.51145077,0.36178243,-0.3922723,-0.3238678,-0.1793543,0.59914273,-0.22935142,0.046366476
rna|KNCN,0.79076666,0.282341,0.36777446,0.80280346,0.17152387,0.60994846,-0.6716815,0.6407012,0.3075988,-0.63537157,-0.22544523,-0.2428243,0.63282114,-0.20602867,0.21001884
rna|IGFL3,0.8898383,0.2803089,0.55308914,0.51528484,-0.07363558,0.28373063,-0.48642826,0.4539669,0.48727632,-0.3307606,-0.45321226,-0.32923555,0.63351476,-0.36711055,-0.0535162
rna|ADH1B,0.13649814,0.77782506,-0.6149453,-0.53563356,-0.027855199,-0.48124075,0.2371913,0.5864426,-0.10870732,-0.08887968,-0.42264077,-0.35745877,-0.18091688,0.044669304,0.53297395
rna|FAM81A,-0.34831306,-0.18570858,0.4585955,0.10867767,-0.3572676,-0.23208669,-0.31404868,-0.03850499,0.560477,-0.26410446,-0.1763238,-0.30342516,0.026996486,0.09019454,-0.7354566
rna|MAPK10,0.031839,-0.24136974,0.479912,-0.26857772,-0.38927326,-0.07602138,-0.41035342,0.5440976,0.07926334,-0.12024092,-0.40101406,0.4086219,0.005844701,-0.7250842,0.09979645
rna|OR2T3,0.06271743,-0.06103709,0.48776835,0.1514007,-0.0030987437,-0.17089345,-0.8187663,0.8809049,0.26148242,-0.16354826,-0.13307221,0.061030008,0.098095,-0.36443254,0.04090951
rna|TSPY2,0.50879467,0.12723674,0.39343756,-0.03343559,-0.015138298,0.13116133,-0.4513503,0.2871235,-0.109057,-0.098709725,-0.3684847,-0.6698519,0.32821092,-0.3447115,-0.17964074
rna|LOC90925,-0.3328957,-0.11546727,0.17541252,0.32038328,-0.4556016,-0.45194814,-0.22818224,0.25855896,0.42862752,-0.14727533,-0.12586665,0.45026687,-0.3699655,0.028998856,-0.7910695
rna|ANKRD1,0.45227712,0.5220768,0.35717028,0.09800161,0.23521969,-0.099058285,-0.42635554,0.38790753,0.15679361,0.060991224,-0.2357278,-0.764111,0.9036476,-0.027376654,-0.184404
rna|MYH14,0.8673223,0.45186508,0.34833887,0.18793665,-0.58788794,0.1391114,-0.4593467,-0.15104623,0.3815747,0.26828155,-0.0049201804,-0.37242097,0.6607613,-0.3198961,0.8275513
rna|SCARA5,0.19989702,0.37855065,0.098359436,-0.24874224,0.29418635,-0.60340875,-0.15603323,0.2773097,0.34554026,0.69825745,-0.80315304,0.06144302,0.10518173,-0.219907,-0.201018
rna|OR52B6,0.72773784,0.33752057,0.556899,0.5787816,0.15331808,0.4476081,-0.7191397,0.6129535,0.35086212,-0.513226,-0.19625017,-0.5563624,0.67412513,-0.18379106,0.100472786
rna|SLC6A5,0.55874115,0.1576635,0.47454602,0.38531652,0.042282615,0.45441395,-0.55109835,0.77160114,0.20981158,-0.48984048,-0.061583016,-0.2801783,0.6152585,-0.15779728,-0.0056714187
rna|RBMY1J,0.5512361,-0.022139883,0.40123942,0.04098399,0.013190718,0.25223318,-0.3858763,0.43190184,-0.048340634,-0.34480047,-0.118964225,-0.8107607,0.5336132,-0.34314075,0.0635375
rna|ELANE,0.68776876,0.34838524,-0.7003622,-0.42469224,-0.57381254,-0.056591574,-0.19458826,0.25106868,-0.07430169,0.03125542,0.09593087,-0.031505525,0.18989624,-0.30588034,0.85638946
rna|KLK13,0.80830085,0.33493522,0.3138988,-0.05456618,-0.6383663,-0.006659513,-0.7199192,-0.44918737,0.79196095,0.5434785,0.11469354,-0.5845913,0.8041758,0.2972575,0.33298117
rna|SPINK2,-0.51219016,-0.23599133,0.90990806,-0.29648137,-0.25512558,-0.42815349,-0.21547508,0.52388054,0.13931292,0.18566066,0.06824978,0.31026673,-0.049031626,-0.4873206,-0.26788458
rna|KRT15,0.76667804,0.41484132,0.26965782,-0.20818369,-0.64227086,-0.16296476,-0.56886446,-0.6134055,0.8813967,0.66196984,0.24070035,-0.43045172,0.5055144,0.22858746,0.511257
rna|CAMP,0.0334059,0.27613205,0.15035987,-0.12718606,-0.12012062,-0.31950256,-0.14757903,0.2215795,-0.02692041,0.111615434,0.0670641,-0.11042466,0.15163955,0.13217784,-0.55597275
rna|CD163,0.26562524,-0.50748044,-0.4662923,-0.15782179,0.20296194,0.69643366,0.888559,-0.28381598,-0.75218713,0.70786476,0.36364627,0.19172771,0.2225456,0.04615069,0.2635634
rna|POSTN,0.3919508,-1.0176541,0.19699189,-0.21365458,-0.5774567,-0.54222065,0.25415567,-0.22717385,-0.3021328,0.7377232,-0.43125603,0.4465622,0.4168763,-1.0183457,-0.68364334
rna|ZNF750,0.8554821,0.624272,0.49252316,0.17194158,-0.63376206,0.21203543,-0.6178085,-0.31580135,0.6959483,0.49456418,-0.054559544,-0.62117,0.660973,0.22020982,0.3853242
rna|CTSG,0.8370691,0.6208661,-0.7874401,-0.28573692,-0.33031505,-0.5561571,-0.3328365,0.28525648,0.5422584,0.2939201,-0.12757859,0.09993656,0.016854418,-0.011778237,0.59950376
rna|IGSF21,0.8435404,0.5134338,-0.033837922,-0.051478665,0.1694858,0.19014487,-0.10034829,0.041238714,0.083498344,0.17324898,-0.6991359,-0.33625865,0.50734526,-0.35154238,0.29617533
rna|SNAP91,0.025158761,0.42916843,-0.8542096,-0.23884583,0.22059391,-0.6293685,-0.6395445,0.8173039,0.28497756,-0.69539505,0.30639562,0.09101251,-0.6002416,0.35591272,0.31978005
rna|LOC101928841,0.06860476,0.40525067,0.6184064,0.079024635,0.030165348,0.20119442,0.055683043,-0.18445577,0.30837825,0.23774374,-0.26694205,-0.4263762,0.06860074,0.10940916,-0.43185806
rna|ZBTB32,0.32197052,0.3862012,-0.44093353,-0.062908396,0.69119024,0.28600106,0.46164274,-0.62998426,0.025968302,0.33100405,0.08427723,-0.24085924,-0.042828448,0.76383835,0.31293198
rna|ELOA3BP,0.83733845,0.09929874,0.34850895,0.5100282,0.0489212,0.21209627,-0.51755697,0.5333133,0.19491147,-0.61834383,-0.16932547,-0.645425,0.5926131,-0.057926573,-0.10675376
rna|GSTT1,0.095944755,0.34248617,0.012430927,-0.2775382,0.17265625,0.18820019,0.18828154,-0.001649186,0.013840509,0.25821048,-0.24615905,0.028159633,-0.18961552,-0.21494855,0.20700786
rna|GPR152,0.6598704,0.48967403,0.5433336,0.6099444,0.24604571,0.51335937,-0.5130274,0.6269166,0.16942598,-0.42458585,-0.29502353,-0.42432776,0.5588518,-0.15121014,0.028517606
rna|CD52,-0.042074226,0.32514843,0.20699339,0.18044053,0.18417186,-0.02477937,-0.039895527,0.048200447,0.48976976,0.06775035,-0.09442773,0.23712794,-0.24746686,0.19642161,0.14454553
rna|SPAG11A,0.7095884,0.23318757,0.40262562,0.27354997,0.10488885,0.3622728,-0.41817582,0.5114222,0.349269,-0.53101194,-0.39132452,-0.51362735,0.8325395,-0.080485575,0.07553799
rna|MAGEB2,-0.12876877,-0.16970646,0.3743657,-0.23029968,-0.015795605,0.07128269,0.26073152,-0.11600109,0.03766724,-0.049352203,-0.09896457,0.013448235,-0.0021838092,-0.2715627,-0.12426245
rna|IGDCC3,0.74967486,0.38411134,0.4809359,0.12030231,0.33578476,0.14513968,-0.54722303,0.5419512,0.28806198,-0.34837458,-0.61800456,-0.65002906,0.73465186,-0.06615137,0.23099162
rna|CD207,0.7295783,0.5695555,0.5224598,0.24472748,-0.034899194,0.16564795,-0.68220234,0.6564751,0.7450265,-0.10331225,-0.34642047,-0.21972255,0.44195768,-0.19749263,0.42908478
rna|GDAP1L1,0.81185985,0.18303643,0.28228408,0.82363206,0.040197928,0.367512,-0.7922556,0.75045544,0.20233694,-0.6007535,-0.068535894,-0.45502424,0.63330054,-0.15547481,0.052257854
rna|SLC12A3,-0.29316923,0.036647394,0.6978297,-0.18054084,-0.093930624,-0.2743334,0.113902025,-0.10071314,0.5608419,0.3576536,-0.2060503,0.23503758,-0.27253026,0.058966786,0.32849613
rna|SLC36A2,0.63793176,0.28292298,0.60381436,0.13703623,0.20886867,0.26792124,-0.4788614,0.440282,0.3373224,-0.09924574,-0.45157433,-0.7573944,0.77092576,-0.1033521,0.17000867
rna|NANOS2,0.5779984,0.36005554,0.36932036,0.86167586,0.015030072,0.44947305,-0.70762277,0.7932267,0.2465325,-0.42006725,-0.23893316,-0.22266226,0.55788577,-0.23974888,0.014251429
rna|SIGLEC1,0.3810837,-0.33826205,-0.09101598,-0.34451348,0.44580546,0.89711654,0.6100095,-0.23591654,-0.64421797,0.40708938,0.4664576,0.0069877557,0.05634545,-0.041660544,0.88921255
rna|MIR548I1,0.67722714,0.18688907,0.47993603,0.44617108,0.15298311,0.28785723,-0.573656,0.5658186,0.2795125,-0.52583134,-0.24898002,-0.74309057,0.64157677,0.11453901,0.11005011
rna|TFRC,-0.16846128,0.25178462,-0.10286742,-0.21523835,0.5585673,-0.34340078,0.67862505,-0.7573894,-0.3634275,0.9044248,-0.4395043,-0.41944855,0.016773898,0.6193602,-0.9217582
rna|WNK2,0.31770292,0.39936385,0.27735662,0.20492153,-0.21883368,0.37628254,0.040020328,-0.09426379,0.37357184,-0.2770183,-0.30846402,-0.09674529,-0.027066901,0.09312893,0.13209303
rna|CYB5R2,-0.2513751,0.116170764,-0.07173079,0.16248421,0.19444276,-0.019277336,0.36918128,-0.84756243,0.14659089,0.39623553,-0.2904983,-0.5006169,-0.03824516,0.6791304,-0.42325106
rna|DEFA3,0.6397109,0.34469417,-0.1349925,0.32830295,-0.031730976,0.2619919,-0.43995073,0.5770305,-0.1993065,-0.5279205,-0.19551927,-0.41136527,0.46202138,-0.40856275,0.67687505
rna|ACTL6B,0.71329045,0.44078058,0.47526988,0.5770081,0.2701383,0.46362135,-0.7188468,0.77663976,0.3021215,-0.43456158,-0.21982734,-0.40255523,0.7223189,-0.017848695,-0.01838263
rna|STAB2,0.15926376,1.0005951,-0.5465138,-0.11170587,0.33372357,-0.06797746,-0.26762575,0.66972595,0.14487706,-0.23264082,-0.4234557,-0.1894468,-0.2901459,0.07952039,0.6540109
rna|TGM3,0.7174038,0.4819167,0.11314401,-0.06557008,-1.0123628,0.047421463,-0.7321541,-0.6224788,0.6127999,0.74893963,0.30058584,-0.4203522,0.5474366,0.2405808,0.4891586
rna|FCRL1,-0.4164842,0.3683078,0.09288246,-0.065730706,-0.14837159,-0.3090723,-0.59275246,0.5957631,0.8060738,-0.105970494,-0.36341712,0.55513275,-0.5761265,0.026822684,0.014011662
rna|SIGLEC14,0.07117672,0.21344608,-0.23552112,-0.105433285,0.24018005,-0.035681635,0.058564354,0.22859304,-0.34812668,0.6417031,0.109271266,-0.08346997,-0.12169726,0.42484236,-0.3889866
rna|STPG3,-0.0018448603,-0.08836781,0.27455774,0.444644,-0.13239075,0.17487091,0.1179866,-0.4225584,-0.11302286,-0.1662788,0.32007113,-0.097847335,0.35473263,0.3727292,-0.16521512
rna|MYRF,0.030665277,0.27990988,0.516012,0.13171996,0.09615933,0.41676712,0.17529725,-0.08077005,-0.17008495,-0.06416789,-0.033549447,-0.18098547,0.3777138,-0.08745441,0.2588703
rna|POTEH,0.20544472,-0.15282147,-0.033917405,0.37039688,0.06752689,0.010721938,0.015176591,-0.33796483,0.2507266,-0.1429527,0.15293878,-0.44047818,0.12297739,0.24381953,-0.019266216
rna|PRAMEF6,0.92470574,0.4637472,0.40715417,0.19861265,0.2906373,0.21900071,-0.48198584,0.70848036,0.20673192,-0.5273635,-0.21731725,-0.692996,0.80429095,-0.10293535,-0.054585025
rna|PLXNB1,0.5038629,0.714965,0.052166704,-0.88829535,0.6540664,-0.4501715,0.20249385,-0.0678346,0.2823321,0.75686985,-0.58206636,-0.6870763,-0.12587273,0.16989361,0.19852582
rna|CXCL9,-0.140448,-0.5086639,0.13971157,-0.51467943,0.6466845,0.22040525,0.7931496,0.25900167,-0.4004151,0.5127264,0.584203,0.052272353,-0.19111368,0.63172615,0.5112888
rna|UGT2B7,0.45188516,0.45206383,0.41296163,0.3014779,0.06697916,-0.41087726,-0.18059605,0.4148225,-0.104926765,-7.0926326e-06,-0.2554946,-0.9597332,0.49249062,-0.20674369,0.00023227233
rna|CD209,0.3844825,0.23080085,-0.50440043,-0.5365986,0.05171281,0.10550678,0.22078899,0.1472357,-0.60636836,0.16828826,0.11686243,-0.13268584,-0.15827143,0.376043,0.5281549
rna|ZNF804A,-0.20513554,-0.081816815,0.41650447,0.5344821,-0.2588671,0.46947458,-0.11819745,-0.31504393,0.43745074,-0.04346018,-0.13544086,0.0908026,-0.09363106,0.122058436,-0.39411962
rna|SULF1,0.17340407,-0.6895575,0.13175529,-0.2540076,-0.406232,-0.30142313,0.088931985,-0.03153378,0.063888885,0.8983749,-0.6012216,0.77818984,0.26365533,-0.94751716,-0.39126235
rna|KRTDAP,0.7510634,0.34947106,0.15813714,-0.30694312,-0.922168,-0.29726857,-0.45915782,-0.88580316,0.9264855,0.7729325,0.20231387,-0.18326433,0.2048975,0.23473656,0.3248119
rna|ADGRG5,-0.22192761,0.44338787,-0.45363563,-0.3218327,0.56835616,-0.4246742,0.06532781,0.033841804,0.5008369,0.5857581,-0.49993053,-0.07636636,-0.252285,0.18870099,-0.35845548
rna|CR2,-0.416318,-0.07038557,-0.39229992,0.11297894,-0.024060352,-0.6753915,-0.571459,0.40629107,0.31515846,-0.24700814,-0.12559055,0.4334757,-0.54050183,0.06522857,-0.16115955
rna|NUP62CL,-0.08472639,-0.026775636,0.0004626013,-0.019654877,0.14676063,-0.46302006,-0.11101779,0.1871211,0.19508778,0.22623576,0.0789207,-0.27257252,-0.078972846,-0.0012205533,-0.77120435
rna|SIX4,-0.308746,-0.18433611,0.267807,-0.2160439,-0.13710073,-0.14916995,0.028038885,0.04694475,-0.05913568,0.18877122,-0.5004468,-0.44323906,0.12880106,0.011781169,-0.468269
rna|CRNN,0.6644833,0.45788854,0.22294573,-0.10403463,-0.8302962,0.041419722,-0.8430033,-0.6142008,0.59441346,0.6171941,0.2757347,-0.45037463,0.70236874,0.3676054,0.4049016
rna|POM121L4P,0.88465345,0.38375947,0.5139792,0.32235336,0.23913541,0.41609082,-0.43006587,0.5749584,0.010536481,-0.35604516,-0.31099862,-0.62036514,0.6300848,-0.2698458,0.19932029
rna|GAP43,0.8053293,0.11178176,0.13653085,0.07165477,0.055038974,-0.11924808,-0.46856573,0.39299747,0.3628449,0.18416315,-0.46730578,-0.37541962,0.6394968,-0.5774905,0.036535867
rna|AKR1C2,0.51155347,0.61141866,-0.36569533,-0.44667292,-0.3154442,-0.5887853,0.005704495,0.0716434,0.44097966,0.6715276,-0.66543657,-0.25784498,0.19063058,-0.24682488,0.45347226
rna|MARCO,0.2622034,-0.27257344,-0.11838284,-0.055465195,0.2488865,0.4807458,0.6479235,-0.045886543,-0.61488175,0.26003438,0.50798947,-0.104387395,0.47840494,-0.03636581,0.65983135
rna|ABCC8,0.50450677,0.7126454,0.079346284,0.06881722,0.23809539,0.053257804,-0.2780656,-0.063101284,0.3504103,-0.16075762,-0.48704278,-0.5624148,0.17459166,0.23540021,0.014412588
rna|SPRR4,0.7169451,0.050206747,0.46195292,0.6811891,-0.30874386,0.47321123,-0.8125503,0.58170444,0.28703764,-0.53872025,0.0040243114,-0.32675177,0.5705907,-0.20754619,0.2904508
rna|JSRP1,0.41677296,0.2937531,0.090278305,-0.18804333,0.38478285,0.006614054,-0.22991633,-0.111722365,0.26353687,-0.04450232,0.18444191,0.23995303,0.09443133,0.048278216,0.29037428
rna|OR6M1,0.718308,0.39837685,0.514297,0.50847626,0.18826091,0.52734333,-0.46023044,0.5067406,0.31605113,-0.45476997,-0.2730096,-0.6387243,0.6731514,-0.19574845,0.13626276
rna|SPON1,0.61962914,-0.08645101,-0.2494226,-0.7871241,-0.16975978,-0.5326236,0.113121055,0.11489899,-0.055494454,0.78770053,-0.7647189,0.33602193,0.12342997,-0.6467252,-0.019114066
rna|BTNL9,-0.17884819,-0.06983619,0.2947079,-0.2513209,-0.2356102,-0.53137505,-0.06862362,0.4568147,0.1860828,0.08892154,-0.03654438,0.16427958,-0.45430967,-0.12722078,-0.2865649
rna|CCL17,-0.013268892,-0.24875432,-0.13132554,0.11765058,-0.056520697,-0.42198947,-0.08651918,0.09328592,0.25132814,0.10625645,-0.122961015,0.17296739,0.013269214,-0.015653722,0.02900386
rna|OR2A1,0.83949524,0.39181146,0.3674179,0.16766724,0.22870515,0.43736342,-0.5046038,0.651669,0.25587493,-0.38128096,-0.41368285,-0.468612,0.603087,-0.25504142,0.09671767
rna|PCDHGB2,-0.34858516,0.06749338,0.9297175,-0.15347487,-0.06499343,-0.4719561,-0.3422027,0.68922216,0.6173338,0.32149142,-0.69302946,0.55935454,-0.25721806,-0.63043815,-0.35258362
rna|C2ORF66,0.6474104,0.53640866,0.56473,0.36231655,0.27763563,0.4213498,-0.46874592,0.45127988,0.18117896,-0.41817188,-0.23780699,-0.4096306,0.6056303,-0.23238982,0.27558258
rna|SELENOV,0.7215154,0.25967166,0.57025546,0.52003974,0.050901856,0.47876173,-0.5171776,0.52639115,0.3115478,-0.408422,-0.33601484,-0.58202124,0.5695509,-0.13120456,-0.047397867
rna|GLDN,0.5126758,0.00807073,-0.18756185,-0.61471635,0.2516202,0.25516886,0.3963841,0.032951996,-0.47818637,0.587734,-0.0035159613,-0.358165,0.23798926,0.22597517,0.18067169
rna|PODXL2,0.22464131,0.5483856,0.30882877,-0.19509181,0.39473227,-0.009368504,-0.1674859,0.22880018,0.56077456,0.17215492,-0.34903398,-0.46863806,0.13967511,0.16525087,-0.14751473
rna|ST8SIA5,0.128852,0.45161703,0.29123044,0.15711689,0.4728309,0.36570945,0.0048687793,0.21965997,0.0031219178,0.041141294,-0.22101109,-0.50367415,0.4495642,0.04810762,-0.25024348
rna|KRT1,0.7451709,0.3870455,0.36711395,-0.106296845,-0.56637484,0.10733112,-0.4794944,-0.15917741,0.7033006,0.13054821,-0.0014520114,-0.24028578,0.39642054,0.064690314,0.4108174
rna|MTCL1,-0.04576699,0.4334219,0.038486768,0.7297824,0.06003089,0.53857577,-0.0759707,-0.28742585,0.68029743,-0.15037145,-0.47800472,-0.036871,0.08524319,0.15967149,0.27826893
rna|RAB17,0.15973319,0.5506879,4.054771e-05,-0.63102746,-0.033101577,-0.29279777,0.21472058,-0.06503934,0.012231356,0.5148821,-0.38420784,-0.67821884,0.2688227,-0.35594064,0.1670938
rna|OR52R1,0.6951214,0.25585678,0.48007953,0.41157347,0.10169867,0.5034415,-0.64061075,0.70730025,0.25596088,-0.55635506,-0.25691947,-0.53568393,0.6171697,-0.19405566,0.3055288
rna|TACSTD2,0.6745458,0.36443114,-0.2615663,-0.49524444,-0.65770733,-0.50205237,-0.39860526,-0.19836739,0.48132718,0.9757934,-0.015133411,-0.5109844,0.30966726,0.24508172,0.26896378
rna|ZIC5,-0.12199969,0.47127807,0.3993077,0.18677829,0.107436135,0.36251602,0.19244471,-0.35469815,0.32649308,-0.52056414,-0.293093,-0.22869346,0.2862153,0.17715074,-0.111534536
rna|KANK1,-0.48067287,-0.24037448,0.5611834,-0.04839086,-0.24603729,-0.108955495,-0.17394544,0.15507385,0.31205916,0.14706106,-0.3137198,0.38327757,-0.44007453,-0.27968076,-0.3711114
rna|SERP2,0.11382056,0.53115153,-0.1622462,-0.82334965,0.9111744,-0.061111845,0.07175256,0.59680635,-0.119839765,0.6897196,-0.15466425,-0.16630161,-0.20658101,0.3311962,0.10407814
rna|ALDH3A1,0.44821262,0.6998336,-0.13751124,-0.049039584,-0.3744858,-0.28707525,-0.16007835,-0.77639294,0.5313824,0.80794156,0.33531395,-0.4595218,0.11908588,0.4267229,0.23142345
rna|KRTAP8-1,0.72249824,0.40770745,0.5769079,0.19265972,0.113872565,0.36405885,-0.40303177,0.6304328,0.21686377,-0.5333561,-0.24023578,-0.6476388,0.58295935,-0.1783061,0.09463622
rna|LRFN2,0.63195175,0.28858846,0.38661298,0.87314415,0.1488611,0.42562026,-0.7421611,0.83212614,0.2884783,-0.36415976,-0.22780742,-0.27996635,0.6144962,-0.121226855,0.12696993
rna|CLDN6,0.55915976,0.4341858,0.4517699,0.7302392,0.36967814,0.4512577,-0.72982997,0.6608452,0.14511944,-0.25669512,-0.24262224,-0.46405372,0.5904571,-0.11249633,0.1257704
rna|P2RX1,0.40145227,0.8122214,0.2413393,-0.7305403,0.22863908,0.06729455,-0.3816244,0.12476342,0.22930604,0.0993932,-0.16474812,-0.41099858,-0.05407917,0.27082983,0.33419374
rna|CA9,0.3569203,0.3072807,0.677175,0.10341979,0.28592485,0.46059436,0.0034763615,-0.24027213,0.27251428,0.038298953,-0.29600596,-0.54697,0.6733666,-0.056040768,-0.19598517
rna|SPP1,0.3153013,-0.4313695,0.038157213,0.07962334,-0.01788555,0.60389966,0.39538598,-0.36398554,-0.42619833,0.84076965,-0.16119173,0.20399937,0.5154666,-0.6382636,-0.16708945
rna|CTCFL,0.399086,0.3694941,0.31959262,0.023030145,0.16510953,0.42374185,-0.02638222,0.0933336,0.04900632,-0.2012816,-0.30695942,-0.4333461,0.34561977,-0.035199586,0.05551288
rna|UBTFL2,0.91985875,0.396846,0.3844691,0.39028046,0.19832727,0.282818,-0.5267715,0.60815233,0.14433338,-0.44009727,-0.22546998,-0.6273016,0.7317465,-0.19960804,0.09454308
rna|CFAP251,-0.5426618,-0.1464993,0.0325959,0.10832724,-0.05592659,-0.24799119,0.3136675,-0.22531462,0.42330348,0.18048081,-0.45713636,0.17442067,-0.06651078,0.04197121,-0.41006702
rna|TMEM119,-0.111979544,0.35618648,-0.06285937,-0.41847658,0.46558258,-0.73758733,-0.15756051,0.5796189,0.3984841,0.82279825,-1.0039035,0.13037272,-0.084943704,-0.19914092,-0.37754962
rna|S100A8,0.27836758,-0.33467266,-0.31699085,-0.4743814,-0.48573405,-0.02985683,-0.057052646,-0.44467962,-0.8597279,1.0060904,0.85581434,-0.48567083,0.4327899,0.49600023,0.20129555
rna|OR51Q1,0.63170886,0.324194,0.50225306,0.5993855,0.10925888,0.47707766,-0.63857657,0.6103629,0.13282709,-0.49470478,-0.18091087,-0.51241064,0.5996256,-0.14909631,0.13676721
rna|SLC16A10,0.4009098,0.27022952,-0.59997517,-0.12665,-0.2266665,-0.30776837,0.018864907,-0.20533824,0.08747674,0.38229224,-0.14984052,-0.24823685,0.36688304,-0.17273417,-0.37799144
rna|PWRN2,-0.2856247,0.36283636,-0.35581338,0.02948502,-0.111736156,-0.54349184,-0.6430018,0.672004,0.5915889,-0.4927811,-0.4191378,0.3561351,-0.26195672,0.047018055,0.24353425
rna|CUX2,-0.009008733,0.027516348,0.561292,-0.3292311,-0.37796772,-0.5877811,-0.12571819,0.5316771,0.0342884,0.26075554,0.07905801,-0.1526992,-0.028026033,-0.12927938,-0.18547258
rna|WNT3,0.06884048,0.67236304,0.22334042,0.25345826,-0.10823676,-0.11010437,-0.06640634,-0.3014305,0.2284652,-0.18022141,-0.33015564,-0.54473513,-0.14514601,0.25560978,-0.33089978
rna|LTBP1,-0.4434986,-0.1811507,0.5037341,0.17513755,-0.33764425,0.04272327,-0.049981672,0.14089243,0.30336657,0.054158557,-0.21970385,0.54906857,-0.34727553,-0.6174084,-0.29134256
rna|KRT27,0.56572545,0.6014863,0.49961004,0.40152642,0.009072814,0.40530849,-0.4353373,0.22746684,0.5599345,-0.26734126,-0.40919036,-0.5356935,0.5144685,-0.13690951,0.30110282
rna|ELF3,0.513665,0.4978356,0.44504476,0.050823975,-0.39538628,0.21248883,-0.19798866,-0.494241,0.040245008,0.6594343,0.07286311,-0.3505575,0.509113,-0.022751434,0.5296302
rna|RBFOX1,0.6836554,0.37057233,0.5995672,0.5349941,0.14521097,0.59396803,-0.59461904,0.6792732,0.33942926,-0.36906978,-0.16700402,-0.33399028,0.5062323,-0.10810945,0.11722241
rna|CCL21,0.23318912,0.6940472,-0.6367166,-0.02833656,0.19285268,0.044506554,-0.34705675,0.6435743,0.49847952,-0.3968169,0.07908444,0.42929542,-0.4114822,0.15082777,0.9086941
rna|CHN2,-0.00096004293,-0.23239064,-0.14829718,0.6422061,-0.20126851,0.2692245,0.17856751,-0.14567317,-0.22647338,-0.064130634,0.3662463,0.23070206,0.021455726,0.16514431,0.061255846
rna|FBP2,0.42489874,0.17958112,0.40762338,0.059507623,0.0962884,0.19754894,-0.3081833,0.58905107,0.36143968,-0.15992852,-0.2603027,-0.62404203,0.60382456,-0.028987752,-0.15885618
rna|OLR1,0.1483967,-0.6447052,0.23332138,-0.40168646,-0.4073773,-0.18126202,0.0015821242,0.1308835,-0.299175,0.65280515,-0.12707084,0.028254034,0.56298745,-0.6823547,-0.47622833
rna|ACR,0.60101753,-0.08424009,0.3307968,0.9268323,-0.09529923,0.52328765,-0.7610113,0.6494677,0.05841425,-0.63973117,0.0016446094,-0.11025315,0.49586427,-0.30674323,0.39926144
rna|CES1,0.21097425,-0.23100573,0.049989365,-0.34116104,0.15954493,-0.35579264,0.20992775,0.046799567,-0.36757746,0.7584824,0.16951665,-0.51568,0.69590396,-0.24019787,-0.06821423
rna|GDPD5,-0.00044485714,0.19464321,0.51172644,-0.8006577,0.44247955,-0.29308072,0.049077686,0.19138473,-0.1002323,0.59972954,-0.45310253,-0.4318533,-0.07157005,0.115443915,-0.18429463
rna|GJB2,0.48280612,-0.37169784,-0.07951081,-0.07545197,-0.4142539,-0.06394425,0.09259759,-0.17392075,-0.29126683,1.0630587,0.7728164,0.033267535,0.52926344,-0.022959147,0.08701636
rna|DUOXA1,0.67384666,0.18516909,0.40790296,-0.30240864,-0.8469119,-0.025785383,-0.4602979,-0.5715421,0.7507202,0.76917005,-0.22394066,-0.2655324,0.6113595,-0.20697853,0.42925873
rna|LOC648148,0.7681269,0.7709648,0.41552997,0.27980858,0.42410105,0.010870395,-0.20631039,0.6973057,0.3800755,-0.2452292,-0.530424,-0.43708238,0.5485104,-0.1669684,-0.033910587
rna|C10ORF99,0.6107785,0.41437858,0.48048738,0.09891115,-0.48400995,0.08952138,-0.52159876,-0.23609759,0.53716505,0.32595125,0.21204853,-0.4638927,0.74895704,0.020390578,0.25633192
rna|CGN,0.13981263,0.7914199,0.031936508,-0.31803843,-0.09399588,-0.33107334,0.14994986,-0.39614108,0.40644857,0.5947278,-0.35058406,-0.55789787,0.24424452,0.02648988,-0.0019309162
rna|NDP,0.3453553,0.16543536,-0.26866004,-0.26200962,0.3956658,-0.0086597,-0.07550854,0.28441396,0.16985661,0.7802816,-0.090048924,0.14006293,0.39750743,-0.21496922,0.12396148
rna|COL3A1,0.49875718,-1.0604979,-0.24277548,-0.16776335,-0.70156235,-0.86918616,-0.023795208,-0.04475944,-0.35467702,0.643805,-0.06936019,0.49126643,0.37660813,-0.9814076,-0.49413958
rna|PPM1E,-0.16326112,-0.13887765,0.26497155,-0.23204403,0.23812048,-0.120392084,0.1045332,-0.12250217,0.2453247,0.045253478,-0.13754794,-0.23574103,-0.0391279,-0.029582607,-0.4009371
rna|APOC3,0.38853085,0.36605918,0.3483351,0.67883706,-0.069263764,0.10106599,-0.26170963,0.609409,-0.27268422,-0.5332265,0.005930365,-0.7149119,0.4992688,-0.3753432,0.29903063
rna|ELAPOR1,0.1871477,0.55915433,-0.07707147,-0.5206526,0.46396074,-0.013653573,-0.20450333,0.83259434,0.10003658,0.562489,-0.05379012,0.23991196,-0.4457357,0.4429544,0.28360677
rna|GNB3,0.09834637,0.1420668,0.20086704,0.6095007,-0.31689492,0.61821645,-0.044963162,-0.3827199,0.11291649,-0.18282557,-0.56021065,0.3802901,-0.01932937,-0.09363184,0.13380525
rna|H2BU1,0.15761167,-0.15573382,0.13918827,0.023268515,0.38116536,0.6410421,0.14544961,-0.17175284,-0.075214356,0.10802608,0.26218376,0.27275744,-0.051989466,-0.2047024,0.19747373
rna|APCDD1L,0.70762056,-0.3607167,0.2790375,-0.33793673,-0.37271434,0.04136111,0.057425637,-0.13304715,0.025793307,0.41487795,-0.54056156,0.012808633,0.66716784,-0.78055793,-0.12730515
rna|PLA2G10,0.012819184,0.648624,0.52269524,-0.14687015,0.1172722,-0.28726894,-0.045401424,0.1882914,0.79521805,0.2097417,-0.63877696,-0.27780107,-0.03765155,-0.014201408,-0.49664813
rna|SUGCT,-0.0037286174,-0.25755784,0.061634514,-0.37527037,-0.3565489,-0.6367498,-0.30277887,0.7133842,-0.0019573902,-0.09329401,-0.49837142,-0.060422692,-0.13065693,-0.21941838,-0.19888462
rna|PI15,0.19613321,-0.42876053,-0.19255152,-0.17905922,-0.1103121,0.061244678,0.096643515,-0.11790326,-0.47765058,0.756107,0.15358724,0.07058944,0.6646852,-0.5264031,-0.28031114
rna|PRAMEF18,0.8648375,0.4935625,0.38513976,0.31044206,0.23091288,0.47097722,-0.43658942,0.65242314,0.29652974,-0.3659105,-0.25722885,-0.4504578,0.6985404,-0.15187423,0.06560811
rna|CLSTN2,0.41369328,0.009934048,-0.039009366,-0.50459,-0.07174071,-0.07830585,-0.08902013,0.431827,0.11732228,0.0956719,-0.5777475,0.016529199,-0.04582552,-0.38863742,0.5421457
rna|TUBB4A,0.07748033,0.40319398,-0.19657001,-0.015089055,0.7915328,0.34012493,0.43747157,-0.48519674,0.096005455,-0.11900148,-0.025620215,-0.31619105,0.15756173,0.55473644,0.30651554
rna|MYH7,0.31168073,0.31785148,0.30431458,-0.30520472,-0.020841597,-0.20660535,-0.04975427,-0.017455652,0.28000665,0.726769,-0.06418355,-0.12828465,0.20780651,0.2237551,0.11834081
rna|GDF7,-0.145011,0.5626565,0.07058376,0.31850228,0.49017793,-0.033222053,-0.22354198,-0.090227105,0.57831293,0.07437073,-0.44049475,0.016787851,0.019442113,0.14591509,0.2340997
rna|CGB5,0.8380273,0.28276253,0.47433612,0.5358167,0.29871443,0.4304564,-0.5086998,0.65511054,0.15599567,-0.29255825,-0.16792162,-0.6294067,0.6609837,-0.19657686,0.01712191
rna|FRMPD1,0.19925511,0.35851982,0.229995,0.3539091,0.025247868,0.2350988,-0.20542978,0.3173181,-0.044314202,-0.41429636,-0.49324456,-0.23843548,-0.05381333,0.30295697,0.2969562
rna|CCL8,0.39487362,-0.665855,-0.28720477,-0.5954697,0.19638643,0.115677305,0.6135135,-0.0922266,-1.0418777,0.62335664,0.7930328,-0.3073582,0.29563397,0.47693056,-0.19958788
rna|LGALS7,0.3258495,0.5016077,0.11841067,-0.27945137,-0.48362553,-0.03245262,-0.19615869,-0.8761989,0.7538135,0.7596022,0.10807014,-0.18483473,0.06431626,0.19191009,0.6175845
rna|KCNQ2,0.27867875,0.3057808,0.68513155,0.093944356,0.22122811,0.32202193,-0.18520457,0.6506035,0.31735763,-0.06390293,0.011315292,-0.19217332,0.4798027,-0.15281186,0.007673027
rna|PIGR,-0.0133067025,0.5204159,0.22688791,0.1961776,-0.12406867,-0.06501714,0.034221243,-0.3685235,0.048964523,0.24770102,0.1978485,-0.27317816,0.07209613,0.3439241,0.20615233
rna|LILRA2,0.12176777,0.29793847,-0.25105006,-0.66047335,0.53879607,0.20187517,0.38732085,0.050087806,-0.6658871,0.6729671,0.029348519,-0.68260676,0.35414004,0.3028569,-0.07295656
rna|SLC16A9,-0.054083753,0.73810124,-0.25859824,-0.024807893,0.12697066,-0.24298808,-0.2904311,0.11022838,0.36835235,-0.096338816,-0.41258803,-0.4083021,0.08590032,0.19923154,0.050487004
rna|AQP9,0.090618625,-0.36251718,-0.28039706,-0.2523935,0.0051632747,0.24377005,0.30568057,-0.24789168,-1.1254727,0.886522,0.57151616,-0.4370945,0.6451437,0.020459827,-0.13283539
rna|MIR128-1,-0.07355542,-0.082293995,-0.22577433,-0.5855831,-0.05582158,-0.58260185,-0.052567057,0.090776175,0.0032737604,-0.6389612,0.39710948,-0.44912788,0.25343993,0.15899396,-0.49254295
rna|VCAN,0.32368416,-0.66176707,-0.0600238,-0.42391044,-0.3090732,-0.30017596,0.109848,-0.15520447,-0.32683402,0.917755,-0.6468387,0.16220121,0.4061167,-0.88512206,-0.26790816
rna|GPRC5A,0.8850544,-0.13035315,0.2346455,0.20005,-0.6977126,0.14850135,-0.64818823,-0.14029764,0.23565188,0.22129054,-0.2566506,-0.24897557,0.60880536,-0.37980253,0.5283518
rna|GOLGA2P11,0.02297889,-0.22354221,0.30199695,-0.14125718,-0.11377103,0.23022594,-0.06479348,-0.040894262,-0.13258624,-0.15459056,0.1286635,-0.113758214,0.22738579,-0.15604837,-0.21579517
rna|DBH,0.46258375,0.5806282,0.5286246,0.19701633,0.39743453,0.118651785,-0.33524945,0.7760643,0.09641374,-0.067759044,-0.38124108,-0.70745975,0.3473966,-0.21390785,0.33205155
rna|PGBD5,0.4067383,0.36858645,0.4656506,0.025154673,0.4770926,0.65010935,-0.10968181,0.48934639,0.0026975786,0.29495347,-0.11673367,-0.22641931,0.42272356,-0.052608434,0.41401356
rna|PPFIA4,0.08510156,0.22842677,0.3518276,-0.40890914,0.095420524,0.15355504,0.11340912,-0.146121,-0.056097988,0.8797678,-0.45231926,-0.5118678,0.51257724,-0.11763951,-0.502215
rna|PTGIS,0.4905617,-0.63127726,0.12705334,-0.44604897,-0.5197736,-0.4993956,0.05914155,-0.0014037286,-0.06742883,0.32542595,-0.9500998,0.20345412,0.3286732,-0.87871045,-0.07503835
rna|ADAM33,0.6464772,0.1297936,-0.03623879,-0.25870538,-0.08617868,0.2515746,-0.25855702,-0.021296207,0.3957859,-0.11073179,-0.30685586,0.14695649,0.10922713,-0.31010503,1.2645135
rna|CHDH,-0.11901656,0.3196928,0.35740012,0.3707977,0.0023605265,-0.3561909,0.030341368,-0.21648656,0.11115411,-0.016251925,-0.18212076,-0.24321942,-0.16337867,0.13131858,0.06736833
rna|CYP4F22,0.5040948,0.6358996,0.32865077,0.06725617,-0.07020735,0.17318672,-0.2716356,0.3635721,0.4726563,0.250994,-0.18983139,-0.17889187,0.42364419,-0.040905092,0.4696802
rna|NOX4,0.5274773,-0.4763388,0.17610185,-0.6604188,-0.2308752,-0.5945819,0.23586741,-0.08278367,-0.033427577,0.9951536,-0.59161663,-0.093102425,0.4113254,-0.6470947,-0.7389249
rna|CALHM1,0.014066053,0.25601134,-0.19551031,0.10548334,0.05568371,0.11993451,-0.022669459,-0.44940537,0.086489595,-0.13732472,-0.16877389,-0.032945212,0.19104588,0.2004481,0.008546691
rna|PNCK,0.30527538,0.30689082,0.1847457,0.032666493,0.27211198,0.49391967,0.11575889,0.035713468,-0.1023291,0.13361825,-0.16265163,-0.2446343,0.22977318,0.080474846,0.2486528
rna|OVOL2,0.09778642,0.38889912,0.2041605,0.27160993,-0.1402566,0.39366093,-0.097074054,-0.3338101,0.3197241,0.25827876,-0.12699649,-0.34025562,0.14885898,-0.024907578,0.18637505
rna|RAMP1,-0.10221928,0.35476908,0.117607184,-0.5616048,0.2088969,-0.4915246,0.16751038,0.28114548,0.09083625,-0.01454375,-0.9761691,-0.47480053,-0.01685041,-0.19896466,0.052451912
rna|FFAR2,0.43359974,0.26118237,0.23630148,0.13841479,0.13737215,0.8861653,-0.023440847,-0.21503578,-0.40962198,0.29011694,0.31940907,-0.08498441,0.56735,-0.07921761,0.7138106
rna|IL1RN,0.4021821,0.06971644,-0.11382002,-0.14750618,-0.18083939,0.73466194,-0.0033562316,-0.2998839,-0.5005541,0.81651884,0.5396016,-0.1284396,0.5873841,0.05158547,0.7807703
rna|ELOA3P,0.574163,0.5358796,0.5282509,0.13427794,0.15014037,0.32121414,-0.2822876,0.6060505,0.08376598,-0.25751227,-0.25585565,-0.63248205,0.5227474,-0.09170705,-0.037487146
rna|CPNE5,-0.3568105,0.14268978,0.22959599,0.4597705,-0.014890999,-0.099478826,-0.22030628,0.13264483,0.6413507,0.17015292,-0.20708524,0.85120165,-0.26185498,-0.2302978,-0.17563535
rna|RIMS1,0.6586353,0.19110207,0.27458188,0.71998686,0.11267364,0.5061291,-0.5965388,0.5912337,0.036121294,-0.35009766,-0.20403376,-0.21273941,0.4259479,-0.23801073,0.37827158
rna|LGSN,0.04701844,0.18258904,-0.090916865,0.048075497,-0.1264678,-0.10130151,0.016957358,-0.07913203,-0.5335662,-0.29337293,-0.18566024,-0.5009924,0.22541569,0.01043401,-0.0900045
rna|DNAH2,0.3418764,-0.0421063,0.26543984,-0.32407522,-0.24112059,-0.3906358,0.091804855,0.31073645,0.075485215,0.2139853,-0.38828278,-0.31889313,0.11991861,-0.28926492,-0.20665278
rna|SIGLEC15,-0.30293694,0.1502756,0.08393188,0.21743292,0.34627357,-0.19018236,0.022043386,0.34638515,0.55636925,0.11757846,-0.30886745,0.3001829,0.30367482,-0.16485052,0.009492372
rna|HAS1,0.7049347,0.17199807,0.2752137,-0.13268436,-0.049852367,0.0958214,-0.11933804,0.21900147,0.02951225,0.13819785,-0.8587527,-0.1925359,0.49971515,-0.3623843,-0.22807716
rna|POU4F3,0.50903285,0.31430602,0.48491,0.3767904,0.3862236,0.58571136,-0.28090832,0.21401495,0.3147995,-0.3582712,-0.5028874,-0.4866311,0.6234908,0.0028410333,0.17902812
rna|SLC7A10,0.30985975,0.5034114,-0.17522857,-0.42003566,0.27109045,-0.3795587,-0.3087381,0.6222163,0.41390443,-0.15564036,-0.23250362,0.03287235,-0.4014435,-0.0745796,0.23033193
rna|CACNA2D3,-0.05552467,0.4443002,-0.1872773,-0.47694132,0.24522679,-0.78795356,-0.33313224,0.487153,0.7550763,0.3850886,-0.52972955,-0.14086035,-0.26146972,0.15356003,-0.534426
rna|MIOX,-0.04465243,0.34980533,0.5359035,0.2176222,0.042284515,0.30284676,-0.17471792,-0.12042232,0.4340061,-0.099356554,-0.60900277,0.02962566,0.08478855,0.08915578,-0.16664499
rna|HDC,0.8337699,0.6850013,-0.46333542,-0.7080953,0.024228308,-0.49281028,-0.11803454,0.14617962,0.4868914,0.49532142,-0.41701385,-0.24308048,0.067579985,0.19858785,0.57248753
rna|MIR221,0.14850967,0.7412054,0.050874233,0.10225319,0.37668017,0.011840841,-0.053257436,-0.06586636,0.2120498,0.6047736,-0.44126216,0.05566078,-0.055524893,0.43718737,0.2885794
rna|LMOD1,0.7547928,0.15778668,0.1243009,-0.19166328,-0.13373688,0.52192765,-0.09011305,0.17146173,0.061998215,0.005930679,-0.601628,0.02447711,0.27883816,-0.6590194,0.90590245
rna|MAGEA4,0.29222715,-0.037163388,0.33171147,-0.066008456,0.23359534,0.21104562,0.10668248,-0.1561404,-0.13760301,0.05502057,-0.052095406,-0.15892278,0.14289272,-0.09413334,0.33908173
rna|SPACA5B,0.6674373,0.3768217,0.3680946,0.2783631,0.1989187,0.2760363,-0.30418122,0.475673,0.33689216,-0.48887056,-0.25715226,-0.555168,0.6449954,-0.05677745,-0.032477044
rna|LINC00268,0.78897053,-0.026162356,0.30309814,0.112313904,-0.031746022,-0.29699284,-0.6904668,0.8152002,-0.027905129,-0.707413,0.06380811,-0.88540125,0.6390892,-0.041251965,-0.19704528
rna|OTP,0.58551395,0.43799472,0.32386777,0.49339736,0.18825717,0.55703086,-0.45187628,0.51382023,0.4081655,-0.56814104,-0.26717255,-0.37770307,0.56441,-0.26832438,0.20791714
rna|TNFRSF13B,0.09983721,0.37863657,-0.30964935,0.3845034,0.14696041,-0.044102717,-0.019371632,-0.2892755,0.42604432,-0.1888655,0.02097492,-0.12498091,-0.013064973,0.7600081,0.24946031
rna|GRB7,0.48358855,0.45963058,0.5539276,0.4386751,-0.24033849,0.3282116,-0.2952539,-0.2017139,0.29834452,0.21941385,0.0038125562,-0.49117595,0.51242656,-0.06572545,0.11654378
rna|MLPH,0.74614954,0.36750576,0.31909916,0.15127379,-0.10739519,-0.14980553,-0.33551946,0.42404932,0.099713296,0.04427405,-0.033295453,-0.52360094,0.62883157,-0.16193831,0.3591765
rna|PMAIP1,-0.15786749,-0.22545224,-0.18033916,0.21145807,-0.14745028,-0.8496372,-0.020737464,0.14999771,-0.25809306,0.22323516,0.63136524,-0.30710912,-0.20323855,0.70846164,-1.3435116
rna|CREB3L1,0.56759936,-0.31263193,0.14001715,0.23897414,-0.6053662,0.21266958,-0.06905378,0.25154012,0.04950328,0.5924137,-0.35254848,0.40004337,0.68073314,-0.86709964,-0.030155104
rna|HOXA11-AS,0.15101133,-0.18592888,0.46130788,-0.1295291,-0.24190107,-0.44862294,-0.17221603,0.19558474,0.18244489,-0.1096889,0.12530038,-0.08954096,-0.085299104,-0.24227393,-0.33328867
rna|CSDC2,0.6920835,-0.0885405,-0.12419138,-0.19826794,-0.5299878,-0.1975867,0.08151157,0.09459455,-0.11995822,0.228913,-0.65633255,0.02996703,0.3642783,-0.6941009,0.16587774
rna|IFITM4P,0.4139057,0.23945053,0.25799263,0.81306434,-0.060795683,0.5384609,-0.4852035,0.75860786,0.13402241,-0.3141376,0.29323587,0.1646677,0.28748846,0.11847513,0.10679069
rna|DHRS9,0.044711266,0.095331825,-0.34756976,0.1609102,0.18601593,-0.22031184,-0.0342004,-0.011119282,-0.1681427,0.24743117,0.29059348,-0.22256246,-0.040927656,0.44596332,-0.07046815
rna|GCNT3,-0.11320216,0.75450355,-0.21526513,-0.24391857,0.2930553,-0.5445657,-0.11287049,0.20467909,0.1728851,0.44536695,-0.3169088,-0.23540206,-0.07302549,0.37086168,0.13295817
rna|CYP2J2,0.45367703,0.7071022,-0.006559215,0.020043837,-0.089288406,0.110946976,-0.017881483,0.033493664,0.16421825,0.035333652,-0.16553746,-0.5794893,0.2654949,-0.30899724,0.27590546
rna|KBTBD12,0.5618988,0.38330925,0.37895843,0.14459848,0.098436005,-0.105754085,-0.2139339,0.23432152,0.28913096,0.20587677,-0.13704343,-0.35769564,0.26091117,0.13174765,-0.012136885
rna|OR52W1,0.61509854,0.32133546,0.5188144,0.63832945,0.206979,0.45825526,-0.5119844,0.6990105,0.14045319,-0.43471968,-0.16821747,-0.43793747,0.5214007,-0.08123245,0.058029704
rna|OR52I1,0.8349398,0.3342499,0.40070355,0.4614298,0.12510636,0.41274765,-0.59907603,0.60593796,0.2517912,-0.45098504,-0.24810559,-0.5687851,0.61663306,-0.044922203,0.02031875
rna|VWCE,-0.11101264,0.5776454,0.30173764,-0.0507595,0.22142085,-0.0018399175,0.4131809,-0.7358838,0.26846895,0.079794586,-0.54762983,-0.3955064,0.07086151,-0.024334215,-0.053376388
rna|CLEC18A,0.6682461,0.51048326,0.46761605,0.36310792,0.39490917,0.43541375,-0.35407725,0.493776,0.42282334,-0.36749813,-0.44640094,-0.6298411,0.5140131,-0.09228224,0.1429078
rna|ACTA1,0.17140989,0.24328811,0.24730776,0.07281443,-0.40562844,-0.16788724,-0.10760369,-0.22202706,0.30075607,0.5573344,-0.1433504,-0.018920287,0.2251896,0.14249024,-0.030022
rna|OR2B11,0.5808751,0.31102973,0.52288014,0.38622707,0.20338793,0.3840563,-0.47288513,0.605442,0.21067217,-0.34600306,-0.46325728,-0.7098601,0.5280842,-0.015461895,-0.07957693
rna|CA4,0.34902287,0.61294794,-0.23410627,-0.24308446,-0.22793616,0.3174903,-0.05138661,0.19798248,-0.07228276,-0.0989806,-0.18085803,-0.31020224,0.091927476,0.07641166,0.41520092
rna|EEPD1,-0.27804995,-0.012341334,0.47195157,-0.30636895,0.04136446,-0.13947555,0.027907602,0.10803797,0.28525934,0.26991093,-0.5068724,0.23524763,-0.07655349,-0.3640264,-0.3510056
rna|OAF,0.14342247,0.51351446,-0.16825381,-0.6631713,0.55234456,-0.2908605,0.5533164,0.12120334,-0.08431209,0.9155217,-0.6983896,-0.2825893,-0.17586128,-0.14979407,-0.16629307
rna|ADAM11,0.57485414,0.26571625,0.3748945,0.70475495,0.2564383,0.41106066,-0.5517167,0.5058061,0.2647604,-0.2208462,-0.4776901,-0.32316315,0.44417322,-0.07947696,0.025241768
rna|TPSAB1,0.5621252,0.2098821,-0.24186881,0.111952886,-0.4448704,-0.16061571,-0.4646778,0.08717281,0.63627714,0.24978179,-0.3164452,0.3364131,0.16526447,-0.18892008,0.503376
rna|S100Z,-0.5805288,-0.37656718,0.3313834,-0.115825914,-0.36364374,-0.51671034,-0.28039438,0.30792114,0.1629927,-0.04567197,-0.3139727,0.088394925,-0.45447367,-0.20474303,-0.74232113
rna|ASCL1,-0.027714929,0.1855951,-0.09279578,-0.4555497,0.8218855,-0.06557673,0.17491512,0.3384956,-0.32998794,0.28686535,0.4272237,-0.1150234,-0.079295225,0.527454,-0.0040759956
rna|HOPX,-0.1130766,-0.11205943,0.29390085,-0.41067556,-0.53157884,-0.583469,-0.48350316,0.28922677,0.08691194,0.6983176,0.13704404,0.3313159,0.062383972,-0.17705797,-0.119618215
rna|PPFIA2,0.66352606,0.43003714,0.52789193,0.083060436,0.12764704,0.30525324,-0.29335973,0.37791225,0.11515623,0.2451162,-0.63014287,-0.40678218,0.6769092,-0.55463684,-0.055088017
rna|MYBPH,0.37322807,0.45428202,0.24014664,-0.36776698,0.3565886,0.20327932,-0.05797078,0.4347598,0.23650087,0.6177753,-0.21364482,-0.2265982,0.5329083,0.21813923,0.27853036
rna|RADX,-0.3852356,0.13927293,0.32078034,-0.04171483,0.15350077,0.064901106,0.10200942,0.3075611,0.15729485,0.23816064,-0.16815226,0.30949113,-0.07230211,-0.028237743,-0.4420411
rna|STX19,0.2325114,0.36150336,-0.1498156,-0.46594518,-0.45650154,-0.35072806,-0.2562055,-0.104215056,0.41594407,0.2956188,-0.049017966,-0.5560522,0.28690237,0.30779824,0.117228486
rna|CHRDL2,0.6886256,0.5564705,0.2802026,0.23740649,-0.010786112,0.2746402,-0.26816934,0.2689235,0.03206059,0.36809438,-0.4704613,-0.44556248,0.43267983,-0.28172034,0.2699115
rna|ZNF804B,0.56451154,0.38645473,0.29083833,0.546511,0.18631347,0.26645243,-0.6185458,0.6578513,0.28351295,-0.541469,-0.23810048,-0.42595854,0.46756774,-0.0376108,0.2069553
rna|MED12L,-0.55215055,-0.109482825,0.6911053,0.018034084,0.10082165,-0.05737542,0.07398357,0.05689366,0.36495987,0.4331096,-0.40063044,0.22167037,-0.0773968,-0.4258444,-0.5887062
rna|DPEP3,0.32306716,0.5682906,0.041696504,-0.617952,0.39888933,-0.12985548,-0.07320696,0.14331847,0.059951417,0.36348253,0.13966313,-0.02724158,-0.100062706,0.13652144,-0.035200726
rna|PLAC8,0.24431406,0.5854776,-0.3991464,-0.3673223,0.41975772,0.30097258,-0.08068624,0.21027267,0.12991562,-0.16044714,0.2631704,0.09099291,-0.3774074,0.27577454,1.144752
rna|MYO18B,0.5961863,0.26398745,0.51329005,0.31974387,0.004864322,0.38118282,-0.23819862,-0.27889937,-0.02576308,-0.246991,-0.29800662,-0.67028666,0.52358216,-0.106671795,0.24331048
rna|IZUMO2,0.7240502,0.31056854,0.46946716,0.28789517,0.30614585,0.29222322,-0.384918,0.68943155,0.21129952,-0.39670265,-0.2879734,-0.44495863,0.69692355,0.010154979,0.04583499
rna|HCN4,0.6267483,0.28377587,0.41551638,0.3278061,0.19182985,0.40025622,-0.36329323,0.3886636,0.35325402,-0.37837034,-0.39192516,-0.434247,0.61950135,-0.00110818,0.16311519
rna|KRT17P5,0.47629714,0.44461432,0.11042566,0.49827623,0.09707679,0.33616775,-0.15623596,0.44424868,0.058058035,-0.5328536,-0.2379773,-0.54821175,0.47189865,-0.13203953,0.123038344
rna|NFE2,0.3960085,0.47781563,-0.65722317,-0.35250178,-0.046889246,0.3000476,-0.0076969555,0.055513497,-0.116610326,0.38053545,-0.20754357,-0.30272642,0.42177466,-0.023623222,0.774538
rna|NOG,0.49097127,0.6209128,0.23320802,0.06682487,0.3044673,0.28580055,-0.50286084,0.7346947,0.5054392,-0.3812585,-0.304956,-0.14702903,0.34551618,-0.029301742,0.4909187
rna|SH3GL2,0.11139442,0.29096988,0.30034676,-0.3993643,0.34834144,0.016892808,0.13054127,-0.022009056,0.165643,0.2043529,-0.25681624,-0.4246916,0.20918722,-0.15272914,-0.3961838
rna|ZFY,0.17511708,-0.37070578,-0.14877701,-0.27026376,-0.07220083,-0.4196818,-0.114929534,0.16300067,-0.26776266,0.09152277,0.6205742,0.014369581,-0.01380908,-0.11077311,-0.26941505
rna|RAPGEF5,-0.35401633,0.15105405,0.47748798,-0.2886193,-0.12226404,-0.33959568,0.030173479,0.23472512,0.0558146,0.3122699,-0.5544873,-0.076450795,-0.28180844,-0.09649666,-0.77757245
rna|FCGR3A,0.4728425,-0.76907855,-0.21728809,-0.4276924,-0.042230707,0.37247393,0.37568521,-0.027341818,-1.099525,0.30233696,0.9189636,-0.3728399,0.41600236,0.040561613,0.3319616
rna|IL18RAP,0.25500926,0.42657992,-0.345996,-0.5693517,0.41973263,-0.27570155,-0.0054900143,0.44127953,-0.14725089,0.5830116,0.03363392,-0.40498877,-0.10327247,0.5679455,-0.0007719613
rna|SYBU,-0.1496937,0.2242585,0.17316814,-0.11953644,-0.16377963,-0.36778238,-0.16250445,0.17164363,0.029444903,-0.070206255,-0.49334884,-0.17593367,-0.17441992,-0.26418,-0.09425095
rna|ESR2,-0.3936585,0.13606785,0.72603047,0.20931314,-0.290698,-0.26324642,-0.24282593,0.111232005,0.73922426,0.08582934,-0.4992944,0.35404456,-0.21931304,-0.23368323,-0.42752612
rna|KLK1,0.4206735,0.0003388891,-0.24214225,0.36557353,-0.13533553,-0.24230315,-0.20842664,0.022614954,-0.065592095,-0.008243981,0.4215832,0.14243197,-0.08271585,0.23084387,-0.19039989
rna|HLF,0.40035066,0.600213,-0.47820315,0.20640892,-0.19771035,-0.24085073,0.059394587,-0.18704331,0.36379334,0.084181264,-0.15112156,0.09051986,-0.1785342,0.13950148,0.66877264
rna|KCNT1,0.5435703,0.28730083,0.092745684,-0.38140363,0.15351833,0.45494205,0.26783,0.044689234,-0.07701179,0.19546631,-0.35464978,-0.34836024,0.18504514,-0.06326184,0.41529658
rna|CHST6,0.44717523,0.38595328,0.45606428,-0.35776117,0.47505754,0.1552943,0.024029866,0.25826338,0.0515561,0.3272263,-0.5223528,-0.44183442,0.6264708,-0.25570637,-0.09076568
rna|FCGR1A,0.45868784,-0.36188108,0.20890498,-0.71295977,0.6094886,0.42728245,0.6930351,-0.010951875,-0.88784164,0.51470613,0.48576128,-0.4809741,0.4877912,0.2598038,0.2754896
rna|CCL4L2,0.2770469,-0.33228973,-0.40727392,-0.24694967,-0.08141396,-0.27121735,-0.12830609,0.6012783,-0.67646587,-0.039247688,0.96938074,-0.35657042,0.0020355997,0.33966994,-0.44528347
rna|SYTL4,0.15368965,-0.32271037,0.32404724,-0.24700505,-0.7530723,-0.85356516,-0.5127109,0.83835286,-0.08498086,0.22253099,-0.0049443003,-0.032146543,0.14751576,-0.735956,-0.2270357
rna|DDC,0.5120825,0.6348969,0.2577917,0.41801956,0.18061808,0.21981756,-0.092153974,0.0130568845,0.035022322,-0.37060362,-0.24384287,-0.7974286,0.30397224,-0.23441224,0.35037938
rna|TSSC2,0.59601414,0.34303537,0.2880982,-0.022144472,0.30401835,0.3330476,-0.21850578,0.41145033,0.4464009,-0.15696168,-0.32416016,-0.118669026,0.3814714,-0.22339469,0.5109848
rna|OR2L8,0.6536679,0.3445821,0.26770368,0.0948642,0.2980605,0.20971963,-0.6758105,0.71882117,0.1462808,-0.4683301,-0.184142,-0.4923555,0.49797985,0.05837894,0.26690832
rna|SSX1,0.712375,0.30275002,0.27481255,0.31842643,0.1092437,0.15816692,-0.23067634,0.5023302,0.07857431,-0.48393276,-0.37659416,-0.5318358,0.55613357,-0.14149189,0.0028233973
rna|CCNO,-0.1911804,0.6081319,0.17025769,-0.40945545,0.29355556,-0.0021632435,0.326633,-0.10809997,0.23718211,0.4860577,-0.6064348,-0.24541481,-0.20713061,0.2060935,-0.21996996
rna|KRTAP3-1,0.65500313,0.30913976,0.393941,0.6449068,0.050408017,0.29406205,-0.71746516,0.72116375,0.23100685,-0.62121004,0.032922495,-0.5846873,0.7043749,0.00898576,0.112436324
rna|CHAT,0.33626902,0.24586931,0.56142175,0.24787097,0.14472038,0.50935507,-0.2637296,0.3698552,0.0529228,-0.24452569,-0.2654565,-0.31414285,0.5722792,-0.2870037,0.06853372
rna|LCN2,0.3086525,0.39825365,-0.20321338,-0.21226992,-0.8739919,-0.18994494,-0.5640283,-0.5240811,0.027159695,0.7317794,0.32062918,-0.27745494,0.3658051,0.18159778,0.84137845
rna|PSCA,0.6786782,0.34365472,0.49685135,0.28894928,-0.3796181,0.34611103,-0.705478,0.026890721,0.39483666,-0.0800457,0.047272496,-0.23766665,0.5664173,-0.0657149,0.58836746
rna|ESPNL,-0.21194941,0.22832976,-0.059876822,-0.2680593,-0.14496514,-0.422559,-0.013532417,0.23724207,0.44372085,-0.072167486,-0.05830163,-0.24105932,0.20481479,-0.09854002,-0.27681214
rna|GFPT2,0.120465815,-0.22498032,0.2418526,-0.05209367,0.11140667,-0.079666495,0.17770907,-0.024406174,0.11874434,0.7432347,-0.8508456,0.39239433,0.24805826,-0.6610667,-0.343069
rna|ALG1L,0.46785805,0.25406438,0.20993555,-0.07810101,0.17758986,-0.19064525,-0.04140566,-0.24259654,0.25853223,-0.08196504,-0.09452114,-0.3721577,0.12798248,-0.0033061362,0.4270181
rna|MAOA,0.61128753,0.46847913,-0.6580372,-0.6074832,0.032876194,-0.6674068,0.2889772,0.2838721,0.16648056,0.7331671,-0.36463088,-0.2685487,0.21679752,-0.14325097,0.061144024
rna|LCE6A,0.7557166,0.358125,0.4159573,0.22902946,-0.27561006,0.4032785,-0.39291152,0.23323953,0.56024253,-0.16755293,-0.2530252,-0.5504609,0.58213395,-0.095087275,0.28075978
rna|NUTM2G,0.77285415,0.47863492,0.5529666,0.20437528,0.21213488,0.32693514,-0.35985997,0.4120189,0.21575187,-0.45640257,-0.2462885,-0.62169033,0.59441215,-0.2448023,0.12832165
rna|UCHL1,-0.00033056553,-0.2791887,0.13914336,0.12421052,-0.18798761,-0.15999989,-0.26640698,0.5022269,0.19401929,-0.2756715,-0.13650642,0.122832805,0.27769706,-0.45842895,-0.2522754
rna|PON3,0.39846066,0.5382921,0.14577472,-0.42956164,0.04767059,-0.39417568,-0.14473997,0.3367689,0.21309574,0.45001838,-0.6755377,-0.7947246,0.4185056,-0.29714397,0.15040915
rna|GDF3,0.6860705,0.39646563,0.45103177,0.42303017,0.23070717,0.370339,-0.5863722,0.520866,0.2585932,-0.39891034,-0.2124887,-0.6201515,0.52722555,-0.034485318,0.21692827
rna|FCRLB,-0.35366124,0.179117,-0.13376278,0.28602797,0.014017005,-0.24621749,-0.054238867,0.099543095,0.13973814,0.30323145,-0.14167364,0.1139753,-0.34272224,0.26936635,-0.8205711
rna|CACNA1I,0.3720221,0.5483036,-0.4549006,-0.6259358,0.42895168,-0.32908368,-0.3892146,0.6790393,0.4594181,0.0047246283,0.15281627,0.098857746,-0.512383,0.22674152,0.7691172
rna|INMT,0.37257704,0.44656456,-0.030449137,-0.8662233,0.38669208,-0.5016033,0.45066607,0.17301334,-0.08380588,0.265252,-0.74880326,-0.45818892,-0.101068944,0.027524145,0.36481935
rna|ZNF322P1,-0.08749955,0.08660748,-0.19200113,-0.07195272,0.13602711,-0.43932667,0.14852883,-0.19197708,-0.16251837,0.24542244,-0.04061442,-0.094872996,-0.20572829,0.23230419,-0.4102949
rna|RGPD1,0.29552957,0.19016416,0.1350341,0.062783174,0.22992763,-0.11143198,-0.34441742,0.4262324,0.07439982,-0.11258263,-0.21264352,-0.19157945,0.012620923,0.20746475,0.02932311
rna|MB,0.51162267,0.25911343,0.4513968,0.19201979,-0.38187623,0.06118569,-0.45575088,0.16161002,0.33519384,0.20068337,-0.14124842,-0.30868423,0.6469922,-0.05099937,0.2702241
rna|OR2T10,-0.09060802,-0.12289042,0.33077496,-0.018387605,-0.12156786,-0.28120637,-0.48276487,0.6370073,0.13296823,0.07488474,-0.14409703,0.34241328,-0.07700968,-0.30791458,0.019790398
rna|SOX8,-0.023273831,0.58387333,-0.6517585,-0.031158943,0.5197607,-0.45777264,-0.34104475,0.88209313,0.54924244,-0.116892375,-0.03272702,0.36898246,-0.45692363,0.38935113,0.22818412
rna|FAM133A,0.13525096,0.06458235,0.24433427,-0.18606153,0.033633437,-0.21360557,0.22120349,0.31473437,-0.21611664,-0.07570441,-0.29212496,-0.04599349,0.1555512,-0.10337047,-0.07426602
rna|WNK4,-0.061648753,-0.10661815,0.43422168,0.15020809,0.024131192,-0.054760862,-0.019766703,-0.024465181,0.28163552,0.10855068,-0.24167988,-0.466173,0.09806604,0.2893125,-0.51256317
rna|CCL11,0.36610895,-0.16337833,0.23767422,-0.11262132,-0.31796366,-0.1100676,-0.12838373,-0.03757532,0.11833997,0.45040613,-0.50952435,0.07742217,0.38789526,-0.59891057,0.01871462
rna|CASP5,0.1406739,0.1508429,-0.058118816,-0.44106245,0.6036808,0.6982953,0.43979165,0.17370345,-0.6480373,0.26771984,0.31859556,-0.46540016,0.2695904,0.55641294,0.45457554
rna|MMP2,0.5204662,-0.23997922,0.31075433,-0.15702187,-0.021858353,-0.14705722,0.17347315,-0.21130201,0.24929507,0.8489998,-0.98949397,0.22803035,0.6283548,-0.8824008,-0.07071664
rna|MFAP2,0.60734427,-0.16545755,0.34210372,-0.07276553,-0.3181668,0.09488218,-0.26042262,0.14813043,0.21413755,0.62603045,-0.9311546,0.41427687,0.56976026,-0.9045021,-0.0772633
rna|LOC441956,0.78390896,0.3744152,0.40844268,0.53510046,0.16150087,0.11136234,-0.6870894,0.80807114,0.2661082,-0.42080182,-0.23409438,-0.51888376,0.5567692,-0.1445129,0.07991586
rna|IGLL1,0.3236936,0.37601984,-0.08808648,0.121623375,-0.051243927,0.023562016,-0.038022548,-0.34435973,0.38621095,-0.1374875,-0.33799487,0.10458439,-0.18445988,0.19218342,0.03194251
rna|SH3GL3,0.48908186,0.51070666,0.27301022,0.31971288,0.06845817,0.28854603,-0.4198492,0.20721537,0.161806,-0.08068055,-0.5146477,-0.4612527,0.5578236,-0.114355356,0.20213361
rna|RASGRP3,-0.24074663,0.35255212,0.194944,-0.208016,0.37407884,-0.83542776,0.20896164,0.057870302,0.20520143,0.72384113,-0.47341755,-0.35517704,-0.46000102,0.6030407,-1.1802251
rna|BEX2,-0.17295851,0.54078543,-0.18500905,-0.25415203,0.6289535,-0.35217488,-0.092122555,0.29226708,0.14440632,0.31583133,-0.06684846,-0.18479872,-0.4964521,0.2680058,-0.19010311
rna|CDH11,0.007489195,-0.120181754,-0.31392637,-0.74929845,-0.0017268655,-1.0141348,0.11344025,0.31968486,-0.31258523,0.93308944,-0.62002134,0.075431794,-0.17593308,0.022932913,-0.8701131
rna|OTOL1,0.78388095,0.61563975,0.4935008,0.4418978,0.32401535,0.13031141,-0.27880874,0.49465567,0.346774,-0.24655071,-0.31394804,-0.4346093,0.6081635,-0.115764,-0.09382183
rna|CR1L,-0.50775886,-0.23247847,-0.16389593,-0.12516911,0.39837015,0.17317784,0.20137027,-0.16043355,0.053647917,0.5807943,0.09587407,0.36821848,-0.13766465,-0.055798955,0.20794463
rna|BCAS1,-0.041481003,-0.05945831,-0.29621533,-0.14624688,-0.025436612,-0.32017627,-0.027005056,-0.22751075,0.018223722,-0.07387347,-0.099247284,0.0651239,0.03698324,0.1108914,-0.11741954
rna|WNT10A,0.18220937,0.099862345,0.610177,0.07547237,0.23249906,0.07717571,-0.21906084,-0.39944848,0.3137117,0.072517335,-0.27400103,-0.3581218,-0.13373658,0.53815794,0.12892097
rna|PCDHGB3,-0.47652066,-0.1541016,0.7166706,0.30500245,-0.17348227,-0.22747137,-0.37411597,0.47216305,0.6705628,0.20334455,-0.5722623,0.8202272,-0.31888962,-0.5522168,-0.18035033
rna|FBP1,0.31904143,0.026664568,0.31778646,-0.14187895,0.56104106,0.28856412,0.3562125,0.22172081,-0.53534794,0.6875469,0.16680081,-0.19251278,0.3212087,-0.15765911,0.045996156
rna|LRP4,0.6435288,0.35310715,0.41254935,0.3346819,0.01667215,0.59690857,-0.3311735,0.098619774,0.27490753,-0.013131464,-0.358399,-0.3196677,0.64904344,-0.079918005,0.3722317
rna|RPL31P57,0.2835444,0.36227262,0.3815589,0.07385335,-0.2631914,0.021840822,-0.37061155,0.3910354,0.28131145,-0.19776239,-0.59365064,-0.20521457,0.27331722,0.017959395,-0.10709309
rna|PNLIP,0.7864512,0.23049645,0.2740123,0.034862112,0.10171854,0.133112,-0.32997715,0.40726,-0.017535457,-0.6391828,0.019986656,-0.6317353,0.6827044,-0.17463163,-0.05293199
rna|MYOZ1,0.6161364,0.46515438,0.28408358,-0.09807756,-0.008359327,0.10669796,-0.30960545,0.36349255,0.26423025,0.44503507,-0.31333712,-0.33448437,0.45228276,-0.03980574,0.3081082
rna|LOC389832,0.7675766,0.35930133,0.31859595,0.31755635,0.15309437,0.13052092,-0.42948925,0.6141703,0.09864079,-0.5926284,-0.31216276,-0.75974363,0.7105091,-0.20288491,-0.10920456
rna|HSPB7,0.56640005,0.14606948,0.24122567,-0.11086029,-0.25655198,0.15985122,-0.25837582,0.14472826,0.12167488,0.20853657,-0.41586554,-0.12368186,0.48119727,-0.290432,0.27670783
rna|SOX2-OT,0.40917397,0.1949804,0.2305753,0.16326262,-0.16036695,0.096366644,-0.015192054,0.2602839,0.17194732,-0.23077038,-0.32462493,-0.36001077,0.31096736,-0.05264867,-0.22286999
rna|ODF4,0.6048773,0.053873546,0.47417888,0.57867235,0.014528377,0.39997527,-0.75619817,0.7241312,0.15367864,-0.46976498,0.038854368,-0.25736994,0.5566578,-0.120801255,0.23702927
rna|CYP4F12,0.3951734,0.7988597,-0.02270638,-0.33451837,0.01605838,-0.3720742,-0.2481468,0.21966986,0.4431023,0.030950505,-0.47610012,-0.59896,-0.055004098,0.003492166,0.5923474
rna|SERPINA3,0.14510101,0.10849696,-0.3416944,-0.13016573,-0.062306322,-0.611039,0.19415599,0.014096149,-0.24569577,0.5665526,-0.4599201,-0.35589427,0.20179534,-0.38242066,0.26995808
rna|KCNJ3,0.52757615,0.22637774,0.532386,0.07099496,0.14886284,0.34929207,-0.34210163,0.39196774,0.12625153,-0.4336647,-0.32411548,-0.539814,0.35402277,-0.12693538,0.01961184
rna|AFF3,-0.36932844,0.4204784,-0.5738302,0.42271316,0.20399009,-0.559584,0.01595003,-0.17434625,0.5910395,-0.028599767,-0.19220282,-0.01965963,-0.3105403,0.7314,-0.62008816
rna|HMHB1,-0.19395176,0.0016640543,0.51783913,-0.5352319,0.01516509,-0.29287714,-0.12274085,0.16904424,0.17839223,0.009990592,-0.14695269,-0.16884167,0.055281077,-0.10710873,-0.2450591
rna|HEPACAM2,0.046891853,-0.17215453,0.015850682,0.1507283,-0.24940169,0.013725395,0.0442978,-0.34098712,-0.034016956,-0.071635015,-0.11508043,0.10224142,-0.18635799,-0.16317905,-0.15801287
rna|MYL3,0.56990314,0.6133553,0.05612024,-0.16296025,0.24798365,0.15921511,-0.24190539,0.44506446,0.27798313,0.25990126,-0.66536105,-0.14795229,0.27569765,-0.09301512,0.6190927
rna|CP,0.15263723,0.40150964,-0.28954506,-0.38163608,0.5521185,0.12306994,0.25449365,0.2802354,-0.38516608,0.56277424,0.48543012,-0.3231722,0.08208514,0.35955137,0.5882149
rna|OGDHL,0.15888868,0.3525848,0.22712906,0.1901755,0.008936383,0.19139987,-0.08231966,0.23902799,-0.13416086,-0.40912852,0.023170989,-0.48920986,0.35854143,-0.3353764,0.24721839
rna|BARX2,0.50567824,0.18386544,0.0756767,-0.3919234,0.023785878,-0.14859919,-0.38848498,0.22088534,0.24783742,0.6394252,-0.031360883,0.07839309,-0.09351925,0.112331286,0.36254653
rna|CCDC187,0.13702936,0.3537054,0.22347097,-0.035505056,0.2432331,0.15575077,0.056042906,0.12776735,0.32290107,-0.18299493,-0.4030059,-0.0809462,0.27231178,0.02337583,-0.15978338
rna|PCDHB17P,0.73694843,0.38550702,0.42704892,0.42371365,0.19906877,0.37239698,-0.45893165,0.5857462,0.34499884,-0.36621052,-0.25884995,-0.30671805,0.52638996,-0.41409183,0.26259968
rna|PASD1,0.57724494,0.08153206,0.36811113,0.34882262,0.16849773,0.3017204,-0.44336638,0.23739922,0.09525411,-0.34875423,-0.3117435,-0.54590964,0.55831414,-0.0082611265,0.13354912
rna|UNC93A,0.73610467,0.6418198,0.44442904,0.22503781,0.01934504,0.24572861,-0.4154354,0.31634596,0.39938575,-0.23753485,-0.3182124,-0.77468675,0.5926963,-0.08703314,0.23750874
rna|MUCL1,0.67071813,0.23601937,0.26173598,-0.0724356,-0.12656955,0.40058428,-0.104143724,0.094062895,0.019722419,0.37792712,0.0007669168,-0.3324431,0.5724118,-0.2537694,0.15558718
rna|GLDC,-0.12844127,0.23390262,0.10944971,-0.054554284,0.3008488,0.16110043,0.29649222,0.19029543,-0.19942006,0.22146986,0.31630087,0.14932717,0.028085757,-0.070751026,0.5218402
rna|SPOCD1,0.33837226,-0.48564264,-0.10985365,-0.25783154,-0.1823489,0.018953655,0.20981437,-0.29279464,-0.23820515,0.60197455,-0.17317365,-0.17856626,0.6063259,-0.45542157,-0.3866759
rna|BEND4,-0.4423896,0.075764984,-0.12593186,0.296583,0.28209612,0.1760654,0.18146801,-0.030385874,0.53486705,-0.13459638,-0.20838778,0.022012586,-0.05991166,0.117534965,-0.24498352
rna|MMP3,0.45382202,-0.17835556,0.082550354,-0.35146657,-0.50530636,-0.22749217,-0.11106531,-0.5316415,0.013445952,0.79088444,0.24198557,-0.10019717,0.51343167,-0.316117,-0.04990497
rna|KRT9,0.1137104,0.20924722,0.51713675,-0.17994083,-0.4555942,0.060274977,-0.1465505,-0.03861929,0.6919743,0.24184522,-0.32211587,-0.14532484,0.27680397,-0.25954697,-0.18841268
rna|C6ORF15,0.8827827,0.29446614,0.25927895,0.47834036,-0.5281044,0.23616916,-0.5703643,0.26474312,0.38740712,-0.23146503,0.0925479,-0.25441527,0.46766672,0.19082062,0.43092
rna|FAM3D,0.399423,0.3648068,0.4729755,-0.18196075,-0.43625915,-0.26574525,-0.65195477,0.03466096,0.27125835,0.17180647,-0.052956086,-0.5839086,0.24989131,0.28759992,0.32649475
rna|LCNL1,0.017136738,0.54886997,-0.05024841,-0.7208814,0.66419584,-0.105853096,0.30715248,0.344847,0.48196322,0.3971511,-0.3236501,-0.0151291555,0.03187192,0.231005,0.2300934
rna|ADIPOQ,0.69081676,0.28874862,0.09206611,0.08720227,0.19056356,0.33008575,0.10265961,0.214351,0.27840874,-0.36835554,-0.57393247,-0.4753746,0.4798948,-0.2044038,0.23708776
rna|IRX6,0.51075613,0.011941335,-0.06925433,-0.13881668,-0.33025643,-0.38178733,-0.046124265,-0.008122909,0.39763826,0.59111935,-0.05290539,0.16684593,0.5505455,-0.040269975,0.17683421
rna|TPSG1,0.81717,0.37884808,0.5067081,0.041731857,-0.08201995,0.24527608,-0.40237877,0.27216116,0.5370075,-0.21973333,-0.27744538,-0.39770508,0.5008198,0.03139008,0.41588864
rna|ADTRP,-0.04878426,0.2891885,-0.15752123,0.30671167,0.5698814,0.43483233,0.28025216,-0.26252043,-0.030886171,0.43989205,-0.037676465,0.15652607,-0.17206572,0.54915553,0.42554864
rna|PLD5,0.039978467,0.68263286,-0.5664523,-0.29861155,0.37294322,-0.22219862,-0.2555213,0.7246482,0.44765723,-0.61917925,0.113091804,0.0017813732,-0.45740858,0.44127637,0.46769166
rna|CACNA1E,0.06381537,-0.13782984,0.06112067,-0.35079938,0.1949481,-0.115842715,-0.052927192,0.3816772,-0.35380384,0.18521564,0.3070322,-0.11140426,0.34128866,0.20518759,0.025277562
rna|HTR2A,0.68934554,0.17442195,0.4228321,-0.058206476,0.113333546,0.3664296,-0.23774466,0.071477324,0.21415281,0.10678222,-0.5570047,-0.45761913,0.73953134,-0.34769392,0.3339614
rna|UBL4B,0.7693633,0.27982667,0.38867188,0.4101782,0.22369516,0.53335685,-0.38074556,0.29154384,0.20655188,-0.36946625,-0.16369948,-0.58517647,0.7009148,-0.13284416,0.22993049
rna|RAB7B,0.3845406,0.44157502,-0.21348064,-1.0506479,0.4241731,-0.6065196,0.32568815,0.48137167,0.18874636,0.5206162,-0.3979358,-0.3462692,-0.1545376,0.44199282,-0.026244586
rna|EIF1AY,0.1997291,-0.22666882,-0.019293264,-0.31560898,-0.025202848,-0.47637895,-0.09596577,0.06819602,-0.21668495,0.045175783,0.46337065,-0.22219975,0.06636701,-0.008892749,-0.4160204
rna|TLCD4,0.2285263,0.59214956,-0.30400583,0.1520073,-0.08452251,-0.0022619562,0.11261601,-0.25409013,-0.096054554,-0.07171687,-0.22029383,-0.3358421,0.048589412,-0.0485111,0.06438822
rna|GGCT,-0.28132945,-0.28486502,-0.27353546,0.12839514,-0.19846836,-0.3909769,0.102686614,-0.29599747,-0.23446009,0.10872129,0.27812678,0.008739348,-0.20045711,0.010398097,-0.53290266
rna|H1-1,-0.01048486,0.12181905,0.28651562,0.2660461,-0.17951654,0.6235195,-0.073771864,-0.25691006,0.24497245,0.050603814,0.12187774,0.16814272,0.0958785,-0.2584466,0.41040432
rna|NAT8B,0.43161252,-0.033393048,-0.18055399,-0.73751867,0.5789974,0.3282663,0.79743207,0.16473542,-0.62345624,0.488422,0.39106253,-0.32231224,0.32034397,0.09459786,0.19269203
rna|KIR3DL2,0.62054235,0.14322716,0.20881084,0.27981824,0.2965912,0.56732666,-0.41750354,0.5087171,-0.00046305728,-0.35460946,0.29854,-0.16257703,0.4525945,0.112355635,0.5097889
rna|PXDNL,-0.07759968,-0.23151745,0.49273497,-0.106520966,-0.14824165,-0.3945241,-0.23512878,0.48919624,0.08790005,0.26044902,-0.1377986,0.15134437,0.042041395,-0.49552923,-0.28894413
rna|SCN2A,0.09655463,0.052582532,-0.030447561,0.25988507,-0.06729252,0.22576864,0.09232466,-0.37812814,0.13249819,-0.29536936,-0.1586232,-0.17665702,0.110731415,0.0038187115,-0.08986427
rna|VEPH1,0.6234578,0.17943536,0.42273074,0.27079633,0.12309041,0.3723444,-0.43478858,0.55467695,0.24303725,-0.45971048,-0.28038192,-0.4542043,0.7042892,-0.18728875,0.13417374
rna|MIR125B1,0.38903263,0.28480923,0.13607116,-0.19477874,-0.004736814,0.49535432,-0.06620483,0.016733656,0.40745988,0.09064926,-0.76714724,-0.3646374,0.38791046,-0.24664412,0.36371857
rna|FAM155B,0.33727887,0.13523759,0.13079731,0.46199235,0.12986995,-0.061000455,-0.4792487,0.6091929,0.20889722,-0.33663276,-0.058441255,-0.07551522,0.30972052,-0.08118141,-0.08392834
rna|EPHB1,0.1771999,0.087063745,0.28014198,-0.17242572,0.048499655,0.05508228,-0.098376684,-0.004371869,0.22774094,-0.07706381,-0.21658117,-0.27840212,-0.049046703,0.14296852,0.22062305
rna|GNG8,-0.12437674,0.07653579,0.524615,-0.43954548,-7.396938e-05,-0.1720433,-0.17185935,0.370244,0.31862274,0.115937606,-0.10415357,-0.101601854,-0.099670835,-0.2205077,0.04410872
rna|ACP6,-0.3764408,0.4912603,0.22641145,-0.3128925,0.4862477,-0.16859205,0.5318753,-0.48553437,-0.07528945,0.5449258,-0.7034676,-0.40314844,-0.29798976,0.015478073,-0.3330963
rna|KLK4,0.5625337,0.0611826,0.20743607,-0.08682752,-0.1941715,0.01325697,-0.13932967,0.16147971,0.09587441,0.3110297,-0.31715596,0.026961632,0.21395545,-0.349212,-0.326291
rna|GAS8,0.07325886,0.6698518,0.08426404,-0.73786074,0.5341185,-0.24369602,0.1350274,-0.052972544,0.08045055,0.6978573,-0.60813266,-0.551216,0.14160533,0.034916565,-0.056358714
rna|HACD1,0.14274274,0.59014547,0.05340594,-0.011726945,0.200668,0.21820825,0.21010758,-0.15828943,0.54924417,0.31121275,-0.6200202,-0.014893525,-0.08474301,0.26267278,0.16078985
rna|CCL13,0.48372838,0.03812382,-0.108170554,-0.53791344,0.05795364,0.037433647,0.42664126,-0.1250415,-0.13619015,0.2627294,-0.0019986562,-0.18196648,0.009014049,0.1607421,0.47469217
rna|TNFRSF17,-0.19649479,-0.008291754,0.23143035,0.1778026,-0.123912774,-0.21220008,-0.2063445,0.08553647,0.12833092,-0.08542924,0.3982911,0.09086597,-0.2760122,0.074278325,-0.34317285
rna|PBK,-0.49212053,-0.1042848,-0.11232565,0.015966546,0.12050897,-0.4588371,0.48349327,-0.35186258,-0.04045827,0.36659086,-0.21912602,-0.36926174,-0.14203118,0.4481694,-1.4301978
rna|DNER,0.1128475,-0.19326513,0.44877368,-0.18139313,-0.3404853,-0.30398187,-0.23511215,0.5173474,0.121002786,-0.008968083,0.033332296,0.20670716,-0.04593581,-0.30558452,-0.099571854
rna|JPH1,0.38189378,0.2810318,0.37101972,0.15363018,-0.24589953,-0.03057481,-0.47370425,-0.01883933,0.37915465,0.31733087,-0.3011962,-0.17627761,0.22828008,-0.37981576,0.27282724
rna|CD1A,0.018360123,0.3582194,0.2996917,0.15473288,-0.21974076,-0.13475335,-0.5461511,0.71827275,0.85359776,-0.090360805,-0.27439547,0.21063592,-0.15233621,-0.17965207,0.2253033
rna|ICOS,0.2684555,0.37383354,-0.38803095,-0.95356864,0.880787,-0.57105577,-0.094365194,0.66205966,0.2777446,0.24472113,0.031852502,-0.12386355,-0.6766653,0.3588669,0.28997126
rna|CPLX3,0.020728793,0.24204534,0.5018999,0.4296438,-0.022398368,0.22602747,-0.5136765,0.40909585,0.1234903,-0.35529914,-0.115778536,-0.13451885,0.36875364,0.009538874,0.021403672
rna|TM4SF5,0.49288395,0.5443751,0.30560058,0.264308,0.21401794,-0.15563704,-0.112598725,0.616439,-0.02968002,-0.28548503,-0.122281075,-0.69211686,0.48003596,-0.3392439,0.16008712
rna|CLDN23,0.06085348,0.47650036,0.033854585,-0.52705246,0.47735572,-0.15912053,0.28280535,0.14487603,-0.17193884,0.8331322,-0.21877821,-0.37418017,0.121752635,0.27547386,-0.6988661
rna|POU4F2,0.5725328,0.15703467,0.40341604,0.5205031,0.18167071,0.3453886,-0.7055417,0.6285363,0.12616947,-0.38026595,-0.26479024,-0.5560278,0.67734325,-0.09710774,0.04888307
rna|SYT1,0.5733669,0.3001952,0.322959,0.09867375,0.14535196,0.2416257,-0.5148828,0.42916024,-0.007912483,-0.31582776,-0.3259074,-0.44143063,0.35701418,-0.37547952,0.0683881
rna|CARMIL3,0.118553564,0.084309325,0.16226116,0.70820856,0.03581977,0.7631399,-0.08524707,-0.03577639,0.37373695,-0.18224108,-0.3604247,0.017104903,0.13832645,-0.04726216,0.07119346
rna|SCML4,0.27157128,0.5652467,-0.32637683,-0.5038685,0.4487686,0.25503546,-0.13006647,0.40752092,0.13348062,0.10975649,-0.090432465,0.34477064,-0.3989101,0.0867723,1.0099521
rna|OR2T11,-0.084895365,-0.1832303,0.28328103,0.06952085,-0.19643414,-0.31184483,-0.7068256,0.7625979,0.13779499,-0.17540331,0.031597536,0.34285182,0.10946637,-0.26693088,0.11852886
rna|KLK11,0.50358194,0.32492328,-0.071953945,-0.20263734,-0.9934415,-0.23506358,-0.26263508,-0.731255,0.6779298,0.70818156,0.3627154,-0.21381497,0.26959017,0.17598324,0.40502352
rna|IQCD,-0.20957538,-0.15325159,0.4319439,-0.25402987,-0.046180155,0.040198315,-0.13440964,0.06861933,0.4465509,0.25106946,-0.4633287,-0.047220185,0.003781255,-0.38297853,-0.32238972
rna|DIO3OS,0.17866455,0.7253666,-0.5785765,-0.3585618,0.12666288,-0.17621608,-0.194854,0.44147637,0.36154452,-0.10453379,-0.45811653,-0.05077156,-0.30648324,0.23794337,0.71814984
rna|OR7E91P,0.5792404,0.67254126,0.33808306,0.18621117,0.47095424,0.3114184,-0.40908536,0.5326354,0.38181013,-0.072750464,-0.3884621,-0.59717584,0.5411713,0.008981381,-0.059586503
rna|NOS1,0.5069551,-0.0074655777,0.4001444,0.58050674,-0.1027775,0.19370788,-0.8106455,0.61249304,0.3067341,-0.349331,-0.24811178,-0.35278764,0.48820615,-0.19820228,0.14870211
rna|HBG1,0.46100488,0.2758928,-0.09118795,-0.2338658,0.28047416,0.40629852,-0.07786888,0.19741218,0.06902022,-0.22963102,-0.39400426,-0.6399568,0.43144897,-0.14695834,0.20212996
rna|SCAMP5,0.05104835,0.22817777,0.56952786,-0.3297928,-0.061610576,0.41029692,0.12196701,-0.08276426,0.15992796,-0.27523434,-0.24820164,-0.09921594,-0.100743644,-0.0572751,0.20032653
rna|PRR36,0.38007033,0.37402612,-0.26558986,-0.34127912,0.47039667,-0.04070728,-0.16708916,0.2814751,0.050815534,0.14790873,0.24530111,-0.09313194,-0.028323658,0.030691398,0.510703
rna|IL17F,0.5988432,0.44533816,0.40287742,0.071846895,0.16055575,0.23150773,-0.3037314,0.3648357,0.24505696,-0.32459924,-0.33297622,-0.6137119,0.68733275,-0.022397637,0.07652622
rna|OR52K1,0.58011675,0.30818588,0.3069531,0.50888175,0.19512267,0.6122318,-0.6456,0.535464,0.1493406,-0.3093296,-0.2934866,-0.39090854,0.51632035,-0.096037075,0.2438964
rna|CDRT15P3,0.7756048,0.38000733,0.44188237,0.29277125,0.24523237,0.22631377,-0.51507187,0.6715233,0.24671137,-0.49919742,-0.19369587,-0.6368127,0.67943555,-0.07161996,-0.08866755
rna|GADD45G,0.03182856,0.08502162,0.12855779,-0.62383455,0.5910901,-0.10517497,0.3983613,0.43570256,-0.27155858,0.9371833,-0.03468218,-0.30121705,0.25371578,0.08178656,-0.25356835
rna|ZNF839,0.020105535,0.18649246,-0.13513435,-0.09213951,0.30128497,-0.12613782,0.16136803,-0.12725183,0.25868568,0.12675025,-0.31134155,0.13145968,-0.259366,0.15047216,-0.12840734
rna|F10,0.317176,0.7537954,-0.09000218,-0.27716935,0.02964802,-0.39699754,0.027045164,0.42878368,0.22341755,0.13557419,-0.6689632,-0.590507,0.079010926,0.07082608,0.3834268
rna|MFAP5,0.38578802,-0.3254215,-0.17856573,-0.37313488,-0.17875963,-0.5875185,0.18895513,-0.0054018516,0.12532972,0.76947033,-0.5055306,0.12822413,0.07491439,-0.2236359,-0.6411718
rna|SSBP2,-0.20026058,-0.3428537,-0.3751687,-0.25627935,-0.31922784,-1.0904486,-0.22303067,0.54029334,-0.073814765,0.023101404,0.22687787,-0.0040954934,-0.23729573,-0.06047831,-1.030693
rna|DEFB118,0.57909954,0.40866533,0.35748297,0.3603198,0.25306767,0.20006745,-0.42744514,0.4221189,0.23584779,-0.37687334,-0.25720945,-0.7788328,0.5990015,-0.11785843,0.061051026
rna|KRTAP17-1,0.50053704,0.28727105,0.31328788,0.60738766,0.2974365,0.25246757,-0.51412904,0.5349032,0.21186619,-0.21504024,-0.32426938,-0.3924087,0.44298232,-0.025441151,0.21868141
rna|FRG2C,0.7283929,0.5028511,0.3488217,0.30347964,0.21068704,0.40975896,-0.31511387,0.5371468,0.30181518,-0.42881277,-0.17770801,-0.58633685,0.548337,-0.02639527,-0.036716092
rna|CCDC9B,0.114856265,0.09208595,-0.24269342,-0.27932325,-0.09661083,-0.4842155,-0.29139984,0.26871142,-0.1744662,0.12402959,0.4726782,-0.07288373,0.103556864,0.12910606,-0.044595238
rna|CSRNP3,0.26589355,0.017767958,0.07159973,-0.5074632,-0.2746662,-0.24024774,-0.14758612,0.35944062,0.30749115,0.063563496,-0.6225898,-0.30862674,0.16938516,-0.40242967,-0.0715394
rna|CNTNAP2,0.33213326,0.6354687,0.5139713,-0.016620485,0.059012692,0.018133204,-0.18741517,0.3064235,0.18750198,-0.116125144,-0.35033247,-0.15950915,0.03970964,-0.17209461,0.27391735
rna|CLIC3,0.6801219,0.6173565,0.014774129,-0.9203557,0.14351894,-0.04994666,-0.17701393,0.19551909,0.4843769,0.85897,-0.15597068,-0.14052424,0.08464037,0.037005473,0.5778755
rna|THG1L,-0.24872202,0.3260989,0.2794559,-0.2899052,0.4664171,-0.2549515,0.23403701,-0.25445232,0.0775878,0.2884923,-0.4452859,-0.09350229,-0.3002684,0.26189825,-0.54472
rna|CTRB2,0.3447873,0.38890678,0.571064,0.24363405,0.092197545,0.42531386,-0.057840034,0.043914773,0.10875151,-0.103054926,0.0037162746,-0.37637657,0.3492292,0.033148337,-0.071498066
rna|ASMT,0.41463202,0.25899613,0.21113546,0.07712873,-0.06069432,0.30719566,0.024351327,-0.019206963,-0.05808124,-0.14486013,-0.0750792,-0.3663324,0.25247473,0.17148508,-0.21456926
rna|ZNF608,-0.47246,-0.22295146,0.04405909,-0.26153442,-0.31018463,-1.1277839,-0.24126424,0.39003792,-0.0529288,0.02887108,0.020276023,-0.06189356,-0.27148053,0.22697951,-1.1802808
rna|EPCAM,-0.075787164,0.10193256,0.07642788,0.006461198,-0.23391293,-0.24024947,0.087175444,-0.31525537,-0.11374274,-0.08333747,0.24513312,-0.17445487,0.10332889,0.24159984,-0.07307567
rna|SCARA3,0.11848285,0.35241985,-0.82873267,-0.25656906,0.21513851,-0.8657661,-0.43872464,0.6624345,0.3167028,0.0071702045,-0.013399441,0.15566163,-0.39676228,0.4196235,0.13735914
rna|GPR63,0.32307348,0.40659034,0.19797042,0.11415067,0.19326106,0.35147855,-0.08909974,-0.043409526,0.1609245,-0.31627136,-0.3058309,-0.2993894,0.2716684,-0.15667707,0.37370223
rna|ARL14,-0.20938595,-0.1834321,0.14840682,-0.32582417,-0.46054587,-0.53910536,-0.279379,0.24960217,0.20561145,-0.044627264,-0.03207805,-0.14594696,0.07602842,-0.005383586,-0.49600223
rna|NPFFR1,0.31356812,0.27288812,0.27126867,0.32008943,0.50519377,0.51281565,-0.17583622,0.4761429,0.24812931,0.33644363,0.041532066,0.20399128,0.35275865,-0.18763193,0.41164106
rna|NCCRP1,0.34385252,0.31284562,-0.2938097,-0.18223378,-0.62982446,-0.50685,-0.63672876,-0.33480948,0.68812054,0.46814153,0.22441587,-0.11952665,0.15887852,0.36259952,0.25312856
rna|KRT72,0.32259956,0.60712194,0.042380255,-0.35818726,0.39608443,-0.08515912,-0.20241664,0.5534474,0.5692868,-0.2222609,-0.24170601,-0.26303405,-0.19871783,0.1802235,0.35627994
rna|ITGB5,0.6369063,-0.054262057,0.013555449,-0.8123358,-0.032721955,-0.5413522,0.43778574,-0.071246974,-0.26309994,0.9964291,-0.530868,-0.32600603,0.39269274,-0.38060886,-0.4661895
rna|CTAG1B,0.14388418,-0.4695344,0.23176564,-0.14236996,-0.1876426,-0.15832673,0.22499609,-0.1411272,-0.2996896,-0.24533682,0.08030862,-0.19446523,0.12643419,-0.12470269,-0.065176964
rna|FCRL2,-0.40925962,0.06517827,0.0011934628,0.3332461,-0.2229829,-0.39601502,-0.29922166,-0.009482972,0.43584347,-0.37570828,-0.009431937,0.09645435,-0.5183821,0.24623913,-0.30106664
rna|RNF165,0.41883892,0.84134233,-0.33683187,-0.08454642,0.14776541,0.11101307,-0.2229232,0.5920062,0.3031818,0.12813446,-0.38995707,-0.2928159,-0.0021179875,0.23732999,0.83806634
rna|HOXA13,0.23018706,0.24814375,0.51631343,0.601454,-0.048903164,0.43027902,-0.3347078,0.45461038,0.39884397,-0.27333426,-0.21104966,-0.32247847,0.42928392,-0.1174618,-0.12283668
rna|S100A9,0.37732172,-0.04453463,-0.1803168,-0.13055874,-0.005985326,0.71624637,0.40255284,-0.44949275,-0.41463986,0.9546356,0.40694928,-0.09285517,0.47717357,0.27614766,0.6249848
rna|THRSP,0.24609543,0.34981075,-0.13511038,-0.02635638,-0.019738028,-0.13093914,0.13342372,0.105160244,-0.1137261,0.0100645,-0.33482882,-0.4418056,0.21680667,-0.040596634,0.37456736
rna|RTL4,0.6129679,0.46482277,0.32550436,0.5684182,0.12074763,0.21315525,-0.2146157,0.018940238,0.17711714,-0.23148128,-0.36055416,-0.4486778,0.41194665,0.15222104,-0.0773705
rna|TP73,-0.017174318,0.26624224,0.5661579,0.34534344,0.103230625,0.4744286,0.025333345,-0.012514558,0.3654172,0.17796728,-0.060718838,0.12619421,0.046260793,0.1070151,0.07761435
rna|GAGE5,0.80992484,-0.024167567,-0.026587658,-0.01653705,0.12522268,-0.2115399,-0.39125627,0.68428296,0.027673503,-0.49512124,-0.026668977,-0.61884254,0.38657126,0.06318085,0.00471021
rna|SLAMF1,-0.06375501,0.15528582,0.25377694,-0.60025,0.39292368,-0.37828556,0.0015293548,0.72082067,0.13845238,0.66516036,0.0019247393,0.2845041,-0.23402068,0.05427328,-0.12828502
rna|NAT16,0.66797125,0.33091468,0.44285384,0.14764482,0.21016443,0.25029352,-0.41476557,0.41777828,0.22153382,-0.34519556,-0.26052132,-0.6717269,0.6099459,-0.27958834,-0.10938576
rna|ASIC2,0.61194354,0.3313092,0.4776395,0.25419253,0.076284684,0.38093415,-0.5002716,0.41180733,0.16548663,-0.21299066,-0.31125894,-0.7099753,0.45328248,-0.005421147,0.059502847
rna|FAM241B,0.26335838,0.64835393,0.05038496,-0.7859537,0.8176394,-0.13042377,0.15758382,0.42114258,-0.021940999,0.38150933,-0.3657707,-0.3968141,-0.14501831,0.49888033,0.28264362
rna|HBB,0.0757186,0.12205564,-0.9014351,-0.1814147,-0.30199653,-0.12550412,0.2311497,0.09448921,-0.16307995,0.04104988,-0.2523884,-0.35778508,-0.004167665,0.0571555,-0.16906466
rna|PCDHGB5,-0.37291747,-0.27076057,0.402196,0.3127135,-0.59432405,-0.5830231,-0.42433667,0.6289343,0.44487718,0.11980108,-0.16711429,0.722145,-0.29707727,-0.5746337,-0.42491573
rna|KCNC2,0.7415082,0.24042547,0.39804465,0.25920188,0.18178843,0.21019828,-0.5817856,0.5844618,0.20382074,-0.61051595,-0.19233161,-0.60149664,0.6011189,-0.13934357,0.16753726
rna|KLRB1,0.28283086,0.4169872,-0.4077506,-0.67392385,0.51005983,-0.5753725,-0.023506066,0.46492496,0.06934273,0.16509013,-0.18965575,0.045482144,-0.41550285,0.37766108,0.41419587
rna|PAX8-AS1,0.0033806765,0.19227628,0.052995235,-0.104140915,0.24856713,0.24802095,-0.20064177,-0.047673054,0.32811335,0.30058962,-0.4023805,-0.06920127,0.15707798,0.1996432,-0.016429974
rna|CGNL1,0.2297039,0.17023665,-0.3039084,-0.73785824,-0.052507248,-0.99436736,-0.02661025,0.46811727,0.29552948,0.6408437,-0.68488955,-0.30103102,0.060646746,-0.16686676,-0.108526334
rna|LILRA3,0.27564132,0.03325731,-0.14300896,0.0849005,0.26498982,0.667006,0.3216163,-0.21319549,-0.5413427,0.21248005,0.30884883,-0.33319697,0.30387136,0.4060625,0.27147403
rna|GUCY1B2,0.33747813,0.128656,0.3733636,-0.11895947,0.4087394,0.17632945,0.067669354,0.14802526,-0.07960592,0.45926586,-0.36998212,-0.1699475,0.41606796,0.08668105,-0.1774173
rna|PI3,0.58512396,0.37008807,-0.003283802,-0.24494857,-0.78800875,-0.061991427,-0.6915073,-0.36587337,0.14197285,0.6167394,0.22275648,-0.118324965,0.5067468,0.11464899,0.52789444
rna|TMEM139,0.6055975,0.27371526,0.59983116,0.45755693,0.08866578,0.20023067,-0.45892787,0.6176859,-0.03482261,-0.23642811,0.05537551,-0.62490416,0.393985,-0.11856182,0.20493561
rna|HLA-DQB2,0.1472733,-0.033263974,0.27693903,-0.36833113,0.11419076,-0.66021806,-0.1543098,0.5570478,0.32975814,0.267876,0.2640158,0.110552065,-0.14207838,0.105952345,-0.057847764
rna|GPR142,0.5201097,0.3299479,0.27961648,0.36542037,0.1770878,0.48614952,-0.6351211,0.63408935,0.35825202,-0.603557,-0.05681565,-0.2546206,0.42065987,-0.054766666,0.4022546
rna|OR4D6,0.66492933,0.2879107,0.44320032,0.44307056,0.085806586,0.37189555,-0.5721787,0.59640026,0.2949583,-0.48392594,-0.09614392,-0.4269892,0.5189884,-0.13460715,0.093692474
rna|OR1L4,0.544596,0.36521468,0.50625265,0.2470436,0.20834538,0.22048059,-0.41127086,0.5089763,0.24571373,-0.2661086,-0.4248734,-0.69638264,0.51964843,-0.083222605,0.037739113
rna|UPB1,0.30276585,0.8218303,0.11401173,-0.19149755,0.34916124,-0.077733725,-0.1619764,0.41630653,0.052890006,0.59644437,-0.29714534,-0.58107936,-0.035253644,0.08486583,0.24969992
rna|RSPH14,-0.21668625,0.41206697,0.36246452,0.1502064,0.22521049,-0.007713429,0.16501476,-0.42365158,0.27150592,0.109416336,-0.36919156,-0.39959717,0.07433958,0.30026218,-0.3966597
rna|NEFL,0.70145893,0.4969256,0.40505955,0.37069103,0.24577764,0.370836,-0.5792824,0.5050684,0.34908488,-0.24576889,-0.17972508,-0.30264372,0.52503777,-0.16622432,0.33838665
rna|FXYD7,0.19390656,0.3362181,-0.17810921,0.43795034,0.015833452,0.18343954,-0.372664,0.36891803,0.1797215,-0.22457168,-0.11969581,0.38070154,0.01428101,0.11135587,0.4397565
rna|FIGN,0.39476562,0.41395566,0.0043501058,0.16492379,0.09226604,0.34619808,-0.21854678,0.53379893,0.24297744,-0.25852555,-0.525745,-0.049296234,0.3458211,-0.32390803,0.43287674
rna|ADRA1B,-0.13850097,0.59790176,-0.5926599,-0.0024588134,0.116986044,-0.4660239,-0.21572332,0.5962551,-0.06710859,-0.41421828,-0.2814715,-0.2999019,-0.21918869,0.07456782,0.34924987
rna|MRC1,0.25302276,-0.31987312,-0.59730023,-0.22920257,-0.086501785,0.03445201,0.4433352,0.1413575,-0.46059632,0.14329521,0.48669305,0.07228634,-0.07513439,0.113114126,0.42451537
rna|RBFOX3,0.46368456,0.5224274,0.57932043,-2.4696255e-05,0.251076,0.1975109,-0.3476758,0.39114082,0.32290235,-0.08246022,-0.2863287,-0.46311375,0.53046,-0.051259574,0.05414513
rna|BHLHA15,0.39699435,0.42324993,0.08710345,0.3567028,0.15726633,0.52365273,-0.040030207,-0.210353,0.103216216,-0.08077365,-0.0757277,-0.2591952,0.16065569,-0.15532361,0.44606158
rna|PDXDC2P-NPIPB14P,-0.040980045,-0.17167017,-0.0881478,-0.38498962,-0.011336472,-0.6966199,0.13472132,0.0009915623,-0.27095893,0.094150916,0.36916956,-0.25153428,-0.20843782,0.21574536,-0.102618955
rna|DAZ2,0.49454486,0.049846478,0.3192916,0.013654823,-0.057490643,0.343763,-0.28379473,0.36220294,-0.110689096,-0.47794068,0.07742632,-0.5619458,0.43243107,-0.32675558,0.21156445
rna|INPP5J,0.11691902,-0.20427659,0.33960766,-0.09195766,-0.09842081,-0.009187134,0.012795834,0.12340042,0.09110289,0.04489723,-0.12497307,-0.46879342,0.05737222,-0.01767068,-0.29354796
rna|OR4F4,0.572036,0.15896149,0.5258377,0.37358615,0.15645662,0.24914354,-0.457994,0.4135473,0.20338182,-0.61651015,-0.33759546,-0.66878474,0.69291645,-0.040414475,0.061298937
rna|CXCL17,0.53202057,0.23438162,0.06164711,0.016982451,-0.7372435,-0.12938909,-0.46303335,-0.65909195,0.3947763,0.5557935,0.24770533,-0.34597766,0.5184661,0.0524087,0.34094787
rna|LIN28A,0.70934737,0.3690383,0.40109742,0.39321476,0.3078736,0.26676333,-0.3107333,0.35059574,0.30161756,-0.48813564,-0.38232902,-0.6789627,0.5947658,-0.03163717,-0.18143153
rna|DAD1P1,-0.3546612,0.037550576,0.12798001,-0.23644048,0.6309163,-0.013287849,0.35512164,-0.3109409,0.024506513,0.63450193,-0.31307182,-0.009477105,0.20752604,0.019744769,-0.63783073
rna|COL9A2,-0.08368458,0.25195822,0.5667126,-0.40318745,0.33577585,-0.009831874,0.008814327,-0.10937387,0.27381903,0.44890824,-0.23942018,-0.32027116,0.043991126,0.5186842,-0.16166718
rna|PAMR1,0.46324307,0.4999284,-0.10035129,-0.33782133,-0.15182152,-0.25045508,0.15158977,-0.09319364,0.18861085,0.6303254,-0.8528478,-0.24579218,0.34591857,-0.06678205,0.018135862
rna|TFF3,0.35238317,0.23367782,-0.5689071,-0.3375898,-0.33756387,-0.6167981,-0.3074123,0.31504905,0.12800215,-0.46281826,0.3128461,-0.2193436,-0.1937325,0.15910427,0.774261
rna|RPS6KA6,0.24662217,0.3048531,0.16407447,0.16749036,0.18215929,0.29137865,-0.09708022,0.43372917,0.42488042,-0.18900047,-0.11337904,-0.06538986,0.12333084,-0.006768061,0.18114324
rna|APOC2,-0.05171478,0.119103,0.027059287,-0.48599532,0.6080222,-0.43174005,0.35940674,0.43706504,-0.2876396,0.6052478,0.08593787,-0.560023,0.18486495,0.012849057,-0.5535227
rna|MGST1,0.3860766,-0.058719777,-0.035469793,0.4869204,-0.52215207,0.18222803,0.055685423,-0.1360714,-0.4735528,0.11079908,0.2601317,-0.1501388,0.36908928,-0.40105432,0.3750394
rna|NLGN4Y,0.06170924,-0.12534848,0.021858219,-0.48404998,0.060613845,-0.32871795,-0.07229905,0.08084732,-0.1901129,0.28615138,0.14420189,-0.23181577,0.06704379,0.06768934,-0.29146674
rna|OR52N4,0.301211,0.6496121,0.1319136,-0.03200905,0.35221335,0.3199274,-0.1770227,0.4876012,0.16636975,0.12884253,-0.030450271,-0.08203504,-0.0043944917,0.31441498,0.4575468
rna|FUT8-AS1,0.14481172,0.70342535,-0.33339253,0.2626048,0.28685442,0.16131395,0.097292,-0.37758586,0.35307825,0.49346894,-0.45709586,-0.21824934,-0.033005834,0.5392879,-0.10308663
rna|CLRN1-AS1,0.7118318,0.29844373,0.40704522,0.47929174,0.04760958,0.29360178,-0.37475476,0.6028263,0.05679254,-0.56610495,-0.109916456,-0.67760193,0.5222895,-0.10186069,0.029141724
rna|PCAT18,0.66048944,0.48896506,0.42101255,0.16935825,0.109910905,0.21014273,-0.23492813,0.35830036,0.31188032,-0.4311646,-0.26765546,-0.6626566,0.5332019,-0.018699221,0.14306459
rna|USP2,-0.11202482,-0.23960257,0.5614637,-0.21657212,-0.41441032,0.21143046,0.17161109,0.0045742253,-0.23245321,0.16296118,0.1454123,0.07397917,0.050024197,-0.42999274,-0.09184664
rna|B3GNT7,0.20261323,0.1978674,0.6439687,0.33445504,0.03073471,0.64054596,-0.07599909,-0.19153522,0.31750587,-0.003946537,-0.27704743,0.26828533,0.10242234,-0.10707065,0.43336332
rna|ULBP2,0.513197,0.33838972,0.5045561,0.35274816,0.13121974,0.3616786,-0.40219334,0.35041893,0.46758196,-0.044154383,-0.22574519,-0.47137997,0.6200317,-0.17528036,0.24692997
rna|PRPH,0.37739065,0.5866449,-0.14650318,-0.34862554,0.29477978,-0.043258473,0.21853869,0.32399452,0.31778002,0.2197482,-0.43250883,-0.24727075,-0.074945934,0.121566966,0.22675967
rna|H2AC1,0.6549791,0.4185643,0.5336137,0.31953117,0.30953464,0.28973278,-0.26068947,0.5323171,0.3163305,-0.37477973,-0.28025523,-0.507695,0.5297817,-0.07056376,-0.022689661
rna|GSTM5,0.5386635,0.55300766,0.17081104,-0.25561684,0.12957364,0.05459553,-0.19968097,0.466069,0.36726972,-0.019118045,-0.6944392,-0.3794703,0.32431933,-0.06883443,0.27123368
rna|SGCA,0.24469782,0.57032233,0.51102227,-0.15958823,0.045318563,-0.08064882,-0.44095385,0.41534984,0.22887868,0.14142966,-0.2606426,-0.41302094,0.19745208,-0.030512646,0.14611316
rna|CDH15,0.4162622,0.23717378,-0.26440445,-0.33324957,0.14100045,-0.00972238,0.38050768,-0.19068083,-0.021605397,0.50786704,-0.368848,-0.2041377,0.3884648,-0.29047942,0.07242788
rna|GNG7,0.37234896,0.48050874,-0.16747683,-0.10279465,0.053821087,-0.09594961,-0.59578544,0.76313555,0.117745034,-0.61999077,-0.29058015,-0.018080762,-0.07399185,0.12513492,0.38144633
rna|MDGA1,0.4017814,0.1117173,-0.17731264,0.023668624,0.017923065,0.34096074,-0.18463804,0.52031326,0.17341079,-0.11594585,0.13086732,0.12911297,0.0024677876,-0.15397795,0.5234366
rna|P2RX2,0.02856196,0.5236215,-0.46301585,-0.040488567,0.1337846,-0.32861492,-0.5073656,0.7798418,0.38172826,-0.4379649,0.15856318,-0.024816502,-0.2169953,0.2445196,0.4028213
rna|TNFSF11,-0.21041279,0.51665825,-0.540104,0.054432552,0.40412778,0.43260032,-0.023939572,0.31310216,0.35009754,-0.39431867,0.14096208,0.421852,-0.46198836,0.20849942,0.5180096
rna|DSCR10,0.5966631,0.35551015,0.3589414,0.72631377,0.1837728,0.57591116,-0.45738345,0.3945643,0.29319015,-0.5620417,-0.16639078,-0.339061,0.54940015,-0.10162806,0.101416975
rna|RASL11A,-0.03980787,-0.18345237,0.5323076,-0.23940563,-0.39610538,-0.26514152,-0.2650647,0.58070046,0.41444725,0.04096293,-0.40322456,0.45438138,0.032056645,-0.7047738,0.14122193
rna|RSPH1,-0.032169286,0.00266284,0.3854366,0.27879742,-0.37510264,0.174543,-0.03171178,-0.08784066,0.23079918,-0.015849017,-0.2568502,0.02715258,0.027864954,-0.23408705,0.067037396
rna|CAPN9,0.6563985,0.47018287,0.55945885,0.41331744,0.21046904,0.33784577,-0.5371789,0.58322656,0.28853056,-0.24543494,-0.34058127,-0.3536121,0.6235865,-0.06485398,0.27248666
rna|TRIM36,-0.15448685,0.16273241,0.21830761,0.055177,0.2583071,0.24066663,0.20504187,-0.17923692,0.047333788,0.23059453,-0.20962836,-0.4856915,-0.05837578,0.2138248,-0.2655506
rna|CTLA4,0.3077807,0.40148637,-0.39811274,-0.786241,0.6263942,-0.56600845,-0.019757055,0.5921238,0.006711293,0.57373977,0.06414634,0.03213191,-0.5944397,0.45188224,0.09686843
rna|ERC2-IT1,0.27600878,0.11877411,0.35551816,-0.08723968,-0.109999016,0.15190938,-0.17915864,0.1215355,-0.059753735,0.03043246,-0.43199524,-0.25012136,0.2122853,0.015902167,-0.008938891
rna|CPT1C,0.31761461,0.3085647,0.14205725,-0.8420887,0.46019724,-0.3413443,0.25670928,0.007221163,0.036156256,0.5032747,-0.780595,-0.7001134,0.12565526,-0.05407723,-0.15167604
rna|PI16,0.4789068,0.14774868,-0.1437322,-0.4562654,-0.21906474,-0.38513723,-0.059707318,-0.07083809,0.33287397,0.04632045,-0.47082123,-0.13189979,-0.1566239,-0.008196933,0.32191998
rna|PAX9,0.119042866,0.07758971,0.37656555,0.14959651,-0.34576434,0.38421124,-0.20936492,-0.43227476,0.16972603,0.13338661,0.1724875,-0.258523,0.17989819,0.32682034,0.35904258
rna|CD24,-0.29024106,0.5010302,-0.23234852,0.16757444,-0.02296269,-0.17267269,-0.14530386,-0.11462182,0.79182315,0.0072780065,-0.40775317,0.031951547,-0.4974369,0.37587428,0.21003538
rna|OR4F29,0.52445585,0.47996172,0.45209157,0.1589644,0.27393264,0.24647291,-0.32794914,0.5037937,0.44335607,-0.31386635,-0.38545898,-0.6930233,0.56397164,-0.076512516,-0.017015394
rna|FAM90A1,0.611346,0.33218557,0.43169132,0.27819952,0.3737709,0.231917,-0.26042935,0.39864293,0.030241529,-0.33823997,-0.28544334,-0.52521604,0.5326028,-0.2547192,-0.005862151
rna|ADRA2A,0.36308283,0.09024305,-0.39985627,-0.10496793,0.035085216,-0.17531174,-0.292783,0.04993538,0.4074903,0.12442449,-0.4723977,0.7511674,-0.15050568,-0.3408872,0.8167388
rna|KRT73,0.26791754,0.71769774,-0.16452414,-0.29641986,0.3232056,-0.19875143,-0.4849046,0.5516504,0.64446896,0.014402732,-0.060012385,0.017988628,-0.25878,0.34176645,0.45619947
rna|FAIM2,0.30898044,0.4191554,-0.051271196,-0.3616525,0.62516284,0.23487157,-0.08834435,0.49349782,0.17283666,0.43135628,-0.13456672,-0.1957968,0.1275432,0.19979289,0.54202056
rna|LINC01854,0.5869508,0.26343104,0.33986795,0.6497931,0.18943362,0.3869688,-0.6300384,0.5510551,0.18955344,-0.4603503,-0.28432947,-0.29255006,0.5134016,-0.11277799,0.102156885
rna|FGD6,-0.41506281,-0.2426305,0.08651413,-0.04678702,-0.062000412,0.044566665,0.23211706,0.06402933,0.03958131,0.5623429,-0.07864182,0.50776494,-0.27612874,-0.106091045,-0.42133975
rna|SLC7A11,-0.12381276,0.101810224,0.1333885,-0.047270436,0.028435607,0.3059627,0.09306693,-0.27701214,0.058665633,0.8191356,-0.23065802,0.112560794,0.44540918,-0.2720662,-0.23569052
rna|NLRP6,0.2212926,0.3861873,0.13727169,-0.30331868,0.5675408,0.52130497,0.083147354,0.012908109,0.15234347,-0.20556483,-0.13184705,-0.23040073,-0.001607598,0.058309734,1.0229058
rna|H19,0.34982288,-0.19990247,-0.009088041,9.61898e-05,-0.34669194,-0.04968342,0.11802126,-0.2691044,-0.035535723,0.2966891,-0.5691848,0.23711807,0.1263236,-0.7218141,0.34540892
rna|LINC02203,0.6013185,0.14586954,0.4596534,0.33037555,0.08458972,0.25618407,-0.4202261,0.355105,0.084090754,-0.46198222,-0.30395684,-0.6313799,0.70427036,0.0077552763,0.084045745
rna|SPIB,-0.13425285,-0.020151185,0.2143506,0.4905099,0.12282209,-0.3146502,-0.039056752,-0.14930035,0.49271244,-0.07727439,-0.32039282,-0.08743796,-0.061774425,0.3715771,-0.5071042
rna|OR4F21,0.59419733,0.26812196,0.43212166,0.41554102,0.122018024,0.31039214,-0.5182934,0.648051,0.1305684,-0.5176349,-0.1781186,-0.5072897,0.5252109,-0.16490653,0.10435883
rna|XAGE1B,0.8007191,0.4327953,0.41129175,0.32298067,0.28418988,0.2536067,-0.19475314,0.43953115,0.4671637,-0.6074226,-0.26310062,-0.4480087,0.6214756,-0.15026452,0.075482056
rna|STXBP6,0.37214968,-0.30936763,-0.041738134,-0.08492399,-0.5121387,-0.35317287,-0.4712268,0.19022982,-0.013351094,-0.17062132,0.031082356,0.03869094,0.12739073,-0.43259892,-0.23036462
rna|CYP27B1,-0.058335226,-0.17913033,-0.0865477,-0.08394911,0.5508541,-0.030746134,0.28063053,-0.08432125,-0.19905648,0.6888603,0.0026872917,-0.12237712,0.47503445,0.094808325,-0.3305351
rna|LHX3,-0.08128804,0.009072778,0.39288768,-0.034944776,-0.29892385,-0.085265666,-0.4012108,0.39694783,0.063966684,-0.2882295,0.085984446,-0.2623129,0.011678822,-0.10237517,-0.27712297
rna|OTOF,0.3442748,0.047342636,0.0019840938,-0.5603537,0.65637916,0.23900658,0.29515466,0.19388321,-0.045238666,0.21876921,0.13229595,0.040601876,0.05816661,0.18583928,0.45351237
rna|JCHAIN,0.15322156,0.30381182,-0.52286345,-0.31821,-0.27170378,-0.2992544,-0.0660553,0.086097784,0.09673401,-0.30175722,-0.03815826,-0.0033419176,-0.32238123,0.23832496,-0.062698364
rna|COL11A1,0.3823717,-0.8629552,0.18063927,-0.36928996,-0.37479794,-0.38773248,0.1248309,-0.017014926,-0.33080164,0.5807024,-0.44072062,0.37554094,0.38390058,-0.7643044,-0.5796386
rna|SFTPB,0.4546985,0.29790038,0.53201956,0.3403614,0.0005323218,0.55897266,-0.032358844,-0.04170584,0.07973871,-0.31156912,0.013127773,-0.6047221,0.16930963,0.2449614,0.038289
rna|SIX3,0.6197863,0.07473974,0.32493734,0.11262969,0.0270552,0.042091265,-0.6751468,0.6410073,-0.03917473,-0.4632882,0.1573233,-0.38267842,0.49124315,-0.19677512,0.03247509
rna|PPP6R2,-0.049096353,0.027155071,0.39976114,0.058747593,-0.034510676,0.69194996,0.35160667,-0.49325877,0.31100658,0.18456596,-0.21850258,0.35639673,-0.05146228,-0.3833548,0.5060939
rna|SLC24A2,0.59916687,0.163286,0.5209089,0.3947451,0.20372596,0.43362302,-0.5813793,0.49977553,0.17558523,-0.4950837,-0.27315128,-0.48209563,0.5018232,-0.053123586,0.18601215
rna|PCDHGA2,0.1439819,0.39251035,0.83924925,0.10745924,0.12927407,0.120085075,-0.32641304,0.45014393,0.40285596,0.013882924,-0.79703736,-0.029056322,0.21976432,-0.19758096,-0.0030334333
rna|MGC70870,0.08235304,0.029457772,0.3471801,-0.024576282,-0.22063714,0.13214934,-0.15293252,0.24363483,0.25724655,0.03488651,-0.03163328,-0.11180515,0.33449966,-0.1660355,0.00011769493
rna|VWA7,0.47210974,0.34559843,0.5092884,0.5059758,0.20543161,0.7136882,-0.051159006,0.064392105,0.1149057,-0.21366921,-0.29229835,-0.26294157,0.29510912,-0.24808821,0.33633897
rna|SLC25A27,-0.09107839,-0.27447206,0.16253372,-0.15881556,-0.54342663,-0.20627177,-0.14534068,0.09222154,0.13365196,-0.17968585,-0.21266684,0.09180523,-0.09404993,-0.49468097,0.059402533
rna|OR5B21,0.0059849243,0.28210187,-0.21964212,0.7061342,0.22620495,0.8509464,-0.12644318,0.2600048,0.40795332,0.04959554,-0.19592969,0.62163216,0.008380087,-0.043644372,0.21122345
rna|ITLN2,0.59386045,0.18479188,0.13677558,0.3472596,0.036971476,0.24791282,-0.59181476,0.7637704,0.06916739,-0.43919805,-0.15824164,-0.48214275,0.5309415,-0.1759232,0.05719451
rna|ZSCAN10,0.39770892,0.40845716,0.20595092,-0.09057721,0.3727322,0.49453416,-0.14426413,0.10563551,0.061801493,-0.04689292,-0.28106338,-0.28548342,0.31127712,0.17834246,0.33106
rna|COLEC10,0.3854213,0.21807456,0.2323228,0.5423572,0.003095035,0.06233702,-0.48006943,0.6857993,-0.009739399,-0.5495696,-0.17012209,-0.64511776,0.57562935,-0.33715746,0.46359158
rna|CT47A6,0.7877323,0.31405538,0.34378266,0.5509286,0.140104,0.3428693,-0.56314224,0.62181133,0.13814531,-0.50457674,-0.20695984,-0.39462805,0.52246904,-0.06549458,-0.009494275
rna|STAG3,-0.2378939,-0.4313686,0.7052768,-0.24889655,-0.39428684,-0.5855759,-0.49663952,0.27325943,0.24977003,-0.038160585,-0.15610492,0.07163662,-0.11994497,-0.5975608,-0.0782996
rna|DPCD,-0.097101465,0.40260416,0.23571353,-0.24967957,0.36398217,-0.043101437,0.44376987,-0.5122261,0.049411573,0.58169574,-0.6840059,-0.64936376,-0.0023217793,0.32821283,-0.5282184
rna|MAP1LC3C,0.39215204,0.422307,-0.02247976,0.06095268,0.18458584,0.30345166,-0.39995065,0.6202355,0.4506732,-0.1451254,-0.25627318,0.1285255,-0.13638842,-0.005070423,0.7353487
rna|GNAO1,-0.13047779,0.254088,0.14241704,0.33820185,-0.27214253,0.030627703,-0.12374221,0.071083196,0.17390776,0.2101366,-0.24978915,0.37611172,-0.26592192,-0.02606816,0.4749386
rna|TLR9,-0.3263015,0.30750605,0.21324031,0.23639874,0.15835206,0.03340712,0.06288138,-0.20471457,0.3677178,0.0053077308,-0.051332127,-0.034802794,-0.2775434,0.50034904,-0.52933586
rna|FLJ46347,0.5661914,0.1819627,0.340759,0.5570021,-0.021546545,0.3103383,-0.3559245,0.52412206,0.025859002,-0.2692279,-0.12930714,-0.45651552,0.53098047,-0.28897575,-0.28086513
rna|PIANP,0.37983948,0.37816012,0.36037642,0.45003003,0.020587614,0.2711626,-0.5124489,0.6340535,0.44852006,-0.34979084,-0.39417025,-0.027679658,0.14835691,-0.10390471,0.38322714
rna|MST1R,0.08775241,0.19829513,0.59297454,-0.3287263,0.08174987,0.39825606,-0.16932386,0.21644042,0.3540811,0.24205807,-0.2628971,0.087212965,0.09196686,-0.015915634,0.2865918
rna|FRMPD2,0.5927882,0.3345463,0.44108713,0.3387462,0.036887113,0.25043896,-0.36958784,0.46154976,0.21882698,-0.41158623,-0.2458081,-0.42887747,0.4433635,-0.12859908,0.20708309
rna|LIF,0.43926206,0.26262993,-0.031366915,0.2183295,-0.04183551,0.74332803,-0.3047887,0.15032507,0.009664341,-0.22125901,-0.2944222,0.46113476,0.21651056,-0.43423128,0.7794476
rna|UGT3A2,0.5622675,0.59226096,0.27964652,0.035130132,0.27776593,0.16199394,0.0114358505,0.3355825,0.31272447,-0.10102372,-0.26480132,-0.48041788,0.3224018,-0.036005482,0.0012561678
rna|ZNF300,-0.0023031787,0.20942919,0.2311186,-0.3674096,0.21828882,-0.16122448,0.013961382,0.2534287,0.08961851,0.31773123,-0.54827356,-0.045436814,-0.037897352,-0.32612443,0.07562952
rna|MYT1,0.11888654,0.19428636,0.57760465,0.14273004,0.11799123,0.43520093,-0.24137083,0.17065975,0.22888827,-0.14379838,-0.27336052,-0.37019783,0.3963401,-0.07459415,-0.16534266
rna|CLCF1,-0.29347575,0.20002826,0.2623221,-0.109760694,0.119308986,-0.23395947,-0.23814403,-0.051946837,0.3040075,0.37493765,-0.6461879,-0.07742591,0.055419307,-0.17276198,0.022314029
rna|CD6,0.49725026,0.21476038,-0.14276546,-0.9806757,0.8734158,-0.3608802,0.08820318,0.50600445,-0.05817373,0.16136464,0.10113743,-0.24905396,-0.25091234,0.35222393,0.77215385
rna|CMTM8,-0.03094453,0.60150635,-0.34677476,-0.25084928,0.64086443,-0.30283743,0.49213788,-0.38980395,0.0129396,0.3834924,-0.55670804,-0.263809,-0.53829396,0.41541114,-0.017630462
rna|ERRFI1,-0.03092115,0.3550451,-0.15201318,-0.29126537,0.14044887,0.11743189,0.41446203,-0.060224168,-0.3687302,0.8299644,-0.44789654,0.08838349,0.11433528,-0.31366003,-0.15867847
rna|ELL3,-0.64788425,-0.016804323,0.49144,0.11465664,-0.18044028,-0.346149,-0.06713682,-0.158059,0.45229682,0.32117796,-0.4799827,0.19089516,-0.31566495,0.17322442,-0.68928975
rna|RIN2,0.057169672,-0.13595676,-0.22351585,-0.69649756,0.1875632,-0.6896989,0.44449157,0.29760563,-0.38555184,1.1117163,-0.17504108,-0.08688648,0.018955825,0.1549132,-0.6374144
rna|GAL3ST3,0.51101995,0.44239366,0.3052844,0.2693779,0.1978235,0.40457502,-0.47738054,0.43636185,0.2466471,-0.5325973,-0.2536956,-0.34542102,0.3877225,0.0019470062,0.11647342
rna|TMPRSS11BNL,0.7226849,0.53412807,0.42224556,0.14704597,-0.22370036,0.28785455,-0.6107075,0.18253331,0.27835923,-0.14973548,-0.10554616,-0.4629012,0.55281746,0.10161282,0.19622809
rna|TNFRSF18,0.35623735,0.010886997,0.38635394,-0.07876746,0.35977358,0.70168245,-0.13039114,0.30807668,0.3031987,0.17772755,0.05265657,0.4731772,-0.050300237,-0.12785114,1.007534
rna|VIPR1,0.35108128,0.88980174,-0.47699955,-0.5020855,0.35559788,-0.2519769,-0.16518424,0.40217245,0.46886823,0.0871749,-0.12368716,-0.35138008,-0.3076469,0.14244838,0.6590423
rna|RASL10B,0.45861587,0.0881942,-0.043062422,0.49271774,-0.123698674,0.20747447,-0.11008496,0.07568214,0.019270154,-0.19657281,0.08476048,-0.36330515,0.38301572,0.00897494,-0.08812276
rna|YBX2,0.34275433,0.27962717,-0.18603942,-0.24940449,-0.14352606,-0.06803459,-0.40034273,0.10914212,-0.11301285,0.12800881,0.33758643,-0.32039475,0.030993262,0.13509117,0.3072499
rna|GOLGA6L5P,0.35789666,0.50962347,0.4066572,0.5904924,0.21007416,0.6768824,-0.17792784,-0.022294773,0.5221703,-0.3269804,-0.4765391,-0.21919954,0.51263964,-0.29506817,0.108890034
rna|COL5A1,0.35267007,-0.9072077,-0.13944985,-0.25083455,-0.6902627,-0.73816556,0.021728294,0.058477394,-0.4542413,0.69610125,-0.04145565,0.30837914,0.35078105,-0.7789579,-0.6522776
rna|BORCS8-MEF2B,-0.50949395,-0.46125755,0.5935717,0.54710966,-0.39859834,0.08401135,0.027458606,-0.0026433181,0.30374596,-0.0826259,0.19450513,0.3993451,-0.30699864,-0.039106764,-0.4123606
rna|SLC19A3,0.47508758,0.37049752,-0.74795157,-0.1584494,0.023155898,-0.335003,0.048500117,0.270787,0.17844303,0.11041863,-0.48559254,0.06312951,0.20788151,-0.40436167,0.5152809
rna|RGS7,0.19939984,-0.033135414,0.5523973,0.08808413,-0.12434199,-0.06734179,-0.546597,0.7259615,0.1673493,-0.4056439,-0.02729037,0.003586729,0.078580506,-0.2636486,0.13376251
rna|CLEC20A,0.5617903,0.021172134,0.30712092,0.6418458,-0.015433839,0.39286938,-0.7038187,0.69886917,0.1292215,-0.5408759,0.0103093665,-0.4898836,0.4897212,-0.07886366,0.112507254
rna|PLA2G4F,0.5860126,0.29512134,0.19385467,-0.006493904,-0.7787998,0.17809622,-0.46685827,-0.30038106,0.6640455,0.4682999,0.1642784,-0.1863794,0.43052903,0.1886694,0.38313186
rna|APOB,0.53667355,0.5655722,0.18555681,0.18431652,-0.028152466,-0.24527551,-0.05074264,0.5320122,-0.31050923,-0.15698358,-0.08410765,-0.75436825,0.46813074,-0.29772183,0.2901727
rna|SPOCK1,0.45405838,-0.31849942,0.16406162,-0.26267186,-0.3389199,0.27843574,-0.071981005,-0.026201785,0.06065024,0.45298812,-0.6054268,0.23794055,0.425671,-0.92253304,-0.007608794
rna|ABLIM2,0.76492894,0.2905992,0.19577208,0.19812779,0.029532371,0.5136452,-0.47845232,0.31527942,0.27101997,0.081455655,-0.13851175,-0.13558002,0.39694944,-0.30646285,0.57145005
rna|SMIM19,-0.3406127,0.40357846,0.11283214,-0.69043356,0.5864855,-0.7994548,0.31906998,-0.034661997,-0.20728217,0.55500054,-0.33401617,-0.6121052,-0.35848024,0.43173856,-0.8586845
rna|PJA2,0.103648365,-0.13104735,-0.6879938,-0.23378101,-0.15657213,-0.8683135,-0.18480015,0.7005369,-0.4772786,0.09423753,0.64959484,-0.32006776,-0.17602941,0.4445868,-0.8568843
rna|AOC1,0.3363303,0.41565022,-0.12994772,-0.44255456,-0.24529506,-0.41279438,-0.31209427,0.03099738,0.3890496,0.32956788,-0.42463005,0.020657582,-0.11318551,-0.20404993,0.1778677
rna|GPC6,0.5392291,-0.40346995,0.22561285,-0.07701459,-0.26641056,0.040532008,0.11721954,-0.06905734,-0.15701967,0.5744976,-0.6123215,0.27862287,0.61148894,-0.90445286,0.024470601
rna|GBA3,0.15563074,0.10874432,0.28487825,-0.10887014,-0.26263872,-0.25273985,0.07017859,0.39046502,-0.23093778,0.063764505,-0.1264249,-0.31061915,0.08432292,-0.40282586,-0.10277585
rna|KRTAP1-3,0.70839167,0.41227987,0.47212005,0.25984502,0.21943451,0.2562477,-0.40020436,0.53986573,0.25344908,-0.4869607,-0.24889661,-0.5337513,0.6029238,-0.09359947,-0.03515989
rna|SH2B2,-0.25979954,-0.2901866,0.40052125,0.6164905,-0.24351616,0.3798671,-0.32635748,0.12579079,0.177728,0.083118215,0.15678926,0.49221763,-0.089283906,-0.19093002,-0.30336687
rna|GJB7,0.19451365,0.010622215,0.4058817,-0.019766942,-0.06642691,0.09762987,-0.116048135,-0.13502958,0.05817619,-0.19745721,-0.14247684,-0.1559588,0.10201686,-0.1316682,-0.08866188
rna|OR1C1,0.5750392,0.26993886,0.48648486,0.5806135,0.044188958,0.4216334,-0.5989742,0.56734246,0.24710725,-0.44288835,-0.13677475,-0.44385922,0.5693092,-0.07345488,0.13312826
rna|VENTXP7,0.69271183,0.35357803,0.38205934,0.23393345,0.3910188,0.2630498,-0.25975147,0.5144039,0.44428194,-0.54004633,-0.30244747,-0.48429582,0.53225535,-0.11333708,0.09794854
rna|FER1L4,0.4097489,0.52635646,0.044258393,-0.09663893,0.15769699,0.35670555,-0.10592317,-0.4144863,0.16318054,0.03452843,-0.21745528,-0.30969036,0.07843863,0.21163827,0.4103237
rna|KIRREL3,0.23948847,0.31591865,0.2645938,0.48442593,-0.09895545,0.19111238,-0.6038889,0.6083013,0.38583964,-0.3736258,-0.33045724,0.16751096,0.22114128,-0.24190044,0.5715443
rna|TEDC2,-0.21403371,0.34704092,0.30395898,-0.16879585,0.73717993,-0.062958434,0.5237138,-0.44225156,0.39351183,0.3275345,-0.58227307,-0.615776,-0.0012688152,0.49872294,-0.78731066
rna|MUCL3,-0.058097295,-0.036177356,0.38563815,-0.20957251,-0.0687093,0.09956621,-0.086910754,0.31146997,0.10882487,0.15570255,0.06408992,-0.033430364,0.3214615,-0.2965738,-0.29928467
rna|CNFN,0.20323619,0.40362725,-0.058713008,-0.23294346,-0.64652765,-0.15029673,-0.2617972,-0.9007965,0.6453192,0.7937626,0.23504353,0.05065418,0.19457613,0.33337668,0.3034108
rna|MIR937,0.12272675,0.20890307,0.36383486,0.77255553,-0.26761326,0.8333494,-0.20687275,-0.13677919,0.4167025,-0.298505,-0.35166824,0.3563917,0.19931634,-0.46789768,0.27068087
rna|CXCL13,-0.101770334,-0.056432843,-0.5127957,-0.37899578,0.4706344,-0.5357413,0.105866425,0.19062282,-0.016394312,0.2519322,0.0060173925,0.28307888,-0.2759838,0.36759904,0.2220497
rna|TEX14,0.20689239,0.27559888,0.47166923,-0.046204854,0.46324226,0.4134025,-0.12821563,0.07710188,-0.078171976,0.07846921,-0.22362177,-0.49868667,0.4788187,0.12368657,0.035066918
rna|PRAMEF15,0.78144157,0.10919502,0.2678394,0.24490431,0.04602345,0.09871796,-0.6121771,0.6139796,0.026478866,-0.67290485,-0.06623006,-0.7698895,0.6745219,-0.0914387,-0.026311519
rna|PACSIN1,0.033840235,0.32838517,-0.22853583,-0.7060142,0.6408518,-0.36810628,-0.050042383,0.72321373,-0.16722332,0.1672453,0.38212335,-0.035404693,-0.44852293,0.39584163,-0.1081056
rna|CYP4F11,0.19188476,0.7985921,-0.27659282,0.27314588,0.019680686,-0.054617006,-0.31085503,0.5585836,0.14860475,-0.29719427,0.16403863,-0.55594003,0.15430212,0.14842665,0.6580129
rna|EGFL6,0.49739608,-0.66217744,-0.19959629,-0.23327608,-0.017163564,-0.3568248,0.32626244,0.0044081225,-0.3944863,0.80736786,0.14516653,0.289196,0.4112597,-0.32275656,-0.43531793
rna|UBE2Q2,0.10064831,0.065154925,-0.6429864,-0.29849234,0.26018327,-1.0417562,0.08666125,0.27674487,-0.2940611,0.56305337,0.10302794,-0.45169008,-0.36242005,0.6463258,-1.1251358
rna|TP63,-0.16931666,-0.10132659,0.28224894,-0.113289006,-0.41505682,-0.39068338,0.029704997,-0.20882933,0.45414212,0.503881,0.049548533,0.12129789,0.010001676,0.29605922,-0.47203124
rna|TENM4,0.05895847,0.09859308,-0.054862604,-0.5336323,0.19196242,-0.58141696,0.08333194,0.046978734,0.3506994,0.76083344,-0.9113553,-0.040661097,0.0063704513,0.049799252,-0.39307702
rna|LINC00926,-0.24326168,0.028666236,-0.13197054,-0.049043667,-0.089971304,-0.6715654,-0.05764687,-0.18635502,0.28901547,-0.27889746,-0.10994868,0.043066557,-0.12336765,0.45071602,-0.220808
rna|CEMIP,0.13893965,-0.20456825,-0.7403734,-0.3932567,-0.058435127,-0.57157737,0.06875797,0.10966961,-0.3093687,0.4089032,-0.0073956894,0.35146633,-0.038176067,-0.19885573,-0.17090307
rna|BCRP2,0.7613618,0.5164394,0.39088002,0.14745505,0.14854588,0.252694,-0.23132117,0.468491,0.2170274,-0.3503696,-0.21059883,-0.49946266,0.6267853,-0.25097713,-0.09773752
rna|GLIS2,0.37040076,-0.080960326,0.13979055,0.40471327,-0.1959654,0.59914815,-0.21058698,0.3530652,0.42172098,0.28723413,-0.6336162,0.85741234,0.2374436,-0.7482635,0.56503314
rna|OR14K1,0.5180066,0.096630126,0.38088942,0.49686372,0.073902965,0.39432245,-0.4778334,0.36644715,0.25957087,-0.53006715,-0.16055475,-0.47795,0.5069805,-0.15409248,0.23669066
rna|MMP28,0.64890873,0.015292667,0.22267832,-0.13541244,-0.27018815,0.16399616,-0.15547526,-0.07031208,0.6866301,0.24549317,-0.48279434,0.24561797,0.29973933,-0.5543749,0.5098928
rna|HS6ST3,0.70275503,0.40920696,0.39420894,0.48941514,0.15579866,0.23116344,-0.48787454,0.62244856,0.22255303,-0.25266835,-0.23653157,-0.4421825,0.48978618,-0.12488792,0.022353135
rna|ATP6V0D2,-0.26872513,0.11510705,-0.22909334,-0.5005283,0.5017183,0.0012779634,0.6523533,-0.07418936,-0.036332574,0.30739483,0.07793678,-0.33597958,0.17534776,0.29678333,-0.54993236
rna|CDH10,0.6328564,0.25169474,0.36385503,0.40394574,0.09508894,0.45331705,-0.46305594,0.3600451,0.0997875,-0.42873856,-0.16092096,-0.6226845,0.6100032,-0.02929151,0.030558292
rna|MIR1208,0.12616998,0.36296654,0.5171018,0.24913344,0.25776833,0.2132403,0.003001753,-0.035644818,0.56072974,-0.2688875,-0.4269377,-0.3367576,0.47079617,-0.19813465,-0.18624136
rna|PFKFB4,0.09554088,0.07695824,-0.16746993,-0.39551,0.3265748,0.00022772477,0.39972758,-0.087351285,-0.3400173,0.8715036,0.086873814,-0.48617154,0.38175887,0.39944747,-0.7111083
rna|TRIM51,0.66056883,0.074585184,0.3823966,0.30780745,-0.031182464,0.23722094,-0.54642314,0.52113307,-0.045404073,-0.5539197,-0.06709569,-0.6107897,0.6084067,-0.03740728,-0.027745396
rna|GZMM,0.32409072,0.37188852,-0.057203848,-0.20797159,0.44668183,0.5939125,0.068033405,0.41610444,0.054196272,0.032068714,0.15042052,0.49257365,-0.20643876,0.15021794,1.0686339
rna|KRTAP10-3,0.7507627,0.48031366,0.5066535,0.42524514,0.1740507,0.3341598,-0.3832552,0.59969586,0.3754173,-0.36252776,-0.29802886,-0.3356922,0.52146125,-0.22650458,0.016203644
rna|F13A1,0.29864854,-0.15757543,-0.19030796,-0.09340311,-0.15174457,-0.3138165,0.08213049,0.013187357,-0.1632797,0.43618327,-0.36792347,0.10010508,-0.16911398,-0.16095418,0.13890254
rna|TMEM163,-0.37549335,0.17855608,-0.020981448,0.40801236,0.16785575,-0.113757536,-0.14472716,-0.04104531,0.56187624,0.30902904,-0.6145678,0.54964197,-0.111995384,-0.107826896,-0.049046855
rna|SLC29A4,0.21036942,0.47694364,0.19896188,-0.4487973,-0.060403146,0.026312582,0.023456953,0.309508,0.41078126,0.08512502,-0.1846082,-0.4775151,0.6741954,-0.23362546,0.31464106
rna|LOXL2,0.13851604,-0.013368142,0.52451175,0.34446034,-0.2673216,0.34025902,-0.186322,-0.1121375,0.542297,0.24641964,-0.56139195,0.10345601,0.31276998,-0.26889166,-0.05487397
rna|KCNS1,0.5883037,0.40529862,0.4389287,0.04632212,0.15905029,0.21403666,-0.3302148,0.39557573,0.23226844,-0.064921655,-0.28305262,-0.3981119,0.4092646,-0.07512441,0.14693639
rna|MAP2,0.26467353,0.20035817,0.24923968,-0.31431267,-0.053754006,-0.035723597,-0.22872236,0.20314342,0.23608689,0.24339543,-0.22231503,-0.30982533,0.016339365,-0.30040076,-0.022178661
rna|PCDHGB1,-0.25064546,0.033393987,0.71193975,-0.13099131,-0.09005574,-0.2938604,-0.19437495,0.4211123,0.46465576,-0.056861237,-0.5062646,0.30507812,-0.16944836,-0.4484712,-0.2571937
rna|TTC36,0.3749007,0.33344963,0.28873104,0.54356396,0.12141247,0.51551247,-0.25768465,0.45772338,-0.0016171462,-0.34866166,-0.1679079,-0.4293234,0.29007918,-0.3238183,0.19906978
rna|TMEM132E,0.5949464,0.31237116,0.42643997,0.55669457,0.14835265,0.46377763,-0.50805616,0.4518285,0.19730303,-0.36065882,-0.24687618,-0.27956852,0.4829931,-0.14465822,0.37804395
rna|PRLHR,0.56641895,0.36537153,0.42875636,0.34386578,0.14991179,0.29654592,-0.41233778,0.38302213,0.30347115,-0.33352387,-0.30031788,-0.4619413,0.5940483,-0.11060095,0.064499475
rna|OR10V1,0.58659405,0.3698527,0.5013444,0.38554797,0.21172321,0.31537408,-0.42102468,0.533584,0.13262483,-0.32698587,-0.28147876,-0.5523409,0.578734,-0.009554055,0.12685983
rna|NEK2,-0.21433058,-0.6003682,-0.38662216,0.20988736,-0.30930948,-0.6667459,-0.005517942,-0.0026130686,-0.16413958,-0.28768116,0.7729447,-0.20000143,0.08116822,0.37280172,-1.2410985
rna|FRMPD2B,0.70895034,0.36265153,0.34989056,0.17559345,0.13786224,0.39210233,-0.43260548,0.5511487,0.16559148,-0.50879323,-0.1773385,-0.50669366,0.6354999,-0.1774202,-0.07524303
rna|RFPL1S,0.63862354,0.40303835,0.37784067,0.2266634,0.2664008,0.52034205,-0.33369693,0.5330327,0.048711926,-0.4328735,-0.20642626,-0.581642,0.63321394,-0.057095774,0.081667975
rna|IGFBP6,0.7320148,-0.048259117,0.46059388,0.07708673,-0.27829206,-0.0032206343,0.16230214,-0.15337257,0.1856409,0.5354119,-0.69963795,0.39781922,0.21251728,-0.6469613,0.23229381
rna|HOTAIR,0.25679466,0.14700799,0.41990352,-0.038039837,0.016073808,0.057866145,-0.23042287,0.22808559,0.36192632,-0.05977407,-0.25752547,-0.16086976,0.22662595,-0.20854391,-0.017297396
rna|SERPINB13,0.4674628,0.26627254,0.02656992,-0.22768034,-1.0419997,-0.14937913,-0.6070923,-0.64778256,0.59348905,0.7566839,0.37852308,-0.14358322,0.32712603,0.29492405,0.47600374
rna|XYLT1,-0.038168088,-0.025856454,0.14745341,-0.0208397,-0.19169547,0.24347788,-0.15024516,0.021541627,0.6072848,-0.14267823,-0.38365212,0.5396672,-0.29197866,-0.4345455,0.4439336
rna|BTNL3,0.51610947,0.27484673,0.53267074,0.0866938,0.27372515,0.48147902,-0.27452543,0.5848363,-0.13282833,-0.2631564,0.04446001,-0.4355772,0.4339515,0.057623174,0.23240641
rna|HOXB13,0.7377338,0.3723604,0.42440757,0.67017084,0.2320635,0.27774426,-0.29933527,0.48974416,0.27476007,-0.30294284,-0.2741189,-0.43251628,0.43760157,-0.16648348,0.032173555
rna|TMEM171,0.15870784,-0.1193273,0.10035921,0.13171601,0.15753518,0.49542546,0.31821376,-0.08965155,-0.11119585,0.08611891,0.34726605,-0.15343317,0.12400191,0.18176414,0.39132798
rna|OR6C3,0.5747956,0.3607586,0.4416123,0.3515503,0.14685842,0.46732628,-0.46280488,0.5349508,0.23288445,-0.48702708,-0.14364037,-0.50642645,0.5635756,-0.062910825,0.124144025
rna|RNF43,0.5514784,0.66197723,0.3427817,0.069934554,0.20716147,0.102246195,-0.14696233,0.24821487,0.33376062,-0.14106253,-0.3525762,-0.5571316,0.21180286,0.05787743,0.23019628
rna|DNASE1,-0.5779369,0.2890951,0.27952978,-0.42549795,0.4070024,-0.19163403,0.20531413,-0.096800484,0.0027281316,0.41768485,-0.6073123,-0.2265745,-0.2762229,0.27412403,-0.4820896
rna|IL9R,0.69261837,0.43507713,0.38654557,0.14036542,0.012929871,0.20548074,-0.34750593,0.43928468,0.20078985,-0.08812952,-0.31351304,-0.4280011,0.49933362,-0.16120523,0.028287819
rna|PSG1,0.6828252,0.40616453,0.23463841,0.27313823,0.117652506,0.06737039,-0.38995475,0.5853691,0.2595803,-0.5758566,-0.27699688,-0.7091972,0.67015487,-0.09612411,-0.11223601
rna|ROR2,0.15835138,-0.29024246,-0.122931615,-0.46664175,-0.09778291,-0.47840124,0.19700941,-0.0811033,-0.1833352,0.84477663,-0.48743913,-0.025180763,0.15407558,-0.4248871,-0.5310235
rna|WASHC2A,0.042956028,-0.23991147,-0.041300718,-0.16216497,-0.013405549,-0.010385897,-0.018206468,-0.15152374,-0.32196826,-0.36430392,0.32711685,-0.08991809,0.19157092,-0.09301736,0.20650169
rna|MBD4,-0.25507694,0.41454363,0.123429604,-0.2618365,0.33907494,-0.1090707,0.15543693,-0.23407716,0.15982889,0.35432583,-0.3669471,-0.3433751,-0.35712272,0.24518715,-0.32600123
rna|STAP1,-0.28891668,-0.1026592,0.05555367,0.08051465,-0.20446666,-0.86364776,-0.39986503,0.56579703,0.37528265,0.16540903,0.1447402,0.24348857,-0.4201758,0.20685661,-1.0540093
rna|KIF1A,0.2259716,0.3431137,0.0122220805,-0.0813473,0.12473983,0.11574627,0.029035656,0.08694067,0.11233494,0.118837275,-0.24896342,-0.38758284,0.34938493,-0.07681614,0.14227493
rna|IGSF9,0.30075547,0.5408672,0.19133475,-0.093145326,-0.14376187,-0.07914272,0.043955386,-0.38988587,0.17863937,0.43122387,-0.31399003,-0.45051372,0.1935125,0.012037016,0.37646216
rna|CLDN1,0.3574766,0.50212437,0.19577195,-0.2703764,-0.5500774,-0.38511524,0.06624416,-0.105493866,0.15387446,0.638974,-0.26636994,-0.43474534,0.22848272,-0.14367613,0.33338717
rna|LYPD6B,-0.122238256,0.10866231,0.7318194,-0.3665087,-0.1128043,-0.27129745,-0.17606409,0.4180144,0.35699642,-0.07586863,-0.34266227,-0.20179665,0.18248147,-0.23198336,-0.113937154
rna|DMD,-0.025812563,-0.17365463,0.5445723,0.21322027,-0.3152808,-0.08302324,-0.09698541,-0.11301045,0.2610171,0.046203203,-0.25793207,-0.060559876,-0.17242943,-0.09651063,-0.25812966
rna|ASGR2,0.4755382,0.22309652,0.26451054,-0.14479943,0.30442962,0.35543495,0.18854696,0.06399677,-0.26104265,0.1701513,-0.040733725,-0.6576283,0.43941364,-0.35644746,0.909663
rna|DSG2,0.15748501,0.224909,0.055413052,-0.037333664,-0.105563305,0.040398482,0.04790379,0.046119165,-0.020726414,0.50609416,-0.21444468,-0.15054977,0.10468613,-0.07628319,-0.053351887
rna|PTGDS,-0.02305966,-0.19442376,-0.21022227,-0.5353878,0.5548018,-0.95206714,0.042838324,0.76289725,-0.0025114217,0.081666164,0.321362,-0.14298744,-0.08360285,0.42632782,-0.17178462
rna|CD28,0.2390368,0.34778252,-0.6800138,-0.62301433,0.81223536,-0.12485127,-0.025730617,0.6874267,-0.02221655,0.2815592,0.43018502,0.37258944,-0.55381924,0.4317776,0.54654527
rna|PHEX,0.05356412,0.22272441,-0.03137611,-0.1697605,0.40559247,0.02023008,0.13963804,-0.016518388,0.124566466,-0.19439994,0.07882309,-0.04494476,-0.105058566,0.16537987,0.13733903
rna|CLEC5A,0.59343594,-0.41119707,0.0368187,-0.26627696,-0.12898132,0.01517932,-0.08917751,0.20905215,-0.5495218,0.6849774,0.52011365,-0.31121367,0.613161,-0.2224204,-0.10340933
rna|MIR1324,0.76006854,0.1070672,0.28838766,0.2827535,0.10824108,0.16904238,-0.57925177,0.6319248,0.12608096,-0.5677708,-0.14640048,-0.70695084,0.587456,-0.09737079,-0.0075708763
rna|PRUNE2,0.25149462,0.37857124,-0.047521405,-0.16517955,-0.059045188,-0.03340046,-0.20677386,0.30753624,0.43644798,-0.047622062,-0.49784052,-0.039311156,0.19318998,-0.25673878,0.07504865
rna|CLEC12A,0.07955777,-0.15467243,-0.14671439,-0.8132935,0.56382686,-0.11454075,0.5022511,0.29235068,-0.700317,0.36797997,0.49859393,-0.56476104,0.085124426,0.5958045,-0.042993933
rna|DIO2,0.8469799,-0.049508724,0.27533373,-0.22575781,-0.6084684,0.07100548,-0.40078,-0.38886666,0.26667064,0.5240919,0.008656956,-0.17269905,0.6393424,-0.33278716,0.23593286
rna|PDE7B,0.38121977,0.7637346,-0.30271572,-0.5745564,0.3118689,-0.042265363,-0.09283029,0.36113486,0.19199239,0.22712737,-0.45308763,-0.21171342,0.040720996,0.050810605,0.3584334
rna|RASL11B,0.16216134,0.014388762,0.23797813,-0.51408,0.010676287,-0.15954056,0.1255312,0.23852007,0.020945186,0.2566344,-0.8890447,-0.10960045,0.006034989,-0.45210806,0.085934326
rna|KRT4,0.5418467,0.3442535,0.2680469,-0.038746335,-0.7004012,-0.024894439,-0.763228,-0.37944746,0.44466633,0.4904723,0.29342744,-0.42213112,0.55518615,0.24293494,0.2982192
rna|FCMR,0.22514303,0.20912175,-0.4393349,-0.08072202,0.30826616,-0.65603244,-0.28447375,0.23889896,0.01968735,-0.42761856,0.5642254,-0.1061146,-0.21524525,0.76315653,0.04168341
rna|CCL18,0.17957465,-0.52012354,-0.17589441,-0.15476854,0.19026944,0.56446993,0.5226843,-0.58831525,-0.1856189,0.28991538,0.35029438,0.1826094,0.19071467,0.15037107,0.3833406
rna|CSAG3,0.1392322,0.25580323,0.3951047,-0.17496778,0.43594128,0.28798643,-0.033393823,0.62100565,0.21444573,-0.05859118,-0.3103057,-0.043072805,-0.09265818,0.04083528,0.28970474
rna|SELENOP,0.39064837,0.108242705,-0.7122632,-0.46959433,-0.23802777,-1.0112777,-0.10743235,0.5907358,-0.013537698,-0.30196953,0.15762523,-0.20776907,-0.36173522,0.027475612,-0.21804291
rna|MYOM3,0.5795456,0.20270538,0.43155497,-0.16329832,-0.16922566,0.119222075,-0.15090634,-0.11419634,0.19130245,0.4390737,-0.4009032,-0.42119348,0.4219615,-0.095842116,-0.09527871
rna|PEG10,-0.2852881,-0.11524454,0.20739427,0.2797859,-0.16708653,0.009570539,-0.086062305,-0.284754,0.16383362,-0.38272682,-0.33037776,-0.061981983,-0.18392326,-0.03995208,-0.33885834
rna|CNNM1,0.4547239,0.42228734,0.44240645,0.14739265,0.0520227,0.3249021,-0.35685164,0.2593237,0.17767335,-0.044838727,-0.30982938,-0.25323245,0.32035708,-0.00912136,0.19831388
rna|ASB13,-0.09385902,-0.006809505,0.6130945,-0.26410294,0.040663235,-0.5634199,0.0770309,0.4111244,0.095153295,0.40449405,-0.6139784,0.056240443,-0.12220508,-0.50706524,-0.27003798
rna|OR51S1,0.5872366,0.3307768,0.5024498,0.38262644,0.14499739,0.42753097,-0.33390972,0.5606769,0.10585726,-0.20999049,-0.35284173,-0.37297162,0.39337376,-0.058798343,0.0320822
rna|CD300LD,0.6408372,0.2698522,0.4394169,0.4914152,0.18250956,0.39880106,-0.6194406,0.53804755,0.15665625,-0.31787908,-0.30573794,-0.4304338,0.46838045,-0.22879085,0.09030976
rna|C5ORF46,0.35670894,-0.4574027,0.3055175,-0.18529247,-0.22782622,0.054807223,-0.005321684,0.034565415,-0.21773575,0.6090865,-0.36145627,0.042144872,0.36699143,-0.70307636,-0.16829225
rna|CRABP2,0.54283464,0.18850347,0.14580196,-0.77797824,0.08015613,-0.34269774,0.017329749,-0.19819745,0.32925063,1.1248122,-0.5880289,-0.011476251,0.047926575,-0.035144508,-0.24437577
rna|DPPA3,0.6823497,0.40343225,0.37690103,0.18606828,0.1239912,0.40293428,-0.23397054,0.4697841,0.28298295,-0.531766,-0.1620357,-0.5108591,0.5485064,-0.10938473,-0.08873088
rna|TOX,-0.3196461,0.09364858,0.1894117,-0.40840006,0.29451156,-0.3090361,-0.032277834,0.5935933,0.093799986,0.41792879,-0.24865052,0.14484043,-0.53152645,0.14417917,-0.18466538
rna|SLC4A1,0.5741717,0.4350956,0.336296,0.5574691,0.13790905,0.4614599,-0.4968083,0.5440247,0.07461914,-0.21155886,-0.16448103,-0.41534215,0.42178363,-0.123959444,0.21899976
rna|AKR1C3,0.4565346,0.3269024,-0.65172935,-0.42064458,-0.2823389,-1.0138189,-0.038671263,0.3619923,0.04729756,0.67102927,-0.37635306,-0.39426255,-0.025539901,-0.016077539,-0.39679858
rna|H3C14,-0.28292486,-0.24761249,0.5655995,0.5740907,0.19344997,0.6113846,0.22106367,-0.621069,0.60077965,-0.06125246,-0.14534512,0.3386437,-0.01842529,-0.05485882,0.04190723
rna|TTC27,-0.22126651,0.46915507,-0.022522578,-0.49337578,0.6574564,-0.62416315,0.24944025,-0.05535009,-0.058862608,0.6072926,-0.46994203,-0.6043694,-0.24470241,0.5929005,-0.9199824
rna|JUP,-0.1748369,0.19423413,0.31736004,0.12505011,-0.389813,-0.021326084,-0.12940714,-0.18081713,0.65966356,0.5124449,-0.45353207,0.5502288,-0.03529871,-0.44735926,0.36216515
rna|STK11IP,-0.12243577,0.57788193,0.108089164,-0.6120818,0.61055183,-0.5028744,0.3503617,-0.21078554,0.09153336,0.5037193,-0.5611163,-0.399138,-0.18628617,0.54627585,-0.39120734
rna|REC114,0.60128963,0.39673105,0.33590022,0.08532893,0.110816404,0.2520383,-0.32893407,0.52387375,0.13424346,-0.3920129,-0.3388189,-0.5133004,0.49895924,-0.10912812,-0.034830324
rna|H2AB1,0.02397979,0.08210037,0.08669272,0.2276561,0.36280522,0.1890117,0.13325931,-0.43451583,0.19390047,-0.05777686,-0.08017329,0.0035564213,0.21764973,-0.024357015,0.1943725
rna|SNORC,0.13338743,0.4453327,0.1825121,0.034295235,0.1454255,0.24077375,0.26342732,-0.45505512,0.32098696,0.040053084,-0.1971146,-0.42537472,0.1346412,-0.0441115,0.31712928
rna|DYNC1I1,0.19724222,0.2934386,0.1891771,-0.0026003285,-0.024269272,0.23502712,0.07730596,0.27945438,0.4104414,-0.055495966,-0.38740316,-0.22884049,0.33144528,-0.328693,-0.1912764
rna|SALL1,0.5862481,0.29418895,0.27327228,0.5341951,0.13115068,-0.07455313,-0.49344403,0.5704541,-0.08667216,-0.35617244,-0.0070288535,-0.59455687,0.3973326,-0.1689003,0.1319563
rna|LINC00273,0.60003775,0.4413626,0.40603343,0.2842869,0.10575514,0.4497433,-0.5033322,0.54970825,0.103172004,-0.48578602,-0.13249436,-0.4339677,0.6267096,-0.069005825,0.08696658
rna|NEU4,0.4385861,0.30504492,0.05877222,-0.4533283,0.3281784,0.07479333,0.27125627,0.24981207,-0.24306868,0.2174324,0.18026063,-0.15393876,0.3576418,-0.14904319,0.64709973
rna|OR4K13,0.56917876,0.12860169,0.21415772,0.52697355,0.020443916,0.46232638,-0.6508794,0.64763504,0.1537453,-0.44053045,0.010937405,-0.47322634,0.48717624,-0.13151568,0.06447594
rna|AP3B2,0.49715245,0.13242745,0.40642,0.46323806,0.061747376,0.59016484,-0.4314281,0.3995669,0.09479311,-0.4218273,-0.09406942,-0.17005925,0.45996445,-0.2299075,0.39195377
rna|C15ORF48,0.11274085,-0.5090036,-0.09130826,-0.18690297,-0.10299224,0.08155812,-0.09988715,-0.015071804,-0.53759724,0.73416275,0.51811737,0.007831589,0.76128805,-0.04214735,-0.1132932
rna|CCR4,0.1722228,0.08414456,-0.35837707,-0.13516772,0.25530463,-0.4502555,-0.23043492,0.41315922,0.23089412,0.21052484,-0.21538004,0.44569886,-0.2828103,0.100505546,0.4504751
rna|SEPTIN7,-0.22442956,-0.43085888,-0.38789743,-0.23906855,-0.31748793,-1.0003129,-0.18896548,0.26665124,-0.48216182,-0.21067882,0.7461039,-0.20786397,-0.28404126,0.49845588,-0.9865324
rna|OR4D9,0.5604656,0.26897496,0.37217176,0.25791976,0.031093126,0.30690253,-0.4856203,0.45081675,0.3141045,-0.28235674,-0.3092199,-0.58881086,0.6737795,-0.08274024,0.16385767
rna|ARNT2,0.10625588,0.35459086,-0.15304098,-0.025638666,0.57847846,0.4657236,0.1702418,-0.38827702,-0.18683073,0.42120102,-0.33394772,-0.03749145,0.0045453385,0.3594696,0.26587796
rna|SFRP5,0.5223823,0.19870111,0.3485402,0.4154354,0.24110052,0.15313216,-0.4547006,0.37822035,0.15200104,-0.10884539,-0.23568864,-0.5267911,0.48304865,-0.11765016,0.13234577
rna|CARNS1,0.098787665,0.5325419,-0.031288587,-0.25431556,0.1886181,-0.41945553,-0.37395653,0.3555263,-0.095020674,0.017546894,0.03846468,-0.2629772,-0.33892432,0.7566162,-0.087151535
rna|DNMBP,-0.19632986,0.2952737,0.42266634,0.12760541,-0.07126354,0.49464497,0.11806312,-0.7333119,0.19047096,0.103754915,-0.35429975,-0.029883787,-0.04101311,0.048017874,-0.0009924688
rna|OCA2,-0.15750287,0.29095766,-0.4013651,0.04636555,-0.069706105,-0.12798391,-0.3676261,0.24902393,0.404935,-0.6334526,0.11971331,-0.0021720484,-0.16851735,0.45066598,0.45348072
rna|PDZK1IP1,0.74998814,0.3854992,0.14566483,0.21530975,-0.5806054,-0.010404561,-0.580502,-0.09462091,0.41262728,0.35615677,0.17058018,-0.36253652,0.5980777,-0.018377755,0.4291112
rna|CD300LG,0.22567625,0.15702991,-0.69578046,-0.29691002,-0.20504963,-0.5214936,0.16584484,0.356055,0.095027514,-0.3145161,-0.30180576,-0.15325344,-0.24286845,-0.0013501382,-0.03842213
rna|LGR5,0.5495147,0.44085276,0.34846073,0.29812628,0.055260465,0.3272797,-0.31585044,0.44874573,0.42248765,-0.2719119,-0.40746933,-0.3764492,0.47250026,-0.0021593703,0.2167947
rna|LOX,0.48998514,-0.51120144,-0.17014387,-0.42416337,-0.2774055,-0.51058024,0.20519924,0.002364754,-0.21655492,0.71848977,-0.4215179,0.20635383,0.16658002,-0.5780208,-0.5892011
rna|FAM110B,0.303352,0.45234993,0.035846964,-0.6428667,0.40787134,-0.28824428,0.37187257,0.011246964,0.07728692,0.84621835,-0.76544625,-0.361666,0.26237205,-0.025762001,-0.042596724
rna|ARMCX2,-0.23259659,-0.4376006,-0.31246024,-0.02180277,-0.2988805,-0.6175759,-0.1695689,0.09614398,-0.21262148,0.12183856,0.2572064,0.08063385,-0.234512,0.045877513,-0.60547787
rna|FMO1,0.1677166,-0.2219402,0.188651,-0.39456323,-0.04572485,-0.44405776,0.1324954,-0.25908124,0.005705557,0.8595247,-0.4875188,-0.076867625,0.26568994,-0.26974434,-0.5068767
rna|CXCL14,0.30645958,0.34211424,-0.72004914,-0.21020053,-0.33989507,-0.7327671,-0.52225727,0.5715407,0.40649557,0.030312998,-0.049534034,0.30322373,-0.38300246,0.17842315,0.42962298
rna|ANGPT4,0.6700029,0.3506547,0.40232995,0.11147995,0.18073113,0.4116319,-0.1398019,0.38334852,0.34498978,-0.3342819,-0.4323478,-0.3212434,0.42786345,-0.17038323,0.14841281
rna|SIGLEC12,0.20585772,-0.015224575,-0.14599562,-0.11835205,0.10355737,0.26772973,-0.17494212,0.21590036,-0.2729719,-0.045671873,0.13606805,0.076265514,0.048199937,-0.08394375,0.36027834
rna|OSM,0.20731129,-0.18188581,0.029927319,-0.4543186,-0.09371019,0.14942518,0.027831629,-0.23984544,-0.61347705,0.7645801,-0.09325313,-0.07795286,0.5641493,-0.1267951,-0.22139008
rna|SLC30A4,0.14304633,0.23867731,0.3309475,-0.5306347,-0.07963193,-0.19941679,-0.44521257,0.40065292,0.18402833,-0.009231192,-0.28306764,-0.17361528,-0.103699595,-0.32036862,0.25436974
rna|INSM2,0.18769397,0.3092647,0.19373979,-0.10250203,0.14347419,0.17179531,0.060422406,-0.025851822,0.41907448,-0.05227387,-0.52346796,-0.2729799,-0.1174278,-0.077809885,-0.19642118
rna|MYH11,0.2975628,0.4695926,0.07468311,-0.70570695,0.15686087,-0.32263047,0.08850287,0.49483466,0.4026746,0.15358177,-0.76429695,-0.21514997,-0.16115326,-0.17465572,0.30988166
rna|CST2,0.5479278,0.30861586,0.4116866,0.52887523,0.07204696,0.24630934,-0.39660186,0.5246212,0.2176227,-0.18716857,-0.47916675,-0.37731162,0.5998072,-0.21825746,0.0041661337
rna|GPAT2,0.07130472,-0.15623169,0.3918294,-0.048279192,0.2517093,0.12550737,0.19121619,-0.1824181,-0.079086974,0.26578185,-0.18440492,0.14400227,-0.12988327,0.117109135,0.49955362
rna|PDE4C,0.21100271,0.059520584,0.45638016,-0.32474864,0.15131426,0.12651502,0.14938955,0.21693577,-0.25686306,0.31030622,-0.27248916,-0.43696553,0.24071117,-0.36824498,-0.03160851
rna|CAPN13,0.33742678,0.3574946,0.38501,-0.042528167,-0.06729931,0.026133917,-0.2883777,0.16253817,0.31157252,0.29959187,-0.18727268,-0.3804082,0.22248079,-0.026836568,0.035151485
rna|HCN2,0.21561222,0.4499708,0.3460186,0.71505153,0.115341626,0.7453424,-0.28738186,0.13593005,0.2786765,0.009320506,-0.20630582,0.117228836,0.20558369,-0.011096245,0.39256865
rna|MIR567,0.15825225,-0.23004974,0.29468414,0.22943172,-0.43528688,-0.12076437,-0.3982694,-0.18139756,-0.039720602,-0.18854204,0.15643683,-0.70735115,0.14744021,0.3125338,-0.3170011
rna|HBQ1,0.522412,0.60568506,0.019885758,-0.05365728,0.2595807,0.5404813,-0.054884233,0.33266446,0.093710124,-0.07871034,-0.2756049,-0.22868554,0.28022638,0.08343606,0.5651734
rna|TNNI2,0.19601454,0.3147873,-0.0069683366,-0.48771134,0.05112456,-0.35712007,-0.17173898,0.052571077,0.057510946,0.53402495,0.11381481,-0.39656645,0.11193572,0.4167899,-0.09072424
rna|PRR5L,0.24497557,0.36439762,-0.39973736,-0.6090074,0.6310549,-0.23634791,0.318146,0.67120504,-0.17602004,0.7579962,-0.033484843,0.06554986,-0.4292868,0.3598888,-0.212433
rna|MIR874,0.3675853,0.31361485,0.38952085,0.03307093,0.054441106,0.33971336,-0.19217755,0.08490319,0.31200635,-0.2603533,-0.41864425,-0.1956918,0.3094895,-0.14531085,0.45868343
rna|CKB,-0.31609377,0.24976872,0.3313171,-0.041251864,0.02631376,-0.0028673846,0.15954407,-0.36378148,0.29307917,0.35809317,-0.47171482,-0.27567777,0.14924921,0.11844576,-0.32931086
rna|TDRD12,0.27360874,0.26042625,0.27559927,0.16128822,0.045095816,0.25283557,-0.3916159,0.3511334,0.112481594,-0.07152571,-0.50267434,-0.32648003,0.24604611,0.07478504,0.27586138
rna|SSTR5,0.70814115,0.21663316,0.34679133,0.56752425,-0.038513903,0.31376308,-0.34865856,0.5447782,-0.015611264,-0.41042218,-0.15850353,-0.35814992,0.4071789,-0.12199306,-0.0030117296
rna|BLK,-0.3015888,0.018878052,0.09851488,0.5482269,-0.4529365,-0.57377297,-0.2475856,-0.06538902,0.5143245,-0.053679246,-0.28400356,0.2816611,-0.11501635,0.31857672,-0.6631858
rna|EFNA5,0.28173748,0.12138353,0.2215839,-0.24931687,-0.22347331,0.13553198,-0.3345832,0.1887163,0.4679321,0.08808399,-0.3278228,0.06558105,0.1852361,-0.36543936,0.47850132
rna|CITED4,0.41285217,0.4977877,-0.38844642,0.7670397,-0.13272916,0.4600277,-0.43538842,0.43836448,0.27106082,-0.087216586,0.14395794,0.27141666,0.21204755,-0.16213349,0.75502926
rna|SRRM4,0.6230227,0.24712878,0.60707086,0.30798858,0.07646352,0.32306534,-0.3453153,0.47411916,0.17332968,-0.39508614,-0.33671352,-0.50060236,0.51208407,-0.094188936,0.14543504
rna|GFRA3,0.5287202,0.21468283,0.408556,0.36481133,0.0067684622,0.26979378,-0.07281956,0.16422682,0.10315204,-0.2925027,-0.16195042,-0.47455624,0.3278871,-0.04389852,0.020752652
rna|JAKMIP3,0.6674245,0.33556882,0.38470837,0.20321238,0.1177686,0.20185612,-0.14923772,0.30040416,0.120684266,-0.44821858,-0.19457854,-0.3278168,0.32002297,-0.06872756,0.009857483
rna|MYH3,-0.052909818,0.6910633,-0.16099915,-0.63360757,0.7797763,-0.47050726,0.32097864,-0.0612627,0.019430524,0.54085886,-0.41361874,-0.51616216,-0.36050427,0.50031096,-0.21864453
rna|FGF21,0.6995865,0.3270601,0.4184208,0.35084823,0.23864837,0.12869886,-0.232839,0.40157682,0.10538063,-0.4255993,-0.031212956,-0.5400544,0.5863244,-0.28136882,0.19103946
rna|ARHGEF5,0.23897684,0.40315714,0.135687,-0.29935408,0.34401223,0.01606117,0.050459605,0.124200985,0.31004435,0.07034066,-0.26048645,-0.2089653,0.23750232,0.06864941,0.43385622
rna|KIAA1217,0.18992068,0.054464575,0.1734273,-0.2851184,-0.21776731,-0.1737621,0.11804651,-0.3411417,0.013365202,0.6572013,-0.80003875,-0.19699356,0.03458433,-0.3051832,-0.09602994
rna|HES6,-0.17748441,0.21254474,-0.3894636,-0.28177708,0.37611482,-0.46652448,0.2354409,0.110830516,0.10111705,0.32916325,-0.06288566,-0.28075692,-0.14769068,0.44392306,-0.83908516
rna|GATA4,-0.016173566,0.28822613,0.085723236,0.34624806,0.15698995,-0.46483102,-0.035662048,0.14987233,-0.19277544,-0.088901825,-0.16984662,-0.09034518,-0.11916921,-0.055826865,-0.22827367
rna|MAGEA1,0.1984039,-0.19835193,0.14626221,-0.039376337,0.031449087,0.27147374,0.07059165,-0.33090997,-0.1948182,-0.2645791,0.0024447134,-0.13640247,0.011757567,-0.17919037,-0.037096903
rna|C17ORF50,0.47483823,0.42171645,0.3256676,0.3654424,0.23356965,0.41371885,-0.3448591,0.27994752,0.42079532,-0.45163366,-0.40784895,-0.38602212,0.46894786,-0.13534325,0.14960726
rna|PFN1P2,0.6221809,0.50284135,0.49574345,0.10561091,0.34216747,0.062401615,-0.23038068,0.52600914,0.20493558,-0.19480136,-0.3531136,-0.6002376,0.53179103,-0.078534484,-0.09101532
rna|ENDOV,0.2142,0.72501874,-0.064004526,-0.41294587,0.52217644,-0.28750893,-0.0028963287,0.14030114,0.29745397,0.41066033,-0.5528254,-0.47862306,0.18382318,0.16678676,0.08310904
rna|ADGRV1,0.65089107,0.4112169,0.35330844,0.26628798,-0.11877842,0.1155658,-0.25768435,0.29014105,0.17589024,-0.28431633,-0.23673652,-0.70107347,0.5602494,-0.3650078,0.19355462
rna|SBSPON,0.20835231,0.48585024,-0.5738292,-0.45907104,0.084138,-0.28361335,-0.014450093,0.25245538,0.4069141,-0.029793717,-0.39240512,-0.15123066,-0.16973656,0.06585119,0.29989037
rna|SDS,0.2512556,0.031449832,-0.21468514,-0.38729465,0.20527948,0.04051306,0.5950126,-0.009687372,-0.47767523,0.68618184,0.048424564,-0.11206931,0.22858968,-0.23052979,-0.35216722
rna|IDO1,0.24302189,-0.5320166,0.027678672,-0.5539012,0.6373998,0.41454226,0.36186716,0.3241244,-0.46316493,0.53980386,0.73893166,0.18116175,0.093522035,0.24505547,0.5896651
rna|PSMB11,0.46903217,0.27812782,0.41090602,0.3441408,0.24140555,0.38923934,-0.52298415,0.49414867,0.30243632,-0.35137442,-0.37221855,-0.5237576,0.48735,-0.123048455,0.049815815
rna|PAX5,-0.3647353,0.0012628145,0.6779627,0.66063154,-0.025103085,0.09847651,0.06331155,-0.29070663,0.9395128,0.15526046,-0.62603307,0.40686157,-0.16907962,-0.13140312,-0.025439875
rna|TMEM145,-0.019896671,-0.28649157,0.09015999,0.23826396,0.015365954,0.24602771,0.13035038,-0.31121948,-0.0419082,-0.06265183,0.5400897,-0.1960645,0.09912505,0.07394326,-0.38056704
rna|SERPINB5,0.52549756,0.3857854,0.112686135,-0.10507909,-0.76349354,0.04361183,-0.53233105,-0.7200494,0.7527752,0.58975875,0.22948332,-0.24848445,0.4304693,0.20030431,0.4098412
rna|KLK8,0.7956703,0.45733806,0.37401888,0.045584686,-0.24950081,0.037506297,-0.42287862,0.0054053594,0.56096226,0.05857971,0.10339377,-0.4532969,0.55327064,-0.06602035,0.3019786
rna|MAL,0.3790361,0.23104051,-0.3189094,-0.55075717,0.1922608,-0.35658783,-0.55032194,0.462991,0.45922196,0.1880506,0.51478744,0.083452046,-0.2772941,0.36559927,0.64890355
rna|MYH6,0.40912297,-0.011287134,0.08099481,-0.15562955,0.002027097,-0.26187488,-0.044429507,0.14406109,-0.023503132,0.14901195,0.4705071,-0.094622366,0.018675223,0.10721376,0.12607758
rna|MGAT3,-0.44625136,-0.16105402,0.40944162,0.46734002,-0.18579593,0.4375882,-0.13896695,-0.23874608,0.560591,-0.20646861,-0.50339705,0.31335855,0.11263543,-0.2650788,0.16958898
rna|SLC1A3,0.14055258,-0.32016888,-0.21253324,-0.5731115,0.6205643,-0.5008487,0.51988584,0.19749892,-0.36849925,0.7604041,0.2057662,-0.20142949,0.16204649,0.2722136,-0.55904764
rna|TMEM102,0.2930808,0.044562045,0.19580543,0.6555538,-0.25897318,0.5753669,-0.35356918,0.4098811,0.20811498,-0.4856356,0.13033873,0.18394083,0.30869555,-0.21375227,0.34604457
rna|TKTL1,0.1869412,0.23366669,-0.22819851,-0.41945127,0.04313207,0.14213581,-0.0890366,0.08024527,-0.288081,-0.08314982,0.15819098,-0.29304597,0.01625043,0.3571852,-0.063865766
rna|SLC47A1,0.27226758,0.35271373,-0.2353427,-0.43922827,0.4539748,-0.067374736,0.38234457,0.14373565,-0.16166508,0.34902143,0.17142351,-0.3058992,0.19702047,0.124622144,0.13428101
rna|RUFY4,0.46814492,0.3848375,0.13965555,-0.18283178,0.6789008,0.3397466,-0.041108884,0.44322905,0.060057078,0.13245784,-0.050859157,-0.42818633,0.034950968,0.3041903,0.31912246
rna|HDHD5-AS1,0.2660328,0.53858906,-0.022699213,-0.18292522,0.49986583,-0.2953437,0.14679511,0.2955123,0.19453104,0.24891047,-0.30078265,-0.29484117,-0.10972442,0.31793565,-0.1639954
rna|ITGA10,0.0704931,0.681362,0.022958413,-0.36730805,0.8216526,-0.27357754,0.271244,0.021731589,0.35330915,0.55466783,-0.82568747,-0.4769329,-0.11627373,0.29725266,-0.3972359
rna|WHRN,0.072405845,-0.104466654,0.5715229,-0.2770717,0.24805541,0.3203077,-0.061530363,-0.25556692,-0.24871594,0.11159906,0.16783634,-0.14562833,-0.15074319,0.19957493,0.6014929
rna|CRCT1,0.46596447,0.24114962,0.1675687,-0.048417598,-0.9852991,0.06918708,-0.66176474,-0.54689884,0.56577224,0.5662253,0.49480107,-0.23189008,0.3545814,0.25118017,0.5332625
rna|NSG1,0.4899848,0.43801492,0.22878683,-0.3567722,-0.025632272,0.043543003,-0.18077552,0.10028438,0.51961786,-0.08483743,-0.2509851,-0.18817122,0.07362149,0.07671466,0.31870258
rna|EBI3,-0.2226783,-0.20142463,0.26553333,-0.025755255,0.24391733,0.11692931,0.16546583,-0.13241537,-0.15269388,0.10893493,-0.070302956,0.274123,0.051746484,-0.050278317,0.27896702
rna|THBD,0.2987744,0.45476097,-0.20717926,-0.6324436,0.28409168,-0.25910103,0.02364784,0.09588161,0.045561705,0.3973253,-0.64261436,-0.24498771,0.14997198,0.11045715,0.20626932
rna|PHLPP1,-0.23176625,0.25862032,0.50833225,-0.14358404,0.16888188,-0.06230994,0.035139993,0.08856918,0.31815636,0.38903555,-0.4051309,-0.1215612,-0.16015716,-0.14628656,-0.2904969
rna|NEUROG2,-0.00078205846,0.20472063,0.49941233,-0.15608698,-0.07607843,-0.075312264,-0.09459752,0.018490987,0.12853171,0.14215155,-0.37548682,-0.36162454,0.2219734,-0.031047113,-0.464568
rna|HEY2,0.20664732,0.43305135,-0.30642447,-0.26945624,0.11780085,-0.13925153,0.26832363,-0.09040129,-0.057783302,0.47564462,-0.3511819,-0.28239202,-0.029696682,-0.18539752,-0.41161373
rna|PACSIN3,0.3636654,0.5324725,0.25933573,-0.3307141,-0.027153615,0.147672,0.31569073,-0.30572844,0.34002954,0.38557848,-0.34580654,-0.45220533,0.2589168,-0.21949,0.3058383
rna|TMOD1,0.05554059,0.43377468,-0.0006880528,-0.55265886,0.4748822,-0.28042933,0.18369003,0.37293285,-0.12732671,0.62968814,-0.281277,-0.14019667,-0.17171971,-0.05977794,0.055637136
rna|NGEF,0.3527006,0.40159404,0.31274042,0.019297794,-0.30953914,-0.020425031,0.10044711,-0.1479321,0.055255964,0.25729838,-0.31455806,-0.45716846,0.16668971,-0.12877996,0.12824196
rna|AIRE,0.257373,0.28038836,0.028118048,-0.31231016,0.12659596,0.15268527,-0.4028019,0.7257854,0.2019096,-0.38557178,0.25311598,-0.25388366,0.11830822,0.22035453,0.24510056
rna|MTTP,0.39167657,-0.11434419,0.0069274963,0.068763874,-0.18306692,-0.5462338,-0.388729,0.6683068,-0.4240017,-0.6940124,0.65497744,-0.9017839,0.44476604,-0.050997566,0.038445905
rna|MIR9-1HG,-0.057536226,0.020479161,0.55097055,-0.3584925,0.13268842,-0.3343663,-0.23281188,0.422587,0.12183021,0.3373312,0.10790485,-0.19258742,0.043840945,0.17688185,-0.26795194
rna|CENPF,-0.42918912,0.21408004,0.08453697,0.013086073,0.29240382,0.04788934,0.4907414,-0.37886056,0.4348875,0.38588881,-0.3431858,0.013166639,-0.08641101,0.24435225,-1.0673963
rna|FAM171B,0.0011300255,0.38905975,0.29714492,-0.25902602,0.20380537,-0.016529866,0.22826031,0.111672826,0.44067743,0.17309964,-0.685259,-0.27188426,0.25520325,0.007840547,-0.1839859
rna|EEF1A1P9,-0.30887958,-0.4029039,-0.23533963,-0.13665496,-0.21198532,-0.7521774,0.12986621,-0.12347994,-0.43535516,-0.037158374,0.34965497,-0.15960465,-0.24403448,0.46987775,-0.7471955
rna|NPHS1,0.1700392,0.3704055,-0.059188727,0.26621374,0.14104377,0.049463816,-0.375411,0.5895,0.3985226,-0.4484252,-0.2671099,-0.047975056,-0.031106548,0.11774114,0.22131829
rna|CPA6,0.03217605,0.0051567173,0.42538923,-0.11300755,0.06384206,-0.096347146,-0.25246507,0.26354495,0.19425477,0.05860619,-0.28334993,-0.23899186,0.25185007,-0.2811144,-0.31905034
rna|UNC5D,0.6000683,0.2903027,0.44379354,0.5415389,0.09760355,0.37583536,-0.45194075,0.45253572,0.087861665,-0.3371419,-0.2225899,-0.5511937,0.4995081,-0.08915967,0.17828977
rna|CLEC10A,0.17606167,0.1480527,-0.15526895,-0.5348029,0.55124086,0.018130256,0.4307376,0.4489415,-0.32404727,0.31211117,0.059835993,-0.2991569,-0.14441514,0.35837746,0.2693555
rna|WNT7A,0.53838015,0.29307958,0.3847022,0.3410815,-0.007779047,0.42028028,-0.5355569,0.47822753,0.23024127,-0.38291967,-0.06873722,-0.17775925,0.32961422,-0.050924167,0.18725646
rna|MPP7,-0.26873195,0.34529853,-0.1932614,-0.2020183,0.33486807,-0.163484,0.0068476307,-0.19885974,0.4259626,0.64103234,-0.38705882,0.25493112,-0.14019419,0.16461512,0.036952052
rna|GRHL2,0.67586523,0.38147688,0.42546037,0.017865404,-0.3582998,-0.079126775,-0.48468423,-0.010848742,0.4757862,0.08177905,-0.023433628,-0.5742448,0.47928816,0.058334477,0.27562943
rna|CACNG5,0.2352423,0.4133674,0.29537764,0.48228693,0.12443726,0.19740373,-0.6198808,0.6196455,0.41916642,-0.35332787,-0.4628502,-0.17315327,0.219472,-0.11155395,0.0018644275
rna|SLC22A17,0.33691624,0.7358838,-0.3585959,-0.9504698,0.5039364,-0.4597224,0.14952952,0.24307588,0.19045773,0.612357,-0.698483,-0.0024930632,-0.26006612,-0.0055191256,0.08771887
rna|C19ORF18,0.10165462,0.70750284,0.113975696,-0.20839645,0.3267466,-0.35080862,0.0051959204,-0.0760802,0.41822177,0.41635138,-0.5998592,-0.052754868,-0.107240036,-0.017381754,0.15370254
rna|KIR2DS5,0.5816194,0.13458832,0.20635086,0.1798824,0.17087305,0.34348282,-0.4343113,0.4991994,0.03434965,-0.44245207,0.0671692,-0.5059351,0.5220309,0.10874064,0.23914933
rna|PDCD1LG2,-0.18664736,-0.36181664,-0.05859015,-0.20240578,0.6886528,0.26893854,0.40865812,-0.11297046,-0.17015797,0.84690213,-0.049545474,0.48274806,-0.14183044,-0.023655519,0.3679696
rna|OR56B4,0.5626653,0.15410772,0.30899745,0.46187365,0.040089086,0.35425517,-0.44724792,0.55971736,0.095968,-0.40943208,-0.106070384,-0.3649271,0.48723382,-0.049241547,0.2700289
rna|PGK1,-0.2994296,-0.46640858,-0.40058598,-0.20630862,-0.20406109,-0.7985695,-0.023574457,0.19437039,-0.62317747,0.26983273,0.6097596,-0.20197509,-0.0998003,0.54457986,-1.1040312
rna|FAM83D,-0.60015774,0.015437623,-0.11834842,0.42967808,0.116461575,0.1649664,0.38205692,-0.35919648,0.37334135,0.36488062,-0.113469765,0.49906626,-0.1139435,0.09914691,-0.6814234
rna|EBF1,-0.3890144,-0.008997843,0.1742316,-0.1981715,-0.250832,-0.73088294,-0.12364381,0.29913205,0.14354226,0.41062224,-0.5132078,0.078740045,-0.2371943,0.05690927,-0.880184
rna|FAM167A,-0.21056801,0.08016681,0.0094618825,-0.16169015,0.06583129,-0.47987184,-0.055212844,0.14287025,0.23196842,0.20945571,-0.2886574,-0.0024908518,-0.031188212,0.13331762,-0.694232
rna|VCY,0.8383905,0.18539414,0.3779393,0.15966144,0.259874,0.29723716,-0.22787535,0.32997197,0.18726611,-0.5267584,-0.10116102,-0.34696782,0.38006595,-0.17896348,0.051224254
rna|GPER1,-0.107674435,0.25058642,0.4043977,0.121685766,0.050699607,0.22403666,0.23311988,-0.15517703,0.029299969,0.108740285,-0.30266064,-0.07322461,0.08552182,-0.2568798,-0.049633212
rna|KRTAP5-10,0.5025082,0.19733976,0.3993958,0.42954463,0.18468304,0.43660367,-0.5307009,0.46483216,0.20659105,-0.46191287,-0.221924,-0.34676465,0.4059528,-0.10036631,0.23044418
rna|PRSS27,0.2646279,0.6608435,-0.08806709,0.0014416368,-0.16632088,0.061299242,-0.48238024,-0.2324217,0.50591457,0.83574206,0.006329823,-0.08778625,0.22265767,0.37624082,0.14439711
rna|MIR1289-2,0.63404787,0.4874882,0.5182929,0.13242851,0.1432965,0.34820443,-0.33837664,0.3430048,0.26001358,-0.26932502,-0.37014115,-0.5110531,0.5598728,-0.020077147,0.013798341
rna|FOXQ1,0.5488212,0.29804105,-0.043942124,0.00012630706,-0.6512056,-0.113418765,-0.46826732,-0.22936665,0.38909692,0.30267122,0.008351582,-0.50599515,0.46779266,0.026817545,0.5285663
rna|SLC25A3P1,0.5690808,0.45321628,0.5136724,0.20950478,0.09340251,0.2882532,-0.41309616,0.5850089,0.13115259,-0.40591592,-0.19575463,-0.5407779,0.6153706,-0.13621765,0.037792217
rna|XIRP2,0.5010109,0.17548892,0.48922026,0.24929218,-0.26535472,0.06946327,-0.31177402,0.14446096,0.28078282,0.16509902,-0.13603073,-0.16142291,0.5575249,-0.17471227,0.15922794
rna|CDA,0.60393447,0.36196053,0.085192196,-0.007331619,0.28449512,0.45611793,-0.02470753,0.32387522,-0.28707272,0.6006589,0.30343044,-0.25101092,0.64754945,-0.0994119,0.3841418
rna|METTL7B,0.089632586,0.25799558,0.017475978,0.11056231,0.34290558,0.25519863,0.25657526,-0.048139475,-0.5451473,-0.21898039,0.057346683,-0.56214356,0.29880264,0.21555553,0.113487184
rna|TCEAL2,-0.06438531,0.71974236,-0.40122157,-0.34903517,0.058958367,-0.4350129,-0.12868257,0.10719802,0.47759914,0.22512752,-0.3749466,0.08766626,-0.0065441453,0.112324744,0.27110887
rna|GHSR,0.6117083,0.27996314,0.47034442,0.5838936,0.12263535,0.42667153,-0.61904883,0.54307777,0.16346234,-0.48410615,-0.15586777,-0.42077178,0.5435026,-0.14927432,0.21043277
rna|BYSL,-0.28846958,0.47918963,0.27714938,-0.032962747,0.58177036,-0.0062522884,0.41971663,-0.37111887,0.30118874,0.4778363,-0.64934224,-0.49480203,-0.11038563,0.43046486,-0.7603119
rna|PPP1R14C,0.20536461,0.11840709,0.20577857,-0.0013105193,-0.1713364,0.06916191,-0.1984902,-0.094501115,0.4546308,0.24615277,-0.34564927,-0.11815452,0.43971244,-0.055114683,0.13972484
rna|TRIL,0.34788626,0.06080517,-0.009764126,-0.6996159,-0.0011438568,-0.30368948,0.20403333,0.36986437,-0.06412495,0.39868462,-0.67794794,-0.07884317,0.07211817,-0.23564465,-0.2669158
rna|LRRN4CL,0.37162688,0.2994197,0.19224642,-0.18558964,-0.15514222,0.29348394,-0.016412765,-0.08198237,0.540015,0.30820715,-0.84997874,0.13310122,0.1365648,-0.2715565,0.38455698
rna|LOC402110,0.6663006,0.076277204,0.24391569,0.20454358,-0.023795728,-0.07553763,-0.48020226,0.42270312,-0.04877724,-0.6859014,0.05240697,-0.8113807,0.6583656,-0.09047728,-0.25541514
rna|PLEKHA5,0.17264868,0.05239276,-0.37509668,-0.59115285,-0.06831811,-0.99973917,0.10121089,0.13970222,-0.25265715,0.5879807,-0.18578227,-0.38631064,-0.0017874158,0.0015193297,-0.6794287
rna|C3ORF20,-0.018688923,-0.19298775,0.6569327,0.15113105,0.0030282917,0.21322644,-0.09453688,0.40047437,0.13110384,-0.09905567,0.013758281,-0.07827737,0.2068032,-0.1498062,-0.36159036
rna|NOXA1,0.42213488,0.7501099,0.18681721,-0.41376874,0.25463924,0.07138149,-0.072910435,0.40110672,0.10750339,0.55928797,-0.3726674,-0.35020712,0.21071115,-0.080521286,0.13888644
rna|CDKN2A,-0.47404006,-0.15021892,-0.13277246,0.24792874,-0.1667275,-0.02952868,0.22804716,-0.335829,0.026227832,-0.10380981,-0.07895527,0.35120517,-0.07158624,-0.07107122,-0.49210173
rna|CHST13,0.38969916,0.047180895,-0.1917273,-0.4607865,0.1710212,0.19132462,0.3401807,-0.014696988,-0.18048231,0.29036352,-0.09392245,-0.5111322,0.40679106,-0.38522154,0.2663933
rna|TSPAN10,-0.33944345,0.15203634,-0.46898633,0.04408674,0.26272675,-0.3368689,0.29069793,0.43092796,0.36377645,-0.36227217,0.12896833,0.041097164,-0.18121934,0.29622573,-0.4317492
rna|CCL14,0.36980253,0.09722973,-0.8440069,-0.53220135,-0.15347916,-0.48502794,-0.06628377,0.40385494,-0.17501086,-0.47711012,0.033149894,-0.36303946,-0.36583206,0.123548836,0.5786104
rna|CCDC80,0.5872848,-0.21960595,0.13759547,-0.36752793,-0.2662415,-0.23535082,0.03516092,0.007777586,0.23286591,0.6793689,-0.91021264,0.42499653,0.25693542,-0.80386674,0.26555267
rna|BOC,0.4336999,0.17866655,0.058724206,-0.44485635,0.1382011,0.16320352,0.09421153,-0.31039736,0.48339006,0.29850027,-0.69478065,-0.056295015,0.3096633,-0.28252324,0.5859189
rna|LINC01554,0.427673,0.48817226,0.17609125,-0.10152216,0.08585009,-0.06251705,0.064115934,0.21990603,-0.11139201,0.15289731,-0.3581563,-0.6504285,0.40834537,-0.16348599,0.19117075
rna|IL1A,0.09408088,-0.071304105,0.04822953,0.03647925,-0.4478811,-0.024047699,-0.5098949,-0.15709591,-0.039374962,0.5778073,0.030253706,-0.06749568,0.15122819,0.102638885,0.042500965
rna|BRDT,0.5154644,0.32450718,0.48475623,0.28823543,0.2121618,0.36525884,-0.37286362,0.37199974,0.13185991,-0.35966933,-0.11822183,-0.2926817,0.5343717,-0.089189745,0.13469423
rna|TRPV6,0.5162966,0.412838,0.3036457,-0.16377679,0.04352913,0.035628058,0.011435592,0.074849986,0.1260676,0.26286754,-0.08436679,-0.5900304,0.4640218,0.11484738,0.19684285
rna|SERTAD4-AS1,0.20805517,-0.06102547,0.33789718,-0.421551,-0.33287743,-0.27557757,-0.07727033,0.03176173,0.18265782,0.2055911,-0.3891732,-0.050611164,0.036743153,-0.36379927,-0.15279216
rna|BCL11B,0.31439355,0.054343514,-0.29130846,-0.1265827,0.40338153,0.34376574,-0.27730158,0.7090005,0.14637826,0.078462325,0.44306487,0.73933077,-0.42561287,-0.03272449,1.1588849
rna|FNDC1,0.15398487,-0.36806536,0.0062887385,-0.4070666,-0.12093354,-0.6278113,-0.096364684,0.28478014,0.070269726,0.5753444,-0.732676,0.5047727,-0.06892533,-0.5340192,-0.46047178
rna|OR2J3,0.56490624,0.3825462,0.4491444,0.13111438,0.14194779,0.29650927,-0.35558534,0.38118264,0.26422232,-0.3417838,-0.30252612,-0.6393266,0.4774258,-0.18181534,-0.088143736
rna|KCNJ8,0.13771294,0.4095493,-0.09874296,-0.48982522,0.43243635,-0.43349975,0.42144915,-0.11213301,-0.118216395,0.45543966,-0.91524255,-0.5089453,0.16723134,-0.08857055,-0.5785052
rna|COL22A1,0.13953872,0.29043633,0.054055333,-0.65606135,0.3209724,-0.29054624,-0.109737076,0.2852322,0.04755579,0.5718314,-0.64606285,-0.21068713,0.19667226,0.12962508,0.039597824
rna|ZMYND15,0.35128716,-0.042311057,-0.0068025133,-0.865223,0.42779222,-0.09266756,0.4073907,0.12400887,-0.61300147,0.6304164,0.3721882,-0.5497343,0.3625956,0.30575997,0.13787805
rna|TMPRSS11E,0.41405103,0.21558566,0.1445243,-0.22040965,-0.6795624,-0.32460648,-0.59949046,-0.43668452,0.36399373,0.32260358,0.33527768,-0.32691813,0.50088924,0.20863307,0.2695758
rna|TBATA,0.37774703,0.4156793,0.23009239,0.034273855,0.14149569,0.23172656,-0.25611466,0.31611374,0.3111549,-0.29587668,-0.3479948,-0.28828382,0.30006725,0.060524344,0.47457758
rna|SCGB3A1,0.56469274,0.36316586,0.06592846,0.09098786,-0.1024262,0.12695163,-0.42618585,0.4696358,0.0873553,-0.0112799555,-0.124252826,-0.61347777,0.45436072,0.05737286,0.2765398
rna|RAP1GAP,0.22075732,0.8323535,-0.6236161,-0.1393794,-0.019726504,-0.3421009,0.030084614,0.24659914,0.14263012,0.20438987,-0.10217401,-0.17286837,-0.052375704,0.05657248,0.22614935
rna|MS4A4A,0.33722836,-0.41811624,-0.75481385,-0.44717374,0.010407815,-0.3277955,0.3394851,0.27677953,-0.61204237,0.19922422,0.6000967,-0.18310715,-0.031179624,0.18382163,-0.44393575
rna|CD320,0.037498016,0.410783,0.20156129,0.00959615,0.506099,0.22176525,0.4081755,-0.40123472,0.08451008,-0.17684421,-0.7302887,-0.4452734,0.08881199,0.20385799,0.09265057
rna|PVRIG,0.015039852,-0.25543338,-0.27413383,-0.3846988,0.23765044,-0.9773987,-0.2519468,0.62372726,-0.25254714,-0.21415049,0.5825738,-0.19941293,-0.3246017,0.5647855,-0.52346635
rna|LRRN2,0.54271483,-0.120745964,-0.13922517,-0.33827776,-0.31041124,-0.462893,-0.43239266,0.63496494,-0.10489741,-0.1526999,-0.4571821,-0.14474992,0.32757786,-0.42177802,0.29737532
rna|PROX1,0.034475796,0.39685842,-0.34334126,-0.4591208,0.07099991,-0.7420322,0.10598348,0.36302486,-0.051304676,0.032937758,-0.26253095,-0.19412199,-0.37900034,0.11665377,-0.032175675
rna|S100A2,0.55226153,0.388859,0.2746079,-0.26946917,-0.4498515,-0.060864255,-0.38004994,-0.36796653,0.6492454,0.48127034,0.18161508,-0.448805,0.591423,0.0725557,0.3918554
rna|CCDC102A,-0.0077399877,0.44756168,-0.35759574,-0.04710397,0.48808149,-0.36828184,0.05349409,0.11730434,0.46984383,0.5865403,-0.49504715,0.13414465,-0.26719058,0.079874925,-0.58489656
rna|NEUROG3,0.5484254,0.21138225,0.45246965,0.4180114,0.14261454,0.39447793,-0.55272806,0.56265235,0.16809478,-0.2891851,-0.056574356,-0.46750686,0.52068996,-0.10373075,0.16770141
rna|FOS,0.1973549,0.022181515,-0.20079894,0.063683234,0.05505533,0.2064089,0.020059453,0.22497085,-0.084974356,0.7252933,-0.33294943,0.39418918,-0.02755283,-0.15307592,0.018576346
rna|UNQ6494,-0.0075649396,0.111366816,0.271863,-0.52743185,0.59172523,-0.51385593,0.07948932,0.5702643,0.16772678,0.44452235,-0.09144496,-0.12214064,0.04954536,0.1187865,-0.3433319
rna|PCDHGA8,-0.24033235,-0.2005958,0.68842876,0.20042604,-0.16838843,-0.3273122,-0.20380986,0.3766387,0.37377074,-0.014616615,-0.49428162,0.49637505,-0.10680485,-0.5526427,-0.043001793
rna|FCGR2B,0.08117419,0.3235922,-0.11726599,0.18640234,-0.053957205,0.11179566,-0.0228652,0.0073020905,0.38107115,-0.26404563,0.113913156,0.01516669,-0.07169763,0.055043187,0.111392535
rna|PLSCR2,0.21805659,0.53237,0.34698933,0.0145858405,0.4067109,0.29159367,-0.36656073,0.24323988,-0.0010925861,0.023648003,-0.46153003,-0.512349,0.0754376,0.13107118,-0.009161032
rna|OR1K1,0.5425842,0.20909621,0.2827412,0.34793925,0.15385604,0.31215954,-0.5676244,0.56106776,0.2501694,-0.49313733,-0.09846629,-0.49451858,0.57014716,-0.067099296,0.2204801
rna|MAFG-DT,0.27521205,0.3673889,0.22163783,-0.253811,0.35226145,0.2306628,0.0889464,-0.25442362,0.17126812,0.25772437,-0.69414634,-0.6234531,0.4831381,0.0066359327,-0.24400207
rna|PNOC,-0.014128754,-0.006036367,0.13158765,0.6704048,-0.22285023,0.1715873,-0.34509653,0.20811841,0.20198134,-0.37009782,0.29204565,0.40155065,-0.23056825,0.029947978,-0.085343145
rna|NECTIN4,0.38744524,0.13888836,0.4081841,-0.032831006,-0.30562142,0.10278606,-0.23233505,-0.35861075,0.163574,0.90467495,-0.09300909,-0.0272946,0.50282216,0.023210606,0.05304257
rna|CLECL1,-0.20543787,0.06921947,0.0023717426,0.6685914,-0.039467312,-0.10532671,-0.07355072,-0.009915111,0.48641205,-0.06946698,-0.071301185,0.2904362,-0.08844196,0.34996104,-0.24901906
rna|CPVL,0.39551735,-0.3055396,-0.16038089,-0.5062052,0.27860606,0.09248049,0.46337357,0.115816586,-0.3546611,0.06044663,0.5966795,-0.33089417,-0.036763474,0.22846346,0.38413143
rna|ZNF391,0.18916823,0.3080235,0.10496809,0.048397984,0.3545588,0.114051715,0.12854153,-0.2916473,0.45156413,0.10881321,-0.5184552,-0.062049363,-0.009119822,0.064676225,0.075413875
rna|FOXD4,0.022540353,-0.15642351,0.5270863,0.42090347,-0.2952265,0.45298538,-0.056884635,-0.33082408,0.28531379,-0.36032745,-0.32435435,0.0060813995,0.21052024,-0.26412,0.35361558
rna|CAMSAP3,0.14151122,0.6294072,0.33296683,0.50167906,-0.18934911,0.25738397,0.00021151575,-0.072646126,0.31766072,0.09935505,-0.25589988,-0.14973752,0.12728582,-0.11048703,0.16843408
rna|GAGE12E,0.7701451,0.36616036,0.2716289,0.27552485,0.29906264,0.20990135,-0.320741,0.5787232,0.3163895,-0.45005175,-0.25831228,-0.47201818,0.5802034,-0.057912324,0.04580988
rna|APOD,0.31210935,-0.002261172,0.15347724,0.033095255,-0.17244872,0.1740071,0.28664201,-0.10704318,0.07667362,0.14325567,-0.14037259,0.19039436,0.12546554,-0.00021016081,0.30637744
rna|MICU2,-0.25876126,0.19997388,-0.2890858,-0.355725,0.22983575,-0.8442947,0.16450287,0.12773381,-0.27716118,0.49681485,-0.04624837,-0.3571105,-0.44983605,0.58581054,-1.1549813
rna|TMEM37,0.12533988,0.037104983,-0.021215454,-0.030085286,0.17284878,0.52889115,0.65430605,-0.3303531,-0.21768075,0.026559053,-0.15310794,0.3308512,-0.05294641,-0.31506088,0.89759374
rna|SPON2,0.18458962,-0.05922479,0.27534866,-0.18130548,-0.067038886,0.5433994,0.17838152,-0.28994954,-0.048304394,0.3672999,-0.3154939,0.18004163,0.3403437,-0.7177016,0.7280644
rna|HAP1,0.43815818,0.45978457,0.4230989,0.34172475,0.26365918,0.41536725,-0.11349274,0.38758045,0.35233563,-0.5007982,-0.2857895,-0.35128474,0.2908913,-0.11286684,0.07439754
rna|MXRA5,0.2743444,-0.47060192,0.10734225,-0.25901932,-0.028304191,-0.36305383,0.2172954,0.018496383,-0.0821001,1.0189093,-0.40364766,0.47307247,0.2343967,-0.52653867,-0.5237172
rna|LTC4S,0.436656,0.20530242,0.21792282,-0.074141435,1.4358746e-05,0.31122744,-0.02918047,-0.08036401,0.18133564,-0.014810958,-0.44327474,0.039673872,0.14414315,-0.13961716,0.49393997
rna|MAS1,0.42316765,0.3027031,0.12719075,0.16087328,0.34038904,0.4936332,-0.47074267,0.64173573,0.17343192,-0.38911435,-0.02861371,-0.24193591,0.5230592,-0.025912376,0.27485815
rna|HAMP,-0.15975064,-0.11540848,0.1308228,0.12443838,0.27592593,-0.2791153,0.28176945,0.11022137,-0.26034012,0.3827169,-0.45617145,0.011928428,0.3645124,-0.14832368,-0.26611635
rna|SLC16A2,0.3947327,0.30341068,-0.039164953,-0.3171727,0.021495638,-0.36728486,0.21906492,0.022537556,0.07500285,0.19739994,-0.7200447,0.047603298,0.13590264,-0.46747532,0.19232841
rna|NKX2-1,0.64742154,0.29889145,0.36825,0.31776866,0.1124681,0.33139727,-0.33978546,0.45107806,0.0068487194,-0.25931072,0.027594509,-0.18874975,0.4316506,-0.19390975,0.09529528
rna|SERINC2,0.2643685,0.29919592,0.1845637,-0.024427904,-0.07977105,-0.13285083,-0.060168657,-0.2848296,0.28103727,0.31412634,-0.26974094,0.13207155,0.30780667,-0.38667968,0.44123635
rna|KNG1,0.34769893,0.48535112,0.18129998,0.40937304,0.02162429,-0.0784933,-0.12653282,0.55534285,-0.1928008,-0.38526434,-0.17067972,-0.7791225,0.51833785,-0.2020338,0.22954719
rna|DNAAF3,0.30811676,0.5401861,0.21061616,-0.31640676,0.24775311,0.045605615,0.09133676,0.06994834,0.1429241,0.2551497,-0.5748162,-0.3709927,0.08812328,-0.21108174,0.3225651
rna|OR2G2,0.5203075,0.5321278,0.45239788,0.3007099,0.14415966,0.3214227,-0.398744,0.5863982,0.11955706,-0.16159219,-0.32016328,-0.5179037,0.5708541,0.0518129,0.0078106173
rna|GAGE7,0.70207936,-0.055071883,-0.062433753,-0.04219946,0.0112139275,-0.26087376,-0.3619179,0.5797284,0.018276673,-0.5194772,0.09376759,-0.5651164,0.3666566,0.055687714,-0.0008037612
rna|PITX2,0.5025829,-0.1854914,0.455637,0.0679436,-0.34724423,0.12451645,-0.29462752,0.4720405,0.22534363,-0.2882173,0.03314938,-0.10616785,0.49829185,-0.33306468,0.13562286
rna|NR4A1,0.5282026,-0.118733086,0.32467112,0.35124373,-0.25393596,0.56181717,-0.33762252,0.09423171,0.121974215,-0.098859355,-0.2410419,0.493523,0.20181328,-0.4110829,0.54363537
rna|CFP,-0.29168653,0.29467505,0.01644513,-0.46448597,0.5088091,0.05449072,0.24180397,-0.054041315,-0.013449737,0.10491158,-0.28688517,-0.08748796,-0.13541065,0.26444525,0.79694706
rna|SEMA6C,0.20560807,0.60652834,0.23366451,-0.31018522,0.25729355,-0.011798188,0.23390739,0.08147301,0.26562762,0.099283434,-0.7983519,-0.5619136,0.12072384,-0.108778,0.09395571
rna|THBS1,0.263813,-0.60611176,-0.2747305,-0.18062183,-0.30663213,-0.07541675,0.14900179,-0.20945123,-0.3206274,0.61652493,-0.2660289,0.5871176,0.11469264,-0.59919316,-0.132338
rna|PCOLCE2,0.107673205,0.50663793,-0.03812176,-0.38910645,0.20747131,-0.3399806,0.006786065,0.34697765,0.30567065,0.09506148,-0.6527552,-0.17426367,-0.097923934,-0.02069567,0.024457091
rna|ANPEP,0.30141476,0.28469732,-0.08227708,0.007939399,0.028915506,0.73144776,0.14508758,0.023021473,-0.06310945,0.639126,-0.17398092,0.29112327,0.36804092,-0.48192886,0.9133691
rna|EMILIN1,0.3668795,-0.2409032,0.13722989,-0.5424072,0.34309384,-0.16763364,0.42106885,-0.17956424,-0.21205926,0.6033071,-0.49843594,-0.11818054,0.27017277,-0.39367065,0.1897175
rna|ANGPTL2,0.3968573,-0.19454093,-0.06530888,-0.8911153,-0.016296046,-0.5089844,0.28726497,-0.13444664,-0.27836716,0.8942153,-0.4935085,-0.2134988,0.21779944,-0.24588124,-0.3574454
rna|THBS2,0.49957952,-0.37598643,0.113725394,-0.06705891,-0.32362112,-0.19710903,0.028811162,0.06575848,-0.0070591965,0.78368634,-0.6189584,0.49482024,0.39378083,-0.93903583,-0.041476104
rna|PSORS1C3,-0.0013448662,0.24984339,0.4693498,0.120762035,0.016570231,0.255877,0.314627,-0.15774763,0.12012154,0.003354073,-0.32351044,-0.20602527,-0.012895091,0.08942405,-0.027000021
rna|ASB18,0.5832257,0.065801986,0.21620513,0.60946953,0.056077637,0.25255623,-0.65236163,0.4830323,0.04378561,-0.5513606,-0.030855093,-0.453376,0.5360352,-0.14406626,0.07200372
rna|MS4A1,-0.53962874,-0.2730603,0.0751838,0.31793264,-0.4387089,-0.63625365,-0.28661057,0.19278982,0.39683887,-0.058438316,0.22959392,0.51544553,-0.4571697,0.18160978,-0.5845168
rna|OR2T27,0.61523116,0.2556185,0.3923253,0.29868162,-0.029990606,0.3316165,-0.5870204,0.46537834,0.04779611,-0.33970404,-0.16368657,-0.49501327,0.35728574,-0.13295807,-0.11936387
rna|BPIFC,0.6618228,0.3814867,0.36233395,0.09902846,-0.17731264,0.15194453,-0.30227858,0.40716964,0.35650152,-0.26344028,-0.20458609,-0.53958434,0.5667598,-0.061385892,-0.053507987
rna|CPLX1,0.38460138,0.3721172,-0.048130315,0.39598015,-0.08448364,0.86291796,-0.16229041,0.22560133,0.33948544,0.0073767747,-0.19597879,0.5771248,0.2530003,-0.34326693,0.55551314
rna|PDE3B,0.017154885,-0.15968576,-0.59761864,-0.021719815,0.0864639,-0.21253635,-0.018533537,0.4066411,-0.21273504,0.32885385,0.54882044,0.5775457,-0.44821656,0.109727696,0.111792855
rna|IL17REL,-0.16715792,0.3905677,0.14345248,0.12206377,0.097396486,0.09780189,-0.23943661,0.19098079,0.30527946,-0.18729728,-0.07602763,0.11596447,-0.22773206,0.26155585,0.4962083
rna|ILDR1,-0.31429127,-0.049959693,0.21267056,-0.46168423,0.026053334,-0.7596891,-0.26347417,0.35356387,-0.008588841,0.38212883,-0.08803608,-0.020787662,-0.21975373,-0.011291176,-0.8355016
rna|PPIAL4G,0.50635844,0.4437539,0.22020575,-0.0063320487,0.4859795,0.2640169,-0.66316485,0.90411294,0.41619298,-0.11102014,-0.2301642,-0.09255991,0.099507205,0.09906527,0.42249966
rna|SCGB2A1,0.6009773,0.52426577,0.27820662,0.1005747,-0.111052655,0.022949023,-0.2839168,0.3901336,0.23090948,0.042128697,-0.11070921,-0.52516353,0.44313207,-0.078683525,0.15225784
rna|PNMT,0.53705084,0.45183694,0.24757066,0.33829996,0.12235617,0.31095648,-0.29951906,0.40252402,0.16021192,-0.2738063,-0.17441885,-0.36969197,0.60539347,-0.06821315,-0.043262266
rna|OR4S2,0.5577915,0.18634619,0.42322114,0.4310149,0.15690082,0.41302186,-0.49185678,0.3754815,0.0806172,-0.48548466,-0.122437775,-0.42469612,0.4960417,-0.105229266,0.23342502
rna|SOX5,-0.09723119,-0.048575316,-0.48333922,0.45837367,0.048296038,-0.069256544,0.12150001,-0.48264405,-0.10388094,0.01681007,-0.29864243,0.13957366,-0.04328033,0.094203725,-0.11819708
rna|NOL4,0.008339672,0.038542643,0.3958424,0.06348813,-0.24358316,0.29719955,-0.024280943,0.20408861,0.027229162,-0.21572545,0.047419984,-0.15669447,-0.1986529,0.1350881,-0.29093644
rna|CACNG3,0.20779602,0.17838088,0.24844936,-0.010610121,0.4202385,-0.016061477,-0.24949071,0.40313137,0.0775959,-0.37252334,-0.111211024,-0.3019555,0.27986857,0.1560186,0.280935
rna|NOS1AP,0.20087683,0.42909747,0.052333515,-0.03279608,0.11809752,0.002473456,-0.22538403,0.43869194,0.17149466,0.33005592,-0.080625005,-0.19357686,0.39427483,-0.28056023,0.3444478
rna|SBK2,0.6430213,0.38926044,0.38447368,0.1224716,0.2966533,0.152027,-0.12946905,0.38935912,0.34391093,-0.29191434,-0.22672044,-0.41219532,0.5374691,-0.0836937,-0.037314605
rna|VEGFA,0.36148655,0.19735007,0.22754832,0.6218639,-0.08868465,0.8402359,-0.04008455,-0.08254625,-0.07181117,0.11944788,-0.23302674,0.31012848,0.5859261,-0.46299505,0.41683915
rna|FAM178B,0.5352948,0.3962731,0.11445178,0.037990876,0.14149311,0.28969213,-0.27726248,0.39614892,0.1107789,-0.29664186,-0.3525874,-0.2845094,0.36582014,-0.020646859,0.40198916
rna|FLNC,0.79459167,-0.34671324,-0.13965233,-0.5310577,-0.38654184,-0.5888811,-0.1701226,0.05649277,0.027775802,0.24234772,-0.1146273,-0.19468121,0.3581575,-0.5327002,0.25750357
rna|SCUBE2,0.22971943,0.40767667,-0.2688341,-0.80959016,0.22012445,0.09358272,0.1369843,0.2341374,0.2986121,0.3360982,-0.60149544,-0.19393548,-0.021887336,0.118037604,0.5692711
rna|RAB26,0.16715208,0.50998855,0.25949264,-0.12633003,0.44159573,-0.24598269,-0.050160248,-0.16553102,0.2541108,-0.023242518,-0.363782,-0.47899833,0.16411778,0.15667312,0.050996862
rna|ATG9B,0.21323659,0.4385928,0.13099405,0.19837855,0.060614172,0.50051713,-0.3724854,0.012020451,0.42571944,0.048005264,-0.37192672,-0.21029279,0.15176813,0.136028,0.36825618
rna|TREML1,0.5736579,0.43070328,0.263975,0.08642557,0.29980314,0.14588648,-0.2514528,0.43656707,0.41017252,-0.19724634,-0.36852634,-0.15968132,0.29298785,-0.059250936,0.22296521
rna|SYNPO2L,0.4152919,0.3594651,0.18778422,-0.024708426,-0.23036405,0.120192446,-0.11123692,-0.049152218,0.14882535,0.36451286,-0.25154236,-0.2873136,0.24918069,0.24761218,0.11667618
rna|PSTPIP2,0.07799257,-0.18162794,-0.28589004,-0.56805724,0.2671031,-0.05825245,0.46984127,0.09939151,-0.9663739,0.6357169,0.66077715,-0.5124011,0.16305278,0.62812936,-0.31980026
rna|FGFBP1,0.62585795,0.11264169,0.19391118,-0.05322599,-0.6452917,-0.09438588,-0.48698714,-0.31012517,0.58507925,0.5951426,0.44438353,-0.2927142,0.403546,0.073262796,0.32484305
rna|PRIM2,-0.25229746,-0.16362812,0.24390426,0.4937375,-0.21182135,0.43553156,0.1613757,-0.11032112,0.1020331,-0.0719165,-0.04908706,0.67474407,0.0017188967,-0.19027723,-0.09884535
rna|GABRP,0.59034336,0.25982594,0.1407513,0.20047146,-0.5151548,0.08061323,-0.5024206,-0.030233068,0.35065824,0.13788165,-0.0047043925,-0.66024584,0.4800082,-0.009851439,0.4992329
rna|TH,0.55002636,0.42357516,0.26183736,0.23924358,0.087748066,0.35184917,-0.37958366,0.54284537,-0.010681346,-0.21002048,-0.046514347,-0.36850482,0.46497586,-0.12232908,0.12575072
rna|ITIH4,0.07577268,0.64141726,-0.061665162,-0.19243835,0.45048547,-0.34305385,-0.06383648,0.3428743,0.05157192,0.038739253,-0.4276042,-0.5899505,-0.14757723,0.31981957,0.17109878
rna|LAD1,0.43139267,0.54887384,0.048875567,0.12544368,-0.20962259,-0.16603361,-0.247816,0.0668915,0.57719946,0.54615575,-0.2781519,-0.043827232,0.44670346,-0.1855559,0.39791122
rna|BHLHE41,0.25905475,-0.049016945,-0.2744939,-0.16797683,0.36291248,0.11528929,0.27567622,-0.0014748106,0.13902928,0.61020523,-0.090637065,0.2667405,0.463267,-0.07081105,-0.084230006
rna|DIRC1,0.6085863,0.20710273,0.4069901,0.44271228,0.09800628,0.27045542,-0.48971352,0.4236293,0.04253416,-0.36535066,-0.2389338,-0.4638233,0.6091198,-0.17656314,0.15289095
rna|CRYGA,0.5655758,0.39705524,0.3712078,0.346907,0.18580568,0.35926718,-0.45099267,0.38469428,0.26996395,-0.47087744,-0.2535532,-0.43274623,0.60429925,-0.02183997,0.1353297
rna|RAB33A,-0.15506828,-0.42713133,0.024478743,0.47445333,0.08943881,0.11673601,0.00906434,-0.2637791,-0.033940002,0.05979206,-0.08026273,0.35496908,0.0566776,0.13275583,0.051320028
rna|COL5A2,0.30484256,-0.60150415,-0.26073417,-0.40874654,-0.28114188,-0.74524766,0.078212954,-0.0065648034,-0.34011996,0.9030184,-0.24948362,0.102307156,0.16904715,-0.51353043,-0.83542913
rna|SAR1A,-0.20942509,-0.12579547,-0.2964283,-0.6671112,0.12764686,-1.0447127,0.06729377,0.08872409,-0.51365066,0.19018032,0.19130804,-0.6112458,-0.29351625,0.5259499,-0.92131793
rna|FLJ43763,0.5768107,0.29055226,0.31818914,0.28327692,0.06678505,0.22394203,-0.40913537,0.46271077,0.08320129,-0.48046893,-0.18367746,-0.47766814,0.54938775,-0.08107659,0.10127658
rna|TOX2,0.06404022,0.36008897,-0.25500724,-0.0025640402,0.7253587,0.16074234,0.2126645,-0.23227504,0.042735115,0.15795062,-0.04263459,0.17331497,-0.29631194,0.60203576,0.34195232
rna|CKMT1B,0.6202186,0.14250189,0.29298064,-0.17314847,-0.34880728,0.052345354,-0.41029954,0.047307063,0.37749204,-0.010544508,0.124921806,-0.5864791,0.5804099,-0.12548596,0.1946617
rna|VSX2,0.38061327,-0.01198011,0.15661217,0.41989395,-0.072871745,0.13940324,-0.41271278,0.5776979,0.16884832,-0.36580104,-0.17305522,-0.2837361,0.40192088,-0.07547906,0.27348566
rna|GHR,0.34909868,0.22521825,-0.82121646,-0.43582803,-0.01861803,-0.9392223,0.12995432,0.5026832,-0.03562385,0.22993284,-0.46724847,-0.22181441,0.015864797,-0.10402513,-0.057474636
rna|NLGN1,0.023644257,0.2246134,0.16270538,-0.26514062,-0.27369237,-0.09050286,-0.22173323,0.4813172,-0.113680966,-0.065590836,-0.08546115,-0.08029589,0.1215414,-0.04462879,-0.040940434
rna|FAM181A,0.29869336,0.13145338,0.39273423,0.10724632,0.038045365,0.28967512,-0.13683796,-0.04297993,0.18755293,-0.14428571,-0.1444245,-0.54832256,0.44915706,0.0040242556,-0.003833264
rna|MET,0.15075046,-0.28919092,-0.017363276,0.27413556,-0.21903731,-0.0604254,0.10739875,-0.21192442,-0.29266268,0.18423164,0.24931587,-0.009252299,-0.05305099,-0.26404834,-0.13153341
rna|LPO,0.60824484,0.29546168,0.3620853,0.30752784,0.09878119,0.3118444,-0.43986803,0.46933597,0.040881295,-0.27430055,-0.1714955,-0.47958666,0.5764146,-0.068898015,0.16419695
rna|IQGAP2,0.06630841,-0.11011516,-0.70130634,-0.16038047,0.1437887,-0.60700434,0.11593705,0.4054791,-0.6920849,0.32921448,0.7307303,-0.2956945,-0.27534157,0.56768745,-0.59806454
rna|VPS35,-0.26965192,0.09131784,-0.3658755,-0.2724732,0.13137616,-0.9274846,-0.008559637,0.13776386,-0.41669542,0.39016414,0.07781357,-0.35521346,-0.30104867,0.6074879,-1.1670487
rna|RDH16,0.12357934,0.59999347,0.091964446,-0.36466205,0.35405797,-0.3103224,0.13641423,0.23165062,-0.07641053,-0.0077877445,-0.36257714,-0.6314702,-0.017206214,0.21237491,0.3018722
rna|UGT8,-0.09725768,0.06535697,0.34162426,0.42542067,-0.29127222,0.22395408,-0.22609006,-0.080570534,0.44984943,-0.18074515,-0.3802674,0.14059049,-0.10315387,0.13101242,-0.0648905
rna|UNC5A,0.19244984,0.7329092,-0.41087312,-0.21100289,0.4660713,0.010542535,0.07301163,0.35631645,0.105793305,0.49321774,-0.4044339,-0.10351999,-0.09142874,0.20327502,0.11226097
rna|AUTS2,0.051276933,-0.06807146,-0.13322727,-0.47738743,-0.17111972,-0.8584231,-0.19283764,0.5768784,0.044945892,0.33556488,0.11363986,0.10047925,-0.21294053,-0.27356556,-0.5302978
rna|IFI44L,0.2085397,-0.28311262,-0.25930175,-0.41227502,0.054106202,0.3123795,0.4330166,0.30215248,-0.3988641,0.4990991,0.31615728,0.22643805,-0.22135563,0.06976421,0.23716351
rna|SLC12A8,-0.27391693,-0.12880225,0.268329,-0.26645896,0.09298248,-0.49445656,-0.07452122,0.17773594,0.13502717,0.6966918,-0.39182213,0.30258927,-0.001241425,-0.3257755,-0.4234622
rna|A4GALT,0.14126167,-0.4798205,-0.22567484,-0.57072103,-0.2684433,-1.0238137,-0.19552757,0.522567,-0.050897516,0.33035624,0.19821522,-0.2581411,0.054106653,-0.11625743,-0.7439149
rna|PTCRA,0.2525042,0.100997634,-0.50038195,-0.65761924,0.45373368,-0.24928673,0.2651831,0.2870888,-0.31051895,-0.17031376,0.72173214,-0.2491576,-0.11567202,0.61067,0.4599652
rna|UGT2B17,-0.12549691,-0.05013247,0.15827717,0.041042656,-0.036852058,-0.3342425,0.14888859,-0.24638057,0.0013308924,0.1378475,-0.025959523,-0.077802695,-0.07145337,-0.12586297,-0.00038182715
rna|FAM83H,0.4012125,0.66876656,0.30090904,-0.09653182,0.35826725,0.16706352,0.10955612,-0.071921095,0.1424368,0.5416618,-0.23888567,-0.4671556,0.29764003,0.05359676,0.20875798
rna|MIR370,0.6262555,0.31664205,0.40204352,-0.054307003,-0.10653792,0.16611424,-0.09415674,0.20841318,0.04249463,0.06082991,-0.6128273,-0.23577021,0.49792024,-0.4177832,0.105384536
rna|COL4A3,-0.053033985,0.36156493,0.050321035,0.14608024,-0.075623676,-0.06564682,-0.39499778,0.20282531,0.40651184,0.053312454,-0.5099319,0.22711174,-0.08435435,-0.13234729,0.124460965
rna|MARK1,-0.31177363,-0.3935458,0.11000423,0.0012269099,-0.40164572,-0.20712079,-0.10891304,0.07968252,0.18139519,0.37571335,0.012492557,0.27843532,-0.15995274,-0.3615132,-0.30833325
rna|OXR1,0.19640784,0.07010333,-0.59342736,-0.25464177,0.1617125,-0.8237725,0.10780023,0.30644825,-0.18847774,0.39655563,0.19230132,-0.21341392,-0.3143878,0.3978917,-1.0429617
rna|CT45A5,-0.042752706,-0.2347701,0.19609514,0.08106493,0.09053285,-0.0023228445,0.09292007,-0.26256305,-0.05651067,-0.0711955,0.03573206,-0.27298576,-0.029724635,-0.07755276,-0.22790383
rna|TAFA5,0.48506498,0.09720166,0.35981625,0.12083758,0.07827375,0.3577838,-0.38952178,0.16666415,0.22476932,-0.1784758,-0.41961426,-0.010396442,0.4492714,-0.38086256,0.2612597
rna|RHBDD3,0.17841165,0.30161586,0.2974139,-0.2933927,0.54884696,0.03125913,0.3692477,-0.35008517,0.025645616,-0.07440639,-0.5129436,-0.54343754,0.103869975,0.12268949,0.05711145
rna|SNORD94,0.15903035,0.0036907697,0.3215813,0.24543089,0.009205045,0.2532744,-0.09021809,-0.14449184,0.18614955,-0.034048527,-0.004433452,0.50345826,-0.07476747,-0.36180335,0.7704959
rna|PPM1L,-0.11524614,-0.30653447,0.222997,-0.21739368,-0.37291834,-0.08220054,-0.17523623,-0.37507036,-0.03239168,-0.068167,-0.021843182,-0.15790151,0.031968724,-0.067698956,0.07389228
rna|FBLN2,0.4551377,0.05725792,-0.07630487,-0.44011036,-0.13194719,-0.5319336,0.113945134,-0.10605719,0.37132573,0.80135435,-0.725106,0.4636978,0.038887765,-0.4833929,-0.11410561
rna|GRM4,0.29328242,0.50290906,0.41477096,0.17170349,-0.011772841,0.34676373,-0.3638027,0.45315266,0.024588559,-0.30950058,0.1940853,-0.30675405,0.25589323,0.11787304,0.09782622
rna|PKHD1L1,-0.13545983,0.096385315,0.25842023,0.046022147,-0.159263,-0.2534464,-0.23435071,0.20340103,0.3041859,0.08040983,-0.18023558,0.2472773,-0.12534876,-0.17562869,-0.22533076
rna|MIR22HG,0.0780295,-0.04423324,-0.3284005,-0.44604942,-0.0030844037,-0.28674924,0.26466554,0.19083834,-0.5211524,0.60659003,0.3377863,-0.030132843,-0.029614063,0.2771014,-0.32443696
rna|SPRR2A,0.44198805,0.17566189,0.13613108,-0.016758354,-0.89011383,-0.10416727,-0.65135473,-0.65966463,0.43795446,0.56143254,0.42146122,-0.24469261,0.43795234,0.2879036,0.41366294
rna|SPRR2B,0.52531946,0.40302086,0.29338557,0.008333098,-0.37987527,-0.027501065,-0.42333713,-0.42126277,0.6806274,0.36887413,-0.031162878,-0.3867581,0.532519,0.14172669,0.26436633
rna|UPK1A,0.2218964,0.47126904,-0.14596,-0.07943675,0.071123436,0.24411474,-0.22219387,-0.15585482,0.48349455,0.14296369,-0.14516601,-0.30215773,0.15475495,0.21068898,-0.016053636
rna|KRTAP10-10,0.558177,0.31071052,0.33684954,0.49442354,0.106442146,0.49987328,-0.5711185,0.58421886,0.2869798,-0.42210495,-0.27247113,-0.30582783,0.5173687,-0.13235272,0.1610371
rna|NTM,0.38351429,-0.32086158,0.2491058,-0.55982953,-0.38709304,-0.5379788,-0.15423197,0.1514975,0.07733742,0.40738156,-0.45234138,-0.08408476,0.36070645,-0.60462856,-0.4274039
rna|BACH2,-0.25391406,-0.10897265,0.01825126,0.06483016,-0.3676896,-0.26662177,-0.21432765,0.1673563,0.27743042,-0.24955481,0.059269257,0.41547844,-0.5102949,0.13926968,-0.30530035
rna|PTGIR,0.15599972,-0.12473711,0.48122063,-0.1060573,0.07930384,0.35061696,-0.0330701,0.30981204,0.10873763,0.40595493,-0.030995287,0.2676285,0.2117518,-0.46079984,0.35449946
rna|ZFYVE28,0.4059402,0.2600052,0.18514198,-0.47722208,0.56106323,0.087167375,0.1341945,0.08651294,-0.032454528,0.4704514,-0.2873526,0.13603768,-0.16861966,-0.021663712,0.49828762
rna|DRD3,0.48562655,0.5080082,0.32547385,0.14456783,0.27521905,0.32533047,-0.3223982,0.5072686,0.35792682,-0.42291605,-0.31675658,-0.3399156,0.5155626,-0.0016293175,0.11668784
rna|AEBP1,0.4876448,-0.555984,0.04430344,-0.79393417,-0.23206621,-0.78309494,0.081616364,0.052681465,-0.22435722,0.49612585,-0.25719792,-0.2193007,0.010827182,-0.30258694,-0.24367136
rna|KLF15,0.34052247,0.46426636,0.03295809,-0.050535794,0.18155286,0.019845111,-0.0010308443,0.105281815,-0.04180493,-0.21638054,-0.38373366,-0.59738165,0.32394898,-0.32094613,0.33351594
rna|ACCSL,0.51649076,0.2538027,0.3196124,0.4680006,0.08524055,0.44148284,-0.20982577,0.06605241,0.0024616215,-0.21811676,-0.18127623,-0.37324783,0.34746888,0.07083593,0.07832771
rna|SPDYE2,0.6557254,0.3288325,0.46547276,0.27455196,0.14269783,0.25419107,-0.2975596,0.49049625,0.096375205,-0.5167187,-0.14034523,-0.5263382,0.55282676,-0.1826744,-0.13354142
rna|ATOH8,0.38473487,0.32153386,-0.15202437,-0.18154186,0.2204804,0.27907038,0.083280504,0.10905736,0.18041031,-0.3020867,-0.4793229,-0.3245052,0.23348416,-0.02698017,0.81504303
rna|PALLD,-0.16099814,-0.03104594,-0.24975452,-0.5719023,0.283764,-0.47976458,0.29854923,0.24595119,-0.22157827,0.8256208,-0.641152,0.14893508,-0.28719515,-0.045309488,-0.37227064
rna|ALDOB,0.23907611,0.27011958,0.32971492,0.40279186,-0.039636813,-0.06536921,-0.21088748,0.4661487,-0.19521357,-0.2678528,-0.13506556,-0.7624499,0.4030136,-0.19326073,0.18280704
rna|ZBTB16,0.33236954,0.2768893,0.0036569182,-0.3774129,0.23812288,0.0581629,0.15590519,-0.040559422,0.1299234,-0.1382596,-0.40249577,-0.18557772,-0.055455104,-0.37775272,0.91234326
rna|SLC40A1,-0.19691299,0.21454054,-0.66427827,-0.5162135,0.14543629,-0.37011638,0.250934,0.37684572,-0.23421262,-0.37607694,0.025440665,-0.16998002,-0.6192933,0.32750797,-0.10893942
rna|CPA4,0.7541299,0.25398597,0.31333193,0.021997591,-0.29535335,0.088110745,-0.46421894,0.022139834,0.23919578,-0.12199794,0.03367525,-0.1538598,0.43194473,-0.076884724,0.41168237
rna|LOC100133920,0.35967976,0.03239222,0.34290606,0.033039644,-0.020440659,-0.18508042,-0.5809691,0.5140053,0.09285221,-0.48721054,-0.13864295,-0.638536,0.39020118,-0.19584592,-0.17680982
rna|SLC22A8,0.5501676,0.19333139,0.37636822,0.49009326,0.03240598,0.37227434,-0.5368426,0.64494836,0.081780545,-0.54563844,-0.08371134,-0.31313837,0.41977763,-0.011710589,0.0928734
rna|FAM192BP,0.08054959,0.51598,0.113519095,0.35811126,0.38188177,0.5066661,-0.14371827,0.11686516,0.41947746,-0.051458362,-0.37637502,-0.224459,0.20180824,0.14776091,0.27014676
rna|SNCG,0.43762067,0.34571013,-0.22435239,-0.36498025,0.0995097,0.13365163,-0.10788414,0.04722148,0.4694573,-0.29747602,-0.3850714,-0.1505942,0.06944303,-0.088170886,0.69980556
rna|PYY,0.5424516,0.29396918,0.18611412,0.49760175,0.08385027,0.32402256,-0.4775521,0.4307673,0.17180651,-0.39083776,-0.26653484,-0.27542213,0.4184162,-0.15287153,0.14977421
rna|GTF2H2C_2,-0.65686405,0.1502133,0.15976171,-0.18560135,0.38043755,0.1489781,0.6023631,-0.77185977,0.10395425,0.2982419,-0.5416538,-0.022018315,-0.26812214,0.13939516,-0.19222131
rna|SLITRK1,0.5383905,0.20634566,0.2409997,0.006940823,0.19029975,0.29872176,-0.322624,0.3733809,0.051700674,-0.391144,-0.07099264,-0.54385066,0.48167348,-0.09329405,0.13412872
rna|FAM124B,0.30452973,0.23754132,0.032920875,-0.5561262,0.18468809,-0.07676227,0.18916026,-0.0884222,-0.031994928,0.43476325,-0.6711818,-0.4172661,0.1893692,-0.09090191,-0.09667769
rna|ADAM21P1,0.66969305,0.24699466,0.29345095,0.25346452,0.06928338,0.11061978,-0.41531688,0.5798057,0.106551364,-0.4592921,-0.18910155,-0.43373126,0.54374623,-0.06447091,0.05816877
rna|RASAL1,-0.06393135,0.11175159,0.1694466,0.09102077,-0.03466544,-0.278699,-0.058532543,-0.48292467,0.19042173,0.13663247,0.18971804,-0.3884415,-0.08326502,0.57698005,-0.6808326
rna|N4BP3,-0.3455575,-0.15499534,0.37788734,0.18494765,-0.6353796,0.08758089,-0.46648458,0.16943271,0.3512118,0.05719051,-0.058114912,0.31220466,0.0036265051,-0.122996494,-0.32218012
rna|CHI3L2,-0.30371565,0.38292912,-0.1733122,-0.3775821,0.557868,-0.14240365,-0.092057705,0.14398807,0.061640035,-0.17017616,0.09605866,-0.06991526,-0.35118496,0.66696995,-0.0046716505
rna|RIPOR3,0.35384652,0.4870649,-0.018517047,-0.20562576,0.3439064,0.3369065,0.050167166,0.12781169,0.16505381,0.35909358,-0.46843007,-0.06732083,0.23317838,-0.1943677,0.8078989
rna|DBNDD1,0.23381715,0.41511104,-0.35641986,-0.1560323,0.04004324,-0.20702636,-0.24218434,0.18612497,0.23795317,0.06071956,0.328237,-0.0924589,0.039213907,-0.014377587,0.1967491
rna|ENPP5,-0.0065857433,0.22331579,-0.19033138,-0.18277493,0.13530476,-0.5478227,-0.020725703,0.2561281,0.014029782,0.4192523,-0.25988063,-0.29252714,-0.13676557,0.1477612,-0.7890191
rna|KEL,-0.21494623,0.4351196,-0.15475051,-0.124115214,0.75590295,-0.093874596,-0.22396415,1.0420322,0.15249568,-0.13159569,-0.18805182,0.18973953,-0.21979031,0.31345606,0.37757868
rna|B3GALT4,-0.04964047,0.2365808,0.26321164,-0.45169878,0.7044695,-0.19840911,0.07808469,0.07261741,0.044823304,0.5518818,-0.4378133,-0.017010674,-0.23619615,0.38003814,0.1989211
rna|THBS4,0.11949443,0.058351036,0.059447285,-0.2943084,-0.14050214,-0.12301646,0.023916017,0.030164998,0.032981835,0.57056916,-0.6169873,0.0836354,0.065707475,-0.18390378,-0.19081521
rna|RANBP3L,0.18479356,-0.33862692,0.21040325,-0.05256742,-0.22809206,-0.31049338,0.14582741,0.049117383,-0.06735345,0.2728548,-0.5024479,0.08289573,0.30935088,-0.4722393,-0.49901065
rna|TIMD4,-0.13479605,0.2730821,-0.38722286,0.14498608,0.53804404,0.014242345,0.31064177,0.37288412,-0.029109206,-0.29611346,-0.14760824,0.3777443,-0.4145044,0.18064463,0.6311394
rna|DAND5,0.50779134,0.3092338,0.2342904,0.33451125,0.057888437,0.124070674,-0.4946098,0.25341645,0.30797192,-0.24109387,-0.19538613,-0.5512245,0.5891047,-0.013477265,-0.06177506
rna|CLCNKA,0.12840058,-0.13983807,0.20351684,-0.360286,-0.15995035,-0.14221528,-0.118822955,0.16545169,-0.029022705,0.28561658,0.38761115,-0.10740464,0.3561442,-0.05654171,0.0033709812
rna|F12,0.11277088,0.45611426,-0.13121283,-0.12770057,0.17949641,-0.23728776,0.15961899,-0.36251995,-0.25530759,0.050257474,-0.02025731,-0.7582564,0.30055505,0.15865108,0.28543365
rna|IL17RE,0.56747264,0.2781617,0.3218626,0.3193848,-0.12083208,0.41613436,-0.25800464,0.21104114,0.29197812,-0.4248509,-0.15468428,-0.25025007,0.3898456,-0.20735885,0.55003375
rna|ADGRB2,0.32719412,0.036378562,0.32546145,0.38124585,0.22438589,0.15108898,-0.355805,0.04240729,0.040158782,-0.2203528,-0.3499534,-0.08968791,0.3655874,-0.11128725,0.06495875
rna|CLCN4,-0.0930723,0.32883108,0.31055903,0.23906454,0.112745136,0.0053001423,-0.035856657,-0.09069697,0.09406246,0.0059729773,-0.09811215,0.19586365,-0.09423378,0.3471975,0.21415423
rna|KCNH4,0.11119535,0.14899395,0.0463563,0.05958382,0.077287726,-0.107486464,-0.229676,0.0702961,0.21037833,-0.07285214,0.24955525,0.34383336,0.06322838,0.0156956,0.05537043
rna|C22ORF15,-0.036457438,0.25719652,-0.044754125,-0.2909066,0.35505503,-0.16960004,-0.15392306,0.54203594,0.21994637,0.092889614,-0.28305468,-0.16230574,-0.08543838,0.29588327,0.010070563
rna|FRZB,0.048407752,0.6377647,-0.30210832,-0.6973211,0.40676373,-0.4887557,0.12974228,0.47581053,0.11770585,0.1623282,-0.3357995,-0.33066142,-0.39474693,0.30182162,-0.15679668
rna|C1QTNF5,0.3907545,-0.071954764,-0.114577085,-0.7122065,0.1484879,-0.23502733,0.13136055,-0.04610944,0.04779456,0.36137936,-0.7325204,-0.09570598,0.038030554,-0.4435945,0.18677472
rna|ABO,0.6511752,0.1052185,-0.12201855,0.28393927,-0.4758328,0.3645621,-0.5919376,0.4932141,0.38163298,-0.1866653,-0.013311251,0.12620679,0.37660426,-0.19193254,0.57197154
rna|FHOD3,0.11145734,0.010222147,0.24796213,-0.117573336,-0.19200468,0.039002925,-0.13840264,0.23023564,0.15154077,-0.15965056,-0.45827726,0.0976032,-0.011205385,-0.2851481,0.14345129
rna|OR2AT4,0.52704555,0.2845872,0.48477262,0.2463715,0.32684502,0.26112875,-0.3231873,0.3060438,0.27999967,-0.40855053,-0.12980221,-0.57144713,0.556492,-0.12249747,0.20689408
rna|LINC01124,0.3417009,0.26352438,0.29716957,0.42567304,-0.09641761,0.29360968,-0.12291114,0.2734595,0.11473906,-0.4214145,-0.22405852,-0.41484877,0.40142348,0.07452536,0.40815553
rna|OLFM1,0.122422144,0.7489725,-0.70445627,-0.59878707,0.24186727,-0.8105868,-0.20702794,0.6380106,0.22397348,0.37694058,-0.28963187,-0.25534216,-0.41146553,0.48685417,-0.082120724
rna|GUSBP5,0.09847015,0.29241407,0.26817966,-0.17599735,0.28204238,-0.011240489,0.08092077,-0.091946505,0.30594543,0.22278963,-0.34525,-0.3920015,-0.0071104323,0.18451627,-0.40302694
rna|FTH1,0.0469789,-0.61873174,-0.47149837,-0.46266636,-0.14130835,-0.5231018,0.14854012,0.36499456,-0.8928485,0.41422942,0.81880265,-0.2660241,0.27247107,0.3150343,-0.54862183
rna|SLC13A2,0.48489368,0.2893802,0.34012792,0.27836847,0.18686496,0.4155484,-0.39220414,0.45274296,0.19061816,-0.37195188,-0.19027069,-0.4239624,0.5527036,-0.16861938,0.067442134
rna|DNAJC5G,0.36477524,0.37193894,0.49371952,0.29716867,0.038631435,0.25558922,-0.2946396,0.4096323,0.35091484,-0.39166573,-0.14412779,-0.43938267,0.49134073,-0.09644039,0.1129016
rna|TBC1D29P,0.5076879,0.2961738,0.3715699,0.2371756,0.1543002,0.23579694,-0.47806844,0.3503019,0.28081548,-0.3745016,-0.25400746,-0.50951886,0.4455558,-0.02987727,0.14385143
rna|SOD3,0.26027906,0.23558785,-0.25575513,0.009933765,0.07756699,0.24790189,-0.04925932,0.24172345,0.2366055,0.43181565,-0.35395318,0.72920585,-0.1736822,-0.2906238,0.943548
rna|PRDX4,0.020174988,-0.032942723,-0.28834778,-0.56160724,0.3219374,-0.83827627,0.24116896,-0.041355122,-0.41432348,0.23035371,-0.014653535,-1.0310029,-0.122886576,0.46435636,-0.7990369
rna|S100A1,0.10929773,0.12436618,0.11367487,0.383577,-0.5453405,0.005522687,-0.33140594,0.07294342,0.059061818,0.07855933,0.090632,-0.022369882,0.12586513,0.01608109,-0.01718957
rna|GALR2,0.15204135,0.5704913,0.1874828,-0.047040578,0.48922378,0.37358978,0.08092534,-0.21140894,0.15771353,0.19935143,-0.15057375,-0.4253175,0.08813582,0.4191657,-0.23459817
rna|ANXA2P1,0.38877127,-0.5846921,-0.6253626,-0.19214045,-0.21412861,-0.8212269,-0.03457733,0.29158115,-0.31641668,0.11319824,0.7548483,-0.3504584,0.1399905,0.16718179,-0.6649763
rna|ARHGEF26,0.4567019,0.43645054,0.43476933,0.03619119,-0.28104347,-0.05164563,-0.015347441,0.14666653,0.11211484,-0.035887204,-0.28093556,-0.33755627,0.39525878,-0.23354425,0.0065893508
rna|FGD5,0.3676293,0.27098218,0.15061349,-0.5239262,0.20730929,-0.18411462,0.13963103,0.04730252,0.17277442,0.59176636,-0.9450231,-0.059498463,0.19139038,-0.2374038,0.10931902
rna|RPS6KL1,0.10927263,0.5403752,0.17099568,-0.13090728,0.25380415,0.2931775,0.13307805,-0.13724796,0.18368664,-0.34801373,-0.50647837,-0.26385227,0.08935484,-0.09695375,0.26686433
rna|GH2,0.51836663,0.14046921,0.3813924,0.29404348,0.037183132,0.32260764,-0.5626761,0.42925957,0.193971,-0.54356945,-0.16987792,-0.41452828,0.6160106,-0.20673963,0.0863373
rna|CDK5R1,-0.32080862,0.15563715,-0.24774894,0.31517008,0.18070063,-0.37118858,-0.15835108,-0.065192945,0.2636289,0.24023156,-0.13450763,0.4203967,-0.28593802,0.4387601,-0.12794966
rna|WDR72,0.30385208,0.43085176,-0.09359895,0.17609067,-0.11449536,-0.2928757,0.1126887,-0.36123133,-0.10871917,0.22531642,-0.08900845,-0.5373507,0.102693796,-0.3155703,0.10697349
rna|LRRC74B,0.64798295,0.48547122,0.3634396,0.16277313,0.1063937,0.15682054,-0.42137066,0.5710343,0.16331752,-0.22648601,-0.11483406,-0.6033103,0.46008605,-0.105666,0.00069986173
rna|GPR27,0.60412204,0.1601082,0.3573151,0.5428411,0.31032342,0.51647085,-0.3732715,0.34637243,-0.015857175,-0.052589342,-0.12404232,-0.08271625,0.47593215,-0.2277827,0.39470688
rna|COL4A4,-0.26732546,0.09144196,-0.2927949,-0.33123645,-0.11050647,-0.8069521,-0.35650283,0.34733936,0.110497646,0.15465379,-0.36265287,-0.047144495,-0.36571735,0.16403499,-0.44588244
rna|PACRG,0.5909676,0.38845143,0.40681678,0.3255202,0.078927875,0.36533746,-0.35318315,0.43437755,0.23426574,-0.3953548,-0.27038905,-0.5248344,0.5550628,-0.12752178,0.05872725
rna|FNDC8,0.5596432,0.28357106,0.35676152,0.6848509,0.088671334,0.46162894,-0.46571955,0.43625763,0.1784184,-0.37852833,-0.23018247,-0.30583036,0.5352473,-0.1738875,0.12796775
rna|ASCL2,0.5306409,-0.4997431,-0.14222181,-0.37020332,0.21424662,-0.101783685,0.11382734,0.57827514,-0.44168183,-0.12411613,1.0306015,-0.18275951,0.2269091,0.031637777,0.4290065
rna|SCNN1B,0.3535699,0.21858843,0.21319917,0.22216682,-0.30255705,0.17510541,-0.5862022,0.1798925,0.35738394,-0.15555306,-0.03689246,-0.36210266,0.4335342,-0.038148362,0.3404288
rna|PDGFD,-0.3098504,-0.12434372,0.4685678,-0.07299541,-0.35255992,-0.11367956,-0.1350997,0.2915975,0.045121577,0.18196167,-0.24250409,0.3016678,-0.2995267,-0.35324934,-0.2811739
rna|NPY4R,0.6908449,0.33674267,0.3945338,0.09353213,0.2379442,0.27969256,-0.1647173,0.40699866,0.21287696,-0.45635954,-0.19641733,-0.4434542,0.56064737,-0.18208529,-0.055740424
rna|KRTAP10-11,0.40472117,0.27646703,0.28589094,0.6111792,0.0030608098,0.5376382,-0.56167114,0.5307643,0.060959604,-0.3318012,0.07162277,-0.24053314,0.32515252,-0.06299587,0.034541674
rna|SMNDC1,-0.18320969,0.015841942,-0.52952224,-0.12601088,0.18630062,-0.8725476,0.10682705,0.21228264,-0.20528977,0.44730794,0.18196066,-0.16511272,-0.3183797,0.5575388,-1.1942343
rna|INKA1,0.12519507,0.30714682,0.50711185,-0.5233476,0.024058275,-0.430182,-0.0238478,0.2795863,0.27656373,0.37128177,-0.41568094,-0.09290868,-0.16180812,-0.12988585,-0.2671507
rna|BEND7,0.60871094,0.3337843,0.24476665,0.39784202,0.10864886,0.1750735,-0.464477,0.5884142,0.07860604,-0.49783552,-0.2109505,-0.48630598,0.41451102,-0.20795323,0.3212558
rna|MYH16,0.62882894,0.23711222,0.37105355,0.09078593,0.2586335,0.12536791,-0.3068601,0.5655642,0.3487121,-0.43353766,-0.08615673,-0.41109252,0.54235375,-0.15825832,0.03276895
rna|MIR210,0.11272185,-0.011341112,0.18704174,0.5440577,-0.13196047,0.51064897,-0.08453837,-0.0401295,0.09434361,-0.26300493,-0.094396435,0.15357792,0.41088066,-0.44103652,0.29268155
rna|SIRPG,0.22424144,0.28937122,0.014207004,-0.6629952,0.8216745,-0.09981507,0.17094752,0.61923987,-0.09968893,0.19634229,0.12185373,-0.020824198,-0.48427925,0.37249076,0.60084766
rna|C1ORF115,-0.08385662,0.052237447,-0.3208401,-0.394053,-0.2584232,-0.9921985,-0.016781133,0.565291,-0.13808773,0.11078615,0.14278062,-0.2635984,-0.13849917,-0.004407891,-0.31479543
rna|TEX101,0.41750777,0.17103332,0.30085176,0.047476184,-0.47322792,0.12600286,-0.3652565,0.1254144,0.32520792,-0.0030354147,-0.043950737,-0.40190354,0.5891028,0.017630693,0.05241395
rna|CDH23,0.35301453,0.910096,-0.23492028,-0.30390903,0.3036897,-0.18922096,-0.009579129,0.3102621,0.4035552,0.113862514,-0.42025235,-0.31600466,0.04632332,0.12425624,0.18730012
rna|MIR575,0.19751006,0.36788496,0.3165392,0.3141897,0.10214286,0.38484353,-0.025496185,0.16246666,0.4341386,-0.038348448,-0.6453835,-0.17585951,0.3122896,-0.17858794,0.012648179
rna|NNAT,0.2237536,0.37021023,-0.015286382,-0.31680918,0.2524211,0.20693332,0.04764454,0.040879425,0.2459164,0.07371257,-0.24664046,-0.33514822,0.45136398,0.059595473,0.2930968
rna|TNR,0.4325473,0.3902585,0.49545088,0.22543825,0.17982024,0.41944152,-0.40927234,0.49867117,0.18579455,-0.28369343,-0.30107507,-0.43969712,0.5301989,-0.15842347,0.12965713
rna|LRRC26,0.28471106,0.42274648,-0.010692669,0.02552205,0.018742302,-0.2974566,-0.32949007,0.30527416,0.40177798,0.29895747,-0.062637664,0.45258626,0.13568723,-0.16533248,0.23708118
rna|GDA,0.2930952,0.28847203,0.23399453,0.096075654,0.06854408,0.051620685,-0.0325678,-0.028814293,0.10210551,-0.17989185,-0.1721402,-0.37544096,0.35733256,-0.27843457,0.24401823
rna|PRKAB1,-0.26803383,0.546039,0.16185701,-0.55329955,0.73286617,-0.48404357,0.46505237,-0.15342137,0.28066593,0.6634725,-0.74777895,-0.39522365,-0.20964085,0.19636491,-0.5304776
rna|RTP5,0.3451268,0.43290728,-0.3134621,-0.5733737,0.6063468,0.019236248,-0.053789157,0.6650653,0.19608167,0.19943133,0.3348059,0.05195088,-0.28104293,0.37386075,0.4990335
rna|NRARP,0.15017413,0.11552203,0.26285517,0.05495963,-0.21739177,0.73739606,0.14347316,-0.6354541,0.33421925,0.240189,-0.32484815,0.21374589,0.2514767,-0.37936866,0.5454348
rna|H2AW,0.016826393,-0.06684191,0.062915094,-0.01831966,0.36591467,0.6223973,0.12190088,-0.45043764,0.034817908,-0.035144594,0.25248653,0.2069402,0.03398702,-0.18497775,0.5292499
rna|CEACAM1,-0.22990751,0.5215298,-0.06346231,0.35886204,0.07653861,0.22601205,-0.05244163,0.16814601,0.041279145,0.394833,-0.11483361,0.112332955,-0.29996213,0.29309124,-0.12314362
rna|STAB1,0.58265334,0.012655438,-0.0944567,-0.26657984,-0.019514345,0.2609787,0.31668708,-0.15376797,-0.3095956,0.43321988,-0.21171749,0.08383778,-0.06886364,-0.3552207,0.71644825
rna|C6,0.20591117,0.62116104,-0.24485959,-0.019828582,0.014304477,-0.006593538,-0.12522162,0.41128984,-0.20035079,-0.38778725,-0.41120508,-0.46784163,0.20694207,-0.29250187,0.52247024
rna|PHACTR1,-0.4202555,0.36305994,0.13845071,0.27931413,-0.09512649,0.19805768,-0.032530896,-0.26313922,0.2630959,0.32475692,-0.5209729,0.25579,-0.18211856,0.20987153,-0.0067147054
rna|MAGED4,0.36080843,0.113198616,0.0073899818,-0.12721202,0.14647245,-0.056155633,-0.048571672,-0.29903823,0.3576351,0.06725326,-0.4484916,-0.16031562,0.054726943,-0.212496,0.24192484
rna|SLC2A5,-0.054302827,-0.2756902,0.2130665,0.052680306,-0.07351156,0.34337434,0.24246474,-0.36195117,0.047295857,0.052966546,-0.23040521,0.30172968,0.22765978,-0.12911823,0.0848076
rna|SPRR1B,0.39298597,0.11013325,0.07187376,-0.067009866,-1.0323558,-0.0046616085,-0.6028303,-0.75387937,0.60727197,0.5058959,0.5375846,-0.11583136,0.3364355,0.16602956,0.54042894
rna|DHRS7C,0.49719223,0.2793523,0.22967444,0.11864936,0.1689118,0.3826283,-0.21894018,0.3054562,0.3186108,-0.28709492,-0.16405916,-0.41529942,0.3683686,-0.19939162,0.32753474
rna|UBE2N,-0.15830427,-0.08797889,-0.4760846,-0.1582294,0.030828418,-1.0421972,0.014022459,0.28179118,-0.21179917,0.20938744,0.27937075,-0.24078034,-0.3120829,0.5547422,-1.1915543
rna|RECQL4,-0.3785746,-0.030148868,0.57564735,0.42149368,0.22387771,0.6485849,0.3986308,-0.8965209,0.43403897,-0.1742506,-0.44785663,0.0029155982,0.14253597,-0.10482071,-0.07547697
rna|HAVCR1,0.2312279,0.03390298,0.0855644,-0.40508232,0.50674266,0.20727526,0.16950051,0.18888229,0.014948219,0.03231935,0.16015317,-0.083145484,-0.199086,0.28246167,0.37296674
rna|OR2A7,0.47895694,0.04647941,-0.2160933,0.16327319,-0.2789115,0.13080774,-0.5687843,0.58382434,0.106524356,-0.4010567,0.34605333,-0.021455135,0.31242767,-0.31370586,0.40725914
rna|UTS2R,0.38328165,0.32192025,0.10231267,0.3333387,0.0076977187,0.3819619,-0.07016814,-0.34039786,0.20017546,-0.3408434,-0.09746492,-0.021965098,0.3862189,0.020362537,-0.20565815
rna|MINAR1,-0.053337973,0.36437798,-0.06300228,-0.3850179,0.40364987,-0.3629667,0.21085572,-0.20519306,-0.06578212,0.17409384,-0.39526314,-0.19924906,-0.13603581,0.35751796,-0.49005148
rna|SYNGR1,0.17523932,0.38483676,-0.06501612,-0.31621718,-0.00084076624,-0.33427906,-0.4786457,0.3636919,0.414389,0.03656546,-0.2736324,-0.034504224,0.055213828,-0.053162657,0.3055314
rna|TMEM158,0.36390418,-0.03540004,-0.3608895,-0.025224766,0.20196465,-0.14517397,0.28956985,0.20773809,0.04187173,1.0461662,0.027717276,0.27359843,0.22263071,-0.22892576,-0.40011853
rna|NTNG2,0.25226784,0.13614944,-0.045298267,0.34757805,0.27713427,0.640499,-0.23435554,0.86403584,0.30306017,-0.06236925,0.19754209,0.6557749,0.021795778,-0.08320247,0.8010526
rna|HK3,0.049252566,-0.06879029,0.07858742,-0.44930223,0.4869571,0.18598816,0.42513984,-0.043144394,-0.5658366,0.6890759,-0.010508493,-0.12675945,0.3786923,0.042792547,0.18144822
rna|LAG3,0.20516627,0.045050282,-0.017595872,-0.7244451,0.8606316,0.039158583,0.3436275,0.22026211,-0.3158422,0.31372216,0.43835646,-0.404016,-0.23475851,0.5904873,0.3535215
rna|TMEM40,0.6055607,0.41185763,0.4233459,-0.07583996,-0.17297612,-0.040515494,-0.30612263,0.1514987,0.24019079,-0.04449667,-0.13420406,-0.5605193,0.6798787,-0.056670185,0.10631852
rna|CKM,0.3813701,0.22571754,0.4080092,-0.06428227,-0.25403848,0.108279735,-0.28386602,0.04680379,0.05556591,0.4407323,-0.21178152,-0.28484488,0.41044617,0.022471769,0.13656914
rna|ALDH1A3,0.4134586,-0.3069341,-0.027127525,0.0289985,-0.13438222,-0.116042644,0.2891682,-0.224424,0.0057614697,0.80570817,-0.49027812,0.19117187,0.49293503,-0.552214,-0.19550304
rna|ERAP1,-0.13021158,0.13480026,0.02309452,0.1175707,0.13297693,0.3329299,0.15918566,-0.09396352,0.09344868,0.06008698,0.03322673,0.11418818,-0.09626509,-0.012615983,0.29046783
rna|BATF,0.036256105,0.11370183,-0.44588172,0.12078431,0.5647622,-0.41762996,0.21322349,-0.09302456,-0.022646539,0.36716786,0.21441804,-0.3540884,-0.12038385,0.8936277,-0.37294486
rna|OR52I2,0.49905494,0.36093146,0.32519284,0.1352658,0.23127024,0.33083245,-0.47282174,0.3396367,0.22058444,-0.37856627,-0.3183765,-0.538659,0.5612135,-0.02456635,0.22313508
rna|LOC401191,0.34420234,0.20850006,0.32891697,0.18200019,-0.14040993,0.18853724,-0.36198464,0.32846794,0.27117774,-0.37055054,-0.2007554,-0.2823509,0.2966083,0.08454343,-0.019851424
rna|BARHL1,0.36993533,0.4521185,0.4457335,0.08353833,0.10932779,0.23858091,-0.27970776,0.49210003,0.2384721,-0.45198426,-0.1206031,-0.56836027,0.5570713,-0.25027096,-0.12502322
rna|NKX3-2,-0.040532034,0.1491537,0.012075311,-0.29641837,0.18550166,-0.21007317,0.16921325,0.15156418,0.21191199,0.5081656,-0.5787421,0.25196955,-0.03989631,-0.090509914,-0.40941557
rna|OSR1,0.6093497,0.17272304,-0.27748063,-0.46713686,-0.37579212,-0.29067314,0.03785117,0.020339655,0.23144558,0.34279972,-0.475553,0.049561758,0.24447691,-0.16318531,0.1248781
rna|DPPA4,0.32200122,0.060871396,-0.118482605,-0.01529665,-0.17978647,-0.28866267,-0.41641396,0.3467335,-0.12695457,-0.23253419,0.117279775,-0.28164265,0.035498623,-0.0037223164,0.008266749
rna|PARM1,-0.28328493,0.09554091,-0.4417654,0.21542713,-0.06261247,-0.19357851,0.01446527,-0.101534136,0.14978266,-0.045475636,-0.3591055,0.24838538,-0.4594886,0.25833648,-0.21400775
rna|RIN3,0.35727915,0.3078209,0.13351312,-0.1722836,0.6104173,0.5274125,0.34567004,-0.3915644,-0.04862248,0.22344887,-0.027213883,0.23978446,-0.116023704,-0.011890267,0.9055622
rna|NKX2-2,0.60225356,0.15905127,0.14675349,0.31569988,0.09729373,0.3146972,-0.45420083,0.6896979,0.1418065,-0.55535626,-0.112438016,-0.28100607,0.32332757,-0.0443697,0.33643886
rna|GAPT,-0.24176808,0.25239086,-0.28954998,0.14563543,-0.32696182,-0.18949826,-0.37283167,0.5586191,0.51669216,-0.06648504,-0.15921812,0.610223,-0.19916855,0.038568858,0.08925685
rna|PTCH2,0.13479267,0.37691194,0.26886147,-0.14647976,0.3540804,0.39804378,0.28003296,0.16472232,0.52111065,-0.37973884,-0.5664235,-0.3716937,0.111650735,-0.12162542,0.40753928
rna|ZNF135,0.19659843,0.4813249,-0.12718435,-0.23174234,0.07454209,0.016000303,-0.2398622,0.30975154,0.18332218,0.54673064,-0.40822795,0.19199857,-0.17124808,-0.021001058,0.067423455
rna|CA1,0.24819995,0.31048647,-0.15440361,0.16333726,-0.010664419,0.34948194,-0.30567148,0.3763129,-0.07107027,-0.29678997,-0.13507338,-0.47086418,0.35056362,-0.10272296,0.30840272
rna|FAM186B,-0.07641787,0.20172288,0.54491454,-0.3203653,-0.20095292,-0.5090534,-0.36541122,0.2323164,0.25949913,0.06562972,-0.08573765,-0.45625305,-0.07587724,-0.23447548,-0.39337313
rna|CYP26B1,0.26553082,0.159473,-0.021800231,-0.06545755,0.23242742,0.39404663,0.08126196,-0.10028969,0.24879265,0.4773652,-0.31951773,0.29918075,0.17706022,-0.099106535,0.54554635
rna|APCDD1,0.33955777,0.014406902,-0.12274325,-0.35141194,-0.41818908,0.19546832,-0.05565587,-0.38602847,0.24865533,0.71416175,-0.28225297,0.1311516,0.41146404,-0.2128923,0.22670962
rna|OR9K2,0.5486445,0.33971405,0.37234294,0.26662934,0.05688287,0.32547513,-0.3010564,0.5381413,0.23644009,-0.32875046,-0.2826093,-0.48875073,0.3810923,-0.0073836716,0.04576374
rna|SMC1B,0.12542018,0.24118444,0.35368523,0.09490826,0.12620062,0.28694052,-0.2898262,0.10782527,0.3720106,-0.17480767,-0.2889714,-0.2698655,0.37488216,-0.15815006,0.0023915493
rna|CHSY3,0.300591,0.22190088,0.08017132,-0.5046527,0.27859926,-0.0697874,0.27520785,0.16573389,-0.08125515,0.62699556,-0.7044284,-0.3661654,0.31463155,-0.031951033,-0.30252147
rna|MIR663B,0.46628788,0.5066435,0.45167935,0.34313563,0.09617701,0.36882216,-0.26150152,0.4385306,0.29913762,-0.2833443,-0.20480663,-0.3409077,0.4518117,-0.18532868,0.076663665
rna|VGF,-0.22581777,0.23953591,0.3772017,0.33917588,-0.005365018,0.25936112,-0.02792108,0.04527666,0.28619257,-0.058432415,-0.24486554,0.0066708406,0.032422997,0.04450735,-0.46459675
rna|TRIM7,0.7155387,0.45042768,0.21475877,0.1614133,-0.13181463,0.399818,-0.43188658,0.25693262,0.20776063,0.050117813,-0.13787298,-0.30169123,0.39722902,-0.0035455527,0.3639831
rna|SCGB1C1,0.5122823,0.35639182,0.32516485,0.18742304,-0.078072056,0.43526584,-0.26426637,0.36740473,0.09564828,-0.24759959,-0.2729866,-0.36859086,0.37471104,-0.066486776,0.00566868
rna|EPHA1,0.43673676,0.5344243,0.13963321,-0.35826474,-0.026526233,-0.26299563,-0.36217415,0.38522243,0.21753174,0.32883397,-0.31847546,-0.33543456,0.13539827,0.047257673,0.6312222
rna|PFKM,-0.24868059,0.44359338,-0.10632068,-0.22734107,0.44524452,-0.47507474,0.23075815,-0.05498362,0.22412252,0.65325844,-0.43234545,-0.27247876,-0.33479366,0.35490814,-1.1439706
rna|HLA-DRB3,0.19929637,-0.02867277,0.091365926,0.031475544,0.15186459,-0.15500957,-0.07339345,-0.048666656,0.062079042,0.10008163,0.09949015,-0.07326011,0.029006746,-0.0077660987,-0.024419107
rna|MMP11,0.12678793,-0.002515524,0.37974784,-0.5517363,-0.20396362,-0.17652477,0.018750653,-0.1879175,0.101328924,0.34119833,-0.62394387,-0.04519901,-0.0862671,-0.20984456,-0.1312174
rna|DSP,0.40055025,0.3829667,-0.36019385,0.02316472,-0.8431399,-0.41864026,-0.35818228,-0.35256255,0.54840356,0.5236543,0.2642877,0.13938789,-0.028425965,-0.03616189,0.53541666
rna|CHURC1,-0.10591061,-0.27912045,-0.5324774,-0.33776262,-0.10394214,-0.9229769,-0.12940268,0.32594985,-0.44804147,0.1448548,0.60196036,-0.18137692,-0.27305415,0.48800296,-0.8245784
rna|MAML3,-0.08651833,-0.31319064,0.056439236,-0.44077015,-0.7511711,-0.47157794,-0.16383067,0.589114,-0.08573845,0.19976641,0.0007720299,0.2269208,0.20078295,-0.4083094,-0.2127305
rna|MPP6,-0.5798555,-0.18222074,0.41297418,0.5089624,-0.10294106,-0.025622902,0.2998823,-0.52092135,0.2634427,0.013714682,-0.24942441,0.33036205,-0.1709166,-0.21132116,-0.33722752
rna|AHSP,0.2798313,0.28395844,-0.14253034,-0.22993806,-0.13480577,0.0872131,-0.13501234,0.1328584,0.043122277,-0.029516907,0.0840234,-0.22523656,-0.14437492,-0.06696109,0.276669
rna|IFNG,-0.007908186,-0.1777695,-0.24344759,-0.6685193,0.6894954,-0.2234202,0.36173978,0.28670776,-0.6776798,0.47929978,0.46540153,-0.39520177,-0.1331724,0.77952534,-0.16468132
rna|IFIT1,0.3548981,0.07961959,0.31598675,-0.543216,0.44569921,0.19527808,0.4185096,0.19515932,-0.30076835,0.43276015,-0.3278846,-0.21159065,-0.08084642,-0.07272046,0.3724645
rna|TUFT1,0.18628313,0.42728764,0.10208987,-0.57185215,0.02501474,-0.098902985,-0.05323944,-0.34976217,0.08511164,0.6325999,-0.30375445,-0.5466457,0.11601378,0.11626105,0.0029212895
rna|CHL1,0.105789684,0.18880588,-0.07016672,0.19234282,-0.008387888,0.08649817,-0.40234545,0.27909827,0.24181795,-0.08191414,-0.46545127,0.1531196,-0.3387186,-0.14944147,0.29885975
rna|GAS8-AS1,0.6408802,0.361531,0.4344601,0.49780557,0.10959237,0.3237011,-0.44121823,0.5802599,0.3308375,-0.3898511,-0.077323735,-0.30028215,0.46140796,-0.06806884,0.09561809
rna|POTEA,0.05416582,0.054628033,0.28462467,-0.07159744,-0.04630714,0.086871184,-0.11313859,0.12350548,-0.018662585,-0.14538306,-0.050217465,-0.060520127,0.15106198,-0.0707867,-0.39835894
rna|KCNAB1,0.3217668,0.12953012,0.002991782,-0.46833712,-0.06049387,-0.40156034,0.15891828,0.4127832,-0.03431326,0.16688421,-0.12367019,-0.31955773,0.2848483,-0.17130663,-0.15087491
rna|PLCH2,0.4340276,0.58321524,-0.36897397,-0.5501571,0.39555016,-0.4870179,-0.03497965,0.50344795,0.09642442,0.5447238,0.25592324,0.025553854,-0.3671577,0.52139634,-0.071059205
rna|SVEP1,0.22573829,0.30101633,-0.6311733,-0.54791725,0.15536314,-0.409285,0.17003092,0.49345696,-0.03925102,0.011273014,-0.38997662,0.22431853,-0.31859416,-0.0015784624,0.44350246
rna|LMO3,0.46926466,0.1541325,0.35427204,0.251732,-0.048638456,0.51239246,-0.15900919,0.11927926,0.1450968,-0.41512942,-0.28666866,-0.38371962,0.5094999,-0.23105684,0.13296926
rna|CXORF65,-0.3053359,0.07013861,0.13001004,-0.4105718,0.15308425,0.04303903,-0.0067336615,-0.12895925,0.04872327,0.34611887,-0.13216275,0.07467534,-0.46535483,0.31513005,0.4596972
rna|HMGN1,-0.25683776,-0.52547586,-0.28716344,-0.04960349,-0.37579212,-0.60152745,-0.042219102,0.14574121,-0.23148271,-0.16802529,0.39649883,-0.058671743,-0.26702696,0.077103145,-0.8290296
rna|SPDYE1,0.6043744,0.38218233,0.383245,0.16136761,0.23047829,0.11278891,-0.24466455,0.46231204,0.26546973,-0.4847812,-0.22142841,-0.43903333,0.5801813,-0.15920927,0.024983283
rna|WDR25,0.005736804,0.26435512,0.37966585,-0.65868104,0.7986744,-0.3060551,0.2641581,-0.019111454,0.055421464,0.22412086,-0.4675639,-0.5437802,-0.079035744,0.20403579,0.02053417
rna|IGF2BP3,-0.5256396,-0.15966739,0.26763448,0.37113804,-0.3226804,-0.11627123,0.115829885,-0.21875015,0.124323264,0.06281248,-8.672383e-05,0.13012101,-0.14781079,0.15219046,-0.9077183
rna|CD70,-0.18972541,-0.20445357,0.27250087,0.07147955,0.052604243,0.25294572,0.12727885,0.01611882,-0.1055465,0.016833324,0.18602572,0.27705956,0.09237533,0.22020663,-0.043389436
rna|AGBL4,0.13803187,0.3701654,0.20130228,-0.13513958,0.18996155,-0.3303077,0.009792589,-0.0457814,0.2040382,-0.05675098,-0.2895041,-0.41123882,0.080455646,0.24165797,-0.07669787
rna|CCDC88A,-0.11456486,0.16548826,-0.22350651,-0.20192195,0.05879774,-0.5095681,0.15235364,0.10179414,-0.08751665,0.56068665,-0.05342821,-0.21038434,-0.31770563,0.47984955,-1.023337
rna|PLA2G3,0.5372998,0.5196577,0.2589269,-0.21855356,-0.48418322,0.052855354,-0.44985095,-0.04586961,0.73619974,0.1938224,0.08833682,-0.4784261,0.36697125,0.18704249,0.28982532
rna|VNN1,-0.17818022,-0.4023618,-0.07846525,0.43568185,-0.35096487,-0.36516365,-0.100602224,0.41584936,-0.2977854,-0.101780474,0.5305719,0.2598801,0.29806814,-0.112862155,-0.0847309
rna|BNIP3,-0.14737123,0.12549011,-0.42818284,-0.361703,0.082737565,-0.32601598,0.17561722,0.14763997,-0.23874867,0.50794953,0.11012814,-0.418755,-0.0032440675,0.28986266,-0.6923658
rna|DMRTC2,0.43899846,0.28490242,0.2661103,0.34249872,0.14598551,0.3473927,-0.31615907,0.36036518,0.26977184,-0.35314542,-0.30332327,-0.39558014,0.44278622,-0.24123,0.13836682
rna|SEPTIN5,0.3484318,0.29528332,-0.071378805,-0.03337323,0.016394379,0.034996163,-0.056771852,-0.121813975,0.34753564,0.21333748,-0.42302224,0.27630132,-0.16708408,-0.2796189,0.36680132
rna|DECR2,-0.21506824,0.35547802,0.042242095,-0.15820017,0.20402259,0.14304009,0.47102198,-0.44756252,-0.08090755,0.34876075,-0.38875857,-0.26745075,-0.12161001,0.2526782,-0.22577995
rna|TIMP4,0.5838644,0.27370143,0.09049035,-0.08044802,0.1847795,0.16934842,0.079603255,0.18088594,0.17693698,-0.16008708,-0.51514304,-0.028593551,0.4021999,-0.23492429,0.3420353
rna|MSI1,0.5360615,0.29726368,0.2912898,0.3909754,0.115711324,0.2855075,-0.43493572,0.5687338,0.22440718,-0.53987765,-0.07519892,-0.36454126,0.5586812,-0.13322316,-0.013388984
rna|TNNC1,0.26116163,0.32916206,0.33154333,-0.09528584,-0.033962447,-0.052352227,-0.21539696,0.1326629,0.115136035,0.3314366,-0.36507937,-0.25019664,0.25913206,0.19842911,0.1579343
rna|FLJ16734,0.43519348,0.5956333,0.39971206,0.22844616,0.32438025,0.3909453,-0.26270458,0.43181145,0.3691431,-0.15904364,-0.3227752,-0.09753364,0.16152897,-0.28481385,0.14426652
rna|HGF,0.52042395,0.07122964,0.099121675,-0.45401683,0.22704867,0.41265246,0.30244356,-0.054240715,-0.27038372,0.40935728,-0.47558555,-0.30554163,0.15369265,-0.35447207,0.44570112
rna|TIGD7,-0.25523308,0.33145934,-0.2814093,-0.29898426,0.38258323,-0.76015484,-0.01777649,0.21468088,-0.02546375,0.32327712,-0.16429414,-0.40620452,-0.29485932,0.45776746,-0.86991477
rna|MMP12,0.082453184,-0.22572942,-0.51376355,-0.05414348,0.076912336,0.045882903,0.07352191,-0.13872871,-0.18936892,0.25443166,0.63694257,0.06313423,-0.012673564,0.47159788,-0.13576736
rna|LHX2,-0.09518769,0.0610927,0.27061933,-0.14370719,0.03855664,-0.31074983,0.04625334,0.14778957,0.1864275,-0.034835946,-0.0836027,-0.31615642,0.24287747,-0.0067927595,-0.20166491
rna|SLURP1,0.7450243,0.24081318,0.33001992,0.06945785,-0.58092993,-0.08164578,-0.48624164,-0.28423706,0.54197705,0.3477466,0.13912542,-0.42100152,0.38767776,0.044757433,0.11561148
rna|OTOP2,0.4859653,0.29460004,0.20588803,0.29587996,0.12081049,0.34877107,-0.39416802,0.5333777,0.12483849,-0.39200693,-0.113987185,-0.4116054,0.49503744,0.041441362,0.11115015
rna|RNF216P1,0.021765096,0.18888742,0.19619414,0.32606727,-0.030655801,0.5537118,-0.06777767,-0.0073776077,0.33541912,-0.05143674,-0.12025056,0.5051578,0.08444854,-0.3183638,0.5183819
rna|HTATSF1P2,-0.11328893,0.017604297,0.05002708,0.092474274,0.38721678,0.14054634,0.17906936,-0.076241195,-0.12905739,0.38120216,-0.33762285,0.18646705,-0.05975168,-0.04493227,0.07565435
rna|HDAC9,-0.08681687,-0.32015577,0.19410607,0.0020216664,-0.3964299,-0.2536936,-0.22532292,0.115758106,0.10179946,-0.45321676,0.26797235,0.08474284,-0.17909649,-0.22139315,0.02402093
rna|G6PC1,0.35386705,0.4276774,0.3021791,0.43646777,-0.051698748,0.030636441,-0.36309043,0.49857712,-0.13184011,-0.4984831,-0.096685395,-0.79274917,0.45938474,-0.17623404,0.18326455
rna|MXRA8,0.35605562,-0.2214305,0.20142834,-0.42694297,-0.21345037,0.15473042,0.20578218,-0.09640521,0.124141715,0.4716627,-0.5687464,0.5928804,0.17189896,-0.74599546,0.3389753
rna|CLHC1,-0.20128392,0.021519305,-0.3687291,-0.35162514,0.0353303,-1.0562478,-0.0702316,0.25241995,-0.047747724,0.06274634,0.17021567,-0.47310942,-0.17659198,0.4293537,-1.0197141
rna|H3C3,-0.14748017,-0.07821193,-0.03676025,0.36270607,0.10583185,0.38955617,0.060867377,-0.08485514,0.23529096,0.13044491,0.14139411,0.29872447,-0.29217374,0.1714877,-0.008855273
rna|LILRB2,0.18376958,0.070410825,-0.26446924,-0.33173835,0.36890984,0.6965157,0.61662894,-0.118910186,-0.4204236,0.8076474,0.32395434,0.032974593,0.09478494,0.2789612,0.24022052
rna|METRNL,0.26654953,-0.14587614,0.19576055,-0.20150855,0.0064976807,0.8078428,0.19268122,-0.321899,-0.23418921,0.51760405,-0.07974436,0.21491668,0.3833772,-0.40344983,0.7252692
rna|UGT1A1,0.47776482,0.6090302,0.2862497,0.4192822,-0.15940522,-0.12372096,-0.15576625,0.22148992,0.024620349,-0.1779163,-0.13393918,-0.762628,0.5890312,-0.15739456,0.34431207
rna|RUNX2,0.506466,-0.061366405,0.17839535,0.34236905,-0.11153147,0.5775251,-0.4333175,0.3847317,0.25675735,0.075526275,0.096354336,0.7024177,0.26532263,-0.51881534,0.5465058
rna|CYP1B1,0.009759222,-0.7232695,-0.3676725,-0.17598802,-0.20866586,-0.2591938,0.15870923,0.28136837,-0.65072167,0.54262316,0.27179784,0.53485376,0.12977645,-0.34087855,-0.15678073
rna|CD164L2,0.53584325,0.34297058,0.20485018,0.17784055,-0.25886112,0.39535233,-0.5402211,0.1279092,0.39951354,0.10788548,-0.013469348,-0.41341755,0.4530521,-0.036031645,0.2572628
rna|C12ORF50,0.5653158,0.3072234,0.36768445,0.36767417,0.17375006,0.26090574,-0.32843494,0.41824827,0.16592826,-0.38121247,-0.29582557,-0.42126212,0.4879211,-0.18933597,0.14242274
rna|LYVE1,0.43885,0.23821409,-0.8275872,-0.22878458,-0.2879578,-0.4000372,-0.031500805,0.12736523,-0.19801001,-0.031659022,-0.0572134,-0.049568497,-0.00309903,-0.077304035,0.42075634
rna|COX10,-0.16355258,0.3120963,-0.3624623,-0.4452341,0.39952332,-0.60183597,0.31514344,-0.032770194,-0.08378475,0.516211,0.011525911,-0.3613067,-0.258241,0.4680552,-0.97732896
rna|KLK14,0.36472014,0.3088071,0.45473203,0.35758886,-0.10314324,0.4264025,-0.2793578,0.27607304,0.18208942,-0.43824726,-0.17240408,-0.102744214,0.36492184,-0.20503579,0.22110862
rna|SLC16A5,0.33208555,0.5503507,-0.0037973032,-0.72479135,0.57080936,-0.20256434,0.20368806,-0.077096425,-0.026830018,0.7020383,-0.34319362,-0.5553645,0.1009768,0.3122329,0.044449188
rna|GRIN3A,0.18005635,-0.038417112,0.024012633,-0.68861014,0.9155397,0.04807518,0.59920496,0.27968508,-0.5767155,0.36689854,0.3681183,-0.4322549,0.09918604,0.43652877,0.13562587
rna|PARD3,0.4782682,0.30841938,0.28895846,-0.2793463,0.06106718,-0.007855498,-0.07018714,0.1119841,0.29771882,0.16597727,-0.48079085,-0.35076642,0.22861168,-0.43928495,0.24688406
rna|EXOC3L4,-0.10537224,0.6100735,-0.26368237,-0.16537456,0.5603851,-0.00081719516,-0.008233017,0.448506,0.24143939,-0.13608193,-0.26231456,0.105465084,-0.24810398,0.11622017,0.91634166
rna|C21ORF62-AS1,0.07369473,0.24826796,0.37149578,0.02125348,0.19792798,0.409601,-0.015681518,-0.15689231,0.28246,-0.39010224,-0.24252553,-0.18776865,0.1938215,0.09588968,0.33097762
rna|HBG2,0.3372901,0.3276298,-0.012579554,-0.18321438,0.23380628,0.5070464,-0.031617753,0.10143186,0.14738035,-0.28502402,-0.33913007,-0.50310236,0.37704664,-0.1917051,0.22052304
rna|ZCCHC10,0.057339747,-0.3418021,-0.3922097,-0.111472994,-0.14617555,-1.0936387,-0.2262952,0.45498112,-0.26682538,-0.10764015,0.59087807,-0.36689508,-0.08229607,0.37526032,-1.0374926
rna|PDCD1,0.15293509,0.21476725,-0.0078070373,-0.2538533,0.57876545,0.15956344,0.103501864,0.28319195,0.0026505778,0.3486679,0.24295318,0.13553736,-0.37418395,0.38967898,0.20747644
rna|PRR23B,0.5532859,0.27739954,0.36926675,0.19191633,0.1945697,0.2950682,-0.24640836,0.37665355,0.1888443,-0.36817405,-0.11531731,-0.52675873,0.41066968,0.018692922,-0.056637235
rna|NCAPG2,-0.6343642,-0.21892847,0.28724393,0.37539667,0.13703604,0.41638926,0.41844818,-0.7100867,0.25738913,0.32985675,-0.23827483,0.50095344,-0.23536636,-0.023146383,-0.33069858
rna|CD300LB,0.48895344,0.4781683,0.2598994,-0.30391875,0.4054872,0.07979547,0.08920851,0.37913153,0.004938165,0.10768253,-0.35930106,-0.22848716,0.361305,-0.13572642,0.10581403
rna|SNORD78,-0.32495448,-0.6667679,-0.20280176,0.123020776,-0.6949989,-0.40382066,-0.14519648,-0.43995753,-0.29177698,-0.30456603,0.65562254,-0.07136332,0.046268344,0.044529054,-0.33600366
rna|OR2M4,0.49269518,0.42252365,0.30321077,0.4016132,0.18636166,0.4532686,-0.33080128,0.34025398,0.26522666,-0.49335477,-0.2681987,-0.35256836,0.45360905,-0.0652965,0.29181474
rna|PCDHGA7,-0.066384636,0.046393093,0.6353898,0.26349047,-0.1011962,-0.13663092,-0.27048174,0.37921065,0.6763541,-0.07131606,-0.40705454,0.5975456,-0.22079235,-0.59988385,-0.03417228
rna|ITGA8,0.45267737,0.31132585,-0.20791371,-0.61628336,-0.27485347,-0.38973442,-0.25840163,0.24558657,0.08388453,-0.003234903,-0.18088624,-0.40709397,0.05294647,0.0070909727,0.5900656
rna|BRS3,0.5767675,0.22443315,0.28071603,0.26461163,-0.018213084,0.22041431,-0.4454075,0.4167674,0.049985223,-0.42487112,-0.084392354,-0.34090868,0.55214137,0.020791061,0.12480519
rna|MYO7A,0.24903408,0.23686272,0.57975984,-0.19909339,0.11426777,0.2513481,-0.012285328,0.2425139,-0.15125702,0.316606,-0.14237806,-0.027809652,-0.22014335,0.010588668,0.5043179
rna|SLC51A,0.15286566,0.29832053,0.20424588,-0.18113719,0.18882155,-0.19835444,0.28251866,0.23299581,-0.066958904,0.3595396,-0.5356483,-0.52990156,0.44825384,-0.08946776,0.02461311
rna|HSPG2,0.15406227,-0.2168366,-0.021836873,0.085369326,-0.13726632,0.44625965,0.24183178,-0.44941387,0.15869837,0.40831074,-0.61621094,0.77760845,0.07206385,-0.76538754,0.645809
rna|CXCR6,0.19066767,0.0778977,-0.018232679,-0.5208291,0.5830851,0.35104972,0.17826831,0.39472455,-0.09082689,0.4208495,0.21433888,0.14941938,-0.25303608,0.12501454,0.7019601
rna|MIR21,-0.11529241,-0.09940326,-0.38725647,-0.18700477,0.05254877,0.18435933,0.23665833,-0.2527778,-0.09085068,0.6304316,-0.34308186,0.37858954,-0.066636845,0.0810044,0.17738383
rna|SGIP1,0.33535597,0.01132686,0.19643135,-0.2512297,-0.0057719355,0.13902296,0.16040903,-0.21492164,0.089286156,0.7030283,-0.53383577,0.11653715,0.3663593,-0.49754643,-0.2591931
rna|PLEKHG3,0.45721138,0.18259114,-0.10194419,-0.62299365,0.5748345,0.11796984,0.45256907,0.1263612,-0.06811532,0.6689087,0.052070066,-0.21241564,0.38315585,0.017791985,0.47520977
rna|TSG1,0.60867965,0.31967434,0.28557965,0.19096552,0.049928516,0.3593147,-0.4102056,0.4503259,0.18239035,-0.31750914,-0.17660962,-0.5275418,0.5016204,0.06482324,0.011314898
rna|ALPK2,0.22625126,0.38742796,-0.51260304,-0.31025323,0.48432305,-0.5226664,-0.023296146,0.62292814,0.22947237,0.5549536,-0.16485739,0.2109506,-0.35303414,0.12547433,0.07975935
rna|KLHL14,-0.3240292,0.011189432,0.1436093,0.2590052,-0.24859425,-0.35047323,0.045874614,-0.13440141,0.2748305,-0.10360518,-0.12789479,-0.079847395,-0.2698033,0.25241792,-0.68427896
rna|SPRED2,-0.1949828,-0.04811296,0.23455168,-0.022157922,-0.3733941,-0.4628729,-0.09574868,0.34417605,-0.044588834,0.5625709,-0.12338058,0.27535778,-0.4403623,-0.2653301,-0.7401923
rna|CYP3A5,0.32944933,0.2933413,-0.2808453,-0.23694782,-0.7116826,-0.6336585,-0.16515613,-0.1528465,0.05960543,0.49564058,0.23860013,-0.42360935,0.41368148,-0.08589142,0.46401003
rna|CYP2D6,0.0784865,0.3547778,0.4650768,0.102183945,0.25551742,0.16755673,-0.0051141693,0.22702459,0.33478296,-0.15521966,-0.3525897,-0.122297026,0.09958274,-0.5772302,0.6848691
rna|HLA-DPB1,-0.084844396,-0.36352858,-0.17524314,-0.014937973,-0.24577421,-0.74771273,-0.29961258,0.6428374,-0.21717088,0.24320808,0.55844843,0.35741827,-0.2749398,0.24975769,-0.5425794
rna|CLIC6,0.22981098,-0.001905307,-0.08769727,-0.01424363,0.11138964,-0.3323826,-0.0019850684,0.21005127,0.1326444,0.8536694,-0.5180223,0.26824462,0.15989432,-0.25083417,-0.27131078
rna|RCN3,0.43403408,-0.1286765,0.15919994,-0.5844795,0.20533475,-0.040445592,0.29081202,-0.23780866,-0.11297428,0.5722723,-0.4812846,-0.28640422,0.4509836,-0.5297825,0.19836217
rna|AMHR2,0.4885594,0.44169736,0.01914631,-0.11068588,-0.18141094,-0.27955255,-0.03317204,-0.0030280878,0.11078763,0.19578226,-0.28365356,-0.5687523,0.34095255,0.24403001,-0.03156532
rna|AOPEP,0.4722612,0.37064376,0.28877243,0.12670542,0.101498604,0.2241277,0.050244506,-0.1786913,0.37117088,0.33742735,-0.35460487,-0.1838067,0.12358447,-0.22633906,0.29325324
rna|DTNA,0.25469628,0.46056724,0.06985209,-0.24818307,0.047486655,0.29233894,-0.01409665,0.29910383,-0.039785564,0.121339664,-0.43254486,0.16111386,0.025897004,-0.34272304,0.74357444
rna|RIBC2,0.2804658,0.21922885,0.5673694,0.114244334,0.21869226,0.4256625,-0.11732182,-0.031928867,0.32021838,-0.065897554,-0.36095518,-0.21033269,0.37352324,-0.21196556,0.19458117
rna|MYBPC2,0.20391181,-0.0026074704,0.14912955,-0.18643928,0.23377247,-0.31324285,-0.12690015,0.30896124,0.54375684,0.028059937,0.1330967,0.06367341,-0.022454541,-0.10492269,0.1945085
rna|FTH1P12,-0.14503975,-0.45126608,0.10306241,-0.21724558,-0.00018907347,0.2861848,0.21976434,-0.25220928,-0.33905795,0.34064645,0.31019908,-0.15890518,0.278245,0.053156435,0.07902852
rna|AGA,-0.02860685,0.4249442,-0.3726119,-0.020973867,0.43159205,-0.35263446,0.19636679,0.2542215,0.037550863,0.65902853,-0.18906456,0.21099526,-0.36002606,0.30290335,-0.7835103
rna|BFSP2,-0.36785245,0.025977172,0.30317092,-0.32138693,0.28363076,-0.27051228,-0.045525476,-0.06854398,0.18288004,-0.010647004,-0.22968811,0.04934997,-0.37451467,0.09073451,-0.24785595
rna|IQCG,-0.20637523,0.2659979,-0.08349903,-0.4062858,0.5963503,-0.3238423,0.30447185,-0.28910664,0.0012864944,0.28631353,-0.5049026,-0.20323206,-0.295653,0.4293055,-0.33457744
rna|PPP4R4,0.08048809,-0.1839926,0.14727072,0.24007827,-0.12640798,0.11730868,0.08766236,-0.27413145,-0.13180637,0.18120308,0.08408399,-0.106133334,-0.03835094,0.03351415,-0.28062236
rna|PCDH18,0.26699772,-0.1407712,-0.34567887,-0.7419694,-0.24264655,-0.49428305,0.2765284,0.16626205,-0.32921836,0.8442448,-0.20335975,-0.211957,0.043204796,-0.004133502,-0.649743
rna|PROC,0.19015044,0.5131806,-0.051706217,-0.22953567,0.34107146,-0.64723563,0.095327154,0.33433416,-0.027671756,0.21837252,-0.17611997,-0.39065152,-0.083361425,0.046313964,0.24707589
rna|NPAS4,0.23786464,0.26824188,0.031369455,-0.3724318,0.09763778,0.18675727,0.092304945,0.24052396,0.09053733,0.13254054,-0.25498924,0.039417434,0.26390654,-0.30571476,0.111627266
rna|LOC286367,-0.13937035,0.35005397,0.06725242,-0.30486178,0.26467666,-0.5899874,-0.11254885,0.22919106,0.27839234,0.18367887,-0.5146869,-0.36748296,-0.25354227,0.23246427,-0.60632855
rna|FSCN3,0.3842253,0.38014483,0.35156488,0.1348272,0.20405579,0.25154546,-0.3024964,0.46152353,0.25667435,-0.2714364,-0.27974027,-0.36709642,0.41319326,-0.1192341,0.07325586
rna|PTGER2,0.14518665,-0.005351777,-0.0713599,-0.11812497,0.45369527,0.4807123,0.46289763,0.13847473,-0.34849742,0.56549567,0.1091916,0.07597423,0.09171783,0.1195835,0.2528518
rna|MEOX2,0.11293275,0.36831632,-0.5079565,-0.6841434,0.18835656,-0.7437112,-0.080170274,0.5299215,0.043096546,0.1557554,-0.3771705,-0.29128093,-0.29050624,0.3953269,-0.43007675
rna|ZNF672,-0.38102725,0.22657041,0.1249301,-0.4805037,0.5954576,-0.43349355,0.19131051,-0.12371427,0.028510522,0.4948383,-0.40771055,-0.47234032,-0.33510333,0.43700632,-0.5207741
rna|OR7E85BP,0.5724125,0.11632644,0.3173187,0.17567916,0.07455623,-0.015227146,-0.47703657,0.482991,-0.024247663,-0.56961715,-0.0739861,-0.7314227,0.5084558,-0.053833093,-0.10729147
rna|PPP2R2C,0.25575492,0.50561327,-0.23128791,-0.31002256,-0.49310392,-0.21216431,-0.44599816,-0.041658055,0.6442306,0.44410866,0.0510179,0.052991107,0.04564301,0.22988145,0.5091107
rna|C2CD4D-AS1,0.17107582,0.010886717,0.60311306,-0.2819029,0.29569405,0.17633978,0.053519227,0.17804483,0.06914867,0.0070023504,0.31225803,0.09230399,-0.11796428,-0.18028465,0.6537056
rna|CPA3,0.5967972,0.30686614,-0.25925654,-0.31609976,-0.4088001,-0.3384158,-0.34545153,0.107476056,0.34554648,0.1653682,-0.39242035,0.11430627,0.22915703,-0.24981666,0.4823279
rna|RNF180,-0.19652243,-0.2604185,0.07775995,-0.29216576,-0.25156766,-0.33915836,0.026066002,0.30140647,-0.047822885,0.35815653,0.12964748,0.21973698,-0.1546307,-0.38105696,0.0055891266
rna|PNMA8B,0.54879284,0.4098331,0.32386193,-0.06657716,0.061046455,0.18872003,-0.2124541,0.4753824,0.14533451,0.021396307,-0.4444025,-0.27205458,0.21494423,-0.07719273,0.3134579
rna|TMEFF2,0.54096484,0.5259671,0.4185133,0.08700159,0.13768595,0.13271974,-0.2689798,0.2926711,0.4240625,-0.14923279,-0.27970433,-0.47916856,0.51823485,0.042898536,-0.068993635
rna|CD40LG,0.060821354,0.48609886,-0.432796,-0.5259075,0.3940309,-0.69524527,-0.19113548,0.56102335,-0.013589119,-0.033494405,0.07893339,-0.023835942,-0.60301757,0.45848915,0.12084446
rna|PPIL6,0.32722503,0.39753357,0.13205087,0.16171548,0.074485905,0.13959475,-0.2886936,0.33246222,0.33260885,-0.1353103,-0.52713245,-0.35866275,0.30502135,-0.06680374,0.1033837
rna|NPDC1,0.038987517,-0.17887707,-0.13497506,-0.03931951,-0.0142087955,0.7068401,0.14684728,-0.053662803,0.074353814,-0.053641655,-0.0712191,0.59685266,-0.16030557,-0.46689743,1.0277622
rna|PLAC9,0.58695287,0.19519487,0.089448154,-0.37347692,-0.06473281,-0.0068411687,0.16560632,-0.083756946,0.404706,0.1227404,-0.622006,0.05819564,0.04597192,-0.33722037,0.56646097
rna|SNORA71D,0.12559636,-0.7249571,0.19340871,0.45857665,-0.5497968,-0.07675461,-0.15892425,-0.3139346,-0.28138313,-0.26417857,0.10861167,-0.049349833,0.17559451,-0.38741493,0.12003334
rna|MIR181B1,0.4240034,0.047726672,0.26523834,0.30741024,0.006853754,0.33916536,-0.4753107,0.50507367,0.123816855,-0.43591762,-0.06606165,-0.50559765,0.5322684,-0.14575613,0.12213374
rna|FAM20C,0.48311344,-0.25881532,0.15708248,-0.10695431,0.1564566,0.41931248,0.51434,-0.140324,-0.33956426,0.85420084,-0.05509052,0.39858764,0.47315088,-0.644087,0.24103174
rna|FAM184B,0.04221297,0.37460512,0.37263587,-0.18109183,0.37827483,0.20545414,0.13640371,-0.19629346,0.0976534,-0.09860985,-0.5468881,-0.38096538,-0.18972515,0.19205178,-0.06729415
rna|ATP8A2,0.24671897,0.33204302,0.15430896,-0.12769067,0.38666216,0.48856544,-0.23127171,0.6553712,0.20965603,-0.14482456,0.06332425,-0.011688584,0.012029101,0.12413108,0.682659
rna|TFAP2C,0.66612047,0.03405729,0.20095882,-0.3810936,-0.39627075,-0.04352455,-0.1525326,-0.36426035,0.27442053,0.9732502,0.051758777,-0.062391985,0.54365796,-0.04699868,0.07027209
rna|NEUROD4,0.5485634,0.22792965,0.33857474,0.45355076,-0.0007942327,0.43274143,-0.40529296,0.38481486,0.15703885,-0.3339817,-0.24149208,-0.47396448,0.4907663,-0.062416714,0.009918596
rna|APOA1,0.111809626,0.57481086,-0.03678569,-0.09100903,0.37849534,-0.017795842,0.37051964,0.018869292,-0.17096375,0.07470763,-0.38121516,-0.6235721,-0.012344244,0.20153664,0.33568007
rna|CATIP,0.40709978,0.30277872,0.2454894,0.13854106,0.023829265,0.30894333,-0.21086535,0.46128434,0.35122064,-0.3531091,-0.28206754,-0.39207536,0.24852425,-0.15876463,0.12226663
rna|TTBK1,0.3969061,0.49199444,0.27714807,-0.06749888,0.28220466,0.13540904,-0.06435383,0.44954097,0.15660393,-0.23403157,-0.20248865,-0.55663955,0.48770535,-0.025513483,0.04334939
rna|CPE,0.13154782,0.06307707,-0.31781927,-0.5211638,0.11184571,-0.6727574,0.047217693,0.3068112,-0.16010661,0.7790202,-0.43515828,-0.049865413,-0.25369754,0.2515702,-0.5264416
rna|ETFBKMT,0.39772362,0.46990314,0.2585621,0.24496455,0.07418852,0.482097,-0.17354949,0.33869472,0.3574219,-0.3212305,-0.20766753,-0.31279594,0.47186184,-0.14289038,0.377253
rna|KIF17,0.39671534,0.26865736,0.0020909398,0.15197662,0.13014255,0.6027996,-0.105767444,0.36960807,0.10696729,-0.15032578,0.045427278,0.056312036,0.26741475,-0.13906744,0.59955513
rna|DEFA5,0.4838793,0.32098088,0.33746827,0.43963778,0.14684479,0.5794281,-0.3882365,0.5228121,0.30527556,-0.44799435,-0.24212064,-0.30640376,0.47725725,-0.13115218,0.2035509
rna|TTLL7,0.12290487,0.11743381,-0.044366732,0.59704065,0.13023779,0.48332465,0.14707318,-0.1607116,0.17548332,-0.18865469,-0.3480393,0.05020052,-0.02837544,0.030124145,0.19284049
rna|SNORA27,0.049808197,-0.82955307,0.053664893,0.55937517,-0.98302037,-0.29805794,-0.3365433,-0.03285874,-0.17646083,-0.5288886,0.6189345,0.17630526,0.2169683,-0.37245956,-0.005018454
rna|GPR18,-0.21565236,0.3072954,-0.022569682,0.012991593,0.17773795,0.10800511,0.042954735,0.2153618,0.3632333,-0.068889685,-0.17163739,0.4475668,-0.13205072,0.1708747,0.30626506
rna|SLC52A1,0.15967841,0.5148985,0.5473798,-0.30486995,0.07974079,0.15288398,0.12292432,0.18965633,0.19265045,-0.014938358,-0.19736394,-0.29492268,0.14755727,0.023038937,0.102778435
rna|OR6C1,0.6660707,0.21699147,0.36267227,0.3071769,0.10633793,0.19834471,-0.47429967,0.4840107,0.09252937,-0.41101712,-0.22444625,-0.58376205,0.4818582,-0.0014005454,-0.06283668
rna|EPHB6,0.38093245,0.47731668,-0.11148123,-0.63400644,0.5338716,-0.074348085,-0.14182825,0.25308296,0.38559663,0.07571364,-0.14755625,-0.23633203,-0.22716382,0.2549608,0.7696847
rna|RHBDL1,-0.18136533,0.00099019,0.24921402,-0.04751397,-0.0023827201,-0.424104,0.07296397,-0.16541007,0.043559145,-0.03396791,-0.038027234,-0.28735664,-0.10646722,0.2273143,-0.69178104
rna|NCR1,0.470951,0.12981436,0.13870169,-0.023070859,0.1863447,0.45351148,-0.0989696,0.16074434,-0.21073292,-0.26399046,0.06473155,-0.017533584,0.19488455,0.037384402,0.6593068
rna|AXIN2,0.24339713,0.4694115,0.032094155,-0.54336077,0.06034436,-0.23273936,0.19800466,-0.052104436,0.16100334,0.28601894,-0.6943584,-0.13904887,-0.13013406,-0.072583914,0.21323064
rna|PLAT,0.4753411,-0.21329658,0.13236749,-0.21668392,-0.2235722,-0.0798523,0.15128107,-0.17365348,-0.010576909,0.840074,-0.52952003,0.14570935,0.40442097,-0.6546665,0.12926933
rna|EFNB3,0.42270342,0.4388972,0.31148618,-0.28317565,0.080203116,-0.20055781,-0.15417816,0.16814888,0.119453706,0.31862047,-0.71926165,-0.4246234,0.15807027,0.0013727786,-0.10002746
rna|KCNH5,0.66523665,0.40007946,0.52466154,0.228755,0.1727642,0.34293747,-0.42423716,0.4798035,0.1417186,-0.3406409,-0.22741367,-0.49143264,0.5251812,-0.028338388,0.07799213
rna|CD163L1,0.09748274,-0.0035783036,-0.14563885,-0.44286466,-0.026174977,-0.101965465,0.020204995,-0.11838273,-0.008650166,0.019221839,-0.14281467,0.14020051,-0.46871072,-0.21565606,0.37675545
rna|MFAP4,0.36477816,0.1197118,-0.30559814,-0.6495878,0.20041871,-0.7577713,-0.012488845,0.45509946,0.22468138,0.36124352,-0.49991393,0.037696782,-0.46292743,0.00042118347,0.18756579
rna|PSAT1,-0.27991006,0.12065318,-0.08504405,-0.026133273,0.18156849,-0.07718174,0.43264702,-0.3983911,0.13514774,0.091967925,-0.069226414,-0.21899262,-0.17498864,0.08633577,-0.35853943
rna|PTP4A3,0.29658702,0.027724793,0.18379533,0.21157603,-0.16419648,0.5280956,-0.17732352,-0.22712071,0.23410015,0.13052009,0.012717141,0.50932914,0.01297349,-0.3951504,0.49277595
rna|COL16A1,0.381859,-0.476364,-0.11589167,-0.771309,-0.26119763,-0.84842414,0.0050034523,0.24511956,-0.24040806,0.48570886,-0.40928364,-0.2021959,0.17841299,-0.40668008,-0.2947611
rna|HOXA9,0.19722907,0.21389653,0.33694673,0.096867025,0.061341126,0.17344056,-0.08911665,0.4304222,0.46034643,-0.13612749,-0.23449756,-0.02950139,0.22834817,-0.2117134,0.17129178
rna|CYP8B1,0.20661871,0.3992352,0.16681531,0.4234846,-0.11941429,-0.08294466,-0.1338219,0.48122132,-0.25579527,-0.3298324,-0.1791656,-0.6000396,0.49043328,-0.33930105,0.340969
rna|GUCY2C,-0.24107744,0.24827437,0.18955575,0.30130622,0.0312628,-0.21642587,-0.08362808,-0.20161968,0.39649236,-0.17346157,-0.39798003,-0.10321963,-0.20365165,0.31091544,-0.08665069
rna|GLI2,0.36480322,0.078663014,0.03789481,-0.23627089,-0.24600986,0.19666882,-0.19903778,0.112247944,0.42962298,0.18718058,-0.6850674,0.3215496,0.23458917,-0.6548466,0.575515
rna|SNX22,-0.16361034,0.13306974,0.3656328,-0.49990487,0.08507689,-0.2953274,-0.1710481,0.40788206,0.35486096,0.32654694,-0.24346633,0.027170883,0.03814879,-0.13411643,-0.12484925
rna|CXCL2,0.14082956,-0.19266848,-0.6485663,-0.022815647,-0.21892808,-0.0077236556,0.13447522,0.090340205,-0.75836074,0.29838777,0.39377332,-0.047639363,0.13992997,0.10420616,0.4298829
rna|LGR4,0.19705226,0.1619174,0.010522176,0.1677698,-0.22896667,0.055282995,0.14227936,-0.11667248,0.22537948,0.5638995,-0.4213326,0.1838355,0.053285263,-0.48282072,0.1976851
rna|TOGARAM2,0.31178853,0.46265537,-0.19132237,-0.74761,0.70168483,-0.07147984,0.18880653,0.52614576,-0.18190014,0.4265457,0.010960583,-0.16756,-0.11371677,0.5425174,0.0808521
rna|FAM20A,0.20362209,-0.10133077,0.20167004,-0.47475088,0.4760654,0.4254493,0.42841402,-0.25123346,-0.50707173,0.694464,-0.13760518,0.035669077,0.17971522,-0.1539998,0.6700876
rna|TFCP2L1,-0.13815814,0.19690104,0.21472147,-0.21953517,-0.06298259,0.09006071,0.12521166,-0.36389157,0.036199342,0.5227151,-0.23465681,-0.32523143,0.09154876,0.24133384,-0.12602645
rna|DGCR5,0.32042354,0.5175985,0.2795886,0.041568194,0.03782298,0.20469879,-0.17249389,0.5336808,0.16284464,-0.38888767,-0.080966525,-0.47170463,0.36543742,-0.11898403,0.2282581
rna|DRP2,0.24227741,0.11184202,0.43573958,0.56418204,0.022892635,0.5227263,-0.11818283,0.21954934,0.22683777,-0.17328377,-0.2765533,-0.06367644,0.26734614,-0.1090971,0.0065012407
rna|ST14,0.0010534686,0.11949375,0.55354303,0.415077,-0.3620215,0.34408358,-0.11605251,-0.35736436,0.44900241,0.08223473,-0.13258468,0.16265059,0.00337713,-0.13270189,-0.120479755
rna|FLJ45337,0.4371959,0.19436903,0.3959401,0.12985511,-0.03286023,0.32046542,-0.40220168,0.30639148,0.17844683,-0.450204,-0.19377676,-0.45692274,0.58631444,-0.08612247,0.18469767
rna|TSGA13,0.5142272,0.088975444,0.38290712,0.509098,0.10950778,0.3035946,-0.53497475,0.4876809,0.14622332,-0.44497254,-0.10178477,-0.33334643,0.5497018,-0.12533908,0.14436203
rna|TEKT4P2,0.3680824,0.2755603,-0.02778269,0.1502983,0.082067974,0.28291607,-0.29927173,0.26620936,0.32718942,0.23006633,-0.19067712,0.101021,0.23652807,-0.14740418,0.20805152
rna|LONRF2,0.10044479,0.51471174,-0.09192669,-0.034274798,0.1472735,0.18505765,-0.10999068,0.13947195,0.23974407,-0.18340626,-0.27938673,-0.0020129033,0.10451525,0.009954433,0.46038687
rna|PKP2,0.06410859,0.44742045,-0.3426069,-0.01179727,-0.08841864,-0.48098567,-0.35837743,0.22313292,0.17147273,-0.13435659,-0.24475014,0.044182803,-0.38464084,0.012982695,0.5310961
rna|CLN5,-0.06975841,0.5898373,-0.21419811,-0.45723146,0.6049439,-0.33314526,0.2376531,0.27584448,0.016261667,0.9186373,-0.43246967,0.0005051253,-0.31897137,0.29409072,-0.52885467
rna|NKX2-5,0.5290844,0.33361843,0.37309846,-0.038580485,0.21845117,0.36832398,-0.039613713,0.25748038,0.22884159,-0.23871833,-0.10978067,-0.3936796,0.3078431,-0.21270786,0.18891887
rna|NXF3,0.18824768,0.34990713,0.19074108,-0.19165069,-0.104904056,-0.029373066,0.2915743,-0.13385582,-0.31750023,0.19405031,-0.3853771,-0.2803265,0.25501078,-0.17447683,-0.18345897
rna|HLA-DPB2,-0.097900555,-0.0028537489,0.4345238,0.12613246,0.12846899,0.029220097,-0.25126988,0.19375692,-0.06608218,0.08470225,0.18414986,0.08623518,-0.19416471,0.2315089,0.047907855
rna|DIP2C,0.010146098,0.038521197,0.21618685,-0.49258736,-0.30424199,0.062399816,0.025559314,0.12667437,0.15562384,-0.050024353,-0.45716098,0.27001998,-0.04123536,-0.49127156,0.37265566
rna|SIGLEC6,0.112735435,0.32521236,-0.43061194,0.06681721,-0.16855341,0.06929934,-0.048525315,-0.032785896,0.37696776,-0.28578153,-0.018371195,0.022516292,0.11616957,0.44322348,0.21605721
rna|ANO3,0.18003157,0.13711998,0.09124343,-0.429447,0.09493254,-0.2636542,-0.019080304,0.44254726,-0.0562571,0.05555958,-0.086275294,-0.29498234,0.29321265,-0.029653298,0.135791
rna|ZNRD2,-0.17029098,-0.111523315,0.33139235,0.4147427,0.09471674,0.5177674,0.41971228,-0.6723537,0.1322218,-0.06330685,-0.08820206,0.47436774,-0.21774422,-0.38166457,0.5336113
rna|ABCA2,0.33483845,0.1280909,0.15909928,-0.23392756,0.2787345,0.5200751,-0.09893812,-0.11513001,-0.006149386,-0.07775587,0.050067708,-0.12296727,0.19697027,-0.08753514,0.89541763
rna|TNXB,0.7576524,0.29749057,0.22628495,0.13595325,-0.020562546,0.3018387,-0.19454333,0.36727625,0.40161395,-0.18647996,-0.4103784,-0.0047618123,0.28741375,-0.31854817,0.6716736
rna|KCNA1,0.54580855,0.2631449,0.28513786,0.28038624,0.07142958,0.27870858,-0.41082817,0.53992516,0.23783201,-0.36092272,-0.22690944,-0.485388,0.44149044,-0.0064065135,-0.055614814
rna|CCL3L3,0.26880208,0.057046846,0.020031488,-0.22861429,0.19538121,0.4146805,0.3790844,0.12847473,-0.55903816,0.37390855,0.27341193,-0.22024116,0.013267506,0.2322599,0.06889213
rna|TMEM8B,0.033192605,0.68064046,0.05314866,-0.51735836,0.6984257,-0.43457076,0.2782438,-0.06621416,0.2920848,0.4609901,-0.6445371,-0.51485354,-0.2954954,0.4563069,-0.3926953
rna|YPEL4,0.21939033,0.12057413,0.12635456,-0.70381504,0.5460059,0.26452968,0.3825138,0.030655235,-0.28863195,0.55159616,-0.10585996,-0.3397139,0.28040606,0.09764722,0.111140154
rna|CIT,-0.2245889,-0.3760425,-0.29544863,-0.1532796,-0.07526068,-0.91346765,0.1087791,0.10514889,-0.07380069,-0.053544614,0.5313103,-0.45822725,-0.0134041365,0.35592866,-1.2344213
rna|TLE2,0.5053203,0.7175627,-0.26895723,-0.79260933,0.42472994,-0.04429917,0.19739224,0.12244049,0.17105383,0.3647356,-0.41273952,-0.48904392,0.029623851,0.043627433,0.4888735
rna|EPHA4,0.19178867,-0.2494608,-0.25050947,0.062276475,-0.52003384,0.13395517,-0.2578522,0.11627307,0.02950793,-0.012080193,0.1550028,0.3014238,-0.038624804,-0.17892748,0.13536397
rna|FAM83A-AS1,0.4353039,0.4297019,0.301536,0.25691038,0.048481632,0.21940403,-0.2083128,0.4366972,0.065660894,-0.39442864,-0.16176724,-0.6309537,0.4533146,-0.26872665,0.22828452
rna|APOBEC3H,-0.05034236,0.25282103,0.28758737,-0.3742894,0.69040847,0.03504424,0.10891071,0.2443618,-0.08582216,0.6651396,0.039968986,-0.13280644,-0.034776714,0.40373957,-0.06813764
rna|BMP7,-0.060713887,-0.20332122,-0.12722355,-0.0919822,-0.29624847,-0.5285299,-0.23070516,0.16237357,0.021367792,-0.071383536,0.09504414,-0.15489551,-0.106981985,0.006309538,-0.41892067
rna|FCRL5,-0.24592848,0.09917529,0.21817751,0.2561007,-0.062531605,-0.11563956,-0.039445326,-0.4019945,0.4992354,-0.13796431,0.03197457,0.0814466,-0.055738423,0.28430575,-0.0011995012
rna|SH2D4A,0.4267982,0.4097291,-0.0790183,-0.48863447,-0.15634306,-0.2049084,0.014683719,0.009374799,0.15434144,0.38789958,-0.47904396,-0.50560963,0.2843504,-0.21955532,0.37721625
rna|KLRC3,0.3248979,0.03608566,0.122236304,-0.26462072,0.33680728,0.47027653,0.26763618,0.07578821,-0.002472735,0.061174206,0.19773272,0.118427135,0.08726928,-0.029022237,0.51578206
rna|FADS2,0.16871938,0.14941712,0.3869495,-0.092600405,0.27857268,0.34750068,0.042905934,-0.019315613,0.4466759,0.18524694,-0.29723132,0.11370735,0.12031895,-0.17595582,0.45388258
rna|ACY1,-0.21026324,0.18733576,0.36781415,0.6715255,0.24444264,0.41659078,0.5068515,-0.7003235,-0.036531992,0.33048534,-0.18604757,0.3494084,-0.16907868,-0.26125482,0.34656668
rna|PCDHGB6,-0.051850792,-0.21644875,0.7723369,-0.11271087,-0.31526256,0.14912835,-0.053260185,-0.17458026,0.4256998,0.057967994,-0.4617846,0.5435339,0.011925531,-0.76873976,0.41899654
rna|WNT11,0.2893944,0.3786587,0.039591253,0.3086317,0.17265697,0.42582774,0.096503064,-0.3452018,0.062687255,-0.023290556,-0.42988646,-0.032547105,0.02451859,0.10914444,0.31497028
rna|CSTA,0.1291573,-0.05169541,-0.49720526,-0.12463864,-0.46633184,-0.7944301,-0.49730533,0.33214608,0.19963099,0.57327366,0.41672754,-0.087263316,0.2744922,0.17244671,-0.24540892
rna|OR6B1,0.53367496,0.09851893,0.38838348,0.34094232,0.12705444,0.22219251,-0.34066984,0.3617096,0.060543202,-0.35163638,-0.22486062,-0.48457855,0.52866566,-0.039288126,0.15176612
rna|MT3,0.24988481,0.3978118,0.11148622,-0.3583719,0.5056173,0.13407728,0.19835323,0.039975427,-0.06799142,0.35057893,-0.22189412,-0.3227357,0.15807012,0.40863448,0.14120744
rna|DACT1,0.23501146,-0.26392812,0.2694182,-0.05227353,-0.11681913,-0.08139615,-0.14953364,0.24932855,0.03064829,0.30735996,-0.40851885,0.46034488,0.11242503,-0.6473701,-0.15270628
rna|FMO2,0.40580374,0.46694514,-0.18322532,-0.49690172,0.39354467,0.12567832,0.12216555,0.377996,0.054871306,0.14270934,-0.18694946,-0.10501244,-0.10901822,0.19914982,0.5407847
rna|PANX3,0.5407252,0.3950604,0.34931728,0.38100702,0.09254043,0.30673057,-0.33470935,0.35266364,0.121298395,-0.36151424,-0.2700408,-0.56518435,0.4698312,0.004974227,0.039127845
rna|MCTP2,-0.40501043,-0.23760809,0.23557587,0.31341803,-0.29413745,0.05562707,-0.256562,0.2838296,-0.24660036,0.30661863,0.17992435,0.47859064,-0.3842143,0.009880953,-0.11297534
rna|CYP1A2,-0.0007613151,0.16678241,0.15994892,0.28293988,-0.1605747,-0.42383182,0.10176746,0.014963111,-0.27378038,-0.17764257,-0.16021153,-0.53731614,0.28430516,-0.3391432,0.06547093
rna|LRAT,0.5865092,0.44836652,0.3918378,0.355258,-0.011275559,0.3480114,-0.31133837,0.3608953,0.15489955,-0.17468141,-0.08589539,-0.5166954,0.5034589,-0.0037600012,0.26873538
rna|FUT3,0.47248396,0.44631466,0.1291545,-0.1372888,-0.46379927,0.13553834,-0.5710289,-0.03235755,0.30227938,0.22576429,0.2155386,-0.60609764,0.50976855,0.098390095,0.27722743
rna|ADCK5,-0.37080076,-0.02730516,0.24730854,-0.2365065,0.275598,0.10586259,0.10712,-0.4780394,0.14356361,0.27077916,-0.5529433,-0.04385216,-0.25281888,-0.03630309,0.24234271
rna|H2AB2,-0.03651108,-0.010234151,0.28243935,0.36440572,0.20958288,0.2724819,0.0447717,-0.40945542,0.2628918,-0.10892379,-0.282359,0.085996665,0.20675948,-0.051832113,0.2571517
rna|POU2F1,-0.35302597,0.23894484,0.39966655,-0.4264713,0.3618402,-0.038566332,0.09754935,-0.2957098,0.3695877,0.26793024,-0.58099765,-0.25761938,-0.1122797,0.2459629,-0.18123935
rna|CPTP,-0.13654052,0.45726812,-0.0046401727,-0.37368315,0.562148,-0.044318054,0.49315587,-0.4772751,-0.0071056522,0.2625012,-0.55676746,-0.3567375,-0.093227684,0.3564168,-0.24457622
rna|ALDH2,-0.023068981,-0.33261722,0.1118012,-0.44374686,0.08473026,-0.5792356,0.14467084,0.3413443,-0.29078683,0.85471267,0.310756,0.09327421,0.09884916,-0.21456815,-0.26761076
rna|RPS21,-0.23397726,0.003790835,0.31728312,0.54668605,0.087824054,0.72417206,0.29429403,-0.75150824,0.18385354,-0.0811918,-0.1551993,0.39303765,0.015644647,-0.26469812,0.3618472
rna|DDIT4L,0.47147334,0.26445112,0.07811066,-0.27545592,0.07600098,0.21981809,-0.010747973,0.013238537,0.015933964,0.22224078,-0.44636932,-0.22018611,0.2252608,-0.06453813,0.30856407
rna|CXCR2,0.29171816,0.121856645,-0.038779918,-0.014752506,-0.40858573,0.5439171,-0.2817308,-0.16397059,-0.13084579,0.1565402,-0.08393955,0.14674827,0.48215824,-0.2837312,0.70650166
rna|ENKUR,0.55400217,0.27154,0.46999887,0.38461873,0.07079768,0.36469084,-0.51071143,0.46116376,0.18572184,-0.30219698,-0.3724923,-0.44727257,0.53783065,-0.1957454,0.17405358
rna|C11ORF21,0.09907116,0.32579166,-0.028534973,-0.17902604,0.312911,0.5793277,0.064377755,0.14701319,0.30615652,0.1601504,0.09964689,0.22098175,-0.14708808,-0.018868027,0.7700541
rna|CTXN1,0.3340384,-0.12165371,-0.46832088,0.045791358,-0.13559283,-0.13478282,0.23864806,-0.2666208,0.08785661,0.117774285,0.0240958,0.05294507,0.14695835,0.05232333,-0.3594656
rna|CELA2A,0.56623435,0.27359182,0.27739638,0.28916,0.084481895,0.47188896,-0.33299828,0.49375522,0.0733585,-0.39058253,-0.027066601,-0.28942022,0.5454049,-0.03731422,0.12402915
rna|CCDC110,-0.12704457,-0.048617076,0.26270062,-0.07300391,-0.22259885,-0.06426308,0.037526615,-0.16473193,0.15164776,0.10287608,-0.013628942,-0.23423864,0.010311496,-0.123014085,-0.6168992
rna|GABRB1,0.4928886,0.27484033,0.44967052,0.221484,0.122284874,0.15745367,-0.39081135,0.37940824,0.13984765,-0.24041586,-0.2596861,-0.678064,0.49378216,-0.111758344,0.14373638
rna|IFI27,0.47773203,-0.35408702,0.22407001,-0.52661896,0.22098969,0.15168352,0.68058354,-0.16608134,-0.37330663,0.6348362,-0.028177097,-0.09279722,0.15816185,-0.06982627,0.2722589
rna|SOX17,0.4156487,0.27639085,0.28881097,0.0049892724,-0.056395967,0.5338239,-0.12907344,0.13818726,0.06262686,0.040690597,-0.5465175,0.09504172,0.33122706,-0.3085616,0.36369082
rna|SCD5,0.04203886,0.19447356,0.096449934,0.41760972,0.037350245,0.3241187,0.08080365,0.17011836,0.4591967,0.17476961,-0.8647466,0.30154398,0.27066335,-0.43184578,0.11141137
rna|MMRN1,0.25545153,0.4868473,-0.40229255,-0.22111595,-0.034214072,-0.0914745,-0.20228297,0.35825866,0.25585786,-0.12582946,-0.22707404,-0.012517763,-0.19220093,0.098577075,0.51872516
rna|TNF,-0.24822779,-0.15643968,-0.25092456,-0.05909575,-0.1328654,-0.66132617,-0.16707285,0.11294378,-0.3177529,0.3251274,0.29281637,-0.110076666,-0.012437582,0.48682195,-0.40694004
rna|PON1,0.5020413,0.4609141,0.22484224,0.25494844,0.14877728,-0.092166126,-0.2731223,0.46490026,-0.0040163263,-0.36723182,-0.2424708,-0.93363947,0.508021,-0.31091028,0.18020812
rna|HP,0.2551739,0.35010022,-0.19304934,0.14853734,0.07201163,-0.21754071,0.249161,0.07647137,-0.26068896,-0.39397854,-0.03812776,-0.4049757,0.08117697,-0.3625075,0.59742975
rna|GEMIN8,-0.21273161,0.42036793,0.014439461,0.064010546,0.11463196,0.022645488,0.00553989,-0.11512382,0.039967917,0.26303798,-0.2458927,0.0973927,-0.13889661,-0.017801836,-0.3886022
rna|HOXC8,0.020639116,0.25864938,-0.19659665,-0.39138737,0.2614623,0.12796724,0.30217886,0.21395573,0.17955427,0.050513063,-0.5928531,0.2873023,-0.2718067,-0.17250499,-0.116216406
rna|HIC1,0.23725206,-0.057323795,0.14867425,-0.14559075,0.11802576,0.49347842,0.19633016,-0.09278851,-0.021222375,-0.08339105,-0.2365604,-0.12802336,0.119938955,-0.22370067,0.81605905
rna|MIR34A,0.4190629,0.41495448,0.27373022,0.014782955,0.26920936,0.31913874,-0.077073656,0.28665724,0.2574125,0.06185624,-0.27782542,-0.2820744,0.32961306,0.011380149,0.2369408
rna|DGKG,-0.11675393,0.029527789,0.17624362,0.17247142,0.2352572,0.2081985,0.1270473,-0.38015133,0.02994425,0.14809546,-0.13406864,-0.040975314,0.24453287,0.08707801,0.06106483
rna|SNORD45A,-0.17066568,-0.6796198,-0.39867428,0.17674075,-0.5800554,-0.5458628,-0.3055688,0.11399319,-0.36896655,-0.37213886,0.8087773,0.40209395,-0.1821149,0.087522656,-0.009151967
rna|FRAS1,0.18820018,-0.19794098,-0.02682055,-0.012137821,-0.21764232,-0.21441509,-0.103458606,0.14002074,-0.05488597,-0.22167753,-0.46474752,0.17718382,0.19063401,-0.46045047,0.30883247
rna|EPS15,-0.2641868,-0.07369878,-0.16216904,-0.39930034,0.15278715,-1.0627029,-0.008095241,0.24513571,-0.2924384,0.32398558,0.04100109,-0.25580084,-0.39955238,0.47649992,-0.9851098
rna|TALDO1,-0.12757011,0.17780496,0.020604476,-0.23125574,0.59257185,0.013100151,0.48686153,-0.4563447,-0.34111607,0.59786266,-0.23376185,-0.028397601,-0.0133983,0.34513015,-0.084594876
rna|RNPC3,-0.11372552,0.17126179,-0.4398413,-0.3647036,0.24708126,-0.924496,0.03676579,0.37255904,-0.1321954,0.27167127,0.057418775,-0.4151695,-0.39492586,0.64023834,-1.0862793
rna|ARMH1,0.07986703,0.5259203,0.0217005,-0.37045446,0.43932435,-0.18709727,0.05709101,0.016908549,0.15843083,0.15416989,-0.11500339,-0.01454374,-0.46136814,0.5645153,0.25785992
rna|INA,0.1425117,0.23892075,0.30228913,-0.05170174,0.15902834,0.30577147,-0.18402688,0.36448607,0.07714759,-0.0631942,-0.1917415,-0.25791767,0.19263591,-0.12860163,-0.033852175
rna|C12ORF77,-0.42280298,-0.1581783,0.47606394,-0.1583343,-0.24890108,-0.1069012,-0.033111274,0.13206047,0.40815747,0.079271816,0.005709567,0.2228429,-0.034250952,-0.2483499,-0.36366418
rna|IL1B,0.33494383,0.08027853,-0.4738923,0.080040924,0.022913259,0.44948152,-0.1534245,0.11290864,-0.23087277,0.56718886,0.32090878,0.18578848,0.39014757,-0.0025984233,0.590536
rna|MIR1203,0.26968262,0.41606423,0.25306198,-0.050366785,0.23980369,0.43378475,-0.06192239,0.14445649,-0.08119986,0.13077766,-0.050054498,0.23957303,-0.15667455,0.30647272,0.70305604
rna|PADI4,0.23333545,0.48191884,-0.4804649,-0.5320127,-0.08127703,-0.27079588,-0.26147082,0.45323437,-0.35713884,0.045511175,0.38567522,-0.2537063,-0.034170944,0.21951933,0.15095223
rna|CLIP4,-0.07267337,0.13236596,-0.29848155,-0.33427572,0.21231738,0.13324367,0.14095692,0.017741103,-0.047487006,0.5301015,-0.061569598,0.6560241,-0.20162562,0.061624285,0.13584584
rna|AZIN2,0.09361031,-0.20472579,0.08842656,-0.5647364,-0.026918348,-0.6202494,-0.1647517,0.29690742,-0.029797576,0.77403283,-0.56291634,0.13980204,-0.042958234,-0.1558093,-0.49338213
rna|CHORDC1,-0.26269352,-0.63582855,-0.5275153,-0.085034676,-0.35908806,-0.77151704,-0.1506345,0.14750378,-0.49513733,-0.18839322,0.73445904,-0.077723,-0.20073527,0.29885557,-0.780235
rna|WFIKKN2,0.5296264,0.06324755,0.2748426,0.46829385,0.0012906108,0.23809567,-0.6305416,0.5301148,0.05350324,-0.4254639,-0.10272257,-0.45108026,0.5034761,-0.017699184,0.13173942
rna|RAB6B,0.105751514,0.22646719,0.13718835,0.31648228,0.016472476,0.043681525,-0.45320836,0.46604475,0.4030303,-0.25250107,-0.21942349,-0.18624496,0.18735316,0.08744292,0.20466122
rna|LRFN5,0.14549395,0.15108046,0.53327477,-0.20849498,0.038951565,0.1263699,-0.34917584,0.1570275,0.18973994,0.15818371,-0.42873138,-0.28922245,0.48426184,-0.281153,-0.028968444
rna|DENND3,-0.17610674,-0.010088513,0.17999491,-0.12521254,0.14237092,-0.054987323,-0.24355496,0.19579351,0.021879537,0.5764841,-0.41504863,0.31581068,0.13901412,-0.44908732,-0.034982115
rna|MCM2,-0.5078566,0.23968254,0.24338171,0.21624051,0.42878914,0.23971266,0.49870437,-0.6864377,0.38381976,0.18807112,-0.4537166,-0.021105729,-0.19838549,0.34703067,-0.6708993
rna|GCAT,-0.20765229,0.46076876,0.37023565,0.14604214,0.34320426,0.31806973,0.3785487,-0.48040035,0.09173751,0.23563775,-0.27369028,-0.1375476,0.18357845,-0.11491593,-0.04997666
rna|OR2A42,0.65537554,0.24053745,0.24413496,0.16978839,0.07241977,0.33148366,-0.41593033,0.5737249,0.14776717,-0.41366905,-0.23323189,-0.34607595,0.47296074,-0.25986227,0.13109057
rna|KRT77,0.4548594,0.15384048,0.38649246,0.14339174,-0.11520541,0.13019495,-0.4077114,0.17040856,0.3155787,-0.32556143,-0.17826168,-0.5052835,0.57620656,-0.124483734,0.2519759
rna|RTL9,0.40827084,0.3336587,0.48805696,0.3083148,0.07919859,0.36186054,-0.20880705,0.43947488,0.060124986,-0.28391036,-0.21787179,-0.29756334,0.5047216,0.08422082,0.09216164
rna|SEMA6D,0.51037747,0.19225323,0.05345459,0.15154831,-0.01987552,0.32234135,-0.2765495,0.26298127,0.24531206,-0.32886732,-0.3220761,0.09447148,0.4200489,-0.4261055,0.45699003
rna|LOC653980,-0.24306895,-0.24924347,0.17695172,-0.17030038,-0.36338738,-0.52349097,-0.24405763,0.31902176,0.053431556,-0.3248266,-0.020836,0.11857632,-0.4471348,-0.011211227,-0.234919
rna|ZDHHC19,0.35032877,0.3158441,-0.07134583,-0.12998377,0.1743115,0.11044064,-0.16504848,0.41422814,-0.36546567,0.17311086,-0.010526989,-0.14865467,0.27795815,-0.10434567,0.6447652
rna|HS3ST1,-0.21421373,0.40180442,-0.32353878,-0.32402533,0.1550206,-0.50337803,-0.11704645,0.06934048,0.24751724,0.289166,-0.63159305,-0.042482443,-0.13812165,0.11989834,-0.3598159
rna|OLIG3,0.42623597,0.2345246,0.40080562,0.37089342,0.12637098,0.28649274,-0.5653505,0.42137554,0.03504845,-0.4552454,-0.13662791,-0.3853296,0.5635677,-0.197332,0.14840557
rna|UBQLNL,0.30007133,0.29428053,-0.013717624,0.16939473,0.17528127,0.27986038,-0.4010668,0.73820066,0.059848074,-0.30349052,-0.17033471,-0.23651266,0.04176639,0.2878569,0.3203707
rna|MS4A12,0.19710912,0.24545732,0.56790686,0.007400044,-0.06421336,0.27249435,-0.05514351,0.3597765,0.19147357,-0.17801967,-0.1760502,-0.43624604,0.40406504,-0.011429213,-0.090633586
rna|CELSR1,-0.0023962893,0.47891423,0.15453258,0.06355181,-0.018426957,0.19765796,-0.26985505,-0.08002852,0.46563393,-0.06064937,-0.20709535,0.1594156,-0.042815614,-0.060281288,0.45844933
rna|PIGZ,0.31047556,0.2739104,0.2688914,0.39893842,-0.13393806,0.10137585,-0.3337738,0.3030846,0.2424926,-0.1448085,-0.20511778,0.06804671,0.15401739,-0.19410016,0.25762013
rna|TP53TG3D,0.3734746,-0.10569374,-0.12659113,-0.49243605,-0.07972644,-0.17982505,-0.1841146,0.36852723,-0.048927374,-0.234686,0.2559598,-0.1768153,0.2300902,0.029419249,-0.0019189478
rna|LOC440558,0.50337595,0.27010074,0.42651144,0.14666651,0.23640475,0.2465957,-0.122418255,0.3050222,0.16000436,-0.2924779,-0.4042176,-0.43142724,0.5470193,-0.15321851,0.083895
rna|TFR2,0.12095327,0.44072446,0.32927978,0.55899495,0.04578627,0.3149335,0.05800532,-0.010885037,-0.082566015,0.13735738,-0.17652155,-0.25043496,0.12873806,-0.11039228,0.17891453
rna|UGT2B11,0.48700905,0.41800374,0.2809405,0.29992864,-0.043991037,0.08797399,-0.27886736,0.4695611,-0.041602287,-0.26893646,-0.16334015,-0.7008192,0.5116496,-0.24333315,0.09401997
rna|SLC26A8,0.5945785,0.3409433,0.3197056,0.29277474,0.049295913,0.43922517,-0.4054572,0.4786614,0.120099396,-0.45686212,-0.04913671,-0.4137613,0.50832945,-0.19082928,0.19385242
rna|ZNF85,-0.032334108,-0.20749268,-0.41390547,-0.08068763,-0.0923342,-0.81099737,-0.24629958,0.38097477,0.027211837,0.15265414,0.46939343,0.0655487,-0.285357,0.2374376,-0.9283552
rna|GATA3,0.35378858,0.5923586,-0.007906955,-0.6400806,0.6194998,0.14153795,0.10079839,0.35466355,0.20979421,0.4763141,-0.13647869,-0.05341931,-0.1639185,0.31503224,0.45971957
rna|POM121L10P,0.40224373,0.32193816,0.3706041,0.08957014,-0.002694123,0.21448109,-0.23562194,0.25108853,0.14748242,-0.34020317,-0.29025486,-0.624124,0.43290323,-0.12444731,-0.011177267
rna|CDRT4,0.21308711,0.24536128,-0.061537508,-0.6571857,0.68139213,-0.5272432,0.17150827,0.30191636,-0.124638356,0.4389784,-0.2885359,-0.37283242,-0.33470914,0.33058977,0.16903439
rna|GBX2,0.5098724,0.29295483,0.47466147,0.15673406,0.14177276,0.43055177,-0.23669091,0.34645513,0.1230933,-0.49612755,-0.25105357,-0.41929442,0.46683785,-0.23411117,0.20140104
rna|MTARC1,-0.055746987,-0.028719218,-0.089763805,-0.15162739,-0.18240638,-0.46452293,-0.21479353,0.17420232,-0.117201835,-0.22863401,-0.09598134,-0.38716134,0.0815384,-0.28581664,0.3032744
rna|PKMYT1,-0.30863744,-0.27698392,0.44503188,0.6676471,0.0033999074,0.7887653,0.3620426,-0.90114385,0.49364,-0.14226405,-0.2609972,0.28243965,0.19224128,-0.24342032,0.15227516
rna|TM4SF4,0.30769107,0.40130335,-0.096056975,-0.07145903,-0.06722948,-0.21239226,0.0807438,0.23442008,-0.15864879,-0.15729603,-0.26629245,-0.48801607,0.30870017,-0.251181,0.5004636
rna|ERN2,0.3049024,0.3277228,0.18628462,0.19540164,-0.18100876,-0.08418171,-0.19233558,-0.111303665,0.22069688,0.23580281,-0.24859527,-0.36070365,0.1636911,0.17809547,0.051720854
rna|ABCA6,-0.29506975,0.2670852,0.27309978,-0.015610841,-0.09125382,-0.4474232,0.097382426,0.14787534,0.36797413,0.23647101,-0.4104643,0.22645286,-0.347089,-0.12204444,-0.13242601
rna|ZNF528,0.23068011,0.37967196,0.27611485,-0.11415804,0.090804465,0.35618228,-0.2902455,0.28985333,0.1583323,-0.052855477,-0.3345893,-0.10851617,0.12454896,-0.19122013,0.4116105
rna|DLX1,0.46192598,0.24256928,0.40111905,0.17117618,-0.011198465,0.31504467,-0.30151415,0.14951903,0.21060479,-0.2724067,-0.28709984,-0.38155,0.589541,-0.06539516,0.22363853
rna|CLRN2,0.5105234,0.29171246,0.453134,0.3190589,0.11722066,0.35890457,-0.47272277,0.38555834,0.12943068,-0.39359856,-0.19693938,-0.366616,0.6212216,-0.15372966,0.14907832
rna|TENT5C,0.33210725,0.31665564,-0.6010358,-0.28188628,0.3343763,-0.4717528,0.09423534,-0.2464015,-0.15036519,0.027631389,0.14802001,-0.50539356,-0.23300894,0.7004144,0.003526036
rna|DYDC2,0.50025296,0.3708058,0.4840312,0.27613887,-0.07855168,0.20414576,-0.17625731,0.14418045,0.24497086,-0.26024994,-0.30141196,-0.2809255,0.41390222,-0.30151787,0.24073686
rna|OR14J1,0.47980365,0.28012425,0.39363298,0.40368062,-0.003108352,0.3979155,-0.37348804,0.365077,0.077099316,-0.29475433,-0.2837559,-0.40637144,0.3899537,0.005100488,0.03633686
rna|MMP19,0.3000139,0.010851304,0.26404822,0.006196511,-0.01132685,0.41544876,0.2314554,-0.20538071,-0.03451803,0.19431663,-0.4270385,0.047486674,0.3743427,-0.57049817,0.3440091
rna|RCAN2,0.25592405,-0.18584977,-0.108717844,-0.68484986,0.052422673,-0.5673836,0.07263595,0.20564449,-0.30644736,0.4728028,-0.09138224,-0.08892478,0.04290953,-0.021014,-0.10680303
rna|CD8B,0.56245965,0.15727888,0.25987482,-0.12828587,0.40009493,0.64424175,-0.0059607252,0.36132756,0.109003894,-0.1430808,0.06539733,-0.026690781,-0.014456923,0.085376136,0.83718497
rna|AP2A2,0.01584227,0.043192863,0.18745105,-0.025717076,0.15305269,0.21468945,0.034618095,-0.28026792,0.22454672,-0.12596409,-0.37840992,0.15203686,-0.03478731,-0.34373972,0.5640575
rna|GBP3,0.0994816,-0.3834476,-0.54136604,-0.5756801,-0.03145997,-0.66228646,-0.015591833,0.49689776,-0.7759269,0.15846759,0.8640554,-0.38937128,0.0039025655,0.47134966,-0.4102593
rna|CASS4,0.44073445,0.08665479,0.10677086,0.33501285,0.1556642,0.69958615,-0.036728024,0.21742511,0.035009857,-0.14594355,-0.08879063,0.2585327,0.30938613,-0.26410416,0.85750204
rna|NRG3,0.2073746,0.13282266,0.2668734,-0.05548635,0.07448844,0.13382466,-0.06212513,0.46180466,0.118820235,-0.16655064,-0.16612414,-0.28281516,0.36558658,-0.38043937,0.14559071
rna|SNORD114-3,0.31797647,-0.5422254,0.14401112,-0.20778824,-0.7487977,-0.18622573,0.018956907,-0.14429562,-0.20064843,0.34928644,-0.27486002,0.36576638,0.2897702,-0.72080415,0.2358975
rna|SDK2,0.39465246,0.51285267,-0.059226673,-0.20932654,0.30281985,-0.0602973,-0.45100752,0.40749276,0.27281597,0.003340079,-0.040502306,-0.10730549,0.03463576,0.08466211,0.64970416
rna|SFTPD,0.61689633,0.44329977,0.3275935,-0.16286308,-0.06713735,0.014183136,-0.29430225,0.338272,0.16119595,0.025649277,-0.22015436,-0.41740513,0.4354893,-0.088753805,0.39744258
rna|ARHGAP44,-0.18307838,0.18620722,0.24956992,-0.029532645,0.17558552,-0.09311422,0.2129147,-0.07382161,0.27470037,0.2005455,-0.28356284,-0.14073849,-0.12191415,0.19225127,-0.45737776
rna|EPHX3,0.45211363,0.60891724,0.06227723,-0.1473386,-0.39899254,0.10146341,-0.28971958,-0.13047293,0.618201,0.44344786,-0.13769358,-0.16410853,0.28579724,0.087125994,0.32808816
rna|PITPNM2,0.1521402,0.41427252,0.15592597,0.026595922,0.13632374,0.3113965,0.1497251,-0.41097307,-0.011318758,-0.1582581,-0.004344148,-0.34888425,-0.014007414,0.18376473,0.41229385
rna|FZD3,0.22776319,0.47367448,-0.020628488,0.5155055,0.12338329,0.7285072,0.044850014,-0.14862937,0.34869844,-0.16664834,-0.3259051,0.27990517,0.014247458,-0.057049938,0.4157866
rna|COX6B2,0.4199936,0.019268941,0.08144062,-0.4964105,-0.42614815,-0.34586528,-0.21293938,-0.00068191823,-0.02360886,0.3669823,0.3118498,-0.19776666,0.353563,0.079687715,0.19218653
rna|SLC11A1,0.28658837,-0.1942048,-0.10856353,-0.23375581,-0.08369407,0.45662042,0.026817495,-0.22367634,-0.71588933,0.7420958,0.087817214,-0.24225524,0.54253566,-0.0130755985,0.0015379005
rna|ASIP,0.27630606,0.43998745,0.08457832,-0.55432594,0.2651085,-0.052971125,0.46496347,0.041697416,0.19106497,0.44126534,-0.39421013,-0.24800941,0.24966331,0.04013841,0.12052029
rna|DNAI1,0.122220814,0.12679274,0.46488693,0.07743263,-0.06108535,0.24331902,-0.25269768,0.33555853,0.120514624,-0.033971976,-0.10326308,-0.3377578,0.3373087,-0.2851785,0.1455844
rna|RASIP1,0.39447734,0.4047771,-0.108193636,-0.6284568,0.37718353,-0.18720356,0.31755796,-0.14105345,0.15680106,0.2173461,-0.70772296,-0.46789312,0.19770144,-0.03730063,0.23350622
rna|MAPT,0.53799087,0.3893963,0.122820675,0.31246158,0.043905504,0.37274227,-0.3540541,0.5031191,0.343181,-0.505159,-0.11518358,-0.30870163,0.41853726,-0.21404077,0.25649354
rna|CD27,0.030876506,0.13733035,0.04058052,-0.84066623,0.6056331,-0.5401657,0.00654428,0.25423482,0.01982767,-0.018363502,0.1040081,-0.59807134,-0.26153064,0.5177765,-0.16239348
rna|SLC22A12,0.57278717,0.2183898,0.39504755,0.21646981,0.03814469,0.49172977,-0.41808948,0.42375103,0.21096075,-0.48950472,-0.035978638,-0.4227664,0.5211877,-0.16742325,0.15909752
rna|TAMALIN,0.42519766,-0.15028557,0.15788469,0.4515205,-0.2813298,0.45111418,-0.4420472,0.46943396,0.06773908,-0.29459494,-0.053083546,0.3132285,0.28241378,-0.42962816,0.47005844
rna|CD226,0.22683161,0.29977784,-0.5788424,-0.42891026,0.53773516,-0.31663975,0.01906769,0.56076586,0.11128737,0.19176993,0.39400554,0.14778581,-0.34544393,0.39002773,0.097329944
rna|AQP10,0.48439413,0.4963354,-0.0074794386,-0.17056584,0.2049363,0.25572526,-0.23389675,0.21857557,0.20040613,0.09892734,-0.2975181,-0.4285401,0.23879594,0.1698095,0.480277
rna|DIPK1B,0.37166396,0.6442018,-0.12828754,-0.4365982,0.31359285,-0.23019424,0.13750328,0.05836161,0.35779053,0.43386167,-0.5596267,-0.29194936,0.036364987,-0.07929805,-0.010184298
rna|ZSCAN16,-0.23788376,0.55959636,0.304429,-0.34733447,0.40240988,-0.2767837,0.19117922,-0.011185177,-0.036656294,0.52129513,-0.40075478,-0.23218536,-0.33396596,0.3566977,-0.5348704
rna|TACC2,0.46308896,0.3038549,-0.07233761,-0.47996607,-0.3311365,-0.2965543,0.14433609,-0.3896475,0.2139531,0.7344639,-0.3549268,-0.053529564,0.41842952,-0.30830374,0.2149753
rna|TNNC2,0.58187515,0.15569697,0.3012384,0.11161032,-0.15068133,0.03573039,-0.35856324,0.315496,0.109318115,0.0035322339,-0.13409215,-0.28325018,0.45956537,-0.015092831,0.06596887
rna|KLHL40,0.47337124,0.39814904,0.53200305,0.31986377,0.082848445,0.29102686,-0.22553132,0.43617746,0.22794671,-0.08633774,-0.26296324,-0.35225368,0.50298554,-0.05044178,-0.07063039
rna|DSG3,0.60711783,0.20887387,0.1920677,-0.014638213,-0.71155393,-0.0617996,-0.5602339,-0.47923046,0.53158987,0.46434677,0.38816625,-0.17034896,0.3783235,0.17089938,0.3838742
rna|OLFM4,0.32244587,0.1416007,-0.61369735,0.08189742,-0.45729133,-0.4718001,-0.36707354,0.35080627,-0.2610949,-0.270265,0.29629079,-0.35113814,0.2665355,-0.15579301,0.32637408
rna|ASPM,-0.35604155,-0.11679338,-0.33984557,-0.018964082,0.050076745,-0.5863039,0.062384382,-0.12150067,-0.059904,0.1758148,0.2652124,-0.34547922,-0.19284256,0.49796993,-1.3136921
rna|ELFN2,0.49772784,0.3645417,0.27824473,0.14319506,0.1650055,0.3823381,-0.25163147,0.108048804,0.13696298,-0.2750972,-0.16685103,-0.48061183,0.36274087,-0.0801237,0.00455591
rna|PSORS1C1,0.2675276,0.3907909,0.38943964,0.23662062,-0.073906966,0.2202627,-0.25334445,0.27517542,0.18432716,-0.07153185,-0.17882767,-0.23742671,0.20609729,-0.05001446,0.017980821
rna|WDR17,0.10878158,0.23422557,0.21479717,0.38539514,-0.08652425,0.6126338,-0.024759008,-0.06597689,0.26502842,-0.44903982,-0.24269843,-0.3608936,0.26109314,-0.11915199,0.18751
rna|RDH13,-0.0043876334,0.5286332,0.22555642,-0.33321685,0.5931869,-0.11186719,0.35631916,-0.424611,0.1827547,0.40454358,-0.73295957,-0.5724348,-0.08025286,0.2423433,-0.14468558
rna|SRP9,-0.3178017,-0.35397366,-0.34455177,-0.0998853,-0.27025625,-0.89701927,-0.040670425,0.14798117,-0.46650252,-0.018232163,0.5643448,-0.13716975,-0.3090033,0.3749002,-1.0113928
rna|SERHL2,-0.3673255,-0.033183876,0.1517912,0.034104202,-0.103735,-0.0612958,-0.15963748,0.095571175,0.26279828,-0.11848688,0.11751919,0.097789444,-0.21118727,0.12887004,-0.084041856
rna|TUBB3,0.03510716,-0.125967,0.09618719,-0.102848336,-0.0451702,0.16779073,0.26804122,-0.14060256,0.10117138,0.48837537,-0.29538915,0.123947784,0.20997865,-0.40107262,-0.47667965
rna|HEATR6,-0.15057223,0.47681978,-0.06340026,-0.2761748,0.7183186,-0.11471281,0.4261481,-0.26279444,0.2517109,0.60850435,-0.3542888,-0.22862805,-0.3584106,0.29370812,-0.1757823
rna|TRPM6,0.050055515,0.34846863,-0.19918604,-0.27861273,0.09447219,0.04261479,0.2898823,-0.26460063,0.1736258,0.17184162,-0.40986735,-0.4321173,0.12670419,0.35147217,-0.06453201
rna|FGF22,0.54267114,0.37666717,0.5092403,0.39364442,0.3220207,0.29919446,-0.06395325,0.30847737,0.21809031,-0.04588957,-0.07964768,-0.26492646,0.29946837,-0.14193647,-0.16236752
rna|SCARB2,0.18389294,0.20060037,-0.26534924,-0.39896807,0.5115073,-0.14444254,0.56426686,-0.043979805,-0.33203337,0.80850905,-0.22210836,-0.076090455,-0.18862414,0.1445456,-0.30180767
rna|NPAS1,-0.17455262,0.29777253,0.3378336,0.40570748,-0.15571862,-0.0074973977,0.03730798,-0.19518256,0.2216321,-0.18108386,-0.3013917,0.12827218,0.06362145,-0.23924844,-0.2749941
rna|FNTB,-0.05003072,0.4938193,-0.004183299,-0.38714668,0.6395555,-0.30339643,0.37595,-0.315735,-0.024086725,0.78115845,-0.60084504,-0.48420736,-0.11007287,0.36474085,-0.45071074
rna|FAM183BP,0.21034768,0.7453259,0.23182333,0.18635876,0.36277348,0.45875025,-0.15815258,0.15229829,0.2698697,0.0066038845,-0.29448062,-0.04747248,0.03137363,0.12809765,0.29166004
rna|TRIP13,-0.4777168,0.059919022,-0.08228662,0.2175638,0.14077547,-0.061391305,0.43501997,-0.5766211,0.13138205,0.34539995,-0.23918559,0.044515774,-0.17735112,0.35352364,-1.0653219
rna|NME5,0.2025559,0.25408298,-0.021656804,-0.08008462,0.12235652,-0.05016759,-0.14434706,0.06552937,-0.015476662,0.089661814,-0.74456686,-0.3410143,0.25307408,-0.035971276,0.065251976
rna|STK33,-0.055996113,0.118283585,0.09187449,0.46779385,-0.0034273565,0.3721417,-0.13886397,-0.33230302,0.33262601,-0.3290682,-0.17246768,-0.17201023,0.042010017,0.085677475,-0.22393079
rna|DOCK1,0.16714126,0.110108994,-0.16441332,-0.34343848,0.20833603,-0.05997117,0.30001602,-0.11999043,0.015319011,0.6314302,-0.7171368,0.0016205066,0.21606122,-0.27262577,0.3075504
rna|PTPRT,0.23339581,0.46420816,-0.0478466,-0.084004335,0.043379474,0.15151024,-0.50155854,0.40751874,0.38413143,-0.35839155,-0.21355297,-0.1701032,-0.02969384,0.03870878,0.5112284
rna|HSD17B3,0.20855048,0.7321006,0.16465223,-0.4269913,0.43931594,0.007987648,0.16759087,0.2877828,0.090499684,0.13918017,-0.47551703,-0.5365735,0.33624035,-0.02901428,0.21025166
rna|C17ORF97,0.07063607,0.22639365,0.26009652,-0.051409077,-0.029837038,0.12146705,0.12965643,0.02653809,0.11733011,0.17236835,-0.40121236,-0.02292064,0.087091975,-0.06788279,0.018546239
rna|CPLANE2,-0.07251254,0.49196205,0.14654788,-0.6611591,0.61742276,-0.013357532,0.3973789,-0.18667704,0.091785416,0.19578046,-0.45341197,-0.5760578,-0.095844924,0.20387357,-0.07266223
rna|HULC,0.32497582,0.6141873,0.23769613,0.21227764,0.19737065,-0.09507989,-0.06921516,0.31598175,0.026968474,0.0019915788,-0.3853245,-0.429187,0.17526653,-0.18514511,0.26050514
rna|SELP,0.20573556,0.5189719,-0.23254351,-0.64913464,0.600644,-0.34040585,0.071048856,0.29605827,0.37803236,0.5037168,-0.4104166,-0.35440248,-0.36701912,0.37303963,-0.04553697
rna|F3,0.06425587,-0.3229048,-0.29199645,-0.48255336,-0.115977935,-0.6259587,0.13909107,-0.03633012,-0.25487003,0.8883818,-0.18553974,0.19896577,0.091704525,-0.09646591,-0.5063649
rna|OR5B12,0.39146352,0.37057647,0.38938528,0.29492736,0.22652605,0.4462909,-0.40634665,0.52113837,0.1170317,-0.20212871,-0.024328252,-0.37523687,0.35229528,-0.017723573,0.10868704
rna|TMEM45B,0.14007428,0.72631323,0.03182651,-0.34666643,-0.10116984,-0.19783147,-0.15090106,-0.051132362,0.35135606,0.33389798,-0.2675302,-0.35635495,0.13314152,0.32308394,0.26152334
rna|OXCT2,0.3212656,0.2854614,0.06277286,0.0542594,0.5032058,-0.0038724705,0.18954884,-0.23680393,0.072275825,0.50219923,-0.10115916,-0.18681653,0.18659915,0.106215686,-0.24031264
rna|IGFBP3,-0.07340515,0.33333832,-0.11018762,-0.39546645,0.13086063,-0.5996324,0.07005837,-0.24970071,0.049540825,0.4667267,-0.9737519,-0.20500359,-0.17219555,0.041956272,-0.32033098
rna|CD93,0.07960882,0.040317018,-0.3734697,-0.23856443,0.17389645,0.033111263,0.2777993,-0.123392776,-0.020349566,0.5907781,-0.5483705,0.4415762,0.027424859,-0.2232619,0.09956475
rna|PCDHGB7,-0.5198616,0.059228893,0.24705265,0.027490404,-0.14650685,0.011947501,-0.14258091,0.14327863,0.3225187,0.21995789,-0.52543414,0.62450916,-0.35510167,-0.37367994,-0.13703638
rna|MUC1,0.46401867,-0.11807482,0.07711708,-0.525787,0.11038014,0.022951705,0.14103396,-0.45635095,-0.3645107,0.7265314,0.037984926,-0.34094322,0.2582356,0.09499994,0.47771344
rna|DUSP15,0.18393469,0.17646231,0.1611094,0.69329864,-0.14388993,0.45635495,-0.31375483,0.0037850866,0.15924469,-0.21852042,-0.05196158,0.15375565,0.121405005,0.06449326,0.21849617
rna|OR2AE1,0.3477555,0.41320685,0.41369447,0.073270634,0.11496628,0.2759395,-0.11105553,0.2764575,0.21388419,-0.071910694,-0.32153484,-0.18171866,0.14867239,-0.071544036,0.27661434
rna|DAZ3,0.42306432,0.033570033,0.30727896,0.034944527,0.062858135,0.35672346,-0.13231824,0.2562252,0.048058692,-0.33975872,-0.13859496,-0.42233038,0.3077471,-0.28776368,0.15859927
rna|MPL,0.3135714,0.5517982,-0.08999754,-0.46172008,-0.09530195,-0.14087722,-0.04925148,0.14552924,0.26653585,0.23280096,-0.29780287,-0.28822386,0.26990217,-0.13133395,0.202664
rna|TM6SF1,-0.23803334,0.026347809,-0.16975938,-0.1871376,0.33651152,0.0096551515,0.34967476,-0.04295129,0.03583623,0.6097527,-0.38511825,0.5838111,-0.1871851,-0.0388912,0.001282833
rna|APBA2,0.49000284,0.18329325,0.1404725,-0.046748966,0.27484757,0.31850997,-0.2676693,0.37435588,0.23679458,-0.08961543,-0.29946288,0.1328446,0.20253477,-0.19146252,0.6156364
rna|ATP2A1,0.21459919,0.321445,0.58902574,0.1501891,-0.11012934,0.31917933,-0.1148701,0.04753312,0.50817114,0.17561236,-0.19443934,-0.38927576,0.41952127,0.005944441,-0.051687077
rna|PTPRR,0.0547642,-0.03227017,-0.11224254,0.24131732,-0.0033438758,0.42041197,0.0066700066,-0.261064,-0.13548207,-0.18753119,-0.011965301,0.25642627,0.24946676,-0.045516524,0.11564709
rna|HSD3B7,0.45550296,0.2280707,0.28491595,-0.073551886,0.2557105,0.36722448,0.10276179,-0.09215371,-0.1477602,0.0936578,-0.22653084,-0.17101786,0.36422926,-0.14478277,0.6885133
rna|TMEM144,0.1876134,-0.23823264,-0.30066356,-0.6766681,0.18219098,-0.49193236,0.28768355,0.42783827,-0.6301585,0.59288055,0.48301777,-0.2593429,0.22175092,0.3845927,-0.6037713
rna|BEST4,-0.008514919,0.24503097,0.3898925,-0.0041909516,0.11276522,0.20534563,0.05609657,-0.3045635,0.44370311,0.021843247,-0.22045836,-0.014621613,-0.08937022,0.14249198,0.06622949
rna|ADSS1,0.38196504,0.32794744,0.3919784,0.15512593,0.035527922,0.48207432,-0.23934619,0.30089003,0.13155279,-0.14091364,-0.22475486,-0.3410488,0.25686374,-0.107910566,0.57592374
rna|SDSL,0.14648913,0.21788554,0.07046312,-0.7643996,0.9043519,-0.10108793,0.6184355,0.11714953,-0.053597,0.45654836,-0.34762824,-0.62632126,0.22604896,-0.0067328284,0.0679732
rna|SLC25A53,0.15206093,0.41457376,-0.06659485,0.15514441,0.37423378,0.37979802,-0.2475907,0.36558744,0.18560915,-0.18636973,-0.012890579,0.16581455,0.09916385,0.34311703,0.3562781
rna|RFLNB,0.4603533,0.08774809,0.029705754,-0.2433611,0.06575257,0.4765909,0.105143055,-0.21130118,0.14249559,0.05867153,-0.23679389,0.1915666,0.22087726,-0.2517444,0.8964443
rna|SNX10,-0.21356839,-0.64743996,-0.09246707,-0.19251391,0.14789379,-0.2997878,0.036049552,0.22435957,-0.83303666,0.42666054,0.7727142,-0.062837265,0.032914154,0.4171609,-0.40948763
rna|XKR3,0.05509888,0.08110244,0.12691931,-0.058862384,0.0010227967,0.22070369,-0.118768394,0.22488725,0.238044,-0.2429444,-0.31345415,-0.38546807,0.38244402,-0.112571254,0.008444413
rna|KIAA0319,0.2742056,0.057013523,0.26323324,0.2333087,-0.07485623,0.11227877,-0.45307755,0.32549626,0.06374339,-0.25459576,-0.12841393,-0.44319707,0.42962816,-0.0672551,-0.19088905
rna|CINP,-0.17559426,-0.024174139,0.25194335,0.5735451,0.096420385,0.46260643,0.24240677,-0.74908125,0.14832658,0.12108991,-0.23855487,0.47197777,-0.09012253,-0.09446119,0.30409023
rna|SNORA56,-0.25465274,-0.13813293,0.26891285,0.68325126,-0.25559485,0.6201415,0.17981541,-0.5653066,0.30433655,-0.015210548,-0.19940457,0.43783092,0.18559217,-0.27115774,0.06352906
rna|SNORD3C,0.061962213,-0.076301165,0.15714827,0.37879893,0.16923806,0.20664422,-0.17823496,-0.009563974,-0.07630625,-0.069801554,0.12027668,0.053503033,-0.07317321,-0.21793522,0.0720825
rna|DNAJC5B,-0.4472791,-0.3586996,0.123418234,-0.22479302,0.097807534,-0.48418486,0.12664826,0.20004229,-0.060175594,0.33104038,-0.085500695,0.16481149,-0.029061684,-0.07992595,-0.44069752
rna|HSD17B6,-0.09788119,0.15056269,0.16618954,0.4021629,-0.049316127,0.23244579,0.15416737,-0.066067755,-0.19052912,0.06788055,-0.6345662,-0.11451586,0.18284701,-0.51413566,-0.16580643
rna|PRDM15,-0.17940938,0.06458945,-0.060620546,0.83961594,-0.0984557,0.14821069,-0.12124932,-0.21048243,0.28231028,-0.2142572,-0.007150623,0.2062869,-0.11360459,0.16434124,-0.1314988
rna|NMRK1,-0.014555809,0.6029712,-0.29997906,-0.3973577,0.6739374,-0.40129268,0.1970615,0.16034567,0.006155306,0.6917016,-0.4597684,-0.35775432,-0.3389022,0.5059353,-0.5076776
rna|SFTA3,0.5875731,0.38814768,0.25086147,0.26441962,0.16574062,0.30126914,-0.35031503,0.4462364,0.12548193,-0.40767696,-0.15448849,-0.48317873,0.4376608,-0.17719464,0.06578575
rna|CTAG1A,0.44369504,-0.12314347,0.28815407,0.28029305,0.008290317,0.23235558,0.09503932,0.008387369,-0.064099684,-0.31805125,-0.11235897,-0.14671202,0.20992227,-0.1748067,-0.00072261115
rna|COL7A1,0.404824,0.1939067,0.04888111,-0.14190362,-0.3036989,0.034693755,-0.19768594,-0.0932382,0.19001631,0.6626679,-0.1303452,-0.22686522,0.54610777,-0.2208539,0.19016048
rna|PPY,0.29510534,0.37578753,0.1363367,-0.2686898,0.3941245,0.033067796,-0.32406133,0.6339252,0.15644877,-0.17962395,0.03884882,-0.42173666,0.26047707,0.23009612,0.1915836
rna|FBXO24,0.416638,0.3256365,0.30376145,0.32634115,0.07922214,0.5259724,-0.28670856,0.15761483,0.24266511,-0.41941553,-0.13121463,-0.31302994,0.4356505,-0.12928739,0.27485818
rna|SLC1A4,-0.19530639,0.0494692,0.4333892,-0.21191001,0.3964572,-0.31606767,0.111655936,-0.3816264,0.32123595,0.054180782,-0.52276623,-0.2601944,0.03407812,-0.0037679803,-0.23641393
rna|AHRR,0.4549223,0.3330407,0.19772871,0.21428211,-0.20737587,0.1324432,-0.43026397,0.08230376,0.14213146,-0.17534305,-0.055819638,-0.36919904,0.5372432,-0.20435396,0.10906891
rna|SPIN4,-0.12991911,0.011202275,-0.5199562,0.15935129,-0.04209535,-0.63581944,0.009204155,0.2545205,0.012912539,0.2920797,0.17397374,-0.09719032,-0.22590686,0.33453342,-1.1228856
rna|EMILIN2,-0.048010405,-0.01570707,-0.1361217,-0.43574297,0.45293993,-0.16177808,0.41019955,-0.2861997,-0.3184197,0.68207175,-0.067311876,-0.40664586,0.06211486,0.36642957,-0.35653472
rna|OPCML,0.44714937,0.22817512,0.4170245,0.1713613,0.053630497,0.30585384,-0.3962148,0.37729043,0.16754285,-0.3429416,-0.2240719,-0.3295379,0.3533774,-0.25778526,0.24706191
rna|CHST10,-0.09437699,0.5530863,0.2924673,0.10894578,0.24909736,0.08249558,0.09652676,-0.24724267,0.31176597,0.23258431,-0.66318434,-0.36609274,0.040659063,0.16195641,-0.2834395
rna|SLCO2A1,-0.026785135,-0.0038941547,-0.6877507,-0.61123097,0.08808554,-0.8459158,0.049579445,0.33612752,-0.093360916,0.39247692,-0.07681725,-0.22845477,-0.2671006,0.3439798,-0.42482135
rna|MYEOV,-0.29218245,-0.28671548,0.27263916,-0.17805177,-0.33181274,-0.10381952,-0.21927339,0.04366198,-0.0043187486,0.22648352,0.14306524,-0.016955962,0.19422504,-0.12847403,-0.33201465
rna|BZW1,-0.09283724,-0.52645206,-0.53317505,-0.07968223,-0.3139538,-0.95941955,-0.14050066,0.22127679,-0.48553327,-0.07339268,0.8160263,-0.18373251,-0.07888193,0.32108992,-0.8511422
rna|ACE,0.43144318,-0.1270556,0.17375603,0.0631874,0.058614295,0.64279115,0.16855174,0.018234074,-0.124554396,-0.051508784,0.2159315,-0.06252974,0.3372068,-0.09781572,0.7016878
rna|BTN1A1,0.1752202,0.29751214,0.358013,0.45889145,0.11924133,0.31100556,-0.4324846,0.060691517,0.19808249,-0.3513668,-0.14798915,-0.36677977,0.13212283,-0.10099024,0.12618071
rna|KLK3,0.62056464,0.34848836,0.4166523,0.26726735,0.08315564,0.40634143,-0.36767876,0.39489493,0.25010717,-0.32263663,-0.13604584,-0.38688213,0.65993595,-0.12388311,0.08310379
rna|SYTL3,0.21186544,0.20566608,0.25778785,-0.37711555,0.4606218,0.42225283,0.123359255,0.009146292,-0.112719625,0.39036188,-0.037587084,-0.12037316,0.052968465,0.24210773,0.58771914
rna|LMNB2,-0.4135235,0.3849755,0.0577627,-0.13966054,0.6020341,-0.22136076,0.42583886,-0.4385874,0.23230216,0.6483706,-0.5379302,-0.35379392,-0.20622565,0.43652526,-0.8986143
rna|HSF5,0.076138884,0.3635554,-0.31978518,-0.18610126,0.36009872,-0.157157,-0.03074314,0.17289518,0.10296817,0.028888334,0.09742368,-0.10809078,-0.31082723,0.47655925,-0.06256491
rna|SLC52A3,0.57593554,0.23357326,0.19386901,0.41213453,0.040617935,0.35162082,-0.31516504,0.31225443,0.18122019,-0.114366345,-0.20351692,-0.24460319,0.38511157,-0.08083022,-0.009496899
rna|CHAF1B,-0.28769025,0.28009105,-0.082913905,0.1724978,0.49134248,-0.17305909,0.48579538,-0.46972546,0.20270191,0.49427477,-0.4076492,-0.17093232,-0.17723624,0.51815975,-0.81274235
rna|CHRNA4,0.40465212,0.44521582,0.34009916,0.35293356,0.11597639,0.4036573,-0.31422633,0.54884535,0.09378834,-0.21141724,-0.17113426,-0.51688373,0.33727676,-0.15917121,0.18523517
rna|FRK,-0.16666532,-0.0039645554,0.13217537,0.18597196,-0.4430393,-0.07957341,0.18568169,-0.47528717,0.20329256,0.016235435,0.061270393,-0.3523687,0.21370551,0.041446466,-0.30009818
rna|ZNF667,0.1897958,0.5371868,-0.088529244,0.038907018,0.0073681255,0.21598333,-0.27495322,0.42718768,0.39359286,0.19223773,-0.23544157,0.310907,0.0090125,-0.34987465,0.26554334
rna|S1PR2,-0.2977388,-0.48847258,0.6049871,-0.116136365,-0.22438447,0.20719115,-0.17939268,0.35676038,0.22798017,0.007028428,-0.061910976,0.36825618,0.09215261,-0.7918852,0.24588682
rna|GALNT9,0.23665382,0.2537063,0.14835732,-0.20552564,0.0069647515,0.09016414,0.07918311,0.24208087,0.24636024,-0.16213915,0.024606505,-0.12165321,0.081079304,-0.07088654,-0.0920928
rna|HAND2-AS1,0.5289833,0.32955903,0.20181878,0.090143785,0.14842871,0.04118198,-0.0799117,0.16259298,0.28751504,-0.08837952,-0.38495326,-0.22240683,0.41738296,-0.3623372,0.2885855
rna|MAPK15,0.049896482,0.14800692,0.03160953,-0.0009786207,0.2584167,0.21295258,0.020559939,-0.427698,0.13525467,0.13819778,-0.17424347,-0.13926099,-0.011132539,0.13414451,0.2776627
rna|ARHGEF37,0.034820262,-0.17134276,-0.0055703567,-0.20069824,-0.5597999,-0.6326322,-0.27531472,0.15060319,-0.013287104,0.26616725,0.02820445,0.03609123,-0.10942308,-0.0051870756,-0.2634197
rna|IL18R1,0.19322427,0.19677849,-0.42176837,-0.18108341,0.12867662,-0.12416703,-0.1705208,0.2737124,-0.012448996,0.44161475,0.034505706,0.36544624,-0.28813714,0.21562293,0.20057341
rna|CD244,0.20083907,0.32259157,0.017156392,-0.6601439,0.73046607,0.32341814,0.58445585,0.13090186,-0.27298206,0.34532583,0.08101957,-0.26495156,0.015627451,0.39466843,0.48694164
rna|KIF4A,-0.4413476,-0.36821514,0.31833422,0.50374484,-0.07160823,0.5198194,0.34361243,-0.57150745,0.17126626,-0.20417556,-0.28550836,0.15735781,0.16174468,-0.12379659,-0.28854832
rna|ZFP3,-0.26414937,0.47648627,-0.051017396,-0.34025803,0.5564364,-0.067568235,0.017558921,0.23260498,0.27052936,0.6124561,-0.38253093,0.32622096,-0.33175018,0.29649147,-0.06261246
rna|FSTL1,0.115689866,-0.47520804,-0.12010532,-0.38852632,-0.18660447,-0.37740698,0.037477177,-0.15261401,-0.24344228,0.62400794,-0.6370395,0.35777342,0.04000768,-0.47187358,0.025303781
rna|GSTM1,0.03385918,-0.149692,-0.28223646,0.08192305,-0.17133436,-0.089594334,0.004243883,0.06297014,0.018923158,-0.30566034,0.42705163,0.17236014,-0.029726932,-0.038896956,0.14803338
rna|MLLT11,0.013472176,0.052360114,0.0048468765,0.09358585,0.030832212,0.2576243,0.13026115,-0.10962092,0.03420278,0.30933353,-0.42938507,0.14360665,0.15326916,0.0059864363,-0.41135085
rna|SLC22A11,0.45641047,0.28684866,0.31146422,0.26315594,0.07183363,0.3685687,-0.3849123,0.44880113,0.099546805,-0.16850734,-0.2395973,-0.43525186,0.46604872,-0.06725273,0.058328927
rna|ABCB4,-0.208712,0.1567121,0.30270323,-0.055273175,0.0405127,-0.52259356,-0.26808688,0.24063608,-0.006391525,-0.065940596,-0.006203169,-0.21527745,-0.2770462,0.044489626,0.025743484
rna|ST3GAL4,-0.011452702,0.48967505,0.17131189,-0.58321595,0.44448322,-0.011417259,0.20628312,-0.113095514,0.06918968,0.7162454,-0.67561734,-0.3393742,-0.027888548,0.057944354,0.021041576
rna|GSTA5,0.42149293,0.34584728,0.32586893,-0.014113768,0.062261175,0.12467071,-0.22078107,0.5099125,0.30705526,-0.4033562,-0.16911174,-0.43250206,0.5937378,-0.10427652,-0.07067548
rna|LCA5L,0.22058767,0.30411217,0.38748175,-0.03053548,0.14859377,0.3263638,-0.20671073,0.097412944,0.26108608,-0.18570165,-0.5009116,-0.4357949,0.49615154,-0.011665808,0.2642958
rna|KRT19,0.41177946,0.1964749,0.2237139,-0.008745238,-0.43788984,0.08761572,-0.3985981,-0.29166317,0.41710097,0.0801143,-0.048701406,-0.2258746,0.51380575,-0.054631494,0.4927048
rna|PYGM,0.13614178,0.5207952,0.34155756,-0.17449005,0.38326374,0.09286739,-0.060591124,0.08946525,0.14628051,0.18771446,-0.49904752,-0.2641942,0.15266226,0.27526549,0.20059569
rna|CD3E,0.33943376,-0.16363268,-0.42008686,-0.6389976,0.48584747,-0.3427845,-0.09281422,0.7478789,-0.26214203,-0.070438676,0.7176991,0.081820674,-0.44965896,0.335441,0.64370507
rna|BTBD11,0.40163136,0.19950618,-0.4249063,-0.62410015,0.37084836,-0.1709889,-0.19479899,0.5354079,-0.2410041,0.3177566,0.3269289,-0.17400734,-0.118643254,0.379878,0.3993043
rna|LOC731823,0.5297671,0.14450262,0.14298156,0.4317617,0.11821103,0.3357962,-0.32800993,0.51893777,0.051252417,-0.42633197,-0.12541558,-0.21294312,0.33920935,-0.07445893,0.14356466
rna|VHLL,0.34165362,0.24457847,0.16993554,0.100083336,0.10358302,0.27854443,-0.29405499,0.17535846,0.2533028,-0.3165636,-0.26685825,-0.30838835,0.34568813,-0.06873788,0.00043205035
rna|ACAN,0.64758676,0.25672626,0.21170144,0.16565406,0.10837419,0.32032284,-0.31413883,0.18219961,0.13397472,-0.1281628,-0.17983107,-0.3421572,0.44102713,-0.35775092,0.05487585
rna|GABRA3,0.5582866,0.37643492,0.3464637,0.21589251,0.17260045,0.23917657,-0.008286015,0.16138346,0.31795523,-0.26610944,-0.23912598,-0.3878922,0.43947357,-0.06313175,-0.03158811
rna|RCVRN,0.2040414,0.11660818,-0.022462297,-0.5954361,0.3376637,-0.32570037,-0.020694697,0.3534611,-0.02494756,0.2403709,-0.036176674,-0.31574717,0.01206613,0.01775406,0.29105276
rna|ARL3,0.082522094,0.27713057,-0.10051019,0.3418276,0.048043877,0.76792467,-0.022572612,-0.14489532,0.33220622,0.09190706,-0.33048013,0.28448483,0.12371108,-0.072992325,0.29596657
rna|CAMK2N2,0.18791391,0.29877758,0.3044747,0.09734046,0.32996953,0.27275193,0.11396312,0.06943079,-0.11236833,-0.049355786,-0.3070632,-0.08428681,0.26630569,-0.0072899046,-0.22708352
rna|SLC13A5,0.2753951,0.38592833,0.0049692383,0.11615371,-0.13228016,-0.46002853,-0.024739679,0.20916428,-0.15932585,-0.026330294,-0.07688926,-0.6584955,0.21562418,-0.24668331,0.43155345
rna|AKR1C4,0.3638735,0.5140671,0.25618938,0.27065003,0.1332017,-0.03026779,-0.14565277,0.37471566,-0.21328822,-0.32924503,-0.058799382,-0.6925244,0.39825264,-0.4210064,0.18394369
rna|ZFHX3,-0.18135075,0.11439384,0.47555074,-0.6132531,0.19568379,-0.1062884,0.38937944,-0.052927423,0.09778667,0.42287695,-0.5837115,-0.030164523,-0.015355432,0.028163401,-0.16802415
rna|RIMBP3,0.37260368,0.4897753,0.33058617,0.0839724,0.36743662,0.41038567,-0.06476553,0.31814528,0.25997284,-0.3279416,-0.16756567,-0.32998312,0.43306258,-0.04273084,0.25821945
rna|SRPX,0.3936281,-0.042608887,-0.26538098,-0.5373203,-0.121382505,-0.42001137,0.2229094,0.11716204,0.015078865,0.22988129,-0.43476453,-0.0050015976,0.30156112,-0.23712595,-0.069804125
rna|SHANK2,0.3254318,0.3293258,0.44955632,0.005229137,-0.075491905,-0.16156383,-0.07743317,0.21072459,0.18835571,-0.02449864,-0.07810323,-0.5126973,0.3015549,-0.3498624,0.011789047
rna|FAM71A,0.5616933,0.3203612,0.2635864,0.09850364,0.09563582,0.31991637,-0.19077873,0.39834392,0.33821929,-0.1853041,-0.2090186,-0.39653432,0.44247115,0.015718453,0.0736681
rna|HOXC9,0.25780585,-0.21850964,-0.11774367,0.019198107,-0.0003904088,-0.17147094,-0.21753013,0.29027864,0.052164566,-0.12828174,-0.2852767,0.15647179,-0.25576055,-0.16954708,-0.06306014
rna|PITPNM1,-0.4042541,0.35681757,-0.007827488,-0.3902622,0.6921753,-0.41668952,0.16828439,-0.0830123,-7.976432e-06,0.42204693,-0.33100033,-0.31238112,-0.3964921,0.5632865,-0.42865518
rna|ST6GALNAC5,0.012095135,-0.08833499,0.07287168,-0.2723436,0.19693881,-0.2679619,-0.08720782,0.49005666,-0.05102931,0.24540912,-0.5972666,0.3208806,0.037268434,-0.207409,-0.026300102
rna|IGFN1,0.5246882,0.28494403,0.43060607,0.20940316,0.01586684,0.26151466,-0.20665416,0.32858744,0.11995221,-0.27920234,-0.20777509,-0.34707162,0.40783948,-0.24762537,0.014715744
rna|SLC22A5,-0.38340163,0.37801957,0.13739964,-0.18240224,0.2936583,-0.010396104,0.20799485,-0.22455658,-0.046209026,0.4954974,-0.5910427,-0.09230867,-0.33602187,0.1742387,-0.17669053
rna|SUB1,-0.021711005,0.24120283,-0.5088108,-0.24712864,0.41283944,-0.61100686,0.27046058,0.31607363,-0.41651982,0.38487908,0.085867524,-0.21185881,-0.37984744,0.66231173,-0.6753057
rna|GPR82,-0.20421326,0.04313038,0.10263149,-0.07285534,0.0061746356,-0.4986127,0.011921783,0.46987563,0.34281743,0.20757262,-0.25843987,0.19989882,-0.052940797,-0.16829684,-0.24127921
rna|PCDHGA6,-0.14810361,-0.11180353,0.80178154,0.2761929,-0.19256324,-0.29827544,-0.2525811,0.28567442,0.4830215,-0.005363247,-0.30779395,0.57553446,-0.1361834,-0.42116144,-0.1674409
rna|FAM184A,0.16156523,0.2913858,0.30881688,-0.5179935,0.53240365,0.005843877,0.05287229,0.2842331,0.029429726,0.21263075,-0.115420304,-0.17022151,-0.13152221,0.088258065,0.2757446
rna|ZNF330,-0.15349531,-0.20533822,-0.4749882,-0.29321423,-0.13972142,-0.94233483,-0.11039277,0.24933963,-0.45843646,0.092311755,0.41930124,-0.46452242,-0.2678578,0.50287515,-1.0359478
rna|SSPOP,0.030124929,0.5473841,-0.12320582,-0.27824512,0.14341001,0.03395844,-0.15721902,0.39268306,0.12191294,0.12564178,-0.32266212,-0.12729415,-0.08168786,-0.085173406,0.37229195
rna|CEND1,-0.046150565,0.1028251,0.15586314,0.095551156,0.30148044,0.53466636,0.22587423,-0.14425188,0.08028731,-0.03529775,0.005812501,0.22896565,0.12909028,-0.023963349,0.04623667
rna|COL6A2,0.16131975,-0.3764667,0.1061036,0.09485014,-0.16169636,0.4936086,0.27223176,-0.2808339,0.056623038,0.5971664,-0.43929654,0.72785,0.22105907,-0.79598635,0.3945759
rna|CRB3,0.084746964,0.367776,0.2029901,0.4137067,-0.1290021,0.38840216,0.06292377,-0.4980434,0.0036806043,-0.066827126,-0.097338594,-0.35813043,0.06937697,0.18214841,0.2600648
rna|CALY,0.6086063,0.20290108,-0.15438944,-0.3147163,0.14288713,0.069123976,-0.30409434,0.7166066,0.10275557,0.05447757,0.26024374,0.12112874,0.08267654,0.1215924,0.69210345
rna|MAD2L1,-0.28906932,-0.70624167,-0.38671434,0.53182113,-0.45117486,-0.33615178,-0.02699714,-0.1801368,-0.16837767,-0.33445397,0.78987044,0.20513989,-0.018787336,0.14645645,-0.8628532
rna|SNORA40,-0.15459071,-0.5906162,-0.2554327,0.12372692,-0.58606666,-0.8174218,-0.36671343,0.11778459,-0.41697958,-0.33780003,0.7747369,-0.16162738,-0.037989564,0.10177831,-0.5657617
rna|KIR3DL1,0.4944043,0.09150324,0.30130818,0.32149264,0.073733315,0.27223137,-0.42326525,0.43822336,-0.07689577,-0.4819823,0.22342764,-0.42315167,0.5277184,0.054211196,0.26329598
rna|IQCA1,0.4703216,0.15827174,0.2374573,0.110409565,-0.018966703,0.20524609,-0.32426658,0.30272397,0.068000406,0.14752008,-0.4787312,-0.08014888,0.4095525,-0.3441101,0.18000524
rna|LOC399898,0.46245643,0.16679262,0.2922562,0.29277605,-0.12332792,0.38376638,-0.42720702,0.49153134,0.019590035,-0.42131606,-0.1331638,-0.47822356,0.46794692,-0.08704055,0.20927088
rna|PARP1,-0.2741517,-0.069207266,-0.09100329,-0.043767005,0.119774096,-0.9288017,0.023583088,0.1841885,-0.037975006,0.19852588,0.1130337,-0.28993925,-0.22874673,0.4008676,-1.2442337
rna|CDKL2,0.30385017,0.14802319,-0.24873541,-0.20288964,0.23083967,-0.09976368,-0.1487713,0.38919804,0.20220485,-0.36107916,-0.14705329,-0.08519991,-0.011744881,0.053654436,0.28132504
rna|CABLES2,-0.29421923,0.5699265,0.1444037,-0.3430297,0.32416916,-0.22848144,0.14188674,0.11466892,0.10846705,0.43084893,-0.6437916,-0.4464969,-0.17279562,0.43477443,-0.5126701
rna|CLEC3B,0.33896875,0.13767737,-0.25903377,-0.27433062,-0.13148251,-0.10971832,-0.14155792,0.061962493,0.15520726,-0.5310797,0.15072012,-0.27730614,0.21257512,-0.18684821,0.5672523
rna|PCDHGA3,-0.23391663,0.21457472,0.52046555,-0.15608384,-0.08827613,-0.4979703,-0.3177398,0.48024517,0.56501424,0.204474,-0.59414065,0.117899746,-0.16300647,-0.40959063,-0.42088923
rna|PTHLH,0.2096818,-0.0117399,0.7180788,-0.16859043,-0.25253263,0.074057005,-0.09232613,-0.45593157,0.1642522,0.18373719,-0.1333276,-0.1533274,0.10131589,-0.0100985095,-0.015472161
rna|AGMAT,-0.17117126,0.3102193,-0.08968939,0.07526047,0.19165602,-0.28609917,-0.00026423286,-0.16044831,-0.011451776,0.089403346,0.21842377,0.08428639,-0.30383158,0.3265182,-0.3566149
rna|LRIT1,0.55689085,0.36410013,0.39555663,0.16587743,0.33060756,0.14198679,-0.105155334,0.22688645,0.27513748,-0.32191783,-0.29902685,-0.4192042,0.59972376,-0.0725066,0.024354966
rna|IL34,0.28395095,0.32630965,0.18859604,-0.0064565036,-0.010084294,0.38674966,-0.08035922,0.07485151,0.24100845,-0.025906337,-0.3402073,0.019238938,0.11476548,-0.10454635,0.5182586
rna|ADGRA2,0.2139657,0.04165598,-0.12876828,-0.7859208,0.43375325,-0.5258969,0.1667579,0.11757091,0.098051384,0.57979184,-0.7291928,-0.21181877,-0.014513843,-0.047147486,-0.00023870527
rna|RTL3,0.4730035,-0.00085799914,0.34608638,0.5153694,-0.044858262,0.28780195,-0.29392722,0.3320725,0.2791475,-0.20513213,-0.26720998,-0.15521657,0.56445265,-0.26777244,0.27867308
rna|RAET1E,0.4827297,0.38192025,0.31620297,-0.17281078,-0.06068902,0.10390196,-0.40597102,0.18354994,0.3066856,-0.34970787,-0.04834281,-0.42808515,0.5502415,-0.07871172,0.17726126
rna|ECRG4,0.48839816,0.4362151,0.07094146,-0.34679756,0.16423243,-0.13405824,-0.17136647,0.2009395,0.30978286,0.03870507,-0.7512315,-0.13904434,0.16242559,0.0015121674,0.34149325
rna|LMX1B,0.6878119,0.22400197,0.3724273,0.21882491,0.18669759,0.20204528,-0.21719207,0.364612,0.24611787,-0.33302534,-0.19544272,-0.4466391,0.444978,-0.17462312,0.01638533
rna|EFNB1,0.31992424,0.37849253,0.12325691,-0.37455425,0.23498093,0.0548561,0.27563694,-0.096914195,0.17998226,0.44614497,-0.5279249,-0.40412605,0.3402469,-0.097042926,0.16115016
rna|PHF21B,-0.33544785,-0.00073678175,0.09786297,-0.13899943,0.0968777,0.20126459,0.26521826,-0.35218126,0.22462659,0.08895531,0.037243497,0.19609356,0.0012032241,0.08629385,-0.06599768
rna|RUBCNL,-0.093844675,0.18338716,-0.115916915,0.54078865,-0.051634904,0.12347451,0.014347581,-0.40699595,0.18460023,0.024244923,0.008111556,0.009958024,-0.19200836,0.6224531,-0.0314864
rna|AMPD1,0.21521966,0.29267526,-0.32022524,-0.21725832,-0.16775943,-0.14192846,-0.2918346,0.017643124,-0.0088669835,-0.016618289,0.0009072867,-0.29592997,0.045295943,0.08605666,0.11189342
rna|ASPG,0.57973784,0.41960958,0.30890253,0.18240193,-0.032094296,-0.0671831,-0.17410111,0.10824665,0.29887202,-0.21902771,-0.13837932,-0.5677565,0.5589404,-0.24087717,0.3575954
rna|CFAP94,0.19830985,0.29010072,0.42241758,-0.22187276,-0.093377516,-0.13306805,-0.0790007,0.2951687,0.065615036,-0.0035537076,-0.340656,-0.53356856,0.20496391,0.048789598,-0.3286289
rna|SUPV3L1,-0.3072494,0.23029202,0.1368972,-0.3008311,0.50596154,-0.02877398,0.2830472,-0.39577106,0.0053642103,0.32852206,-0.6098136,-0.31485525,-0.17723988,0.3804601,-0.22573858
rna|PGLYRP2,0.41106492,0.61656815,-0.15857357,-0.42982388,0.121718876,-0.19732933,-0.15730636,0.3525798,-0.048067614,0.1872618,0.0126603525,-0.39358395,0.008949703,-0.095025614,0.7170204
rna|ADAMDEC1,-0.11099635,-0.5864142,-0.10196604,-0.2974927,0.5194834,-0.45098087,0.28843924,0.32885692,-0.2197696,0.54919285,0.32374215,0.27731192,-0.00015539036,0.22258078,-0.24651289
rna|KRTCAP3,-0.14943652,0.25725308,0.12216518,-0.41895053,0.034939896,-0.34811148,-0.01888637,-0.46025637,-0.035410665,0.3953166,-0.09209366,-0.18526873,-0.22921525,0.2540951,0.08755543
rna|RAB36,0.21137916,0.31944484,0.21071342,-0.36486742,0.24239202,-0.3287991,0.0017305982,-0.15502948,0.046993863,0.24005286,-0.60860133,-0.41842207,0.04130458,0.048199266,-0.20558941
rna|BMP3,-0.2084843,0.08405455,0.059220273,0.10643372,-0.29027563,-0.054894473,-0.14084828,-0.14908154,0.30136576,-0.44767362,-0.09438021,-0.17001712,0.012021128,0.13144323,-0.15700231
rna|FCRLA,-0.18355285,0.16087128,0.29071847,0.12799712,-0.10047551,-0.36553606,-0.12901025,0.16627975,0.58840054,0.030765373,-0.18210159,0.11343525,-0.40333432,0.2503638,-0.55384016
rna|ZADH2,-0.1694516,0.41851524,-0.07636038,-0.31679788,0.44065532,-0.13743854,0.13678169,-0.04942114,-0.033546664,0.43417302,-0.47029755,-0.10547178,-0.40141058,0.34074447,0.0712137
rna|BATF3,0.11472987,0.40570614,-0.09507441,-0.3063654,0.6744156,-0.019787695,0.30562532,0.1871372,-0.10291072,0.6522657,-0.4464955,-0.2547707,0.0193328,0.4769818,-0.17279741
rna|CFAP45,0.54842377,0.46273065,0.4636239,0.1016459,0.05624444,0.40685567,-0.09225179,0.052458126,0.15533033,-0.092204444,-0.34564152,-0.3313367,0.47053412,-0.11145326,0.22283949
rna|DUSP9,0.4034862,0.36318815,0.5589753,0.25501662,0.112464964,0.30781844,-0.18769404,0.33765253,0.1774656,-0.31539172,-0.111733,-0.24490783,0.3755418,0.052516293,0.083302274
rna|PRG4,0.2765018,0.22442208,-0.25150523,0.04236752,-0.11549487,0.009051523,-0.018457595,0.19073957,-0.15820016,0.01127314,-0.34512284,0.09238666,0.11520974,-0.2528364,0.456517
rna|STUM,0.24561453,0.2860753,0.37695658,-0.2096924,0.19663605,0.34286505,0.052260194,0.14046785,0.46772233,-0.19291925,-0.23796155,-0.22876112,0.13608555,-0.12094006,0.39907843
rna|ZNF775,0.01139818,0.4304975,0.41252562,-0.4801512,0.550413,-0.10905066,0.15447927,-0.12321462,0.14142492,0.2341929,-0.3756317,-0.50372636,0.0053646546,0.19356948,-0.23897263
rna|BEX5,0.023373956,0.17293584,-0.2468023,-0.23243834,-0.023931535,-0.4865177,-0.29572698,0.40108177,0.32939565,-0.024942674,-0.09349294,0.2199988,-0.18843049,-0.23286334,0.29019266
rna|PLAUR,0.22878501,-0.38479793,0.25700736,-0.2720081,0.16809821,0.44284332,0.24278678,-0.039045963,-0.4187326,0.88907903,0.06211413,-0.028501749,0.5129558,-0.2580327,0.21476595
rna|RDH12,0.5366373,0.41962376,0.37814596,0.003120927,-0.21454985,0.13970359,-0.31390822,0.18865745,0.26773608,-0.0018553403,-0.007675134,-0.59038097,0.47246763,-0.12242023,0.18402061
rna|PRR20E,0.5245431,0.2665281,0.31043842,0.23131168,0.16060464,0.25786847,-0.4262111,0.55534935,0.25380176,-0.35130057,-0.1810146,-0.5516122,0.566503,-0.10677301,0.06468007
rna|SFTA1P,0.4426044,0.09822344,0.35897434,0.0488143,0.3011483,0.3447149,0.05511456,0.28527465,-0.15983754,0.22615169,-0.33263952,-0.29321378,0.35575145,-0.16064453,-0.08080411
rna|MADCAM1,0.2394164,0.23147082,0.2668957,0.37343726,0.2259553,0.2790045,-0.22352925,0.5871298,0.1439923,-0.29517907,-0.203811,-0.03199144,0.151749,-0.21638663,0.25586843
rna|FPR1,-0.10748247,-0.16954911,-0.23956841,0.0278005,0.2016073,0.5417471,0.2275372,-0.06907888,-0.42450422,0.64200956,0.28301507,0.4545458,0.26757342,-0.030041886,0.4859628
rna|SMAD6,0.10966713,0.3488357,-0.31938803,-0.33816904,0.13605498,-0.4277842,0.3053379,0.37931925,-0.010718907,0.5223679,-0.30779743,-0.02145172,0.076966256,-0.05336727,-0.5150416
rna|KCNK4,0.48071313,0.2886155,0.27240688,0.23855093,-0.0026116536,0.3220041,-0.33521688,0.47335014,0.37811765,-0.20222463,-0.37091246,-0.14489032,0.38905758,-0.1539459,0.21528456
rna|HOXB5,0.5169462,0.058264565,-0.060890876,0.010075986,0.00014003646,0.21381143,0.058740538,0.226224,-0.1713811,-0.21043031,-0.23616113,-0.16347255,0.3763711,-0.38243154,0.16322812
rna|SLC35F3,0.3831692,0.4192922,0.36722,0.070914075,0.14058807,0.24399775,-0.324485,0.42966154,0.20390734,-0.31831747,-0.19727677,-0.442736,0.40356448,-0.02698844,0.16393313
rna|DEF8,-0.19153407,0.17033309,0.04285156,-0.6599707,0.33387974,-0.47168162,0.19951993,0.040341083,-0.014057569,0.33574635,-0.37086546,-0.3841521,-0.08142856,0.13128118,-0.5635479
rna|ACSL6,0.4936702,0.27746752,-0.12222823,-0.21331294,0.3066615,0.27496585,-0.26978344,0.6103194,0.12727691,-0.3302015,0.1450282,0.17579646,-0.08807542,0.081444375,1.046138
rna|ALOX12P2,-0.0125764385,0.17948782,0.49089903,0.0068898536,0.2004178,0.54210174,0.03427203,0.26992568,0.20349498,0.19503856,0.087706126,0.08643421,0.056458037,-0.16345023,0.3587242
rna|SARDH,0.14101116,0.47376108,0.13616146,-0.22894403,0.36068213,-0.1325242,-0.13353789,0.57175803,0.110188775,0.18636093,-0.13360554,0.30270025,-0.32988012,-0.33913717,0.5919633
rna|SSPN,0.21396393,0.18698268,-0.34659386,-0.7061612,0.17139867,-0.77234507,-0.007973897,0.42638025,-0.03346901,0.56585455,-0.3500253,-0.06176885,-0.13239892,0.23416457,-0.49595007
rna|ATP5MC3,-0.40259618,0.4334993,-0.15672947,-0.13503039,0.42327464,-0.18502904,0.45431557,-0.09082422,0.09630695,0.5768904,-0.41125584,0.091838464,-0.30890203,0.28585094,-0.6286878
rna|UBLCP1,-0.10050203,0.13883032,-0.46967298,-0.27574342,0.158759,-0.8598466,-0.076933555,0.37560952,-0.19452536,0.38437864,0.10907304,-0.34357476,-0.21063404,0.5156686,-1.0399396
rna|MNDA,0.113390654,-0.14649144,-0.29179543,-0.07503689,0.2253186,0.38422474,0.3081963,-0.2307766,-0.3085475,0.40138838,0.18734655,0.1222098,0.13635089,0.1707504,0.46848413
rna|LMO7,-0.21327731,0.08360419,0.38582042,-0.30527288,-0.098182745,-0.5041903,-0.105274454,0.0744344,0.24893798,0.06424947,-0.23507106,-0.49622247,0.060130082,-0.09701388,-0.3514755
rna|SNTB1,0.08041334,-0.2833817,-0.3468923,-0.2303675,0.27495632,-0.27431744,0.38915426,0.25420955,-0.5966492,0.48933846,0.64472675,-0.18904158,0.0049182675,0.19469708,-0.400423
rna|KLK6,0.57295537,0.329559,0.31371137,0.21047649,-0.19733135,0.2685603,-0.45976305,0.13172743,0.5041524,-0.014931238,0.09215454,-0.39808813,0.5642541,0.091479994,0.14773612
rna|CDC6,-0.4116663,0.16945672,0.17626935,0.5000457,-0.10857146,0.722563,0.22278547,-0.6237794,0.37612125,-0.1348564,-0.3285934,-0.058401115,0.16584238,0.11577817,-0.31338996
rna|ZNF341,-0.2849434,0.35514408,0.09743736,-0.24982253,0.42636755,0.049044184,-0.035087213,-0.1794238,0.0242203,0.010083706,-0.5754249,-0.38966024,0.057313018,0.331898,-0.38488996
rna|NADSYN1,-0.34447876,0.2789518,0.042837143,-0.32809725,0.5816779,-0.19571312,0.22065802,-0.22102113,0.0054894043,0.4626311,-0.44155103,-0.034925167,-0.31855008,0.40513805,-0.045356024
rna|NTRK2,0.40733093,-0.10740402,-0.13295393,-0.5659118,-0.36021084,-0.46482155,-0.10741763,0.14137335,0.066876516,0.24214779,-0.2691134,0.010984161,-0.1720401,-0.20659707,0.40680432
rna|UPK3B,0.39768085,0.30309415,0.30229384,0.18049207,0.16863191,0.3472474,-0.3374904,0.22123025,0.37041083,-0.17565589,-0.11609392,-0.02272214,0.43988624,-0.096218,0.5348336
rna|HYDIN,0.6243035,0.28570998,0.3931362,0.06853251,0.0011029254,0.29742363,-0.367334,0.5128158,0.18262067,-0.4453073,-0.2189707,-0.3857827,0.5491687,-0.21779585,0.18742381
rna|PKIB,0.26724,0.20866756,0.16772518,-0.24799371,-0.048671063,0.17296971,-0.1281415,-0.0010724255,0.18383126,0.04334352,-0.44863164,-0.0083084,0.07901764,-0.43916368,0.39913392
rna|H1-7,0.39319545,0.1964808,0.2931814,0.25198427,0.10505497,0.39473304,-0.29140168,0.46492237,0.11903526,-0.32271862,-0.09259279,-0.30935398,0.55111563,0.050749682,0.083003804
rna|RPS7,-0.23963363,-0.21203414,0.19342428,0.587512,-0.11213574,0.63611436,0.21544597,-0.7184477,0.013634487,-0.41403103,-0.011817186,0.21579725,0.19884105,-0.25027528,0.29274857
rna|DEGS2,0.36399853,0.20868833,0.1699499,-0.09948551,-0.14612399,0.031224597,-0.21957393,0.037815366,0.30338514,-0.33601898,0.007938549,-0.30544236,0.18170558,0.25097033,0.31329256
rna|MSH4,0.14946587,0.23218419,0.2713082,-0.028434383,0.4456675,0.33826464,0.22359343,0.08156651,0.26415417,-0.048846897,-0.2527071,-0.029159337,0.10239614,0.091432124,0.11579674
rna|CEP55,-0.49796978,-0.30945376,0.038320564,0.6091879,0.03988838,0.3337453,0.25447133,-0.49140835,0.10251263,0.20732306,-0.056779314,0.2326468,-0.076364525,0.16738361,-0.6993619
rna|MIA3,-0.104729556,0.14672601,0.018097114,0.46146062,0.1628409,0.6312396,-0.0645657,-0.0039443877,0.18811534,0.19561099,-0.3629755,0.69765383,-0.2962036,-0.28532678,0.62520266
rna|NINL,-0.2033641,0.20337103,0.032678086,-0.5494703,0.3267777,-0.5127522,0.08962527,-0.0063463785,-0.055792954,0.47227427,-0.43934116,-0.3096993,-0.30325446,0.30432954,-0.25269374
rna|FAM149A,0.059346095,0.30241522,-0.08044891,-0.026614152,0.13041057,0.0003454152,0.007821919,-0.18696693,0.14116101,-0.05502433,-0.3642672,-0.28849092,0.04943257,-0.023318993,0.09577404
rna|SMARCAL1,-0.24114883,0.53587925,0.106295705,-0.33927584,0.7337406,-0.29886794,0.3265729,-0.10089209,0.08992811,0.6180105,-0.6055816,-0.5135895,-0.20777668,0.5790632,-0.50231284
rna|SLIT3,0.53382325,0.29693344,-0.28488424,-0.55796236,-0.14523469,-0.15010741,-0.07035509,0.2593325,0.26204777,-0.01839989,-0.5089003,0.1398653,-0.0713364,-0.15240325,0.57570595
rna|H3C2,-0.15668234,-0.15553018,0.4525197,0.66512686,0.13287757,0.6859012,0.38785088,-0.65957564,0.4762579,-0.06443022,-0.23032133,0.43819213,-0.06559363,-0.11610899,-0.034471326
rna|SNORA31,0.070549645,-0.84586895,-0.19429737,0.21489055,-0.6776484,-0.50747025,-0.3690628,-0.06285068,-0.5635742,-0.50255454,0.7648438,-0.04148484,0.082924895,-0.038362164,0.05450128
rna|ADD2,-0.05151932,0.14413247,0.039181646,0.011396448,0.12925634,0.22068676,-0.02763004,-0.027866244,0.17334653,-0.06101877,0.042058963,0.20436402,0.1984015,-0.026191946,0.16550863
rna|TYRO3,0.062049814,0.6300419,-0.08948996,-0.4974476,0.24395029,-0.05121054,0.06847207,0.025395205,0.2519774,0.14347336,-0.76929533,-0.33030936,-0.073341526,0.26639202,0.34287727
rna|XXYLT1,0.08522157,0.424354,-0.36784357,-0.18360052,0.25833723,-0.40801698,0.21372885,0.052856278,0.16537382,0.57233566,-0.15791717,-0.07481106,-0.16688335,0.2730031,-0.746764
rna|XKR5,0.3248993,0.30554694,0.30947858,0.31946674,0.15549412,0.44281158,-0.44480628,0.3111461,0.18902597,-0.1828461,-0.39516014,-0.3574642,0.33021846,-0.059033427,0.17535551
rna|MROH7,0.16214015,0.20803247,-0.025924234,-0.709172,0.38530782,-0.60631937,0.049006112,0.32113206,0.054258235,0.40272525,-0.3632384,-0.33968323,0.31763846,0.05515592,-0.009303903
rna|LY9,-0.031852406,0.12992708,-0.11192358,-0.3190549,0.17337576,-0.5966511,-0.3501172,0.44688904,0.071605,0.26642904,0.16776602,0.38907546,-0.47106928,0.36153033,-0.2620717
rna|DYSF,0.30019677,-0.26897126,-0.09774747,0.27653134,-0.25726268,0.8672438,0.037573453,0.31590897,-0.49419942,0.017617747,0.4175025,0.47445092,0.11679076,-0.34782863,0.80358166
rna|LGALS9B,-0.078685544,-0.12795493,0.052902993,-0.05501615,0.54196066,0.25015372,0.081610486,0.26855242,-0.04314159,0.43095458,0.35805565,0.39133093,-0.23279524,0.09142866,0.25849602
rna|PSG6,0.5114646,0.23314856,0.33588898,0.32468468,0.061094906,0.2754176,-0.30345243,0.36927515,0.15387805,-0.54883647,-0.23155096,-0.5575896,0.5866976,-0.06592528,0.040688567
rna|MYBPHL,0.35961846,0.25032878,0.2657781,-0.10274827,0.14276658,0.14093894,-0.012945604,0.22735336,0.014257338,-0.0061877007,-0.16685157,-0.429523,0.5594506,-0.2023633,-0.0032531326
rna|ONECUT2,0.3587306,0.5090046,0.30149314,0.22147968,0.2054899,0.24451156,0.029633977,0.30163977,-0.1654051,-0.14067164,-0.2553948,-0.47458282,0.24401745,-0.25537214,0.015143771
rna|ATP6V1B1,0.55292356,0.18607223,0.032430023,-0.51498026,-0.059992794,0.16376966,0.16710263,-0.029321514,0.17862065,0.3532955,-0.54240006,-0.17859045,0.35561195,-0.3021884,0.3462872
rna|SH3PXD2A,0.38772064,0.02491571,-0.49112895,-0.40387326,-0.004828342,-0.9031971,0.006761159,0.34921333,-0.18290326,0.6600559,-0.20478505,-0.26499468,-0.15836826,0.08586002,-0.7354668
rna|PPCDC,-0.11409006,0.24428697,0.22135897,-0.09613155,0.01811097,0.5764491,0.15861164,-0.46955112,-0.030512694,-0.090120256,-0.23213787,-0.11172787,-0.051577482,0.105100796,0.4531764
rna|HSD11B1,-0.13885646,-0.45780194,-0.1454947,-0.17213891,0.3731941,0.08049259,0.5477679,0.17839567,-0.7754155,0.36142004,0.6277422,-0.2149269,0.20255582,0.11554413,0.2142192
rna|RASGRP1,-0.13646801,-0.3447257,-0.3842836,-0.2720434,0.3085505,-0.6561261,-0.07567385,0.34224972,-0.33793214,0.40398845,0.48978925,0.15261279,-0.36249447,0.4438755,-0.3551
rna|NTN1,0.43879178,0.36252508,0.2805678,-0.07749124,-0.23941359,-0.066184685,-0.014842124,0.09043798,0.27218542,-0.017913418,-0.2527513,-0.103730656,0.24977165,-0.18921718,0.41440555
rna|H4-16,-0.35473153,-0.5004945,0.26470503,0.7707373,-0.20200403,0.436267,0.11936311,-0.4538563,0.40485066,-0.2970747,-0.075689405,0.6188221,-0.012638737,-0.30932778,0.1356723
rna|OR4K2,0.5666855,0.18039124,0.26029956,0.3285265,0.15840898,0.3714702,-0.49686193,0.50923824,0.12390947,-0.38789487,-0.11635342,-0.5237045,0.5545657,-0.14249942,0.20233203
rna|NOC3L,-0.007240684,-0.09789548,-0.5850129,-0.030237664,0.101796985,-0.82141274,-0.02509066,0.14118801,-0.08510479,0.01915217,0.51994056,-0.39182478,-0.15794542,0.5133914,-1.0911684
rna|DUXA,0.5594691,0.28995267,0.3810003,0.24570835,0.06953584,0.12116078,-0.22931613,0.4237791,0.22396784,-0.31133962,-0.18784775,-0.48579314,0.5516727,-0.024630208,-0.0027160943
rna|APBB1,0.32365695,0.25250772,0.15590768,0.41291887,0.12505548,0.66762125,-0.16206814,-0.008568045,0.32968017,-0.08404571,-0.36405373,0.43150583,0.074497305,-0.16922067,0.85579336
rna|ICA1,0.21067375,0.35647333,0.16639826,-0.593809,0.3388426,-0.18371356,-0.17666008,0.42078128,0.3046169,0.18116896,-0.36787465,0.12945147,-0.35204965,-0.2622498,0.4925712
rna|TACR3,0.5592222,0.484909,0.34779337,0.26642787,0.051753912,0.3131504,-0.43159044,0.5117063,0.20306818,-0.31521973,-0.21302657,-0.2607362,0.4324201,-0.0149408495,0.05275127
rna|DDX3Y,0.098846845,-0.26914033,-0.13253632,-0.38741508,-0.06649896,-0.43819886,-0.045064013,0.049760055,-0.37893763,0.08611667,0.37539226,-0.22073166,0.06800266,0.17935584,-0.50373405
rna|CPEB1,0.4455414,0.13906923,0.1963041,-0.012358004,-0.12988828,0.10950339,-0.26935166,0.28933764,0.0810806,-0.46403477,-0.11010761,-0.45845008,0.34845513,-0.05237662,-0.050384786
rna|LINC00312,0.18298046,0.055194493,0.16272132,-0.58956593,-0.057238925,0.20651965,0.02042656,0.08448174,0.030305576,0.41076687,-0.5606321,0.018247996,0.07343421,-0.33253357,0.14146677
rna|PITPNA,-0.006912001,0.35168433,0.26710984,-0.22929572,0.60724527,0.032405242,0.19999848,-0.24294838,-0.029221281,0.5790869,-0.5480066,-0.24818271,0.023826314,0.27395052,-0.03349034
rna|SLC44A3,0.5582607,0.030219318,0.052139185,0.048741784,-0.12287,0.045873746,-0.14573587,0.32953164,0.007853806,0.20552352,-0.39132038,-0.045073476,0.5507791,-0.34306893,0.324972
rna|PPARGC1A,0.3834672,0.5549465,-0.21602644,-0.049036622,-0.16805255,-0.22417358,0.06838701,0.04311731,0.094854094,0.26304165,-0.42372993,-0.24700321,0.13692875,-0.17075297,0.15870766
rna|IGFL1,0.62597144,0.16245247,0.31302145,0.27141356,-0.3686792,0.12647942,-0.60207975,0.11345202,0.30724403,-0.18492346,0.050894942,-0.371031,0.62033355,0.055110343,0.34684113
rna|PTCH1,-0.0024835665,0.027469652,0.46140647,0.07091978,0.1753448,0.15472373,0.14523248,-0.28171474,0.3491598,-0.038064044,-0.37639382,0.11151948,-0.033287924,-0.2622331,0.18253715
rna|SNORD114-1,0.47863385,-0.5008991,0.010329231,-0.25245327,-0.6052902,-0.13492936,0.16100304,-0.1490681,-0.12945692,0.46177235,-0.38355073,0.31014928,0.20186302,-0.73742056,0.22306567
rna|ALKBH3,0.10003416,0.32684073,-0.021727968,-0.25869066,0.58017045,0.27010912,0.31114897,-0.13539298,0.20495544,0.2399448,-0.32276267,-0.1203258,-0.04017582,-0.20456558,0.21380371
rna|IER5L,0.27620992,-0.30465972,-0.014812566,0.0032361685,0.0013622418,0.53222483,0.3136077,-0.17244074,-0.016391816,0.48167747,-0.34565848,0.6828946,0.27678263,-0.554946,0.722384
rna|PROS1,0.22735018,0.5061523,-0.341458,-0.61369294,0.3562462,-0.5355432,0.4442555,0.17397565,-0.050200548,0.7740354,-0.51722544,-0.19226372,-0.009402407,0.074439175,-0.36137268
rna|ENPP3,-0.11460419,-0.21616386,0.24473718,-0.3748747,-0.29934403,-0.22527382,-0.1822941,0.36648983,0.21870846,0.00668561,-0.057640728,0.06216342,-0.115283,-0.2945873,-0.09392301
rna|GRAP,0.014383419,0.32693398,0.19724686,0.15498509,-0.008718631,0.45277652,-0.03744791,-0.02259912,0.7303695,-0.2617248,-0.15813401,0.42952102,-0.098432235,-0.11982881,0.4575977
rna|L1TD1,0.06466581,0.07944732,-0.30296877,-0.28029552,-0.012486321,-0.09204891,-0.13333607,-0.056025587,-0.11159811,-0.01648114,0.28448886,-0.28337586,-0.024769966,0.36504048,-0.06369371
rna|TXNDC12,-0.11793394,0.45490682,-0.1517959,-0.3927496,0.57978076,-0.32080933,0.5908498,-0.15538596,0.07343758,0.6695867,-0.49133644,-0.091906145,-0.28979787,0.29416618,-0.3920847
rna|LY75,0.017226355,-0.20098698,-0.3736609,-0.1369606,-0.019443057,-0.9609945,-0.25078574,0.539316,-0.017080026,0.27330115,0.54186904,0.108846664,-0.2030036,0.3370873,-0.8020502
rna|RNASE1,0.6163973,0.040435288,0.022282919,-0.29261336,-0.19058692,-0.07865467,0.22460364,-0.1837922,0.056873333,0.34950873,-0.4875048,0.109266914,0.03444654,-0.409917,0.19252844
rna|FGF17,0.39586946,0.22315785,0.42151347,0.1761072,0.21206753,0.29745957,-0.39569685,0.23990166,0.15261503,-0.31882635,-0.25402746,-0.36626965,0.30526435,-0.109517366,0.38879508
rna|FBXO15,0.011255092,0.5552205,0.19432026,0.006671751,0.38752416,0.049172223,0.07695389,0.062954515,0.4056336,-0.05758114,-0.4807191,-0.2937967,-0.010959394,0.28676176,-0.0037142006
rna|HPX,0.3187805,0.43737125,0.15860215,0.30780348,-0.10059315,0.024001194,0.010345791,0.23327628,-0.11874346,-0.27380186,-0.034959737,-0.5044441,0.2327187,-0.32062727,0.4346782
rna|BEGAIN,0.3414983,0.15903176,0.3140646,0.086726785,0.118868195,0.23427954,-0.35598484,0.6180763,0.14826517,-0.16173978,-0.1538165,-0.13401574,0.28641835,0.036024455,0.09549946
rna|ZBTB47,0.16781828,0.2385434,0.17200604,-0.58456737,0.5541068,-0.16095538,0.21495546,-0.021084787,-0.14939368,0.71286017,-0.594638,-0.52986777,0.069108866,0.25143084,-0.07902988
rna|ARC,0.41572255,0.3015962,0.36426154,-0.013989473,0.0746022,0.14259368,-0.074263714,0.061951146,0.26385695,0.009485943,-0.2685065,-0.30097273,0.15627559,-0.15569715,0.18394616
rna|SRPX2,0.39845616,-0.62294626,0.007670491,-0.31467584,-0.44212314,-0.23367018,0.22118677,-0.22465914,-0.35799497,0.67190754,-0.21790189,0.0699731,0.46149826,-0.54760176,-0.09562153
rna|IFIT3,0.30244774,-0.13401489,0.17473328,-0.19014294,0.095991716,0.74951965,0.32178366,-0.07655069,-0.38425773,0.44625223,0.29099825,0.14440787,0.2838702,-0.21726406,0.6553906
rna|UTF1,0.55459416,0.487267,0.2985059,0.15508145,0.3625212,0.21993558,-0.17262605,0.3300272,0.36113277,-0.11681253,-0.19773445,-0.28393665,0.2906816,-0.07397476,-0.0032432955
rna|OR8S1,0.42409918,0.38472745,0.4078755,0.29826972,0.13509561,0.32858974,-0.33402595,0.27035967,0.118716545,-0.3357472,-0.28798065,-0.4608383,0.54872113,-0.047301512,0.17534406
rna|NPTXR,0.41766036,0.28916892,0.17507125,-0.22961459,0.527659,0.33088663,-0.23130472,0.56651086,0.069159545,0.11472168,-0.058090482,0.01989255,0.054001268,0.026641103,0.5851561
rna|FOSB,0.48772848,-0.3596991,-0.22981341,-0.18651003,-0.22664523,-0.26689056,-0.22209133,0.21571474,-0.18185109,0.0439949,0.19642559,0.037038103,0.17325865,-0.12730984,-0.0017186368
rna|IL33,0.06634124,0.22624409,-0.60282636,0.053705625,-0.015081319,0.10980836,-0.15352103,0.12769006,0.029305764,0.17455934,-0.19335954,0.5466187,-0.25447598,-0.08412202,0.6658251
rna|IRF1,0.050809097,-0.10636545,-0.41757053,-0.7283746,0.4139145,-0.51420194,0.17073989,0.28708625,-0.59826046,0.45461047,0.6255561,-0.53908134,-0.16604355,0.69457185,-0.4044731
rna|H3C15,-0.24872229,-0.16248165,0.44494596,0.54685324,0.104059376,0.6506938,0.15899044,-0.5275494,0.57568425,-0.013349189,-0.0889302,0.46799698,-0.016181648,-0.1303824,0.062295392
rna|ABI3BP,0.06164175,-0.06063481,-0.32636958,-0.29775706,0.22208466,-0.89522815,0.17025124,0.34144366,-0.0104568405,0.7212312,-0.05203949,-0.043850932,-0.21384881,0.32349867,-0.61744475
rna|FGF12,0.39204517,0.22834554,0.4066498,0.100184046,0.16500835,0.30873305,-0.317716,0.19103867,0.060228355,-0.32818186,-0.34487537,-0.3211363,0.2210761,-0.3141807,0.22840121
rna|OGN,0.30296516,0.2287033,0.22069584,-0.28404224,-0.14975436,0.19882907,0.027249513,-0.1128337,0.1892042,0.058323838,-0.70378715,-0.08532234,0.3472121,-0.30085155,0.11567453
rna|DERA,-0.21242973,0.39136165,-0.08933599,-0.3766012,0.63373655,-0.4527184,0.4317106,-0.13010634,0.03265198,0.7249807,-0.43332183,-0.36288354,-0.358371,0.35694754,-0.8411259
rna|WDR62,-0.5283448,-0.33014974,0.28428796,0.4013106,-0.12766562,0.214352,0.26147684,-0.61353767,0.20233266,-0.18076193,-0.115049504,0.16373418,-0.09912298,0.044632517,-0.11527632
rna|ISLR2,0.3811218,0.018790996,-0.053146373,0.12682985,-0.05738107,0.22907451,-0.28161526,0.40843248,0.1264764,-0.36431038,-0.12379535,0.10603268,0.007744514,-0.31263354,0.43460423
rna|GCKR,0.31731802,0.37321922,0.3019571,0.39063013,0.23465902,0.10719014,0.03421931,0.2286322,0.17499734,-0.36382946,-0.36492077,-0.4116976,0.39349407,-0.30798897,0.15901223
rna|CTSW,0.5425356,-0.00382646,-0.3033409,-0.21139158,0.18304332,-0.11994528,0.044086978,0.434012,-0.1056146,0.149735,0.4133121,0.083792575,-0.04003709,-0.009263475,0.18832868
rna|KASH5,0.446519,0.28351203,0.5488756,0.21544479,0.059039913,0.46399137,-0.24976072,0.19195779,0.25328663,-0.30517775,-0.2743033,-0.4658022,0.40073073,-0.023352658,-0.10019464
rna|TRIM2,0.14746696,0.1799401,-0.49393654,-0.4224067,0.028847644,-0.9631626,0.09420835,0.26794896,-0.2951332,0.45725617,0.09468737,-0.48743525,-0.28947285,0.46606514,-0.46866018
rna|TSPAN13,-0.37500632,0.104565,-0.48368475,0.15648882,-0.124785446,-0.46381992,-0.005327187,0.15330878,0.14415239,0.14023662,-0.28326023,0.52027047,-0.47805753,0.013023261,-0.30227304
rna|DMRT3,0.19221902,0.2502512,-0.19705068,-0.40936357,0.59230363,-0.103996195,0.14853047,0.27506992,-0.120322384,-0.033721786,-0.2680412,-0.056027345,-0.15445718,0.18888599,0.21387343
rna|ZNF581,-0.27437118,0.13586889,0.19239584,-0.3966332,0.4307341,-0.6200652,0.19955547,-0.2751021,0.15514518,0.23860951,-0.2799734,-0.5412118,-0.089629665,0.35529664,-0.6439837
rna|KBTBD11,0.07230331,0.57935816,-0.17654668,-0.32663423,0.279479,-0.43034378,-0.13550457,0.44452375,0.15219083,0.3428643,-0.26103285,-0.09166989,-0.24581318,0.07233735,0.010768863
rna|GPR160,-0.1744557,-0.21258008,-0.14511408,-0.1965579,-0.27496317,-0.50728166,-0.14058007,0.13892253,-0.26262817,-0.006943017,0.36760014,-0.17372137,-0.15948878,0.13867517,-0.8035292
rna|IGLL3P,0.16940187,0.0048817135,0.5220687,-0.022746902,-0.1009014,0.062739894,-0.24022026,0.5184631,0.09755339,-0.20882936,-0.15077992,-0.08675253,0.17203215,-0.2119906,-0.031613465
rna|P2RY12,-0.22962059,-0.13699692,0.26686665,-0.3117957,-0.03489046,-0.25826192,-0.23250207,0.60812426,0.028268144,0.07940336,0.104548454,0.29740432,-0.25543538,-0.31850463,0.16019961
rna|TC2N,0.037855636,-0.2749773,-0.5525903,-0.3458177,0.06288108,-0.55739194,-0.18593481,0.53242964,-0.32343462,0.1443879,0.6532533,0.37426186,-0.4841585,0.3195552,0.092674255
rna|FZD2,0.01391885,0.04401686,-0.14484312,-0.5341548,0.6210817,0.03297671,0.34895146,-0.17826699,-0.12007711,0.52102125,-0.23462693,-0.2912005,0.10354129,0.22922446,-0.087515146
rna|MYL2,-0.17117868,0.095357165,0.42713436,-0.121840015,-0.053781666,-0.36598715,-0.028806446,-0.15153246,0.2423176,0.38518038,-0.15127617,-0.029274208,-0.03004509,0.15283681,-0.30540827
rna|LOC653602,0.47589648,0.41035587,0.29313356,0.3006401,0.078586765,0.20475128,-0.32038528,0.20872997,0.31162718,-0.18906501,-0.08253215,-0.13497801,0.37263158,-0.13235481,0.31828997
rna|ALDH18A1,-0.36296242,0.38075283,0.0016811631,-0.3177227,0.34494442,-0.27668577,0.3913229,-0.4515335,0.019683672,0.2675058,-0.54969513,-0.5995709,-0.2049018,0.31045008,-0.6318324
rna|RETREG1,0.07042365,-0.022297747,-0.076170534,-0.42749375,0.0042720246,-0.2602321,-0.20051098,0.35451958,0.07514562,0.31866664,-0.20129299,0.28172395,-0.16852276,-0.2558642,0.111558884
rna|TMEM71,0.18122149,0.301756,-0.32786337,-0.22078937,0.07156317,0.2605908,-0.30380425,0.33045995,-0.286505,0.29727998,0.15562093,0.32639536,-0.3758865,0.1657399,0.47658294
rna|ATP6V1E2,0.07657865,0.5087523,0.4079141,-0.08640805,0.62925726,0.2616711,0.34598014,-0.33607677,0.16646577,0.012306902,-0.28049734,-0.345532,-0.05508649,0.2332609,-0.05612354
rna|GSTM2,0.23611219,-0.13222015,-0.32057017,-0.1598722,-0.12669773,-0.44469544,-0.06589537,0.18252729,0.05652566,-0.41297743,0.4639913,-0.10320152,0.0144400755,0.020891119,0.06476025
rna|PDGFRA,0.39611134,-0.51721597,-0.34708792,-0.37765154,-0.52505016,-0.5318751,0.09532472,0.14690048,-0.36650616,0.67221165,-0.12940305,0.3215758,0.21361592,-0.49741927,-0.24788108
rna|C1ORF100,0.41812387,0.29976565,0.34207684,0.13050167,0.078454405,0.3101201,-0.17504436,0.3169474,0.22368786,-0.33624837,-0.12827939,-0.42184463,0.41023386,0.02638345,-0.06363571
rna|GREB1L,0.39961255,0.38338438,0.30180624,0.26905954,0.25144327,0.28413638,-0.072334796,0.4362307,0.049823318,-0.18419103,-0.4201379,-0.40580937,0.36623567,-0.12623325,0.13178623
rna|CD1D,0.073743515,0.0014741446,-0.08956306,0.27830344,-0.09605551,0.18574814,0.022850925,-0.033364028,-0.09837363,-0.68473566,0.03788597,-0.1796594,0.1145784,-0.0408149,0.35012597
rna|OTC,0.22820514,0.46332195,0.18185496,0.2281078,0.033244025,-0.2035132,0.037845034,0.33304188,-0.0030955446,-0.29441306,-0.3124644,-0.36654022,0.24919944,-0.22227006,0.21530084
rna|HOMER2,0.13341473,0.3727662,0.13140115,0.23441361,0.022175338,0.21980312,0.03256397,-0.1922051,0.21372399,0.08805389,-0.017701596,0.019747226,-0.2261154,0.018456584,0.38259485
rna|ZDBF2,0.055515587,0.1844925,0.42122844,0.044834875,0.27146935,0.13709831,-0.0015019113,-0.0670854,0.0138146505,-0.023482883,-0.5373891,-0.16123627,0.02903131,-0.093739785,0.27192414
rna|FASLG,0.026271349,-0.31159443,-0.27402502,-0.3774146,0.36483544,0.2916639,0.19349457,0.4581686,-0.31093934,0.3631519,0.57047796,0.29222992,-0.3519679,0.328848,0.3803325
rna|GDF5,0.5052183,0.42722946,0.43940172,0.20696591,0.26991883,0.16322699,-0.2595297,0.3108161,0.19607125,-0.30772918,-0.20604159,-0.42798346,0.5013678,-0.05516611,-0.033478644
rna|DNAJA4,-0.15704761,0.20773391,-0.06259085,-0.06764932,0.3465529,0.440917,0.09846037,-0.13723601,0.06774416,0.4728826,-0.17696498,0.1470985,-0.27823573,0.2684337,0.22652519
rna|BATF2,0.17002173,-0.117584966,0.06271545,-0.36121398,0.3798798,0.5644441,0.5320471,-0.15594274,-0.5667548,0.31522372,0.33206952,-0.036707617,0.07275712,0.21091907,0.63659495
rna|GZMH,0.3099432,-0.045482524,-0.15871248,-0.6661857,0.5913566,0.10904488,0.39236477,0.22053337,-0.38315454,0.442958,0.49040794,-0.64216435,0.19272839,0.4241175,0.022280242
rna|CD22,-0.35366717,-0.08461316,0.3066265,0.16370302,-0.28598168,-0.56777453,-0.4839152,0.10134217,0.4976705,-0.09435118,-0.10140908,0.37027678,-0.24542104,0.16365197,-0.3842152
rna|ZNF287,-0.10464503,0.32849517,0.10693787,-0.3059148,0.27719465,-0.04990277,-0.27889293,0.25022164,0.48646238,0.08948595,-0.6111611,0.06271974,-0.0043219924,0.04898208,0.17991702
rna|ATP5MK,-0.1559977,0.31477162,-0.011156629,0.07756535,0.026334437,0.5810255,0.18035011,-0.3240292,-0.004443445,0.056896087,-0.053253867,0.2337165,0.038274527,0.07356852,0.103222534
rna|MRPL50,-0.338729,0.014562983,-0.24073803,-0.11192799,0.27967295,-0.6892361,0.2627175,-0.105918474,-0.20206222,0.2544263,-0.111007795,-0.27665135,-0.28797066,0.50173646,-1.0179573
rna|OR10G9,0.44546643,0.2739544,0.38852325,0.11381004,0.22345588,0.1204961,-0.2552464,0.45928183,0.25542545,-0.2992758,-0.3244438,-0.2694322,0.41158918,-0.18384618,-0.02204046
rna|THAP4,-0.055748623,-0.11773681,0.45809653,0.42348546,0.25775245,0.65638906,0.30184478,-0.61271435,0.41180593,-0.13204709,-0.180014,0.39445612,0.071767494,-0.40034944,0.66339475
rna|SYT12,0.2207711,0.21476631,0.35240746,0.26461503,0.13741452,-0.019278992,-0.16102917,0.35509595,0.05795176,-0.21624514,-0.27073935,-0.19419792,0.20385079,-0.29884082,0.22258328
rna|TNKS1BP1,0.18794367,0.072629,0.20751865,0.06422119,0.12681027,0.34117046,0.3841967,-0.581963,0.1654538,0.5101545,-0.55492514,0.41783744,0.007558867,-0.54898894,0.72023386
rna|TST,0.27052936,0.36985976,-0.4687017,-0.1592424,0.39178243,-0.5910133,0.4156518,-0.17485385,-0.18865472,0.34563023,-0.09078929,-0.37996173,0.042039216,0.23176888,-0.33331424
rna|BPIFB1,0.51615477,0.3184565,0.24716043,-0.025288504,-0.1618631,0.0082600955,-0.5034378,0.017697604,0.27997133,0.027646316,-0.18041667,-0.3458905,0.4468705,0.036161594,0.47657332
rna|S100A3,0.4390256,-0.4564621,-0.51276296,-0.31450063,-0.35347706,-0.7505616,-0.15096562,0.08512979,0.07004179,0.43701792,0.5403661,-0.020828364,0.3166251,-0.014523881,-0.30431178
rna|MSC,0.066336475,0.008963207,-0.070772305,0.20950978,0.22588073,0.61152005,-0.10172615,0.2803401,0.2575902,0.50177026,-0.2207659,0.7447284,0.07866186,-0.4214775,0.70719105
rna|SCHIP1,0.25328702,0.043854494,0.3606456,-0.08962107,0.008809587,0.24082576,0.28689566,-0.3343045,0.12968649,0.2413457,-0.4658257,-0.07050275,0.1688009,-0.4059518,0.11217772
rna|SYNGAP1,0.074811816,-0.022029517,0.09292204,0.8044632,-0.14698453,0.7217205,-0.037955258,-0.25869352,0.1940942,-0.04873476,-0.0028877738,0.76362574,-0.13833337,-0.39778265,0.58592474
rna|SYN1,0.31427112,0.43566924,0.092853986,-0.110143155,0.2492248,0.059033714,0.035053644,0.17684191,0.11003929,0.3374689,-0.492228,-0.26209757,0.5597312,-0.23766576,0.09660384
rna|HBEGF,0.0059667025,0.14162846,0.11614371,-0.3682791,0.11787291,0.050379813,0.23726399,-0.25959685,-0.28399196,0.57350487,-0.39615697,-0.086458765,0.3031318,-0.18836528,-0.10574793
rna|SERPINB2,0.5894495,0.23987672,0.025577428,-0.08665166,-0.7125006,0.027427008,-0.52042496,-0.34826562,0.36671785,0.47322416,0.3364462,-0.21167402,0.59426814,0.079270884,0.2816862
rna|C3ORF56,0.44943428,0.1823027,0.22447741,0.18905263,-0.04595213,0.3596124,-0.3935096,0.43928224,0.22802521,-0.373457,-0.12317308,-0.474799,0.3977407,-0.020894026,0.030926216
rna|DPH1,0.038255405,0.07189964,0.34385252,0.4188743,-0.06601897,0.78063005,0.20323467,-0.40313458,0.16840918,0.13244846,-0.2681129,0.43662298,-0.039005417,-0.40905795,0.5756182
rna|OR6N1,0.43328846,0.45715052,0.4209246,0.1424535,-0.020628637,0.25809893,-0.40170723,0.5617466,0.19398472,-0.16344969,-0.18486096,-0.3066299,0.48766097,-0.14688289,0.15753683
rna|MIR298,-0.004161861,0.09944507,0.37194076,0.23921904,0.20209369,0.22763628,-0.08859335,-0.42489323,0.26193434,-0.1508831,-0.49162722,-0.4108049,0.19376938,-0.17639484,0.14972392
rna|NTRK1,0.4245923,0.36075848,0.3107908,-0.37840873,0.2910874,0.23301488,0.15117238,0.014094963,0.17637144,0.26825795,-0.37744477,-0.38481063,0.29673538,0.023781687,0.13188304
rna|TIAM2,-0.11653158,0.0645003,0.40322465,-0.47604242,0.19407044,-0.087515965,-0.21569987,0.5385139,0.05748318,0.35836965,-0.21291667,0.1323256,0.014232005,-0.14495508,-0.05443818
rna|IQCN,0.20764296,-0.0022789477,-0.122292235,-0.38113502,-0.20751257,-0.76745933,-0.5034633,0.5823484,-0.000362398,-0.33277556,0.5225621,-0.0708285,-0.16217835,0.0049568308,-0.04048206
rna|CYP51A1,-0.2771445,-0.2695604,-0.22692963,-0.23554786,-0.12232378,-0.8303397,0.1019842,-0.079430304,-0.41976714,-0.027004542,0.46344358,-0.4419476,-0.16913389,0.37062824,-0.97811246
rna|LRP1,0.32851747,-0.82916147,0.12632537,-0.3811018,-0.23590425,-0.14028943,0.25414088,-0.19220603,-0.4486872,0.051878493,0.24889201,0.04178097,0.26115525,-0.64606506,0.54285
rna|ORC1,-0.3005557,0.066660926,0.35666645,0.3892294,0.2905883,0.5097534,0.4099956,-0.7219103,0.2991774,-0.058860473,-0.3787794,-0.32414627,0.12577246,0.08410277,-0.21240743
rna|CDX1,0.009124616,0.48097348,-0.10843376,-0.18227495,0.37629622,-0.40518373,-0.064120196,0.32519966,0.47806677,0.3298887,-0.57853216,0.015542223,-0.012440593,0.046044897,0.090368874
rna|PPEF1,0.26235786,0.24796149,0.36026287,-0.21282452,0.22153714,0.024634372,0.013128782,0.12611458,0.22031364,0.24333686,-0.4869053,-0.4237257,0.34976146,0.024357228,-0.27323407
rna|MLC1,0.15678386,-0.06883746,0.20051719,0.023844087,-0.084834814,0.34418845,-0.18274058,0.31065902,0.16994996,-0.3336381,-0.11849946,-0.046210885,0.28832608,-0.18959376,0.32923198
rna|FOXA2,0.42497078,0.49912435,0.12211201,0.3296357,-0.12530813,-0.16188107,-0.2758664,0.47341877,-0.2158507,-0.24100603,-0.092904344,-0.7067415,0.5623722,-0.17667533,0.14244266
rna|F9,0.37827113,0.27159718,0.10365068,0.34452307,-0.047832437,-0.08367344,-0.010742612,0.32130814,-0.04043959,-0.5011549,0.012167278,-0.6543082,0.38010755,-0.35264748,0.222633
rna|C11ORF45,0.38945472,0.17893404,0.51184016,0.08937579,0.15724945,0.57972217,-0.09304862,0.4243284,-0.031204402,0.14651085,-0.21652344,-0.06560817,0.24481197,-0.18307395,0.3238232
rna|H2BC9,-0.17304106,-0.16415513,-0.3151391,0.03870669,0.10046291,0.119155556,0.038066007,-0.06780637,0.137925,-0.07338445,0.63357794,0.13267136,-0.23963933,0.22445637,-0.24369088
rna|GSTT2,0.38811308,0.17866395,0.23509686,0.009150488,0.1876084,0.04979332,-0.064016506,0.16580266,0.18417044,-0.07606972,-0.39534223,0.011998739,0.4970915,-0.392139,0.30889717
rna|FA2H,0.20437333,0.1290064,-0.1941197,0.4227934,-0.11161816,0.38490617,-0.13551421,-0.32233867,0.0031644455,-0.09668727,0.059914965,-0.08973753,0.035646457,0.31324062,0.15586314
rna|YIPF7,0.41158494,0.40483963,0.34946916,0.1391014,-0.009063131,0.31372347,-0.1714276,0.2955517,0.07377513,-0.3141244,-0.2460096,-0.42476788,0.44268572,0.020260392,0.109947205
rna|RALGPS2,-0.21569288,-0.16848722,-0.21929812,0.31451538,-0.47263134,-0.7397681,-0.27695104,-0.028107518,0.09247905,-0.39625368,0.3116824,-0.03286648,-0.359929,0.23464587,-0.6092242
rna|SPATA31A5,0.6776977,0.24090303,0.22804236,0.15357816,0.0025337844,0.11262153,-0.30789104,0.524584,0.19961935,-0.5196063,-0.09683564,-0.41696626,0.504246,-0.08713113,-0.07746783
rna|UGT2B28,0.47819817,0.3449753,0.23266095,0.25326222,-0.09630085,-0.12554005,-0.37822458,0.61677456,-0.11889202,-0.2950142,-0.057627805,-0.7612542,0.4647033,-0.19977316,-0.07595847
rna|RRAS2,-0.37846407,-0.40647417,0.2882875,-0.0889241,-0.34409136,-0.7695676,-0.10373961,0.28555518,-0.056955982,0.06806871,0.06474006,-0.057418272,-0.27480614,0.12024447,-0.8638243
rna|GAD2,0.35553214,0.45209187,0.43767488,0.16210733,0.111565314,0.22830257,-0.17740007,0.41073158,0.15618287,-0.29409298,-0.25459862,-0.42795712,0.4705544,-0.07954904,-0.13834333
rna|SH3BGRL2,0.31585708,0.3028108,-0.8606296,-0.5252683,-0.21677548,-0.89776564,-0.15662083,0.5496852,-0.06470101,0.037141494,0.07428554,-0.2775467,-0.22651345,0.14184012,0.024054417
rna|ADRA2C,0.34955394,0.023543388,0.22592065,0.2784104,0.020117125,0.4961731,-0.27245218,0.3936715,0.17511755,-0.4104512,-0.1124543,-0.07092153,0.24480143,-0.14969748,0.39318007
rna|MSX1,0.17852494,0.12943618,0.15592338,-0.66771424,0.12090283,-0.554736,-0.068310976,0.2186448,0.24039394,0.3849463,-0.46787894,-0.5365849,0.17473672,-0.02782627,-0.39709216
rna|CCDC144A,-0.015962634,-0.49535528,-0.19707309,-0.40261367,-0.018063135,-0.21909012,0.03288394,0.11456232,-0.24457584,0.08710627,0.39693835,-0.04044272,-0.20483254,-0.011698629,-0.16716973
rna|PRB4,0.40980044,0.16450597,0.25237274,0.35960817,-0.0029051004,-0.07121068,-0.06663392,0.17621635,0.1250807,-0.37086427,-0.046092942,-0.45728463,0.2246459,-0.19545028,0.037551545
rna|TAMM41,-0.22011842,0.22133364,-0.046635877,-0.46404925,0.3231852,-0.28461343,0.32138366,-0.24552695,-0.1099171,0.5134923,-0.30571875,-0.2227924,-0.2123794,0.37017205,-0.60757494
rna|LACTB2,-0.14859955,-0.16243036,-0.55664164,-0.16388822,-0.102554955,-0.7350445,0.01639047,0.24091178,-0.462819,0.13608778,0.5619456,-0.31509522,-0.05286537,0.42369464,-0.80434924
rna|RANGRF,0.1023322,-0.48994467,-0.44805998,-0.09976917,-0.20767681,-0.9168684,-0.18475728,0.30779147,-0.27791923,-0.28625032,0.8368442,-0.3073341,-0.05843326,0.39720303,-0.7521818
rna|ELAPOR2,0.13679585,-0.48220244,-0.18628925,-0.19092804,-0.38743415,-0.43266964,-0.38381234,0.118792154,-0.18145502,-0.34068915,0.3446331,0.031328537,-0.060739197,-0.2299753,-0.21353674
rna|MIR554,0.46175513,0.45844725,0.32650828,-0.08651813,0.15522206,0.08729822,-0.17761081,-0.023784347,0.38524696,-0.0023577292,-0.12497493,-0.44039288,0.31719694,-0.0787452,0.1178938
rna|SNAR-I,0.43956634,0.12237974,0.143838,0.34527197,-0.005509159,0.4842124,-0.19933523,0.20648289,0.037530918,-0.34364805,-0.12317638,-0.35155666,0.21423961,0.0065345024,0.124074616
rna|MIR7-3,0.3994519,0.33603555,0.36785966,0.22649331,0.27230597,0.3544784,-0.32638058,0.40353397,0.099088125,-0.28050688,-0.15615931,-0.5362926,0.402069,-0.10944163,0.056292187
rna|OR5P3,0.558356,0.31566668,0.3153434,0.13017677,-0.029989509,0.16768922,-0.3595044,0.45216447,0.1760563,-0.23729452,-0.26158643,-0.47587314,0.5430882,-0.09956289,0.004797092
rna|FGF9,0.17122786,0.24982707,0.19680803,-0.37908882,0.018248787,-0.008641416,-0.13747133,0.37074238,0.06770531,0.107623726,-0.2702453,-0.36064824,0.18482478,0.27668095,-0.15180215
rna|LALBA,0.49790305,0.31899124,0.47150254,0.3158858,0.11784597,0.2715664,-0.3619282,0.3775582,0.2711708,-0.39227635,-0.2184836,-0.37269416,0.51091534,-0.09341802,0.1327049
rna|CENPM,-0.5630163,-0.14299199,0.6720281,0.5098356,0.1271682,0.5848524,0.25022686,-0.5569971,0.5849503,0.03264554,-0.34692132,0.31368956,0.10739558,-0.03521883,-0.1983864
rna|LINC01548,0.5614698,0.2888058,0.44808006,0.16351919,0.25561032,0.3047889,-0.1598058,0.31812495,0.22054872,-0.43281692,-0.19491574,-0.36557385,0.51206374,-0.12934089,0.006928493
rna|CLDN17,0.55310816,0.2857977,0.47139433,0.14292887,-0.16384284,0.16751921,-0.40798965,0.13313484,0.16738962,-0.4282252,0.033429068,-0.35073844,0.5388876,-0.047822606,0.17901683
rna|OR56A4,0.40939146,0.4828397,0.47456902,0.020900024,0.14963883,0.2751596,-0.04756492,0.40917313,0.21644463,-0.23073083,-0.29187328,-0.40610462,0.53521603,-0.12895605,-0.053714633
rna|RASGRP4,0.36152133,0.09121934,0.1627635,0.41799322,-0.11963952,0.61618966,0.04672516,-0.357078,-0.29110917,0.17844926,0.2439534,0.068636775,0.119787216,0.055951312,0.54200745
rna|SNCAIP,0.20534539,0.44437933,-0.30584207,-0.61924905,0.056802943,-0.41616508,-0.08578523,0.4223646,0.37508586,0.44814855,-0.48379007,0.0018125296,-0.045129564,-0.07779272,-0.12888728
rna|MEF2C,-0.3127639,0.29953972,-0.13733932,-0.30500212,0.20609507,-0.6657387,-0.07768201,0.13537244,0.2008345,0.44342107,-0.3746094,0.010938041,-0.3970971,0.17238018,-0.8685668
rna|NOVA2,0.36329028,0.017190635,0.09577392,-0.17745373,-0.017395345,0.16147044,0.039444305,0.029350566,0.21480154,-0.46933186,-0.35285458,-0.30753905,0.30060208,-0.30805668,0.54004025
rna|PLA2G4C,0.04478856,0.5279964,-0.24752352,-0.76058614,0.7876314,-0.38389975,0.2590885,0.42987058,0.04681798,0.55451214,-0.3265763,-0.43902776,-0.18282464,0.370213,-0.24739577
rna|NAA11,0.537685,0.22847782,0.30255234,0.20393617,0.2414967,0.31775406,-0.4169756,0.23989731,0.022582447,-0.34454948,-0.17449957,-0.42688185,0.34235552,-0.063062474,0.1547629
rna|PHACTR3,0.52095455,0.37065655,0.22250618,-0.034970745,0.16671616,0.18495712,-0.34757623,0.5809137,0.05426061,-0.31734854,-0.13326319,-0.39619452,0.47155508,-0.048951607,0.28512433
rna|HASPIN,-0.25100258,-0.30059847,0.36436337,0.537734,-0.042941414,0.63133997,0.4524696,-0.5583198,0.14622976,-0.32534984,-0.004198205,0.09588996,0.07257511,0.08502161,0.04161755
rna|RASL10A,-0.05070691,-0.027800241,0.22966865,-0.22016619,-0.08660119,-0.6799581,-0.14278576,0.25573212,0.2767038,0.14377426,-0.26629132,-0.15873516,-0.09541521,0.022009913,-0.41835272
rna|APOL4,0.07616918,-0.32982236,0.0776095,-0.2928231,0.4838942,0.6369207,0.4312187,-0.060723085,-0.38835827,0.5067094,0.34478503,0.053261735,0.060618356,0.14173065,0.44212186
rna|CTDSPL,0.2586819,0.24457419,0.063029535,-0.8112046,0.14138216,-0.17816348,0.18483639,-0.113358505,-0.07036196,0.45214725,-0.46277845,-0.45114833,0.08015573,0.04789759,0.23437937
rna|PDZD2,0.16128945,0.027125204,0.24977596,-0.040439732,-0.27813542,0.07418475,-0.01213797,-0.33544934,0.21510985,-0.14923917,-0.16771628,-0.16684477,0.05049568,0.19504637,0.08846234
rna|STON2,0.094960496,0.12129495,-0.370556,-0.44061086,-0.015336141,0.121608,0.23395216,-0.28353316,0.019502321,0.42054558,0.047666926,0.26593375,-0.23899662,-0.06391567,0.7984928
rna|GTSE1,-0.46943718,-0.050325777,0.2698666,0.5506603,0.111637816,0.38867715,0.4852034,-0.63462394,0.284852,0.2228633,-0.41615674,0.14150068,-0.087979004,0.1913438,-0.43432578
rna|LUM,0.2528098,-0.6568936,-0.10763034,-0.222363,-0.32187372,-0.6472931,0.16286756,0.05828702,-0.17964906,0.73398465,-0.36194742,0.50530106,0.03710932,-0.5337258,-0.43242645
rna|PGF,0.42936775,0.1824884,0.01501117,-0.45612097,0.2667041,0.06523386,0.089555785,-0.06653007,0.33070594,0.12217337,-0.5874398,-0.24898958,0.051134918,-0.2276663,0.4366307
rna|AOC4P,0.4400995,-0.01814332,0.46904686,0.045439716,-0.07655712,0.11676797,-0.2994534,0.3361823,0.15292701,-0.23046611,-0.23039888,-0.43731332,0.48674804,-0.29272017,-0.041542217
rna|KRTAP5-8,0.44026607,0.50144464,0.47636902,0.1760692,0.09455242,0.36863646,-0.28202012,0.45018017,0.17187674,-0.215543,-0.27684882,-0.3471788,0.47808126,-0.10316854,0.07655708
rna|DAGLA,0.17039698,0.20948812,0.02857122,-0.38531718,0.37642694,0.26175132,0.37848002,0.04475164,-0.06669888,0.47188276,-0.26522365,-0.04487253,0.2950881,-0.17055829,0.18279016
rna|LSAMP,0.12675327,0.11504336,0.011968348,-0.17330487,-0.12630382,-0.16477174,-0.2309707,0.19868752,0.07802769,0.20005853,-0.21022223,0.08773248,-0.24258468,-0.21091732,0.009407362
rna|PCDHGA4,0.00797822,0.081321426,0.7775935,-0.042930745,-0.07736681,-0.037644416,-0.14611274,0.31133258,0.24775812,0.008773548,-0.3662431,0.16950184,0.09832427,-0.31285238,-0.06093945
rna|TRIB3,-0.24427105,0.3012094,0.03322995,-0.4300701,0.43960208,-0.3626013,0.25003198,-0.34022456,-0.090987325,0.18579412,-0.31371596,-1.0450759,-0.06857509,0.50054467,-0.4520501
rna|COLEC12,0.36182064,0.20051216,0.1379313,0.45908827,-0.16868825,0.23865677,-0.35047472,0.32431927,0.40361035,-0.2471146,-0.40787062,0.13991658,0.39645842,-0.2539305,0.28727657
rna|KCNIP2,-0.1466696,0.1105178,0.5189106,0.3869344,0.18379052,0.20741566,0.193082,-0.1915178,0.27571025,0.18932627,-0.39244354,0.35892227,-0.045591895,-0.18887551,0.3037417
rna|LILRA1,-0.06297825,-0.055689625,-0.46041685,-0.077552944,0.29738656,0.34751636,0.3277195,-0.10948592,-0.46951452,0.18658519,0.5672595,0.23994657,-0.057283048,0.16849768,0.5088346
rna|CMBL,-0.041388977,0.3014062,0.10058957,-0.4140431,0.102851875,-0.22177924,0.29600614,-0.004116484,-0.4444236,0.15225285,-0.59628564,-0.35157874,0.16658254,-0.24841787,0.17782836
rna|TMEM54,0.22949395,0.33871934,0.110291705,-0.29142025,0.23270872,0.05220764,0.41592464,-0.54776955,0.24934557,0.3961323,-0.4869547,-0.26171976,0.19944337,-0.0132290805,0.2858583
rna|CHD1,-0.039791226,-0.07288085,-0.6183359,-0.085738085,-0.023632666,-0.8161565,-0.10733683,0.3385892,-0.39614582,0.20455854,0.44003046,-0.20904486,-0.2768487,0.6169066,-0.92847323
rna|G2E3,-0.1991729,-0.40420145,-0.5234061,0.2761605,-0.49151105,-0.5042465,-0.35988337,0.45727217,-0.20774445,-0.20792489,0.7046684,0.15141433,-0.16400492,0.22460115,-0.6336648
rna|CMPK2,0.16453199,-0.24770314,0.38044307,-0.294072,0.25333092,0.16048121,0.23659003,0.029487945,-0.181129,0.10188513,0.19803976,0.1343287,-0.08627091,-0.103114575,0.47580102
rna|GCGR,-0.05364753,0.42302135,-0.32871902,-0.120522164,0.124567136,-0.25000647,0.16976374,0.20931634,-0.06509152,0.016329417,0.15808111,-0.36783823,0.059771415,0.035603974,0.4224772
rna|ZNF660,-0.032302294,0.16694842,0.37950534,0.005994517,0.082930915,0.016673805,-0.09805901,0.19026549,0.2243178,0.29947752,-0.47826952,0.15561146,-0.10315923,-0.19388156,-0.16384596
rna|FCN2,0.38528123,0.537466,0.18523552,0.15168904,0.07371986,0.051075146,0.038950447,0.2933673,-0.19578543,-0.22114898,-0.07946704,-0.7782641,0.3344533,-0.29655915,0.3399252
rna|SNORD9,0.052009027,-0.70419043,-0.12659414,0.12737635,-0.58046365,-0.3653002,-0.41663942,0.086390406,-0.21877405,-0.67052823,0.73091775,0.27597186,0.01842816,-0.18517104,0.3851562
rna|RHPN2,0.09209652,0.22317618,-0.45156917,-0.056354735,0.010676949,-0.40877295,0.17024544,0.16229875,-0.10737075,0.029484635,0.32528386,-0.36588272,-0.12339118,0.2416771,-0.44948724
