,F1,F2,F3,F4,F5,F6,F7,F8,F9,F10,F11,F12,F13,F14,F15
rna|HLA-A29.1,-0.012412254483299716,-1.1414254914741723e-05,0.00030902890492728625,0.03310186338038461,0.027633722851827792,0.03503940189910609,-0.20941031087050915,0.01365199392623648,-0.025937698591388017,-0.03781960805541976,0.005009094557661523,-0.022413218588246162,-0.007872633333908679,0.10354577016522618,0.038328230530726426
rna|HLA-DRB5,-0.1471647275363471,4.685335414969369e-05,0.0006320725091420156,0.0376400822488366,0.11692962043502547,0.11671356369144743,-0.1055701046780924,0.0002974344463987139,0.13894979428330956,-0.003643089649624615,0.004057485716052521,-0.023097660231388574,0.010665600285041786,-0.16354219969924733,0.05447674644113826
rna|USP9Y,0.020135265620057755,-1.538686548699296e-05,0.0018882382034218499,0.11217110495260013,0.07630635694935028,0.015354644217824185,-0.02076685211332148,0.01689791917756389,0.3128755122450129,-0.017849401848268023,-0.008154652622065692,0.06688460612925069,-0.003596571598801454,-0.2377032755968625,0.015293440635506854
rna|HLA-DRB4,-0.1408411805495898,-5.519101325453451e-05,-0.0011915244852660368,0.27722350127945466,0.09455258079247801,0.04796246044501314,-0.06494416934976352,-0.010127929208295593,0.04755861378299944,-0.02089727032817753,-0.0004166051917223032,-0.06058213107715215,0.0005150532005615274,-0.13168158690210635,-0.003676189642014848
rna|REXO1L2P,1.0728917294216078,7.828034112891261e-05,0.0020287981959539237,0.04325663120845488,0.05332446267057109,0.005968166387001562,0.03363035877296791,-0.00868760532486492,0.16463654535702496,-0.023228915725344655,0.005001256927380087,0.16024848653505772,-0.01788528616352489,0.0693342892042245,-0.10882760306212892
rna|REXO1L1P,1.0921093424027275,7.338262542679225e-06,0.006835371336940089,0.022046995643560847,0.019672335986332525,0.0019796707498267057,0.009952482786902982,-0.0037853488646674848,0.21237553659678604,-0.04598474550373109,0.0037913893942443083,0.12651720323489096,-0.01534859975056588,0.07848652697105793,-0.0814412159997342
rna|KDM5D,0.025160675683165587,-4.931184290225406e-06,0.0008429442799187962,0.10497531840582297,-0.03836690967578788,0.02223869591722882,0.003581026859876519,0.014164525842097247,0.35268501639290833,-0.006768953239807002,-0.0025194808041394245,0.06892831753399403,0.00019026294021477717,-0.16446954247270174,0.02608161935230079
rna|SERPINA9,0.0034061751234028444,6.567232253428403e-05,0.0008621132171381849,0.12491476972148739,0.02887735769562726,-0.8395813448754308,-0.2505214678001305,0.001291500255776424,0.18868378404675243,-0.0058602861352014726,-0.004061431465831272,0.10020251245666768,-0.005038118357899048,0.25206672380707795,0.011805235329264422
rna|GAGE4,1.0450052449650729,0.0001261505788776241,0.0030578170413549407,0.021159139081631903,0.040887407760123465,0.004279350250955023,0.08866027216507773,-0.004458938090386467,0.1578786001619342,-0.06469967479056514,-0.0007471378031802508,0.1345985778746016,-0.007406107939104333,0.19794594795440007,-0.038994023990148216
rna|KRT14,0.36740958664502554,-2.0662513917843516e-05,0.0021765936264229622,-0.004544137128105568,0.003805136371449261,-0.003302176379013539,-0.057304211390307835,1.2912498902662972,0.0016444938751690394,-0.013821552906687636,-0.017169343950869997,0.10870493536652398,-0.0011157010069331944,0.2092439662316766,0.006169694985875474
rna|DUX3,1.0035183968768402,5.651926383448426e-05,0.0019017233283535229,0.0719865361409157,-0.01708490919835694,-0.0013595098783006844,0.04186584792631481,-0.008661504333992733,0.26931243452955383,-0.01327097033441687,0.0038358887984481765,0.11945568329375658,-0.028893262834808666,-0.06078067751483388,-0.05686816006904304
rna|FSTL5,-0.10421307423461047,3.8634042828634607e-07,-0.002166291460883052,-0.006869148083612738,-0.0002446125938293897,-0.01742984811709195,-0.12843452186308876,-0.009564976087350853,0.01748016339977235,-0.051191785980990605,-0.007857277976421093,0.02250452009906602,-0.00965017349774266,-0.08480969612509487,0.07549523819381675
rna|RAB25,0.009839552826998776,-2.1328927997911025e-05,0.0003154474845807768,-0.026650943252577393,0.25362707098311094,-0.13469192190329923,-0.20943888353039913,0.5453373013860239,0.06891084697358865,-0.020419935173343097,0.052383688613697764,-0.05688065302932081,-0.0029137165541413875,0.08366682875236588,0.07979997015972681
rna|ORM1,0.1643935556657879,5.681758558475251e-05,-0.0022885501483176996,0.12113939712989451,-0.05072326754961516,0.33582691794428227,-0.4741806675658673,-0.00047604925838790236,-0.005992313161340166,0.030904487148763423,0.2641013325131589,0.12369546155114665,-0.005821107259580253,-0.10033961392521669,-0.5690555521313644
rna|DUX5,0.9884955221583458,5.992200158464747e-05,0.0008045964283918484,0.017860727852661285,-0.0025251217650657577,0.004132653647508274,0.06755084506109663,-0.009296324599774319,0.21310540515691379,-0.005437505250809948,0.00281208187301126,0.1689322694249249,-0.016025194316432154,0.0991164464047767,-0.06192667358619102
rna|HLA-C,-0.11461141086222298,-3.7472580586149825e-05,0.001508452760738673,0.19836065626233101,0.200592910626459,0.2030176496102348,0.017203617845766603,0.0006163893739407319,0.5910878447837794,0.0050541849870818474,-0.003939587342398375,-0.02170140572448602,0.009623241017600174,-0.30950839191403506,0.05469351605227159
rna|RGS13,-0.1620872771393703,-4.437205022551595e-06,0.0007246217778781014,0.007384671726344893,-0.18771708433241382,-0.29931284461108126,-0.24300321643158343,-0.006728636126910689,0.2394746963513356,-0.060878024817687545,0.0010028088156518555,0.03395298469406445,-0.03606432984067756,0.419805357723443,-0.12860478332908648
rna|FDCSP,-0.024215835311105945,-0.00010296969938577894,0.00038471566493795896,-0.008235041945551571,-0.046304142067660224,-0.22501615871900008,0.6845785086177413,-0.001698360164744477,-0.12379026190253464,-0.15362625329486118,-0.0027667805985668098,-0.47717524878974704,0.0027126915894351514,0.27489112150884465,-0.5328988910361707
rna|GAGE12J,0.9873850987099967,0.00010007294270621145,0.0031842919919827352,0.010770410525337356,0.002196722130585792,0.005300726695938026,0.07351394087288585,-0.002765026223844786,0.1348259877185476,-0.060611272607015536,0.0004218248535705942,0.10016977595910943,-0.006664474338583711,0.15572832410859638,-0.026047974821386936
rna|HTR3A,-0.0511383413945907,-5.726202734164297e-05,0.0019229603828937994,-0.06184626950870173,-0.057191732163817954,-0.5011386303780141,-0.0451989213078752,-0.011571535182974216,-0.007704637258370307,0.00827080078790708,-0.002588117285520858,-0.005211042671462937,0.017478952337896165,0.08982573041933833,-0.34597238235403277
rna|USP17L2,0.9966148934535565,0.00011128837844829359,0.0001335649612224167,-0.0007423399683144388,0.12911746613780323,0.006921602622646493,0.0026980490437763433,-0.0006466269859607012,0.17098677972686374,-0.014579968377756205,0.010934731291479467,0.04548464582488011,-0.05587411417339488,-0.06222994746866063,-0.05239370773514989
rna|DUX4L1,0.9534441151881384,-4.115470205248575e-05,0.0025531230155309815,0.02680889425275201,-0.15530158736303742,-0.014807411635255917,0.06576573609787596,-0.002162370181061468,0.17741882752312332,-0.01566801284880925,-0.010285913172807071,0.16925979888931203,-0.015003555098622591,0.23869987381359178,-0.01737863013620268
rna|MUC16,-0.002164126749312411,-5.213764680735569e-05,-0.0006170924567297606,0.2914862901090938,0.21688300661800744,-0.4186720781635479,0.0006666818566779308,0.016125098804849834,-0.015788123418934912,-0.009716891278852877,-0.0008888806508159528,-0.05956569150407133,0.0027341038692437277,-0.2618278145527972,-0.006267778799831884
rna|COMP,0.08625314646466688,-2.9927763746620997e-05,0.0046209569820498415,-0.023466223935740344,0.375313656028689,-0.40236589917094295,-0.1072308631105856,-0.03281338817497552,-0.3707038972363436,-0.0646866872688367,-0.05337141463219063,0.5907935059282203,-0.04786460125251382,-0.3499347480036302,-0.009432596524293986
rna|PRR20C,0.9901185270850538,4.050142784619377e-05,0.005051448745327226,0.0294133972894287,-0.1332498865462605,0.008669912898359193,0.021152763916539256,-0.017335822417051817,0.14106281838299345,-0.016331096749616476,0.005749548161689832,0.046306335518965694,-0.012975520679682094,0.0777304403170154,-0.06112332414935344
rna|TXLNGY,-0.011930112061175183,-2.941944777205877e-05,0.0008460286123311534,0.0376820372337217,0.054526730039081366,-0.007840618790432253,-0.018797531420219307,0.01752743115950736,0.04263189286249832,-0.02011036031548459,-0.01025633701875062,0.047146199024030444,0.0008938755749047665,-0.044425782843015384,0.02544167875024955
rna|KRT6A,0.15064061615082794,7.770662052292242e-06,6.903208575231448e-05,-0.004700919884671145,-0.01696032352340229,-0.00048720095947177956,-0.0451795025898927,1.3190614231760187,-0.03871114001235212,-0.1002343056221423,-0.0018104125949092392,0.012273162559634117,0.029262606761429166,-0.09770168205519461,0.01708317075757976
rna|KRT5,0.15480464858961313,-7.280457103209886e-05,0.00013010610178735475,0.004783679567643393,0.006443275071796634,0.0028495517356805777,0.015683810951684134,0.8662811631551295,-0.023494747216053175,-0.017452376961903635,-0.038187401225837664,-0.008885979927336236,-0.018495405977522528,0.33665073033356274,0.006377908559623461
rna|DUX4L6,0.9235358354314428,-4.215368558538126e-05,-0.0016622139108951868,0.04401891257875046,-0.1925458854214554,-0.005505390830346328,0.052487363691945454,-0.002201166561036429,0.20120961227583506,-0.017479760879982684,0.004412105934057121,0.2104980285723834,-0.009948378830923867,0.13819907698240327,-0.02020716405799233
rna|SPRR2E,0.4601686841423423,7.914447323530026e-06,-0.001551171641106641,-0.0037378368788695887,0.06715538243887614,-0.017635929619890262,-0.07924332602663611,1.1648296032575989,-0.005556739162964256,-0.038178279594024714,0.0004220132641945295,-0.008861280173084183,0.016162839935328903,0.008936948181124576,0.07276904514055757
rna|GAGE12C,0.9523119070147307,1.3267766320198355e-05,0.0016479366075412537,0.0032370621215616073,0.0673839901125597,0.06373037733268017,0.09627150869937297,-0.001111633456856717,0.12765825788950858,-0.0488719381864132,-0.002536501123001392,0.14049580672465264,-0.011770835821053559,0.024616472196873705,-0.00954331837744085
rna|ZYG11A,0.19825524945543882,2.9758249679022576e-05,0.0009368009252005864,-0.16376693284823107,0.00486379251307232,0.12571633873738722,-0.09006102827247843,0.00595898727646859,-0.03394963651208453,0.009134510395563145,-0.002190911053718744,0.05263971899615237,-0.005355588698941077,0.36369175542173704,-0.0004755499375935755
rna|PRR20B,0.9730322091153739,4.4978083862629e-05,0.0017010173651262727,0.0006674192651525969,-0.0064077313657489934,0.02248849405523799,0.051711585211250494,-0.001661761159469373,0.14644064698585804,-0.026760291751496853,0.0009012414331553371,0.03502260069411494,-0.022935854113319585,0.21434727547715698,-0.12766692687861633
rna|RPS4Y1,0.03476201582701455,1.4900436096972554e-05,0.0019069315731544839,0.01702520931188095,0.01074268523303051,0.02179712958560137,-0.03519994737970814,0.007135669827669634,0.025764026221853663,-0.025632163985993304,-0.007522501859466199,0.01578632417736682,-0.00869016050728491,-0.27490012056163127,0.010602750860820576
rna|KRT13,0.5542189409907439,-4.6821709571860685e-05,0.005777356716630893,-8.354380186675417e-05,-0.16950971449051566,0.02222117685219495,0.004913130800595726,0.939031967554513,0.10071598137981168,0.050844472373889005,-0.007252473391137859,-0.029534038779949204,-0.021050499116893058,0.14699129813982958,-0.06442149128863162
rna|PLA2G2A,0.13367573286274817,1.0899664031245427e-05,0.0016608835387597626,-0.10838279014995031,0.14761090517686826,-0.011548726624632735,0.12287391251510298,0.07751791893880776,-0.21609377891859327,-0.01845679692669164,-0.003720576723618214,0.6332021198330787,-0.04096039145271392,-0.13625606230293139,0.010013208668678749
rna|SNORA38,0.027661099923601513,3.214088355607578e-05,0.0011454487079911523,-0.018167616739578573,-0.4363310064474175,0.0074919931146076825,-0.08217926578939036,0.016023899160771217,-0.07715567084994787,-0.07849016787610756,-0.0061525826730883075,0.06337793501091145,-0.02976091064858563,-0.20021175082878626,-0.01362103714281666
rna|OR4F17,0.9681101206467535,8.791330028053908e-05,0.008343155542954542,0.004998558782921293,-0.10917234760916422,0.00852938445374046,0.004335387333454429,-0.0037423997703423875,0.16102167573960124,-0.02247468210858189,-0.01290554470514121,0.044692544138604615,-0.022511111104724636,0.06891877655731901,-0.035058684643782374
rna|KIAA1549L,0.01266572217690662,2.62268254992201e-05,-0.0008471152273165894,0.038567908097351694,0.4058728980449329,-0.4463374253444255,-0.22867137292071094,0.013405542313117169,0.019344821919134156,-0.014927597795643363,-0.009924640847828053,0.36563058041936375,0.020928505653136798,-0.22353633624613142,0.21954469680179614
rna|MYOCD,0.420208893318118,1.2760697562938342e-05,-0.0005983978918064853,-0.2033657935582538,-0.05348457048515825,0.16692688553137883,0.029797885785411444,0.00023252035417207446,-0.025731447892959565,-0.001717053708838533,-0.017850125632972762,0.057940321443355286,-0.027114420819428976,0.3028677907620553,-0.024940993086431572
rna|EVPL,0.1902165264674225,-0.0001691489055507093,-0.0018596849507487123,-0.23793381423820237,0.07777141644979965,0.23708864652221698,0.013867297226090402,0.6464099888377933,-0.14822938035767524,-0.027988909541902477,-6.310485349017438e-05,-0.0193289035609994,-0.001189063934576969,5.8248687463236825e-05,0.10559983688930333
rna|KRT17,-0.16532070787997388,1.0634599809052618e-06,-0.0013450669004370593,0.07033428512521143,-0.12539374119169128,-0.09292932251455772,-0.17984349533908336,1.0015755076333388,0.09824817771532116,-0.005238675179583124,-0.0010419947610035016,0.1823595981763763,0.019149944506457767,-0.33767762993468703,-0.014934722319858271
rna|KRT6B,0.0697589837352686,-3.439437621459959e-05,0.0038166982196568763,-0.0025258514674466603,-0.043249206411043364,-0.0014695516606155973,-0.10237650414662522,1.2537819581953586,0.036626001601142266,-0.0024874157801091884,-0.005597556336647208,-0.012695648592758133,-0.017460594290932867,-0.06351434602558327,0.07860981799139953
rna|KRT6C,0.5389440601812415,6.020965738902993e-06,0.011792353853586991,-0.0034009654076704757,-0.21510523531533268,0.0012428648485213847,-0.04605622678583133,0.978699957044037,0.21687915878053807,0.02649750312597633,-0.003161820199704049,-0.0036294379886403303,-0.04049857362448216,0.004668648619451151,-0.007299303647554888
rna|ESPN,0.26062567012201293,-4.2486299387212225e-05,-0.00045614996193509905,0.11337828583004493,0.11076770200710773,-0.005668535331288165,-0.0017703423930477678,0.53707926729251,-0.06819125522167495,-0.09266406289748871,0.21192522177079942,-0.008556943870125023,0.003677607339633757,0.046665366965707916,0.1302966930466289
rna|FCER2,-0.04517884099186501,-5.700082305656131e-05,-0.001603405338010376,0.02003489527717413,0.001101426197420381,-0.35959031028630656,0.5087312176314412,-0.0012449480574703777,0.0236772639215817,0.024022014308421588,-0.06330710843017856,-0.06093387448344665,0.02604238483722422,0.27068602725652663,-0.146686508686367
rna|HLA-DQB1,0.0037055767960290802,-8.222117723263841e-05,-0.003808072873618884,0.06075760354438608,-0.08995786393597202,0.02265840176128723,0.133982546371039,0.0033317292817143782,0.11917418179248189,-0.03163939709048599,-0.000920855759112336,0.0021826852560351143,-0.02605454681763498,0.17012084796488092,-0.08233822170005643
rna|CCDC190,0.864028521637774,2.8469553967550066e-05,0.002982583053033654,0.0012791693883177717,0.05992954105492374,0.03677729934352265,0.03195306809556201,0.12926390981177913,0.11845972303248915,-0.028915480430842983,-0.00377380247334655,0.01359036065921062,-0.030490961995435533,-0.0299919504973992,-0.012670138138116667
rna|ACY3,-0.0005502498444695998,2.2762618532854628e-05,0.00010766252795900987,-0.015397628513407962,0.3524584343558751,-0.28499917429657773,-0.2398803612142225,0.00276660776016318,0.12860981885726658,-0.014340182480994352,0.008132605160656023,-0.14411959892201678,-0.012137646197130383,0.2017914228406085,0.21769374052483614
rna|LINC00885,0.10523572639589053,-0.00013253662460836307,0.0008187353827091671,-0.14359314983395294,0.2643898185994838,0.30915956275819967,-0.0008340275916717139,0.27673274640829437,-0.31093532966010456,-0.0028446384197445456,0.021957225291634942,-0.3360797972639232,-0.010702093643572016,0.08146854588956999,0.03252034071767934
rna|NLRP4,0.17068314463710577,-1.587476448721888e-05,-0.003158383309829883,0.20382972606510488,0.05148365763626654,-0.41740945203769125,-0.21628923477288853,0.0002908348858762929,-0.1551206548193953,-0.00626644175702167,-0.002500508616448581,-0.03020322744279142,0.012934037000355699,-0.007208548989256466,0.16828628088041922
rna|POM121L12,0.8225765972518898,-3.69100084806791e-05,-0.007802046234584256,0.012928440710878895,-0.19227526293664438,0.00014336840293867966,0.003599670203472153,-0.0011058674541467267,0.07442620997808881,0.00032343829500245216,0.008301790500276445,0.011020270316351761,-0.019958722423115534,0.3101781118482253,-0.018907037455559342
rna|CILP,-0.004018715288271202,-5.098524893307051e-05,-0.0005945444223618833,-0.016983778082804542,0.14801352643054996,-0.4634619640223124,-0.2391285847604492,-0.1288919980505441,0.1281225097833781,-0.08136881486332152,-0.007204564595746252,0.5376854091947936,-0.054372143927955315,-0.3467366068288285,-0.306896646061747
rna|SPRR3,0.31215459509729215,-0.00011767494833761663,0.0020363014755431274,-0.012659986447598361,-0.028014369079339553,-0.0054255834912500045,-0.033262607895478406,1.0009068687187956,0.009982187066123494,0.07818149937906566,0.006198421449248582,-0.12114400842445672,-0.03685807808709193,-0.10608716818697703,-0.021929360666118898
rna|SOX11,0.7337520429606149,3.464845045947806e-05,0.002690842359776939,-0.017852978637293144,-0.12529214463437707,-0.0023588240741723326,-0.016979528926474915,0.0050048400518945615,0.10277311916335782,0.0006073472801571281,-0.004914639489083722,0.003426916999380047,0.02155765925134352,0.08616014607098908,0.004618658087989931
rna|VPREB1,0.1812777686470822,-4.092951032550939e-05,-0.00043003312481839495,-0.08087909165736715,0.1687848086976366,-0.09783824052128544,0.1467418632000967,-0.006124641939182183,-0.0037636115335780117,-0.05491112409557377,0.007005943231928408,-0.07585873055306762,0.017085365928229724,0.066348375071332,0.020495236156491122
rna|SLC6A11,0.8402397382359957,-1.1417763256235101e-05,0.011292906771399604,0.03491462110331324,-0.14597471251570016,0.005783251243099492,0.044862102005240226,0.22202373204872602,0.06512133534239664,-0.009626483333925547,-0.011514170495642458,0.12980707300977962,-0.009579936357157037,0.40202495995050797,-0.0031888434872356917
rna|MT1H,-0.03619616065760268,9.966229932140083e-05,0.00029928058453835096,0.30776850054250804,0.016467414902531872,0.6505290769248936,-0.4080743948482182,0.00024324612967217807,0.002727896360539733,0.03471540028613934,0.13983692391763228,0.09619362313133936,-0.018854349246594432,0.08730735934214505,-0.016053693545154478
rna|NIBAN3,-0.05850775172774275,-6.074106556851336e-05,-0.003153313939943694,-0.26576315902387565,0.043334213130602005,0.0065254852104514585,0.006175014933038216,0.10530190380744345,0.35879371886697975,0.00047977351959138095,-0.003649933191113433,-0.23718330091559756,-0.012704915190799072,0.1366776773743134,0.04864314062279027
rna|CALML3,0.3841084017885055,4.088801414699991e-05,-0.00011195784531076416,0.013184998862357859,-0.11815528662570882,0.014208291945340863,0.0140080713921474,1.0390466491555466,0.01493669381751383,-0.018409402569650388,-0.022447256986763958,0.05291094233950949,-0.029679608590998864,0.24710842102618272,0.004081628807846222
rna|SGTB,-0.0983497600016954,1.2020884254293094e-05,-0.0019800975238822138,-0.007841070596241015,0.1110657693224628,-0.011508630078115088,-0.045040611935436375,0.00012915031305228738,-0.0228525702247842,0.03828402363643233,-0.0007330064726835675,-0.010891281912427166,-0.008811238834286009,0.16446722086212417,0.010863415577654465
rna|SFN,-0.0014809355565066657,-6.0931954946023275e-05,-0.0017588619178763457,-0.18357297384254137,0.08803100222545887,0.14331171067811793,-0.05168380120120389,0.857765371237863,-0.2548263629058064,-0.04632875287837328,-0.0030318355690459775,-0.013281845832865381,0.0023594108438442186,-0.07808719513261483,-0.0009854306041733162
rna|SBSN,-0.17767809158494155,0.00016354715202958586,0.002478467582950493,-0.0023419026503120706,0.09337089146272946,-0.0023190923174599394,-0.09264259308588403,1.1289623123258876,-0.035326037817806175,-0.01998022615946828,-0.002225553041385704,0.05540453519021924,-0.023305456424599434,0.14990862924101675,0.006952085683578534
rna|HRK,0.006805615326564404,-9.416442865133843e-05,-0.0002109892283636051,-0.0573941886683623,0.18869740669804067,-0.27989856579991357,0.055954064042410816,0.009694124218690472,0.09002860227226663,-0.012610517351064266,-0.0035302612932873517,-0.2787563172705294,0.02650810070771005,0.2134376637726253,-0.03553819433834232
rna|UMODL1,0.12649146769948966,-9.434172471124784e-06,-0.0027000687063695674,-0.04512548994484175,0.009928005308084078,-0.2618199220290375,-0.17768152977506912,0.01459431229861179,0.09339768396567766,0.019844463336075757,0.004247932623251164,0.006226516305049029,0.02888792517457303,-0.029069001484082257,0.017314808714479303
rna|GAGE12B,0.8583887101810506,4.892384966239582e-07,0.001658517017701519,0.03169174357879442,0.008844028601343555,0.0028559608512557437,0.0911753254955184,-0.01815298283885259,0.1766921297489077,-0.03367615263890438,0.000336009267908423,0.08223684958593137,-0.021319375450563602,0.0018971459423731201,-0.023141213595842168
rna|APC2,0.788758722337002,-2.0888654616279193e-05,0.003657357170410826,-0.0017561941820484637,-0.2670168851966201,-0.017219167770362007,0.002529975358972121,-0.007044131631522458,0.07676113465412919,-0.012098714329307389,-0.07726166630648985,0.0042867214300002,-0.011592738266573845,0.3183694339290034,0.004784988392259376
rna|SYT17,0.08108699855752496,-0.0001036971568263032,-0.0025274515970884347,0.18062046738993023,0.3533629511667452,-0.37607479330498883,-0.08258048583743412,-0.0007470753212351281,-0.01861672744651556,0.04052997435612681,0.02210725932379524,-0.05407342771603809,0.007660701579240601,0.027804713931157528,0.1968334993295953
rna|PMEL,0.2529395778044346,1.809315136866903e-05,0.00012192118585897189,-0.022740553525149497,0.23400820181441095,0.019550916856406933,-0.04101552095383975,0.05917553974952644,-0.20897156517788287,0.00774147373813044,-0.0036710503824381947,-0.019492602160783395,-0.015098424317973362,0.029064583037314233,0.01120050247463355
rna|CES1P1,0.16797176039463735,3.6673994316686e-05,-0.0018620491060817451,0.18011857806503292,-0.007174047634139536,0.17939936837998166,-0.3661690268779204,0.13690248991066134,-0.06207606382086098,0.01055723852594219,0.141285240595488,0.3125077432063212,0.015357386473214982,0.011239781434568353,-0.4447268394679528
rna|FAP,-0.31388252463437616,-2.1504571132001186e-05,0.0033923112825932416,-0.01112260706997859,0.21945825727291846,-0.3094821951981087,-0.3915941879841868,0.00040499473158727746,-0.2439561123166178,-0.009605208581982622,-0.004100417902323571,0.7943919335711072,0.012482284466817825,0.14573060251165143,-0.24026497105248734
rna|TRIM49D2,0.8720323781308597,-1.3259312952470932e-05,0.004871810617472753,0.0016694960635913556,0.044128157608269304,0.003046760523364787,0.001321473491371635,0.0007043618059671051,0.06296784590377959,-0.006680943470288472,-0.022040205460383377,0.05525809596662391,-0.04269198134263053,0.17463393459047155,-0.012350730709648206
rna|MAGEA9B,-0.05276092566232205,1.0873712809226274e-06,0.0007370742179493013,-0.07482327617467172,-0.06575628368151988,0.0186314592208968,-0.28366254398474267,-0.006104401717214549,-0.14769940707564386,-0.019849568599624074,-0.003071456341513313,0.015045173303240305,-0.018419873745803176,-0.14708458256569495,0.015076154624339772
rna|CDHR3,0.11667015903640127,-9.45850716915399e-05,-0.0022216470255510498,-0.05302473301075606,0.03785382087510177,0.006561535624330626,0.005706323900447361,0.051373737017391945,-0.17842247266675426,0.005379851620345304,0.003299404571673049,-0.05350129732937107,-0.0007622995783461907,0.46643359235268983,0.1469662981187375
rna|ZNF385C,0.13375498948150064,-0.00019964507888274114,-0.00010216831937428402,-0.3719052069921699,0.12633332557945576,0.28980281058722873,0.03292455187221893,0.004495651567363264,-0.22425990109006938,-0.0006564085334274041,-0.005775833808283868,-0.21826563096440604,-0.05209520149295719,0.4084043091603869,-0.04887180832599132
rna|DNASE1L3,-0.2513950253330848,-7.226071812804926e-05,0.0027296741720013616,0.1691573685635402,0.6173786685863335,0.03454456016801167,0.6275463674341855,0.015993049902380714,0.02383593830005526,0.011192532821287746,0.08067774164095039,-0.39269257167046284,-0.008282029570813311,0.37700486074209405,6.680548244783188e-05
rna|HLA-DRB1,-0.05142558629613044,-3.7003319915363934e-06,0.0038266607781650168,0.07052288090585535,0.04052115441840785,0.02516878481662081,-0.22381287355327642,-0.0024375045885155194,0.04275830924877514,-0.043248462032011464,0.0041041678670823535,-0.02493285174086468,0.01877440829805193,-0.2437559215129046,0.000475032029014572
rna|KRT16,0.341814541536157,0.00013142499615297488,0.002451919267153789,0.011117669270123273,-0.0031931505525943467,-0.07330565391296281,-0.13726964007700906,1.0239913230946855,-0.03190708603558824,-0.0159066153607897,0.0033668077053114116,0.05820856466726129,0.00206860251865936,0.1015941858881141,0.0007972011397290362
rna|ETV3L,0.7780986166194341,0.00014207921538823885,0.0019673780523061517,-0.0030361179463795616,-0.12050019992229244,0.0051177156414979885,-0.027127281431042104,-0.01377649328214435,0.0679839337590111,-0.0021827855763241824,0.0010554241906237413,-0.002820470612567338,-0.037335249206245376,0.236987647461257,-0.11456813870369417
rna|C1QL4,0.8423533913836795,4.031030011783108e-05,0.003824586712986091,0.005201690142441866,-0.1055575208431834,-0.0284762263778341,-0.0075340059183260566,-0.0001931672168289156,0.17260492312414075,-0.04744989229558643,-0.01364699074475816,0.06723606498370568,0.011578647825465343,0.2519163772001336,-0.037803332320151956
rna|PITX1,-0.0077275140939884425,-4.919140288861259e-05,-0.0008417644726511079,-0.1393455885851119,-0.0006207130343473183,-0.00891358148809785,-0.2320836625210955,0.2971995861321676,0.34162447672489915,-0.07785499472525839,-0.012701293408795217,-0.011580222034169325,0.009154950204574267,0.15856341580933062,-0.053736312895950836
rna|XK,0.016077629144629683,-7.093582458650041e-05,-0.0013048221790144903,-0.2931995274730136,-0.047990559788126476,0.29095705296943475,-0.12495019727627707,0.0021428167800555484,-0.1438485614244033,-0.05672429203875449,0.0003813071931830938,-0.005295806970236876,-0.03415911290432965,0.26060817367428135,0.026940660907367145
rna|POU4F1,0.1902052508456291,-1.626838504937698e-05,-0.0008472176437497612,-0.0021403086935129164,0.15319463669313088,-0.08615666304540774,-0.030105543654223525,0.010181024199743932,-0.035068765924246154,0.01273781886299258,0.011260465857378839,-0.017258874768595618,0.023265703288775023,0.012710804168294062,-7.573105444993177e-05
rna|CHIT1,0.3260326806880672,-4.543137953595286e-05,-0.0025972478639007127,0.1852845319486942,-0.04446633460113819,0.03675184066566512,-0.19118283738035188,-0.0010829910408985677,0.0697799371354306,-0.043588033131914124,0.08588064843051049,-0.020555535194578946,0.026338553130586563,0.40287256456988435,-0.37079886795901806
rna|NLRP7,0.005329490713009197,-6.464939393722604e-05,0.00021816539771949762,-0.3138368878368879,0.02587912429286082,0.1988853074594218,0.013237276443085555,-0.00895452586777445,-0.07530764813658199,-0.0643281809084357,-0.026608456957369388,0.013907542268535189,-0.0059931530148993155,0.10951511528821135,-0.006413734675863093
rna|TAS1R3,0.1364007863907365,-2.194083696231268e-06,-0.0005564270679211334,-0.29777099615667657,-0.01674931104988903,0.20263790259087083,0.011426176204929065,-0.009136295114736518,-0.27996155278292345,-0.0068775606866527126,-0.0027033080396617567,0.0024822645185560116,-0.013878636982159088,0.10259480902070911,0.028384139541817
rna|USP17L9P,0.8762017271488146,6.358047574568202e-05,0.008581102522585086,-4.2332786792658166e-05,-0.08101634029926429,0.021234814647784258,0.004976727532632014,-0.00019350293061292306,0.11995950584686349,-0.03133062807412762,-0.007868755275694686,-1.8979565030138785e-05,-0.038509460221700625,-0.02560711736223291,-0.0013283095362539856
rna|OR13A1,0.14694303323781138,-4.16992211599415e-07,0.0007886790200654629,-0.01904775282345071,0.22153805199287788,-0.3886817811665315,0.00099429763741126,-0.0010780319294056548,-0.04064554013655731,-0.01505707845983795,-0.015142477057541607,-0.04087145450633149,0.011800383067704675,0.1002453121547507,0.27691627461362855
rna|CCDC85A,0.01574159665472252,7.504376716172472e-05,-0.0005100478748868069,-0.04192349797475079,0.10741385762676983,-0.34053594584776253,-0.026420203568754696,-0.0034003500883875697,0.06135325729343263,-0.03963608919499909,-0.018012179443141964,0.05273623834924365,0.003223497547434398,-0.012372640703347612,0.14021955773945535
rna|BIK,-0.07238043596537827,-2.3266647270861086e-05,-0.0006514710765310265,-0.057633775974211404,-0.22316180288262,-0.08297236224593703,-0.1867713484133791,0.010450036705418464,0.08090133310649605,-0.0639070421243965,-0.006101190130129003,-0.04698123568924321,-0.022679481966566925,0.7111543809923984,0.07449657043782625
rna|PRAME,0.03769193681607528,-6.576991339122718e-05,0.0009484676124793419,-0.26219235352600534,-0.18870277597599294,0.22680986128128736,-0.10447404823677943,0.004750359732391197,-0.17602351555077067,-0.025450461495987498,-0.0171926906823829,-0.04496529288742324,0.011058914621427919,0.0441414145408643,-0.018480831091513304
rna|ELOA2,0.8611201421971931,-5.134183204922257e-07,0.001496629732735388,0.002090828549977662,-0.00488281739511293,0.005001715803382264,0.0053796026753458815,-0.00022071491405098491,0.253123252944515,-0.006805959899464274,-0.001564837410980024,-4.667222414339305e-05,-0.018411731298263383,0.041864172775568476,-0.014988140416632502
rna|MYBL1,-0.1812931265944268,5.741334270708487e-05,0.0019553724334422694,0.049404621120992226,0.4335347211168841,-0.5032279963937935,-0.1883862604148192,-0.0026289735642395654,0.5093343947371255,-0.00641715637509699,-0.0038129788482085336,-0.06991628889556918,-0.01572483093774935,0.06978196318978697,0.02874242618170961
rna|OR11H12,0.8644479850253627,6.751487709670029e-05,0.0022516364494033956,0.008551915125131208,0.05828938411832242,0.003559463416770935,0.005272413422115688,4.494468936124037e-05,0.07219367284954471,-0.052650290485981646,0.0038979512012964662,0.001332012454834751,-0.003386091559368228,-0.03337264928059501,-0.016332970016996774
rna|SPRR1A,0.013343993480932998,8.456188577818242e-05,-0.00037594955983699516,0.0009959530707708665,-0.10054842123656507,0.0008686748431989171,-0.09121503526223328,1.153844777238002,-0.10342107614028904,0.003195318086257789,0.0004259988836982679,-0.006360916254119097,0.006204039213804294,0.0037874779043880866,0.07791804504097212
rna|AFF2,-0.0127693225761261,0.000107043027622234,0.0005135315538835723,-0.1675527785686289,0.1695590046290268,-0.5151655205374542,-0.16808509479702705,-0.004398839314808921,0.43119412030728366,-0.02350174302901629,-0.004672006026123902,-0.0025637445331857965,-0.01638878475018185,0.0748841773023859,0.0023147098626935397
rna|CCL22,0.04748498865195804,-3.237971768187229e-05,-0.0006748688275231891,-0.004983982648245499,-0.1794073117200361,0.14751959686635943,0.123412108867962,0.007943957045676086,-0.00701794905940701,0.03176044465418826,-0.010011119796152896,-0.10709017466873097,0.0015469299557161061,-0.08981296126732963,-0.27143567406592134
rna|CCN5,0.12193673989154687,8.153823379516537e-05,0.0034785109774822004,-0.004056272826586858,0.2331889937815104,-0.23849740818541929,-0.0260240291175998,-0.002646485457195334,-0.3781927572152772,-0.06464693376882563,-0.10280855862459432,0.6645075172159113,-0.021450761972729382,-0.18750849063908745,0.07465100786789178
rna|DAPL1,0.03024587554622524,9.051856069149089e-05,-0.004202378745116385,-0.025176750724853116,0.3360874231964958,-0.34856087522346896,-0.034873697082140054,0.43904574025308063,-0.03565233771361268,-0.04977130560316684,0.00045670739746809277,-0.007899468568237106,-0.002935950679519199,-0.013622557650647857,-0.17431279330535235
rna|SLPI,-0.09432984790855259,0.00011525164702772935,-0.0041281713532757055,0.03696559015282689,-0.04668122761572626,0.027499221328427685,0.2063476685505997,0.7908267621081575,-0.18854990319358464,0.1335962736964371,0.12878533045540388,0.20477253887486385,-0.02099251690624853,-0.14357578097181578,0.0022283218570213334
rna|PGA5,0.7371726763769494,0.0001426594506618764,0.0023195942805584657,-0.0004951003386563737,0.007665427317202276,0.1342383371185325,0.09526892334734981,0.004858372254853109,-0.006858391546168873,-0.015511989451929097,0.0026270497937732214,0.027524942131375053,-0.02594751683674216,-0.027843542915420804,0.0017291160150486185
rna|FABP6,0.3600127267646171,-0.0001355563563908933,-0.002682465869003126,-0.17751580441331788,0.13757433768439586,0.01849707986623008,-0.03390016170855663,-0.0011244711936779395,-0.10980515826783316,0.008731802184997663,-0.008941010299392168,-0.04175894329541291,0.00457520054317876,-0.0009680955861070248,0.0038825108069169894
rna|HPDL,0.1621566935742115,-8.483399862114683e-05,-0.000427966741578631,-0.4242893307439481,0.021870011476846418,0.41861249158773584,0.010901968558352215,0.00017950086607088688,0.15711816316996677,0.002713050579849982,-0.009478219335335835,-0.006598108214016092,-0.02237868473266235,0.4068418460579244,-0.007314764333514684
rna|GAGE2B,0.777907769586207,2.275401005246055e-05,0.00028455353846774196,0.04266500804023397,-0.08684482517017034,0.022139955702948078,0.06772063692259524,-0.05948614174932633,0.2630131477786719,-0.05011623797455895,-0.005019173666116273,0.08867472194912758,-0.005206084434517863,-0.22086160714794406,-0.0035887646418197704
rna|EEF1A2,0.012673239641661685,-0.0001451666172294756,-0.0024286292350074266,0.2094190828675188,0.015067259268325908,-0.17709248856244666,-0.24900087821474876,0.30296865865409167,0.08921531191199476,-0.054005512984819815,-0.0015023180165741913,0.0005612923610299172,0.02899711072239213,-0.06953948810771868,0.12553935027300198
rna|PSORS1C2,0.5131542761203647,1.2970860075762227e-05,-0.000818669931055473,-0.16750878181957615,-0.26139980194567664,0.08582660984197056,-0.017300857637738674,0.18958534691475118,-0.024023898635907495,-0.007456776576936185,-0.021331234825813672,-0.0026747139165867015,-0.0032458087955956096,0.06845785775272738,-0.007007596989907966
rna|LAMP5,-0.036503025937871414,9.721012309823289e-05,0.00017156368913134212,0.09584799637977257,0.6175227023205054,0.011989471513533665,0.29496773925514796,-0.0002807572275763562,-0.14980024943600362,0.009912842825684167,-0.0019356180446082074,0.007250679004309195,0.011510605120333922,0.05291943180204223,-0.012776415885114273
rna|SRMS,0.2587527673270861,-9.209550379555083e-05,-0.0017552442182014857,-0.07624127035331664,-0.08695330921306668,-0.01378464537552329,-0.1450056281497934,0.23136999103578432,-0.14427490869271287,-0.008118990706536506,-0.010842143756623342,-0.13915805547175136,-0.016606616988168912,0.24767694742900925,0.05058361312475969
rna|CST1,0.3040303178473744,1.0484357443287385e-05,0.001973928303675308,0.004135770894264354,0.0020849997916639273,-0.3571304240316291,-0.21061536568596753,0.13489051708769656,-0.06429655678851935,0.0022310249345963056,0.0009147092563957008,0.198315239188975,0.001101415688628649,-0.1102983401697079,-0.143126040390719
rna|CIDEA,0.18275024341890217,8.705577124932261e-06,-0.0005443889102757645,-0.026545241384602587,0.18501306147031615,0.03474699966656914,0.20059709459254502,0.005446266777511314,-0.2230564426676196,-0.029904681939788662,-0.044589152847674174,0.2237578054481376,0.0013134967868462044,-0.12857353318634382,0.05738301194131678
rna|RERGL,0.20817580848126926,2.625775850636877e-05,-0.00450509733340423,0.007599080007445034,0.24399845460057434,-0.047709409362514735,0.4524495546912956,0.0029339043966268735,-0.11091968948959073,-0.013704341662666044,0.002269615226860213,0.410640496645081,-0.011387543795435977,-0.12959700677987654,0.18645416902445072
rna|APOBEC3A,-0.04980988904958223,-2.8529657088729027e-05,-0.00033700512448293224,0.3714747230726072,0.0353499499640493,0.5425951953432958,-0.2340368090743905,0.2593170946929718,0.34195769144801513,0.03732789443915258,0.0017210434322358155,0.3176675603577825,0.05329910524982263,-0.15322281359892204,0.005825499861611727
rna|ORM2,0.2636220107565319,8.279045386915405e-05,-0.003847469406435633,0.19955160139682884,-0.007754539856363005,0.30951901569659174,-0.4398326342715668,-0.0017893386217219937,-0.019694441559851963,0.020459977918410966,0.2600774414687003,0.016498115423442202,0.005162959291645417,-0.15425933481853366,-0.37137793789612067
rna|CRYBA4,0.2821801116400367,-4.664050677592247e-05,-0.001742655723422501,-0.1886798054834851,0.10639699475778622,0.34305662202053094,0.11858224213390997,0.03367579447812726,-0.044844401378910596,0.021796300443130627,-0.0055519801388662065,-0.20232111086460386,-0.013305624312936448,0.1250236471473843,-0.0007755211612169906
rna|CIDEC,0.013981815052534657,2.2872635019005716e-05,-0.0002809761507678345,-0.027569463746232058,0.21589856445865663,0.010337467501880873,0.29014213125712757,-0.030962900278572562,-0.11189937460612637,-0.04274185745535692,0.01318882492874914,0.22455002942562421,0.008984489625631099,-0.19604455127431372,0.02380130934931442
rna|TUBB2B,0.1061435219543956,5.436804440075543e-05,-0.0010878118576754445,-0.005589064223534938,0.22863343121202448,-0.0225892947252185,0.26063476236573296,0.010017011615719343,0.05146015902133943,-0.03716931510539044,0.0011563904325593156,-0.11673010420818118,0.030423771844097322,0.31795718398521544,-0.01734903403393894
rna|PRND,0.006847312765692813,4.095420259421294e-05,0.0016478466117323723,-0.21153608376507496,0.09750694061260565,-0.29284328477678795,0.06931747527005451,0.0022125375125484543,0.3557689183835676,0.010158251438211812,-0.024702390528453584,0.3481960504986112,0.020790146145604062,-0.20379095192873745,-0.0532160890923812
rna|SCGB1A1,0.7165313402009152,-6.594597755715602e-06,0.0006749268816501594,0.009982716644934064,-0.02525942231662119,0.00027677066954721435,0.008485735462606982,0.2541034938706912,0.03383379723411945,-0.00613612185854894,-0.004979759402071182,0.0038740017046028584,-0.018856331208245976,0.03758920005796295,-0.024045571723455526
rna|MMP1,-0.12518723317627967,-0.00011214437618873385,0.0035386491679107153,-0.045772418693186434,0.1746746247570739,0.02463900701243577,-0.27343207486035,0.31929499557748237,0.051428818222740466,0.00902836809463789,-0.008569265754719039,0.3743489245076712,0.035956067698187336,-0.23582001192257215,-0.2513183951420586
rna|CLEC4G,0.27117819940507865,6.711499125135444e-05,-0.003618571724438172,0.05159166240621584,-0.1858437364545298,0.07278340348476331,0.6059673158886287,-0.002790354103654337,-0.022119191560210073,0.06306748323748074,0.06302089704404608,-0.09193018679569392,0.02612161010813547,0.05179720138993159,0.004654282411236498
rna|VPREB3,0.00024631610103028565,2.2732391618284495e-05,0.0012281069860272979,-0.0697328201378934,0.03979789570472287,-0.5788637140574693,0.05318246356857677,0.00014327174453643185,0.18210929670491255,-0.0005038851354619416,-0.003938118033190541,-0.17555940156676791,-0.0028555246871200895,0.12240624886070114,0.04428536075730143
rna|CD1C,0.005051488581505536,-9.743975143973707e-05,0.00018248031782202903,-0.20707590909045923,-0.05376000367797866,-0.2133071973651773,0.38963166358998735,0.0011068959373718942,0.37992795329939827,-0.010031274605334813,-0.01568171504052162,-0.23618565724493668,-0.015666952852817696,0.06350250011405636,-0.18542526314359342
rna|NRG4,-0.18467139862518572,-4.823517079719284e-05,-0.0015216811117699897,-0.16979589741237064,0.23405174037737653,-0.029569521588215686,-0.22142448935594292,0.025782709955458744,-0.002131513416952532,-0.013664037214953517,0.01609121358281255,-0.013330945034467889,-0.0076586355742431726,0.14473797984056475,0.07938762673446328
rna|TBX10,0.13476555519495217,4.763613833730634e-05,-0.001372303389827148,0.0008618626894147475,0.18678827997370062,-0.30949281649532817,-0.2341929682041147,0.0073732123799238125,0.07304208629424722,0.009527121541611496,0.013955441098098136,-0.05059319951060474,-0.002638515547266839,0.20954606284636804,0.2509246599847403
rna|FAM216B,0.2783744143535418,6.300027907134255e-05,-0.0014267785319215223,0.01689123935790329,0.010313707572579215,-0.0008963764737155669,0.6128108451332942,0.0034149121015251476,-0.0227741791462896,0.024322068506735704,-0.01228892940074261,-0.2799359189886203,0.0014300465593961597,0.2546025700397579,-0.17523663462008887
rna|OR10G8,0.7777876545531519,-9.058127154624765e-05,0.00809751260678557,0.003400095162875236,-0.0008806620580453827,-0.027344944824665447,-0.014126003651164254,-0.0037677176556489577,0.008549843919859372,0.012719512079531432,0.00026091446720523175,0.0015510222176087199,-0.019688008515823273,0.10901128898608958,-0.007574267488375746
rna|SEZ6L,0.7048772383061732,3.29764757588378e-05,0.002508715111935758,0.012756742411239082,-0.05483118427841164,-0.031079683792479884,0.052121282844908745,-0.000577691908768287,-0.02145694743348999,0.0002826375985503191,-0.005199070872770099,0.01613071126555427,-0.037009195186604116,0.23350212863386902,-0.01008177060928172
rna|TAS1R1,0.12166504848831422,-4.851716926068765e-05,-0.0012677699433765643,-0.33463835107281575,-0.10385992169566453,0.29625529781695215,0.09144735733545192,0.0019141231869829929,0.07824684603264799,0.0023543127957878765,-0.0011861184889413313,-0.1208032979153938,-0.003993302728441331,0.19125291164964128,-0.01070061381376103
rna|CA8,-0.05581863530306253,-4.743924013761778e-06,0.0011513589027400835,-0.012624835877323909,0.11172783442496076,-0.2582243449502318,-0.07926877767993248,-0.002064864673275341,0.1965217668234037,-9.292041399050213e-05,0.10578468770266587,-0.03001204388664491,-0.004149639042381648,0.08234219593608895,-0.018924145588924236
rna|CAMK2B,0.18976267743766362,-0.0001315041369638823,-0.00013367266906253619,0.0026601059782595696,0.25990703293192463,-0.32768911093433006,-0.2670850113883472,0.0019982113165861915,-0.054637885231510266,-0.01607110773140775,0.013053407380750871,0.008353349749577178,-0.024563191955657974,0.07028291116235294,0.03265895957615523
rna|PRSS1,0.6830279982867927,-1.655471529655409e-05,9.338125256232879e-05,-0.01447097277883084,-0.1946919598532761,0.016645159783778094,0.0018606341197596444,0.005334626403978929,0.0767471010538122,0.0024770516684689756,0.01608259027589282,0.00676722801921849,-0.013590288885505898,0.2841122145365583,-0.011781040821459025
rna|MSLN,0.04769525936728679,-4.175971987451302e-05,-0.0016963167003176487,0.020235341526131666,0.024368422249157997,-0.05548029270807321,0.20141734815606627,0.28282636101602804,0.006007436514220052,-0.015261439061576178,0.0005636722011292132,0.11013369554882996,-0.0021301841770055762,-0.041683903671480206,-0.21019581083924468
rna|LOC440570,0.7627084224201092,7.673938837867938e-05,0.0062429650910263606,0.0033185821768045593,-0.00018870637455814152,-0.025703504494953774,0.0026314831024362036,-0.0006754119634838762,-0.002587756907355852,-0.036436469850545175,-0.052534615295778825,0.05281672862947681,-0.028581719820724143,0.1276610435691686,0.08104017615114625
rna|BAIAP2L1,-0.015110677437200584,2.305130704702742e-05,0.0008166412812636835,0.008628340010831426,0.05961861875006676,0.00390720397390802,-0.0044398135747459365,0.0029383948342595408,-0.2955953912148395,0.024081936461888553,0.09493640040550455,0.08171072285895466,0.026868531893467783,0.08385237171525597,-0.05821337420723524
rna|DEFA1,0.46252369055688264,1.7953851921889684e-05,0.001026461109415255,0.007765232234635981,-0.10929209077642571,0.04017608032665057,0.27460076250363813,-0.006297590797191345,-0.19357482613109817,0.1426724311220036,0.09163246985309235,0.09728792172900771,0.020030741350223157,-0.16215448273187436,0.0018223176337327069
rna|XAGE1A,0.7095964796797568,-0.00015636392881861397,-0.00039655640359046324,0.0030999474480304734,0.017012170524810067,0.007920333267324851,0.08596999085156244,-0.0011296330248148254,0.089311091669982,-0.05513436099927515,0.001711598924628902,0.0753150462047365,-0.0032473309768960676,0.0014397157417861582,-0.0143665173688973
rna|CCL24,0.30619980072829106,-5.615950741490704e-05,-0.0032801993346301666,0.02915514899802423,-0.09543312559128252,0.14251393837365714,0.35554617680126793,-0.011891707263840003,-0.24794473609817438,-0.03454417500704118,0.022833540604751026,-0.04036257816690299,0.0017930293154485492,-0.02723906165454541,0.025078187983221194
rna|IFNL2,0.7749682177938532,-7.836214145947485e-05,-0.000187664041875366,-0.01663427466921114,-0.13054437408524544,-0.004244485121987372,-0.02296479336896854,-0.00048761679897852653,0.15704259996207232,0.004186187041426115,-0.001523983671831732,-0.00016057183081506296,-0.03913811571350835,0.09844672474290356,-0.0054581842293753
rna|SERPIND1,0.7345387911466095,-1.874084206038225e-05,0.00880715390033513,0.013709626587350225,-0.12685194429134708,0.026241705637433745,0.009005492568906232,-0.0015412549585170595,0.1797391507444654,0.011629362641414787,0.19227434656498213,0.026084770013827967,-0.01373224184132541,-0.0038684234613119138,0.0002856212258599024
rna|CEACAM6,0.32456200595096163,0.0001828964229208543,0.001289344578735639,-0.008793343313480058,0.04065747905444493,0.006771222282285283,-0.008673216409839151,0.8392556154950872,-0.13735470448135803,0.09203822343539697,0.10247129899958347,0.005047907684347505,-0.05682900214697469,-0.05455001098367846,0.001414980826384724
rna|CYP2C19,0.7335038714484718,-3.0230633355788585e-05,0.008510641771812476,-0.0009390335710757152,-0.1145023302450978,0.14920127820205634,0.0623033935988361,0.03000761138893128,0.12441528311527669,-0.002093291187239406,0.1451458432762115,0.032979729592507,-0.06822986232226201,0.19444698823139894,-0.0008688401438884794
rna|NLRP2,-0.15868452409507444,-4.770606204587423e-05,-0.001071849583331863,-0.12307153851394871,0.12917178686494252,0.051127746408458324,-0.04745729518766656,-0.029316835042448555,-0.2715905399517497,-0.014094723108850168,-0.010279547972878209,-0.07673921121401425,0.011418932071706162,-0.03733974888008505,0.011451164283169526
rna|MME,0.07119351582053014,4.4862724343100737e-05,0.002218711331836058,-0.02448812207063226,0.00829903156156452,-0.5088355816564625,-0.3176140806061117,-0.0033053201248119646,-0.1625240943184226,0.009942452503662384,0.05256691403403134,0.0400305813183074,0.00818104764826318,0.0377845768085432,-0.008837446710064506
rna|OR13J1,0.7729921405418053,1.0071895085381611e-05,0.004329216079105616,-0.014053763371519517,-0.12127132856252934,-0.009653156258445946,0.0014020474663344771,-0.0005966355930181704,0.060667924150712156,-0.010354357902994394,-0.019879398621142665,0.009792836901845075,0.016638015804233127,0.25466690118843094,-0.009903785882885449
rna|LIN28B,0.2494833173697337,-9.070738156766764e-05,0.0016399978532490244,-0.0067829789772903305,-0.0013684893762139294,-0.017405040423079426,-0.21107108858086357,-0.02281238215063818,-0.02027930121262234,-0.06710729853854414,0.002103748600378297,-0.0003300975938166212,-0.022543412570066618,-0.34882943746344663,0.03329231250615622
rna|ALAS2,0.1804643822171353,0.00011373298158294607,-0.0031897730812239008,-0.0748764728587669,0.09203075193901739,0.15534085784658588,0.22573031984073966,-0.006096793602977356,-0.15334496899287772,0.030602083891322757,0.010205836989007917,0.23790053938901115,0.03480826270958918,-0.026684797508724337,-0.02325656293348954
rna|LAMC3,-0.01851356945549983,-1.4066607873295682e-05,0.0006746689432601681,-0.18837927602597807,0.1633352723435426,0.04935853995962298,-0.010780691309809078,0.12300251256840608,0.020571026419832387,0.033145070027521935,0.043287430597830245,0.16323265768558623,0.027382206204425944,-0.08248073843610575,0.0031369746158594163
rna|S100P,0.059190822585447354,0.0005311627844421938,-0.002992264378879244,0.07253079432603522,0.28788601794825186,0.16375077457765166,0.1092401085010065,0.7007452940939819,-0.027913046033671094,0.1830185011596207,0.09916199185119154,0.13723986090940157,0.017858357087225146,-0.20133750977417034,-0.018722528263601067
rna|ALOX12B,0.45235427949942436,2.1619615295818183e-05,7.603535422982997e-05,0.012324485627059834,0.009784947760490341,-0.019728871097188874,0.008159018973506477,0.5776248073487784,0.02824804951273174,-0.00865004402341401,-0.012166341166722272,0.005796089671169893,-0.006457535697078749,0.4341178664174625,0.004895713793837441
rna|SPINK5,0.37730027515179865,-0.00014965220976751562,-0.006717053885041749,-0.019425891552124045,-0.008096283969811964,-0.0026251839950796815,0.006623604553207304,0.846870300559086,-0.11605549992491229,-0.043307776532322435,-0.0004267291803016424,-0.03373266729429576,0.007264788185241023,-0.0074826773182424065,0.053123029527047706
rna|CSN3,0.7088288194908328,9.585192444182908e-05,-0.0035788063746452384,-0.03292402608182484,-0.0069378944152308445,-0.014539631144405547,0.1412308028379139,0.0004438547433399827,0.012577628572856726,-0.026943308337529486,-7.37443557888003e-05,-0.11574266707581987,-0.0161401950397833,0.040116434363120214,-0.028826640589261914
rna|CCR10,0.025036137761719812,-4.847386021144678e-05,0.00047808144403629633,-0.2933014527114111,0.32915012225717966,0.09151577749300958,-0.008672696337318342,-0.0003397042717884,-0.1287743497021916,-0.026288994767005795,-0.003949543745767972,-0.2089399399530787,-0.02486848642082635,0.16010056770472303,-0.021569088783864047
rna|ACSM2A,0.7312539312143785,1.7636016657088829e-06,0.0008669859647215539,-0.0008889680994095238,0.015826324706591295,0.00411704143584346,-0.02278149371385954,6.796330705900232e-05,-0.03866402581121432,0.01904813765920637,0.23370829107744506,-0.0001417654568940833,-0.022957892138063783,-0.01762121371454516,0.0008978256631245495
rna|FAM90A7P,0.7677138674615268,0.00016596120903879005,0.004744146195446075,-0.0018902391326680967,-0.012435915785517416,0.0030437832286850535,0.0007117270920751291,-0.0002929102282835344,0.21375859436782868,-0.006498557954990674,0.0011475694387064997,0.030826026530921913,0.012875294817995245,-0.34976349551722113,0.00040703384905787225
rna|NAT8,0.7418764730817115,2.147677075920538e-05,0.00043709852968417144,0.010303115460690914,-0.12745882422364843,0.005006002923551977,0.030332456593839298,0.0002897193051629218,0.10872621388190604,-0.00045626224085174564,0.10260854620704711,0.004004457479624089,-0.02140381608297836,0.24753385872878295,0.006401283457027438
rna|TCL1A,-0.011612793905970855,-6.920933003457313e-06,0.0026581083648451196,-0.17055940979126327,0.11862349373846491,-0.1330460335991337,0.07094874874152478,0.0056198832183898114,0.20503159340676036,0.013642896458327084,-0.01601262403742096,-0.31988196164764404,-0.006445187695465465,0.06980656053224218,0.013396912845452764
rna|PROM1,0.38794197842765993,0.00014779376467554038,-0.00012487421810415542,-6.798455949823694e-05,0.16998986903109506,-0.11378644454488102,0.024054819127413054,0.2989570251577254,0.04420063901890204,0.03641542282350554,0.08829339572890407,0.14486929857860747,0.0013264792037351828,-0.36455363925845236,0.0008066195384022968
rna|CT45A1,0.7023676679171633,-0.00024577967019387816,-0.0015240760272063711,-0.08848685588770112,0.00018473675718941958,0.005572320541873514,-0.025359026063529095,-0.00037062159848702,0.1677006244338956,0.00014886285534775626,0.005559891347105871,0.004896438906617961,-0.01223568499368085,0.08282605916228221,-0.01630278970763739
rna|LY6D,0.10127073932184445,2.576841903442428e-05,0.004288177840984556,-0.008494648823377852,-0.011665576506444427,0.005213125440182684,-0.0009868968294323636,1.0566846069277283,-0.05241051443799326,-0.014533548108917244,-0.010427360198920755,-0.009672703248849748,-0.009824978456300544,0.1006398847834224,0.0023711883245792985
rna|POTEG,-0.16081496276968857,-0.0001055257300792958,0.004325670287690516,-0.17360619603088642,-0.018283158995512742,0.13653671871393208,-0.021425568321368507,0.009630678829552932,-0.11814428405024963,-0.014049775170363297,-0.002712294091089021,-0.09887173178711833,-0.0035751604451920256,0.11149468919686827,-0.047127053836152566
rna|IL17RB,-0.06465899192696566,-0.00012403594199607027,-0.0004696833626397128,-0.10112439718502782,0.07858307558633774,-0.003027548615541503,0.00936599742579032,-0.0008753193288649221,0.15746255223616445,0.01955886637907064,0.05760646032519999,-0.13340610525830873,-0.01807686396323147,0.07128948117554561,-0.011332495435772177
rna|RNASE7,0.2839876809698359,-9.767030529869937e-05,-0.004401788722195178,-0.040110334875540554,-0.0041301614810694345,0.002461072133452765,0.0028378248698450103,0.8518322909783901,-0.09791457745628374,0.11724164758974835,-0.0015651927837414456,-0.007442623286892697,-0.04851988407822591,-0.007820314266332475,0.04109083823350465
rna|IL6,0.010729470543702348,-1.4395327512456246e-05,-0.0024726759376322623,-0.05226553156863733,0.012045257915973549,0.12902197260109283,0.21765620011549244,0.0012324192444438183,-0.2665238959180898,0.08462654026966375,0.013800059640135908,0.3244240358230705,-0.027743228207338804,0.36301270377235306,-0.36396580975440257
rna|RASSF6,-0.02485788948500043,6.634537205496866e-05,-2.8935117299194307e-05,-0.24075219435871623,-0.12484166197703385,-0.05023350228395714,-0.19691756257857454,0.003667737993226578,-0.024984049678622652,-0.03786589761775407,-0.0028335510168501317,0.015437993124731394,-0.024140420002332037,0.3590385905429097,0.09712372602140282
rna|AQP7,0.4933740249457854,8.427980629275287e-05,-0.002032886218809227,-0.12816187441898158,4.7232646901074454e-05,0.011414524781017248,0.33050945774871293,-0.03479875570048756,-0.0777621501779012,-0.015569251026778096,0.09030500853764706,0.14596124577914363,-0.012549113070147657,0.024577029956626903,0.013643007110516085
rna|ACP4,0.6830214241870226,1.635070663288304e-05,-0.0010092638201204312,0.0057815266556352505,-0.2645021215231051,0.0026481125273457467,0.012065663911712574,-0.00020485431407724566,0.06906453660035762,-0.004900431843018632,-0.00474226951855341,0.035498084401522606,-0.013996639056952857,0.3587495109907835,-0.00014180099350589412
rna|OR2G6,0.3719860626315742,-6.936759434536412e-05,0.0006353177265418868,0.1937939694295328,-0.11006455239203601,-0.46062986997473904,0.0005474231475021297,-0.009238142461394691,-0.01665068096791096,0.06116139805039939,0.008335529830141224,0.013786824521930235,-0.012911856938416707,0.08927571447355306,-0.03101371304053759
rna|SHD,0.019179334697031238,-6.520097918886745e-05,0.0004794126372850606,0.2636437844184216,0.2359851209470337,0.028516911162499024,0.40730743035482625,0.0013571649820442418,0.0063671036593326335,-0.04307045997703007,0.02182459927321903,0.010202290225325861,-0.009808854981533515,-0.17985795723847048,-0.044795580450029494
rna|KRTAP5-2,0.2815222091511258,0.00011926433935606604,-0.00012820085218553237,0.024413010133097376,0.010362346117893707,-0.3609931964541383,-0.10615729206364015,-0.00014117490278462835,-0.015983824795836946,-0.0009500417462174365,-0.004564617614764084,0.01351005508236917,-0.02647719958596942,-0.3087076635733877,0.0059898131739139614
rna|KPRP,0.565883830946484,-9.876700759836772e-06,-0.002954182177293644,0.003062101273497335,0.0062901795007556886,0.004308446033214589,-0.004138566989368461,0.553768326201073,0.000318241429336425,-0.08703150105341768,-0.0015291765500325552,0.00930421039967916,0.01658053591787824,0.1632728084629942,0.05312912206422565
rna|STK31,0.6952166280929947,4.255605673610104e-06,0.004788817367468141,0.02593137451842249,-0.3646331120102193,-0.11699558932471207,0.012106821823526398,-0.00034381065145468843,0.05040981939989842,-0.03690110101424404,0.0022395934783493478,0.040127400584382834,0.0033260767921603593,0.1937477739397349,-0.0017237204109493373
rna|ASPDH,0.6621835147448069,-0.00013588035068511805,0.0054073582636287205,0.004093512596725581,-0.13326897694378365,0.045848607142943205,0.07419068789464571,-0.004217686459422585,0.08337343236461199,0.00914223580411606,0.2134022180701933,0.016280785974089437,0.008053622592632143,0.061478316476677564,-0.004885635247228216
rna|CLEC4F,0.5051111720542331,-7.141223905786204e-06,-0.002770073976134359,0.09380487736446563,0.029776107315637287,-0.16746329617366068,0.30187764390577954,-0.008220198998109858,-0.16689499200106,-0.002814752307556215,-0.025896977371944886,-0.08234106942500166,-0.02424971204292963,0.014314619723522812,0.029910535367732593
rna|PNMA6A,0.1926059251303928,-2.794729952506942e-05,0.0012213797230611414,-0.19042900288054593,-0.10173825106481121,0.23073276414749777,-0.04691202291886821,0.007239454979596321,-0.11116267159950485,0.0004165464881157947,0.031986011689310284,-0.0048603059703150805,0.003469989287067588,0.04129149046731409,0.06455308129786935
rna|KIR2DL3,0.5377131153692551,2.422247656043998e-05,-0.0015477969819000675,0.16593098206310822,0.09688914478119733,0.15958712921025553,0.02382259501846591,-4.5055368954251734e-05,0.0008090839669727582,-0.016636187692676163,0.0006285678787030755,-0.0020915786612641166,-0.0015581295599669516,0.12451140397635685,-0.016628651771377
rna|LTF,0.11127248482200716,9.791958691763775e-06,-0.0010216677231066988,0.0007559921919711064,-0.1286679707164264,-0.12003132609410679,0.5294457748409424,0.3145608763758586,-0.058639571407245836,-0.044489311200263885,0.04909226676303313,-0.011118662733738136,0.0026488302340682804,-0.16154331560521773,-0.21025800550527246
rna|KRTAP3-2,0.7582250230454011,-1.9295147300167595e-05,0.000911126537619775,0.006516351189923282,-0.02751930155914358,0.009755398004711393,0.0044897174728390065,0.0017324134978996522,0.12525842698384718,0.000257836974885487,0.001613799149175398,0.006593542274467623,2.9534860234135737e-05,0.24059040918403762,-0.020596552368209006
rna|CNN1,0.2348230786910636,0.00014499984329908484,0.002037420118529624,-0.025542106550944053,0.14905433664510695,-0.030287842358676337,0.07794712801331773,-0.02768191652169538,-0.31714716851238034,0.04357449129302763,-0.029994547272036095,0.49437948461779024,-0.06737548676870612,0.04944842179000891,0.00574292904826481
rna|PRKY,0.026120402729604877,-1.1818317078328182e-05,0.002021716267746986,0.10177393038299794,-0.11134003953572942,0.0031759991879493398,-0.011879961325608026,0.002003539455393901,0.019843540277891595,-0.017040293845710888,-0.012414019435926668,0.03070076196308269,-0.00834468508766412,-0.18255514514278745,0.005354142580516111
rna|HAND1,0.6805364987503889,-0.00012338938383721747,0.0012897932233324185,-0.030015126608940106,-0.13658576359566424,0.044687794552157635,0.05904981739179685,-0.0018970157794099814,0.15354988339199788,0.007274647171446632,-0.0015648661625321742,0.12125290947468045,-0.034655393563761586,0.16021315832075284,-0.10639352836671506
rna|APOBEC3B,-0.02154182073464232,3.729670053641216e-05,0.0005658577089936634,0.06581531515910503,0.07519948473155677,0.19928951763008812,-0.04200675575245239,0.0038240578792618296,-0.13557777998827913,-0.04096515950076079,0.0044237743761373375,0.033639859503416386,0.005934595325403389,0.3669065652354922,-0.055709795595013746
rna|SAA2,-0.08002746899679786,0.00015200754379712483,-0.005557687550258009,0.0133726649572076,0.17811066272238718,0.09171125572173314,0.08177398321565357,0.2600692406862805,-0.09152476284820167,-0.013222197849339047,0.1679420940997766,0.30657755891351923,-0.020636787114828636,-0.4667243364876363,-0.055532742605746165
rna|MT1M,0.02827313993683763,3.846402415895533e-05,0.0009964710351623254,0.25983605845871943,-0.09638625790203335,0.3389543367909593,-0.24371797322965646,0.00030011521104275347,-0.2767314631859237,0.03870500836968088,0.09321001330010015,0.31244029540542273,-0.04283062585501653,0.032560333310828415,0.006616449816062458
rna|TMPRSS6,0.39458957917871446,-3.585216212189221e-05,0.0021631286950441943,-0.23857568427923614,-0.09036065504436089,0.3256838450434987,0.0038563647186156827,0.01678102351557114,-0.045481056511574226,0.025571675205844975,0.029545555079830792,-0.12216650732274224,-0.03700704871551217,0.022711284316751554,-0.01018455845847016
rna|C7,-0.16333108708375968,5.997127066659877e-05,-0.003030230380467257,0.054382385061829644,0.2500836387852863,0.06710573195755284,0.7012162056329637,-0.3639623579732768,0.15041119639876907,0.014719528615873785,0.008196491007009872,-0.1285580758201572,-0.044669106350270806,0.11606899989871378,0.01682115778145627
rna|LINC00479,0.7407669783622196,0.0002866650078494584,0.00073653249519223,0.0032151447522950874,-0.07649003120743514,-0.008052114136898,-0.008284573732291956,0.0016534040843952215,0.14629544254365776,-0.051001358846703884,-0.0032519052598286267,0.08866535853419646,-0.007579157991224915,0.20968439200177047,-0.004742084305765044
rna|GTSF1,-0.27327342453569003,-0.00011307885048912043,0.0008436289534765499,-0.19588413434330842,0.13580948058018108,-0.000414117506567699,-0.1578637505487034,-0.0018921397118278989,-0.04963601943860284,-0.04574716927340775,-0.0026770294315314304,-0.09284748696724504,-0.01551116808707348,0.300695734830186,0.023163857892871224
rna|DEFA1B,0.6451168013966697,-4.5601535209076e-05,-0.0002431171061420894,0.0007992825116477598,0.03592315548838642,0.01344237503734653,0.18819032858486062,-0.0012161309316014164,-0.07695342812750541,0.0985736112854579,0.07044996569475007,0.018092551819144778,0.011559059886266765,-0.20443313906708557,0.0011533829323473958
rna|VTRNA1-2,0.005930434091394769,0.0001259465956896338,0.0009718579505586904,-0.005808178026147345,-0.40867069151633856,0.17344794836779798,-0.044097225143360806,-0.005283804143428618,-0.2541443298192458,-0.007857199177531898,-0.0062831184818671745,0.48868746153203446,0.0013010740952638087,0.3000720835819441,-0.11401783186841909
rna|FCAMR,0.22194679801637543,0.00012443338155968366,0.0012299037917523198,-0.021505704256766726,-0.025960165855822157,-0.025734558653161776,0.6222562973788374,-0.004919599946925311,0.1150489016167145,0.0025408467983548287,0.01080711554826518,-0.28179151950170267,-0.041728746992979876,0.12684585404124404,-0.306786645153386
rna|SCNN1A,0.07526677259017656,5.522017855596098e-05,0.0022106779687530607,0.0958006660658222,0.2897682536894854,0.019106900333097546,0.06284732607172062,0.7986929044297266,-0.11669664431010807,0.02540335251991459,0.13567469191663273,0.1795343562324276,0.003184449211075382,-0.14028714542445725,0.07759889996378837
rna|MBD3L5,0.795917494700871,2.881402662744173e-05,-0.004981269738680235,0.003078771586702395,0.09199627466291838,0.0021660876710732106,-0.0005444525991579078,0.0006933166246051304,0.15207334797952446,-0.012055924121978501,-0.007821174417745045,0.01570044994551895,0.004701319720853067,-0.11869013895162359,0.003413260034355575
rna|N4BP1,0.08216923050575613,0.00014166611149629354,0.002820264490011264,0.04920109120909676,0.2905598769652938,0.10623408203882173,0.1789797471664794,0.0008692742526722441,-0.08621925926527645,0.016192384756412898,-0.004679934140394256,-0.004430294192069927,0.0008423675155844422,-0.02118221367320017,0.02387230415470759
rna|SNORA80A,-0.03819309048206183,-0.0002545230877628323,-0.0017000901265882924,-0.10383206231974838,-0.023565347353345065,-0.002552603648412745,0.04665043259025697,0.001204578217128965,-0.009145434510762347,0.006401382838611281,-0.005020924107525413,-0.04842732586754203,-0.02203069229563258,0.0076878238018269415,0.1974706787529485
rna|NLRP11,0.10316265000132417,2.6601868902240162e-05,-0.0008505373899161603,-4.083312325882938e-05,0.15999521383512277,-0.22174233229506082,-0.19884786732209375,-0.0053680010323465715,-0.059079998912544715,-0.01899113157306581,-0.014435281668299244,0.019975269114804253,0.010593611179500858,0.07851564174791319,0.2379434501754051
rna|PRAMEF7,0.758792450655141,-4.658529195155236e-05,-0.00033593764057039595,0.0008125938644411316,0.09051722855709092,0.0004421885739322994,-0.0005683540348216043,0.00011362107609774214,0.04984007387526881,-0.011706322483526245,-0.002290965703650704,0.0011111590226995291,-0.027549212463142337,-0.05751983282296673,0.008054120218535523
rna|PDGFRL,0.20586962976074197,0.00013551261920432831,0.0016409939439718283,-0.10787793554121387,0.20775594695451666,-0.18890653231319662,-0.0010784754064816146,0.0007788106729444916,-0.35715095996573304,-0.00015582387459963848,-0.048424322572223066,0.6335700328136302,-0.03171059035542287,-0.07942649659714024,0.005749191702880242
rna|MIXL1,0.14078837545084277,-5.485701042911834e-05,0.0019378755723942777,-0.21894467338614707,-0.17996561223581592,-0.21967288091372875,-0.07696660919091584,0.0017077159192664532,-0.08323918349764296,0.001556113349348146,0.014546551788115867,-0.07102230916016643,-0.05006301818737336,0.37011371895423184,0.02009658210655101
rna|LORICRIN,0.23806506094497762,-1.1297216014346652e-05,-0.00047654480893039784,0.005329161413907314,0.24348046421781416,-0.10409496224307135,0.32124057816783735,0.3423453260795702,-0.027599441985297304,-0.02359418847562913,-0.028884011902895086,-0.2122893205698307,0.0008481632183716095,0.08487863714248729,-0.16846611172627354
rna|SLN,0.2941470772647347,-1.487775830780209e-05,-0.00037861319517711744,-0.008382973479289117,0.09549772822596621,0.0029079936959054585,-0.004795118380086957,0.33080853560248263,-0.01834548548962173,0.008658503666170827,0.0018650430181369189,0.06205021026926556,-0.014903566541490967,-0.07423589688109977,0.01725328235484939
rna|ANXA8L1,0.5033801288051121,-3.6699709150345124e-05,-0.0001040515809514256,-0.006597503660926306,0.01549660324853814,-0.0018701589357020588,-0.002437723513656337,0.7655494012599374,-0.0026876205558322526,-0.07975508336063314,0.04811414986389114,0.11141629394078374,-0.010405401985571924,-0.012873045649299045,0.0006185998585093365
rna|KRT78,0.15851407333899353,6.092386258761151e-06,-0.0019763590501531134,-0.0037877580881971957,0.0014193160266779401,0.0015585904863379318,-0.09529279664508623,1.0594754867705785,-0.003016122250742586,-0.01452135457350757,-0.0010168552900797967,-0.002436556912316309,0.0036427750753647067,0.1494913753053561,0.0001445057532443709
rna|SLC8A2,0.5969001925533224,7.224142399390161e-05,0.0017089147868413806,-0.010938385781413136,0.04620979929021528,-0.021079562168580267,-0.0007295841741889674,-0.004512544847936857,-0.003097768680654696,0.012638816194880166,-0.009378681100724326,-0.05765811494655345,-0.03815163555050319,0.13098514983987575,-0.02319867763879387
rna|POU6F2,0.7223844521082353,-9.075177786123262e-05,0.0033625940419586375,0.0005929668667991218,-0.12185665437074024,0.00023553424957798659,-0.08003486231746276,-0.0003380044548610917,0.004638660597855868,-0.0072957792029885145,0.004214208335361037,0.02176564870727701,-0.012524796863604947,0.09259677211324883,-0.0010022475027401151
rna|ANKRD30BL,0.6315792919289589,-7.785286709467438e-05,-0.0009964048142293307,-0.05031991199391952,0.019361068272947094,-0.0057856642176815146,-0.02075946216972424,0.0008940413889863592,0.0919094491099437,-0.007579439882637868,-0.001575759711763624,0.02570070708216118,0.025843259397074308,-0.03975108913871858,0.012899081697137773
rna|ZNF215,-0.09306405384496494,-1.2312634595687305e-05,0.00028215638437419733,-0.2482200686561836,0.32137556811424556,-0.005687168367012279,-0.08084356322891219,0.005088438968406053,0.34319121838246386,-0.09536438366399619,-0.0022186609559820213,-0.006883750634128135,0.010323945831259923,0.2712966259881555,0.21544694353025068
rna|MMP7,-0.019249506745136483,-2.3030971254155642e-05,0.0011801406447193136,0.10747005254033395,0.006001333136599125,-0.2380139727076289,-0.2984422057248703,0.029563373765958398,0.0216569508707346,-0.001421670372875405,0.0017072430529659496,0.1777234209744743,-0.012975652660833413,-0.20940415544046376,-0.1357046282108372
rna|TNN,0.6830367030023502,7.05124178456249e-05,0.004922761636323666,0.008664172619385251,-0.20010318435304855,-0.08841692819248394,2.9525775713755416e-05,0.0010306277332462345,0.007182012704151254,0.014293987803277387,-0.0020788699021015195,0.07344772132748023,-0.02191260264450009,0.20551153362934682,-0.05870629514771772
rna|MT1G,-0.06839480871753069,6.507050153620299e-05,-0.000574480161063705,0.10494855393528518,0.010732441417071411,0.6046203483222089,-0.27693062465210005,0.0012796720867125392,-0.005512348514517335,0.0036916930777107777,0.05526793123809255,0.20316424046372028,-0.009742511225704383,0.018692464356476503,-0.09159725648585869
rna|MST1L,0.7243940475457176,-0.0002179574980144978,0.0016780641212913604,0.0022511914003097745,0.20165797743916383,0.00015276139149876186,0.0033690632249651475,-4.9877665965562004e-05,0.038314931656644555,-0.1001710979460918,0.05613042987999127,-0.0033942233076363956,-0.0008417645225997937,-0.061297986492028875,-0.002234522503948315
rna|SIGLEC16,0.13241646605562674,-1.173476957132413e-06,-0.003164955303680574,0.2517095709442951,0.27437071956740755,0.5615576990854577,0.010270441647109696,-0.17723634827801069,-0.09436064271665694,-0.007150410406397101,0.002291894670638442,0.33557727847488394,-0.021061297995001168,-0.12203173202311599,0.21958687771350766
rna|ODAD1,0.6294514441393013,-0.00010916043796487055,0.0016733135239209147,-0.04749463432668334,-0.17145248358306034,-0.08539057831059145,-0.006182515648221726,-0.000561343046863697,0.021417607941339692,0.012040361132969427,-0.07496737795884534,0.025063762071710554,-0.014474168016665458,0.2223304304283269,-0.011234687500648785
rna|KNCN,0.727368355351155,3.961515014597234e-05,0.0023890628385518113,0.0003134770474812277,-0.20440878238493584,-0.0011365160520812147,0.011855822979768614,-0.0013160330897144584,0.05171240064469342,0.0014572645032787247,-0.013124285747391266,0.006358965453339767,0.03406603210539606,0.17042572383116936,-0.0020831948324509532
rna|IGFL3,0.6717397623606741,7.086596200161818e-05,0.0018871061894903073,-0.11116782515157134,-0.031834699112749706,-0.0880529023632631,-0.013367046303919173,0.013048006390381537,0.013147787588246073,-0.07139558606307432,-0.002036528546390972,0.14376778248664426,-0.012924187718925386,0.07096624131958085,0.004572386133398666
rna|ADH1B,0.0022506044789616124,5.713892433269242e-05,-0.006721344913002696,0.020774229528601442,0.31448764481397407,0.00829986703199634,0.5508291478364099,-0.026030070944428493,-0.03566510871827834,0.017612156529564212,0.16551765308481264,0.12444886660265606,-0.007234075344105714,-0.18587436612559377,0.1439028779613847
rna|FAM81A,0.07040509952458161,-1.3394867337295012e-07,0.0012856156826977592,-0.23210810843103136,0.012574155098599148,-0.3360886105836089,-0.20471263345359864,0.003965590051027892,0.15420476956413015,-0.022417345064711262,-0.025220786337774102,-0.21685371259398706,0.008296076860070264,-0.06719180107215562,0.00669418120132314
rna|MAPK10,0.08386378266850752,1.61432154036619e-05,-0.0009178797277624598,0.09654830760445018,-0.10419259699145994,-0.5083945983092851,-0.02767562270794485,-0.007148900169446498,-0.16753211221705452,0.011855509272574049,0.0010459502023142677,0.23278557199573818,-0.002645086223416025,-0.06522663697622313,-0.00850425497550859
rna|OR2T3,0.2802711488946603,-0.00014172145480703243,0.0029743818099315688,0.18942457528116094,-0.08569567086983122,-0.4889830598918094,0.0007312325447134978,-0.02216732094608065,0.06337545740077191,0.09024935997061524,0.002808926361164112,-0.004974202091082514,0.0009578374217650686,0.0478710694256667,-0.05007788952702548
rna|TSPY2,0.4212380842334396,0.00017591662776194055,0.00606247110965352,-0.0400029766484108,0.1423078784185135,-0.028062104619653493,-0.014319575385579862,-0.00010776502715800517,0.014320165582672727,0.03325344003609246,-0.00344658810557176,0.014428099541753583,-0.03838576476867252,-0.198983183368221,0.0014628153260135403
rna|LOC90925,-0.10039250585011651,2.095780560833691e-05,-0.001968284857456667,-0.18194518423079098,-0.08320998092248852,-0.38298934017118,-0.003871472233172806,0.0011603150325407534,0.367045474687922,-0.05528265776740715,0.0007330435473059372,-0.014366444965719352,-0.015465069099352604,0.40215825881440165,-0.002125226409940529
rna|ANKRD1,0.523346022610066,-7.788770591803138e-05,-0.0019437479869780362,-0.053523459598312326,0.2612519407134411,0.0067150913097475924,-0.0367463846491318,0.017680034345720828,0.01436129261742837,0.03185731270497112,0.007385060090764652,-0.0008668764193936876,0.022250075196127844,-0.250861396713653,-0.018755937487876878
rna|MYH14,0.4044451928343069,2.1666269833718973e-05,0.0002747464446720922,0.03267955634402989,-0.11513239536512124,-0.00045264878064531135,0.008985043029723878,0.5756400878737127,-0.18220913033419234,-0.017154863351221385,0.1364856960095215,0.1586015452737963,-0.00621024207837691,-0.013000814960363451,0.08407880183494293
rna|SCARA5,0.03397005438809646,3.757197522344207e-05,0.0014317667165270151,-0.022759869037559704,0.43971759156487206,-0.25905176780691824,0.07869678635323693,0.027413566275733634,-0.10158874141800235,-0.0021191011453288596,0.007299934868600216,0.10743706088486696,-0.0077974183093853025,0.07122730612735818,-0.3738902091643693
rna|OR52B6,0.7236255579834089,-0.00010650803912504526,0.003399619015939936,-0.005620263138700994,-0.09593019270223949,-0.012118150278067109,-0.006408402503171941,0.0018626345535773406,0.04543989238126491,0.00018834597821183266,-0.0007681252625356291,-0.0029747373548716163,-0.015317838482966325,0.05953215092400306,0.0016037034743389914
rna|SLC6A5,0.6134538637130158,8.212850369894057e-05,-0.003060549476950221,0.042153202802864845,-0.12319766888299599,-0.06848551714118664,-0.05854813881946265,-0.0028395164589392705,0.10507248265760277,-0.010026757523905838,-0.01691701831156221,0.00011113645361913912,-0.007810101486159685,0.042993281922274355,0.0033015419021618
rna|RBMY1J,0.52041981403773,0.00010514363880707468,0.005736551342865887,0.0037529140437830445,0.0013412858204666779,0.0001953580592246586,-0.03448495414638644,-0.0010498163195937155,0.005449355669492143,0.01079750460695209,3.0272410938538688e-05,0.001356737713984622,-0.010204083002062736,-0.3172445852418062,0.00018459734181788936
rna|ELANE,0.0700279822774626,5.168056745305462e-05,-0.0020943269939189125,0.04133028007923808,-0.07620188622845929,0.16522006867308325,0.4969341180646497,0.158648053722175,-0.09631083396643261,0.05239587790092311,0.003506729907857397,0.2997265040076605,-0.0013642567334552725,-0.45574563507792804,0.02071856983393767
rna|KLK13,0.3549552474631416,4.2579067396836416e-05,0.0010332834072715855,-0.008303443481539049,0.06277254408710566,0.004312295245486723,-0.05816952539238384,0.8425150301935582,0.017976736303951066,0.006462203314333838,-0.011764466196382013,-0.0006685651214051558,0.001985449883931987,0.004570532906628539,-0.011244243845171104
rna|SPINK2,-0.11503059839876593,-9.137707952166371e-05,-0.0036407140951606513,0.17315607671213862,0.0069517295614123596,-0.5634130277061459,-0.28851379055042564,-0.0029764356317396,-0.032745576582774105,-0.01256513727475474,0.025260081254365505,-0.006088748670317328,-0.007426923537000699,0.040213745117617536,0.00295828887811376
rna|KRT15,0.19741555081727027,-3.497921753704569e-05,0.0012003017709343502,0.000970835751538977,0.04150465687914076,0.003676485481972837,0.003484622822114035,0.8974184157739824,-0.027954029247692008,-0.10443623191568606,0.0001402198079355346,-0.0013930606075320629,-0.0010475473488817475,0.03092730861598708,-0.002695122953061443
rna|CAMP,0.04914586721531648,1.703743595348385e-05,-0.0022767060331570373,-0.03208823078683298,0.1768952763196921,-0.1294651450478562,-0.07319956395822413,0.002942978110101541,0.22494192275368877,0.0037627744727556215,0.011572983743783178,-0.01425628822909671,0.03312672256003823,-0.017217959634180085,0.02582597382542374
rna|CD163,-0.18883234154944406,2.1474190948013662e-05,-0.0034991479540660113,0.2139978274599203,0.002288956763853168,0.5204438708847078,-0.19429915496339642,-0.06317586082630049,-0.05423140041132896,-0.007851999840487905,-0.013270148437954278,0.5419048270202819,-0.0034969193944079336,0.14581402139716812,0.18011689861209804
rna|POSTN,-0.1307342621826135,-6.973192073192054e-06,0.0020975570769977796,-0.09312191046862424,-0.00493760553747043,-0.22655456468555282,-0.3938015861353319,-0.014354517458117834,0.009237587194334793,-0.08091498893301367,-0.0031996474031727763,0.7503814622382466,-0.018639858278542358,-0.34807889561805877,-0.152495303406069
rna|ZNF750,0.4324370667024145,-9.519745298801934e-06,-0.0023648065412871077,-0.026999673685924572,0.08755561675418552,0.004499208878355939,-0.015871870519273232,0.7499144474237586,-0.01210151112360244,0.049936870922433894,-0.00045361318547648856,-0.002875176401014022,-0.04885419280781217,0.15929766525100614,0.016896703648476643
rna|CTSG,0.05481517764193462,-4.236638369576959e-05,-0.0008580787216712396,-0.005824969794434455,0.08057844046674582,0.015083072685186959,0.632366902124362,0.3027195265666647,0.046160017571959686,-0.029519857780412148,0.0006399700023419254,0.25454332116835493,-0.01066124678860218,-0.049049704306765876,-0.08424033951473373
rna|IGSF21,0.40363451096889696,-2.1567398772830866e-05,0.00018282179630377184,-0.09026728223836762,0.24478135811049656,0.12592872336220734,0.16615058932693083,0.0008525052707170824,-0.22587864574497052,0.006245600481208847,-0.005418028593251407,0.4035407165994252,-0.006585119083636149,-0.05154109410133742,0.07921800692058328
rna|SNAP91,-0.012640751370851145,0.00015522570205694835,0.004059213029921381,0.06547884007393588,-0.11800333895500506,-0.010497736075488566,0.7257591878329117,-0.0010175696940946223,0.3414791561851987,-0.04453592348250737,0.0025012846992543344,-0.4056108436493349,-0.020162481772881952,-0.1809566620181948,-0.2866929940648145
rna|LOC101928841,0.1888163966554983,-0.0001039484130326959,0.0009699224832245841,-0.18465654151006508,0.2657772811388081,-0.01023171940615505,-0.1892049722725743,0.00796582285907457,-0.05309097783169862,-0.00797420295671682,0.005520089694827032,-0.02815358736273643,-0.0009481894044134337,0.1547800863320236,0.10779190254264187
rna|ZBTB32,-0.07053185117134134,-3.898106143473558e-05,0.0010517079511412225,-0.03570314994108766,0.24135769223884398,0.5649783866336554,0.18775322534763533,0.016254147191869944,-0.10309580106998466,-0.004489944781492053,-0.09562253036622943,-0.13655663817644256,0.0015178400360644703,0.10642049358015586,-0.0016151672364069828
rna|ELOA3BP,0.6664308456683307,-2.867386796115746e-05,0.0027097605888123403,-0.02595499328702025,-0.05596063012906054,0.001853106463007173,-0.012470254598888758,7.374427857026406e-05,0.17548189959912858,-0.03464918874918614,-0.0048606138542967095,0.0032888831846039314,-0.016939890861855038,-0.1380972774359583,0.008520675893681988
rna|GSTT1,-0.016882255351764765,8.38603440781677e-06,0.00017487263862182062,0.02588743914009822,0.17486123830105343,0.004078373823769458,0.09419747607384012,-0.0006122854581893462,-0.210302163914742,-0.0029369802858613394,0.003628432271998292,0.12422416501192005,-0.021421710842172575,0.19177132023632915,0.059827498359629076
rna|GPR152,0.6828998677260186,-5.669578295774298e-05,-0.0023686757092886,-0.0003873225063192625,-0.01765493230125946,0.0026706494623510435,-0.009211212380596924,-0.0005009446308523575,0.07726313083448588,0.004993582304556423,0.004601214383682453,0.018357233101139892,-0.03527871450983225,0.24243221239190849,0.0022142763155314615
rna|CD52,0.0012587479743074,-0.00010687882441835553,0.0001133676232362466,-0.03707651680962662,-0.0045215214977631125,-0.03650473435374143,0.13294981626754732,0.008543313869442482,-0.07635690128213626,-0.014489681864070748,0.003010867660382607,-0.13246871298296903,0.002612106549374033,0.2782646534742761,-0.0224336175858017
rna|SPAG11A,0.6691845129715276,0.00011163958671418127,-0.00401084496426521,-0.02752399051806667,0.0037792151538414776,0.0010450819232884737,-0.007565636316646126,0.00011490038152592133,-0.012141612892826914,-0.015428562194808615,-0.05664638452410812,0.004286507174858236,0.029547653899297713,-0.14104502099500935,0.007886201747429033
rna|MAGEB2,-0.021718504167560816,-3.523310691245004e-06,-0.0007185472470134723,-0.006084682250080657,-0.010394086650322279,-0.05074886556338749,-0.18421526867938845,-0.01012655739462441,-0.1161658075186912,-0.042334260178629235,0.010102023410666084,0.009497728153780978,-0.0006139530036226948,-0.06785746525328988,-0.011641804951891392
rna|IGDCC3,0.6746901989222983,5.707301274834965e-05,-0.0003631506576635824,-0.00250126593481686,0.16836187658348095,-0.0056874714057071245,0.00986664532657736,6.746261277313322e-05,-0.09273522401169881,-0.01968603616144585,-0.005469489475877332,-0.00377773111611468,-0.011000227572428913,-0.1463006691302335,-0.07638816412977538
rna|CD207,0.5843869910288092,2.3607621136825384e-05,-0.0006197208580842995,0.04742473369068494,0.012269838667237737,-0.1903079148718089,0.12826535464392672,0.23243661681964012,-0.058579118626005504,-0.05753139329873218,-0.011575255664670851,0.016196089067100985,0.0026687117833456325,0.22567540408126235,0.007905920504729717
rna|GDAP1L1,0.7239883231469731,-6.87953985776114e-06,0.0068799010650526056,0.00034062104165566903,-0.19867557918962497,-0.0016398912259046972,0.008637182931258465,0.00021011936484653727,0.21040742903112414,-0.0017658754079688242,-0.0004521896276446438,0.023120519736640477,-0.0027507043827166436,0.07612700499244351,-0.0741826233743998
rna|SLC12A3,-0.19248751230356015,-0.00029640553932068015,-0.0015047213251836826,0.017696582964107758,0.04343767812405581,-0.3047228444425683,-0.009592830569370606,0.015106268017125193,-0.33518558145988503,-0.0029951723316589698,-0.010187947069203167,-0.12899146264699787,-0.02004914106743117,0.11315561602400263,0.01238512634939649
rna|SLC36A2,0.6257576185576752,7.068766802746628e-06,0.0021813745690430274,0.00039887852583120505,0.16001417085894074,-0.005499848364334754,-0.07148121621605392,0.03276725536914245,-0.10757452998652386,0.017942172353059317,-0.01427328236731616,-0.00046025412075342885,-0.011082545169913858,-0.11262290379016325,0.0022315532719575253
rna|NANOS2,0.6673751631701241,2.698488071849102e-05,0.0006203306506289637,-0.008524544319674882,-0.164924170502309,-0.04147391180947165,0.0063386464215633275,-0.00032284319049990357,0.16535926327847375,0.016676309960240866,0.0007134205624036084,0.042799228095949625,0.007486866240815281,0.25290385852881714,-0.03111182426206786
rna|SIGLEC1,-0.070673190263965,-2.1473344397546518e-05,0.0034650500960156237,0.3398071099574259,-0.03501373530300857,0.47923892383812305,-0.08934572872463505,-0.04070001271053345,-0.320318227095704,-0.01771230871461181,-0.004735009654744713,0.30928270811614744,-0.04347078274910712,0.04204267211593224,0.2997792534308341
rna|MIR548I1,0.671662008367902,-4.1829373590832934e-05,0.0012909699024939146,-0.005649154724922638,-0.004501312183039965,0.00205967162667944,-0.0027684777130301346,0.00043507626930943365,0.08942481443414312,-0.004451285748361595,-0.004061757342822807,-0.033508748963114864,-0.048417424324164106,-0.013456678587866202,0.008962586228736734
rna|TFRC,-0.2301401314923776,6.418030519374366e-05,-0.0016183217945882093,-0.2114539481410552,0.6449821396037689,0.2759591401771685,-0.21718064741110357,0.003003140824756478,0.1083278616807616,0.00412429904511514,0.00010577472499904968,-0.0036981581664993018,-0.021150968599836614,0.1835285626897566,-0.10603849261745246
rna|WNK2,0.2261694885497419,1.0109588964395879e-07,-0.001199713155893427,-0.06335042640377213,-0.010140684159854875,-0.007555751295720123,0.006931796315609728,0.015828163529300804,-0.1144728298527198,-0.01885506197238396,0.0022032272036426504,-0.004292035732160113,0.017455360022605507,0.17405624129150585,0.25806588761071153
rna|CYB5R2,-0.11984323615726976,-0.00012147865249431766,0.001011692053529839,-0.3516889352630101,0.32122858360836437,0.3216327325194524,-0.06769060729009634,0.01793408080454644,0.040721633175395774,0.0014927393868135416,-0.01680807025606544,-0.08890763300197069,-0.03596724405416398,0.1330074034533953,-0.014272306438576732
rna|DEFA3,0.45583821748130066,3.310454139357545e-05,0.0018839817559876428,0.009142710895549017,-0.13811441790862133,0.03111270107017103,0.2519402014043925,-0.010129855474833624,-0.07911667644317236,0.1413572392713935,0.08358371704940884,0.061932122826738385,0.015249304215258221,-0.31976123446676524,0.0005470088845621857
rna|ACTL6B,0.730117993846253,-5.275780893205225e-05,-0.002775405413587551,0.0006648149210710846,-0.01732387145224263,-0.00036663950433851836,-0.0017330509661235,0.00022722926282559523,0.12957523936244555,0.0023290268146631487,-0.007075086674361863,0.0005551492511069442,0.02158687385403846,0.1515362311216281,-0.04861141993360065
rna|STAB2,0.1820584271187606,3.794068188317442e-05,-0.00011828882668463583,0.020691485612420214,0.19861509818267103,-0.0026557509031955315,0.5923830484289841,-0.04548006736710122,-0.08367371136005414,0.05660849032776173,0.03993758518835285,-0.12115554107727372,0.019845150067053865,0.06237622072402736,-0.02273380948737024
rna|TGM3,0.17321874295466147,3.457501750655228e-05,0.0014493973570343418,0.0021722051231395055,-0.0006637085489026807,0.004761180782242461,0.0026863905219838414,0.9154919668025078,0.00834039325929387,0.11541963921183632,0.002738218740254617,0.0017613791092961659,0.0013842679022704337,0.04574936019685589,0.004103964420591087
rna|FCRL1,-0.07687374445262361,2.507356896577662e-05,0.0006797496372799832,0.019702931379135896,0.00603059659820245,-0.5381104147887291,0.2788677080676524,0.0018426133107238888,-0.005929126038479267,0.01983451545617819,-0.006098095911295759,-0.21127144425443503,0.010943953259155504,0.41408151697516804,-0.011900665765018565
rna|SIGLEC14,-0.08321402665794977,-3.7240317242044045e-05,0.0008887318539756561,0.14687388121842243,0.34066851691665445,0.0865218606639994,-0.015762296371351694,0.003195729438676442,0.25379849269772237,0.12464567376419264,0.01038322858037256,0.054595448529655415,0.026466504066355062,0.2677144976232469,-0.0042742250246974945
rna|STPG3,0.058313658906222934,-0.00010101704557148098,-0.003607733141324005,-0.1250510207967108,-0.1588940741440118,0.19701052705333055,-0.22566780078019563,0.004686039340909132,0.04769623132579398,-0.017630058258594025,0.0033202706821867465,-0.10955407447210086,-0.01217281648151631,-0.04258056234652179,0.004786431913332904
rna|MYRF,0.19981714417420857,3.321529573340542e-05,-0.004056327456598333,-0.0049100565937923975,-0.020670502703122078,0.12917949163567152,-0.11557139390983424,-0.00033560310969584417,-0.20206487838667433,0.02928321822523952,0.07051686191088267,-0.09343976017099066,-0.007899396173988335,0.036423280151475806,0.0025475614642781366
rna|POTEH,0.11070912084403203,-0.00010672286965654586,0.004683745259379825,-0.14365109005666135,-0.06881820418384826,0.189915902903164,-0.018752731787265626,0.014152151416254552,0.04653861600634105,-0.03260004849933565,-0.0015265863142806494,-0.14917431373520626,-0.011180113633833297,-0.15906278427162687,-0.09674472874432209
rna|PRAMEF6,0.7271822825147233,1.9353316276418494e-06,-0.002836275280912168,0.003839804140414144,0.07993875409528328,0.004950942989261973,0.008132899966899563,-0.00047965107188384387,0.09796074380456264,0.0030802854269710456,0.0028511918712025887,0.004420988174016392,0.04751328708964567,-0.17103316832482712,-0.0010271379072689063
rna|PLXNB1,0.027141597511869224,6.919233803618683e-06,0.007929081229785704,0.07075877562316811,0.7216557818287137,0.030803504678093084,0.16578883852297813,0.2316157495994056,-0.20654410627319553,-0.07879306577263256,0.05456857308424151,-0.010774989235197307,-0.02314636399955069,-0.0695447968153579,-0.009206684129353165
rna|CXCL9,-0.23862315670075268,4.6503789964410846e-05,-0.003341199744397049,0.4850275989647524,0.16129038291668746,0.2455296573325263,-0.23932388324473125,-0.004304435602192889,-0.06660406575350787,-0.15477137236732727,-0.0025999892346524286,-0.1105065546412607,-0.03480211460276863,0.1860678745486372,0.0009208889883526312
rna|UGT2B7,0.4312956434571481,-0.00011632060287784278,0.0023008726187293263,-0.010287607675987236,0.2085931762538134,-0.04486386020446832,-0.0517735909244662,0.00386888680562209,0.05448663030050769,0.06165416069394626,0.2230444805781494,-0.0014110571015065985,-0.02341864975800091,-0.18543066856699258,0.005565664691834105
rna|CD209,-0.0939394167578669,4.6166858174658484e-05,-0.0028775581070004225,0.22055214573622425,0.19008530635532453,0.28023044184377477,0.26476534338233304,-0.0008232352053479311,-0.025277007150998957,0.09719702361206255,-0.02029926836904821,0.15260993074070262,-0.023631340860935882,-0.1487204935880457,0.3169904454849792
rna|ZNF804A,0.055758479899648515,-9.487047815565264e-05,0.0014594448699933626,-0.2309758320698204,-0.15099412303634166,-0.046181748728494953,-0.18519225001452294,0.0029183749722526743,0.03833130411824195,0.009821381302329695,-0.01599765515906215,-0.0027383406236091722,-0.03070077103153092,0.4682633087986494,0.08698865332293465
rna|SULF1,-0.1624795531322352,1.3854303530735012e-05,0.001342438381759671,0.003105594822929788,0.02109312453223578,-0.3651012994074367,-0.27700510538491135,-0.0006698413477787052,-0.1251400318073133,-0.009235592594573573,-0.0030976223830641936,0.7275101680205722,0.020851207221855458,0.034381268734323296,-0.17908106361623088
rna|KRTDAP,0.010480094970012644,1.1825698780644516e-05,0.0031731577556664164,-0.012312934550859099,0.04080807880099324,-0.02564455974086809,0.008198487975206378,0.8968497929641137,-0.00494165353657066,-0.1102915632995193,-0.005134507732569896,0.025124292223886922,-0.016024618468706238,0.05900933644325233,0.08147237873544536
rna|ADGRG5,-0.14275507928651862,-2.0050342350690436e-05,0.004695153796693398,-0.1197445083662222,0.4914396628485859,-0.01044618705896335,0.23232153038643288,0.0018989348320767097,0.054167768367550655,0.006908998715834165,-0.0020618054003448097,-0.028638455237664274,0.04010794776413172,0.25533797283352966,-0.3063011605131706
rna|CR2,-0.18161642439005687,3.718885365520163e-05,0.0024300928469311047,-0.06953147623299834,-0.1307940685740969,-0.2773922334576089,0.34649072940090175,-0.003930235526093006,0.2796981739691258,-0.001515169450605543,-0.006395339384295597,-0.16935994167896326,-0.04437590101672942,0.13189107278164472,-0.3107306744886316
rna|NUP62CL,-0.0012364432449971131,-6.930876147032261e-05,0.0038196161747789024,-0.022557159050987378,0.21822394328805475,-0.15143076863740937,-0.0998517700613413,4.932665236285858e-05,0.3365806664490049,-0.05492739341233536,0.0075198043215701,0.010097499500380783,0.02616960665277058,0.04697608235148654,0.006516627055021684
rna|SIX4,0.019032167918525054,0.00010023453869234057,0.00014406558974378026,-0.10404365154088219,0.2914116897222101,-0.09869898889243266,-0.21000568888654747,-0.0028793340572337315,0.03872377009131983,0.022646152863855042,-0.005440704264122033,0.0031139950414206963,-0.020082045422256757,-0.06435724550890645,-0.011035239504794014
rna|CRNN,0.21218483257250126,-6.492035957181835e-05,-0.004012055777101883,-0.0034670530345308898,0.004349041170631776,0.005537457008059033,-0.005960696769875547,0.8651263646134489,0.011734897873237879,0.10695846959873923,-0.001891980271630261,-0.027859761111362253,-0.02139352072496571,0.01155644461629071,0.0045066264716179935
rna|POM121L4P,0.6718358496832038,4.59313422497991e-06,0.0019424264017604664,0.013309169557798392,0.008564086805310539,0.01832627415979815,-0.0020023536292434253,-0.000396286704015138,-0.04767190959396701,0.013823503902502879,0.015160658055414635,0.027245947722878437,-0.03140541039805634,-0.12939352464245127,-0.005347510332387482
rna|GAP43,0.4528169436607692,-5.088224501176317e-05,0.0066228439032736475,-0.03405048039009617,0.11703724827367624,-0.05741607864395173,0.03372885709342126,0.011235827730600043,-0.020545664398617658,0.0050289725782659035,-0.006087246937067175,0.32897295045140623,-0.0001482063924598729,-0.20068148381482145,-0.11852508598400509
rna|AKR1C2,0.022421484274760935,4.116586995377714e-05,0.0009259338099347074,-0.016133498846104148,0.3845030941778876,-0.07121788352941012,0.32949481709179146,0.29961724381513444,-0.2103172460889288,0.013188490027606543,0.007764233845999408,0.3191043051708346,0.021352868215106482,-0.10321752776175322,0.04941267141405368
rna|MARCO,0.008834735202900292,-6.243173761723254e-05,-0.003657500020915981,0.25183574683655674,-0.10751961897916436,0.45592763777776585,-0.15962089789370573,-0.007750744121170774,-0.18252903629685716,-0.01412647878161084,0.044189428375457175,0.20718210330600406,0.017567981460022558,-0.24147692225801537,-0.02654137439635581
rna|ABCC8,0.34766950919401357,-1.9921836674407095e-05,0.0009998388590900127,-0.1400696856062253,0.20771141904417367,0.04928166053332455,0.17092728584905767,0.03314876315552341,-0.015772689237064985,0.00718001404448137,-0.002790912658189266,-0.0965956714791996,-0.0028240180253901216,0.044758202615845816,-0.016402237573547928
rna|SPRR4,0.6445975998315394,0.00014625726222387467,0.004773084688317919,0.006419629796436205,-0.2893644277087904,-0.04063125063107471,-0.0024957371164199132,0.1342291711863134,0.10470860110360569,-0.0030238566132070443,-0.029035838111362327,-0.001492856633534266,-0.010657157897155507,0.03604447815366488,-0.00045473126667627703
rna|JSRP1,0.09292191528540882,-4.899083322815469e-05,-0.0004803515495411069,0.027196862525018906,-0.023676717147546756,0.049840182113392986,0.16444302512893652,0.037085132432155075,-0.10663628416915177,-0.10788597758318821,0.001232405187914377,-0.030886865820163138,-0.008853640807842312,0.022391140281167773,-0.026211780999367842
rna|OR6M1,0.6992478437219073,-3.9964506658316984e-05,0.001213299453071275,-0.007287496516018739,-0.016404516185437333,0.006649756292360606,-0.028260273297673267,6.945591209922817e-05,-0.006232889209782808,0.005799707874712712,0.0005727163274771863,-0.00021255876359979725,-0.02181269285184031,0.04701482010107585,-0.01678618578479754
rna|SPON1,-0.09134471403387126,0.00013748455297162403,0.0011038573996016115,0.017641110694086345,0.3672498641308093,-0.18908894883425825,0.09464385861766869,0.00025267026700377134,-0.15365620543166242,0.01088179654329549,-0.02766047564386703,0.6414585304188788,-0.011072324815214788,-0.1846954278887383,-0.0014925693059959335
rna|BTNL9,-0.1346750301618821,-1.2497915167180945e-05,0.0006957915557418528,0.10617309980516401,0.09958463956194544,-0.41628533817188035,0.005035231498758015,-0.0003496947115412066,0.12289110813227785,-0.04502135050266167,0.009870944516327055,0.011002821258421377,-0.012578577494706863,0.1565584606346361,0.13391584677292945
rna|CCL17,-0.045699116415906,-7.707686456695125e-05,-0.00010008971617195373,-0.019588131899975568,-0.02039125123694113,-0.14921891683403252,0.03301464665953826,0.0013205302367408748,0.04538681409983833,0.00042760958716211945,-0.009904637280876821,0.014091346298803117,-0.010496919104260264,-0.03997321867409863,-0.2158414561622324
rna|OR2A1,0.6693827364035605,0.00031400176176337623,0.0024154869991441824,0.0072174378142193536,0.029937913091434783,-0.009304786336462915,0.03961759704145342,-0.0004929154878402802,-0.003497660282537204,-0.010278042220570311,0.0005976311544307961,0.07053877441628266,0.011306153730928907,0.011617432262089116,-0.004403466626997268
rna|PCDHGB2,-0.008562843461982377,-9.886439159310966e-05,-9.060017976497411e-05,0.05746893864450272,0.1387811671529736,-0.7166123498695771,-0.14347167033438402,-0.004948503606125672,-0.1422749133991699,0.0010493795635530944,0.007878952743675446,0.003834352264894752,0.006684115288676382,0.24616384270059224,-0.08072865161112643
rna|C2ORF66,0.6276457627976868,-6.0670959934085115e-05,-0.0018268137189081256,3.0389705657742e-06,-0.01852298978742613,0.002264802891383887,0.003946273794415454,0.00013070074588399092,-0.08776036277356541,-0.0010735859478288611,0.026177325321282474,-0.005704960634157925,-0.012821481895311057,0.06244508924394389,-0.0025612781982664997
rna|SELENOV,0.677357361862555,3.863656943574e-05,0.004532318601821689,-0.01507901424777443,-0.0043512145668994934,-0.022262553634357047,-0.07680483850155166,0.00047662516166369236,0.04833227329914711,-0.007455810172233126,-0.016056120288773106,0.006075310219064331,0.0016504288018752173,0.08104548873640995,0.018294218550756865
rna|GLDN,0.021802833931070947,0.00016084293977241504,-0.00041826983544981765,0.2505682784442686,0.3886473857396465,0.30929964971900914,-0.0690128104869478,0.004845825086602525,-0.07503983186826178,-0.0007418487776137172,-0.027580914704609227,0.29307862944448626,-0.0018624703681452105,-0.10460045842781021,0.243510300802282
rna|PODXL2,0.2545805759103269,-7.621772799160221e-05,0.0016831592978194213,-0.014660798448411559,0.3438961247199095,-0.04368418818546825,0.007065426145647935,0.019332368613400822,-0.06635917476395391,-0.0335935925315527,-0.0051738233965999076,-0.1056690858469037,0.011847583627870022,0.0325224932129392,0.012808011164016383
rna|ST8SIA5,0.3591982255795323,-9.53038094109017e-06,-0.0013809204699848,-0.0065960701284117585,0.2501004916322574,0.059223019875901346,-0.18477999551251065,-0.013153558085518748,-0.008382045412917044,0.020139426040683892,0.009470688504338418,-0.036740284685423404,0.034219242669691306,0.07323055774596127,0.02421486640886872
rna|KRT1,0.30416523360030145,2.941869853594765e-05,-0.0006934756592567442,0.006836535888219942,0.0027170683203289916,-0.04600124049854683,0.015249823074603718,0.5145208288401779,-0.08478468561964345,-0.06707500521995001,-0.03760918647639091,-0.0061876768044934645,0.0040063686703475316,-0.0016316101803775097,0.027181932692771416
rna|MTCL1,0.21891144042141822,-2.829600785559766e-05,0.000704059577456218,-0.2937070686494432,-0.0832987797631856,0.07940549815094267,0.13525831576108047,0.003611692291307443,-0.17447573973613067,0.015201689548393557,-0.004100126387477903,-0.10312976808772434,0.006804429072432228,0.39825939806112903,-0.025493299490248367
rna|RAB17,0.07801901028231543,7.271671924883386e-05,0.0007172935656845239,0.007975344191084277,0.44015370024765715,-0.011031467512132123,-0.005638604180942858,0.15549592468720727,-0.18335570468202816,0.009437153582015481,0.1868242361868815,0.1814730261547193,0.029077952654966904,-0.1948119922716354,0.047971582516086964
rna|OR52R1,0.6974736274013297,6.125567345204653e-05,0.0019341492684781033,0.025031127273841308,-0.09399608853479319,-0.004169296149157768,0.0012858995517010688,-0.000570615886568716,-0.002113247372977761,-0.006203202807199354,-0.004917428842934549,0.00228915798977387,-0.026414372315936515,0.022383250777489965,-0.0033173145939218007
rna|TACSTD2,0.04037062083397417,3.296896799713691e-05,0.0031201587476850554,0.07981578523353958,0.33254730094821694,-0.004702650565149594,0.12224282599605416,0.7530965961000987,0.12657602703135054,0.008225210735135576,-0.0015231560013006186,0.24253020057156482,0.012700147902727367,-0.01739696318530628,0.0832744747592575
rna|ZIC5,0.21090883745081473,-9.020469001008692e-05,-0.006733683124481216,-0.24370545651435535,-0.005327556864728428,0.027388586541828748,-0.06998412921461218,-0.002645357270450793,-0.17055760788448496,-0.012560093296528976,0.025221432613912142,-0.20438205606979853,0.03771200557795171,0.011180480202179604,0.02376455318180455
rna|KANK1,-0.15136698574765434,-6.995274153748195e-06,0.0018558222415239233,0.006923657973840214,0.006500641983379698,-0.5069661629725092,-0.18856362176417063,-0.0017393711120844105,-0.029961129975598928,-0.010711921926643877,-0.00474286714835673,-0.00268589932321741,-0.008534701963560659,0.32419427590091904,0.054216404579606685
rna|SERP2,-0.008781079938736107,0.00010088709767031536,0.0017018901867642679,0.38973572814573393,0.6026747983897611,0.015457796123520912,0.07348007656470151,-0.005947468869193136,-0.011432593738103979,0.0011888344394213957,0.010463748184717644,-0.008571063687646464,-0.0010638617292394442,0.26519986703927656,-0.005580244457225108
rna|ALDH3A1,-0.012833269213552169,-0.00029048288728270293,0.0033465295844067773,-0.12661556579890645,0.15616973664281814,0.2338634990215727,0.11893119272887581,0.7704148692034395,0.1216456851142542,-0.022365549554477827,0.12122053643018545,-0.007705251065464313,0.016409522105459363,0.14967194816486368,0.0013509851557308916
rna|KRTAP8-1,0.6477165827252672,2.7879844782406292e-05,-0.0016370986657180528,0.004013323057264054,0.01065038935330467,-0.0065520285237927935,-0.0053617176035181706,0.0003218235793230863,0.004539109588776334,-0.026553790889532337,0.00223665215916294,-0.0007912085766997615,-0.013099750451371933,-0.06183071055012892,0.03867084255653927
rna|LRFN2,0.6863132802233564,9.122094190621149e-05,0.003178495210061955,0.004911134655135893,-0.13778769303121802,-0.009025764142104643,0.007914981862579409,-0.0004062303157178776,0.153864881324637,0.022399128634361543,-0.005174564630683153,0.003964914706169584,-0.028737071214509097,0.2818117795370324,-0.10538252528932662
rna|CLDN6,0.6586216621177463,-0.0001393823349091435,0.0043409275335690315,0.008395423578053725,-0.018607617999055526,-0.0005198900972634403,-0.0009157512929828358,-0.0010250557269577693,0.06759319724491694,0.05060948556967249,4.697022747827133e-05,0.0014484826386141334,-0.0039047556126178243,0.25674810045436675,-0.01165800818677684
rna|P2RX1,0.17775923082897846,-4.681232594703066e-05,0.0008151980279289333,0.023942394164786496,0.3557787725073656,0.003962879704470121,0.2405069591521764,0.022302444383152934,-0.2116667146913179,0.06921251353736106,-0.043641742871430265,-0.09654938921848745,0.0019388908272481354,-0.08229012876417982,0.17864109706619835
rna|CA9,0.42531876019923437,5.724121921976853e-06,-0.0009490043502606394,-0.12765541212278664,0.16218240889344696,0.07750283508405374,-0.298563186025213,0.03575476021765794,-0.17434336150757337,-0.040227177897922274,-0.007249377456591529,-0.03884819730781721,0.017773532094779394,0.010322763394799737,-0.0591226576528175
rna|SPP1,0.005175166713433483,0.00011451465822727502,0.0034429073847085812,-0.001805880151217251,-0.012431078321349757,0.21100548685304896,-0.35792705002807607,-0.005099082739865653,-0.12290447507401708,0.03769824964620929,0.0007395973390036838,0.5540135056215242,0.01725007447526671,0.09181510385211027,-0.07656129893231853
rna|CTCFL,0.3678597389311828,2.8387840727740343e-05,-0.0006472213156185866,-0.0358610338516671,0.11474206113101654,0.07373629893956753,-0.018121414729611377,-0.0013424936724451993,-0.11583905117304878,0.0028862335113710317,0.00546583417189598,0.0012470837915351334,0.001643672047943891,-0.012312989018550885,0.02385108607188524
rna|UBTFL2,0.7002457331889895,3.083084135174617e-05,0.002392164735518029,0.0028329608867390353,0.0034840830921122434,0.01195220544523561,0.011337484123166285,0.0002785487763106251,0.048049416473364866,0.0032289391984553825,0.0015370495781598253,0.035407506962696504,-0.013151679838735471,-0.07130684839906938,0.0026913691968611132
rna|CFAP251,-0.1925806062622713,-6.270994244621674e-05,-0.0023001175817646963,-0.22012100591807982,0.10789725631721869,-0.1435211219639064,-0.05493943152150062,-0.002275689485565795,-0.008676214900462591,0.0030717410635022696,-0.004594613075671913,-0.015097800652674045,0.011823251065780799,0.12052027258501383,-0.12804924201038795
rna|TMEM119,-0.037691902041792506,-4.751691613518295e-05,0.0009283831815756326,-0.014943935975170339,0.5468379756080227,-0.3073043233742939,0.1497134853986083,-0.0476263031936197,-0.04037785294690053,0.006417544105879648,-0.0029659209313286686,0.1350462081879829,-0.004270173640616182,0.11158544122057072,-0.544300133394927
rna|S100A8,-0.20192357840226638,0.00013601332905237247,0.0008785460825677308,0.25905158272211876,0.11787629453166192,0.3805546123726083,-0.22709862290626684,0.47630778451338895,0.19255072429293688,0.1801230616694024,0.0013808592920382834,0.08395731713572402,-0.0375056279254558,-0.36625298534067435,-0.05137398013926924
rna|OR51Q1,0.6682750122295772,4.3219552758289465e-05,0.0013446741993288864,0.0016247881370365163,-0.08945456704203043,-0.0008077888601205534,-0.007443983266391021,-0.0009398502579925603,0.07018380490158645,0.045826556332993276,-0.0012300278541222222,-0.011266770483327292,-0.024532559846494478,0.15607317237907434,-0.005947596144310864
rna|SLC16A10,0.03454181311910439,4.756399964525127e-07,0.0004909588238768222,-0.1323410454088115,0.18815072792282922,0.0793116269794654,0.05920871924363831,0.1232001938479982,0.16539077900760593,0.018492779058288528,0.00445824767994159,0.3753569221543986,0.04605468122255183,-0.05998672416177529,0.03386686067741729
rna|PWRN2,0.017194970062488792,0.000203016707092584,-0.0037696286930194098,-0.06557759809074225,-0.0943540158619997,-0.3602401777188135,0.48614491705063334,-0.0005988248343663558,0.029570585873471014,0.01762900462168793,0.003780749881597578,-0.33909493803834057,0.024293444879271674,-0.0674663692737364,-0.5019347463030702
rna|CUX2,-0.0056750980215833835,-5.4362657604324875e-05,-0.0023822248254083676,0.15210854000381663,0.19349151738248757,-0.3706101027167641,-0.05199445434491353,0.009712530327787282,0.0663035907471521,0.03544433871146508,0.0027773373237088427,0.007802881008901229,-0.035743428955496245,-0.07273428859223723,0.18342798988610876
rna|WNT3,0.13811880356706316,9.826425108298425e-06,0.0014709975224118587,-0.2703646984416247,0.1829999967030129,-0.0017306341140527815,0.02681941028428758,0.06189498166260047,0.07077120259405305,0.024311449049956836,0.05325887639381351,-0.22516339650053027,0.0042405454244896935,0.09209780785725907,0.16238646843644233
rna|LTBP1,-0.1235437481897437,2.2412377608050814e-05,0.0006092176453027279,-0.006198612191184784,-0.1594315027810131,-0.4655942161592063,-0.1456494705410546,-0.003388652623662812,-0.051880562596536756,-0.037872752860424595,0.00853201391962181,0.08975943967508407,0.008083358056909932,0.38725729260774455,0.16133514357595802
rna|KRT27,0.5536157576998176,2.0819704936825122e-05,0.0011394565663468618,-0.0987339493727374,0.0010400411587644428,0.00031940069768070787,0.023359070647677557,0.12065419707900063,-0.13312136213377024,-0.006534113362026202,0.001254005172567962,-0.06994368380524325,0.0036575028676582634,0.023408129244900707,-0.00023859064504611592
rna|ELF3,0.18311729813324656,9.588108651771713e-06,-0.0014354746771758943,0.0018178346235608303,0.02277010213806327,0.12497751900516685,-0.05350006326513885,0.5186702681259915,-0.19465702684611794,0.02168196148132282,0.12353944620982497,0.024802613889147146,-0.03876477761413521,0.07422101245146777,-0.021792797226269894
rna|RBFOX1,0.6609358602721581,-0.00018227254710682762,0.000920605840438304,0.012707941438891444,-0.07946477046958199,-0.021805796314442603,-0.011274690185219647,0.003113627360206127,0.006087604407786068,-0.02058441586817968,-0.015202128090713968,-0.0006244370716255315,0.013212766965796383,0.13896185327269667,0.0029692877782193537
rna|CCL21,0.06512753471967285,-4.634214074720238e-06,-0.0017100627987383088,0.10267106609968972,-0.16264105763235,0.001962113253773473,0.709004413156278,0.0006924609121778826,-0.06687834086964389,-0.06784386349059592,0.0025577157015596406,-0.14271367336903135,-0.0025042588214154913,0.2232423525330744,-0.11587128678650062
rna|CHN2,-0.029266286243321223,-2.3472597171236758e-05,-0.0014323182980099651,-0.019597221977516382,-0.30522930695867523,0.2001858156355422,-0.037825632797456606,-0.000825010097908568,0.14819912008753594,0.012113436845199194,0.008976658717048882,0.05147685033732607,-0.02263256544792014,0.269767366250454,0.01952079879739089
rna|FBP2,0.5046515004975165,3.4871623755261144e-06,-0.000466682047430321,0.007204599039318084,0.09306608921413617,-0.11265352482258507,-0.04958437839487899,0.00020924540552037926,0.019959950426386538,0.0017844368883847656,-0.016465482943427454,-0.001352013837699955,0.02134038877548279,-0.10342109668526811,0.015187774391173399
rna|OLR1,0.0014528005089180659,-1.471818326742764e-05,-0.0002359999037677635,0.06441279384675928,0.08183503908024646,-0.20330721494767431,-0.3966730880069803,-0.0019356275441429725,0.03586465859840478,0.04692757199213711,-0.0009958112001627799,0.5793532051842151,0.013386245170583282,-0.23979806911094612,-0.04909974274206701
rna|ACR,0.5899731858145488,8.578036199353585e-05,0.005412441864933296,0.007472233156356383,-0.3891275814135416,6.44834177530248e-05,0.02029441662356311,-0.005193527485881999,0.08186658030636383,0.006879817121374676,-0.005003344720066181,0.024265334559691088,-0.047051290038783916,0.10652966054314948,-0.01431295519760132
rna|CES1,0.03902940190203655,1.1355813144045653e-05,0.0015036070984801927,0.15211202784667707,0.24864322957648688,0.109221799696693,-0.33090320392038525,0.10043411746050578,0.013795567923792497,-0.007509003808436368,0.13396559943867026,0.2073587729819286,0.020491642746178828,-0.38476543794574736,-0.3091712428560312
rna|GDPD5,-0.013228868350430982,-7.645727886431119e-05,0.0007264717801226628,0.12152318574727981,0.5659993530694476,-0.1728322138416859,-0.13689779574674674,-0.0008996470567920432,-0.23460556204426083,0.0025513038464470557,-0.01937502198132641,-0.0683390099509699,-0.04834816966597336,-0.2474555995994261,-0.01680263381369097
rna|GJB2,-0.08051265318418756,1.692426328637618e-05,-0.0005101649026713086,0.2826446145426106,-0.0400018757795355,0.1743680489275041,-0.32176578588098426,0.49640052342292285,0.24406336410891757,0.008590816654210163,0.09523693327051934,0.33240556411753847,0.00585514382742968,0.037440781551983285,-0.19872735697746016
rna|DUOXA1,0.1799629247110851,3.400098426132962e-05,0.0014407759519297174,-0.011653016430922565,0.03747145244329851,-0.14119609808650832,-0.10255199586776555,0.72353678594224,-0.21534761592421198,0.013048585350849382,-0.009118490597564486,0.20139844259682207,0.011813923409701159,-0.053549824808591565,0.01225448471609037
rna|LOC648148,0.610166948269606,-0.00014434884348992383,-0.00720927538809299,-0.03624853205301902,0.19242935153679458,-0.010470406151252684,0.12776067463115143,-0.0005264532017514036,0.004329127683997731,-0.047839466229776154,0.036494025193741716,0.047581786188501625,-0.007235842771199534,0.09766187371343164,-0.03687533215540744
rna|C10ORF99,0.3697494929440157,-0.00012518883313391527,-0.0025473359491530395,-0.0003960335453087174,-0.0009410478232352518,-0.005036005549628578,-0.13816967151376192,0.6023734103886949,-0.015785121530979048,0.015936488085896344,0.00908608345240885,-0.008123621600272322,0.011556148222350812,-0.004384465026990376,-0.010016155768605154
rna|CGN,0.02020220255985571,-1.3351090219732989e-05,-0.0009022897453067393,-0.1308135064750626,0.4194047049019698,0.004850846811987775,0.015017678631206195,0.3743788652831405,-0.14803823904611674,-0.004547175018165668,0.10014607101526103,0.0016025470454747385,0.029642034727112174,-0.003974605189365429,0.04932602161637898
rna|NDP,0.05421906027932989,3.179036478507046e-05,0.0019242237268510137,0.16486412459500197,0.1937255742213105,0.014740484883486876,0.010223970094842062,0.012571531479162717,-0.08396494133922217,0.010544920301596903,-0.0045428001705972295,0.1950688368253927,0.038276169789091964,0.0008981888680215202,-0.4062670029343012
rna|COL3A1,-0.16407484804699354,3.7744860346439324e-05,0.010564167150428546,-0.05169907006690433,-0.14979800492271214,-0.16627977447195283,-0.1547399117897196,0.00037363827944409485,0.1990306062797769,-0.08697454244350335,0.00011656062759531192,0.7244843035903341,-0.050493239983113974,-0.4690242217712624,-0.2567554480218609
rna|PPM1E,-0.004044034706938757,-3.7363507237787134e-05,0.002830274344674695,-0.042846405639098153,0.18539341562127562,-0.04150014587304741,-0.20140494362518585,-0.0005514665080874108,0.0037556714087673645,-0.07765904975979725,-0.00783851811293435,-0.04671478257081794,0.01719598044422653,-0.06968532471481927,0.010937852653753391
rna|APOC3,0.5449741297827393,-6.558174729208964e-06,-0.0005978800377297469,0.0029226392003287387,-0.15759324950972056,0.0012267545747024567,-0.01507106901787258,-0.0014050237578325745,0.08716162074068257,0.004348543432728297,0.24072834345433705,-0.0013162993912320565,-0.00208065907337405,-0.08003769448315005,0.005919079199970742
rna|ELAPOR1,-0.012803477910607071,-0.00015394019778272147,-0.0014618625178890044,0.38312993575984544,0.381534304006032,-0.09267468468505621,0.2937821966695373,0.0014362572294348186,0.009045337964867315,0.032553514750514746,-0.008782132367221794,0.018628512615097844,0.011902590962544195,0.40301111075226215,0.01282175871253216
rna|GNB3,0.08520257712134183,6.87856193377886e-05,-0.0019148185132364121,-0.24948708323038546,-0.21987710883061998,0.02091411217100088,-0.0007130652539972295,0.0001771965686795373,-0.1804053383601629,0.024367867171533573,-0.02340592328522363,0.027673841024529657,-0.03536350474374882,0.20963936096606087,0.005450228485374102
rna|H2BU1,-0.007000895869971305,1.5575706197552014e-05,0.0020088536823237644,0.09740770076432169,-0.12470695476719876,0.15480120078663748,-0.02936182003743433,-0.0028334785952321656,-0.15716579845869164,-0.050661319917311015,-0.03462617507429895,0.02455973209349338,-0.01327605931191636,0.14926612350715193,0.015554001130561582
rna|APCDD1L,0.18470459966559147,4.565323645969858e-05,0.0004457744368537667,-0.033435259274259506,0.06877063566325026,-0.14120526748347004,-0.22130149269512905,0.0004743217822653267,-0.27105557724391094,0.014797207998690037,-0.037480116538292856,0.5450549964595588,0.0032373762996468877,-0.3924251592012306,-0.00222822199891386
rna|PLA2G10,0.1595111585124242,-0.00011267467280735268,-0.00047781142043997604,-0.17616948266410493,0.3681983046716753,-0.2756248574785007,0.003752798969797523,0.002088903941705916,-0.024684863147109073,-0.05735827311282178,0.00817336239318421,-0.07092789389516384,0.018369501374260543,0.16293914480676355,-0.02634284566896
rna|SUGCT,0.018457724790037943,0.00021918020762402637,0.0002890460990609999,0.04757466531393348,0.1554652147923173,-0.4395186892148815,0.050573702889175176,-0.027615059435785832,0.11141313692579301,-0.005681100207268129,0.006557427626371214,0.0803687308082018,-0.013124649676529203,-0.20592290227188462,-0.014102001658036881
rna|PI15,-0.019216765623211424,1.3181315132839862e-05,0.0008240698876013,0.016143233661360952,0.010036842508003472,0.15763311535634378,-0.2773277408580512,-0.0005622378928187623,0.04209879391998295,0.11265224277012412,8.223140627967596e-05,0.504925052236873,0.032998757657036366,-0.2742832736839653,-0.20941592327603512
rna|PRAMEF18,0.686139614112826,-3.571399157286563e-05,-0.003344808343621555,0.008144504979832214,0.017202248490925047,0.014703117561603262,0.02565281009097687,0.0008009388626799193,0.024002229641457425,0.0032957880740779656,-0.002612319999784067,0.07798182685777698,0.022232416816956636,0.02361262195488328,0.005235795261390488
rna|CLSTN2,0.09971331558159065,4.226655366236194e-05,0.0008358732028380003,0.09132397319600608,0.12345372140572328,-0.18361048609341937,0.2540423158625712,-0.01060527608912802,-0.2757108690787461,-0.0033082515348467787,-0.01582377628071617,0.2878761108206078,-0.03267525919530545,-0.18866333944111197,0.002805853333544612
rna|TUBB4A,0.021773099952353107,-0.00025884306235358906,-0.0021019251657282364,-0.03520281793640636,0.1284009109851038,0.45480433827533784,0.08489893623816817,-0.00042482735828009463,-0.2003898935368363,-0.020902135946744654,-0.011136621097689715,-0.2527749864834262,0.02343803183836847,-0.06606736722094958,-0.17016983098628874
rna|MYH7,0.009404555117840895,-6.335519634541846e-05,-0.001476060995909874,0.027442565591720335,0.2504686497918643,-0.0009611987625117818,-0.006541386263397443,0.30873690684105926,-0.09587049574306719,-0.022998104181755616,-0.012013350461674248,-0.004902500313765191,0.003037763418092876,-0.06841436286701909,-0.03448278135541338
rna|GDF7,0.08272456519421746,-0.0004413109419475372,0.0005822527012638723,-0.14345493558996184,0.0740516105911297,0.0016568953057849633,0.18351056382218423,-0.00031055170317836206,-0.16447342725645694,0.023348139487306206,0.008883196084527933,-0.09405654957808612,0.010096112844022244,0.31091294969415345,-0.20396687881638398
rna|CGB5,0.6961953908169826,-0.00012606474574608338,0.006571395456160079,0.013751455486595746,-0.0005709288130399042,0.04103716773218966,-0.05398869648181758,-0.0002018405472169438,0.10703649413272223,-0.02075653109548872,0.0005303232196504187,0.06787388429270273,-0.02550317670698008,0.06437784940314559,-0.004375676903843443
rna|FRMPD1,0.28903525725461177,3.618256942305796e-05,-0.002345557809266916,-0.040796090108458964,0.011422843939186796,0.006478044795521631,0.1669015649610515,-0.006433387390231687,-0.050454642827574045,0.031276744611538655,-0.002303444594773384,-0.16402932282956836,-0.0543090700192585,0.11887084823577408,0.009920992134569007
rna|CCL8,-0.16170596824197145,0.00012040513324115266,-0.00305608833785428,0.3412474071238287,0.22267520737160412,0.4565425199636956,-0.3124094659893891,-8.911745529416376e-05,0.24311003112022625,-0.0009067296568434777,-0.032739994763205146,0.255367267500271,-0.03217438361616692,-0.23659594232370373,0.1765542712187313
rna|LGALS7,-0.05164989973751478,-8.97134724635251e-05,0.0022305775442212545,-0.004456558416323385,0.06459516102639846,0.013992339618814673,0.008006516559039487,0.7147651557752651,-0.230146215640793,-0.07490607490254166,0.021289419981667983,-0.017129921675482312,0.00587005400694901,0.13813280904735148,0.004490032168875814
rna|KCNQ2,0.4018002897849177,-0.00014426523041160982,-0.003944372465244023,0.15878978056505974,0.03332640957468894,-0.13402298299114057,-0.18002316785706135,-0.002043377057204649,-0.03894048294214541,-0.007828545203183577,-0.0013991178074467916,-0.0003637052720296053,0.04705014469485498,0.15131236328023018,0.013228316995355928
rna|PIGR,0.0015385715126598383,-3.308345823253767e-05,-0.0018495333049921643,-0.013680652413835728,0.02882328579429046,0.07886551707222629,-0.05915333860401901,0.29955606952160135,-0.031092735950081458,0.007367331138253995,0.09878126421579712,-0.23111396244748175,-0.0013981087962185543,0.06030458098444096,0.0077790823946295
rna|LILRA2,0.00603686021986876,0.0001228311890098742,-0.0022465538358034044,0.1718666778083852,0.5472786930923954,0.3917511898407108,-0.05367991685184427,-0.0024610642661466206,0.0009708170792797786,0.11440672527772858,0.0006011996241393064,0.09445263379529056,-0.002949620363115469,-0.12164219780575886,0.07966759323644305
rna|SLC16A9,0.1292333939819242,-3.130582905422996e-05,-0.00020681413042297558,-0.1546813426070608,0.2720786016780453,-0.0009543596899570143,0.29543270960282225,0.005783108256058051,0.022445333061283667,0.09995065077208379,0.03101962080311069,-0.13401128035349508,0.030868509968274005,0.04433470324136304,-0.010169325434791463
rna|AQP9,-0.101249532041499,0.00011898679917914151,0.0012256455219342114,0.20749620934399995,0.1430904722570033,0.41098763973518826,-0.4067162448850421,0.007018919200274301,0.1451799822187186,0.22270074261886497,0.11434854669844341,0.2774017256768401,-0.007335935897011718,-0.2612278286956116,-0.12591463769347475
rna|MIR128-1,0.0037008253456223134,-2.494658166896601e-05,-0.0049925589225638615,-0.0196171441988522,0.04081214727306022,-0.0007929885440873928,0.004443333765576254,-0.0015515184617715418,0.2520621194036772,-0.05019201836951517,-0.006458045797999484,-0.2377511679809753,0.05871523661675711,-0.7523999654544496,0.0021578692700592113
rna|VCAN,-0.10066883439681185,0.00010218198068999562,0.010172729270891068,-0.0037671367754946662,0.18923167810869712,-0.1535101627658267,-0.24730609680373997,-0.002230853006401957,-0.16039373192299253,0.06145074740475565,-0.007806446427118381,0.6602565299631037,-0.019068545927610266,-0.3035632894440921,-0.1419263985679951
rna|GPRC5A,0.3682469804447831,0.00010347829553164354,0.006638350612397009,-0.01584685733835889,-0.16238703720932351,-0.02259279378960201,0.007168383033952457,0.41851649686444325,-0.0976248485056531,0.020683757247659414,-0.018318188148657696,0.3092937756770649,-0.07298593522606053,-0.1405163258230316,-0.0025316199706289775
rna|GOLGA2P11,0.0842623756819536,2.105348249710277e-05,-0.00048723407577140935,0.01055993824740791,-0.03659586360420848,-0.021572425879329823,-0.19523837363851476,-0.0014568244118551366,0.005773066093107982,0.0038692972006730258,-0.004348656305488102,0.019107931984437266,-0.0016931152981811402,-0.06576390841469971,0.0795896993539834
rna|DBH,0.5359854830291223,-0.00025050072301526,0.00329216837765631,0.12742797687141913,0.18560990913748734,-0.0562782490469693,-0.007268530240760649,-0.002059005847413018,-0.08886477779332372,0.01758643156106196,0.14916833623248554,-0.008714769156804416,-0.0015622382037026685,-0.017870933762797626,-0.005559272362501287
rna|PGBD5,0.3889285612260124,8.303266830627305e-05,-0.00044280399303998875,0.2774786093311846,0.1478672434020335,0.02730135183464894,-0.12120311836608126,0.003499121513887133,-0.19363136802527955,0.009174784674212358,0.007466434811219434,0.010425737604577281,0.016079296416744226,0.2855197220203083,0.002906857788498714
rna|PPFIA4,0.12048634073250268,0.00012740063873749,0.0014633074732472808,-0.004415170353770067,0.5047888664469536,-0.005170926033735222,-0.34489033004851016,0.033433541122824,-0.10354516586000917,0.10153607326433936,-0.0006313761270960692,0.17437250146052116,0.022195604670857537,0.009180730211090015,-0.008266171975429617
rna|PTGIS,0.002545788726492555,0.00028070257331087764,0.0018928534066608774,-0.08348395670140155,0.09048462536399932,-0.29896244602815114,-0.0698574626893726,-0.007753147031095166,-0.23680886559730494,-0.007141150902720732,-0.013582595736628423,0.5553369947750885,-0.05988121683647989,-0.3995054628072567,-0.02666768799137721
rna|ADAM33,0.1764280665158749,-2.0159965693948704e-05,0.0018813976626320661,0.09452477592172866,-0.14663280171629273,0.013373354526453626,0.36426698912271577,0.16167136063151888,-0.4643395722717842,-0.030196640137435764,-0.07699333971334475,0.16143137792217704,-0.023142852344630732,-0.1421999244780008,0.03741991675101028
rna|CHDH,-0.001152072646628814,-7.041582235525398e-05,0.0013072127592564508,-0.14489684961100796,0.04870984578673228,-0.029187151599825715,0.0034824821091192252,0.004644931054077396,-0.03721618408677879,-0.0012218134441551517,0.14019076262981103,-0.2050630994928595,-0.040821381075777145,0.09832701311229225,-0.001134955015980205
rna|CYP4F22,0.3660746853315287,1.7833083284549383e-05,-0.002532803592851887,0.10142246841916924,0.08347904417511748,-0.012220004077039286,0.033013191383740204,0.2801926936719377,-0.11060804517801882,0.00019327935143577092,0.024234522813422334,-0.0063340242393211624,0.02148795143056995,0.16318558786402865,-0.10045550928155902
rna|NOX4,-0.02672048209537818,-4.808593963541213e-06,0.005119749387596478,-0.00923192704047348,0.4111272671882877,-0.20737212377903455,-0.3008573802322609,0.0027017455447246527,0.0021912865809232476,-0.038041027415664744,-0.0025276616534848926,0.6505960661034351,-0.00913876360672539,-0.2366489221267325,-0.060753091606239006
rna|CALHM1,0.010353178735266958,8.305298352008481e-06,-0.0017257368051234385,-0.2392697414712311,-0.03492633309631443,0.19810775218801724,0.09829013567589431,0.0049200286439838314,-0.0476460561576285,0.021461917959314066,-0.009717699511518716,-0.09157650721476378,0.004468499029917398,-0.1098279594364045,-0.16315732003293495
rna|PNCK,0.23043799470144835,8.610959755587873e-05,0.00017224756500858868,0.01390701980586922,0.10755745691645215,0.20657797071293155,-0.002478413969488258,-0.0031365117355028047,-0.1433012841859429,0.02235588222401239,-0.002275225822479268,-0.0009205126181010028,0.014435548176801429,0.056192301364837396,-0.017071176985007697
rna|OVOL2,0.15968154957739636,-2.7660847604571955e-05,0.002341160389616036,-0.11633689761830218,0.020605677503926473,0.03715547375613483,-0.026306636774433442,0.23433293107933725,-0.14181648366694175,0.01558868556914609,0.00983057536605164,-0.007595352962239295,0.006188380975942646,0.10766494643400006,0.0843232728723501
rna|RAMP1,0.059631656521136854,4.897812826892184e-05,-0.001304537494343717,-0.09286858101422403,0.3831703386230707,-0.16311981895028388,0.08462348351883185,-0.17893373662708598,-0.23987194735688636,0.022165399386860647,0.019021789413021073,-0.003961994437139146,-0.04558383762943555,-0.27962072906571506,-0.17665446874632934
rna|FFAR2,0.20041219575265143,4.4631453759057353e-05,-0.0011381154953371225,0.1595648050059657,-0.14660076281015652,0.32965199639899556,-0.0832696874730368,0.060079042438928,-0.29271434823832226,0.1668230595718289,0.05320650243107086,0.013209559023325462,-0.013438973177192856,0.038815896029748324,-0.02459830828335867
rna|IL1RN,0.03221012497717513,0.00015363074151328418,-0.0004067495563162852,0.28096850485566527,-0.0462004609797736,0.37867622996714245,-0.14856519963494397,0.3420605248483976,-0.17308853669222646,0.1757125976287683,0.01343060564066407,0.16002257805292439,-0.02245391607387467,0.03973796789190041,-0.026205042447575152
rna|ELOA3P,0.5736069365424803,-1.120556997361556e-05,-0.002831740334359049,0.001259523336207454,0.14346702742830508,6.730007663989306e-05,0.002296041960418053,-1.8883163441087333e-05,0.018719558583106324,0.023629000861481307,0.007400222889592291,-0.0014901164289274503,0.013928736300835767,-0.005556513938580906,0.00647739668001046
rna|CPNE5,-0.10324371413283376,-8.190227160659965e-05,-0.0012055552565452734,-0.11120660284433835,-0.18684231319766129,-0.31342597438111514,0.0716401132380595,-0.00021536976008494158,0.0038643685192381754,-0.03289260346352366,-0.003045117713840527,-0.0003432413026653608,6.949974317250187e-05,0.5447709813688177,-0.12260315444946028
rna|RIMS1,0.5616232285017349,1.8331989509302757e-05,0.0035496864115433136,0.035913973753705794,-0.18086728760618187,0.002360216997279604,0.02536739488359226,-0.001993748942328061,0.010887388623630152,0.011140874055241874,-0.0013162990186384102,0.05708955538687004,-0.021404109856958172,0.14869222954182829,-0.02289243305505592
rna|LGSN,0.12154887634107882,0.0001654325146443004,-0.001799128500709356,-0.08365272429357462,0.05431222340111247,0.05671040683031637,-0.01764863413871243,-0.008069109335188632,0.06354590188457325,0.07511886783107069,0.10723545509570229,-0.018909243728971344,-0.007961150822744442,-0.25256609621819764,0.04614979892101024
rna|DNAH2,0.10518422913812663,-9.44443808675984e-06,1.6374084567412686e-05,-0.014332334781340135,0.20578861365117082,-0.18122615196382807,-0.01648123820697128,0.0010550757241114463,0.004054809281901465,-0.03778810115707086,0.01163699211385809,0.2403567430892468,-0.011633798883850518,-0.25989613515630655,-0.008865990303801342
rna|SIGLEC15,0.09514641074336623,0.00012594256030010908,-0.004134076378361142,-0.04881234765524889,4.520942987246941e-05,-0.1188927985923837,-0.001728775488310991,-0.00033914236220387883,-0.0450190466036236,-0.07157346975657917,0.05818855500621474,-0.1803705793475111,0.05457122443343081,0.18487620187939194,-0.6506316908978304
rna|HAS1,0.367752052238181,0.0002038811061497675,-0.0007508719289716201,-0.07269968823653272,0.250801874909649,-0.1101712247770135,-0.013355566781724764,-0.004646043635690519,-0.11570088248574581,0.06301779008970927,-0.02492358764853558,0.29873313796733525,-0.0021521945875022344,-0.0676892565523189,-0.1275979355050517
rna|POU4F3,0.5740785392625244,1.228349357178121e-05,-0.0018003564492171937,-0.022978470012629454,0.04156572377273445,0.011385596734934781,-0.07626512049290599,-0.0018135777074751063,-0.14465053070910305,0.0018813453413885543,-0.018923947460752204,-0.03939797906823644,-0.0013903698593090274,0.08837601009927717,-0.004452985418092289
rna|SLC7A10,0.07178603684666388,-8.598130467629414e-05,0.0035963431287768734,0.08057608708696529,0.1828926663698164,-0.22030242191430674,0.4415632519742334,-0.00328153329528644,-0.04909886737521516,-0.028386693916286905,-0.0007542602650619318,-0.03277879917912534,0.03515988596454225,-0.10237688304675109,-0.0020920930927504247
rna|CACNA2D3,-0.01449023839589696,-6.463920907023738e-05,0.0022226950242329037,-0.10446717004261187,0.43863597222958656,-0.28223485742806087,0.2912842211735865,0.00413028871157387,0.15773639389995966,-0.04718639866003399,-0.019981566512698546,-0.008911464101454457,-0.004481796769296005,0.06792127740954798,-0.1221244373757435
rna|MIOX,0.1879395826306163,-4.354468952116344e-05,-0.0022829966584040243,-0.18196312588465394,0.0614797218302424,-0.14408740573348006,-0.03453407661680375,-0.0007706842293030025,-0.13271913170531785,0.03694601283671832,-0.003652311088567412,-0.0660220495136408,-0.0030525098455517156,0.3691194717905937,-0.006082210288144311
rna|HDC,0.0863269227950741,-3.453384571869752e-05,-0.0012692848416167321,0.018022973980254615,0.3885403494418506,0.04741099297444884,0.4642638240938258,0.29353041946304675,-0.15323663929590065,-0.025209820022827643,-0.011376614199204558,0.14653526689826912,-0.01549757711975644,-0.19602465886425696,-0.053207289721796
rna|MIR221,0.016324068593916323,-0.00020196708494543507,-0.0024096694130134886,-0.002649358772077988,0.2948387523514266,0.06858798117580409,0.1771784018031499,0.17351505353482544,-0.15307248708743704,0.10612120392279392,0.008755650640890029,-0.09131337039389155,-0.048625363427584306,0.3924901782683084,-0.2679404949552324
rna|LMOD1,0.3071464735990187,0.00010864027536165255,0.0017010488615914088,0.06500172912427918,-0.07931294950590621,0.003757789582298306,0.15940332516448538,-0.003808706398832953,-0.4515553187482829,0.010604289690630622,-0.0004754937062230977,0.3659758748215177,-0.03782241159119336,-0.16702398727486628,0.013535459340196353
rna|MAGEA4,0.06425944673002772,-4.777647424516108e-05,0.0009814389778326571,0.06452428106009876,0.011977119621007544,0.036804484254153634,-0.046399351131301024,-0.0032005147413833295,-0.2456544983951446,0.004106857682580483,0.0006081649122742229,0.008889623396252985,-0.03453122618509366,-0.05426714249858322,0.030832298392718793
rna|SPACA5B,0.6087726737452724,-9.299698689422469e-06,-0.002980801006424773,-0.018953766470773,0.017746794605172568,0.002765341918508775,-0.009705180483553753,-1.234342033063224e-05,0.030089662260544364,-0.04015052750755452,0.0010429089401158983,-0.001429431782971546,0.019314681581329072,-0.043293284329194076,0.007387071168443072
rna|LINC00268,0.6112098727300663,1.3240135221245451e-05,0.004030008665969079,0.004896084037469446,0.0004785973428293703,-0.04915764888035457,0.006357102751800535,-0.0005039695803172465,0.2958869489437843,-0.008660904882139402,-0.002693604726624428,-0.09676325120503837,-0.05142131172565158,-0.5458076174089886,-0.08168424709923881
rna|OTP,0.6431456835136344,4.1579378389174875e-05,0.001662572385946146,-0.007397159920995962,-0.09272914088740734,-0.0016642563294333662,0.008722757308665119,-0.0006410273237348345,-0.02020160948869592,-0.005983956735895838,0.0044537549596854395,-0.014721510352462613,0.06925916574707423,0.08310842234353256,-0.00702059857942015
rna|TNFRSF13B,0.04193815335239394,-0.00017831125722988226,-0.0027282551327076064,-0.24240593492032428,-0.03127395890508498,0.30918452952785164,0.29701474884539664,0.14014857050945034,0.058190960229875646,-0.002069378968699789,-0.00866227284318295,-0.27193793586943865,-0.03096999126058093,0.13517513412318125,-0.2360506176502253
rna|GRB7,0.39775648797534524,-2.2419983695965257e-06,-0.00038289190913111913,-0.042236131806753105,-0.006368920197925566,0.013613092145873853,-0.19997474311579186,0.37708074833813643,-0.008035058406127735,-0.02587096695579045,0.08665472018010167,0.0033064864449023185,-0.03408977461875421,0.23506514376228546,0.017705262998061123
rna|MLPH,0.456789506466227,-0.00010774784995290658,-0.002299622406645994,0.06926464861848843,0.028966672544004767,0.000551129806522527,0.014882940759812042,0.22372531767089923,0.0048650398173818304,0.0035469829357072584,0.05897639165872646,0.07789621805867869,-0.016741276685744343,-0.22599009535837808,-0.006150755328667183
rna|PMAIP1,-0.16238590291195934,-0.0003726360294469918,-0.002099788698855511,-0.09022856801310603,0.2015366032892156,0.027382312148804457,-0.12673015024495782,0.004272549507875268,0.8051935672643102,0.00025721973427397424,-0.0001105141473417875,-0.02100071130566068,-0.03680100964006092,0.08838551345998918,0.07771602403652467
rna|CREB3L1,0.2279056506991739,8.528952334119365e-05,-0.0031375406498458567,-0.005251624482912764,-0.15232931221737062,-0.10847924885415244,-0.17172870077944866,0.018196485649932374,-0.010387915736676356,0.0047812782446288405,0.0024728349221530732,0.7082046480123072,0.0047578439182172855,0.06938281031348247,-0.15321216180450656
rna|HOXA11-AS,0.023977871054030823,-0.00012885426073232535,0.0013198486138777386,0.000707664845604145,-0.01664053398117304,-0.28148936624403986,-0.07097369431496854,0.0013490967842182367,0.08476684427002029,-0.05553999556021971,0.0070425660380456405,-0.014695083082811223,-0.022751546758452548,-0.25170673142639943,0.0017697674237751046
rna|CSDC2,0.1398669878309662,0.00018018037698010338,-0.0010015816669240777,-0.060125945958121596,0.033879581269646394,-0.0752794378301985,0.08563005002724583,-0.0005804094965786956,-0.1599065475486494,0.015221196389878665,0.006206975310660486,0.5804446300731384,-0.05027227285507379,-0.28439458964582875,0.03392315655185946
rna|IFITM4P,0.44088997187314993,-7.065416973783547e-05,-0.005731190764435998,0.1185653216238188,-0.2828686875329949,0.002975316167220738,0.0034630706405607706,0.00041616803482572067,0.21975443475396877,-0.003400747960911934,-0.0007310768300458839,0.0022814336966623895,-0.0075494767839538275,0.4477496961586132,0.003557626263058223
rna|DHRS9,-0.0511924956016848,-5.7849015877676054e-05,0.001671008979855627,-0.004168680428078312,0.07332151234059378,0.23786137864554768,0.03752035317836194,0.006547086600170373,0.22393334083039654,0.010617477031999592,0.001994847819539934,-0.07943806192069075,-0.0014344787814241998,0.0035840890535477556,-0.12354641405338006
rna|GCNT3,-0.013639651799071197,-6.280245271428628e-06,-0.003281566981245932,-0.004537876786640304,0.4020977517156896,-0.006962264793612613,0.2558889652425794,0.19709825061042358,0.016537602475422387,0.03238433545823043,0.13230603556394324,-0.19955173796116926,-0.01742957978697322,0.11189772721968946,-0.3379104841203769
rna|CYP2J2,0.2926166946273185,6.264344309506468e-05,0.0018106513150337334,-0.04042143352887653,0.08299997218700225,0.04974058405378216,0.1301818824447327,0.16948161306034928,-0.08239594805157646,-0.002492424902724506,0.2269824414145705,0.07016595660936155,0.017203764121308043,-0.03043604750014515,0.08012866232462244
rna|KBTBD12,0.3123818907537038,-0.00018940538552350604,0.0006795718043905601,0.002296928658580133,0.2070135212986346,-0.004972341177201462,0.0016824292977295565,0.10111734301525135,0.0026277840692151694,-0.003039939804280982,-0.006731850299101373,0.0006664132659370658,-0.01251152514699148,0.06674814362596543,-0.001618373091964556
rna|OR52W1,0.6475995914626574,-4.97120815605502e-05,-0.00011699183021521928,0.015508108855450505,-0.05785302509752456,-0.0017658073757407466,-0.015711313805131178,-0.0008360960773209921,0.10421499896342985,-0.005356591062978852,0.0024249885764045373,-0.0012954207358910246,-0.0017675307610630223,0.17858588908263018,-0.0018482511375471527
rna|OR52I1,0.6906695290639092,6.837938434189628e-05,0.002441326307563952,-0.0017072521808288298,-0.0007602516010613014,0.0031000272014186075,0.010342252700315711,0.0027132778917882084,0.10924251528584857,0.012268291091932549,-0.011515018683473923,0.005171303534863851,-0.005087242381416711,0.06947180074022516,-0.005492635802265874
rna|VWCE,0.011967955363741007,4.2930749576913937e-05,0.00014551962510405848,-0.30474289781586267,0.2711395771737503,0.09190176981026157,-0.028289171274649198,0.019444720012896412,-0.31215754326822837,-0.019003590969854378,0.08621779551763788,-0.18810544734887988,0.004849234882012136,0.0005874873232883728,-0.0012060983804147718
rna|CLEC18A,0.6462014307192429,-0.000204149672151316,0.0036475125529074905,-0.011406618139043994,0.09982544497708146,0.002589069644257822,0.005517039795560471,-0.0011585033646536117,-0.06704379939569542,-0.018297814164352166,-0.002510503358269789,-0.01993525622743802,-0.00023613882306074027,0.04576753193006538,0.0005614836905473076
rna|ACTA1,-0.00046999399155556035,3.0946006882468766e-06,-0.002069205401131406,-0.10365157786651137,0.06746692802862393,-0.023705191236444958,-0.01321583011887508,0.3461137957212252,-0.0348926139109787,0.003641865700627659,-0.008970466569726235,0.004003021696164605,0.010986814362891017,0.019344937311972066,-0.006144296227157985
rna|OR2B11,0.6342841594810459,7.808603435521286e-05,0.0023717060933361386,-0.014016198957309574,0.10717820610375972,-0.030067270286532076,-0.024499245476437392,-0.0005848999364968146,0.03158564434353473,0.009731287037651352,-0.010279137197955432,-0.05140117659452046,-0.026568758517616836,0.039365789085406076,-0.006467574025751571
rna|CA4,0.19192327370498347,9.365746384808642e-05,-0.003517243045556428,-0.00012035929053504197,0.12319423184498439,0.15107649659668,0.28528498366108385,0.0014436097116537752,-0.09488643944374311,0.07613945607911969,0.0008139071264335011,0.060012515412363375,-0.011871012185122725,-0.06835033756507278,0.16567192100508565
rna|EEPD1,-0.06097513204851062,7.923219207011687e-05,0.0004445116058054869,0.009474841497413417,0.22290167861311355,-0.41633202464325963,-0.18031399811580398,-0.0047357377120560195,-0.17730881843334237,0.0011475614176882053,-0.004653476302697667,0.0282421409115741,0.0281721658588722,0.20013703580012415,0.04249623119767188
rna|OAF,-0.08350330169172267,6.590302073658368e-05,0.002208450708258845,0.017284721367882207,0.6703824674297993,0.047832933654381536,0.07642478178520955,-0.004298356291637061,-0.13668915910723473,-0.0525009735832989,0.04553719687748922,0.2667153215132534,-0.00796633555536895,0.0668649395271827,-0.014496036765085811
rna|ADAM11,0.5910545664644202,5.3940630229321806e-06,0.003743689292042191,-0.047338228143763095,-0.0064337437452871085,-0.0016090528085899503,0.0023230577186603265,-0.0004953451882107145,0.052745707230451605,0.0014120242749934907,-0.0485364846347226,0.005517327883546061,-0.021923757887746927,0.2422909705597912,-0.15550431327638667
rna|TPSAB1,0.13825913676163484,-1.7865636155191793e-05,0.0002984460557170058,-0.07061207744569542,-0.12091180367089333,-0.052820218202066754,0.29752914641099226,0.26243611428972324,-0.04685346203878257,-0.004568563005833356,-0.009118085479685588,0.20433745664406675,-0.016507266272654763,0.050144363521566294,-0.17755523267410706
rna|S100Z,-0.16873061164577852,0.0001167660223392722,0.003602102257642337,-0.028540981764631535,0.047233615870594076,-0.5441679933079423,-0.1368333327989881,-0.010771636893768139,0.19207316511402528,-0.013069862888188203,0.0005415036391622786,-0.09280776125139503,-0.005473247115183446,0.01571971543262337,-0.004642459782497175
rna|ASCL1,-0.10179512293156723,-1.8410493704336593e-05,-0.0011794774557461868,0.3157450645098321,0.27774465653175323,0.22236308475181293,-0.00892008010123096,-0.0010775595804484402,0.12275946127475838,-0.025602464738976136,0.0037440550979514283,-0.18705917767674624,0.008081719705699843,0.09309037649916543,-0.08048719097394988
rna|HOPX,-0.17790353846532528,-0.00011601489024098823,-0.003305289685870429,0.1973067813611247,0.048732488443643106,-0.4214387451977842,-0.10812364813982248,0.2878422766066031,0.07659209234962198,0.09441104768859736,0.0015462557628202164,0.15760535073835208,-0.008043484712622662,-0.00527500851889217,-0.0841661571753984
rna|PPFIA2,0.519209087015478,0.0001269071480682955,0.0016998169903985083,-0.002425829845564777,0.21579382740990458,-0.06098900242566201,-0.14353017143525018,0.0009169632465367023,-0.13586602032635703,0.04571589017821808,0.006045099800192779,0.21142194611727616,0.005207401637726606,0.0006849179603354765,-0.09777321871269175
rna|MYBPH,0.26130715435679663,4.949317036746026e-05,-0.004648776490119884,0.1554556285809208,0.31426137737709914,0.05857919885630184,-0.0070813861830699995,0.19041896956598245,-0.13848741356489505,0.009994314790784123,-0.004217574433405234,-0.0002465915215788582,0.029522592121723458,0.013916675226724674,-0.2458965462356452
rna|RADX,-0.031657444019769714,1.7417504337635063e-05,-0.003762163915299688,0.03002504463906648,0.053311435647531484,-0.19466202299782967,-0.15324558713440598,-0.002207297179805105,0.037893349185550845,-0.01569947057668304,0.0015630368665173393,-0.0040410338245559715,0.005894605130599842,0.3462045198425331,-1.3148575774814384e-05
rna|STX19,0.08709649039136233,7.730341559334869e-05,-0.001352532955113055,-0.009180712541404195,0.24899638436336435,0.002039947617885238,0.06588936781601425,0.45407016652976157,0.08634926747107839,0.00576375974468246,0.0016164178410904093,-0.0015447590745437403,0.03407197814399409,-0.1886165280553728,0.057467633459008585
rna|CHRDL2,0.4328884936364568,6.919792059974643e-05,0.0019645902491942594,0.005815279663570035,0.15082251613580883,0.006286317564218702,0.003648830826273107,0.15400594785283628,-0.08629859697307761,0.052148132925539506,0.11908168533639539,0.22524059642581443,-0.042873285650742485,0.1709346724419078,-0.04410573385888774
rna|ZNF804B,0.6057649807538819,2.817707063822384e-05,0.001866483004766514,0.004381834864421139,-0.04504810352061116,-0.016528213763184387,0.0686403290482408,-0.00022410251751472547,0.04957942532326346,0.00883804267521975,0.0013917025568341138,-0.11144089089615888,0.007660868084302432,0.06274112065360211,-0.012529354859078296
rna|MED12L,-0.08714861072928144,-5.6063911073331234e-05,0.001129517153423003,-0.03298409899441252,0.14899582251141993,-0.3889975889334859,-0.3346213160700301,-0.006896235877600555,-0.09503465178375674,-0.028273796168274915,0.007864515916262776,0.020538160873361903,-0.001574933848332457,0.3235934148432182,-0.009525804876958798
rna|DPEP3,-0.0032351312025397394,-8.681407107401538e-05,-0.00023573180234929042,0.1645139419956607,0.33678971618670894,-0.001157806771825914,0.10345763626744248,0.0038743973377683306,-0.018845223173846567,-0.0028587887396827856,0.005611765884912222,0.0009460649117808337,0.018667525334276944,0.039407236632538305,0.11215784654851213
rna|PLAC8,-0.008006071128992223,-0.00015326009802153856,0.0014076919305215404,0.19537175863396358,-0.031552329621931434,0.24460453151039854,0.5554363179578194,0.004595942403822522,-0.27361078556628327,0.00162000410637303,-0.005472349592646414,-0.17177309166953586,-0.008360904337225774,0.01234533068548,0.00269143441645142
rna|MYO18B,0.41431354438343604,-3.5811056122251696e-05,0.0018283935964059075,-0.14039202748666552,-0.01584113108258627,0.13283574908447718,-0.055644504462769064,0.08272992771311068,-0.1845399898545931,0.0038373781066770463,0.0015425346816689096,-0.024263996100421126,-0.05831385728194975,-0.18080087597982872,0.0024626714455596175
rna|IZUMO2,0.6304699165850026,-1.0511004244512041e-05,-0.004683018905549079,0.026161633555615325,0.04441184287919859,-0.0030583876053680253,-0.01031735577839606,-0.0018092329370513768,0.0095579358354575,-0.024711648064197636,-0.0018030045797902028,-0.010633185053236271,0.006390973352963957,-0.042231928269717056,-0.009672298603020164
rna|HCN4,0.5767486101102918,-2.208977627078095e-06,-0.002536679338869249,-0.009395607011505007,0.008255806480637859,0.006253330867181753,0.012181033594579041,0.0005274720788166835,-0.030557278440787487,-0.00725726164474186,-0.02329110344800202,0.0029050044048161625,0.01088850604188086,0.028053727069680064,-0.0032754758840423293
rna|KRT17P5,0.5283694956734349,-2.216174431322918e-05,-0.003260729529046881,-0.04714906766715595,-0.01849985640816255,0.0974073639920979,0.057967468102494465,-0.007103892838356837,0.037096881691001476,-0.008320142006190186,0.05639325311746297,0.0001314255843433969,0.002701367221791949,-0.032160624858446445,0.0021210403182464945
rna|NFE2,0.11347011809484871,0.00020743499022970611,-0.0006299520897607689,0.024154373243568394,0.16188305378108586,0.33013279457965194,0.31528724505316724,0.07705411374546413,-0.2088354667162673,0.16040330135868527,0.0016778086580911675,0.18564745774355607,0.013987481036254553,-0.251681298334284,-0.08801288207406012
rna|NOG,0.4736757258055592,-0.0001808153838746095,-0.0031225840596317803,0.05813818150437775,0.004624501677313225,-0.058300435058426726,0.2707702858162786,-0.0008570259948708225,-0.1447287703760676,0.004361181061677212,-0.007846506873167515,-0.04452096659185079,0.0187446188826915,0.013232085227378346,0.0042678960709578535
rna|SH3GL2,0.13826861701273432,-4.987824843013267e-05,2.372663967113342e-05,-0.05650763571207965,0.3079011764414409,0.005147351706779205,-0.11774542360741778,-0.006515234838682781,-0.07106850572627883,-0.040533929096830984,0.005671319957658692,0.022627395496343836,-0.005389791507092675,-0.1419815151389143,-0.025339563815514367
rna|ZFY,-0.11752242072101038,-3.93273692408378e-05,0.00219697159119368,0.12501985951959338,-0.02499210628403378,0.0030586644931531507,-0.005976512412367406,0.0021031086048152133,0.2540553657437011,-0.011557780910503768,-0.010956249295829189,0.0851916702856108,0.007388700581727336,-0.15749995196446234,0.020099938946032653
rna|RAPGEF5,-0.06867538581009697,4.829128112759492e-05,-0.002015303061936566,-0.009402991439450874,0.37473948434714566,-0.4097160374988391,-0.19496663500578246,-0.0023412614962925265,0.05454326145955766,0.003539495853663794,0.028861353004698356,0.023119382386439548,-0.029239826877790094,0.31931580356088457,0.06714509816825835
rna|FCGR3A,-0.036742121185866394,-3.8856705406080453e-05,0.0006027990636863807,0.34973210700343627,-0.10334255209130276,0.44609331071995006,-0.2798452697418795,-0.002831784534088781,0.07648336959776117,0.03472827377134466,0.0015361125366599104,0.3284375348097502,-0.06497787352621667,-0.48146792887686496,0.1589619941024327
rna|IL18RAP,-0.004355713525372358,-3.521584326666708e-05,0.00033410332905395627,0.2341038552109887,0.49311167786892546,0.08349669978125528,0.10893852920379914,0.004646580602982129,0.10872929376643549,0.08209152420836993,0.0017799166188706796,-0.03493639986324585,0.007017552181416202,-0.024617580849111854,-0.11448939431124706
rna|SYBU,0.01984394870293443,4.911754286609711e-05,0.000899078088863322,-0.02034002580731784,0.1425454260887831,-0.3010426237095847,-0.0029861917786816045,0.0009144681447455897,-0.058971285630026106,-0.012917715667921147,0.09248750017386421,-0.0028665184224650076,-0.005007039799074114,-0.04463833271151904,0.0013838946384818987
rna|ESR2,-0.019274984143184543,-0.00014494063512309683,-0.00133498676799947,-0.1602217113755822,0.030103420669887592,-0.5160757189233233,-0.10188638577480948,0.0007485846079654129,-0.0625716496258419,0.005194495298322059,-0.002110856024877778,-0.08617386095067388,-0.01818842542903878,0.362073406432476,0.0027350093400581995
rna|KLK1,0.0016761953456816431,-1.6963538370508368e-05,0.0013297359855153645,-0.003717418345677917,-0.13368878608618404,0.03936665877340371,0.07809043057843515,0.055098558661066686,0.28565232157538495,-0.026910030264417503,-0.002959379723782533,0.0008490832794421599,-0.0064963714328325475,0.017064321958930633,0.03508967937957376
rna|HLF,-0.003759884479800408,-9.67324903596871e-05,-0.0015529579307386712,-0.03876920324330135,-0.03316175160789345,0.07728843664600162,0.3932104208739867,0.22006040531042084,-0.0619511239284785,-0.02980906572142689,0.07694887667516503,0.048192062855048214,-0.02314704429798226,0.21645583668739596,-0.004693544184507473
rna|KCNT1,0.1953513476074686,9.509659559067777e-05,5.781605918031617e-06,0.05972546503388753,0.23053224797619362,0.15446292660226496,0.03641201051599279,0.00014194151608415856,-0.28563287189132136,-0.00893294622949924,0.002166164400153916,0.17069800595774867,0.0015987376981923499,-0.09493377564458087,0.08679399927963972
rna|CHST6,0.3700093745822776,0.00010019727692815223,-0.0012183828042083681,0.07208292425566536,0.38934759662380775,-0.0058245516944930124,-0.2124415580698627,-0.0018269717748983095,-0.22665709814119533,0.0011877889340836838,0.0031652221746868107,0.017876475761366535,0.0262156938265498,-0.1398072497979406,-0.16974332982722243
rna|FCGR1A,0.016491464105217412,-3.904608565164208e-05,-0.006297630636736795,0.3803528541999675,0.25039055038100333,0.4490599532159898,-0.32565488146170324,-0.014123258559118767,-0.13701667933323533,-0.016875393673596653,0.0017889288761452815,0.14217687859108366,-0.0567482696196016,-0.31031156750434336,0.006439312327577133
rna|CCL4L2,0.0003173977113664278,9.409693461771971e-05,0.0012723747640630634,0.23869484451901984,0.006375194465336949,0.17396384179833377,0.0016188417192456478,-0.0002867781110803655,0.612617291081719,0.007063678863495041,0.004283031845065633,0.008536877367611844,0.00449923631471136,-0.24637792979585074,0.03235947152720894
rna|SYTL4,0.05887585264320462,-3.797799372634278e-05,0.0008291704425941743,0.1216600643629378,-0.006705023220372785,-0.4940470427394947,-0.022145785533679012,0.0031274384034236085,0.2000198525059739,0.0029238231613915797,0.07283511559163529,0.33904625765732227,-0.020676057160557294,-0.28211549433939276,-0.042169062758014214
rna|DDC,0.455435873922542,-0.00016031562925115965,0.005226342976377937,-0.11803726782334423,-0.0025162663331367023,0.11163411641648367,0.02829883879682352,0.000125801644791556,-0.13122353940101172,0.004793873587862239,0.2114021997124636,-0.006409425268414432,-0.01044732091304121,-0.07382077844345739,0.11853685642488843
rna|TSSC2,0.425205554570085,-1.933505489260876e-05,0.000902833063838568,0.05624458495079448,0.025473085897981786,-0.002554269318703588,0.1027949922280374,0.00045318371604107736,-0.24294512686940192,-0.03524066973077434,-0.005802702716871998,0.0254706426010675,0.02256949137119908,-0.005018455770308392,-0.08393908671398982
rna|OR2L8,0.5623446686152285,-0.00010653411370086443,-0.0004395340998225671,0.07521484075421746,0.042336264357473175,-0.002856131292452828,0.13177360539397662,-0.002775868139119596,0.012501241398528063,0.015237253115845981,-0.02098447124205754,-0.02426656679257147,-0.009923856372816068,-0.09726693395970114,-0.0026863683185764133
rna|SSX1,0.5532519135401179,8.823988475371301e-05,-0.0022034451766145924,-0.016568346380412317,0.03876717967778426,0.0014912070450046463,0.009650107490784118,-0.003990645046106404,0.01917715100886548,-0.008275587533987674,-0.0014430243482332244,-0.0019405595188053378,-0.020352407054668432,-0.1362718385687252,-0.0026171940031329143
rna|CCNO,-0.04134059431873868,5.2393342751880146e-05,-0.00046422832167901563,-0.04354187059238136,0.4898515241163221,-0.00720038723410996,-0.011270437759508301,0.002687600609385586,-0.16221934004268782,0.0008470984041777042,0.020525166213164622,-0.06578436135117678,0.016212789110834104,0.2113971586095669,0.00902335668444333
rna|KRTAP3-1,0.6794867083659583,-7.288845457248807e-05,-0.0026405339639092884,0.0012257013022903634,-0.13474188425739025,0.00419930298386102,0.003394716440076218,0.0034684888187876696,0.16120036923987296,-0.001280107950338256,0.0004301965882459276,-0.07066396059165356,-0.0033548072796600486,-0.012193094975822803,-0.03981440334915628
rna|CHAT,0.4704035135563107,3.1529906484532783e-06,-0.0022156173514187847,0.004509019700426154,-0.013619591471590187,-0.014849697595261372,-0.15760085607493896,-0.02288378019650412,-0.11568518867376894,0.0066938776511193164,0.002562553114849104,0.018682610013081722,-0.00011560913176704352,0.03163561646204559,0.0030878651766134304
rna|LCN2,-0.04118787323560924,1.564630317127674e-05,-0.0012553446487092736,0.015250752661367628,-0.017778927859212285,0.08640987874813308,0.1365703166726526,0.721990781078549,-0.054433915001606034,0.20205794404547858,0.08680592435238746,0.007997438382764835,-0.029932693715328425,-0.1492752405991049,-0.005056561767593345
rna|PSCA,0.45346160732803253,-6.293725423747292e-05,-0.0010196280351484502,0.0077131680875405844,-0.2006481291266797,-0.00324285689892331,0.007216472292272488,0.4159003296908059,-0.08322187843027937,0.013860036717031711,0.0013255380034573043,-0.014062983358241944,-0.01731024998573972,0.001942694583475495,-0.03677055194425827
rna|ESPNL,0.0090304828339602,-4.645629764585202e-05,-0.0023163754093951518,-0.03743501456017288,0.15721190490311146,-0.22272915451385236,0.020846616408342733,0.0010676851249481895,0.061204597476152624,0.030683159920510388,0.008310798206293145,-0.04134844870182724,0.05541816038590734,-0.14313111832997102,-0.005013411813642604
rna|GFPT2,-0.0031546281076880005,7.712212098267273e-05,0.0009060665531170899,-0.09913513060169721,0.1672274830953027,-0.1849211835709979,-0.18407548306999807,-0.01635104992885148,-0.17880950840910353,-0.0019500488045847235,0.002271122478307302,0.4200104986880088,-0.045203245111293616,0.1838861564988789,-0.3891310035724326
rna|ALG1L,0.1822816870661308,-0.0001308426838467427,0.0017089880286935803,-0.032475360183935306,0.02752817844462456,0.05517156681180597,0.08813282425686335,0.12967742361626913,-0.16994454579900614,-0.1260086518953334,0.015066227274035239,-0.013949603101221265,-0.012374550218723352,-0.22182619823700186,0.0070357528154295764
rna|MAOA,-0.001059901143207096,4.187385867327254e-05,-0.0015909661926271448,0.007201210078563684,0.44847406422806013,0.06729166235158447,0.3055549632909099,0.13514661542886622,0.06837175959701743,-0.016051772293678167,0.0501255705872445,0.44516156265193024,0.020270656826484518,-0.13244726496616147,-0.0027853712433700733
rna|LCE6A,0.5541307433612647,0.00019124563058049634,0.0013839774723654284,-0.005822506968861844,0.004020121830567174,-0.0035353931428525657,-0.008939277625420633,0.2263430139804546,-0.06247812487847808,-0.03447524045554583,-0.005849189446475335,0.005391903396456233,0.007446539668289418,0.006478540528006891,0.036557019974492344
rna|NUTM2G,0.6263271515158189,-4.175381435405467e-05,0.0013202674277402514,-0.005004231359351147,0.009747586487739733,0.0036036321713123266,-0.00044732731079705044,0.0002741247057343705,-0.037769332823425074,0.0009221066599279573,0.016977619459350588,-0.011782980792835933,0.013309104348151291,-0.1329773963397643,0.00033037779337541465
rna|UCHL1,0.16948342398486999,-1.9223470365993366e-05,-0.0012980231006883085,-0.004554538494966344,-0.15460837055641996,-0.2672419949433723,-0.060464065516852294,-0.03502000887117051,0.10473828287530848,-0.03692774251404865,0.00577356001289878,0.16560891993981144,0.01994398325693336,-0.14923043782770093,-0.04774990947108678
rna|PON3,0.29256879210826175,-1.1051587018171397e-05,0.0036454461695255903,0.004714823099224878,0.4754051710357475,-0.14559438066842811,0.04583341647050443,0.11022937001562232,-0.1536794772355694,0.06510671506464843,0.11779795996164248,0.18986417729350577,0.040172100668338054,-0.26575784114397155,0.018871884275138025
rna|GDF3,0.6230745985943643,-0.00013403617405037508,0.0033385147142754932,0.0007549431984741653,-0.0038720981375983624,0.0031477174690549966,0.026726452404450814,0.00021596169919366344,0.0038166537256697185,0.014301325418851667,-0.001730642302368439,-0.028197750711931372,-0.024406351851902586,0.017678766501806838,-0.006001532623449613
rna|FCRLB,-0.12356229523028343,-1.4228231947235302e-05,0.0008583029913549804,-0.14447575476959715,0.19972612269655315,-0.06714141659774361,-0.009246001100824222,0.0006757797427760604,0.3726482985460519,0.009331223132802916,0.0026347394157376003,0.0042347232000486635,-0.008406176939411446,0.5023699684146811,-0.0009460195231315091
rna|CACNA1I,-0.006418122004167689,-0.0001442758159334466,0.006841123394026751,0.24707053318897898,0.13760085902593178,-0.006658172002414079,0.6046090700750713,0.014753731253336162,-0.046628723038373066,-0.047969931956563794,-0.005502399329543977,-0.14321227075193355,0.0016168258549023597,-0.060826622881662046,-0.09350399511765109
rna|INMT,-0.006858637765619852,-5.6530159064203865e-06,-0.004957483049145826,0.010516696401941415,0.5219098005245304,0.004153931726744886,0.2800731785234409,-0.005385038448494452,-0.3161562994818109,-0.04444196739304386,0.006856249998900292,0.07783796629900375,-0.09464030798632071,-0.36148192247148375,0.0073852391498490585
rna|ZNF322P1,-0.17083398973178326,-5.0643791827011074e-05,0.0004246856237148658,-0.04398202394249811,0.24051255241167063,0.010541714184072121,-0.0010793354616112285,-3.363234032615537e-05,0.12506691729211272,-0.015592247223780656,0.004818853562370015,-0.0077047361152941885,0.006360246139917736,-0.010967113297185093,-0.002158732729357972
rna|RGPD1,0.23361687857823588,-2.8148062086903942e-05,0.0008895196655786777,0.0471989707441267,0.12225741766100255,-0.08594168040424331,0.10704087904923053,-0.0021863170524561862,0.06720119021263382,0.014071543039780936,-0.007037310781149867,-0.05430023126454202,0.002053293407109468,0.03544342531755334,-0.010056631208751544
rna|MB,0.34667681068846173,2.99448387200957e-07,-0.002092810820197239,-0.007077881532990005,-0.004114071085573169,-0.05095295843764068,-0.032438002573931916,0.3313665084909629,-0.08573697956802989,0.007436407224846133,-0.0026549714349777534,0.007102871428776969,-0.004391132053692434,-0.1433605750952475,-0.011537545647813684
rna|OR2T10,0.014549170638532663,-6.390899459714623e-05,5.0895539453659206e-05,0.1767897156462104,-0.037983351285351394,-0.4610515114341078,0.006483929468480067,-0.0067422296286807955,0.002712899502855861,0.06686717369972837,0.002813972566792178,0.034089110838250544,-0.009368967868558902,0.09106436102947223,-0.03977413787385615
rna|SOX8,-0.00029006343078296433,-3.759915853790401e-05,-0.0019898869850872294,0.07895787442743323,0.09815573749071435,-0.032785870281149716,0.6106054719566812,-0.005415570458569448,0.22704444146015587,-0.11028328880772569,-0.0002221035415300788,-0.17767712704132013,-0.0027540076022037696,0.3303945349043494,-0.26948776625210386
rna|FAM133A,0.0986484751216916,-5.292085994485386e-05,-0.006458728724249518,0.02154513965535639,0.14323707154600943,-0.05185875629049569,-0.039505975251709305,-0.034111654207507495,-0.014373558917218738,-0.059116132070830864,0.014344551699829108,0.14631088959068092,-0.0172432491233539,-0.1012294494176519,0.01847559273638386
rna|WNK4,0.11311668731759976,-8.883788992276732e-05,0.0013428756075841107,-0.14680282034685566,0.2014574793045445,-0.03387634434893193,-0.1787029245757438,-0.0016550551545934328,0.07271086030060173,0.012849734293148594,-0.06399138017977093,-0.12953879192489778,-0.010244768546339081,-0.07719450290297021,-0.0022786441856059423
rna|CCL11,0.11155009887903952,0.0001088048284274354,0.0023580881065487337,-0.042986901767742815,0.03736358374297412,-0.21413688622251967,-0.10324591462012325,0.020686305733628837,-0.16642872558460206,0.046411196630425484,0.006080067107434004,0.3650311977210462,-0.01914041002407126,-0.04396443677315219,-0.017812943930824006
rna|CASP5,0.06509987080713735,-3.9830661318824636e-05,-0.00533773695281744,0.29733149858525193,0.22806356487119567,0.4549742913532402,-0.06915157045653433,-0.058253569703954323,-0.1316278820119485,0.10089458938000805,0.0006418421722703356,-0.04155531978394213,-0.02119118277210514,-0.1026037148050594,0.020461878537179595
rna|MMP2,0.11940625095910283,6.466110794744314e-05,0.0030077965455761603,-0.11255158329036878,0.1845025624028263,-0.15257212380984977,-0.20585631952259079,0.00047686426838580183,-0.340668377322487,-0.028217669489204917,-0.001928274506066351,0.5637191097741511,-0.006766370626434628,-0.0536241347668559,-0.25063069238481267
rna|MFAP2,0.2371165907456345,7.5865652916221795e-06,-0.0009650110879258196,-0.04710188456571012,0.053573259085005785,-0.2528382115528677,-0.09361976612386773,0.0004800172861177256,-0.23838412895235897,0.048858612065920015,-0.03207613904903185,0.6078465606341302,-0.008595258123550923,0.03268812138759228,-0.21232071788140508
rna|LOC441956,0.6740519355599273,-9.367698328526258e-05,0.006012222073825371,0.004920631908794279,-0.005420691512327432,-0.07058538422993046,0.04376815170639389,0.00028440478118844063,0.1285512476387176,-0.005262606667175796,0.0030291382238912938,0.0009321255725075555,-0.0163095906606551,0.035598815510374984,-0.09664475201587805
rna|IGLL1,0.032013951282962604,3.045883298621276e-05,-0.00023942192241384864,-0.1856569567270256,0.0060398804172221866,0.05025411923351064,0.2325032725816304,0.04814516590399513,-0.053992695551446694,-0.04114256184163617,-0.019205629627224868,0.0062752404265203204,-0.03777900374588289,0.21875093250933234,0.05470990195942233
rna|SH3GL3,0.48612869826733196,9.030144023258323e-05,-0.0008171582452260078,-0.0566535224149965,0.06342826090365022,0.005745226658311601,0.007538532499570694,0.03140432121294153,-0.10225424580752919,0.07188186871938912,0.005149436944927605,-0.002646395898481723,-0.012911482465902506,0.0479739074187698,-0.13976986874739436
rna|RASGRP3,-0.17016604126444723,-0.00025530916945877097,0.0009917948253304353,-0.12506234364707597,0.6654022281163153,-0.17067754306617855,-0.09837462467959457,0.0005656971810680034,0.3227202970695269,-0.011677375992338071,0.0004857816768162298,-0.09560024827777416,-0.05957179756929125,0.3780458023696177,-0.007629710176153434
rna|BEX2,-0.09389947042367122,-7.24973964980066e-05,0.006488718177459655,0.06609211226236675,0.36596670866776454,-0.023838827853032082,0.18263038132020995,-0.006731134029691334,0.12537762128003227,-0.019202279643655236,0.01853984929895863,-0.18185967031668943,0.019603394824512402,0.2044980411811186,-0.0023451139723925404
rna|CDH11,-0.27775265952929395,0.000543025160828131,-0.0034086649827331284,0.005928819969783286,0.6071108869464666,-0.21670958525313994,0.0036826196171254946,-0.023205386402891867,0.27015726939691825,0.08256986228780906,-0.04747474061014544,0.3333608342610234,-0.038891341075435404,-0.03603351740063304,-0.16857647017181301
rna|OTOL1,0.6120076861870407,-0.00010521098947015581,-0.003715128947040677,-0.021942007498673883,0.09527121591222334,-0.001183570671771104,-0.0027669430322465162,0.0022842375974941494,0.028833312610000234,-0.07541736407152354,0.020309462546203878,0.021271276927143336,-0.003751412990949146,0.11920156192734946,0.0051623115833096455
rna|CR1L,-0.29154448148788675,3.417614242446874e-05,0.0029233577276299534,0.13480753472705376,0.000688861107023463,0.0180645540340062,-0.04981214217747218,-0.0013427665594243706,-0.15450428158428198,-0.0014046148420602657,0.0028782121203401088,-0.0017688281281126768,0.017067895671576783,0.2828867098797862,-0.19317229974545308
rna|BCAS1,-0.1029022286491892,2.7506048659005385e-06,-0.0017247476893826022,-0.08613467675212771,0.012742228091449384,0.009611721114025626,0.06901340361849709,0.0016582506600050638,0.030079620976463287,0.0012872199223714531,-0.024737662760853932,-0.00138952718502257,0.003156149610334678,-0.1899889484760926,-0.09971561549510122
rna|WNT10A,0.08953950175133618,-6.133682634871058e-05,0.0037498313869977723,-0.019164498224617823,0.13962142986820428,-0.003036540893310702,-0.06451968414854557,0.1376489022304519,-0.1291014768231758,-0.017943183608826505,-0.0637050527385778,-0.2946076657705379,-0.08709483479739094,0.1698115543872134,0.015646106709788176
rna|PCDHGB3,-0.06557023293130677,-8.86296960921601e-05,0.002535128144041832,0.0016328834867899052,-0.12259299531179484,-0.6056804423432377,-0.11232683412017061,-0.003967985269174584,-0.12293238208042535,-0.00510811651743989,0.002606719071797578,0.004022587953948096,0.01670555057064032,0.41720921665671595,-0.14816161474207432
rna|FBP1,0.11094311640242954,-1.985701919597978e-05,0.00038655528146084965,0.2964717873427035,0.19627703005333044,0.15317284719717195,-0.29928884611816586,-0.004511643069672852,-0.07684556843867867,-0.01111484077671615,0.10797844584369712,0.20783404287906254,-0.009685590368561694,0.1403182063549537,-0.04332509032958566
rna|LRP4,0.5005040400152643,-6.111454441598982e-06,-0.003128263625712707,-0.006359711499441041,-0.007065748141134552,0.06936755102589946,-0.011653849612815,0.15143455366703765,-0.1694966107756408,0.01545843163160509,-0.0028739703217787486,0.09368792629721172,-0.010913528387173023,0.09798859518528204,-0.015584511819380531
rna|RPL31P57,0.35276843388951973,5.8289491655439265e-05,-0.004642695088769317,-0.07088164716616349,0.1374089664877616,-0.23114366192880423,0.0001378563735995135,0.0025460366036215735,-0.04183599292305809,0.03052400285060461,-0.02915092064603247,0.006979062934938515,-0.007593312382527704,0.03412456459788528,0.004809310682852947
rna|PNLIP,0.5472291446311088,-1.5534843605992524e-05,-0.003055447202641991,0.003974538173100973,-0.0060658184912593775,0.02322704108753169,-0.002657455331419032,-0.00016455827549408916,0.0708461107054368,-0.009176806603145267,0.002199768144488127,0.0010506736023425986,0.021643441066130947,-0.35063015038398715,0.019127175645991215
rna|MYOZ1,0.3532358720473276,-6.716107903012507e-07,-0.001024135266411644,0.03112148505028146,0.1995107294093957,-0.0010992456096106918,0.06627023289278587,0.19489182306500966,-0.1085406130651617,0.020536334161015527,-0.003438359795885999,0.1357838183455858,-0.003442851776399047,0.0013443282699397332,-0.03403395184711231
rna|LOC389832,0.6708868416456548,5.651887847420547e-05,-0.0003440253386677422,-0.04592988257589932,0.04745486538906074,0.0011063935473593362,-0.0019759068209021843,-0.0016269379554191097,0.09885225684794091,-0.01444404719638194,0.016594296511822895,0.002692593789586318,0.01075044147419458,-0.2265365160679631,-0.0003496919609131828
rna|HSPB7,0.29244046115829275,9.483977059169467e-05,-0.0011600788173707869,-0.0008140224816194798,0.039547917266100845,-0.026090132704827327,-0.0014526376844146882,0.09048135180499464,-0.20993204504251367,0.015374560579661484,-0.01853664175935955,0.21911081612770025,-0.0010853546270519232,-0.15772075860258655,0.006901014514831802
rna|SOX2-OT,0.330325276734022,7.28009675104191e-05,-0.0023643897844093324,-0.09904308589544503,0.0684109234460896,-0.01964591462648145,-0.003008661814521309,0.00019941935165008497,0.04852037645887483,-0.023866190745208057,-0.00016995204845515765,0.06213244622556452,-0.028666500861718756,0.020025803161252884,0.07832988337887634
rna|ODF4,0.6019028246844991,-6.225006232940361e-05,0.00216253343406589,0.08990456650705904,-0.20435624201385327,-0.021750233311216144,-0.013532452934391257,0.0013101979949741041,0.10530483001693935,-0.002687982191847917,-0.01031388638025183,0.0006521657626669075,-0.003142490780043759,0.0487362340127846,-0.006332762643558636
rna|CYP4F12,0.20720981607829791,1.625060669228913e-05,0.0028279462455188774,-0.00313353296576674,0.3145266365859163,-0.08157015683473909,0.37220105370957013,0.21824155798392803,-0.2142932189301104,-0.009628694451413547,0.04119506211198973,-0.1441281933246258,-0.030904927538904187,-0.16914131328759408,-0.002254858006008508
rna|SERPINA3,-0.03461915511248205,0.00012160188801086698,0.0029811998285229208,-0.01825275889305387,0.23505984907232536,0.014445437070367237,0.06727656722705404,0.004620795843439986,-0.08380818095744583,0.01411283332625831,0.1650394926243251,0.23913231077105485,-0.024017866562508393,-0.23875977977339904,-0.25915951985713076
rna|KCNJ3,0.5008547102130801,-1.413113528960938e-05,0.0012703063125454465,-0.0003302559659417013,0.03329567409294712,-0.046669825470778685,-0.04851306898475689,-0.0018236537484236587,-0.03027853725581837,-0.009870434827830614,7.279013886642763e-05,-0.01926465177696118,-0.0079240097694354,-0.140666862487031,0.024600870399336255
rna|AFF3,-0.12860689335007816,-7.877030399514326e-05,-0.000814196684381096,-0.26622551267629,0.18488502618802669,0.016599363603316517,0.22240928635011847,0.004137675898338096,0.3464167369574805,0.002295627510710155,0.0033038124080648668,-0.22818005233301747,0.051394531295049055,0.33176372722999314,-0.14182009012598315
rna|HMHB1,0.006272129471476155,-0.00011664541763653098,-0.0020279570159433837,0.024120633928101886,0.19676208620203206,-0.31406915124747137,-0.16909563867320368,-0.0037437741814744666,-0.09131133496183706,-0.01742368156401251,-0.001892730354570818,-0.03267425937966238,-0.012422538383656086,-0.18962341745221065,0.058387011215594906
rna|HEPACAM2,-0.056808870099512875,1.8392931355789843e-05,0.00238811128854388,-0.1543690546615559,-0.08538305557097679,-0.011351630802982496,-0.022700675772318282,-0.00010590460744176032,0.0012285672996128593,-0.0016393565700751102,-0.0014843819997753718,0.05200450966652226,-0.010008044006326077,-0.026631231607750924,0.014008141070959688
rna|MYL3,0.3142671568205647,2.7038916186971827e-05,-0.001560395253310076,0.02669186697966808,0.2173988965610219,0.0054879493430444425,0.277825679603808,0.006301221190527423,-0.28608303458184403,0.01809298909445212,-0.0015552846432241166,0.10073064129931686,-0.008164212028157475,-0.026499385518355296,-0.12664380955580107
rna|CP,-0.013546610117531705,-7.080903606963173e-05,-0.0006554973673048638,0.34390512742038903,0.23390793736308813,0.3369818586889896,0.07272239968192362,0.007841707872664883,-0.020290063561005277,0.018303944100742972,0.13180577265040003,-0.004605042165913192,0.0003228265346492302,0.06785841561656096,-0.02941206291998361
rna|OGDHL,0.33324028343729023,2.722106592473253e-05,-0.0006144896469723227,0.00707026420462335,-0.04880010205251132,-0.0005217166992510858,-0.008443219952463039,-0.0037309667125639953,-0.04810086933143145,0.017719693523876347,0.18058779546529696,-0.016765485508377063,0.027519711742235324,-0.13867158435611995,0.17946048370953438
rna|BARX2,0.02279530430553451,2.266017980218112e-06,0.0037300567702012563,0.26613797753220947,0.1967207943109963,-0.1541461390396874,0.07530330823975163,0.344968265285796,-0.04110028687138875,-0.013707440501729014,-0.008808565288318308,0.08898210677417845,-0.0014356337684857741,0.13290656231303988,-0.004310508057055087
rna|CCDC187,0.2185234573999774,3.8771834923372815e-05,-0.0031622391628022112,-0.07358585094489932,0.13665306692026902,-0.013187403156534114,0.004650240691697566,-0.004465954851169092,-0.08037399703191249,-0.010152784419733416,0.0016673981485459217,-0.07929582606176375,0.009609613351582497,0.05101318367601302,-0.014403456824273965
rna|PCDHB17P,0.611136541822083,-7.735745438329253e-05,0.004727210817960484,0.0032052805998236543,-0.09277230711939613,-0.01289156728826738,0.039876194517979455,-2.5296832181646635e-05,-0.045285482946528476,-0.016601414353385514,0.002586308799916157,0.0662924170047186,0.03381197663956376,-0.0025432027512693614,-0.02330466944652546
rna|PASD1,0.5136488540193455,-4.385061058861156e-06,0.0022630356107305855,-0.01364441759631278,0.0025087326620478784,0.00806319236763384,-0.02815474996385104,-0.0009333760079964004,-0.029871012351672742,0.02106152017331207,-0.010010083986582147,-0.012110948981520217,-0.029223876518089834,-0.0938924640282043,-0.0004390116507456472
rna|UNC93A,0.6154418899457011,7.42552413286565e-05,0.0006304883449814028,-0.013666666898545562,0.101357811989387,-7.558688136660465e-05,0.0033022503839161225,0.22345737451275133,-0.022541955279953906,-0.019174148428191956,0.08465803784605534,-0.03443276538578406,-0.005438816471024191,0.005928459034901453,0.002208636019874739
rna|MUCL1,0.32951489881855034,0.00010376144841808696,0.00022360776021749612,0.05921435096381195,0.06926783410781878,0.09021109781565426,-0.10677725850655742,0.21600532160834623,-0.08503437242850131,0.004697110549661004,0.0007907168488054916,0.18062110982552476,-0.0003336805700221085,-0.07933457215625275,-0.0039671063066808185
rna|GLDC,-0.05549451132655805,-0.00016617050526231155,-0.003922355864567575,0.21153492021999162,-0.05067598495857597,0.07956553030478546,-0.018264565639423466,-0.0018665567214289447,-0.15605672087728134,-1.4521996323064783e-05,0.15889320482311833,-0.008671260920819681,0.02004398429114032,0.035132826190424085,-0.07267520771567797
rna|SPOCD1,0.01487749159283819,4.979013368137244e-05,0.0030120776939149456,-0.030268786538207564,0.11175881199645651,0.08251117649063705,-0.3074604797198719,0.0013268034784932638,-0.009195971163996713,0.058148519973118935,-0.0025713490976610603,0.48167528990832825,0.02052280472975053,-0.3155530429551648,-0.16890723111636505
rna|BEND4,-0.003697642343600919,4.7661257179864436e-06,0.0006470178656437537,-0.15444553326790725,0.008436133273338494,0.0005842090426900463,0.0005359975756573299,-0.022074883701445103,0.026282782775160454,-0.01947747578561335,0.0006327002171986278,-0.13253437331350337,0.03679516659404569,0.34338749156832993,-0.08594919195218137
rna|MMP3,-0.03823863372391531,-3.011742080216094e-05,0.001077876847003578,0.004832760682821284,0.016563939673833978,0.0021098500223680158,-0.22001341986727685,0.44277490232448474,-0.009524193637207416,0.011567379453446405,0.0018495985492014552,0.2907341996418954,-0.0005136461048968332,-0.2773735721331238,-0.017524334804096132
rna|KRT9,0.16689742315781886,0.000153790476617488,-0.0007808766193161778,-0.05122172185964083,0.10060827508149914,-0.30085157236989407,-0.16087574730059032,0.2889713838868508,-0.12539280666408545,-0.0837972004768862,-0.001995286567270656,0.02460696643286456,0.019706789072211076,0.07711633257336552,0.07686109156610606
rna|C6ORF15,0.492131569932362,2.9794552086574875e-05,-0.006725691062366124,0.00907354881544524,-0.18131477160389803,0.002755552424018601,0.08063969885763247,0.4139402281731955,0.09257579353409716,-0.04425601993907255,-0.008321075899765865,-0.00313737246305237,-0.011738092680559692,0.03897476957233573,0.0036130212438299637
rna|FAM3D,0.24560494019778698,-6.801926479283924e-05,-0.0011972621367433594,0.00311428130435857,0.11653039546576219,-0.10760952806671609,0.04706280263152775,0.44903328337794013,-0.005376096116322219,0.01920182638307691,-0.002024886698421438,-0.14964435021574998,-0.09152695009086778,-0.14992465523894477,-0.03343424152126112
rna|LCNL1,-0.0015745526539834734,-5.626476549687227e-05,-0.007066238232096238,0.11092412981144911,0.41795904358415165,0.0028637632608946267,0.2007683371514168,0.0006705439745311082,-0.2584343770181868,-0.06351910212492672,-0.0028098934683644674,-0.16395445618389565,0.06039818878295073,-0.10790899371268782,-0.40106469063172756
rna|ADIPOQ,0.463295017423686,2.5292279275635205e-05,-0.0011162984534364793,-0.058368293135386856,0.0716001697101407,0.07388351928051619,0.04224367798981686,-0.04181765361861876,-0.19472722236629394,-0.04256001537222804,-0.008359342721453307,0.09273882063455345,0.02076757539478544,-0.23918926574571894,-0.00031286664445049955
rna|IRX6,0.029236510541984895,-1.5661531639356658e-05,-0.005185688987404734,0.012786598437078928,0.06430128609550577,-0.008511647091448799,0.012090806692410992,0.3492393371253405,-0.006964347103018837,-0.02734906543907562,-0.008338350157364643,0.23409428778499797,0.015552260625558895,-0.06740792390640178,-0.24570099561614417
rna|TPSG1,0.5287612808571517,3.1541410438956546e-05,-0.00419533428957087,0.001819730276066787,0.012771737168929497,0.0005361057720292482,0.07557682836607224,0.24437977652766196,-0.09800289049194005,-0.08954253852367502,-0.045159556271853606,-0.007213833639647118,-0.033702801225565335,-0.01584812481954809,-0.009964029448217853
rna|ADTRP,-0.0720586694605171,-1.0841237519070657e-05,0.0011163160252059513,0.01747916386508795,0.07990108441291634,0.31551957391907737,0.07004549922036112,0.0009828723565361715,-0.14787756275664377,0.006526774318105973,-0.0012878425340409185,-0.11643357094868322,0.00254266840640332,0.4234974224831967,-0.13197680821265872
rna|PLD5,0.0586360769099111,-1.649630953076091e-05,-0.003457175730331838,0.11330929883764576,0.02687367243969431,-0.0012815876520541872,0.6267171244490496,-0.0019620757629265507,0.09874251812822915,-0.08133737869474474,-0.0002495312053472689,-0.3020483272630744,0.027758371908706513,0.03351705461673199,0.004721081460550539
rna|CACNA1E,0.011348670032393418,-4.498319226069551e-05,-0.004365610241279219,0.2646873385327483,0.04614796737629238,0.02956075198413553,-0.159531286162555,-0.006411081547171627,0.02804825328010955,0.06582206861167143,0.0010517027435372722,-7.418719451438215e-05,0.0011884698504130218,-0.2248699742868585,-0.07371650050466964
rna|HTR2A,0.44970274766929935,7.503650497942713e-05,0.002509152586487989,-0.01018116479044658,0.10400156793168072,0.009960575910164447,-0.036649195133109914,0.004041660599705917,-0.2693447536490813,0.09251298529796306,-0.0035242424387105305,0.1676575961946616,-0.014098107458609517,-0.18260671416178495,-0.050913637082356245
rna|UBL4B,0.6277029560729747,-7.303421005808645e-06,0.004216020970691007,0.0076482871682829745,-0.01675027703408953,0.09734160451452595,-0.09150126514967413,0.010847055180296696,-0.055390206193046285,-0.009828483783858406,-0.00010296999495445995,-0.0005695199774397494,0.0009615550528283719,-0.03269855837871599,0.007456415684562489
rna|RAB7B,-0.03164538244636419,7.18457267791661e-05,-0.00586263443392701,0.16871552793898048,0.6598813212897854,0.0007748181072675458,0.25272704063621526,0.0087524247722188,-0.02130210629916813,-0.09938584831928424,-0.08157551579945851,0.01487163149848724,-0.012432399104552015,-0.1696369672742942,-0.00861440869781348
rna|EIF1AY,-0.03584416318712886,-1.3158456581291668e-05,0.0013601248636902659,0.027801831740319402,0.057250254263816774,0.010747497713986686,-0.02490701236243324,0.006019536872256477,0.2518771362712255,-0.01677930643026867,-0.006548270022573809,0.01337627478575638,0.003065257424086228,-0.20741651032710767,0.013543431624865227
rna|TLCD4,0.10466699194767654,-2.829259640836679e-06,0.00025010720504794283,-0.1808035203405669,0.06743797290919604,0.1541780768538945,0.1681283960290725,0.005838133604601982,-0.02373469086975991,0.016872389764539704,0.17021805402711415,0.09604913885414607,0.021954387559585373,-0.033582328494233385,0.13734882162653553
rna|GGCT,-0.2339010266173544,3.846221836948824e-05,0.0027039061237368604,-0.04013358133848519,-0.0022738795253851463,0.0028106551081801337,-0.11961653398799361,0.0017107144868405057,0.2580793855959218,-0.007566646466494493,0.020237303690913984,0.002562868993787027,-0.010781632330838762,0.027065308445491435,0.011355018902492258
rna|H1-1,0.05201130008812437,-6.198247595921702e-05,0.0005646008922166734,0.005938158426955649,-0.24037639312313197,-0.0011480312755810852,-0.06602657453813397,0.11126749727094022,-0.26239946811307857,-0.0018976560455341007,0.009848420811846458,0.01026093472086837,-0.006536066344511629,0.11869213543649607,0.009285222245511886
rna|NAT8B,0.0033005034465753394,3.444799349768444e-05,-0.006611311256383615,0.34326402381452886,0.32146544028068763,0.41482010305110617,-0.13495222802357898,-0.06658910763221323,-0.05662945933576587,-0.08970481187982075,0.0043124159609412025,0.31292685330537306,0.01508420736113144,-0.11567505028491383,0.2439400623204871
rna|KIR3DL2,0.4477837627887035,-5.628038688582372e-05,-0.0005938710349692413,0.19177969826240032,-0.16940471374269864,0.15306032780400763,0.018571968908524514,0.0012879325110018158,0.007077740329437021,-0.009151095013511825,-0.008242921680684901,0.00028733073552404594,-0.005766844700820048,0.11011451867418988,0.012801135807752483
rna|PXDNL,0.009724800508310474,-5.0972689043868504e-05,0.0004720049604852427,0.0713582825583029,0.0019008000005227873,-0.4149176012377077,-0.17236880191484005,-0.001648195867294674,0.03780964292779687,-0.01554619013023346,0.008945508341667347,0.1383730129303665,-0.01660466481556829,0.008872851071465335,-0.14021238204762118
rna|SCN2A,0.05240587501504875,-2.0722740284861354e-05,0.0003295863375212244,-0.2522104858452494,-0.0919784184120269,0.1440396562061529,0.0257647167639898,-0.004177705985457591,-0.016862713393902783,-0.008040136991325077,-0.0009382308450684285,0.0011517181626443888,-0.015959438932210718,-0.03890588104075468,-0.0038178210530393783
rna|VEPH1,0.6123889852234673,6.101070814096046e-05,-0.0021818354501361515,-9.170655213433616e-05,-0.00835801343935198,-0.0006230990159885669,-0.02073078966975664,-0.0007650007557425619,-0.006761474819712576,-0.01373410384328583,-0.010696662632521019,0.028948731169839387,0.023088979539122964,-0.07360392484259685,-0.0039610110529095365
rna|MIR125B1,0.3204333393545864,0.00023472262800015365,0.002852363797725,-0.03571658125187215,0.1778485591653189,-0.007734214873760522,0.01518864444148942,0.002321849826159298,-0.3624682897422964,0.06661651537101836,-0.0059405898204741465,0.1044206401561547,0.015080079032470143,-0.054392957004008154,-0.02903940978057378
rna|FAM155B,0.38767104928906776,-3.5927211382543756e-05,-0.0005516354736644427,0.014523958451537578,-0.04310913997842604,-0.10645500973227703,0.019491134802722045,-0.0034758205926234452,0.18698358793628864,-0.037514494552262787,-0.003151421688944526,-0.00216093835695997,0.03061277777452385,0.11730560194680698,-0.06051219910615035
rna|EPHB1,0.10766940441025728,-1.63161281485024e-05,0.001786551931810266,0.0005995372979831182,0.04803799580917236,-0.0072320068061403255,0.0023232065927913004,0.0031118696817372692,-0.10227926168523035,-0.020328133632753903,-0.011224528489391462,-0.10634706887622773,-0.01503542026852463,-0.0714010571776865,0.033067038677740176
rna|GNG8,0.007553013823344402,-8.557677033680801e-05,0.0015371297737428575,0.13948056404944656,0.13858286536456074,-0.37479281175862517,-0.044169010230849,0.0010554632064701149,-0.1604144094843926,-0.008344087669352565,0.004372588726769149,-0.09047526355968043,0.009777229239063498,-0.14275222694984546,-0.0018726339660962666
rna|ACP6,-0.15811093520677025,-5.286310494590587e-05,0.0022720138594954243,-0.17095834242795716,0.5310799234635882,-0.002826806275692743,-0.08821497909667927,-0.021608446218851274,-0.2410662931888931,-0.025241403333980717,0.09273306806816341,-0.01307268242851447,-0.0005546985671103905,0.11560153813571569,0.025702430560495444
rna|KLK4,0.17923177171391047,7.996002265534502e-06,0.0006860172629289381,0.008231217669219498,0.10204177043894468,-0.16955522880692953,-0.13367590875841653,0.003053988392371475,0.01858162751163548,-0.014304570577311064,-0.006101709795485841,0.34065782329621724,0.00962397290762667,0.02248558696441479,0.007061751142166659
rna|GAS8,0.012557030630591028,5.201110890597774e-05,0.0024405716343435897,0.012287180415953182,0.6427037063404453,0.0048087084216346145,0.0052033334441235896,0.010269573440556096,-0.22212875440978894,0.07792944926056339,0.04182806046491345,-0.010845659565484849,-0.0017089503121494416,-0.04964456936648677,-0.03859627127024988
rna|HACD1,0.03543870732693542,-1.5730419580669356e-05,-0.0012183716339321264,-0.10212549156191254,0.26873043523349943,0.03432701808834697,0.18077265902542086,0.007472010758831856,-0.2225842920303173,0.025590499240370455,-0.018663607915643365,-0.0007722899261964714,-0.018937003065020844,0.3668652842022513,0.057026989247692665
rna|CCL13,-0.019269624166805045,-3.235204899094339e-05,-0.0007313933178279114,0.12089481938487702,0.20861088717678947,0.19297838688272376,0.027480286455460808,0.008947574564191754,-0.24327599017599882,-0.06415174951195081,-0.02176760842754469,0.15171064354194838,-0.012881821498777275,-0.2628405453000863,0.26162327457056955
rna|TNFRSF17,-0.05504929939752258,-0.000134919419566409,0.001374192213972152,-0.00508030338895122,-0.07087726944822942,-0.1583720831454433,-0.03428110570115464,0.0022810282743150434,0.2322937509508006,-0.0064417057967027964,0.0022444418498937576,-0.05379976570892854,0.0032084823887526745,0.18940907054136827,0.23147108913141826
rna|PBK,-0.193925911708317,0.0003220983825618001,-0.0022314024415625586,-0.25434637647264474,0.4362242935224079,0.008605786253426865,-0.24503906393685712,-0.0010263298170875344,0.42899609710377185,-0.07929613004397419,-0.007631997263382581,-0.009700486356836341,0.012533507866126585,0.2242227271169552,0.05333926138195474
rna|DNER,0.020718880543079993,1.94267477126657e-05,-0.0001833364911855589,0.13222060672998126,-0.03413256348014597,-0.3726259522907843,-0.027817446837279505,0.0009373391915731346,0.014353979691075264,-0.012057228964288466,-0.004607573886113431,0.02822579659139732,-0.007772364805022655,-0.07472631629801893,0.0315978629202867
rna|JPH1,0.24156249620331188,0.00013440864036298714,0.006463527028786512,-0.009773253465289719,0.0013746706510527978,-0.2018714952436397,0.0008839930570904516,0.29521132527807015,-0.11583733198160687,0.012007258950132405,0.09566940908943462,0.025924286623724233,-0.005907990468712176,0.05730499928331584,-0.042660766037056
rna|CD1A,0.19899114545815094,-8.782764073612071e-05,0.000593752658100028,0.01247029127607271,-0.032670694408687834,-0.4024410629877226,0.20059661439816712,0.05589653600769597,-0.023481825695600603,-0.015500365929463876,-0.013089718246936107,-0.05002784436251998,0.03008946738021607,0.22647848139794838,-0.017493106815045623
rna|ICOS,-0.10643204717313104,-1.8142225475216477e-05,0.018188593561322467,0.3308595138939754,0.445119097709373,-0.0626723085947341,0.4010040008653724,-0.00027765735993415534,0.029727264339174497,-0.10660237070304078,-0.01132123186858184,-0.15766332295155178,0.020845494783369372,0.017613678750679002,-0.010478043100090095
rna|CPLX3,0.33453449896283016,-3.891749031796843e-05,-0.0036648322573673204,-0.02303275945108015,-0.10263621422738048,-0.11631627084092207,-0.02314576167333253,-0.0020415784325044017,0.016556101108117584,0.07797856321830057,-0.006476525843050131,-0.15918654554764933,-0.02090959937127009,0.11795438736605647,-0.03714248896428309
rna|TM4SF5,0.4999480316084344,-2.9506415257856416e-05,-0.0012420346302916081,0.012413213893920994,0.06503868429035278,0.001616880694486639,0.0052908645032674504,-0.00044769603390781224,0.044496940057147626,-0.05548991958081415,0.27444642033991107,0.024487259066063475,-0.03243755619923516,-0.08941235664194357,0.003946559798193155
rna|CLDN23,-0.0047862185912889155,5.814580516487904e-05,-0.0024483442345198006,0.07996588172007088,0.631965579569429,0.06532465683104967,-0.1778679852824837,0.0016719305481348668,0.1885447992615626,0.02996862693689697,0.01671355666991245,0.1611760505001765,0.03444837835848078,0.30302475391923983,0.07847351842343296
rna|POU4F2,0.6297890255315013,6.0143185176477827e-05,0.003914447709827126,0.00016106300071500913,-0.01415971498976976,-0.00181067684645445,-0.022602881649760362,-0.001866075315293954,0.10110117425942292,0.050498204821807356,-0.021714202623604257,0.001399040966566959,-0.03376709803329718,0.042912235220606186,-0.06660186383099474
rna|SYT1,0.46405732480397954,6.658723444130394e-05,0.0039047902570640697,0.0011026569533341543,0.015775180041768772,-0.012799234227365085,0.020291856723429084,-0.0046532684417968685,-0.005250586798213637,0.019462743144157555,0.0017195738024316524,0.04442962072696711,-0.02620146195717832,-0.06143482338223534,0.006453450174460655
rna|CARMIL3,0.2798054668522436,-1.7441343170496484e-06,0.001978341343198916,-0.15014634997534743,-0.19382726385748372,0.019752458855810888,-0.016659494888455088,-0.00010032378839448288,-0.09233631845490396,-0.0028419193143813842,-0.005283341621068719,0.010715001164392756,-0.006630823505565433,0.38318250798672004,-0.017613206847069816
rna|SCML4,-0.01157797936036911,4.472915973923273e-05,0.0005673779657666557,0.3084304047107433,0.06083313177626444,0.01655922950231195,0.4604479868344469,0.0010318384186855226,-0.27731823766305225,-0.0040435253555702756,0.0061409646036666675,0.002899111849566332,-0.009291798768234905,0.25827109113585434,0.008139750958405426
rna|OR2T11,0.08635364240594653,-4.469598667206342e-05,-0.0014298268855640565,0.18627096828016404,-0.18166661514849386,-0.42524027864142305,0.004536998685495903,-0.0033215847959925642,0.07116207884871506,0.0716451091275524,0.001508333536265707,-0.0057332960418632175,0.0044046984412580295,0.0059922989413163895,-0.09560840645095477
rna|KLK11,-0.024611517391316926,3.368928990816993e-05,-0.002021403531913326,-0.017223200142513505,-0.007848497476434315,0.001786738748313687,0.021035819959028382,0.8807347738747182,0.004759190760049201,-0.06898393782333172,0.0263129978364136,0.05019435761684218,0.025502725645576013,-0.015393374653863803,0.018331088979402294
rna|IQCD,0.013017529149645863,6.406779874739133e-05,0.005118099031394713,0.003693003782651327,0.1584076547794937,-0.3810859941054118,-0.2267895748929374,0.00028513668575358154,-0.18032879578009453,0.0041398086639694315,-0.031256070829337,0.0009800267546302233,0.02208703168955771,0.02125794991369243,0.018588878666030793
rna|DIO3OS,0.03689464936496537,1.3368621112442818e-05,-0.0019282074273138847,0.014259054784020469,0.19785171670260968,-0.0024941778406417634,0.6355396710723727,0.00018534831724170182,-0.14075424531991726,0.04102856057265634,0.004332340347024037,-0.013132986107825588,-0.0026885131096580786,0.06548002341202712,0.001576350191884905
rna|OR7E91P,0.5796188756369172,-6.842323697570542e-05,0.001310570712870932,-0.0026968914955873566,0.23945111598483745,0.005171046246087991,0.007863178056121186,0.0030531671822492555,0.0050591120998631865,0.005004841376753216,-0.000537483330623667,-0.006405155678015042,0.023746562293822483,0.07975324238808969,0.008831575873595883
rna|NOS1,0.5471449625967449,8.177331521000879e-05,0.008291312302699624,-0.002394031256943415,-0.14019636949883751,-0.1234203617421572,-0.004467691798759235,0.010493794525060433,0.08542650100409624,0.0006282233348861463,-0.01205546913878741,-0.010957820369040671,-0.014009492902436044,0.0064143423426189835,-0.1255393647356078
rna|HBG1,0.3793216597021345,0.00018359824612281452,0.0029316843179176427,0.0008891916229527788,0.17904304708408747,0.13411474123315137,0.023165586833789286,-0.002613441934870115,-0.10474296923594284,0.009965153388341221,-0.03848601867790218,0.024041353379367345,0.033206675507816835,-0.25777184772022804,0.004457373222639186
rna|SCAMP5,0.08991149526117534,3.1139006179624005e-06,-0.0018684367616612699,-0.001356654458577532,0.041923379324051935,-0.0541836895183609,-0.004292499893841882,-0.0018035817018793863,-0.326663784323794,-0.01691405882562729,-0.03454701949256582,-0.0968845982155758,-0.0053929961154455235,-0.010974049760015297,0.26447356479965944
rna|PRR36,0.07934646604395762,-3.615776100293125e-05,0.0031896152511408293,0.21217099704252784,0.07530701611404766,0.1317521719309916,0.24349216740513863,0.01632315345661398,-0.05852240856103762,-0.07125297917511288,0.007988943071519124,-0.006319450666671584,0.017051450228969856,-0.11864307436944127,-0.04480879951323542
rna|IL17F,0.5437444696876823,2.7517915639932654e-05,-0.0035280971587489077,-0.019040749962329725,0.10786273941932706,0.0030057817746466505,-0.0010277483132105805,0.0031204253262603105,-0.041342965131165366,0.028250828874666317,0.003711540416702042,-0.011561077372714149,0.013013161473915763,-0.14472999860508548,0.007045877041249302
rna|OR52K1,0.5924567603813408,9.549176128143527e-05,0.004744049742051842,0.021563764617572034,-0.04153334806566469,0.009038697285083984,0.0020386617025355594,-0.0008390123614576272,-0.000499153919362801,0.08024389882531309,-0.02371043976501308,0.003815507811909577,-0.02013338689960528,0.16512640327289982,-0.011417754418763802
rna|CDRT15P3,0.6728355729507319,-9.413605961927509e-05,-0.0007288042691382837,-0.0003328275728473909,0.043281857915024646,-0.001845662664501892,-0.0008305081601919079,-0.00015235306768756466,0.10484267577113057,-0.01552032154922492,-0.0012893692262287678,-0.013590263808117993,0.013169209037016974,-0.08862218611106461,-0.00860104299631483
rna|GADD45G,-0.009428620819461726,-7.943918123355758e-05,-0.0034911794131903336,0.2808639873108663,0.5177126183474757,0.021861235757921572,-0.21763346865462374,-0.0016846327656097975,0.013470142841196351,0.004913583178936093,0.03317787241237482,0.18131545828880583,0.016011552689500497,0.06847292743345994,-0.1635221180210209
rna|ZNF839,-0.07706097399953495,-3.960315484921899e-05,0.0009428538257151954,-0.03268508388824821,0.17089087365074743,-0.0069227451101073634,0.059285359176154975,-0.00043745318805992996,-0.033305547542368835,-0.047874762901734265,-0.005106770451309066,-0.014010388012712557,-0.0003016659283007988,0.11631820686082313,-0.024619076502152438
rna|F10,0.194383168389823,-8.113910053147137e-05,-0.0027465326354056087,-0.009016308298867076,0.39358461201469136,-0.014593174283763121,0.2769698862896829,0.0030442612832626927,-0.17860209925432416,0.0238508379342716,0.03132338655274161,1.906190118223543e-05,-0.025794818500292447,-0.21658008594522926,0.004073878755594783
rna|MFAP5,-0.10866329302262819,-1.3338597626984684e-05,0.0031031380709908357,-0.07921789105921669,0.3240314955716474,-0.07334499958222619,-0.011338625881440094,0.0004091545869625588,0.14937234253606158,-0.03099167496790983,-0.03743848602199932,0.45165933423294924,-0.007124382750188751,-0.06296485495545509,-0.08200669510556075
rna|SSBP2,-0.19308220457337533,1.991076731603151e-05,0.0003881778721619311,-0.0022637440626440256,0.13772900758866835,-0.31038229126557176,0.007545409950437509,-0.0024502206420493233,0.5915132764572358,-0.016104088754303567,0.0013890339328666895,0.09400691545704357,0.02467986370664493,-0.22302843979832176,-0.007491484305305467
rna|DEFB118,0.5965391173490827,-0.00012014567497941078,0.0025827955943134194,-0.020696148276945686,0.0677720768376173,0.004390076821823125,-5.179130398635129e-05,-0.0003141025579642557,0.020374104571590737,0.010706691790597274,0.007461840954920504,-0.0037392542189244463,-0.0032225199900005287,-0.03057741564871605,-0.0024316320843392647
rna|KRTAP17-1,0.4961038878952281,-0.00010593483649461273,0.0027598215753037885,-0.0014089346625255972,-0.005889753213990854,-0.0002251998828898001,0.040646159474244554,-0.0009315198253622925,0.003635971194278301,0.04542213954238701,-0.00759912432923033,-0.018680613197623756,0.007454834972394234,0.04339871727516184,-0.11137407896080873
rna|FRG2C,0.623595120879042,-1.9505401487589075e-05,-0.001887700205464021,-0.0033518157546032845,0.04211784529968541,0.05349089334228833,0.00429113414657737,0.0011281305964796324,0.07562139484494967,-0.03889474811386161,0.004162092573909672,0.006253324484699089,0.0017836342110087655,0.06850845168846027,0.04186090111778102
rna|CCDC9B,-0.023748362808481138,-0.00010623850540215948,-0.0019483043120366024,0.10619885228159176,0.03383252485254484,0.009532619857614801,0.09020629083291964,0.061733059463569294,0.24276805608864915,0.016241444903032108,0.020823224515669345,0.0016803920971460585,0.006835132192860124,-0.2658534756916065,-0.05016180614595162
rna|CSRNP3,0.16451804133855372,0.00010808333397556899,0.0007329813790203552,-0.007063561317817647,0.23812324886572728,-0.28398055667461797,0.04208101078592593,0.0011498148051010614,-0.09713959906537245,0.0012134843181003175,-0.013399114377158985,0.23030831806310925,-0.005759211401580431,-0.24395223967260699,0.026381960874428526
rna|CNTNAP2,0.2524523318537447,-5.6579463186550816e-05,-0.001478881345158474,0.0028671170707914757,0.08062009033151282,-0.12523039093857907,0.10610285204012351,0.0023645618688637516,-0.1873963830810182,-0.011141481922064739,0.018391447132370325,-0.02127219621954081,-0.024754547550537315,0.08334274793803868,0.17028384842240984
rna|CLIC3,0.08453981965772278,6.029086301950458e-07,0.0018572999061775806,0.23161826934981986,0.3825156323747828,-0.006659005973996348,0.21521336004039932,0.3705060493284055,-0.22484521690147338,-0.030734403858839878,-0.005848479072093003,0.11686419579513087,0.011532742078249515,-0.027613225882537857,-0.056759150717774466
rna|THG1L,-0.13769977416806972,-9.757879010126829e-05,-0.0006322423054282781,-0.11136796191475194,0.4347026541930704,-0.03810186364744703,-0.03958774705291209,-0.005884875576526492,-0.021689087406060552,-0.00402505749015735,-0.0037415780353679713,-0.12741126029047778,-0.024026590148541378,0.21621092992701588,0.04306435217510518
rna|CTRB2,0.33317137271017355,-0.00016914357948195343,-0.0024308494469933344,-0.009923993594619379,0.02362606402223013,0.041287987532274084,-0.1805215760425069,0.009777089517793363,-0.0282835488987632,0.0011077145538009132,0.004399828785457456,-0.036604981344717305,0.0002473525924594564,0.07856069277314168,0.044119007910328176
rna|ASMT,0.25813521704628734,1.3230389920977874e-05,-0.001908038464905436,-0.06600837010964991,0.03837558320265638,0.14674631330474697,-0.04146046916414507,0.0030161238318107313,0.04465641380372971,-0.0014616074081797103,-0.0015525866744006962,-0.007299431999638854,-0.007916081974937313,-0.027178116663178396,0.019044194039405025
rna|ZNF608,-0.21381481988245934,3.4280500431607177e-06,-0.0074895207618012926,-0.024564451512426918,0.25248322511263316,-0.4147218440906686,-0.13505377982837058,-0.0016379423787062646,0.5155782861365757,0.014293420636842573,0.002531716672953687,-0.11245176168539707,-0.028303178557464635,-0.0733618864207774,-0.012280664606956433
rna|EPCAM,-0.04782030305783925,-0.000137828008559827,-0.004590543565459818,-0.11195412670560348,-0.014128366303247892,0.06809194521443122,-0.01989136066375929,0.04729664325155733,0.05365143661757168,-0.009098359205043679,0.02590431213886961,-0.05701386434517683,0.0016354658406485146,-0.16891799646855998,0.06720372023468743
rna|SCARA3,-0.08786408336437067,0.00014310661133407946,0.0017752304611367922,0.006881619108842349,0.15158118669996892,-0.0053648190405682,0.6333217736858032,0.018850211330422417,0.32306360695541186,-0.05481529318992623,-0.002672066125081264,-0.14858990597470667,-0.032887903933048426,-0.02148257677715398,-0.3795836609115593
rna|GPR63,0.31652929365356075,-6.842201455210998e-05,-0.0007817579842757797,-0.024006628973962028,0.008327369579312566,0.03091158249653954,0.046526148311149984,0.000106133918699093,-0.2553867389242972,-0.01976667041885132,0.0011953655182642686,-0.012302836965049802,0.0012432833413924082,-0.05586048547477874,0.028492186306096925
rna|ARL14,-0.020488568853708346,1.8041033618250692e-06,-0.002482987754617129,-0.01685198537147372,0.05746739747512267,-0.31363106649859923,-0.05898702706673709,0.027943415479442322,0.20147286325703273,0.009057439030417398,-0.0008219085966539242,0.00021635752800143446,-0.0007181600145038186,-0.2261348224098134,-0.016517634299199196
rna|NPFFR1,0.28845665883327515,-3.459235993208948e-05,0.0008597325352668355,0.20941813986597121,-0.033497621031577274,0.0373713296843861,-0.007609709989222904,0.0014360258753857013,-0.1259220686771646,0.005268402012292309,0.00811270271961866,0.012613227145693188,-0.007682418905154175,0.4260677079687153,-0.3196577487982411
rna|NCCRP1,-0.010495579597169204,-4.733180824888381e-06,0.0012580645554373254,-0.03793472698104119,0.016394788025251364,-0.028844233563860434,0.2273806538966089,0.7112074388685843,0.1499868904677151,0.0008100938340168002,-0.015421860649088258,-0.07464031693688118,0.029349656314782136,-0.0800950033472694,-0.1637388610196972
rna|KRT72,0.19804365259344858,-9.476043352523327e-05,0.0018363313165722073,0.020471164090509555,0.20486255832237693,-0.05769705086696448,0.3216043483065554,-0.0010947327027621937,-0.14955738579707484,-0.040096824783627624,-0.02274940983367203,-0.20343927332964634,0.006916601494350022,-0.13290258823719928,-0.012740562820734026
rna|ITGB5,-0.0030640829389990453,-8.109592138438548e-05,-0.003176033423316086,0.0020211049536967302,0.5439961267808996,0.004999244929403583,-0.1386876596032411,0.019958887394416557,-0.009021450918624507,-0.011119885323216408,0.0075885487864771044,0.6062136476300293,-0.01331463167081781,-0.2771067457620786,0.006066423933626478
rna|CTAG1B,-0.018507462959297564,-1.7057373502302986e-05,-0.0014807480147842964,0.005107839780906698,-0.03891135447348733,0.0009257078215829187,-0.14342506159619797,-0.013322250897253838,0.005671195082107114,-0.028660625726224284,-0.010167090572311696,0.04464305075229432,-0.02161657531792347,-0.3373015546462741,0.0883295506450333
rna|FCRL2,-0.12273593093643209,-0.0001016253977584636,0.0026811059388053026,-0.18960102684322513,-0.08817585217758664,-0.21857154782198338,0.14307629055219348,0.0004377535220355388,0.19350165007965506,-0.005114061354715624,-0.00352330640675442,-0.2791321494640971,-0.024634165483063207,0.16545316469379914,0.005549511279583351
rna|RNF165,0.25883025175826657,4.713944476628074e-05,-0.000957742185787767,0.09001459463589585,0.20351812640371714,0.10838849016989169,0.46175319607653376,0.031713516602735484,-0.1359300946643836,0.05766099739526245,0.032024980152959855,-0.0007509565230251474,-0.014550245435759815,0.10570527848081904,-0.00738947310049733
rna|HOXA13,0.4886394232244727,-4.5934508239864356e-05,-0.0006431345128174968,-0.03963434669748186,-0.06021723698435124,-0.09702587561588562,-0.11597267526684508,-9.95254984015942e-05,0.07143314606493908,0.01433697425830769,0.011848947856098907,-0.005244671844806589,0.011930112405545062,0.26382804012973216,0.002445527881419864
rna|S100A9,-0.03571369966748106,-3.933593375504016e-06,-0.0038804829742007376,0.19021155642785895,0.02988967118855216,0.49704233679566373,-0.14936578660623107,0.2750239831916195,-0.17092449832951567,0.07379971505415432,0.0009682807267934971,0.2423336495806226,-0.018515586743699446,0.07522772631991247,-0.12021090961449205
rna|THRSP,0.15926904861191582,3.648974447353681e-05,-0.00162035639367507,-0.0004696758361249811,0.1824612653295217,0.06459552770459596,0.09115726107537052,-0.00019845475294640028,-0.14318982501623548,0.008850342720108977,0.06077551052840769,0.059964395921450454,0.0036795933690317744,-0.21093720839298352,0.11870386837448434
rna|RTL4,0.4366986233149578,-3.5579903444367006e-05,-0.0004358615024896757,-0.13153717388481548,0.04128597046162599,0.06473168377681097,-0.011189876896489263,0.0077478384158485595,0.034953822129086674,0.005559327786478495,0.01636627940623706,0.000700095344384422,-0.03537119560424153,0.1857460076261512,0.005239843001756859
rna|TP73,0.1310454346907233,-0.0001399839829687702,-0.0016818406395747824,-0.005243119184308687,-0.02765178854926775,-0.0010926549844661624,-0.10566865541507715,0.0011301726803960002,-0.11805053413117038,-0.006936450525932285,0.002011620474295563,-0.06354438594983622,0.00681257438623998,0.3436602580325091,-0.001415595592577425
rna|GAGE5,0.45621256555118067,8.372376438908139e-06,0.0032455199848126074,0.05504889238383145,0.05505151567970481,0.009814526972975936,0.1432390252792879,-0.006687747715544213,0.2065248479822,-0.04089486752964429,-0.014229995471378775,0.022543211100319042,-0.011546832711854095,-0.3566761574550232,0.012629659732854358
rna|SLAMF1,-0.127770882999732,-4.0796331585025124e-05,-0.0018863732397545057,0.34337627907658785,0.3177926805864327,-0.30741338483689484,-0.016799343687034483,-0.000248565803991652,-0.00033172704692198564,-0.04311382648865121,0.002902016579961444,0.009758782335706512,0.012344755237528073,0.22056761484385343,-0.034328510309117315
rna|NAT16,0.5833741131002451,6.342838906487601e-05,0.0058047911906391175,-0.010344772726826218,0.09468640251643706,-0.004224280060006857,-0.0344195605804763,0.00013661738016272209,0.014846825395595318,-0.002321196630202159,0.0022085316893450052,0.01102506876711273,0.01834381624216974,-0.0769369694613732,0.08019097860208316
rna|ASIC2,0.5617260819764635,5.377047252501882e-05,0.00656760217276221,0.0037312803281103137,0.08200789230575425,-0.005325903405349917,-0.05281913245340017,0.0090661583090554,0.00446926520143933,0.05051942973861004,-0.001740002500930243,-0.04348736277508236,-0.012072783326476728,-0.0076059617291198926,-0.004652235050593418
rna|FAM241B,0.07314317575533012,-9.943825198389085e-06,-0.002708755776975063,0.25141777337267335,0.604180306265897,0.04335347570116009,0.16973495233652824,-0.0007629287877467282,-0.15179966621296634,-0.007458602791065919,-0.0010315598217726046,-0.13266515911376847,0.0023211223765796417,0.03961224972512326,0.00014428948347283758
rna|HBB,-0.05883480135371743,0.00031577022260618256,-0.00028329250682067574,-0.12579340241398929,0.2014259057343849,0.15812243182452188,0.2567763917397389,-0.0011623639035384418,0.22207642677133949,0.10951911690260299,0.0020579846108985883,0.18993062926406756,0.04440513524994048,-0.2009334737785854,0.022360470964711696
rna|PCDHGB5,-0.11321355394184708,-9.173647857510583e-05,0.0005441890242063238,0.0014766248114772194,-0.19344300960036448,-0.6199220511801025,-0.022469501138840164,0.00010133590208355047,0.18509912308780802,0.013174427743665219,0.021062389608990956,0.12422135624179674,0.01225220790623998,0.28909114517035484,-0.09734911323702293
rna|KCNC2,0.6283670721609678,-8.370408013760644e-06,0.003455650698485456,0.0040402536635435835,-0.013777420489708177,-0.00435861777944924,0.008164885055409684,-0.00015102226062062947,0.011898346759318223,-0.015212887904497407,-0.009469933179790327,-0.054314107304246136,-0.000821852438111827,-0.22449216130829572,-0.0031005648589419233
rna|KLRB1,-0.09946454188500975,-0.00010794817773701775,-0.000804965770394719,0.17290639144647246,0.3248336295844532,-0.004399318617448108,0.4389014446446925,-0.0002210007884946824,-0.005916263933897058,-0.012997394479560302,0.0005689041480460882,-0.013182095761199698,-0.004201137449337136,-0.03776388555841565,-0.11160666243249141
rna|PAX8-AS1,0.07499309497722262,-4.93408658271448e-05,0.0009827260466471319,-0.00937536038689333,0.24344912211134792,-0.01445757764918789,0.0056823851811660464,0.003109201525936796,-0.15187620397631868,0.0753808356431867,-0.10928198709824605,-0.008829837682389085,-0.004960094953877106,0.15751262639906777,-0.012173532009062762
rna|CGNL1,-0.02180448597212747,5.4039301563588095e-05,0.001272595370904471,0.0026971263331998126,0.5060712935219166,-0.24039833052935594,0.20793207410734346,0.01504946278249658,0.007476123264738917,0.002296582269186701,0.02768929962857727,0.23220388215770835,-0.009484654855986631,-0.2693330986276954,-0.261729902846642
rna|LILRA3,0.08719157982252272,1.841145235080542e-05,-0.0021269741051081707,0.05802482163752925,0.017336309194356032,0.5073629865614098,-0.04492353320414438,-0.00017983451350641575,-0.040477870258200765,0.01998233187710524,-0.002797395065734891,0.030116453001122902,-0.04409927129957912,-0.008726707634692302,0.039604725261823376
rna|GUCY1B2,0.22644046563922612,8.002721252114421e-05,-0.001453174536725113,0.060780086202435454,0.32438235566333523,0.024094528218927175,-0.19641062665550785,0.00032527127209989483,-0.03742912324245483,0.00831242675450995,-0.003915608764553449,0.10607939128522956,-0.004614977774058011,0.16169824338383537,-0.06592278672190545
rna|PI3,0.08434255906033247,0.00019585440390607718,-0.002757477214688348,0.04029381685839823,-0.015919220824348827,0.00881012265181337,0.061443812636312975,0.6523526204914311,-0.01881149492089246,0.18774357664700128,0.0026827934211427376,0.0010059479040704412,-0.02016235276878985,-0.1490417555062827,-0.16156544556993002
rna|TMEM139,0.5373335043497269,-0.00013889872987104477,0.004056442226805264,0.06345468622764891,-0.02101831907333373,-0.0029097207762150924,-0.012567174865228155,0.0016078345729328895,0.06518541511850076,0.009130113040583528,0.042522802947660046,-0.02679818092741536,-0.05850822049998994,0.00828301709175202,0.00844019255293067
rna|HLA-DQB2,-0.014948811731562319,-0.00015153105072914302,0.0002685299036886219,0.23595175245964903,0.1542186257860827,-0.27489728043122763,-0.00980452380655721,0.11499551966207744,0.13973315769468747,-0.08710362089007508,9.461255746968613e-05,-0.05057303265595177,0.020585197190729824,0.003024447119063253,-0.039714797380436415
rna|GPR142,0.5615082490288007,-4.999801262642823e-05,0.0010663314752888996,0.04953078315289942,-0.15698262825150636,-0.005135493300199919,0.10554866945892259,0.0006523143321025339,-0.007186010897255575,0.0034634904833405907,-0.019889812163001477,-0.09820082338638414,0.03328964027661865,0.007764939142043269,-0.002829224988100949
rna|OR4D6,0.6114770979589071,-7.928654100719503e-05,0.003732688079841729,0.008091051823043958,-0.08756528879767214,-0.02542436025472803,-0.0037632562797652665,0.0001662111374587063,0.06325260665687489,-0.0022420786625001626,-0.0007425003592346857,0.0026303141750200335,0.022087940012858694,0.044361399211086394,0.030238420321205363
rna|OR1L4,0.5781807138002086,-3.673854963211812e-05,0.0032450610616757544,-0.013967050820608666,0.13163167361216685,-0.012988177319489888,-0.006373204953544268,0.00028423753044672236,0.0007538816624658601,0.010442604986095035,-0.0009711045963073976,-0.007800724689456136,0.011859541618434352,-0.02085301581777635,0.008151155020952426
rna|UPB1,0.19155537618861282,-0.0001223174426201999,0.006967633078606706,0.16214509871265156,0.43927793542193455,-0.03422213381458574,0.08610378606064856,0.05372093222567315,-0.06754928505654309,0.1258916084714998,0.1690780003768457,-0.0018778134543957444,0.010991501944968637,0.14834736782390687,0.0015380984532692107
rna|RSPH14,0.054510387060056245,-9.076954780857695e-05,-0.0020340985923631644,-0.27712088750117714,0.20750822300626667,0.10237015625293591,-0.027983873100026306,0.0018581248733480678,-0.0014737103055792356,-0.03671156040865279,0.003027490907800658,-0.1300530476401825,-0.035134157355619124,0.16678557090077786,-0.012447450738135142
rna|NEFL,0.5627526288168384,-0.00025652436086397,0.0020884602003828977,0.014112563866666388,-0.03257154149998299,0.0004338525912668738,0.06473584364930292,0.03703412142966659,-0.08246856276748682,0.00043919229947842424,-0.002024941207838658,-0.001507709669506356,0.0034602219332832314,0.03446738167260552,-0.024525665637610373
rna|FXYD7,0.1660504804144801,-3.766955096964774e-06,-0.002916643678977495,0.0005161966182837871,-0.17450486751789823,-0.0011380125036573071,0.32455127155780483,-0.0006173179665946567,0.000945107753583913,0.019526774415160476,-0.006643126489142464,-0.005742555564370353,0.004767676869692627,0.2638545136094335,-0.018694740031464544
rna|FIGN,0.39035313424235635,8.077589737147433e-06,-0.004444719134909763,-0.013055753683525746,-0.019001074454481418,-0.003357483774224672,0.2591857730661174,-0.08594460142218568,-0.14489756587185917,0.009008307164564227,0.0016263303435845463,0.21228325263333395,-0.0017930940468549198,0.10254525601814037,0.003633456096533564
rna|ADRA1B,0.05542572144994685,1.6997806386896723e-05,-0.0018533937347631286,-0.06760321852429875,0.07763510508575114,-0.0006429593709099547,0.5242302863889934,-0.1624767076170344,0.035033258334865106,0.07325491248364666,0.11559446297481057,-0.20647846975173348,-0.017143511419176527,-0.25737124709759396,-0.27783335194297626
rna|MRC1,-0.16910990247058535,-3.056273627255468e-05,-0.0018388517547116682,0.19119602414362472,-0.053784451721014384,0.2870574487364315,0.1618611354507556,-0.007181429499938399,0.08715030959080651,-0.007528280350598353,-0.0020085963160575305,0.2940344226708737,-0.006767130376705962,-0.12089937113006485,0.17429769317842675
rna|RBFOX3,0.4690616489245261,-5.7146993793107605e-05,-0.00187151433640529,0.001966250492791786,0.15756237035645274,-0.026223263407932833,-0.02265749300163487,0.0009540923343181701,-0.09179253827221838,-0.0023713686452208967,-0.0014181916792164137,-0.037647756318331324,0.004333557125125204,-0.0280963253718543,0.013289505986945753
rna|BHLHA15,0.26828079091051654,-7.1730909747689e-05,0.0036488830424510404,-0.10640318918799989,-0.08167770490179564,0.23697687557355715,0.12348609276951444,0.0005437534721555449,-0.19463668960882333,0.015567861465033151,0.023858357021691867,0.01184623102897126,-0.017173940643087453,0.0985566439681086,0.00027771733102436143
rna|PDXDC2P-NPIPB14P,-0.20192588067058176,-0.0001710726341786383,-0.0003825007111944597,0.03543766287236248,0.1485488874892894,0.011172848212260687,0.009568727648929761,2.600464310751115e-05,0.12897411873104483,-0.019525543669499323,-0.00413686143697844,-0.09010098566751623,-0.020973045087053017,-0.4596410178313216,-0.0009330828513205514
rna|DAZ2,0.4320353142635307,9.179259333523753e-05,0.002268592968055323,0.020194655789885073,-0.08928841629885557,0.015097624646946535,-0.0074721294570228095,-0.0008519742235849749,-0.027653975503545373,0.0036189316151619983,0.00019765730909718636,0.0066154296867808205,0.022834866159033015,-0.26692167767577324,0.10987551411605119
rna|INPP5J,0.12719672247699498,-5.376028135195377e-05,0.002380990102051563,-0.013728917701919266,0.10637533218445677,-0.07480677934423872,-0.16395242409793023,3.6131748890086625e-05,0.01121090075467226,-0.031141399496885748,-0.02160646774914634,-0.006998909536397276,-0.034051726920829826,-0.2336851322309409,-0.005152155872308085
rna|OR4F4,0.6158754901763941,3.8872661756564765e-05,-0.0008675716719169886,-0.07803076604429017,-0.008674955187096042,-0.00011377113683146678,-0.026876761551208043,-0.0020928069188581875,-0.0025127849014820805,-0.007177685969568257,-0.005240697578871035,-0.09780577246219857,-0.01567267217782681,-0.19442542421455278,-0.008244296911248393
rna|CXCL17,0.10917691606713739,9.847896759413927e-05,0.0017929894525978308,-0.08869708591797201,-0.03609964720569646,0.031494483085273674,-0.00017695294468784149,0.7279050910595553,0.0072952538907699845,0.014301047973483482,0.006107002212708881,0.024563284006041478,-0.012547862093004094,-0.08985721732055817,-0.0021340647550507352
rna|LIN28A,0.5968321092753441,-0.00011837278002216758,0.0011149184794820867,-0.11992536128778941,0.07841449448177278,0.016202896605164083,-0.000682294099280323,-0.006711659935564295,0.04332028995810487,-0.006381188149283673,-0.001256888162762498,-0.006011448042573939,-0.008241638423881368,-0.041361516982226336,0.000505622743720813
rna|DAD1P1,-0.12421372796091995,-1.9394775328336968e-05,-0.0010379786399886965,-0.04728575811416524,0.3616788034172803,0.01757411386769055,-0.2773706442115792,-0.010897483091821841,-0.0320743262253628,0.0061117035975229925,0.0010714935880942644,0.021526117728431594,0.01102428498838894,0.18947186794568677,-0.19816439199215763
rna|COL9A2,0.009616114277070043,-9.606916288494626e-05,-0.0003477259004879317,0.01833985040105569,0.4031250524791124,-0.018650092499483257,-0.1683629112588063,0.007733429197028975,-0.1542890458370781,0.06825554356202104,-0.05614532620742947,-0.2715801668655561,0.004060559396692742,0.07224551581776029,-0.00857927271767071
rna|PAMR1,0.1226018341500917,-1.8023623892877397e-05,-0.0075656507558704835,-0.1356976504966987,0.4577984928131839,0.0052868004898226195,0.11973664359426237,0.16268730537559528,-0.16965378048032487,0.017637377331924737,0.0014485349713216716,0.3741185121304829,0.0016884769451902056,-0.019931212343308226,-0.0050388081544267575
rna|TFF3,0.001554600736586545,-8.693930058231489e-05,-0.0008893335899711742,0.024135169376641116,-0.1255307310098561,0.004254922478877013,0.5388368090077298,0.13572486557370708,0.030222576598446255,-0.05263288708605279,0.006389007002300618,-0.0667416931981944,-0.03608369265842215,-0.47800636110233513,0.007944849684643164
rna|RPS6KA6,0.2848066816137867,-6.961648848896113e-05,-0.0007851821799804063,0.06524149757252741,0.006614165394104487,-0.019449399856893985,0.038526982533870324,0.0005579044892416265,-0.014336187885703266,-0.07602704802365409,0.0028151777144358042,-0.010162418656276182,0.028585543606542002,0.09830047240845363,-0.01648286289004771
rna|APOC2,-0.0016496644036493684,-1.9670630915531346e-05,-0.0005638367558587739,0.1349564984371731,0.4600163154968135,0.01124123022917383,-0.163381277267594,-0.008080326550491273,0.19627492257116577,-0.05273242513081788,0.14502234032711844,0.02918075773299605,0.0022230953794324486,-0.0855446218222901,-0.23215352790234833
rna|MGST1,0.13683862947699427,-1.4416182112541405e-05,0.0006196937243394796,-0.011204781090657137,-0.261588784013776,0.19818545335515758,-0.07509777711378529,0.010574513055900675,0.0013627913530186865,0.065479767136154,0.17483129352399998,0.3226046649658513,-0.02049603770747337,-0.09580673732313211,0.052364149387845685
rna|NLGN4Y,-0.05966081821158672,3.0478877240434352e-05,0.0010369462423308242,0.04960997670634094,0.2168632403928548,-0.0013772286983360508,-0.025480019122933493,0.0021797747886024206,0.08511824930010366,0.01077866970634639,-0.013923756406292651,0.004295436971492243,-0.0014936696176093185,-0.1563810877635402,-0.01226062082266137
rna|OR52N4,0.2136924814240502,-0.00016620962350692912,-0.0027596369842649883,0.21058128688603822,0.16823490823733414,0.00790684796447032,0.1787586707581813,0.0011508485903092712,-0.10363976012018605,0.06284145085243463,0.0016547505385390384,-0.031080446331441847,-0.005515598696492073,0.31939753350489025,0.13781000625607187
rna|FUT8-AS1,0.03601074047708504,-0.00013413403357152937,0.0007427185071995733,-0.23908023936975162,0.3180054194878869,0.2585741560250499,0.20404931461758466,0.12621745198495293,0.0034196806651180175,0.07360177025512094,-0.007829596399773153,-0.004605378006669662,0.015195179311844883,0.38766601417057633,-0.1234637569752336
rna|CLRN1-AS1,0.6208789537265719,-7.411996613487195e-05,-0.0007101851979049445,-0.0017315483672247828,-0.03927472023118223,0.006669540420714887,-0.008056306633519738,-0.0013675470241045118,0.09390301180139686,-0.011289642159264979,0.011013258586596493,-0.0044499144699569676,-0.022659430808750373,-0.06315198077162064,0.012963601394727782
rna|PCAT18,0.5599173842073094,-0.00013949098858429644,-0.0037114652791452587,-0.011363506280655402,0.06770542582139259,0.0017894560047902307,0.0027245313492440188,0.02095038219773555,-0.026474623267034876,-0.010177915805370238,0.02953041423760295,-0.012183882110780605,0.0063494946528580825,-0.09540702296382945,0.016747933485997405
rna|USP2,-0.03278946387540284,0.00010793358659079402,-0.001850685973164503,0.12269559224669069,-0.038193836110696024,-0.1847775640757281,-0.35046557004363327,0.0013326082657783356,-0.11984558691158959,-0.02523275810499961,0.007074273866911416,0.13445434022869474,-0.013430370486881237,-0.015101538898955904,0.2202984663716706
rna|B3GNT7,0.1799241069487236,-0.00036982119302517223,-0.0015013528440387632,-0.039161776802970505,-0.18133530660488034,-0.00200219352261158,-0.009028511000952385,0.000697984117168509,-0.35373721321448354,0.017408933547459534,-0.011112422087237245,0.01988144946170726,-0.03241095440726469,0.2658834670257407,0.0014237202828718998
rna|ULBP2,0.5278555811058225,-6.00354818608622e-05,0.0028004505006276456,-0.0010231598564806588,0.007154239721806561,-0.010074112243310928,-0.057155906334215946,0.16024092509836615,-0.07668570934181002,-0.012262137733857125,0.003961511584812914,0.0012611779135545823,0.01915006360757683,0.03788430144279529,-0.028235773972735613
rna|PRPH,0.11097334336838374,-4.497017555347333e-06,-0.0017070793495937828,0.0023010095726474097,0.31832748344416,0.044112388899280375,0.30380066148319834,0.0011561020222568053,-0.12574209081507842,-0.0473373993799492,0.001790054310511645,0.05181117222590038,-0.02147311281178198,0.0037240695908698322,0.0008458643999964938
rna|H2AC1,0.5875029261462154,-0.00023953867868190394,-0.0017568192216151422,-0.000801109972531606,0.06172299761172969,-0.0034451266693640075,-0.00984118831963752,-0.00015107095559158804,0.0032695180085369575,-0.04717154802941856,0.0018296699855762284,-0.02325303258425562,0.023682560866628722,-0.03913370546923367,-0.016632979414504385
rna|GSTM5,0.37737386275882195,4.456955116605335e-05,-0.0022048543829952965,-0.007532776796927307,0.2948536474197743,-0.02565147978611537,0.22408645028109256,5.187584239223335e-05,-0.16647460226048813,0.03919980091497296,-0.02601255511440325,0.07248557634438366,-0.007946496300933463,-0.03305290630457957,0.0006662970998713223
rna|SGCA,0.28916760995761115,-0.00010319311733144058,0.0003533018023896644,0.018062777528473694,0.21564614204248775,-0.18975555028907096,0.027306375526799917,0.017904086679907526,-0.129926942875889,0.04400702455618403,0.009699438874902704,-0.08126127368709343,-0.027800113255494,-0.02366315630828493,0.003519924305822025
rna|CDH15,0.039696186717611194,2.164202540243609e-05,-0.0002817181253101576,-0.059191467744824734,0.2383618126379941,0.2071216968032872,0.021933476766674814,0.0004542065543904564,-0.1758421573400976,-0.005914806499816151,0.006155545030086504,0.33479804725161494,0.03753041012054007,-0.24576257354279465,-0.05086487374872829
rna|GNG7,0.23724242546117766,3.1401486131566323e-05,-0.0034947472055078034,0.016459956631372855,0.02438701196526419,-0.04761361395568724,0.4316254841229473,-0.07165443398337354,0.012675913980291569,0.01317151071523313,-0.10301858044284153,-0.030688160459083486,-0.017974766993325415,-0.03183595514331715,0.1525369267438215
rna|MDGA1,0.19017887720930904,6.746522705248608e-05,0.0013284028416693438,0.14901068579359852,-0.14758932885825102,0.016506865273465062,0.2541545884892432,-0.0008957285475011859,-0.019911623564028248,-0.023605163829116305,-0.0022528316337516847,0.08232981552805305,0.017369493270215995,0.028582744521960184,-0.03873572785981215
rna|P2RX2,0.12282470990401385,4.901915200672723e-06,-0.001113954737969613,0.016271528052330675,-0.06235261082681351,-0.010730946984477754,0.5190679961323139,0.00014263720375519182,0.18199721249024664,-0.0031635051322031742,0.004985133228157811,-0.28584601487005146,0.010430788261915775,-0.07768093788081828,-0.3212240011905778
rna|TNFSF11,-0.03342312898330478,-2.2986240741436998e-06,-0.0013760522642771358,0.02493623920766568,-0.1420701328803416,0.112392783144527,0.452119719470404,-0.14691024233950473,-0.06686958145877998,-0.0124331440230542,-0.011372943995625932,-0.20451201274289785,0.0576770824247811,0.3083670501499419,-0.001622825624899125
rna|DSCR10,0.6055661382765914,-0.0004763125317980956,-0.0012231648167945442,-0.03515227545349821,-0.14212871872113875,0.017549258981545947,0.000825484227059977,-0.000537230352256969,0.008399940553793393,0.0001476209341336804,-0.0036704558441580173,-0.0002779150074523118,0.03546080905063056,0.1297462326267541,0.04420516309366055
rna|RASL11A,0.0346522446249811,-6.362869922075487e-05,-0.0030865039877905724,0.08032364144260988,-0.08906382099713422,-0.5455976259057288,-0.002340847910160711,-0.0015879847115106923,-0.2053218145555129,-0.03439776899991297,-3.852910953730013e-06,0.20320480451518383,-0.00739227424803997,-0.031061497647280584,-0.08846141848759527
rna|RSPH1,0.030643769702163207,-4.632215775344432e-05,-0.0002309870885877618,-0.13719140710193214,-0.15134933764295666,-0.11295424227527905,-0.027472328111015836,0.0010466209726338253,-0.1657774608016436,0.015949309820208302,-0.002715431657606292,-0.009610769792421871,-0.044559812521217226,-0.01642221331190507,-0.0014075895528305453
rna|CAPN9,0.6167347595143259,-8.518023469532235e-06,-0.008648533626689877,0.011331236508686412,0.008652223231980366,-0.0035586921323991125,0.0019472461383500377,0.011072759305215903,-0.026444272243003712,0.0015105190634016662,-0.0022082970481918855,0.0134684707335651,-0.04061523451536419,0.16360651298877554,-0.005134165830850832
rna|TRIM36,0.0324320574101843,-0.00011073372485826815,0.0023194320982645863,-0.06781256217317261,0.2507792802524153,0.0590527557713111,-0.17048646924619518,-0.00032158052303771505,-0.012452979784752577,0.031081507810744775,0.011713478716073545,-0.055282380071528164,-0.007282519556288222,0.16914024352471743,0.0239898819714772
rna|CTLA4,-0.15904237397513504,-3.6613652032410835e-05,0.0072487972977785375,0.32116814205975736,0.476332708794416,-0.02137865840162009,0.3051170008657805,0.0016693890772936598,0.13320275223689287,-0.014285335451272342,-0.0014735204560786831,-0.001992461507674214,0.021120530977984633,0.15606915758912793,-0.008481865132584634
rna|ERC2-IT1,0.2111415288702903,0.0001201924125880475,-0.0012655636337049346,-0.0037128384685094573,0.16262454918492925,-0.05835019130769005,-0.0272529684404081,-0.0021220921428457503,-0.08258997718563786,0.055597233466522136,-0.044258867607790256,0.028009904400840953,-0.05778990405708616,0.03167766831843316,0.10745065012688881
rna|CPT1C,0.0701664365731719,1.3259487431555525e-05,0.004324453731390474,-0.03897458291299763,0.6249604545993004,-0.0013255884832642935,0.01194155024798866,-0.004531826304027996,-0.2296503573669883,0.01793817963302572,-0.029143426071893037,0.041554537714794226,-0.03632695094791993,-0.38463151247633387,-0.11588091310525864
rna|PI16,-0.004119644904920201,3.265612752222083e-05,0.0025231263048879596,-0.01054847922823573,0.20898082977218327,-0.1187595394460343,0.25600814084685164,0.10093615001494227,-0.21814373368847512,-0.015403501519564189,-0.06047374402192524,0.04017847200503918,-0.04434306402731582,-0.30277744934254636,0.11238823899956119
rna|PAX9,0.08414769493201864,-7.522997128117422e-05,-0.0008091021255141867,-0.022293958292967538,-0.10869884532244962,0.12168030326144869,-0.03972574035786477,0.3255519721665276,-0.07282419806472991,0.021036334906654127,-0.01072784842312714,-0.06730834235050635,-0.027176573534231627,0.06109111920041658,0.10173639051649026
rna|CD24,-0.08227565781979866,1.6932946112766012e-05,0.0038199450574550762,-0.17506417363623208,0.07175790288410622,-0.10634415662320126,0.3228900853053452,0.19267546920050804,-0.01566678918373263,0.009385592060606428,0.0005167322820399575,-0.2768609575511843,0.03681083939649494,0.3339224049888364,-0.04029428862478892
rna|OR4F29,0.5795613110710014,-0.00025002862795528365,0.0009156979359813654,-0.027560476866651126,0.16630696596251518,-0.025204718010988503,-0.007950412634938325,-0.00018433072576541732,-0.027576401465738736,0.00795010505372913,9.327563843180367e-05,-0.022023425081301198,0.028052327627849656,-0.061683933156724165,0.009333238243862526
rna|FAM90A1,0.5422945030365232,1.894186371382289e-05,0.0010932942354303613,-0.011845984005401131,0.03953276119839462,0.029642830796215283,-0.027447539052000054,-0.0038555099691994386,-0.012625934075789928,-0.06428893312710351,0.018286726813504444,0.007140257421399216,-0.01171133681639198,-0.07668598112420934,-0.008461994671436157
rna|ADRA2A,-0.07398681269874802,2.0803665767151225e-05,0.0023631033607012623,-0.0015641178435597382,-0.1589652291234444,-0.05128626231729376,0.4544689467091222,0.02167192817082647,-0.2918500234497413,-0.03227238456084319,-0.009846130078216933,0.1796132037689858,-0.02279188108502175,-0.005294914368067832,-0.3215421945353371
rna|KRT73,0.1218243542100695,-0.00020718755170115124,0.000710773995757377,0.02961743606935623,0.16135277468336612,-0.004746627714680762,0.4657702609092429,0.06737459632922954,-0.011723465599707909,-0.03208812404748175,-0.06289885427389659,-0.14890931644175123,0.009445039806796458,0.05274495433626531,-0.11615329934476315
rna|FAIM2,0.17309452023711425,-3.464750112637514e-05,0.0016138904499073074,0.27097379755023865,0.29450828361391385,0.060016042320351556,0.15477393151437974,0.003950097663648692,-0.16851640614701072,0.02097271848861828,-0.006456518375891121,-0.002970108927966117,0.016682768972351932,0.065745070904212,-0.04491014091411316
rna|LINC01854,0.5978243495774258,1.469299518051326e-07,0.00210218848124644,0.0014465201360705144,-0.0992601022584906,-0.011005048205946751,-0.00026137967587352734,-0.0012545622421860792,0.07411632674824052,0.00873286138057308,-0.0017635450173168258,0.003275266977336707,0.00806561254646173,0.15843163476654046,-0.005819528123857048
rna|FGD6,-0.25755177755944797,8.699853861525482e-05,-0.0007299429629284836,0.07014178469800135,0.07790081869530707,-0.17512015537102368,-0.2250793439962865,-0.0016185626815712756,0.06320676903275622,-0.010687924887772211,-0.009102733497728015,0.17756770944584319,0.0004438312860046619,0.5330472715882264,0.032358563905279324
rna|SLC7A11,-0.004423368018572904,-2.9123891376321544e-06,-0.0025041432964583426,-0.029517135971462948,0.13626850973635313,0.01577904795644097,-0.2577269824258651,0.12703808334386332,-0.12118031653418453,0.04571619968040722,0.0018437691004945288,0.219625389417793,0.02335755686942446,0.18461227369597874,-0.35118724145102836
rna|NLRP6,0.15747848443016804,-0.0001646685488402594,0.0028258263759550276,0.1974085822633132,0.03044103291661751,0.12867757585180292,0.13489981030028145,-0.0008961070930169638,-0.4657793282667815,0.010877617156021027,0.0063442268018343365,-0.1644184602802065,0.02279923183769372,-0.07545313791254923,0.010671989552683737
rna|H19,-0.002909503841686005,3.586372988386561e-05,0.0036475925317741424,-0.142931134170963,-0.04983363647060808,-0.013243505584578583,0.07921930666644829,0.00039936678691953996,-0.27828075243956707,-0.005741870418561859,-0.0009658428442785096,0.49437828880160806,-0.02738233590402206,-0.11762490954101115,0.08120239070499106
rna|LINC02203,0.5774533492626603,0.0001349061199208177,-0.0011017713609106172,-0.0058150370610794136,0.005878185368691915,0.0016064598370961788,-0.10545921078581877,1.3650693981477356e-05,-0.007221340912757633,0.02941525542751242,-0.0006983429767779281,-0.05791939132022998,-0.019021223334408296,-0.135919125108458,-0.006924384289550399
rna|SPIB,0.025601486037196246,-1.2510298445959048e-05,0.0012738078588683552,-0.28692202977903275,0.034868761716074795,-0.005565105772548625,0.002708883005976945,0.0014083191238937625,0.15112243959795305,-0.060273911370241524,-0.0399235726728454,-0.2505351636115411,-0.041570601747058074,0.1504528263310477,-0.19646168009759518
rna|OR4F21,0.6027740926862344,-6.802389251308691e-05,0.0011460567703927263,0.004253335869389684,-0.038166935266242326,-0.015504136437096859,0.003072306650929345,-0.0038361806249321995,0.05655855937286264,0.010142768589758757,0.0005113665269339994,-0.008868191456486115,-0.0010602222674712506,-0.03805762378109394,0.0003155377723389896
rna|XAGE1B,0.6162724294842986,-5.241290981039268e-05,-0.0061599699381743355,-0.03432660541280979,-0.010366857024083314,0.008180483681716998,0.013393654762195287,0.0003704296743051888,-0.011777825507498573,-0.1328892117842513,0.001182321422998264,0.002461752246988895,0.04494349259467891,-0.05226876138658917,0.0030777702159764816
rna|STXBP6,0.09955005636129201,8.501998968273537e-05,0.0028765729289790855,-0.025995685905209086,-0.16432240158437014,-0.19930178773991641,0.0017900325035741576,0.00139431925260671,0.13128031324739178,-0.02249605745450044,-0.01099561511212934,0.181321319646832,-0.017190010412556002,-0.32443245576850965,0.002833402061423829
rna|CYP27B1,-0.013403732460704405,0.0001928765560169496,-0.0001865776965225294,0.014716962564459226,0.23079130811933252,0.2070401351507425,-0.23738980526754247,0.00014211740379513487,0.04825119964611486,-0.006208474960119163,0.002359381717636032,0.006725498114066304,0.0053484690053982814,0.012272055066123845,-0.49122167603194666
rna|LHX3,0.1425246195086952,2.171549579726115e-06,0.0005609712602951399,0.020058100800309443,-0.013977169672525202,-0.28134767811404005,-0.10754518982340898,-0.0009926988681794563,0.10540044250379335,0.025685918426867276,0.0012441198685545557,-0.10302526442665844,0.0211133505935591,-0.1013029897610254,0.15010474638287885
rna|OTOF,0.004328696304689449,-0.00010505895836317832,-0.0014546980624756437,0.29585683382248973,0.18290444614227075,0.17050849651109756,0.022674109400536026,-0.005047548022467546,-0.18619577077746544,-0.047428258171232994,-0.025147975797816514,0.026637328829759697,0.016323825275998363,-0.00987491383036651,0.0026125763935102276
rna|JCHAIN,-0.06581436746043005,0.0003769335669928824,-0.0018088372037310617,-0.017473082572814075,0.05501878262055091,-0.002359849660862289,0.30602371200253115,0.0049065162028429634,0.16596905276609628,-0.024905129451255833,-0.007628875923547895,-0.007396315827135047,-0.018029263687827896,-0.011951862201277913,0.21469009252246693
rna|COL11A1,-0.07255771316614977,7.166850411973372e-05,0.000708551582560652,0.002578966533415286,0.07100691762751117,-0.22749986256570218,-0.3221691249767808,-0.12855140826443115,-0.007584574751139684,0.009641613080726504,-0.06882190662367912,0.5954662841277029,-0.011627530217041491,-0.30645754316860957,-0.11368356907761297
rna|SFTPB,0.35492151219487567,-3.681977435010163e-05,0.0016724649829014803,-0.07055185680603075,-0.0008163066698241917,0.16533906671411783,-0.07614718305218772,0.0023391100736967012,-0.007325908418139355,-0.015438161571002803,-0.0009949763743657704,-0.0955194532014064,-0.024006342399545227,0.06225553007705796,0.22045918910371382
rna|SIX3,0.47192093534373925,3.6205495875398126e-05,0.002341414179115054,0.12404502116072796,-0.08704604898752699,-0.0511086440358027,-0.008539664454288455,0.0005295054538851914,0.16143415963413457,0.02445634471283865,-0.003485827662747792,-0.006283388513347971,0.0031329586515307394,-0.19666475608892886,0.03180161675773517
rna|PPP6R2,-0.037760780472409335,0.00010471311749756808,0.001501985336572689,-0.015782104754833808,-0.15631518603040417,0.00243028836747713,-0.10260746435281705,0.010358798829889687,-0.5040209716829057,-0.04156092550299271,0.00044987537810307107,0.014266212336948638,-0.003011807062575455,0.23603835281425747,0.004807022214305787
rna|SLC24A2,0.5920639562692637,-3.0222164494090524e-06,0.004081486141520235,0.0032342040515393636,-0.034272829008703,-0.004220165776793204,-0.002156622025937211,-0.0009410220748703475,-0.005832492197153105,0.030422261741097616,-0.03504223619655957,-0.0657664281098475,-0.005503160368490357,0.0068556437879758415,-0.0010033851895664813
rna|PCDHGA2,0.32578569006674957,-0.000210162278932148,-0.004415820175910566,-0.006389577718441963,0.1607313844818132,-0.3050423235100496,-0.027913919537108117,-0.0021096221746123244,-0.21029474690683048,0.08623759424287651,-0.009093121135344329,0.006577863901035769,-0.02241396055242917,0.22091179349748832,0.0007931788237975024
rna|MGC70870,0.18741081684069377,1.644654276135662e-05,-0.0021338978006686603,0.0028566102350177486,-0.016511986679165522,-0.12661355384339987,-0.08336127039572085,0.0021927528512257887,-0.0562640263488093,-0.01566256545192058,-0.00637645559783872,0.003343734842061629,-0.007515601350564996,-0.09971238163730087,-0.01683003743029202
rna|VWA7,0.42646058818393157,2.736752786349217e-05,0.001822119466853656,-0.00869258789425535,-0.08056602194988462,0.03886867998461671,-0.044767869984563155,-0.0008519644432590034,-0.2123004535490205,-0.009977228151440575,0.00954308256311574,0.002515286192243171,0.00011338767664289885,0.15185717576302143,0.09754293887303721
rna|SLC25A27,-0.010879579578208039,0.00017248591674678252,0.0014326361885686838,-0.0022109445724673416,-0.11426233152198062,-0.32578194438178715,-0.027916474121758572,0.001232386009494976,-0.04105686625022158,-0.024971548811676306,0.019886083473736674,0.13918376088292753,-0.007369563501037104,-0.11059559426171485,0.13020030209138372
rna|OR5B21,0.1594399731356962,0.00014645518110038255,-0.0008535108050693954,-0.0060928666305253435,-0.2285671555018263,0.03673601112588447,0.1457574643265787,-0.007551488301339779,-0.008401413593410127,0.0114883905107788,-0.004606621968372847,0.1085062532403662,0.046835734808531836,0.7510546422739282,-0.0986269335094675
rna|ITLN2,0.5656092454242841,4.0535266181662965e-05,0.004025664491167504,0.010290951978816597,-0.030272250850306763,-0.008015428370494718,0.0524788632939408,-0.00708999447786308,0.14328943205529518,0.06775840904031767,-0.00029279334351539334,0.05135917744154283,0.019807859659583173,-0.11116570175162645,-0.018803163996003312
rna|ZSCAN10,0.3075442271142152,6.533370566313851e-05,-0.00059791500297262,0.03557716799574512,0.14599331863668707,0.13054206672214708,0.03014708192367257,0.0007272700387957845,-0.18782750196278683,0.00860289385343035,-0.00786847561504589,-0.024737221235969803,0.020805551750460848,0.0050063557098336785,0.0607842956411496
rna|COLEC10,0.5445418230979197,5.9324448593526966e-05,0.002631067347542706,0.012358318344498033,-0.11670165195634599,-0.011449596528353692,0.009706879073144213,-0.0035312031605801253,0.019949168455966098,0.02489756337763333,0.16452662021993958,-0.0023112884519957628,-0.015429518177225128,-0.10315113351130245,-0.015820369857781742
rna|CT47A6,0.6307746648752769,2.0395514839620192e-05,0.0006745664656552654,-0.0014252418758633953,-0.06037841095502946,0.0016237383990577133,0.009056619223349304,-0.00019748728178132707,0.13328277060506497,-0.014550329477814702,-6.931536457833984e-05,0.013550864166902384,-0.01946516429969429,0.06595440194141372,-0.002561891657070827
rna|STAG3,-0.0340749446520581,-4.9382314256487073e-05,0.005933302840895618,0.062411363322061514,-0.050980258043775525,-0.5655896634687955,-0.1582744913308122,0.00013708237196393292,-0.09349878699117153,-0.0002309644516393731,0.008591597489318073,-0.021585102324918143,-0.030585792055795563,-0.18626034568955419,-0.005869778806928759
rna|DPCD,-0.007162227557757667,8.397296254856692e-05,0.001980317870774427,-0.20703868459749697,0.5872498469707634,0.058902579574548926,-0.1700148899411651,0.004016487653803458,-0.12432720609192421,0.011993298799388487,0.0011538300651765718,-0.08593200986815583,-0.02698629006601803,0.08595911679934251,-0.002607451326949414
rna|MAP1LC3C,0.26664139096944983,8.18224418930114e-06,0.0030191873277401727,0.12610487140706436,-0.04775366312175956,-0.024633866442091652,0.3839256439420444,0.00013986135637968926,-0.12915751874241563,-0.008681021291902126,-0.004573200143665308,0.0005916036103296066,-0.003086947282972609,0.28363558608940714,-0.09061063687814014
rna|GNAO1,-0.07311132167429882,-0.00013583298202780078,-0.0008269601690682563,0.004724910668237702,-0.06381491266989095,-0.11725620445269284,0.08055151294743379,0.005902516124236336,-0.17839354464160148,0.05227774169281596,0.0009107137774249627,0.016632137002175668,-0.010163583582706345,0.2458855591454507,0.0021964677518473102
rna|TLR9,-0.03041468670025168,-1.6697045735751533e-05,-0.0004950376969637731,-0.2333316217442966,0.13293723090156245,-1.3290386401739743e-06,-0.00855251954816215,0.0017647437393165527,0.11786083938670756,-0.02805083366775755,-0.023237941679207563,-0.31511592094386903,0.005899230207999694,0.2964863547805432,0.00981495051825701
rna|FLJ46347,0.5303155701449822,1.6256195517353336e-05,0.003076076391073865,-0.01624201604536964,-0.02521312503974,-0.010028652684881028,-0.10478800889326559,-0.003296213895708301,0.1570000595509672,0.019904279785182104,0.0032837871880959015,0.0697403266241044,0.006102103195595004,-0.00776339545209379,-0.0031747979182724577
rna|PIANP,0.43218786688127214,-8.908980388296872e-05,-0.00048143097866470963,-0.0004233425266911349,-0.06209519785559331,-0.1318564842864713,0.189599328014191,-0.00044676664982785903,-0.01883891126427246,0.008386828706495514,-0.015289053603241027,-0.006228937485048305,0.006494982558491931,0.22433802769559258,0.0010957505981878427
rna|MST1R,0.13700096377787147,-5.978005069238839e-06,-0.001916011113232209,0.1337194052943055,0.09157326790724854,-0.16920113607493814,-0.025338061847588463,0.017694279421353716,-0.2942986720880599,-0.006402007777549413,-0.0849696390482993,-0.027318962197256606,0.01916512635143652,0.17680265652838761,-0.03499190286525912
rna|FRMPD2,0.5266036649198673,-5.997102186684623e-05,9.089660928485262e-05,-0.004528979599038967,-0.018248002960626782,-0.008452712372864936,0.012134888864560208,0.00018790177142660646,-0.012707616276993287,0.001429403299626799,0.0011111788111311056,-0.0008802482280691545,-0.015750407538566807,-0.017503115073916064,0.009314429613626066
rna|LIF,0.25034356642437633,0.0001863867329338047,-0.0016464576510136417,0.041140212241181195,-0.2951600216547567,0.013777286186990053,0.19718379713731451,-0.0018940224777759225,-0.29663367396424384,0.07860885386231169,0.0032236217018861988,0.16644486752157026,0.0034015887448772034,0.15802933435566285,-0.0778098768754403
rna|UGT3A2,0.4234011686351392,1.2643301071309716e-05,-0.000293242548010135,-0.002749479520492232,0.20020866234283988,0.02159740223290418,0.014585539319368372,0.0023372508913854164,-0.030422546951767337,-0.05609620767807529,0.06496445751457121,-0.0013035721522724338,0.03585672647433944,0.031288186205195474,0.000723426945645186
rna|ZNF300,0.02388277532432692,0.00010606377396967788,0.0014465857529708077,0.03092939941500596,0.28525737627663,-0.16548448328126705,0.01904876959192274,-0.001430531583752801,-0.17108974708101446,-0.007354498201833242,0.01280379202965935,0.04886361416249042,-0.009170720150639864,0.10351819705139874,-0.07412656724342412
rna|MYT1,0.3648035253111304,1.1600951379873188e-05,-0.000829676176951553,-0.014153554023260951,0.058843801992384544,-0.046813153976453616,-0.1896509308854445,0.0010890197645845455,-0.028808607082772945,-0.009081491184763466,-0.0009931854188355736,-0.03262414489923107,0.004261968574569862,0.05646825329402335,0.023496577382826823
rna|CLCF1,-0.0031210023806370474,-4.1797053332762766e-05,0.002888634508660595,-0.06869470729057005,0.24432579916539635,-0.23755876381559113,-0.02010237128367988,0.0005316953067408806,-0.2509766155016561,0.10404903925100509,-0.0030322741122419164,-0.04524316637424629,-0.007187374578542349,0.043939018709405454,-0.21633766848407324
rna|CD6,-0.003170513876626347,4.607910484252261e-06,0.006444554773153167,0.42202490556072814,0.3557741726860019,0.07040527821644987,0.281428287878762,9.978561079686275e-05,-0.21521466590391727,-0.09753741405046823,-0.012295012375194113,-0.18954376713224294,-0.0026496500247967995,-0.29667421842280933,-0.10671454913375751
rna|CMTM8,-0.1810922820924605,-9.272717032963039e-05,0.0027986816886246637,-0.09457499554752614,0.48777921316776895,0.16648657562756183,0.2075485767001256,-0.0009582757495761807,-0.09854118574754486,-0.06672459289234205,0.07459236920816757,-0.025846392971267618,-0.03727345660071206,0.2473549724117679,0.009548994356128363
rna|ERRFI1,-0.10176799649329754,-4.7705796935037335e-05,-0.004088195804396629,0.018438566925430607,0.342690292270814,0.02028931755712314,-0.0826398358778761,-0.0013561713044659004,-0.14485582146927,0.10289546523488396,0.12255376624121006,0.3897166464774246,0.045245924786996225,0.16158542573660922,-0.0792268060118165
rna|ELL3,-0.18427570492473586,5.115519498837591e-05,-0.000337304872035353,-0.1250196562900206,0.16703414790894663,-0.38429478157909713,-0.24122847012514673,0.012855956187620938,0.010882483499751508,0.0064507962576924255,-0.0018618505914924307,-0.1770914659437318,-0.03209839093820728,0.37189109842747453,-0.04298219405557304
rna|RIN2,-0.2357128441119801,3.0779207926953105e-06,-0.006851932280488445,0.16289847737748042,0.5799447548535575,-0.003360735952059144,-0.12384705909690735,0.00031726233760140854,0.2120663648222883,-0.0032280085279287546,-0.003204339458269808,0.347380270943211,-0.0032982133825197203,-0.0014829299980276271,-0.10136144310153354
rna|GAL3ST3,0.5111804486606002,0.00016887498937722875,-0.0010375761554794732,-0.008730969444771577,-0.01860242416494766,0.00025453368189607485,0.07358978765898219,-0.0004632586834795545,-0.002385330549308649,-0.0016266272507969772,-0.0029751854378467246,-0.16050671479687123,-0.005741460027902451,0.035496833203208164,-0.09303955425624125
rna|TMPRSS11BNL,0.4960890004461191,-5.845786334179514e-06,-0.004411478250225469,0.0009450289019695595,0.009059089352194414,-0.0043811290626909975,0.01524718560310413,0.32031996132190604,0.023024057909138484,0.08269925561202218,0.00040789914079167127,-0.04085711497511891,-0.0019300416648411977,0.007716171263878275,0.06660875329426084
rna|TNFRSF18,0.1318028885350138,-2.85088561543895e-05,0.005764428800587688,0.34826259586110686,-0.1724318416469016,-0.03024948522973166,0.004842032391553033,0.007554326583677586,-0.4175687949205973,-0.012030195291115129,-0.028091776077028594,-0.003722990486220601,0.026745545176211274,0.26404398944602914,-0.003451684975918962
rna|VIPR1,0.07435851232291962,-0.00016850309384129988,0.005284481218751325,0.10184854153664931,0.289939756846308,0.006793225735928033,0.5083285214991188,0.012792222790673663,-0.1533603602940238,-0.011984851536508353,0.004751500000644604,-0.022886424197803106,0.018284287501546436,-0.008663113822408862,0.08984361863492704
rna|RASL10B,0.32766988841538813,5.948603488657998e-05,0.0017925334646252112,-0.10652598108680918,-0.05265114778210881,0.18799596443013203,-0.0010544087307626925,0.0017504998038560167,0.16278642449042907,-0.02441424188494432,0.0021352125703617405,0.06408103270472842,0.005220883269027829,-0.011084492622211322,0.054538843928834776
rna|YBX2,0.08964619768919496,0.00010754187947245225,0.0032731569488269165,0.14215647711363694,0.023817724299590008,0.06498574031717727,0.13638003075162186,0.24518349740416015,0.11607184837460212,0.017806928251978802,0.02273183599423209,-0.02273759847148179,0.008377838572810525,-0.13663404996432182,0.07153756358348051
rna|GOLGA6L5P,0.49466184396777224,-1.0420090292241684e-05,0.0005130230319688825,-0.20355196999663472,-0.06778838214241145,0.01284197043724184,-0.003982053715408137,0.0003779072339788804,-0.19905308869616517,-0.014793236400150034,0.004113104407843393,0.0016268257627927271,0.04908229212123031,0.22261503669582194,-0.002248700575213127
rna|COL5A1,-0.1598013089475318,-2.2131892816552764e-05,0.004176430167357134,-0.005029127532146667,-0.005919811527248221,-0.17361783378801535,-0.21608842177604184,-0.0002558833950536864,0.23598331852318064,0.008915498001972786,-0.0017734872882432058,0.6509018266490164,-0.00814128149730698,-0.44092666747112064,-0.15136383625483463
rna|BORCS8-MEF2B,-0.1155080342025717,-8.707703546767637e-05,-0.001123525659079719,-0.07850148603222784,-0.27672422117342266,-0.23702728913432414,-0.25342995663375456,-0.00048158456040322926,0.13288098557159697,-0.09335598963986934,-0.009065550264161887,-0.06777777786494356,-0.04589922264370343,0.4130987433874998,0.05504380086708004
rna|SLC19A3,0.09978804211493977,5.700715102338601e-05,-0.0011406153081005418,-0.023875401800724203,0.07481024603644629,0.059635205905431636,0.43079066933334986,-0.0007616465222997636,-0.10081690765978196,-0.012437624278721547,0.07763359094076032,0.3566001609065091,0.036578344034710275,-0.209867896506516,-0.12759155605091996
rna|RGS7,0.28279006463622297,-0.00019335250375733412,-0.0005292993875362308,0.14573231221500835,-0.12384116506889807,-0.30927560655272485,-0.0029746001576639648,-0.006132510256850379,0.032072381939029754,-0.0006067386906984071,0.0010413694402288942,-0.0020320662729355478,-0.014215723015257151,-0.040508594145120015,0.004093447672198222
rna|CLEC20A,0.5991177991762194,-7.84527809653272e-06,0.010790324461032053,0.012917904108407688,-0.18470539050515858,-0.0008088659595627114,-0.003369159608843447,-0.000524375632863053,0.1863586645788053,0.002589096045650399,-0.002247492382052679,0.00021885539680138085,-0.029874213158543286,0.03350989763558252,-0.0032611907476437596
rna|PLA2G4F,0.20465984043274957,4.249531785493257e-05,-0.0021170804796977988,0.006804075591770022,-0.01816062382321707,-0.0011717872774162702,-0.01062149984460802,0.6733564774273767,-0.0039017476061267817,-0.0184641672201901,-0.015205468896021795,0.041259384833525634,0.02460887497177986,0.09084058868337702,0.06275428712689068
rna|APOB,0.41729787801329504,-3.617023318059202e-05,-0.0034957519632655342,0.027927646341448828,0.08216781552861083,0.006521647353867631,0.03878038024777755,0.0023243579246830497,0.03599248221457087,0.01859396347385569,0.2890665743734049,0.10854604102649652,-0.012070410905330177,-0.1582333604940547,0.029943460886763747
rna|SPOCK1,0.13074939890149326,0.00012173849450820957,0.005092228999932778,-0.011147282052379743,0.007397245110035932,-0.17167157449609327,-0.13955169865141942,-0.0028021398015472,-0.2682170311986872,0.029150717691754986,-0.08677783688305006,0.6010540652103861,0.015492109882364795,-0.14736830963505546,0.016352018762146023
rna|ABLIM2,0.4368571198222448,2.350140787724831e-05,0.006300285197024617,0.1238839788000968,-0.06465779372876553,0.003242800513430123,0.06723427719136253,0.1756475110660463,-0.14203116662800264,-0.0014724857315076896,-0.002463785768637686,0.1812053356203614,0.022640517355588616,0.1303751664725973,0.0029253016516381744
rna|SMIM19,-0.21621398197643463,1.8826378772359993e-05,0.0027272015893919496,-0.004581360794850489,0.72060711142617,-0.06090269992577528,-0.09774073629742724,-0.0007534081317727442,0.14967813723247833,-0.01086781738770179,0.020332943230849203,-0.21076792289920526,-0.052197903523899754,0.013002963388750456,-0.0011954699635825625
rna|PJA2,-0.10001286083667574,2.634802326509021e-05,-0.0011994916242172894,0.10241508029407514,0.19887841420596947,0.01739300792853051,0.1221887147169129,-0.0003402314310129673,0.7766281817974834,0.03475098040870311,0.02844289625091176,0.07752217846046003,0.0027895205157161995,-0.1798877760588136,0.0025141623350453763
rna|AOC1,-0.010223080211796621,2.788988762066577e-05,0.0023941824050734265,-0.02726433184701041,0.16991495794074485,-0.20231350462259098,0.26318374296593033,0.19348576528840272,-0.14229637845995988,-0.0032877477388542353,-0.018134414740354286,0.0872020335751016,0.005233042744586099,-0.1745924304592233,-0.03802075669977843
rna|GPC6,0.1225870426795168,-2.5360102253497293e-05,-0.0005633247253654251,-0.007774384030848994,0.0016553399622276559,-0.11609876436407178,-0.21093269717840296,-0.000231528036894809,-0.24009400153073795,0.026516080579278123,0.007230941243564602,0.6524766881903394,0.016158146318760874,-0.17466893582697912,-0.1384336230561684
rna|GBA3,0.11602464874403547,4.7878131953326195e-06,-0.0014954638883187398,0.03152139269767445,0.08982548395671956,-0.18109168404724105,-0.08667584109997821,-3.4833096267976734e-05,0.010952178197587089,-0.007559252850672039,0.12998188664661567,0.1596088110844361,-0.03931518584129147,-0.12305358200571306,0.09883544309108698
rna|KRTAP1-3,0.6090681606438546,3.0093717370792003e-05,-0.005300696441020922,-0.007555529463035354,0.02574045303817948,0.0035591793701063496,0.001983757651375065,0.0003942167570803137,0.04965840084552069,-0.0662848922834338,-1.3930171221757564e-05,-0.00020258449465802627,-0.02271914179376314,0.004646047481159238,0.004279464808188442
rna|SH2B2,0.0036612096066819216,-1.4266606682148882e-05,0.0022077204053518227,-0.007203283907123786,-0.28869730322494025,-0.20084681577527796,-0.16284738994548867,1.1860527869279686e-05,0.13548094185024187,0.0344751621338848,-0.009710523348541259,0.03266574289098767,-0.002567343882179946,0.4620285696207679,0.08529503040749782
rna|GJB7,0.16242027500365666,3.7019850989771136e-05,0.0013165350150200188,-0.035111170915369416,-0.015526563406423203,-0.01347116593556363,-0.11918374002039878,0.005998902967836864,-0.042572409908964125,-0.07788021317244856,-9.350043686552743e-06,-0.0028908392276432698,-0.023606309704262234,-0.02584393995142581,0.10501862446515393
rna|OR1C1,0.603348663818645,-0.00037830127641952344,-0.0008109129680978786,-0.0024401186463408353,-0.11151959278705809,-0.0061532989730156105,-0.007519184500765934,0.00012283932866472114,0.04872317518401387,0.023282368634480126,-0.006982983384605303,-0.008328951388041706,-0.035276755647492664,0.07602134414177597,-0.008106945398440495
rna|VENTXP7,0.5980767035151091,-8.703532473828107e-05,-0.00016846981271349432,-0.000454724208719794,0.014981311178490568,0.0013854815164968369,0.017010864409850567,-0.0007928529955160187,-0.010437722650130215,-0.08656762397237992,-0.00536198845966015,-0.007416833904618738,0.04343369619061597,-0.022267516769227908,-0.0013854390785441326
rna|FER1L4,0.16766370062219824,3.978083754688125e-06,0.0014128575647628396,-0.08116770328260677,0.11492529288339375,0.22437457034058655,0.15006214511756946,0.0849351291541366,-0.21941608554123543,0.004293975631527898,-0.004974060008824267,-0.024886363742514683,-0.05912567271833085,0.07312334407773921,0.0786330880184039
rna|KIRREL3,0.3764833550512676,4.2058235961633575e-07,-0.0019288878465052732,0.004973718851403955,-0.22270810317041753,-0.16130607225011898,0.1633756554816092,0.0007817236881533688,-0.10284194370244512,0.01776895706411419,0.004501361919346853,-0.03195591580622504,-0.0022909493881445885,0.18207622851803107,-0.16672322311401575
rna|TEDC2,0.006101263936053283,-7.982445395101293e-05,-0.0002660181527567864,-0.2512261726178977,0.5862137891619332,0.12716493842180493,-0.16173572562920407,-0.0018151628471256447,-0.029999601196491445,-0.10923043664042097,-0.12417987492018855,-0.20403388613343001,-0.012306789329304908,0.16732729861459117,0.01104431973641057
rna|MUCL3,0.10940728890912833,3.820260232585427e-05,-0.0018759446000979514,0.13104317908697188,0.05995696375028767,-0.25048361596703006,-0.2670209624255314,-0.0006241640304313242,-0.029460611257880114,0.00853057821566064,-0.001724690440743363,0.011344117398706074,0.03733113407373257,-0.02252866336468428,0.03587988770372381
rna|CNFN,-0.1452983628139171,-0.00010800203625992277,-0.0047432935020674675,-0.02882088318144043,0.05113776912926288,0.009390410630759816,0.0030613624856057195,0.7496716751573175,-0.0674774137134854,-0.01589632760133984,-0.00030011847916482066,-0.005850354822862269,0.02851313803885805,0.14500190237919336,0.0036123504931559434
rna|MIR937,0.2878046811358789,5.504810339478456e-05,0.00201953576365765,-0.16654058413299752,-0.3491669746888354,-0.018264036242795757,-0.03160742866120591,0.0003219654536904066,-0.22284945739237363,-0.000810682745878289,-0.00047222547337657345,0.1155712433109278,0.031582114385371805,0.40051140538656493,0.11918122195245014
rna|CXCL13,-0.2419447843704687,-8.746574791941682e-05,-0.0030706881265471844,0.1365670042395555,0.14792578492420363,0.0234380673730281,0.21092064216614584,-0.0005339028065686106,0.04505717347362115,-0.056618194711172846,-0.002024200788860213,-0.06971126862678713,-0.035470699223311655,0.012236663751841558,-0.4087575790874597
rna|TEX14,0.34274088056445484,-2.8129661184887037e-05,-0.0018739322173306058,0.04172384657550409,0.19541750004974337,0.08796639056937682,-0.1756315919449166,-0.00026203712154778286,-0.11680559733121147,0.01946728546782587,-0.004234953864454302,-0.028650551488255568,-0.011807332049161796,0.028590452839348385,-0.002250427301616083
rna|PRAMEF15,0.6241218256116663,3.1191510821655e-05,0.005631888438590111,-0.000691759287929257,-0.027519330084702403,0.0018840496452455233,0.0038052616665093966,-0.00048101732191756035,0.15227980837503843,0.00047511293613987436,-0.004199722846637794,-0.01820046485594428,-0.02214258642724357,-0.33630193676730297,-0.0019443749698619007
rna|PACSIN1,-0.09413932656528333,-1.6923103307296423e-05,-0.00045308293261021746,0.34641591544688793,0.3363296159297785,-0.008732342809987364,0.17856978921017727,-0.004753132689003557,0.2184001706920316,-0.10376152574109822,0.0008633561308300122,-0.12731898467005154,0.007496703920954368,0.05839423451702419,0.016759480384426477
rna|CYP4F11,0.3104865335756091,-8.556685875154952e-06,-0.0012513792247746236,0.04240942588273866,-0.011409815898310728,0.0814620423292297,0.31834459770988877,0.13249471827129963,0.029550008399131064,0.021427203895685264,0.2012524395078125,-0.2138911412797392,0.012997124033376327,-0.00891672140686477,-0.06183389594914305
rna|EGFL6,-0.10809260683097557,-1.473641127721394e-05,0.0003729393919423141,0.12694279913886108,0.08396513949629308,0.04670370875278583,-0.24656657531772846,0.0004951371482064096,0.1707022783285487,-0.031015165354132124,-0.0010464293805502118,0.5172110152726707,0.03928390942491117,-0.2182163437815928,-0.2461349213878091
rna|UBE2Q2,-0.19285795799936836,-4.126163997927278e-05,0.017233843413714416,-0.025619418109208595,0.5393823162343124,0.09335291338555078,0.1123597377279117,0.00014007281118573152,0.6619861814005727,-0.006577959016618752,-0.003324222541201089,0.07301905858671427,-0.036570554194596594,0.011189973816712004,-0.036037881162280204
rna|TP63,-0.1701803621619269,-0.00011272540646216733,-0.005651625018996415,-0.034001625326753895,0.11637790058251021,-0.18358931719957197,-0.14575713427237996,0.2218811784960154,0.16568703216617228,-0.026534870740443597,-0.007864911523965228,-0.007671680555618116,-0.01937274773095907,0.19428750074785536,-0.13513850664315127
rna|TENM4,-0.07875476834038969,0.00011259604988246393,0.00031235558476184604,-0.0775014349589151,0.5110865905831012,-0.16852934362000846,0.005745482060397308,0.0015612023564548182,-0.07399227431787163,0.0004036739193646463,-0.04834691910443625,0.1421493012141178,-0.02462837710882231,0.036238823476120736,-0.2717801656492375
rna|LINC00926,-0.15305593410331117,-0.00031412942306838703,-0.005987023739216395,-0.19106318984678833,0.03366460161865733,-0.06713700917990693,0.14831373796875766,0.004136528602998266,0.0708065808111852,-0.002566633058128983,-0.035645252338353084,-0.2663342373902989,-0.0009036235608345539,-0.2625076492639945,-0.22235806571908043
rna|CEMIP,-0.2446215443953143,6.213409734954863e-05,-0.0008019225958454584,0.0047046228329644104,0.066546427903847,0.00991439932632733,0.23208484901026383,-0.0020848409888961157,0.15754291210465404,0.002080011650979708,-0.002444483713633613,0.31911535569358374,0.022993434921678046,-0.28980215934695674,-0.23664435849306353
rna|BCRP2,0.5704849925190648,-6.890376941020168e-05,-0.0037565965940241962,-0.007767526297419409,0.05824222964421083,0.00012028546020897827,-0.004764549198172977,0.0006726117702102813,0.0064831916523762165,-0.0029423868565921253,0.04055618575439714,0.051018564879665815,0.0402391944260482,-0.0976227055499832,0.0009217639353010861
rna|GLIS2,0.20041424877744968,0.000251521417358238,-0.0007422618814819705,0.007078868688035458,-0.2587057578160904,-0.15634203786417078,0.10951146904763721,-0.001433240031273628,-0.2828244418688733,0.004071421548925202,-0.024661554315916392,0.44043643403136584,-0.0006729085485875471,0.4307893336424796,-0.1682083719929723
rna|OR14K1,0.5453037113713057,-2.1829953469741163e-05,0.004597755408497037,-0.010131037182721948,-0.1451626342264119,-0.0027153804400770467,-0.008601443682123828,-0.0013326081852239931,-0.016036485776073608,-0.012615207676029031,-0.003549099186938508,-0.02060583993930999,-0.014915995289248786,-0.007660482111438846,-0.007776298374605444
rna|MMP28,0.20108471376113962,-0.00016423258360195032,0.0019822841536517636,-0.003873095991604113,-0.03242259707607057,-0.16015806443257516,0.0764000116931726,0.17825490749993167,-0.3499867067152745,-0.08253259571978289,-0.0859999309858428,0.37825495386782004,0.018456714555098612,-0.023838198424686683,0.016355257744894332
rna|HS6ST3,0.5815257572353562,-0.00022509355165850834,0.0014507880766485562,-0.0007559287702521337,0.007947272152970548,-0.006327301867008324,0.021538546133159555,-1.867053305200685e-05,0.0841552226188339,0.0038511836106175706,-0.0001938157237913351,0.04534940942513371,-0.03553311125575668,0.07806102245852511,0.0019438293929059604
rna|ATP6V0D2,-0.09752265635662051,6.550758712652895e-05,-0.0052230678868484485,-0.0026589760017998797,0.34859722894455286,0.2228042980689124,-0.12416919255760268,-0.007499386735222676,0.14521125453735742,-0.0385886304373949,0.001730481177881802,-0.031222917531805554,0.09077651944850439,-0.056359687638140095,-0.13684528990649736
rna|CDH10,0.5779763820772463,9.113773967710583e-05,0.0008796118963131027,-0.017134187007625763,-0.011464589422878873,0.06573677333242497,-0.024570579953027947,0.00023925136111533634,0.04389166843059204,0.03327947829342754,-0.002917747484159852,-0.039080855087993374,-0.039630474954342694,-0.03762135199550459,-0.009656487976798741
rna|MIR1208,0.3684536398002456,-4.369230935641244e-05,-0.001348460092932687,-0.19576816357527693,0.043507534960239555,-0.02473965881411992,-0.1280999837675898,-0.0005038347304592061,-0.14619340986181822,-0.09899850008380735,0.0006126328310227514,-0.07654399780737953,0.019674409905478415,0.027390813032472965,-0.00980040793714037
rna|PFKFB4,-0.017137402275487212,2.8330979123716988e-05,-0.0026563801665129214,0.03991716675102148,0.4857185048087896,0.24704453489792816,-0.28047155127223183,0.004331183482830285,0.19325841715317482,0.057369307687857106,-0.0010945049330161813,0.14924494083186693,0.023146186817336576,0.010942586264807926,-0.08199659221417815
rna|TRIM51,0.5674684579757517,-5.556688138729972e-05,-0.0021027350078974905,-0.00360167263114184,-0.06288560137638075,0.005293896870604164,-0.009449296936695575,2.9346057718200285e-05,0.12129744932980945,0.010829557718244478,-0.01415201978397264,-0.0030768171007331917,-0.027291698659086868,-0.2480332041872866,-0.009024422388125088
rna|GZMM,0.03218212558750692,3.581406698979838e-05,-0.0030333933805478386,0.3538876102472033,-0.09023663072462948,0.08037668169162776,0.25038279733510854,-8.036895019736919e-05,-0.2928199007117848,-0.007866484762419407,0.0004496778484691027,-0.021843400201280037,0.0013810985637500005,0.3269348700616036,0.0022522431201769163
rna|KRTAP10-3,0.6084990218352502,-6.521133683475274e-05,-0.0010411832139772933,-0.0018726520083919085,-0.0023524980031151676,-0.028487582227531904,-0.0020169363272999202,0.0009567939560067496,-0.0016895239862439308,-0.07928917346010148,0.0003067477030254472,0.0290751754932709,0.020094518485943662,0.07018115753750348,0.0006465339876762973
rna|F13A1,-0.1046259218426073,-3.507470146801378e-05,0.002198329961455541,-0.0019907403645002732,0.10348437462902384,-0.008473727106985728,0.11150118790906433,0.0004697439769977268,-0.025203556722790545,-0.0035392917361397845,-7.94892315285803e-05,0.3714278433392786,-0.07449445746399987,0.040594034351232614,0.01706020193112853
rna|TMEM163,-0.062483870778456546,-5.96067107812466e-05,-0.0004609249473239946,-0.1942063533079867,-0.00452508170187045,-0.18764513794197088,0.07650060303404357,0.0027511301332733902,-0.10283475940115223,-0.021560692567810354,0.0028416833875030715,-0.00962994698948466,0.024530946995106242,0.4269680742713121,-0.5285222579534148
rna|SLC29A4,0.28065137377482785,4.398736550285375e-05,-0.00492108178019724,0.01161281980237843,0.18949333908396054,-0.014373730133869006,0.0005751174032227428,0.025818540400976253,-0.23193126903902755,0.006341846495538276,0.021895474813030103,0.013059790950520199,0.05364724743847453,-0.2859541891794429,-0.002482530091347879
rna|LOXL2,0.21143135161840673,8.450177011492928e-05,0.0011274776934550295,-0.10573426097864548,-0.012749343903787283,-0.1949652823726274,-0.17765212973736594,0.06267460560904214,-0.17391915009952258,0.01842011918100462,-0.003750544738090121,0.09697902385400445,-0.024215904777744268,0.34646189447634973,-0.012849889854355454
rna|KCNS1,0.45490252770643186,2.486344821145093e-05,0.0006748737091045278,0.03020313829791111,0.132256213630756,-0.012848662334878864,-0.011506041134932234,0.0040779283825670976,-0.0842463234766551,-0.006680573792673647,-0.0011324300833230995,0.0001448580435687989,0.0009148507337771533,0.002728385174747909,-0.015501099926069496
rna|MAP2,0.11937850484044836,2.2747386660986328e-05,0.004882425979972053,0.02670739925915436,0.1697441535889509,-0.19302100096696517,-0.01911363894262469,0.017751551723284208,-0.11276403715935698,0.0003636603498786779,0.003161013204781392,0.05740402301700641,-0.007910076429949005,-0.036903917493285344,0.024516261821117942
rna|PCDHGB1,0.010595872232129442,-0.00022360448143547322,-0.0016513065831982384,0.00397808833297833,0.024541471707851675,-0.49499662559995894,-0.08872908118418345,-0.013607456434052078,-0.11603365984061607,0.004171652246935624,0.003875864313641943,-0.013025901230224613,0.010469280433153798,0.03471180061560771,0.00013705048388982098
rna|TTC36,0.4800404266876658,3.776462150291314e-05,0.0029823132159330088,0.0003253934434229227,-0.07975104271577498,0.007042002877807641,0.0007496653827312365,-0.008720558513817782,-0.00202973865413327,0.00892285860189714,0.07533292039272166,0.007316650199409612,-0.0015775230580989143,0.14109924697110401,-0.00022092995312461994
rna|TMEM132E,0.54421901444779,-6.762149264984133e-05,0.002118755642199959,0.010045279235123173,-0.10251521889902611,-0.003152712952591124,0.00948050647745921,-0.00012159560045507854,-0.07830433697897529,0.05216668496681023,0.00023583157962973962,-0.002922743435603045,-0.023942778964411163,0.1199192395719457,0.0029396439594326093
rna|PRLHR,0.5510046309752271,-0.0001432552319143387,4.237615378063224e-05,-0.018900366709441337,0.006763656117515672,-0.01230698907938646,-0.010359474878678158,0.00012676112378907852,-0.031204870985899993,0.01784243872328229,-0.007449436958494926,-0.003532886656036552,0.027595816821667226,-0.05684253478741488,0.0027843421499968604
rna|OR10V1,0.5756922265761273,-3.521059356875252e-05,-0.0035758740224521674,0.0010399594583114509,0.030238873462530538,0.0025019197577460872,-0.008928152511787248,-0.000901031152392982,-0.004071578970529595,0.01636217352258145,-0.0002292498958307575,-0.025691308448654554,-0.013688554459815108,-0.004368936164695259,-0.003395504229641459
rna|NEK2,-0.11460756644278565,-4.8274126385637753e-05,-0.005121633410553309,-0.15493879054813778,-0.08992730220954814,0.06530549362470704,-0.140189792265698,1.536481950729633e-05,0.7340673435618973,-0.10507727754398269,-0.016529399384389645,-0.005931211362892629,0.029458655707396076,-0.22180952393517767,-0.001280215329860699
rna|FRMPD2B,0.6106394902703768,0.0001333954373012946,-0.0026246974835383067,0.0002536337422966069,0.003045230791652164,-0.0007917930904694836,-0.001696074025160063,-0.00021223562318443644,0.055212816016471135,-0.010303513574574475,0.0011512231017986364,0.003947140386752848,0.03293814878878201,-0.10044786385213694,0.007273972467826851
rna|RFPL1S,0.603473671399951,1.801365037814262e-07,-0.004738648260515166,0.003603678099292944,0.03459316268927379,0.08298950328820714,-0.0015878737488907854,-0.003393573264896356,-0.003598432865990599,0.006643856387516399,0.00028955820629337283,-0.001857859967627747,0.011362286455757105,-0.08308599864322468,0.020880391322403526
rna|IGFBP6,0.114719405258533,-0.00011570836032560526,-0.0003194876792688491,-0.060459269546223875,0.012065698596977325,-0.13501878425096345,-0.03580477082810356,0.027793457043772004,-0.33077777459621777,-0.063769058006885,-0.0016488624455806785,0.5256088112241402,-0.0650130446164175,0.10019090147017781,0.008023904828166908
rna|HOTAIR,0.24713466267796272,-4.652154493774126e-05,0.0006891769835011426,-0.0015690262577441642,0.04371996719398318,-0.17174830614222514,-0.034304861235837085,0.0005623201336005102,-0.11476773184586087,0.0006502306033266066,0.002148255321367692,0.004567007079943696,-0.0015826086253048302,-0.03198940387456757,0.006648166804368788
rna|SERPINB13,-0.0033786970395629137,0.000393098485355516,-0.0017863004624717484,0.003422659757795057,-0.035551116771490664,-0.0019107254759076554,0.015005834547695256,0.9028100506145285,0.03936074988714357,0.022313277643244433,-0.0009430302143253442,0.001264915240039944,-0.013228313471749105,0.033526588796544084,0.0024535282422220423
rna|XYLT1,-0.013873879267002169,0.00011308209192085503,0.0038416384198659732,-0.0036259109478383933,-0.19504315061062924,-0.26132660910807337,0.14372253393847811,-0.0002361311224268878,-0.29727439909658626,-0.021498589367088736,-0.044167257499869515,0.04359400549141483,0.014588289243141327,0.20483523064608325,0.045355134659649986
rna|BTNL3,0.4779862428361647,-5.156895141145969e-06,-0.0028604809953614633,0.20515035438104684,0.01995985276245867,0.020347413869004412,-0.10290638461811775,-0.0012025458232226142,-0.0051773667594531845,0.00888522703906819,0.001032241059193436,-0.0232368948424704,0.00041549432143607093,0.014240645023452715,0.12158056855389102
rna|HOXB13,0.5775495022788236,-1.596302304858323e-05,0.004072379581978443,-0.013438030002362312,-0.0069955477105141375,0.0022257159513253836,-0.00014165221805089977,0.00041790288953417776,0.041192953054885115,-0.0727537466771426,0.000595101046739471,0.02328800353435965,-0.016409095320769715,0.18310818762901024,0.013864917301513966
rna|TMEM171,0.057251818908921455,-9.109900021826115e-05,-0.00016741023571433677,0.11377526874592099,-0.0742803765083028,0.25681990474314426,-0.12469670945253664,0.0007311420135085759,-0.12275783832291112,-0.06185873874722718,-0.0017044940623567393,0.0004869604317427421,-0.001695144220606194,0.018339995987401513,0.005150845004203221
rna|OR6C3,0.5991157424405229,-0.00014128748023047128,-0.003060253937541526,0.011714420644317011,-0.029507287223855372,0.000286121980753268,-0.01901797768050252,0.0003886278394002829,0.008949209257435116,0.005583678670824807,0.0007169226731030271,-0.026847980217954023,0.01611704382179453,-0.005561885833428991,0.007783387171478967
rna|RNF43,0.3985719477074564,-2.5072824361123367e-05,-0.00023507614144987606,-0.006960633788293118,0.19624217633282343,0.004651130199235309,0.11217764784735977,0.06589813659130057,-0.1081160698717768,-0.04710719821465726,0.003321578908675592,-0.08916299988314928,-0.018297894318762435,0.00809134137451842,0.1025538423394421
rna|DNASE1,-0.17027089620897337,3.3275795139185948e-06,-0.001771007733007098,-0.017585095945172824,0.5316282322821414,-0.1543475473006369,-0.1368116087251252,-0.054423048041322836,-0.11480685000117416,0.06223687648201689,-0.010461793950817911,-0.19562474453747317,-0.025217855425193125,0.15536354707147337,-0.0031682649375874205
rna|IL9R,0.4973344933073283,-0.00010485430974952637,-0.00036749681744398276,0.0037467615741232124,0.09804592063267621,-0.03918422805542175,-5.033122831169333e-06,0.021577053955964435,-0.026977359196937424,0.01758817788434279,0.0007225960536191222,0.09103783893501144,0.012957875069741668,-0.03943944848372948,0.00555113418204835
rna|PSG1,0.6079748377542475,-2.7276268479663185e-05,-0.0035092717646593185,-0.07145623276987066,0.04936512541682903,3.5834688709056814e-05,0.03683381398650521,-0.00016549685621765074,0.10454693926324457,-0.012971421160727546,0.005056095571684043,-0.007272687750526866,0.03239635985283338,-0.24044731475005576,0.0021061570832967315
rna|ROR2,-0.1391560103441332,1.682618001470386e-05,0.004320212776902667,-0.033134915935893086,0.32365530330688747,-0.09818115626864016,-0.1465477856093424,6.577226396373757e-05,0.022139613975570228,0.0074540376300340945,0.0034820792940698643,0.44372727672762635,0.003346296145128305,-0.21370739723244925,-0.28916313688782025
rna|WASHC2A,-0.0029045664774872333,3.263770823907348e-05,-0.0010794361081247485,0.01318964878632779,-0.18240326103330287,0.11706716662564187,-0.004926918373778483,-0.002106535527812132,-0.022792890301004343,0.013496934405348727,0.008979248499689726,-0.0829623896932416,-0.0025732916879861066,-0.3884406416135074,-0.033786665254820054
rna|MBD4,-0.11419822807724568,-2.314706472606508e-05,0.005263091387917249,-0.08179123832910555,0.4114239697023454,-0.026658971785441434,-0.014083751898691935,0.0008635572973708993,-0.10655954241811864,0.010594582305779001,-0.0009624766017286291,-0.19281343907449802,0.003626084611290483,0.09559374538698524,0.020228695502643747
rna|STAP1,-0.13625010041729863,-0.00014757164624667655,0.0013830351488285841,-0.007119614580311028,0.13485396717404716,-0.4043022778284627,-0.0030399904415677153,0.005019711785478131,0.5600158869298022,-0.0273330106672594,-0.006071077469715429,-0.016937398631116412,0.010948281109336915,0.31117255491903917,0.00653274197730075
rna|KIF1A,0.20004198299947956,0.00010030603836991644,1.5329102003169364e-05,-0.0007024811945727427,0.15650745819468795,0.03157391350174012,0.010360029385816387,0.005579195936083026,-0.10443574564802369,0.022626184428805148,0.011972895900791017,0.025367624890889305,0.015426444202937104,-0.04738052668423916,0.060940379215641646
rna|IGSF9,0.1083826405034254,7.243864376551996e-06,0.00020296232969484459,-0.02554121647242337,0.20941058084227462,0.018634479395201166,-0.002824577476000564,0.3223204865131935,-0.21553224589679507,-0.00377405883438987,0.09359722203402676,0.0030192153429588575,-0.006540986476501063,-0.025067390231475643,0.012414028423158467
rna|CLDN1,0.04792036063060868,2.2565003938032668e-05,-0.003060151210213488,0.0008374204013293519,0.2123004797265553,-0.03865500163955851,0.0014837463260776115,0.41249943922168636,-0.09668656413205524,0.010576422478070883,0.20661230464546337,0.1462709947139141,-0.050914396629052845,-0.0033863729871019643,-0.03802760602539193
rna|LYPD6B,0.16115753950951223,-0.0001284639401701884,-0.004502514979399426,0.023268730400336557,0.17227038205689446,-0.39036964346294706,-0.15485742143815495,0.0001732446531590943,-0.12665624716015397,-0.007209163350461685,0.0017738721826346348,-0.04114380174829592,-0.011251876013027576,-0.11266567980806501,0.003658239281196519
rna|DMD,0.013248420203650448,-7.288963251149622e-05,0.0037532497294111315,-0.07585448003156108,-0.019415226507656876,-0.2471782817575363,-0.20792015031618433,0.0022390470297879903,-0.009355290803025435,-0.021316565043526785,0.010962732857168086,0.002710129140749736,-0.03190124567500765,0.15296206571550552,0.00800420285689828
rna|ASGR2,0.2794170717417782,-9.885669124380803e-06,0.007196183498287797,0.18040706241213292,0.05624816724960684,0.20499748514134433,-0.0482610573810139,0.0013983499304466923,-0.3776679956895304,0.007812826946077944,0.16590220531253963,0.060558504700855005,-0.03571640471408212,-0.2753258726561973,0.00885820952609312
rna|DSG2,0.039392847269571804,4.41172549235818e-05,0.0005450295230128536,0.00791970747951162,0.1881282486238275,0.007681974842785499,-0.06040345573589674,0.02757625379342769,-0.013790463087369425,0.00716023712698342,0.006665265637306211,0.1913023858707537,-0.005770779186866791,0.1356950133945781,0.07932201029764475
rna|PTGDS,-0.0906677262900227,-8.93213708755655e-05,-0.004005807671812509,0.2160057254938783,0.2543827257363408,-0.010871859573244198,0.14253666653268285,-0.004057678804047891,0.3042145621296185,-0.15094589960778312,-0.0007274762978209748,-0.2391941530526122,-0.00415065163862845,-0.30513320167430896,-0.4250177575951703
rna|CD28,-0.14920795838675188,-0.00012433355660220103,0.003145561577610858,0.42673719924532183,0.1856283971356237,0.1090632876561646,0.40276326965294224,-0.000595472951956471,0.07409015334133828,-0.0903482485850715,-0.0012162186427689577,0.000773605118624874,0.03356665771812325,0.2427194280220117,-0.005530312734022285
rna|PHEX,0.006372916738711859,-3.078778602385348e-05,-0.00027181371959629464,0.08643751057239545,0.04627140023863249,0.010746019842034252,0.04118074822842685,-0.0017085634786721095,-0.06777044277155865,-0.046198761931290314,0.00044811916368693317,-0.11910133390161175,0.025949493509729093,0.07136580616827003,0.10789922754625382
rna|CLEC5A,0.11820651294886471,-6.0305376428188715e-05,0.004336791128183311,0.2389219312802337,0.07783538284952045,0.1469602414845589,-0.27014717249101616,0.09060249787011172,0.15232338392513028,0.08101899019077227,-0.002724529042533413,0.37476231656030146,0.01013110003255125,-0.35412833755962886,0.002444577879199352
rna|MIR1324,0.6209086894707571,6.887096670380632e-05,0.015162618742853446,0.0008746502147997523,-0.002246588753282606,-0.0007348978178970492,0.002715733454389565,-0.0014859195011412976,0.13243290591591428,-0.003869164652530037,-0.005598926284824439,-0.01797307953370198,-0.009443876701448181,-0.22568786742523994,-0.022399770644592133
rna|PRUNE2,0.20089331813198222,0.00034406750913605323,-0.0003598531310268798,-0.039677439351938855,0.11601823942154282,-0.14875449675631253,0.18774504570666356,0.0010728189042251987,-0.10925083409451217,0.013637983539589256,-0.0025058716551328414,0.017422014860376395,0.007714622742582066,0.027533086323457075,-0.023956820195480535
rna|CLEC12A,-0.10275896368620054,-6.308906151991535e-06,-0.005661577034286982,0.34364817249468227,0.4136105362477895,0.2941050541159327,-0.13257064546566588,-0.06441266234610325,0.09311692509919144,-0.008679100256173914,-0.011970856201258531,-0.06455243968693562,-0.017056211939487864,-0.2958763839503213,0.00992446945654428
rna|DIO2,0.22364529599073985,-3.1311501785585074e-05,0.0029341529757936913,0.00733312344561907,-0.02427265569455224,-0.0029601543050858424,-0.12458646469400356,0.5204762508451425,-0.08947428616972589,-0.007765975159267711,-0.007303991353273513,0.3041868222432784,0.012186968410117327,-0.23085806496889016,0.004563290679899617
rna|PDE7B,0.1429899982658839,0.00015288530307406466,-0.00031956899056318156,0.12064088094434286,0.36986827433667496,-0.0010186039605037257,0.29889472076076634,0.00490049371449426,-0.14405714475189696,0.07227257499633369,0.007349612410827013,0.04554548034557981,0.045373114407308596,0.005745079115629591,0.029483332728919672
rna|RASL11B,0.05417939803696239,-2.299211800228072e-05,3.221201547228142e-05,-0.0002916917252643837,0.3156921924820325,-0.2443992903205479,0.013914754494446777,-0.18508872828300224,-0.3178103702293383,0.02611516853748105,-0.0075740348523424235,0.3035232749734428,-0.025278469986902696,-0.15480820994884711,-0.009240819037189015
rna|KRT4,0.2072287986157927,-5.5397829655375866e-05,-0.0013151477779139102,-0.004508879246526297,-0.006574428238465805,0.0018745613168702068,-0.0034931568836812604,0.7060134750408075,0.07981037310814634,0.0869164584134046,0.000912282035962218,-0.023181902510788666,-0.06555995708255817,0.01922293163176678,-0.00626891686986842
rna|FCMR,-0.01299000877179998,-0.00013931837791479124,-0.001328365400155918,0.03345697740500097,0.012160231825079392,0.1559345300866502,0.35395489889640736,0.010654934656595835,0.3400854090188806,-0.032124248427271906,-0.017203020408616567,-0.33489915131344117,0.009193273751714451,-0.1998994512070617,-0.07213088755853009
rna|CCL18,-0.1388908791053577,6.899444535910373e-05,0.0010386878764086505,0.07425330884111339,-0.11263474049548046,0.3799097370017697,-0.14879243382771787,0.016495107394591597,-0.1840323053568079,-0.08227173688399432,-0.10354145998813408,0.13724712976483225,0.0027296030377172995,-0.013123100847194438,0.011648005476161832
rna|CSAG3,0.2050589209220045,3.072974908819457e-05,0.0004032855270530878,0.21766340395532516,0.14558837233566158,-0.16606150581127516,0.0037336770005775483,-0.16324869731348676,-0.2320042480325586,-0.011967906895532102,-0.002796348333800662,-0.17184956449866667,0.0002815323118972703,0.11452420382628359,-0.08257033445028542
rna|SELENOP,-0.04397888954453627,-5.233848836567002e-05,-0.00028321395849304214,-0.0024128171751435,0.13173217371414822,-0.0242333415294124,0.46569220863237365,0.00010634795240681832,0.4360290696244166,-0.11708442574428027,0.03186009256350636,0.18271475112025432,-0.010825595517739593,-0.3557397548337853,0.13020719928606095
rna|MYOM3,0.27402614614578735,0.0001538771603640678,0.0021798876772098105,-0.022430298721669812,0.2564740142532908,-0.005838143217551764,-0.13636832513183966,0.2579867127988259,-0.09139306292922691,0.0029260635822328847,-0.005444441163741501,0.1374710137150581,-0.007418761962812304,-0.017519566747735086,0.04099375201482605
rna|PEG10,-0.0027000236506786995,-1.1275626933111529e-05,0.0025440897590716725,-0.21713439561930206,-0.05645022502702988,-0.13359554471483967,-0.03904013703549164,-0.0035536468226397317,0.018265598169032417,-0.0007767549374098007,-0.00233337645234993,-0.10047099810349779,0.0024735632901133767,0.020052964916461243,0.059626797444497226
rna|CNNM1,0.3730154164420635,1.802608923942974e-05,-0.0010266442688435138,-0.00426845620725837,0.02622734815617551,-0.004993212411182001,0.022728465482571732,0.020747266700657283,-0.10322640643690044,0.043214393729683546,0.0015402386111265365,-0.018712871034357946,-0.04092058816647249,0.07381163019816281,0.001171994109704498
rna|ASB13,-0.006484751336445025,3.169749079964634e-05,-0.0005037247718424474,0.0258462730490757,0.2681812468466008,-0.4465945787461491,-0.14309155050785752,-0.011464252499103812,-0.12601759572132398,-0.09586186131475878,0.09151303880851355,0.1164940253983578,-0.06587234245143218,0.04555971782655154,-0.07102311377579519
rna|OR51S1,0.5236347736302194,0.00014808180256903924,-0.0011787649254778629,0.012439220438050087,0.04393086246650524,-0.01088966945056366,-0.007678602563652092,-0.0017295652437269993,0.020582430432972608,0.026279857494826288,-0.002065394748921304,-0.0017290833383265401,-0.05988856416809718,0.22704981451931627,0.00027102504891970026
rna|CD300LD,0.5758126947110923,8.085372558104056e-05,0.018039847445519487,-0.0011397148410547749,-0.029315305856718557,-0.018590761498717343,-0.0019537881981789925,-0.000599916366782135,0.02975808093064024,0.04057696423812724,-0.0013097349195200585,-2.3738052828500708e-05,-0.009177657767121636,0.08383264580678358,-0.004725790867343891
rna|C5ORF46,0.08841471418229326,0.00011763962239159752,0.006800704754751148,0.06345431853243842,0.0589284731036453,-0.165240009520264,-0.3385816481733914,-0.0008507889610960803,-0.12038357387618616,0.016886851368862105,0.010843587977265036,0.45488801939360846,-0.009646377901366429,-0.12598291970476042,-0.1617850454387797
rna|CRABP2,-0.06231814753985992,3.8956697426321296e-05,0.005945523752878191,0.010333420631994251,0.5414253841167579,-0.11443209222251546,-0.003071696501416208,0.2770466024546953,-0.144000448394956,-0.032107659863137364,-0.11718394639643943,0.28307367622105895,-0.015530695805177491,0.04607727995244696,-0.08484967250839891
rna|DPPA3,0.5505233235204937,-6.236767966293887e-05,-0.004654895619817519,-0.0046486710047119175,0.008309031228488105,0.002122280855251936,-0.004554693771274409,-0.0005242846562544325,0.009640972512684833,-0.013151342821531102,-0.0018595016553697508,0.00163823935319254,0.011657590326034487,-0.08131831102013544,0.10102279232607884
rna|TOX,-0.15725844265911645,-7.840216176608482e-06,0.0012587898644588064,0.2085126485496514,0.34009219829703946,-0.2988630580032891,0.009880940225827927,-0.038478438597331126,0.04821177964196775,-0.007246633197159579,-0.00044253883121984493,-0.024092225255766046,-0.034379877303229944,0.3671166484810266,0.0009330424595167797
rna|SLC4A1,0.5419609037674845,-5.84972838636343e-05,0.0033703348671769574,0.009037369777155363,-0.0289020603123531,0.006968648357533587,0.03598450724214724,-6.114852191146456e-05,0.042706918455656113,0.06314643844140816,0.012665674717823623,0.020975553223405358,-0.017393551729485004,0.17137062174468354,0.003361372069867537
rna|AKR1C3,-0.0308796888075294,-7.920153841113665e-06,0.002919714843198049,-0.052787575366973406,0.4622346188628423,-0.03651268390325475,0.26962784921968536,0.1357204360834858,0.3074140003803714,0.010921426143199114,0.016726930411177433,0.36336015560993523,0.0015307298758356167,-0.1927364521996875,-0.020950666934113734
rna|H3C14,-0.0005023756117479134,-0.00020036933190194003,0.001289483253965484,-0.1941204365322295,-0.24772722579576598,0.0038692244343151174,-0.19357653737111358,0.0004186980498240856,-0.26199286169895875,-0.14590316283965205,-0.037053815083689844,-0.06708053202532628,-0.028874244739812885,0.42832898176859446,-0.025582956123703565
rna|TTC27,-0.12659636223959395,7.805207713276913e-06,0.0008642129753597858,-0.08538294339552759,0.7383916652533895,0.002043457287509713,-0.026505212857483914,-0.004021557621300381,0.2168522663233827,0.020142612776319298,0.002759587142748364,-0.11910545232285286,-0.04165391760267382,0.1950921228254121,0.0003264405608648651
rna|JUP,-0.08576779463145147,-1.6394537075210757e-05,-0.000794936902630561,-0.048735983017797205,-0.07676155420126089,-0.2691195396963131,-0.003140311971213507,0.23251315483716026,-0.28824565794561613,-0.011794735126298252,0.008963123175445781,0.11992773255813675,-0.001466360372311121,0.3564037131402746,-0.1180124707488459
rna|STK11IP,-0.1271842932750797,-7.548744994255556e-05,-0.0029462246851884115,-0.009572116323662788,0.6962490315770228,-0.002842421896433614,-0.005766395865647779,0.0003136990432459373,-0.11816133813056173,-0.001174468160351319,-0.010624397953844587,-0.20593274420081784,0.0181553548257179,0.006235310688090731,-0.0005228131249874868
rna|REC114,0.5283865258450038,0.0001643162231574268,-0.00096175769671182,-0.00769548045690036,0.08483643785158808,-0.008795907268072257,0.014064884183345039,-0.0003077021926915658,0.005462373805296009,0.011867118936993574,0.0005194708650672485,-0.007057670461461485,0.02678701300730924,-0.12735769389034618,0.0004043170823616899
rna|H2AB1,0.03346127941350873,-0.000516145187677413,-0.00022453242743134466,-0.11787907032262486,-0.06874143850352087,0.15383607270350264,-0.0024595433823286863,-4.479354573040396e-05,-0.21077639668862955,-0.010613084809928505,-0.001692051000392755,-0.02147273837854313,0.006937704390971962,-0.05333975902627954,-0.1397008044780149
rna|SNORC,0.11673699740320287,-0.00012191767562152827,0.0022211575633991148,-0.1261542805396755,0.10635948123391531,0.11897899867517459,-0.008767574291988016,0.012570116826081468,-0.3452361601581875,-0.03618060499228584,0.022283638244608623,-0.09344392358573098,0.025803731195262355,-0.1321863383069605,0.030620230190269025
rna|DYNC1I1,0.25923207739928733,0.0001615768233241156,-0.0007454103246470805,-0.030176746356275045,0.10083618806403997,-0.12294092690852168,-0.04300897491830243,-0.0008512105312325715,-0.09504715933207923,-0.020971834646722927,-0.003347063823173964,0.014124174483952676,0.03657941317176246,-0.01656822151352048,0.0072558758482772065
rna|SALL1,0.49385439193635067,-8.276962092729938e-05,0.004544364613954452,0.01713108468465282,-0.03850393550404189,0.0013453266654702885,0.0041062078626023036,-8.664605376367106e-05,0.13652844049742538,0.00858234356093325,0.1404917189474925,-0.022243635356056366,-0.04698178068678111,-0.06166692673359753,-0.006287045802145156
rna|LINC00273,0.5960124775238085,-3.084076309446218e-05,-0.009497090462911865,0.007640576049705626,-0.01732563698302175,0.0008548041152999797,-0.0021777883792592845,-0.00021466798748916093,0.013304316062220453,0.024188085404428128,-7.483623952175848e-05,-0.010248233210136081,0.02936361295148447,-0.017685446790612777,0.0031180354615043776
rna|NEU4,0.13468688364455553,-7.68265385032188e-05,-0.0041090568774222345,0.2899352746562583,0.12712325046418327,0.16728418766804296,0.0005748488826564867,0.005403677873146122,-0.19968773509058663,-0.031321125784306944,0.14828277389154776,0.18721268582510964,0.045314971753488274,-0.12655738871136246,0.03889647527069864
rna|OR4K13,0.5791468272373064,0.00015067856729340895,0.013426729978785662,0.020134744145171694,-0.12836570275600337,-0.0005772930887659873,0.0030934961393956992,-0.00034275821200243435,0.16384840487087587,0.020761774698293115,-0.0016451718811748054,0.018948265680143746,0.02159105685535204,0.08193338698344768,0.0020268636320493268
rna|AP3B2,0.4870246186652983,1.7145515496607594e-06,0.0011174087241434228,0.04808130361074079,-0.20711948512321254,-0.0006258961087225444,-0.017592735686896167,-8.725402949399506e-05,-0.0989046830231789,0.0013008930524240488,-0.0024151336852626807,0.0025636903511479024,0.004975060546639429,0.02333935876478405,-0.0007300944868639739
rna|C15ORF48,-0.011194836852056645,6.19399044754357e-05,-0.0024841154246815545,0.2119816864465534,0.000957457387930215,0.16733443597200226,-0.35146858962554617,0.14480771507187654,0.1458097018076215,0.15432088920924658,-0.0008602039447239444,0.22070502042487256,0.04709363574536119,-0.2664757188401191,-0.29193348233755256
rna|CCR4,-0.08677044801482124,2.4402623903436694e-05,0.0017251449882875216,0.13922160350020485,0.057325436838346316,-0.13873667891174127,0.34768701566258536,0.0004912820133167299,-0.019238104507906938,-0.011393378352757654,-0.005412359998007351,0.006569459771842114,-0.003916276803926574,0.15852661471624957,-0.24723009696906406
rna|SEPTIN7,-0.24484761783313722,1.1065616469757786e-05,-0.0034646812316145715,0.0014627912857590102,0.054828523008859605,-0.02941395683087424,-0.006018040722486381,-0.0003045509752175641,0.6873665882607064,-0.003978800110651558,-0.02876890803455289,-0.1502888656129086,-0.022196450198549877,-0.3452349554761116,0.012973924780118757
rna|OR4D9,0.5721291314723681,0.0001659119356991336,0.0008918723773660559,-0.0036303133355139387,0.020476481218491403,-0.0005942306159667036,-0.007495664779314268,0.029239672083644835,-0.008733605527362631,0.013927255111053681,-0.006948717341210962,-0.00024582623083491985,0.009714230753560779,-0.05474982420881746,-0.020295059383164362
rna|ARNT2,-0.006379930771188145,5.5486297701489515e-06,0.0009257317786304023,-0.0037287810238303583,0.19900986333553605,0.30784041322701944,0.03571283249211776,-0.0002503723913243287,-0.2203474894458399,0.01138101360178169,-0.009959189064027376,-0.01076866993562977,-0.024943767697280985,0.1476267437243079,-0.06582958681104177
rna|SFRP5,0.46378549199967595,3.410279571923294e-05,0.00597938584522264,0.002095946139744293,0.014004170836779078,0.0015589180989629644,-0.00507348363596333,0.001926694655236906,0.01983670456412821,0.017488751313512213,0.0017336966060498321,-0.0012221364968229064,-0.05084276987049056,0.06529418461906951,0.002954163362478039
rna|CARNS1,0.00031759902570446363,3.0444376381033703e-05,-0.0013614223271651493,0.054461243445023,0.28385404609533493,-0.007580347254419344,0.2395217668629446,0.030547290373181053,0.19774528698263336,0.0324841571225786,-0.019111863064521305,-0.33418867889308934,-0.04418956750670472,0.03662011333023243,0.00815693995721516
rna|DNMBP,-0.010526804739597025,-1.3563339257323142e-05,-0.0004235464412920824,-0.2005587763355145,0.020663993085474203,0.009782678232853965,-0.1576670204691251,0.03128233211588588,-0.284135237063323,0.06927974143961843,0.0030400175700760626,-0.062124508860108625,-0.035848411994636425,0.24872285303117614,0.19231268447701194
rna|OCA2,0.02189156425859108,5.664127805440816e-05,-0.0018583648856943969,-0.00464050486742776,-0.13552783848147962,0.0006387893488154165,0.37623907619533964,0.0016916260153140566,0.06036328048912262,0.027292223832356716,-0.018003642107361443,-0.346436571809777,0.016789045550037567,-0.034489894476394105,-0.003978706292369877
rna|PDZK1IP1,0.3370975990605289,-1.6733542814925997e-05,-0.0005487017149607478,0.004061471934723446,-0.03534637581119265,0.0034243200775570617,0.02814408195003113,0.5874557987875803,0.07239424389790387,0.01446806375647707,0.03086694075077125,0.11494562436176298,-0.004323852890173213,0.05922164939807467,-0.004557159960192748
rna|CD300LG,-0.012488859323210266,7.856058609631412e-05,-0.0018443222992269358,-0.11698402640907447,0.15330059153008158,0.001629247545612767,0.4081926853084392,-0.15621218539587808,0.14314492729194075,-0.026957389529235494,-0.007502144214071512,0.17730394910278338,0.007133376694959344,-0.28267123619452345,0.09667027082416119
rna|LGR5,0.5107312775889449,-4.3962127400733474e-05,-0.0031685326722086316,-0.02157848699243004,0.015914861154654108,-0.007509740365541592,0.042865197379211205,0.0016210485100229017,-0.07453472339585729,-0.003993505699881544,-0.0029233563387359284,-0.0029217730359929564,0.01968413176323453,0.025212104952961927,-0.004187450435471298
rna|LOX,-0.10454369424262065,-2.4045694326293388e-05,0.003704767709438566,-0.01615428695244794,0.2111445586615094,-0.1018248287012629,-0.11300028904694914,-0.004108915929497625,0.09108412392334861,-0.013023951809077753,-0.023706732624008582,0.5936000803406588,0.0029832096768617885,-0.2676525649081904,-0.08754630271667703
rna|FAM110B,0.03566316070107818,8.709211718818082e-05,-0.002845472609844856,-0.00013113936281807206,0.6090706627827328,0.016934613416280265,0.010880039256562299,0.001284999533024189,-0.22755581680437836,0.012965504800693297,0.0029744256858326855,0.21177254455152356,-0.005971006104101586,-0.05022269570175667,-0.1331671501230654
rna|ARMCX2,-0.23023021265257754,1.6754736227541336e-05,0.0029771889044026027,-0.003195788846909779,0.0002601665949162049,-0.1436758478055443,-0.018117146745341366,-0.0008870184453536373,0.39988074280784425,0.030919738250697913,-0.0008884956290029874,0.040311907210993154,-0.012678421370399692,-0.07919580783319431,-0.07678973572038461
rna|FMO1,-0.08522794493977498,-1.7431647525944356e-05,0.0024247652453154435,-0.025356879938250972,0.3676748760297981,-0.13777947804436846,-0.25716947757872727,0.09923246227080146,-0.03426834870988376,-0.0060941460693490004,-0.016310462889552783,0.3263374399662366,0.012866779523618333,-0.13181405017178105,-0.07066889452315979
rna|CXCL14,-0.06520062654667153,9.887316011904603e-05,-2.1591406617505007e-05,0.02630237345658086,0.006794821743232729,-0.16754662302014176,0.595173583356218,0.2072691884632151,0.19452334171318303,-0.011850339255900127,-0.006031016827498288,0.003738172457162872,-0.01264995315469778,0.010656988376057431,-0.15796486405580185
rna|ANGPT4,0.5018372042989309,-2.7515613777920402e-05,-0.002511108767724035,-0.007031835914099541,0.032762832601637135,-0.0008480130618673778,0.02790821251231946,-0.0024039871970691668,-0.13270612100491047,-0.042620409816545975,-0.04635363746065928,0.04247794093930831,0.02514547389830416,-0.056065008086689835,0.004563921133786269
rna|SIGLEC12,0.04935210441082427,6.113195283080908e-05,0.0009213267668639733,0.1292949828638755,-0.08097385785787886,0.08303256170334614,0.15413779478799375,-0.0007324444712979841,-0.032921671512113504,0.05456904982772045,0.0003469402816458269,0.03395499165659569,-0.0020740903899774516,-0.033162600726372,-0.046969054443500316
rna|OSM,-0.01628809315031675,0.00011630000123870016,-0.0029881832502873886,0.04986418284636633,0.22062409987732398,0.11292452078060287,-0.25996479281009943,0.017998281481184222,-0.06371650271786307,0.17337624033855745,-0.005646717099087934,0.3041958899250738,-0.0020786461028979696,-0.22258750156099635,-0.13898363876865924
rna|SLC30A4,0.11987149760095779,-4.513443690825983e-06,0.003783115848223136,0.1429476519030321,0.14934735236299598,-0.3604160389173162,0.05189956148727153,0.0009067250922085119,-0.2004335593719171,0.026230219668012457,0.02975711195971112,-0.0029976564391875743,0.005968068832494885,-0.20262098426126987,0.04793096791203876
rna|INSM2,0.17319809085572618,2.068388553665588e-05,0.0038084007148114127,-0.14839836406828003,0.21255317010938285,-0.036399617259713926,0.014151546984152896,-0.00032431264487011683,-0.07420829043114423,-0.026293862985525815,-0.00521104486191981,0.003945510870748061,0.014831021902897971,0.12624287008304091,0.04944606300958656
rna|MYH11,0.08358272013154362,0.0001984067680449934,5.20884562560924e-05,0.0341511973824231,0.3991321250504311,-0.2004800896451782,0.29793084978057177,-0.0043849478109436145,-0.2595154691826662,-0.014766695564752023,-0.0025232118235568664,0.030843526082678797,-0.030693613372283393,-0.07741282340056031,0.004653448605055595
rna|CST2,0.5388460089442471,-0.00011109778067136436,-0.0020029830899567108,-0.026231137694999337,0.02184020477854994,-0.02805142474415289,-0.007885497599977384,-0.0011169279146174473,0.01403925987979987,0.018009387443401803,-0.00302413487457874,0.13540004157343363,0.0017548201938550586,0.1299707623239777,-0.0012513872684513162
rna|GPAT2,-0.06880086470161668,-9.10484106978941e-05,-0.00028185670125970285,0.047259695175967245,0.015998705133009657,0.02899217541592577,-0.011936701830155019,-5.881717561818692e-06,-0.339628630410362,-0.01686070244912095,-0.016762066874536387,-0.060110793064375834,-0.056004898719473915,-0.028216743574834727,-0.03413504069440917
rna|PDE4C,0.17548563549735322,6.075425917266372e-05,0.003005920029117683,0.09523424503032991,0.25763455933642787,-0.028526987363552202,-0.19504235978931422,-0.014201010507165277,-0.15440967163452873,0.03158877945375213,0.06742131008500715,0.11212571793879275,-0.004802300271043056,-0.10694104079731363,0.01462692818291808
rna|CAPN13,0.2532925488497416,-4.388915208705254e-05,0.0015917549869623095,0.0011124846488122196,0.16318489354431695,-0.05158809991037148,-0.010334699086122778,0.2489278143420649,-0.0032615552113781873,-9.618806550019733e-05,-0.00017482625800163394,0.0036754056530109826,-0.005905408631379443,0.013350074074807185,-0.011275677457010103
rna|HCN2,0.32333423473917816,-1.3606251940361145e-05,-0.00021641308687550716,-0.0018162412139664376,-0.15030185396104628,0.027078874892678052,0.0011473538702368958,0.0022047284199776685,-0.14174242089215203,0.04315785284325821,0.0015880881650515372,-0.0029756193053704096,-0.021564273338409084,0.5550514888662831,-0.001969632318601571
rna|MIR567,0.17685328372153467,3.436950077697212e-05,0.004513917351272408,-0.17095278465248245,-0.015571974040626971,0.01756427163270345,-0.10999867304635383,0.15600389052382976,0.2527838568690952,0.009779065354529002,-0.0026732922353247964,-0.1554249832900547,-0.07559492315522008,-0.24373943368926895,0.04240987712518782
rna|HBQ1,0.3367270756624892,6.15053930665323e-05,-0.00391594818391405,0.059188402665066024,0.08860651687527,0.16960072705165277,0.20571747426241055,0.0006696479973954593,-0.1883228691305146,0.022989671844127424,7.535649497557609e-05,0.011764389340340655,0.008402301722916564,0.029665760121950272,0.03714321403376464
rna|TNNI2,-0.005386396794529763,-2.355642766643795e-05,-0.0006413658351944609,0.0617335726389773,0.3461327917618213,0.012583709525038504,0.009819729887217415,0.20053631275612857,0.08305387826268573,0.043615988010828735,-0.006067147199813929,-0.04807247850012586,0.010004871161969348,-0.10141145457719088,0.008667636074494741
rna|PRR5L,-0.11762944993018132,2.2697445426627385e-05,-0.0019727370435396767,0.2887252490833066,0.5038711358612077,0.08671379394893938,0.20663826596249224,-0.002306989411537276,0.2402781554721118,-0.0704070524960909,0.0017265572586757127,0.21315008983945158,-0.0009239235812146391,0.3871012760986191,0.0064711674893670815
rna|MIR874,0.3418942097780366,2.8170663033192606e-05,0.00017821870174154788,-0.004236585074349463,0.0035980081688885904,-0.012265257300714922,0.0030578460885078906,0.0008875177768930299,-0.2876632430075319,0.007329387621116103,0.0009211146563296325,-0.02109147545800195,0.008956199217027247,0.006568888413631538,0.021906379097341225
rna|CKB,-0.0017009770809703407,0.00010922729815704357,-0.0006394785682058805,-0.26558442448621594,0.27196027579821724,-0.00146886760953113,-0.13004912469015883,0.004397374432116799,-0.1390686991038446,-0.0029870558086514364,-0.006503718470166496,-0.13523481567719586,0.004415641023689218,0.0070862081866199895,-0.10697325784759303
rna|TDRD12,0.3480077984721303,2.868184052990376e-05,0.0003630252038985564,0.0016694705610563586,0.10724340590393573,-0.02078701090546217,0.014085350329269266,-0.00024240825340089808,-0.09471551899148836,0.07960566782128761,-0.020119272433335625,-0.014880169759127862,-0.03227690088362205,0.07011019889694821,-0.017656640611568537
rna|SSTR5,0.5230612062445021,2.4706147137110557e-05,-0.00023544917054089037,0.0013823083211147193,-0.07862296129520244,-0.005704820698860502,-0.0006822076229054516,-0.0005706212849088944,0.10430651856425703,0.023349441811169443,0.004554896498942422,0.010597551892640255,-0.0349701180372324,0.01426572491729736,0.008912572557945196
rna|BLK,-0.060130799857905655,3.103127397503827e-05,-0.004242898740897273,-0.24732885017010947,-0.014945979462706404,-0.24408408151230762,-0.0023168460054899956,0.09544792698647288,0.2754708022902896,0.015859154340420973,-0.0013627428545227435,-0.14405048078707372,0.004122896968439928,0.25128404204479804,-0.07055842961019317
rna|EFNA5,0.1761057329998097,-2.2868369083584294e-05,0.0007754096353300274,0.04870937240367393,-0.029771538520476128,-0.2144009078818336,0.02410972752077095,0.1362271535017569,-0.25930944859854393,-0.0018645143929182939,-0.002056389103187642,0.09141057039722156,0.04847895556316854,-0.14952082696824814,-0.09802188059316976
rna|CITED4,0.2976769740029351,8.169118141669624e-05,0.0012157283631171918,0.021137340850241042,-0.3264006895837983,0.10380314409857859,0.328437481002308,0.11980533794543403,0.014392017138429102,0.045025476716219974,0.10996606929393199,0.0803941477705279,0.045843329428492695,0.36099017581370246,-0.14512660004099748
rna|SRRM4,0.5613449607835739,1.841401049427802e-05,-0.0022476662984578745,0.00030294595730291147,0.0008281498902431401,-0.00982896909266997,-0.047460129227744355,-0.00028822850184724325,-0.04444710203635521,-0.0028600693828135545,-0.0021610400734371287,-0.04722617316220499,-0.03636250704915609,-0.06222014582843065,-0.02455339664813475
rna|GFRA3,0.40511870203878,-9.243692649480894e-06,0.00045025845819461385,-0.045880672625852485,-0.004129613278173095,0.013577327602752383,-0.02441521288818548,0.0014740141351448695,-0.01788066347707883,-0.029543938470389983,-4.1721993180740004e-05,-0.025277550110022785,-0.00988308128999884,-0.04918181786972656,0.027374130948277033
rna|JAKMIP3,0.4495676690321572,-1.3607333145733926e-05,-0.0014626325088970098,-0.0007681877883257809,0.006690298680687737,0.0010656568687874644,-0.00039781238759947464,0.0004967756896898106,-0.004362848296966406,-0.07214282667143114,0.0018718153008985602,-0.00366656728533884,0.012081024126199517,-0.018077271523978387,0.09738952968209308
rna|MYH3,-0.1265196381005224,-0.00016188858483321138,0.002088463233496005,0.003937403578644542,0.6609763490011541,0.09217505455082324,0.1500620079617918,-0.0005578497762849701,-0.020678689728728848,-0.02836140136869836,0.01196681217391976,-0.11558650281833512,-0.00823087810350297,0.06289143779961016,0.005173320996411077
rna|FGF21,0.5491055967067273,-3.188166571616309e-05,0.0011002867361269595,0.008500005667827415,-0.048548140700748144,0.01547220682349618,-0.021473420459693453,0.00036254369531485273,-0.0007473142817025517,-0.09333115467216004,0.149389779459855,-0.00041907385252638245,-0.002557944284810698,-0.09413270553763009,-0.00204956951374384
rna|ARHGEF5,0.17321292114753797,-6.709937436784619e-05,-0.002230518082763036,0.036417629275223455,0.19800249875008338,0.019981521413134876,0.08813891418467101,0.04407054657210026,-0.22735066371524548,-0.033582240022321526,-0.0024725608409160087,-0.007480169618332437,0.003880167239092207,0.004458134728204092,0.00024416720698334723
rna|KIAA1217,-0.01866357279070821,0.00014896669579108636,0.004766170043051978,-0.14508418224019806,0.32065677239068224,-0.09825364128666358,-0.04640501516021208,0.0063899705385850655,-0.20906915941952958,0.07004701478056544,0.001533392450740192,0.25873576804854137,-0.042593550879480496,-0.005900023493743199,-0.016577232478246513
rna|HES6,-0.09798514559977704,3.3582311701930635e-05,-0.001020784367280011,-0.042804976205761694,0.41915529435826443,0.049593997694551216,-0.002205204770300725,0.001782218153301792,0.37925103357527323,-0.10171543076407379,0.0027982363582127446,0.011634726980906819,0.04791581550970138,0.15268174065812903,0.0030115787508697457
rna|GATA4,0.012164771215104125,-0.0002101494085310326,0.0006087299350895417,-0.03295543750825561,0.03535220236068258,-0.05971951735949556,0.005600395041977037,-0.026215813252950557,0.1241025950961467,0.02562299436069806,0.19736381415604096,-0.03430619086328365,-0.0017516632567038716,0.013317754140733601,-4.760159747982556e-06
rna|MAGEA1,0.016845466210139572,3.7515445457759874e-05,0.0024271533126218226,-0.014142384070799648,-0.08301640240448756,0.032924013204648266,-0.07119904303629435,-0.00655871439450414,-0.08194272045319947,-0.02489415785824724,0.0007932101195312076,9.864882280957902e-05,-0.009390403517925073,-0.12957033109248592,0.0484148671027384
rna|C17ORF50,0.5231905720867001,-7.403024835668333e-06,0.0006753520042264504,-0.06329078857686311,-0.005997646179878332,-0.00239659558553699,0.01100392106609403,-0.00012950722688752646,-0.08450512265481352,-0.014243940982742525,-0.0017985639890074868,-0.029600566057048354,0.0016910663775207308,0.0665211932523351,0.009860357141684322
rna|PFN1P2,0.5317187215996807,-3.132062218435762e-05,-0.0013758632362323286,-0.0015333399583803945,0.2106467314381358,-0.009557749399900698,-0.009883144336770875,-0.00040296884399593187,0.0043869195291664125,-0.006917465678007882,0.007396313903646792,-0.007759903493052735,0.01134950697312394,-0.05376915909718534,-0.0012695158545426568
rna|ENDOV,0.1463532330724425,-6.530314031633235e-05,0.0001228992439113785,-0.0003845221414797253,0.5360974002981308,0.0038755940481445894,0.15738853607863065,0.0015173375392653638,-0.1422340840639586,0.06025624084343048,0.01312287625379042,0.0011628282566567185,0.01684929728372788,0.01305295831214714,0.004794850210518766
rna|ADGRV1,0.5159409606618244,0.0001727980237566379,0.003429151325945186,-0.029233534925141556,0.00511559247662363,-0.009038662510993915,-0.0034322776333874355,0.08871790470261802,-0.03249311082860593,-0.007600157888546935,0.12083218557813002,0.007578128386268565,-0.00517466343684895,-0.16202994048868669,0.022340193638959147
rna|SBSPON,0.010232404727639092,0.00012028907341452918,0.0004994517829813363,-0.01183526817785319,0.22385914218715924,0.004390190240942424,0.4491780989764471,0.0012580064605530149,-0.048785442158641584,-0.024976272591865308,-0.006796623223101103,0.025344769462969576,0.003947655627263244,-0.07142804397385669,-7.241285296972755e-05
rna|SDS,-0.05519517477227863,-4.5703506101298144e-05,-0.0030809180031429783,0.09857089832102021,0.29728739348271677,0.21017516698098265,-0.1567814029411901,-0.002937509396343991,0.08659667995822282,-0.014042076296943064,0.13075319194927015,0.48593711372239773,0.021310603835987325,0.08018700309168739,0.13861913316615854
rna|IDO1,-0.1113304627247921,7.301840665393466e-05,0.0005758341806898119,0.5312954005114405,0.004101067060311086,0.25833127639664827,-0.1717386788917094,-0.0005560571539583654,-0.10358152622534642,-0.0763710295185142,-0.06252461782125454,0.015379790949003696,-0.024924380872939658,0.011203757970769309,-0.09259764584915386
rna|PSMB11,0.5654366093128689,0.00010801811805664654,0.007415590673970334,-0.0036567086193203973,0.02071732266087096,-0.010437814122525955,-0.01693256075600436,-0.0003210896729766535,0.010943576804544268,0.003608858986438187,-0.001586351863536237,-0.011596400026922377,-0.013647085414647256,0.13872282439111308,-0.009619646158017612
rna|PAX5,-0.0012092204743079612,-0.0001027571250965942,0.0026145723932216474,-0.2341331277086704,-0.1142872814388668,-0.2558325265860319,-0.12159318164375398,0.030906516203797304,-0.2614093393687539,-0.1036436192790824,-0.003604704220774072,-0.11580727548743418,-0.03548101192884141,0.520458406955621,-0.14021807005522277
rna|TMEM145,0.003680982137663528,-0.00014104413023215573,0.0028979890849612252,-0.060600674595490275,-0.1422835596074077,0.19485289727378077,-0.20357863703552725,0.0009791526195155435,0.15101526902986137,-0.08856061302675426,-0.012814254803844764,-0.00597622427228865,0.027180399135432444,-0.0853574177620476,0.09752724154713228
rna|SERPINB5,0.11178820750667497,5.508879636613327e-05,0.0014550342945909257,-0.020674703010976306,-0.005079570628581515,0.004663115011417878,-0.00020381751999015946,0.8136898863113963,-0.020007975381949636,-0.004694544239382483,-0.0009686025464755487,-0.0004186837990121531,0.027170404885796567,0.09474887246195772,0.06298374402215041
rna|KLK8,0.42227023406192266,-0.00010212566628414678,-0.0007279317432910395,0.003214571386466793,-0.00012013329460770547,0.00023012474603796478,0.0015325510432576256,0.4590859294428139,-0.01020647547036233,-0.08540088210441038,0.017601101718331135,0.0020585556879469348,0.0163745279946902,-0.06183085279835887,0.009045619905889334
rna|MAL,-0.014025981519621757,-0.00011148633052345123,0.007269076008657909,0.31688233378609043,0.022724888991621672,-0.028201077757019796,0.38676648232417826,0.31262971695877123,0.09469780040350965,-0.045586276692116415,-0.008693456576745901,-0.1552395839093682,0.02118750000451744,-0.0010777567309006519,-0.1291622533550305
rna|MYH6,-0.0007269582777149387,-0.00020723094143225535,0.0004167464802916432,0.14772623994389944,-0.007569612937805247,0.01878208913586346,0.01062811256658831,0.007113442228929424,0.039715011758434934,-0.01084142792062358,-0.004639168291580588,-0.00977979282202612,-0.011201673447162053,-0.257058779811988,0.0066218608588956215
rna|MGAT3,0.05525335779424716,4.488537632475785e-05,-0.00029205854449824227,-0.18107938647975141,-0.25272547641900794,-0.20030319103337116,-0.13960608291173796,-0.00198246879656232,-0.30902623321048295,-0.004916937123282521,-0.03350249089189736,-0.1248876261146596,0.0017826467050159737,0.1728886459944411,-0.16073866452196656
rna|SLC1A3,-0.14316137178453273,-5.774172944206897e-05,-0.0015017313751940302,0.19404265702994716,0.453782616578034,0.1828003889034182,-0.19201693157047095,-0.0031699217507713423,0.2595416213454044,-0.10605939543564735,0.001351557188332022,0.20655450203250356,0.007341108243739561,-0.049496920138397536,-0.14373745202869878
rna|TMEM102,0.3599581980705842,0.00016178824963478436,-0.00255802278858479,0.004233949759049591,-0.3958945275031898,-0.0006552510781912567,0.02729528934326941,0.0002572889533264666,0.008050274739271996,-0.019900375378054017,0.0020880623244953155,0.0024989209750926507,0.006635511105429901,0.223148115551027,-0.012622674504728995
rna|TKTL1,0.025572158363989204,-8.095335624620845e-06,-0.0018928696981870623,0.011374392671947358,0.0965928993443768,0.1615358905562912,0.16310697894494314,-0.0019103841771487258,0.08073409169905148,0.08903596287155131,-0.027411513224358877,-0.01637562438249848,0.006201362670572726,-0.21677556909360354,0.019377006069429707
rna|SLC47A1,0.005606615027516423,-1.206929442634296e-05,-0.0013085682095322314,0.15713311534279795,0.2707209715549519,0.2382826446460845,0.017215438751413712,0.0008919309875055037,0.0035618437279325505,-0.02227830214598558,0.12372401737544622,0.08210209310109665,0.03601663589205967,-0.05102419218688338,-0.004333365372906559
rna|RUFY4,0.27790207157296576,-0.00016470584472269556,0.0029247770672472346,0.20546238440127348,0.2585835104631968,0.1616973602833725,0.08153263641804893,-0.0009343622980208671,-0.0552404563468434,-0.010628836950686501,-0.026545490630338828,-0.03487447776259584,-0.017999510542150435,0.07483656385108516,0.01719927050138419
rna|HDHD5-AS1,0.11076693085270216,-0.0002526496231051966,-0.0006873592400988988,0.015652701755110448,0.41705003453678957,0.003762781726488707,0.11564607666606422,-0.0006090284437143654,0.05165738253010078,-0.05294553792490889,0.01566503825771985,0.013081517072437135,0.02172919455754766,0.146241095519469,0.018358793881998212
rna|ITGA10,0.04555202836327669,-0.00015538711891277036,0.003526298607548866,-0.10121995511301175,0.6893987860664735,0.010066476991607414,0.08947457785598009,-0.0032562740279123564,-0.0929802285726617,-0.010165093071439032,-0.009393589348620213,-0.056887219411955764,-0.022056903886687216,0.2019112156158435,-0.017707687160482644
rna|WHRN,-0.022183518010253898,-2.227577420169054e-05,0.0033706400934193667,0.22580529124293955,0.004273686764351206,0.009302849686633072,-0.13465586585273168,0.005456139323054203,-0.3116706091034407,0.002466869073345858,-0.007146672806741271,-0.19226481038842896,-0.08114082616391974,-0.009700218689282227,0.20370270686582098
rna|CRCT1,0.07557074133488764,-6.65562758238234e-05,-0.0002943327871986723,0.007954063349293371,-0.14419566875328627,0.0014246972657083398,-0.0003108995321926641,0.8063010669284463,0.008613278347583176,0.015689586391819374,-0.00023044523876244479,-0.019864365646655828,-0.039392557419093165,0.017757895332467986,-0.0009049602900789207
rna|NSG1,0.22243299517345766,-7.434652225741625e-05,-0.0016201829040635458,0.018789064441133457,0.15087951872436803,-0.07597177538175823,0.14476191893800103,0.18532434230848244,-0.17328232494325196,-0.0361605870313996,-0.013789769763520754,-0.025145013937529923,0.008041485748649683,-0.02746737803221355,0.04659149040917126
rna|EBI3,-0.09706416202505229,-1.963116304616122e-05,-0.0028870482845055694,0.01981513928365462,-0.06198488450231505,0.002931104308372483,-0.07498243020499497,-0.044782387583813955,-0.21096833125220674,0.01576633595265289,0.0019204962675930008,-0.06699301704315586,-0.024878595999520938,0.03825912203377455,-0.2760408233232875
rna|THBD,0.0331853131163676,0.00014591845304893627,-0.0021029423597459206,0.006424742857490865,0.4354569858864417,0.014847913097613255,0.22617570938943393,0.0021307079584800934,-0.17837703605896227,0.04377260028934141,-0.007738756563509296,0.09889990429998344,0.003581385517803928,-0.11381834606410784,-0.009841533285485272
rna|PHLPP1,0.0012582506599091146,-8.48706942642318e-05,0.0029476848827331326,0.003061269739724988,0.30868333616500016,-0.2956288171527345,-0.1867037173675415,0.0005008262154896477,-0.15279715508541,0.000652474230411704,0.00485880224159785,-0.03633065679929585,0.016106497446286006,0.1842175444291448,0.09440572702798002
rna|NEUROG2,0.13157457770926903,-1.930761234351161e-05,-0.0005163816845435124,-0.07732304266655311,0.26189608277245946,-0.1708300290236793,-0.21127932213991063,0.002208066451134036,-0.03974790847525384,0.0296643117401321,0.0017685519605134198,0.000532229820123679,0.00916856412129129,-0.01346409143957812,0.01846695373879099
rna|HEY2,-0.005596983454060332,3.182172024748213e-05,0.0010635416038195793,-0.06265145294363796,0.3518931098340962,0.05516594624487157,0.01674798868803271,0.0016115093432299645,0.04678142983505168,-0.020063794396998517,0.0456722990449117,0.2953856826400547,0.011057761363426618,0.07292376971016705,0.13401891724000967
rna|PACSIN3,0.1401659524295963,-9.600273122702219e-06,-0.0005491539695996372,-0.014240846813367599,0.26566658947470606,0.01724613554704613,-0.007525782822250681,0.2294229026297899,-0.3620208900681643,-0.06392685544715287,0.008319221848611896,0.05569898707537566,0.027824932836497302,-0.15064978510826768,0.09190940687011724
rna|TMOD1,-0.05423170633523952,-3.335657240635024e-07,0.0009661083061652662,0.1621448164209457,0.41490643861702764,-0.016691397853892634,0.10718122825113935,-0.0034187749991991,-0.07886466027161057,0.004043727483207694,0.039638089818734776,0.0734997505932005,0.006734438481519167,-0.002104996612197091,-0.0011782481195598223
rna|NGEF,0.1566596451928875,-3.8700463091931723e-05,-0.00013142555235890244,-0.07199401542006358,0.1529015517692428,-0.003615023653077169,-0.059023026987661605,0.15601216206995955,-0.1602561037969698,0.0013772166846927917,0.10497445097538137,0.06782899640828786,-0.006280786406669268,-0.13573957854598925,0.05701177436054371
rna|AIRE,0.2665081362949948,-4.105947232942527e-05,-0.0025445844308971638,0.1778084804392868,0.009355326802496317,-0.003494425206103794,0.21982173993000087,-4.605334677091548e-05,0.08307684449490366,0.002910025951869474,-0.057118488897035496,-0.15876319946880676,0.03417265114702208,-0.2221057560898602,0.004686059057300149
rna|MTTP,0.33907439808463274,-8.213961499265226e-05,0.0022146034129596807,0.11473489553389447,-0.13644690848336258,0.008400111017471588,-0.002837777240735672,6.907332387107713e-05,0.34085575089558795,0.00022085350299186427,0.20984305192963812,-0.14514716231791275,-0.02160144515577606,-0.6621184606609885,-0.001711475749666723
rna|MIR9-1HG,0.017908091708498892,-3.824316279183849e-05,-3.720274882920215e-06,0.18599379493625556,0.24264051884170063,-0.2589770347570718,-0.16207425342177886,0.0063110208475541385,0.03155444798052804,0.012929863502088029,-0.0008226931609157259,-0.19906676600552783,-0.008929968790303142,-0.030075420859019437,-0.053939690264171274
rna|CENPF,-0.10440287481192238,0.00010781179472715843,-0.0031515443969665023,-0.19727964402385328,0.36041918733594974,-0.006717224975759969,-0.2277620592820228,0.00016665548588117658,0.1440841074986741,-0.08102027826805121,-0.008063655759877638,0.006096270437949016,0.0838129877912171,0.5326629815694004,0.03851597672294818
rna|FAM171B,0.15596340253867783,-5.240047501230225e-05,-0.006664258057169225,-0.05868974213634853,0.35717334306674364,-0.1523261376347707,-0.037149768176648626,-0.0037005813542659543,-0.18440558239880647,-0.0006618599758632439,-0.006572744507476201,0.020067922523696494,0.03425329744809366,0.0072100063875196255,0.00017516658786551558
rna|EEF1A1P9,-0.2919425388152472,2.7631551763854936e-05,-0.003330179188759171,-0.04852545565863392,0.12205916839457552,-0.0001980942872042226,-0.04415820616235477,-0.0007994142975828592,0.43235447033681784,-7.750487669707404e-06,-0.0053490404394658225,-0.0943954904665583,-0.0323029785810786,-0.21481701267201478,0.09164386084967942
rna|NPHS1,0.2741643305853076,0.00018378100201149372,0.0004562808285670865,-0.0086438658978942,-0.051476459400026195,-0.037194017345619806,0.2734593733366608,-0.005919044836973363,0.026336841561464965,-0.03468042234802424,-0.006804013941545769,-0.25248046948885416,-0.015230768901746908,0.10004808500306037,-0.2402735161207837
rna|CPA6,0.19317276592224253,2.8654602031216556e-05,0.0009337519888535571,0.0031496295377408555,0.12020863367887019,-0.23501762956680577,-0.17560890340215515,0.0001331506807083337,0.009544971937600918,-0.012063948862229992,-0.0014996179468366529,0.013925179197926943,-0.022332820009786293,-0.0018835236321962023,0.0036826418267163147
rna|UNC5D,0.559731827257572,-2.9284808294726886e-05,0.0016454321844630152,-0.0025550431606743236,-0.03897288141805056,0.010095322151622487,-0.0019073935221128123,0.00046551764127213536,0.014927171928523953,0.005142963051943106,0.0037818916020920736,-4.92947955590165e-05,-0.056776071162861305,0.09151993162980139,-0.001645629462811315
rna|CLEC10A,-0.011505063995975071,5.644610085528377e-05,-0.0010317112858513665,0.2898937323281619,0.36941635309337795,0.1768384656453624,0.044775530203254546,-0.012911420106358538,-0.02212014895483649,-0.03728722625785448,-0.0006065624255617673,-0.002665545263196629,-0.0010169518012375354,0.020215031518540077,0.10661160998908956
rna|WNT7A,0.47190305286641077,8.423720163239626e-05,-0.0001127502018340881,0.015597217370864244,-0.1255750294742121,-0.009063634489932705,0.01865078604883153,0.014314535069787358,0.037628438184731695,-0.0049933001633858335,-0.002748517163401955,-0.018631622839737728,-0.0060571530528667206,0.15984115836755655,-0.00022972256424550372
rna|MPP7,-0.17938295308922075,-7.181726444279064e-05,-0.0004252584263788153,-0.0026558782329826496,0.2815992013611276,-0.017972308578063974,0.048553824317712053,0.16249984123887265,-0.10577938385604793,0.002204249792171625,-0.0004669524302130521,0.0016174291580599068,-0.010392473338655894,0.40292823708221004,-0.1989257648167122
rna|GRHL2,0.3772043188752447,-7.06757708483192e-05,0.0010672462113270455,-0.01816285303972598,0.030673729762258718,-0.016713290480655566,0.01693188573868386,0.45150737499565313,-0.004658561245452565,-0.013750295405466826,0.0008428022529361219,-0.058539366973941964,-0.0057616400459731066,-0.21048702932521948,0.0006698804043808143
rna|CACNG5,0.4378953822882766,6.398782648897076e-05,0.002336140403031283,-0.008959999703405695,-0.007183139075821143,-0.19453601378056037,0.06891510010578829,0.0001918169613102434,0.04300121530134137,0.045440191774717434,-0.001254670714750665,-0.08355537997945006,0.021995113637359995,0.27502074616178623,-0.014426940206034513
rna|SLC22A17,-0.06760449204908942,7.063643793109715e-05,-0.0004407137588618257,0.044047841956856376,0.5743658708556117,-0.014280861802530933,0.3572106536580659,-0.0001857318135155701,-0.16059635844563674,-0.020048640843479387,0.0022294582845273432,0.16334399973178756,0.028025104344098686,0.0005019974915914521,-0.08078990896853687
rna|C19ORF18,0.01047200617611195,-5.666390652591749e-05,0.0015661369790328868,-0.03771513102344578,0.35661178412150235,-0.12016219879961552,0.15083492295938172,0.035667865095866245,-0.20714727764337157,0.01389260185287902,0.0664574282342352,-0.009235751161512361,0.011245662985142192,0.1744328526807305,-0.022680067944762166
rna|KIR2DS5,0.49639163809175685,-2.017813780474888e-06,0.0004989329963305766,0.07986417963924769,-0.044280501240383074,0.09660628469214497,0.006889569645071516,0.0004444937404797651,0.06399807526666706,-0.0005630127430992602,-0.0027140052891109984,-0.032485770461057106,-0.006492767417816562,-0.11936370894419555,-0.0012637363733191281
rna|PDCD1LG2,-0.254626670997977,-8.382723053819263e-05,0.00410951021438771,0.2325157176487234,0.12239783140693969,0.12881521177963615,-0.11868324556272648,-0.0038311427608876177,-0.21771308763603534,-0.04487191111325564,-0.01643785179058461,0.2203130426812586,-0.015264084879240615,0.4035717626012314,-0.1786578601130639
rna|OR56B4,0.5154779883633208,1.5043817383240932e-06,-0.0017479870385173736,0.03095261402596469,-0.12566810386505375,0.006619982364046554,0.009088102003402779,-1.4232442783345625e-05,0.02841361264523959,0.0011364129862054518,0.001258548516661498,0.005687256313602423,-0.039761745364519145,0.0350855490894821,-0.007810254936013245
rna|PGK1,-0.26999325368968496,3.582000990355969e-05,-0.011653918462643595,0.0051410589693266775,0.18487339257333907,0.038295929414943634,-0.12274876419351118,-0.0003549797464661812,0.6807005613804527,0.061465849524421155,-0.055416044759842284,-0.00047685619339289805,-0.018895489336425004,-0.1717559185107281,-0.05398909814314536
rna|FAM83D,-0.20585339689441345,8.367816701399764e-05,-0.004763018237654151,-0.18520962131914653,0.015154634883429665,0.0038932628651379953,-0.14820300712898574,0.00027025493729985854,0.14017475557331605,-0.07883420610939214,-0.0009961940819934233,0.07861467470971323,0.07178016077287677,0.6748634677298179,-0.0005511343528121028
rna|EBF1,-0.1627061926426192,0.0002719349887113505,-0.002991727921941636,-0.07783923874529335,0.3325236564125028,-0.393135426115476,-0.07486365882205241,0.0002604232444633032,0.24200736363053668,0.026681792369082975,-0.0006529406651681515,0.012475509712000513,-0.023903888643293448,0.2102504222673109,-0.07081838455504635
rna|FAM167A,-0.04631938363620425,4.3404776253611066e-05,-0.0010811969678673399,-0.05543094202599088,0.2846713713055896,-0.162698590701367,-0.03277609439957066,0.00042841564012787185,0.18071210956185518,-0.0019789321888259177,-0.0002621834013561387,-0.026987773321340773,0.03470834715057348,0.06076530080425993,-0.08004835334376487
rna|VCY,0.5087778406915343,-1.77324039541991e-05,0.0014313229379719385,0.0031838602195625463,-0.024450591431420417,0.016596030397136616,0.004528517819051394,-0.001406718720218446,-0.008298736293048148,-0.10508187337711117,-0.0023511444268731795,0.01904496452579641,-0.0022635893931522914,-0.07176029571257626,0.08923527856970315
rna|GPER1,0.03971390151130274,-1.8914161274139638e-05,-0.0007003774111242938,-0.034781764265779405,0.06275017872743678,-0.023996560571794924,-0.1737607509432574,-0.0031170190615982052,-0.2405764083811828,0.0067648110031030195,0.0155804366125273,-0.021944297276813,0.026502600153949944,0.03611583881056528,0.0547951513179851
rna|KRTAP5-10,0.523601933908377,-0.00016479991527170598,0.001383790232059582,0.0007357509379064109,-0.10164700594871434,-0.00040594015107973236,0.005437681543277519,-0.0037425944339380328,-0.004665337753006364,0.008314541686184793,-0.007946593318790142,-0.0062684444285177636,-0.03432873242468326,0.04755632397610397,-0.0003655797648531689
rna|PRSS27,0.05662246131368276,-7.125319083936442e-05,0.0010310648927242725,0.0072629778871075665,0.2198367326478837,0.005355962327068294,0.09333461718536677,0.5256806701544227,0.02991359160774877,0.12528239822020068,-0.0020277847733936273,0.009047371925648126,0.04031696631662501,0.39540566435330005,-0.006108596774167296
rna|MIR1289-2,0.5433497088127168,-9.881437905380237e-06,-0.00520764205550351,-0.02452997615647445,0.12136869627103339,0.0005083002176671639,5.026712008070944e-05,0.0015038519753442275,-0.03437206340843785,0.048461555801892764,-0.007448916010283064,-0.006859500554658447,0.005013997774513356,-0.0026216598153668584,0.008009275625428873
rna|FOXQ1,0.22044877436354307,0.0006116858335648674,0.003019719127230285,-0.004557746204061986,-0.0031008844658352856,0.00433222610873388,0.07317397103116369,0.5805292597438676,-0.007489765808384609,0.02412620554294405,0.04258120434880797,0.002402988100111317,0.0001663482118827299,-0.14705982025893982,-0.00813534313416516
rna|SLC25A3P1,0.5821524388967219,9.38135749365409e-05,-0.005365548060135861,0.004760505382415696,0.014035278178349245,-0.01145338294875316,-0.018283564989400244,0.0005963683366945931,0.02259674973030456,0.0005993715501940611,0.03238306247783519,-0.016868049353246217,0.011441663199215323,-0.010949176860986266,0.00709386614356243
rna|XIRP2,0.3295758653788818,9.135532011249836e-06,-0.0021836440249218343,-0.009439477713336688,-0.021976598251540434,-0.038618759960896455,-0.059018414530121334,0.2532311233716767,-0.05090389908538699,-0.006250986063507094,-0.002014758613197056,0.047093371252198826,0.004930934736984841,-0.027474063198115458,0.001318822420322767
rna|CDA,0.3013181842201223,1.6559797236387497e-05,-0.0018047359664925863,0.2702355201442426,0.08926977959627119,0.21793407195974154,-0.12089906648769788,0.1749325503172312,-0.017845523501656226,0.03553229565862572,0.12714779589277506,0.1895969343294072,0.03742738234356153,0.12708973770964122,-0.14141529551103738
rna|METTL7B,0.17546371767348376,-7.483354099666879e-06,-0.004314015985778805,-0.005281883362852594,0.11039123277728712,0.35214246839829155,-0.013443000820507586,-0.07785807175902124,-0.0001414108217555132,0.03507156832915315,0.056697537232898894,-0.04005453073149834,-0.06076207673216428,-0.04124051181168848,0.13539693328104668
rna|TCEAL2,-0.02520665719933108,-1.7502189443472614e-05,-0.004958064063309906,-0.039418696617335894,0.21858633333821137,-0.008791690358885263,0.3151760216376869,0.16675172087448933,-0.04920139725250224,-0.0007129453811575008,0.00873887012079914,-0.0030900267216443294,0.025802761680261622,-0.00469371911351917,-0.08575339012827982
rna|GHSR,0.6028986455780198,-8.626341120178323e-05,0.003925556679802159,0.0015198510760476534,-0.12346282195431925,-0.0023795758044866783,-0.001380436852631033,-0.00032494816818588393,0.015477767336892753,0.019685633654096615,-0.0014146432313767794,-0.026620603736449866,-0.010248684523033035,0.047511776983124004,-0.0028300834276401435
rna|BYSL,-0.006087580400308251,-2.2035236248290935e-06,0.0011391695658703842,-0.22098351202735905,0.5560643426903196,0.02556634194738513,-0.16149484544293516,0.00027070825083876153,-0.03840395490255845,-0.04805830615785499,-0.005200218209287797,-0.17670097555361078,-0.0004543010217778777,0.3186373289187344,-0.0006210092063894624
rna|PPP1R14C,0.18302645374203558,5.1050917692351154e-05,-0.0014982797302412413,-0.03968963414477386,0.033929330927446204,-0.025014896577832374,-0.06260653378340157,0.2532041679411209,-0.13329772215430918,-0.02110049491134552,-0.03727053349593879,0.017958144211682164,-0.00643876138569956,-0.02396468263449123,-0.10613485600116061
rna|TRIL,0.025590528289147776,0.00014040728239191454,-0.003963227759435453,0.0036040768883780186,0.4336895145778069,-0.13293676982719896,0.06254570348580546,-0.11309754211358457,-0.05906232772191399,0.0019675294146327877,-0.050475841997928414,0.3651047445488631,-0.0010809599299602059,-0.16228606304241708,0.020219786114993702
rna|LRRN4CL,0.14321078814321245,4.2063286401773656e-05,0.00027734903015586563,-0.06389383865184275,0.1496471497394537,-0.13091295920451512,0.10400647003318857,0.02741026708659464,-0.42684705436028564,0.011330038623656231,-0.10020412343287081,0.21000906939094227,0.017433262771126116,0.024519998540400784,0.005282905341311695
rna|LOC402110,0.5444383484687185,1.0880065637265326e-05,0.0017242864428920375,-0.06938861242670755,-0.011268092271033208,0.003750327242039854,-0.011725985743265967,9.759461132091093e-05,0.2116836586923928,-0.0019777438047422,0.002847711268597013,-0.056610830664751276,0.0013804495673701868,-0.4208510908116149,0.002790777811027978
rna|PLEKHA5,-0.1395685067793849,-8.034007216140701e-06,0.00027881649402947703,-0.002724634387901456,0.4754672438891663,-0.08065716167259522,0.008696191342282795,0.013600742572122475,0.2919176935651796,0.009674262265150071,0.018624442990629382,0.22819728013331553,-0.006859812799762827,-0.31925573768091936,-0.030770695327903497
rna|C3ORF20,0.21893996504050886,-1.0975547314477255e-05,-0.0011832108800683891,0.04010855128977648,-0.009185076039524237,-0.18164940336474947,-0.26801570598872715,-0.013328510461025166,0.05978057335426025,-0.05163953382841344,-0.009886728987609554,-0.008306398562296903,-0.0004971277927166461,0.15740144005393716,0.05655554032020716
rna|NOXA1,0.22630308138694968,0.00012135770100140675,-0.000543406345198707,0.12378860038788819,0.3809492570451562,-0.005674651944350896,0.08025087718035712,0.007343507636451031,-0.13249246287921404,0.040835087693399656,0.025894126036346995,0.08229817556505092,0.0029717889643026967,0.13249988009078936,0.0834113974349573
rna|CDKN2A,-0.1947400517529864,7.048836601691584e-05,-0.003381487664624537,-0.18209269095687572,-0.10435925893573612,-0.021025666714267345,-0.07713954638099751,-0.03322837167897226,0.06473980630718076,-0.018806810963929797,-0.002021219295957434,-0.0031332232094921694,0.01679484464005807,0.09707213772468617,-0.0037637215813743218
rna|CHST13,0.1314002385475483,-1.8395560549161158e-05,0.004200442651064213,0.06423476500315736,0.20508592238418924,0.20133160739075553,-0.007329417227620454,-0.0014878790048748565,-0.18841049563110626,-0.0008831641595042578,0.056039924458099875,0.3263556371920983,0.047040891960824865,-0.3676767392100515,0.16203858073685165
rna|TSPAN10,-0.035919677937971496,0.00013870108990347437,-0.006898780169955658,-0.07221491228366053,0.03103935722705731,0.0049570967349463,0.1978123999694069,-0.07594817407645953,0.3220031897715068,-0.1809036359317184,0.04545105073069838,-0.1864734621932466,0.07571380377170395,0.12556635244255418,-0.20161587613641122
rna|CCL14,-0.021312240915434377,0.0003118080949106969,0.0034799337053853033,0.05157748133150307,0.030997228078577632,0.1010680984053063,0.5652117084147537,-0.0022897899946746694,0.09611241659499584,-0.011101884688623569,0.0006477281463584133,0.014070470113902873,-0.0435185715340888,-0.471664593291849,0.13820920641179688
rna|CCDC80,0.009318622379001124,7.340886024709286e-06,0.004518547173606277,-0.012413145545584725,0.1335327180702067,-0.22454140349433244,0.032880617287906165,0.0003281999396110212,-0.35640360788821007,-0.010198443971852716,-0.038567590565722946,0.592526433803353,-0.03889904764480816,-0.11302489941100828,-0.11225763364522008
rna|BOC,0.11270319472705197,2.1365042508085555e-05,0.002102756096712192,-0.008374069343300419,0.1726567750338218,0.003264899526133835,0.04339142881732551,0.12034560403376465,-0.4405614086457481,-0.010765114473758254,-0.023316841056007082,0.17145919879698437,-0.003329597603547871,-0.15027341049842138,-0.06480760496960052
rna|LINC01554,0.30466770936810483,-1.451318651244488e-06,-0.0015113982418446547,0.0011495535805454856,0.2600356592838914,0.019721409832658333,0.0022016029076872695,0.0027306342024891474,-0.1401592825121531,0.025944251230568656,0.17657167491649142,0.1028041866230224,-0.009975177731055676,-0.18235398765598354,0.0008292346106578027
rna|IL1A,-0.01183729289523896,1.782996529685762e-06,0.003085486530945835,-0.006244965440664226,-0.010164499598448444,-0.04221319438004834,-0.03620240392524531,0.3154119495367295,0.0792173234971423,0.17601979968040615,-0.0022726924997334033,0.018172894645728088,-0.03604084556974114,0.017218612835643337,-0.21889078191465466
rna|BRDT,0.49400813036478325,-0.0001063122736394656,-0.0037949765536509188,0.004485182550607405,-0.034269426312259654,0.002728307962500744,-0.02910243301945281,-0.001568351207812662,-0.03784690333625533,0.01010680564249524,0.0032942490349249978,-0.018485481327431812,-0.007935506050957178,-0.0037684385879967856,-0.005038970824310537
rna|TRPV6,0.2925619218681542,5.20829270051729e-06,-0.001444903826154095,0.014747371923863276,0.22107227112049133,0.1303796751331575,-0.040248324889092704,0.21475533601356434,-0.06998515801258337,-0.060900977727971185,0.011475809239622164,0.00496618474490787,0.005656991890499353,-0.15760021261045384,0.013734694584345095
rna|SERTAD4-AS1,0.009161545571003477,4.222960945179233e-05,-0.0001225452256595995,-0.004154638842012377,0.15523641479255418,-0.2984235044218455,-0.045029841202000924,0.006649656754957328,-0.13341314765032217,-0.018872719127814238,-0.00663953865741257,0.17027867769115587,-0.020310692913815376,-0.19049059365728452,0.17907231332362467
rna|BCL11B,-0.021219860492938475,2.0479226446842538e-05,0.011013951471254389,0.4552135242032024,-0.2403629420464131,0.002554364245806232,0.36177776974485065,0.00028521202790518355,-0.1299244528653428,-0.05135842535283129,-0.0022392130264743556,0.02882658559345356,0.005362233221538914,0.3857238090385186,-0.022930630107501047
rna|FNDC1,-0.13657270598138382,0.00011935735662342369,0.0024732301982014716,-7.661806086833052e-06,0.23186486705286302,-0.40314710208031795,-0.008646276950853227,-0.05205984149418411,-0.014032167133609167,-0.003032778432208127,-0.05361560075818722,0.38811196897339184,-0.023466115168182672,-0.026795585557934678,-0.21069194133394287
rna|OR2J3,0.534030182491571,-2.013532164966749e-05,0.0029188201249698365,-0.07163840544024114,0.08840601772893085,-0.003897869951675055,-0.006169376071440532,0.00014669396601152545,-0.0008181780711964005,-0.008405849526160301,0.0014541134511446266,-0.004574563339263038,-0.013595663059482675,-0.10087291627254319,0.003476722152275397
rna|KCNJ8,0.011506275161669072,8.437571287090787e-05,-0.001984364427325885,-0.1790300652150665,0.6130719953395899,0.004351458014735284,0.003439900247753288,-0.10231647845499438,-0.06831811354733937,0.006329610566645521,0.002952917493459081,0.19517976497183256,0.006686326233352433,-0.1562786607271843,-0.005681735625916787
rna|COL22A1,0.05876397874592005,0.00022424613464472036,-0.0016659290169963046,0.09062303889247612,0.4742104854970792,-0.08316219139625981,0.02100639274989416,0.007444287941023949,-0.1498886721354759,0.059100791732111774,-0.0027128551371713608,0.0027147392282297214,-0.004521023927060465,-0.08888330602462337,-0.3163980673162689
rna|ZMYND15,-0.006649858025364869,8.895017239072038e-06,-0.0049024050810900525,0.3161746430445853,0.40933182788718225,0.290560510773739,-0.1635356136056959,0.0011070852875583817,-0.007645662283823931,0.016611811823918233,0.005921078947556741,0.10937914852070847,-0.028012116131022672,-0.2998408969272233,-0.0037524547219314783
rna|TMPRSS11E,0.10093085131722057,-0.00013890815114726512,-0.0022747190185234334,-1.0889354156911038e-05,-0.0008314650834407928,-0.016610817367870408,-0.014343491120079472,0.6592645337061754,0.03485517587539104,0.03966020853059292,0.0015074678334964873,-0.02042519675088145,0.019786231607280866,-0.18659090398537348,0.012547719664621546
rna|TBATA,0.3683677165547951,4.0364787402022716e-05,-0.0032614373705613696,-0.0009968887240375543,0.02648789039060621,0.004181721316053257,0.16945675200332921,0.0013961744745267456,-0.162276909116501,-0.010547975159818224,-0.0013043361090924919,-0.05977517152607619,-6.265644800971212e-05,-0.01455456916620887,-0.0029921845189434452
rna|SCGB3A1,0.4066945547371784,3.303160246257029e-05,-0.000744749182232989,0.01058083097777517,0.06674313175311243,0.047818484497866735,0.09255907622890516,0.15524788508568943,0.04047396227993802,0.016650648876798523,0.003034190440605786,0.023387652758306607,-0.02222716867669093,-0.11961816193135404,-0.05372393242789688
rna|RAP1GAP,0.01593595345340313,7.719784322369745e-05,-0.0023694761293248986,-0.0011902161222315758,0.20499061324359982,0.01757100007832103,0.3760000827610513,0.15755691306781514,0.04445350751127241,0.019647946583807516,0.17090447529387695,0.010989475765623076,0.06585743530887563,0.017114393010824847,-0.03825329350619406
rna|MS4A4A,-0.14059275729507187,-8.631924329500084e-06,5.6950895903326666e-05,0.15350043964453933,0.13656812080217015,0.2782542464075517,0.03716937600347409,-0.05177472630921596,0.4748767334410236,-0.055464633962611976,-0.00017039853842237037,0.37182809799552113,0.009665400174662412,-0.21423025995239983,0.1698038526135348
rna|CD320,0.1410415656921632,-3.756356579921222e-05,-0.0026785787571355765,-0.23715470815470738,0.2719804681143801,0.1726529638042255,0.017669108825196983,-0.12326584632506439,-0.37139087697782824,-0.054521693040467986,-0.016603658143582497,-0.1756762169613718,-0.0210488779814832,-0.13363645629411747,-0.001621423639434182
rna|PVRIG,-0.11880187800708009,8.841630082799016e-06,0.001037809325446484,0.157680140373821,0.17610954195995002,-0.041587380899064164,0.13407273031209702,-0.0035368984455985976,0.5340002745933794,-0.10063248348524899,-0.05424368695485747,-0.22280408962751014,-0.010193833633792098,-0.28044818525938886,-0.004701321001999935
rna|LRRN2,0.22728384166611718,0.00016995765025756853,-0.002631451184098083,0.014628075397385287,0.015577120915989883,-0.17953703541263805,0.2455852098977858,-0.00582130250980927,0.003708989153888962,0.046859177091299296,0.0011036954049920271,0.2846859107399065,-0.08142257882897264,-0.44335113764587764,-0.1175822799304445
rna|PROX1,-0.0982646984290359,5.967053923199967e-06,-0.0010033732805401776,0.009997969281987531,0.29528712008130575,-0.12017132663902005,0.25583936844867583,-0.0006318976778518474,0.10344279569781813,-0.03779575271096872,0.1507797869205892,-0.00025132948005448586,-0.00274649453145255,-0.14824483700307828,-0.00627170038077016
rna|S100A2,0.21903036505571782,3.0279631804648125e-05,-0.0024837035711803537,0.0020890922724447246,0.0681418015976406,0.0069235139424782995,-0.0056183556144604905,0.66994002220898,-0.06761352127621574,-0.07752577060245493,0.0008853716925156683,-0.0014308138986663928,0.02219274281357668,-0.0634372494011745,0.0006367372530386706
rna|CCDC102A,-0.07896348679856903,1.7842727492511737e-05,0.006950501786133562,-0.11871374036320144,0.4028026062409385,-0.06464955179990173,0.16958599617885,-2.5351430173194824e-05,0.15478942019583813,-0.01660188644971271,0.003076558324277479,0.06196628162436262,0.04049037708179821,0.3823135991348515,-0.11462304305460665
rna|NEUROG3,0.544033676589263,-4.085844910936236e-05,0.003522855101259372,0.025406157121823404,-0.0498250135949408,0.004949756867564582,-0.007285713762796408,0.0007153010828375571,0.04871689164301238,0.022177296802275818,-0.010291588126446583,0.0007513148905075756,-0.011182158702914672,0.07856022798821136,-0.001576672768428417
rna|FOS,-0.03244209020176969,3.409370122572003e-05,0.0008112674576709568,0.08553426966714832,0.13166714054027204,0.0006426422449457182,0.023370518834780005,-0.0007869193960145342,0.02354393286662775,0.0915048492455135,-0.0052848946257352805,0.4294177424972145,-0.025862130625546566,0.5263983246909371,-0.0044385392286509315
rna|UNQ6494,0.005827846297863178,-0.00015621598215035063,-0.0021077718197882894,0.1859833904095995,0.4191993399112857,-0.16454830322399236,-0.0574457589891482,-0.015706142379873406,0.07124632230623179,-0.07936698531900187,-0.0009022446852718454,-0.019538209061349263,0.002368321065481695,0.048413277475796074,-0.18523561900758942
rna|PCDHGA8,0.0004424114313445522,-6.397005421234216e-05,0.00012575097862240565,0.0007679577724166402,-0.10086593431164789,-0.5275935966508488,-0.10698888559282431,-0.05966739772743837,-0.17113820942003957,0.015101499760999343,0.0050186954881872615,-0.0032461969762003387,0.003596719833220245,0.11149363152212087,-0.10254690699984446
rna|FCGR2B,0.06287206443980081,-0.00016245408038271456,-0.0008717951276562355,-0.046794783981868614,-0.0944099016254915,0.006175252793944446,0.12524110799863702,0.00439741371404478,-0.004733290616789517,0.013153034672901106,0.0048452675779801216,-0.03789938373538818,0.02113409059725325,0.11465731661691048,0.05245976928380818
rna|PLSCR2,0.3172776464511552,1.5972162298326704e-05,0.0058858793732826375,-0.002465187952594782,0.2699332401452454,-0.001735756265014152,0.008381987684373997,-0.0011424244253642277,-0.048936290322759715,0.11043447883996238,0.006004846486403539,-0.11199816034015732,-0.0248800133135451,0.13143526213939988,0.06131990805550429
rna|OR1K1,0.5658028589411455,-4.364649365499234e-05,0.0027256805614353937,0.010127300701179339,-0.06953356942969942,0.0028744259676314918,0.010008130723405893,-0.00013976144035523615,0.0349490191329336,0.0033664339163714183,-0.0006012482057294571,-0.023490845787470637,0.012134259740948975,-0.029526598213160053,-0.030074821047754184
rna|MAFG-DT,0.24985889717214463,6.10969063841898e-05,0.0012307423968254464,-0.16302616614274093,0.4132360457767334,0.07008401588907762,-0.05655968881214128,0.0007211113038286428,-0.22291760646338557,0.0799166813375961,-0.06854987921606406,0.007765372260383701,0.038295311373466756,-0.1699823441344432,-0.0036746809390571745
rna|PNOC,0.08041314173082793,1.186721529869787e-05,0.0017324377533544668,-0.05169831018025412,-0.3562724298004052,-0.06727476715788402,0.06178182188270883,0.00019568235922685177,0.210121615278374,-0.03943972633914533,-0.001350059920207274,-0.09190776596342348,-0.0011527934500152545,0.34133746154828926,0.04515650562501237
rna|NECTIN4,0.0866490627162629,2.2342442965361972e-05,-0.0013032344585509994,0.004639075983108328,0.10805295088971496,0.0003538397257032513,-0.24093089512710084,0.4535062198988797,-0.07398601027065235,0.08041667035291014,-0.0002045492975204214,0.10637972503553977,-0.019855666347846756,0.09136456870287174,-0.24158157261779686
rna|CLECL1,0.005390980792573279,-0.00027335397417546745,-0.0029144073828325035,-0.18504123170957787,-0.12126372625204906,-0.00860265545937873,0.014792791024921837,0.007647528047671872,0.20761159766921747,-0.011090596888066104,-0.004187467220929504,-0.06827665888668136,0.014563371873359876,0.41115553984890846,-0.15367708416083561
rna|CPVL,-0.025038894034318585,-0.00010286218808419926,0.000607871601764979,0.26615412797541077,0.041983283169111,0.31050890623238375,0.0019008298859987656,-0.0011120016356195358,-0.002636347317366769,-0.14014766821881972,-0.0019668179947412894,0.08141348893205713,-0.03475394505630476,-0.28335543419544046,0.13203078578374525
rna|ZNF391,0.09476788424928793,-3.6387226805288894e-05,0.002124033581187148,-0.12162561299925922,0.18063787157865682,0.008565126458527902,0.02808426466577057,0.002729505371729996,-0.2197369512217991,-0.043287909265000625,-0.007095839567461236,-0.008854794626823762,0.016655814796178725,0.14170587919835573,-0.008251551696657273
rna|FOXD4,0.17890137281028096,-5.4459565937899036e-06,0.0005504804052954628,-0.18754149597350656,-0.27362287036528005,-0.018343772180706947,-0.07355834100258869,-0.00029376899642700256,-0.30816241832381086,0.003155839935382453,-0.009178020209332793,-0.0386678159002332,-0.014840594630816831,-0.042653263008183055,-0.009588727050034902
rna|CAMSAP3,0.22443672896474554,-4.1060760652122625e-05,-0.00120360943838059,-0.10212827885162645,0.001657184370612256,-0.01731330417282515,-0.018229058908740634,0.1867498534718426,-0.10464101947287018,-0.006695180028252896,0.14357348785326365,-0.0069850428980042295,0.019066055949275292,0.3122242053280119,0.1200779918142158
rna|GAGE12E,0.5934663638032203,-3.490160481882164e-06,-0.0024070245093556343,0.005191165048898772,0.04764714698176345,0.005898844136755395,0.028745819000902905,-0.000363269761711482,0.029101734769797234,-0.07806382139319833,0.00032345408410089436,0.005276681405005874,0.01372783726461077,-0.026416901494133203,-0.0038384538928062425
rna|APOD,0.012974747030654267,1.1316693591598695e-05,-0.004696576827527605,0.003357938864191533,-0.012037305590996878,0.0347878626862377,0.00025826338979062464,0.0029632764831751483,-0.1707656844264538,-0.05352336168148823,-0.060962444107395944,0.20386572300362146,-0.03548785614805714,0.18471110643585825,0.1903399284442111
rna|MICU2,-0.2515063817273468,0.00014432122615439528,0.002051395035308477,-0.048015721475833426,0.5623828827254745,-0.01869728187617101,-0.00024352590514999244,-0.0009194131653965498,0.50138582298171,0.031885455220748926,-0.0013299673835369878,-0.06508064984579763,-0.020252712969909117,0.1594644660724638,0.06460568540728782
rna|TMEM37,-0.07284532584798209,0.00010001299275354905,-0.0033692337879662683,0.02729448345179685,-0.1526025075535515,0.23356247706470482,0.09422789071512475,-0.05862695914403856,-0.4578651192608416,-0.09053714314124094,0.0739816263996349,0.16487086887908842,-0.007268800997429152,0.05399843194448988,0.038190479943948384
rna|SPON2,0.045140691247505825,-2.4877488774786503e-05,0.002491695669519718,0.08789165369684869,-0.08324803684145624,0.0031402947082842378,-0.1282309544264582,-3.9751895905215425e-05,-0.5334475760392506,0.05932732510895555,0.007285388786768337,0.3278155835295531,0.015764305702104197,-0.10176616264889028,0.015482215768781971
rna|HAP1,0.4643176454538915,-0.00015933670283041485,-0.004318784093927902,-0.05281876973449073,-0.013724506172598232,0.010195681262660105,0.05131093323755332,-0.0040665979669011745,-0.03959076143018911,-0.08318208777344374,0.0011140679192893467,-0.018017710600256188,-0.007349555723141711,0.07639408999278087,0.026663098340313943
rna|MXRA5,-0.1181353523677007,2.297926653877104e-05,0.002445603077622307,0.022090338307232744,0.22644875288323776,-0.1616694371523137,-0.2515129116622404,0.0010737096817735772,0.006020367619727442,-0.07079122325699706,-0.002139694940044687,0.5356403497638019,0.012729987482967659,0.07282640122202336,-0.23921468622193934
rna|LTC4S,0.1689990615777641,9.315654982352107e-06,-0.0007785475892294933,-0.023708389704412396,0.0026424845462675504,0.006132338417279397,0.1486036315775015,0.0010972255648790182,-0.3104226954015846,0.007591401960657094,-0.04720619228369843,0.08188294279406282,-0.02690124852385226,-0.017621583029302064,0.0017062584251774633
rna|MAS1,0.49311580840795805,-2.6934948311475048e-05,-0.002786368021914552,0.13817187802542572,-0.03270188519009297,0.01258390359280019,0.015540076970006438,-0.021729163354767416,0.001604962937471077,0.008477287683615,-0.022989138898162648,-0.005085683234228919,0.058702718792519884,0.020451615862242298,-0.01711447417092131
rna|HAMP,0.005962487256091532,1.958951172071251e-06,-0.004750382725309821,-0.019748950917341617,0.16517782114033525,-0.011368791332030026,-0.20149271026499857,-0.07499945111965768,-0.04161864831829086,-0.006101202863688802,0.08160803592313122,0.07824046716350054,-0.014142003844988827,-0.011375091804106075,-0.37452135563909694
rna|SLC16A2,0.03263243175381605,-6.297506328839427e-05,-0.0040179028102225,-0.015062907105311468,0.1845070367155079,-0.10029990045510452,0.12308871509732551,-0.004574847014114253,-0.2555488755512044,-0.022900613232136303,0.10362001432633561,0.2994717477899581,-0.05010200117080177,-0.07571033433464934,-0.013196388030807249
rna|NKX2-1,0.44008950692391724,-9.646860249778127e-06,-0.0019107007519156662,0.05203936209809774,-0.07902394802930446,0.004669079738455082,-0.0133926748579846,0.0004091003798361549,0.03656515939009425,-0.012973511784594308,0.009973495790861292,0.05696718049046529,-0.0032897462235919905,0.07643116633242468,-0.021231569493869857
rna|SERINC2,0.06678739780240488,-2.192813270582197e-05,0.00021995631839661858,-0.009151526979889437,-0.0006054479928233887,-0.06309454843309381,0.002369282822108706,0.23503102520792243,-0.2592451951752143,0.009602522469357064,0.1601191859296125,0.112996760954115,0.022273294014746814,0.011694847925683614,-0.11431938472645513
rna|KNG1,0.4547033975111525,-0.00010861062826359727,-0.0046572556228790815,0.002116532083108689,0.013342464540091057,0.004298912089848011,0.0025608561885891836,-0.0042467163463292355,0.023571189086047432,0.0542611556165309,0.24781439779634606,-0.00020812563273603848,0.005375927319011645,-0.1690037049539836,0.02115989822673369
rna|DNAAF3,0.16791484652690755,8.424000940050957e-05,0.00306211503411528,0.004492728731394728,0.28972302313174814,-0.00477359697179184,0.08811968518351164,0.002248097800305999,-0.2736888947190857,0.0062513889511193734,0.03532622696965536,0.06505660770316506,0.011658711137699139,-0.01701022505334515,0.09518699905840036
rna|OR2G2,0.5519958676039813,3.462742318400498e-05,-0.00811112563701661,0.002052948093351941,0.12062338784683567,7.896426503450848e-05,-0.0031885592352803548,0.0037239427794652957,0.0456114785289486,0.048932499538257165,0.007919581534601351,-0.00045774708955836576,-0.0020466981596587884,0.12192100365101828,0.0026808870870252614
rna|GAGE7,0.3871732849310111,-2.729842589154818e-05,0.0024758093188986456,0.03210293921098849,0.0075040683270723345,0.006840133467329092,0.13173395557786335,-0.0020278863299704056,0.2056817352304154,-0.035136904352734484,-0.008913518350913668,0.007795766244216285,0.0009855341902922387,-0.42010481735263044,0.01660540739425744
rna|PITX2,0.34822349603016217,-1.6180171287173877e-06,-0.0023229365394732463,0.10052820090640514,-0.1686225760585272,-0.16474768568386894,-0.11008219590732625,0.013588436172555748,-0.018058406377627324,-0.019776637438975418,-0.008967508378927224,0.09882775221316609,0.015655187174116153,-0.2110918812527525,0.020194468047879558
rna|NR4A1,0.24349284438588312,7.656569484001507e-05,0.00015776519336098898,0.011067155473103496,-0.31164832972864503,-0.018965306742861208,0.02432838488686634,0.0006910304895191623,-0.19453117036517575,0.008547709946538506,-0.03204443323890869,0.25872442478888563,-0.05789043279066456,0.23772370135572923,0.008398372253519037
rna|CFP,-0.11506523606811658,6.414904983688336e-05,-0.003412142772976819,0.1009748804676321,0.19422611732146142,0.10096925652671247,0.16504504251828242,-0.0010274232769935025,-0.41480932956655575,0.007708228470071394,-0.0019271120412505873,-0.30103165341458354,-0.03077061815584738,-0.07651056822609062,-0.17878873470497725
rna|SEMA6C,0.21774859710540015,-3.080143535609476e-05,-0.0007083883957749736,-0.07068835997367034,0.40524342114260264,-0.02064991516130926,0.021620197443851092,-0.000987791918362796,-0.292892200001151,-0.011100652387459112,0.005062558766792047,-0.004160795383963782,0.0016570226361490349,-0.15465143325106293,-9.214149953049557e-05
rna|THBS1,-0.18707872074526416,5.347875413359449e-05,0.002317386528461888,0.0033994658123651916,-0.04402132075584692,-0.005147215194126917,-0.08310358456084677,-0.0016627483546090471,-0.007102862849916062,0.0271625887638034,-0.0030150159159857124,0.6070446710280988,-0.020690328959540823,0.04005256613436466,-0.06596570334634962
rna|PCOLCE2,0.0718726201604844,0.0001337242178144894,-0.0011340271030446057,-0.01163686790925817,0.3792571307202377,-0.16142535046240822,0.22108402777657937,-0.02580869388085613,-0.1511463894915054,0.0019610193789065767,-0.005474500610276693,-0.0515850275565725,0.002154600314459938,-0.03504576659963194,-0.014573750638960513
rna|ANPEP,0.09820735089545009,3.2508719586182485e-05,3.593338804591691e-05,0.18916633722944284,-0.04158831341245198,0.1434978291778369,0.011589016793083393,0.005651105225427357,-0.41903460863485514,0.12018118917372529,0.06746271001533244,0.3463088694436506,0.036223435603871264,0.17521786149859103,-0.012071573427096019
rna|EMILIN1,-0.015530332681928813,0.00013432151070505032,0.0023270968776263968,0.020119446618596576,0.2698116884226649,0.01980131315170507,-0.08160233006839111,-0.002518175114841767,-0.3333939314386395,-0.06522569480823982,0.0028589319720920864,0.23855832932140478,-0.026081376382006985,-0.35505140534171614,-0.25619155733585885
rna|ANGPTL2,-0.11976683704970079,9.193660530324665e-05,0.0021168184333958517,0.003071987964166204,0.48415662219348704,-0.004575227403526456,-0.084557449273914,0.004758916184485357,-0.08475942314985258,-0.0015546832858879473,-0.02222984347711708,0.4098094284690664,-0.03582545701352358,-0.39048521266565894,-0.11345907196492265
rna|THBS2,0.020569218497012664,-3.559125743279869e-05,0.0038751820271911825,0.0006414582898033623,0.013252361747559921,-0.20401051125928232,-0.1259283432897024,3.42596670170074e-05,-0.17096137512508705,-0.009837016018767589,0.005930499399540183,0.6931025996239846,-0.0023246464859121084,0.012220402380957179,-0.12766873966355316
rna|PSORS1C3,0.0687971211931447,-0.00013179765664454222,-0.002288429873866944,-0.11645616685102092,0.07211335492929948,0.0008508015286469417,-0.035866522778635584,-0.001495411328318091,-0.20951832540413198,0.012547932407509418,0.00918004318911287,-0.0978613170408077,-0.014207587544787022,0.03782334508251141,0.007373574507912245
rna|ASB18,0.5420282263519799,-7.498836449353298e-05,0.0072222995437486925,-0.006329767820225771,-0.15889361778192246,-0.0004143394115943867,0.0034673008915407175,-0.0009579045030195751,0.1370247943517107,0.05298088975067215,-0.0038963240179834798,0.0004884608286015429,-0.015762834263000642,-0.07119807535894898,0.0005995864552855946
rna|MS4A1,-0.24676977089692395,-0.0002615620486239714,-0.0017857186514362413,-0.051078591721306424,-0.16096345704273435,-0.30896715468693703,-0.006859628822580163,0.012577426284762258,0.35881258404190997,-0.013583496743364456,-0.011123334249007227,-0.1192640253392825,-0.0030083313710711876,0.26028874839896154,-0.048817285717831616
rna|OR2T27,0.5095423712095168,1.995990573861274e-05,0.005274284409034702,-0.007421026105464246,-0.007128157505466694,-0.02398396563989248,0.005900260406196573,0.00017175086577553368,0.11808636772104462,0.04178989291757663,-0.0009039478156745247,0.010653512013980161,-0.052124316253881295,0.023546427201359625,0.01220510627394546
rna|BPIFC,0.5047807413454554,0.00013104079706873856,-0.0052531715899841605,-0.008401239402487909,0.05152765623423681,-0.021753768738051883,-0.011160032078727573,0.1433049373324577,0.05171441093332189,-0.026136042669271966,0.001209042228382271,-0.005595093026847982,-5.20790288583587e-05,-0.09894129199056849,-0.0006385937069266158
rna|CPLX1,0.24297581703606935,0.00010797666009068198,-0.006292942342211065,0.002158844699778765,-0.2553470146199459,0.04135097322208472,0.19589235706675678,0.0015723088481952553,-0.19810250006240343,-0.0019255546685584511,-0.002280947632363988,0.2599466817532517,0.04435817308350299,0.4297653131530665,-0.00022546017126460165
rna|PDE3B,-0.2458752050432448,-1.1451962357478315e-05,0.002492273658814364,0.26941472461650784,-0.08027879551831067,0.019403618203976878,0.18069821091324498,6.782870982581174e-05,0.30228676814280525,-0.038516133028417256,0.002984377639336016,0.20522026456031267,0.02221345407208717,0.36802367588870943,0.004990928833661576
rna|IL17REL,0.022960778715200303,-6.940873082383174e-06,-0.0012686207494735076,0.0036127690218717493,-0.07310379981551832,-0.051349438370551156,0.23709165383304312,0.0022317014507220565,-0.16473975428830417,0.01422972634353295,0.00016265090089671134,-0.3586387877967658,-0.022573318796336436,0.14053950534016552,-0.24227842414983938
rna|ILDR1,-0.15988481336260144,-6.6987136615177e-05,0.0012792008010030387,0.01670299354554981,0.32273592669779017,-0.3742563495238124,-0.09945332163257796,-0.0008683401352078383,0.2508158671714069,0.05784427641180987,-0.0027156707305140706,-0.02521607885349772,0.019584885347190707,-0.06042842468689749,-0.05223342885286073
rna|PPIAL4G,0.41939112571233755,-0.00014873204075559557,0.006802933583457938,0.24411128338923643,0.11438898880367601,-0.1382913028351928,0.18118619915514433,0.0001319142827100734,-0.035874463749939085,0.003499126751279324,-0.02131680008634648,-0.05323817183266693,0.005795296844882269,0.21644744875369998,-0.024706144228559622
rna|SCGB2A1,0.41638164261332633,3.348031173274292e-05,-0.0007682471408637536,0.010337317453398429,0.11557699236795942,0.0007738417228353044,0.01466526725022778,0.21071596188858824,0.035401887874835,-0.002797891250976856,0.027889052763161733,0.011241013489458697,0.0067234291482271315,-0.011218055020643894,-0.006346221505772025
rna|PNMT,0.48644524684127083,4.927206561781838e-05,-0.005717464578998925,-0.010512910538509553,0.005721258203829579,0.012327607888772891,-0.0035233604621537295,0.0023635440718582632,0.02831832378349386,0.012030344329085832,0.002744696437266627,0.00179635994982603,0.02023466304891867,0.010893667093794182,0.011385663844950704
rna|OR4S2,0.5327785194541959,-2.2949675471661972e-05,0.0015775316752275415,0.000559456837098039,-0.11647636284329663,0.006368529373436123,-0.004696417000610747,-0.0008287333622275773,-0.009525044145291471,-0.0018641871895397758,-0.002467592975240713,-0.01985805373451551,-0.024597655813049228,-0.004443480261575544,-0.0011227694865378057
rna|SOX5,-0.11258882245681874,1.0767407249896836e-05,0.0008371216320030992,-0.2600310130242533,-0.06572824520538534,0.19219957925709838,0.07706815703401283,-0.0035675268487635795,0.03330259060704148,0.008390108577671258,0.0007195144106538321,0.010519517667549274,-0.024443232352840998,0.04521922064204475,-0.2801926799972398
rna|NOL4,0.11354174742299447,-8.483414119983998e-05,-0.0011861461249420323,0.002310787598332102,0.0004083374116450955,-0.0881650912186266,-0.12558701053857035,-0.00290549721492802,0.09108616461610325,-0.008068104258640504,-0.005321766840215059,-0.01698946456680591,-0.0039123314898370535,0.12357128251718687,0.24194899215714205
rna|CACNG3,0.2814708001455021,1.0888942289137908e-05,-0.0016609402960723401,0.08994234311470733,0.02447887021514267,0.006205362229849309,0.012337496231695637,-0.003271857278181219,-0.049517691477515356,-0.0030734034517856086,1.3919844383078176e-05,-0.24199710002392238,0.0065393400353861795,-0.18163967090734212,-0.15358230692833366
rna|NOS1AP,0.2296336022557384,3.507432454584464e-05,0.0009250925367839442,0.09959731360802529,0.0748539831536683,-0.005625567984497019,0.018242494731930348,0.11717132160103455,-0.07684813035691394,0.012942559111680192,0.16487487552855704,0.001283742600214894,0.039320329270430845,-0.02690543890991357,-0.37967786441415896
rna|SBK2,0.48856258097229605,-5.219394424061849e-05,-0.004122443978016277,-0.00413695724124406,0.10390616312439274,0.0039030708703719796,-0.0010665348735505063,0.002300373718614534,-0.012819595677095858,-0.07723743613224522,9.617537491179205e-06,0.0010006653568031243,0.021331122350232042,-0.027062694555447915,0.055843117755452025
rna|VEGFA,0.2898029465621392,4.045723179089248e-05,-0.0054947208782580945,-0.043085462290597634,-0.25601244211006263,0.15742918753352808,-0.03598173297578539,-0.00028402281276111426,-0.2193828957965544,0.13162523538306634,0.03431963342908492,0.2614765046176664,0.005021245774505856,0.2761238725479561,-0.09840229000085804
rna|FAM178B,0.4102342044363961,0.0001382404384105601,-0.002707658700665529,0.006796951525919355,0.037561721047808305,0.020714996271595714,0.18678008546144045,-0.00015378413547659423,-0.10719499564649541,0.020217932980403128,-0.0008512586938762952,0.0038622216985727334,0.021620499821248355,-0.05917194126470023,0.0011250434382000295
rna|FLNC,0.08270703166005453,-8.494124278759245e-06,0.01088005104353809,0.003266713405899715,0.011969981600774022,-0.016749359531325402,0.10788671512320824,0.13848144943224416,-0.07192818089158476,-0.0674748297647546,-0.00474466621176694,0.38603279868821794,-0.03335715295731435,-0.6839264237390097,-0.013728641486268851
rna|SCUBE2,0.019204356536491832,8.405211378401659e-05,-0.002676035414478966,0.11901580287389686,0.39529067164792175,0.004409853818984023,0.2963730110672414,0.0008054092018138585,-0.3250861151346086,0.018175254669218592,-0.12052601688491174,0.11337500217926937,0.0282008449746095,-0.10310256043010445,0.009307024067170638
rna|RAB26,0.16972050117172302,-6.379834370120538e-05,0.0010417213772743925,-0.048357652295448555,0.2854520522782451,0.0035704150725932317,0.010702521661219988,0.05226670760476652,-0.16786799368060284,-0.05328186210037238,0.015949568790318638,-0.22382069445382527,-0.006075781326199128,-0.09963710575924238,-0.010025901874947896
rna|ATG9B,0.26708148817942473,-4.864707292852571e-06,0.0024713716706148007,-0.044048936715446206,0.033775300126905605,0.0043202230258020235,0.14324380772296372,0.11455645511787782,-0.171901730492744,0.054879312953402024,-0.015341447590433053,-0.017429644330064588,0.0040086845607601425,0.257044370761661,0.01101724463264213
rna|TREML1,0.40588950089651726,-7.265433766551236e-06,-0.0015372636146482376,-0.004113080167037521,0.05305248862968993,-0.007000726208353388,0.15460283430566102,0.001325740666017802,-0.05595571972257595,-0.029966340192800468,-0.007491421852063104,-0.002227776558909323,-0.009647515290346437,0.06307058726772367,-0.07479561027513751
rna|SYNPO2L,0.16839288467837163,3.35664471525001e-06,-0.004402973342331363,-0.024644146047709713,0.16074345842108143,0.02130218260745563,0.03057726017797049,0.28505614848118166,-0.0606768993408734,0.02537429039435527,-0.004993703004294505,0.026291783774998218,-0.023553739668304957,-0.0023450226860580164,0.006924698403282798
rna|PSTPIP2,-0.15813445839058796,0.0002540931451291031,-0.008299098694802847,0.2859219074504744,0.35425313358626526,0.3803663450584364,-0.2135409499538351,0.000170097294395051,0.29064292092441063,0.09281600695538536,0.0014287732982841996,0.014521620340302948,-0.014580504848755053,-0.16992583012479445,0.003884976885432573
rna|FGFBP1,0.14862666651082734,4.08619344132385e-05,0.007291748929197798,0.04303206690634646,-0.037134445223281756,0.0014800694619473995,-0.01936097222121258,0.7182723404093917,0.07376633435968617,-0.09231294393706295,-0.0007210984016207712,0.022239414005301977,-0.021702310123085516,0.03086231994875075,-0.0009967069357637306
rna|PRIM2,-0.03187177237562116,0.00018436461522886925,-0.004869853476115004,-0.029194036029112785,-0.2953254971243287,-0.05822410164046305,-0.0810799077368296,-0.0018724168191792266,-0.010977419499105506,-0.04367210967497251,-0.0007725098364014971,0.027343816824290563,0.023540617142360703,0.28866870270536743,-0.011302896243150546
rna|GABRP,0.34042333347774023,0.00024611727419856334,0.006456722741677708,-0.005055624598611486,-0.020412376528475534,0.005685204210348045,0.047025835264751764,0.46920766678997866,-0.0004617525914178056,0.019336588298163784,0.02758265936444896,-0.000738939175854768,-0.0366301649777157,-0.06257721300981187,0.002099931571509884
rna|TH,0.47339479625337544,-5.726251482099962e-05,-0.001839683346775384,0.06373395616255577,-0.004740268119855446,0.012252156972342903,-0.002154122177160531,0.000380495409192757,0.045422683219837945,0.03490349182629018,0.008042579758041268,0.05655843830526219,0.02550004095335246,0.011262211486606994,0.002010436030297722
rna|ITIH4,0.12611126636938905,1.5402521433343602e-05,0.0026129111519371095,0.03523637858467368,0.40426737859101974,-0.015338577237518526,0.17441712515457602,-0.002629933695510176,-0.03794245526794589,0.03423995343329154,0.03145340766544574,-0.22330077549408406,-0.006067572378158919,-0.054829359555175865,-0.0003882630716440026
rna|LAD1,0.21290679259822054,0.00014894206593079636,-0.0026428146706689044,-0.016364040932788763,0.046828394959386205,-0.025163661926602236,0.10990570176557832,0.4004295503053379,-0.0838443304558201,-0.007645749153083341,0.113976314037674,0.034744287220398004,-0.0033823071315056373,0.13922800009587114,-0.4332758455422758
rna|BHLHE41,0.007711763764419577,-2.352834452494576e-05,-0.0030265292978651505,0.011228374674274254,0.1424017525620787,0.1886583210625642,-0.01758058152075193,0.0016861185631337676,-0.008886401828057553,-0.03908692168784318,-0.010781370878504896,0.32442036568698346,0.04025146267616963,0.13915391759640336,-0.27881670881285936
rna|DIRC1,0.5474287896576461,3.9179886760399884e-05,0.0010330311602908728,0.00011279582097896394,-0.04843210875732677,0.0002749913667376648,-0.024559086334014123,-9.860774282834636e-05,0.0016236140679365433,0.025468755678756873,0.0036753762228495276,0.0006890314626509093,-0.029767994000965425,-0.04739151043135032,-0.016271421731420977
rna|CRYGA,0.5604929781282457,-9.486783498267879e-06,-0.004794093971593537,-0.0124359117275882,-0.006432965405125662,0.00686454665332388,0.002080760903039157,0.0005579995599346455,-0.0022646770729653205,0.026584362418578963,-0.0005320952788216689,-0.04657186824711746,0.0047082028644345264,0.0159440362589708,0.00041695778671433547
rna|RAB33A,-0.07890501761627146,-4.6206667839793366e-05,-0.0008741038304110145,-0.1203531532505715,-0.1855880098702681,0.09337288381044064,-0.002863607461643868,-0.007427073955342725,-0.0013376040174298619,1.4000291579629485e-05,-0.09556967866654206,0.00013250641577156294,-0.059558288225651054,0.19313684228635,-0.2546067114731642
rna|COL5A2,-0.1820698091199037,-3.8492223720629286e-05,0.024175823770011703,-0.013628748527835851,0.2637926366870003,-0.12489727747343057,-0.17447262810245778,-0.00019167884918679313,0.22962079905578162,0.011241480742298079,-0.007218394061471079,0.5558034718969562,0.0058237184283893685,-0.27329897119966856,-0.17940643414935006
rna|SAR1A,-0.25591614137637536,0.00011661430553422236,0.003237137842886869,-0.00026376292417104683,0.4617791371209829,-0.002450462105628418,-0.004801324702545697,-0.001526241374445075,0.431427490352261,0.012218332305541752,-0.00919252731438977,-0.18249711362742865,-0.056854126496973835,-0.42309248635546076,-0.0077351609384400085
rna|FLJ43763,0.5228478911949077,-1.7206501787707317e-05,-0.003781990297459877,-0.008319241573264784,-0.016346706763878997,0.0036614284806259613,0.014524346102849927,-0.0009895802660667768,0.012163202148633092,0.008748493901351974,0.0016975189587790935,-0.003742713757769999,-0.010414961085982402,-0.12331635563059372,0.00918569407827391
rna|TOX2,-0.09982343830757669,-0.00012959746995674934,-0.0005083534651947887,0.050523692612244715,0.16218814948677687,0.24407358550759845,0.1991244217429479,-0.00043397950780817553,-0.11203394474149356,-0.013391879300299453,-0.017073277270173187,-0.1296699615209948,0.006963498605922814,0.33149532597268583,-0.0013256606936548634
rna|CKMT1B,0.3622651096663478,5.345870770631159e-05,0.001414259274594358,0.008150380113701979,0.01108655470439098,-0.002363789843158209,-0.029378508358469172,0.38540274755931797,-0.005928187468285703,-0.05326702754774635,-0.01193667184622244,0.009151879930895574,0.012664459377009793,-0.2712366976924148,0.06824651257246087
rna|VSX2,0.39761722466258065,0.00012070224438117287,0.0008088864162947381,0.0038383955504693998,-0.13723511108337236,-0.009016969556795465,0.028878952736611233,-0.0006200890861960448,0.02530023700064243,0.004509599190372999,8.080892496322016e-05,-0.04091880115494465,-0.008999909981537891,-0.026850582593428114,-0.19868572516603245
rna|GHR,-0.019139252620350804,0.0001827429525650198,-0.0034006475429571867,-0.011499116109157305,0.34833852320729436,0.0024697903269312953,0.3955701490305974,-0.00287788914019205,0.2102367898800823,-0.035194161337046885,0.0480052567023505,0.33505741498034725,-0.0016237794568599124,-0.2537542198860403,-0.03225764279473893
rna|NLGN1,0.09556892860646135,5.303307328398628e-05,-0.006963796309934306,0.017920502578446667,0.043023135279582174,-0.10813833573600828,0.03212814326738949,-0.0015929963124856003,0.04615035837634316,0.04895014550888706,-0.0015008446879214905,0.009244841065597236,-0.040301611068145525,-0.12549358769616062,0.010048843700135666
rna|FAM181A,0.3387709861853998,-1.605807210756012e-05,0.0013436946894290936,-0.06164933403214663,0.02582999772889039,0.04320241182821595,-0.1168365949826261,0.0049606182400567635,-0.06185422592273826,0.007744683541177881,-0.0009285467257834566,-0.014259858285248258,-0.008121323654538408,-0.08378373992163114,0.06991664769061502
rna|MET,-0.057857138052257034,-7.83511350787869e-05,0.0033900720696766204,-0.04704445791970951,-0.1714369608174015,0.08329086608886006,-0.07976945611433071,-5.483451138404459e-05,0.11763817907669437,-0.09108858946180638,0.07170075675078469,0.2204659389738695,-0.06345729136075809,-0.0076574340135859426,-0.002204489418079169
rna|LPO,0.5214261227037054,6.462878395530535e-05,-0.0004039033028142118,0.011081750308614585,0.0037583991526828793,0.006080315126396653,-0.0022521344186781905,0.0011844958467968542,0.00338780344349507,0.06257544430161516,-0.0013013581600759005,0.00045839279495152286,0.012154156717568452,-0.013561445661650115,0.00014154685329261204
rna|IQGAP2,-0.19323046975354677,-8.254603442822396e-05,0.002331736529467025,0.15058647134462952,0.23663635501380534,0.23649323431193583,0.0899945372749738,-0.0014420253048743762,0.6443636386180002,0.0187005850075238,0.01680001334513795,0.09078536791502005,-0.007746093852416432,0.0009330332517229195,0.05075894216694493
rna|VPS35,-0.2278674750493675,0.0001944623555722108,-0.0013789209816107418,-0.06625178890345992,0.4734358750388647,-0.0016714166093876194,-0.003734922940406476,-0.0002898459513078475,0.5929595583255877,0.07501957177293243,0.002765514764099616,-0.06939493444355513,-0.022408071912033152,0.03943666312303169,0.0008784054554326759
rna|RDH16,0.12416526662418445,8.272353502819135e-05,-0.0016070339865799218,0.04784711828673316,0.37769554353746665,0.01119487617249778,0.1165400018673943,0.0006531520858902206,-0.14769043164372095,-0.017269715560909525,0.12299544130205042,-0.1848566773447417,-0.02331234652559547,-0.14602961235666903,0.02290889837405731
rna|UGT8,0.09630226096686231,1.6729672044297614e-05,0.00039227090825691505,-0.16696584283899846,-0.0857473301168281,-0.16912429152857975,-0.013504831331878105,0.003651558452574076,-0.02965124250872625,0.005683381790693221,-0.024089197233079992,-0.06633025588691424,-0.0018306612371839644,0.3122651448400972,0.0375270253389497
rna|UNC5A,0.04356676927442398,8.021507724427084e-05,-0.00035890150145691664,0.025769441496878903,0.39420538743357153,0.09383093881382336,0.2797233031810574,-0.0008419756778728545,-0.011284806730672822,0.03231522208497228,0.013393175669608839,0.05186743354206702,0.010736572449080758,0.278329003071167,-0.1129010288676341
rna|AUTS2,-0.12682339621221647,-3.226931862767081e-05,0.0017535056614114046,0.15164616387593183,0.18080181158624864,-0.31286840421560275,0.012473504598884853,0.007542890304124465,0.32302795011350677,-0.03519121298542841,0.04283261018353503,0.21591904380345261,0.0054549886040105335,-0.011271893421779412,0.0003292958770417966
rna|IFI44L,-0.16533635985071377,0.0001099838775081894,-0.000870250470903278,0.3232023259374567,0.060774985139420284,0.09362096945915319,-0.0036838727207032986,-0.001421262524860851,0.044471326332116576,-0.007224162673063834,-0.0026822441705581755,0.2882474075673553,-0.023823232043090673,0.23488138435239353,0.19271718358601764
rna|SLC12A8,-0.1554369808033177,-0.00010673549940044248,0.0006294640221581101,0.008308785198073416,0.23229837277224866,-0.31554244971712275,-0.14511692527735187,-0.005064019149430253,-0.019822230840803857,0.026351193987062264,0.0043863573127679726,0.17491151789390125,0.0023361475448262533,0.09402423425395845,-0.21987213394990132
rna|A4GALT,-0.0866813963131881,3.9392326038023414e-05,0.0038004927289982103,0.040866015106971125,0.20754450111107972,-0.2095316465656662,-0.015111897326063491,0.0039994467561919106,0.4137035388049162,-0.059743680975054315,-0.0014599639644816522,0.1641082332920093,-0.009135601961685879,-0.45262818549584943,-0.1336827266402887
rna|PTCRA,-0.09050593813627611,-0.0001929877709560984,-0.006775297057696327,0.2779569674738654,0.12140714375559049,0.3240649143279537,0.25990409569965206,0.0005354622407897123,0.09342261660121454,-0.0867141462720438,-6.818641455994784e-05,-0.16375155424626556,0.013581530683655538,-0.3557965883485337,0.011032049976390608
rna|UGT2B17,-0.1372410552385234,-0.0002082564103017032,0.0013925258665484028,-0.03734079417977392,0.007189977847375224,-0.07008944603511773,-0.04282497852586295,0.0009393300508674244,-0.07044695731062788,0.011772423516316159,0.04659114246604307,-0.004879411919263631,-0.0028578716923974385,-0.09255580499589473,-8.31133207947428e-05
rna|FAM83H,0.22384302539360784,-0.00011535233361782034,0.00021443435699458103,0.012258070230399484,0.3206352685698636,0.11594237640151121,-0.02986248949824634,0.22345335015176665,-0.18466144211636962,-0.014950969471412261,0.06628372383296244,-0.020016471032100268,0.010888953606015233,0.011996044811686942,0.0033105092678798946
rna|MIR370,0.3660220050569246,5.569299361319228e-06,-0.004410785980205823,-0.029544598555971177,0.1350068757704224,-0.04352335593263015,-0.0032045373406772255,-0.00028158502821824214,-0.20082188176448434,0.046119246390939304,0.00022145763549983688,0.24351616475364682,-0.032077054965517736,-0.06986218405431505,0.002371449446707262
rna|COL4A3,0.06844984391282356,6.0280397162959576e-05,0.00028820458937354586,-0.09106965373494665,-0.004147838926812313,-0.20752223111120122,0.2096964962547612,0.0005783938499794849,-0.10577657852109103,0.015279700779790352,0.003217296850114305,-0.03870758394368703,-0.007013239758719105,0.13369221124217134,-0.029754914851243475
rna|MARK1,-0.1822318458676916,-3.795505938146978e-05,0.003956152153277822,0.000934020633506482,-0.061702479046221476,-0.28118914375187626,-0.14567153188923915,0.0018564560846038504,0.07943172474779556,-0.023519626837211864,0.0001950049113594407,0.19751801005966355,-0.027365822157304022,0.14923073879652826,-0.005964345751837454
rna|OXR1,-0.13758883090130603,-1.3092646212067614e-05,0.003429077958251568,-0.005034633236232756,0.3995406225598812,0.05500886550602828,0.0920110348233971,0.0003500051325948379,0.6252211212522382,-0.0862325262570611,0.00029816096364495984,0.18111938517787368,-0.012428066712665272,0.11396768991651968,0.06966851777277219
rna|CT45A5,-0.01862259785722644,-0.0001415380016029169,0.0032178981482911127,-0.038502714612332414,-0.007186412694019826,0.006599136206310978,-0.13176326518018278,-0.003079070061442511,0.007583196551291949,-0.010028064961528709,0.0017770885142881878,-0.0016311033442415986,-0.0050744248174494945,-0.10747067375507073,0.0023428874772595753
rna|TAFA5,0.3797099425649958,8.941013343774561e-05,0.0018583125387027194,-0.0016958076072975173,-0.055762125327352384,-0.051076309081421176,-0.005611500090910509,0.0011105920331987052,-0.1718489356200758,0.00583789631916109,-0.013691386877220805,0.12569543413716147,0.0011024010910271585,0.010395010191262957,-0.00038630103499941615
rna|RHBDD3,0.12145882740281651,6.347536302863637e-05,0.000699594564668166,-0.11237778300038347,0.3169405984405596,0.15169090533662366,-0.01822687541906575,-0.0009296879100899675,-0.32014162649744,-0.11545557713591105,-0.00442865656747284,-0.19350295066878068,-0.03218825005341747,-0.23483223099563752,0.0006852048933749927
rna|SNORD94,0.007317590118997569,-7.035931024387746e-05,0.0030279070683074142,0.0396733576165985,-0.3041017746248964,-0.03153293034678145,0.04874202849205749,0.002483224472693251,-0.36624531602823224,-0.03425672843991038,0.0074578853461994745,0.003972379286726106,-0.017608552574895513,0.08399364614192112,0.0015996822705940618
rna|PPM1L,-0.07029428712648506,3.32788655641044e-05,0.0022139955761165428,-0.03631667519198729,-0.03870406357576363,-0.08794032818989744,-0.09131388383187972,0.006194510457756953,-0.10451933737719966,0.05189332110807495,-0.022513877209128383,-0.02953876753387934,-0.03374227253346132,-0.26137354206915514,0.1384539155684748
rna|FBLN2,-0.10188280929096816,-0.00015921236713894549,-0.0002020344003380084,-0.02355410953922236,0.27768466811650533,-0.19134846144711726,0.07214372255823172,0.07031571456833781,-0.1881727655628032,-0.0726917952405667,-0.030433872106643445,0.4569196738639853,0.01821085924517037,-0.006165502280178455,-0.12781041358208614
rna|GRM4,0.37807644380330346,-2.9187327400330134e-05,-0.005179092426315314,0.09223512518996314,-0.016983400165441687,0.0019296218136673317,-0.007172763460550155,0.018820655237297042,0.05907133377230758,0.012806998454290551,0.033299631530284486,-0.14843759488156413,0.024905654299354093,0.10063015515924931,0.08017957551935748
rna|PKHD1L1,-0.008417655818897826,-5.6062190213147296e-05,-0.0013145935648832805,-0.008093390958865198,0.017419951735515846,-0.30386315144455145,0.0061374996396455555,0.003246721794929745,0.008992919527411356,0.002657360039047185,-0.004728467325735307,0.015631264100675488,-0.012722597371619128,0.2176823286945414,0.04467026600904375
rna|MIR22HG,-0.19596999782995228,-1.5602929945773687e-05,-0.004945800187076559,0.14991036803010413,0.25681707571234724,0.1574461462819173,-0.004284497157028403,0.00013881261111350405,0.2591589527326816,0.06556280248381906,0.004500293271729472,0.19367777854869,-0.0071994004877503825,-0.02101801296150133,-0.05820972320205845
rna|SPRR2A,0.02764173213906048,-0.00011089370605428578,0.0004040452123023682,0.0007779964813862005,-0.10118335762769268,-0.0010305384788804703,-0.02040869566174693,0.7730815090397265,0.015259991052656277,0.09423189366924536,0.0009923161842462064,-0.060034188957774126,-0.0394399096954135,-0.01445024485993042,-0.004199065713225402
rna|SPRR2B,0.25063056641643605,6.4385504058996905e-06,-0.0011048245949660277,-0.05522052668764082,0.05078639762916349,0.0005717570987294711,-0.012929870930527136,0.570573911807325,-0.035645808990273524,-0.061252508253235555,0.000964192283143024,-0.02537640884798848,0.0004424971136361621,0.04823026317065808,-0.0018147558051216095
rna|UPK1A,0.18009373081331434,7.226750501624736e-05,0.0018703138448710574,-0.023114168037929716,0.17486213823905236,0.04120189649502802,0.012936660071584331,0.23261517529159034,-0.0032295800048733627,-0.02314523906955996,-0.0073018635435586395,-0.020549184971637716,0.028060543077682264,0.22843559773188565,0.0052015064206754795
rna|KRTAP10-10,0.5708426931002334,0.00010874606284224126,0.00073534879788122,0.0006078474688198415,-0.08107325532128194,-0.002693251721731622,0.015290519132421064,7.35707101941085e-05,0.014883878069522282,0.0006147783859897027,-0.021486454687547358,0.0022687720289168967,-0.00476970893700257,0.1334653131662587,-0.002492369796040019
rna|NTM,0.0527608287635428,-4.586221736496864e-05,0.0019560034098421494,-0.0008633478593205339,0.21257011320800262,-0.3147245495333745,-0.16659933339433636,0.003226874349868279,-0.024041336969492642,0.00011137028045229893,-0.010963118838879895,0.40336294680946166,0.03035988525496924,-0.4069228274120918,-0.004642878038152697
rna|BACH2,-0.15718894745811002,7.430089357393749e-05,-9.718023100861815e-05,-0.00028606767395474063,-0.12341793968423662,-0.3153988792793025,0.02656015727461309,0.0005122326692977317,0.16680161326025436,-0.03114340175167419,-0.00642827934408145,-0.10370112022038207,-0.006714190121143654,0.20356023783828994,0.1564675761498834
rna|PTGIR,0.10072252689045498,2.2643528248906653e-05,0.0011252654779076944,0.17414066753563523,-0.049396365977676014,-0.09500805432188582,-0.10325900801940874,0.0003060250276834195,-0.22975008591591103,0.005436521782510413,-0.0013657838620398481,0.09381305577787637,-0.007343542159321948,0.12029423299931694,-0.13836889032893115
rna|ZFYVE28,0.00043153548365667226,1.7020361130873096e-05,0.0028397295528789297,0.2201379275569086,0.2525523272317563,0.011042992830371643,0.09810905195587696,0.00040585318472189275,-0.2995481627686126,-0.049634709498325734,0.000573937560385073,0.08894803988394033,-0.04004140463845385,0.16873194642605557,-0.002771527490026208
rna|DRD3,0.5155303862440368,-9.626831682625254e-05,-0.008127478165227473,0.0033691752413340637,0.043333127279254154,-0.0022307908305321924,0.013623904169753735,-6.16918829889239e-05,-0.025643588979282043,-0.01153536791065468,-0.0009415038867153776,-0.011322532461253781,0.05510064666143,-0.0019414718054237118,0.007612238592150103
rna|AEBP1,-0.11767194792698499,7.966190625216358e-06,0.01002782952325927,0.039441234034073444,0.28112425702987465,-0.1515099403353609,-0.029419125626477943,0.0005850589334116317,-0.0022226438879322913,-0.053168137184021184,-0.05914628596015586,0.3078043730237754,-0.08851787426271852,-0.5851663288022587,-0.10875477021644638
rna|KLF15,0.2864319505687018,6.853619814557324e-05,0.001358806627640937,-0.025184001617173643,0.10229502508101215,0.03052100172903686,0.09574843214147363,-0.0019188505249405684,-0.17912623657457596,0.00042168678869881226,0.1651541765974445,0.021058599027440037,-0.010482397807918934,-0.228696655479054,0.07399431939824894
rna|ACCSL,0.41150143211592294,-2.995659795967176e-05,0.000979968715649748,-0.07525860450726884,-0.021475109410963825,0.13853485276097885,-0.025618503406026966,0.0016113461260334632,-0.006005934270348243,0.008030078646939411,-0.0006352569531075788,-0.012953919223239387,-0.023479591493846756,0.07313091435962978,-0.04446830165489646
rna|SPDYE2,0.563561925501792,-4.033311699971497e-05,-0.003490431355186162,-0.011623131923819526,-0.0004494084007600861,0.00036895463471383423,-0.029204143357554214,-0.0009632240327575989,0.0707505604051852,-0.03723367751771494,0.003944823192726812,-0.004883658993706988,0.0053781426844880156,-0.12669599357584901,0.006096572230950927
rna|ATOH8,0.2441286729748332,0.0001435393192467874,-0.0013613093718574333,0.01094030185954151,0.05391679061642475,0.1122829086495139,0.23713343102915643,-0.010634897029938991,-0.36999909394711883,0.002509485435485258,-0.0015403575770159099,-0.04382135063352275,-0.0032758673464400546,-0.2667059528994389,-0.03643937829146634
rna|PALLD,-0.25618879070739925,0.00025008696856622733,-0.0004056437398041699,0.0645825913634218,0.48764648530311744,-0.12583271760926626,0.013029516835897773,-0.12843619233748152,0.007383477572623428,0.04675087839514976,-0.002223263103881737,0.2514644240497738,-0.04447983980674491,0.17371276063487,-0.16209810695818297
rna|ALDOB,0.41153501914230634,-2.1307024469817168e-05,0.0016318340664643089,0.0031767904674577553,-0.0043978225478341956,-0.009797366259693649,-0.040116951087592535,0.00023694959412427698,0.05592224737218359,0.01644984385662462,0.23532843418622,-0.002640947910185987,-0.03591564849949947,-0.09672531667150533,0.05253057282375948
rna|ZBTB16,0.07794784411903888,-3.0069754360305853e-05,0.0030635067868423635,0.027913875767829416,0.04368998822207187,0.007868216421325796,0.25312644067031564,-0.002883245632101633,-0.4668787440199232,-0.033506606657400344,0.019196262033412844,0.03139608972406915,-0.04094462344201898,-0.22486614230258753,0.00957165190919808
rna|SLC40A1,-0.1940396886324607,0.00019036142232808318,-0.0026180533597801097,0.021599928767619535,0.2029272536183932,0.018401728778545536,0.3802462707721568,-0.18302362860378224,0.2161168756145453,-0.01645018793205565,0.0017847669508869236,-0.025462567126215946,0.0016810253044271682,-0.037889877623073706,0.3138637517087482
rna|CPA4,0.34100761605008156,3.090867624134129e-05,-0.00041279132616692775,0.022880727495512274,-0.07888575720869884,-0.003746278982464286,0.01661558379279958,0.26193810953648844,-0.05192134840295261,0.002703584879292507,-0.00019289110332680796,0.00596417082155424,-0.0031916216972701266,-0.09491560324757362,0.022831939462501782
rna|LOC100133920,0.42303583630860087,-0.00022593441282839382,0.003935169467967505,-0.005465318192777661,0.013267122164922481,-0.16495262061812346,-0.019388083005167433,-0.0013678244919705324,0.11656639344911883,0.009988517343527608,0.0016622446757726074,-0.011937772097931095,-0.006420118864013567,-0.3318955716832381,-0.0007056888264824363
rna|SLC22A8,0.5369347068295734,-6.288697659354757e-06,-0.0030208715095720413,0.006058449377312432,-0.1303557084785658,-0.0012158322731836316,0.00640016501852664,-0.0042611219793293464,0.12564004767075382,0.006744475042743762,-0.0025696550478919375,-0.021283324227854596,-0.04581642631381784,0.05624969839255296,-0.00042289230084822043
rna|FAM192BP,0.29288451664799553,-0.00013655511590097532,0.0006962437112460903,-0.018146461550758487,0.09283446546397471,0.03654474775122318,0.023472865188819938,-0.0018944309137806149,-0.18423867864888943,0.020995431297125774,-0.005510472989485933,-0.0849736696104971,0.011472502062828814,0.2630629292692954,0.0020683257994339376
rna|SNCG,0.18110036624142276,7.818968443171479e-05,0.0021179292352038353,-0.0034396491083960264,0.03264868140053831,0.0064905980257233395,0.3447167852923756,0.003547456267318646,-0.337756721854454,-0.03481336987752417,-0.027033483214427115,-0.004856612896984374,0.031222364757908773,-0.2626546006218741,0.025109078491969295
rna|PYY,0.48252121325785624,0.00028015020199287827,0.0024539504046126198,-0.0035830651931330554,-0.07541118119613047,-0.003573057612629065,0.03759808565700525,-0.00028284529337406185,0.03653873761682232,0.01659983875814911,-0.001736250462108065,-0.000352136768144016,0.009107305447086477,0.10931138968954837,-0.00014347204230476842
rna|GTF2H2C_2,-0.2820711460016644,5.795888239692383e-05,-0.0016364144451146505,-0.20026037352528905,0.2683993664018413,0.039242952874581384,-0.13511134660415808,-0.01737109738118673,-0.31458352337278706,0.0016365125553080393,0.00030529583433791324,-0.18256422713303577,-0.02083704718530469,0.1808406718671079,-0.057060270042808704
rna|SLITRK1,0.45649838162294587,3.3019028744238045e-05,0.00046662490192373487,0.029744891451718755,0.0019504684410762824,0.028569857766586475,-0.005384818834643378,-0.0004799722826294894,-0.0013634253390675999,-0.006801385262550397,8.001059388805561e-05,-0.006087471176596952,0.0042696784438676135,-0.18436837162820457,-0.003446412366286071
rna|FAM124B,0.07303775117775556,3.078369837869102e-05,0.0008945739440395063,-0.030690331817686222,0.44942206059261414,0.0033501820816488263,-0.0008281102064378897,-0.0010079562072527787,-0.2072401191013111,0.06087320641488378,-0.0041878040031466815,0.17687392934237317,0.007300436381770758,-0.2118227411882318,-0.013677305296041895
rna|ADAM21P1,0.5269826139186445,8.504265929464872e-05,-0.0018238329503620764,0.002608112610810887,-0.0008074477015123735,-0.0038720960337583453,0.03264989350680009,-0.0002647428543215011,0.07449568800913053,0.0006762611001495471,-1.9579087954040637e-05,-0.001909449438093912,-0.017512421219046143,-0.0823585041394806,0.0023476088033645053
rna|RASAL1,-0.04217207605334855,-4.953334727323912e-05,0.0015592482800053358,-0.16866489775097174,0.18406061653820271,0.01226310216659628,-0.15153164826061227,0.21899903882461216,0.23839126454256973,-0.03678507848494524,-0.003867129713557003,-0.25687585244483896,-0.026908552359529107,0.05009777510659975,0.09603125319470221
rna|N4BP3,-0.006484903207191716,4.527449184648791e-05,-0.00109123897519678,-0.02696354568077003,-0.15985132508408384,-0.3638104679848792,-0.1112713351091733,0.06222840094917686,0.08265445030773831,0.0964827755949742,-0.0131320677373331,-0.004660378262445174,-0.00217944243903999,0.22696965275705316,0.08014062381094904
rna|CHI3L2,-0.10949043166677781,-2.913961773836806e-05,-0.002140209325471198,0.11579145827134665,0.23136635489024113,0.004016743440066343,0.1705163795957569,-0.00013856814061954332,0.032840497715107886,0.01636160259111922,-0.011188394649357935,-0.4056339362762431,0.040558834380665355,0.03436819662788025,-0.009649102766211391
rna|RIPOR3,0.17813336533542376,3.4818438337947886e-05,0.0007143167333401173,0.06913155255101212,0.13580327781095378,0.12453334284838445,0.2031460022465291,0.003726178605798928,-0.4084748686369739,0.018425379327793458,0.014082985279940397,0.07964004084184467,-0.005918284331361333,-0.022920392266903324,-0.20620863895392805
rna|DBNDD1,0.04088971688641152,-4.4272245072598356e-05,0.001557327038684632,0.04182405868881355,0.004467639908303103,0.006932687397615033,0.22914162752400333,0.1772860683398702,0.058768238140351155,-0.0422190327200267,0.013759630381750093,-0.011538653551627504,0.05064865042062827,-0.10344707676610247,0.0017129708468173407
rna|ENPP5,-0.012995485874186887,2.4547946249047085e-05,0.0017414886880676279,-0.03669189956262226,0.409948385887446,-0.09518741054529935,-0.0011908708835716697,-0.00031330927207823375,0.3462034948026403,-0.000936195537001144,0.0139387920396465,0.11039678202979528,0.004345361393488735,0.145129752911723,0.0026798534240915508
rna|KEL,0.08275944755766027,-2.1270348931339136e-05,-0.0056285033479311335,0.23256331835192795,0.1425316123126998,-0.07973080647071003,0.31589724362008875,-0.18394904550285773,0.007635148465871734,0.009861456432069366,0.004019518694313975,-0.25471299648091866,0.008941214589519879,0.19800886893706524,-0.30674534869582687
rna|B3GALT4,-0.08676414900481667,5.587939000484164e-06,0.0020082595138176847,0.1864681178193441,0.41190299475780606,-0.017762919133010983,-0.011807680739680812,-8.400845678223901e-05,-0.2459853798527458,-0.004376440967564634,-0.01565125547628066,-0.18076567157111859,-0.02405257824552418,0.19116878265299314,-0.1072167551046917
rna|THBS4,-0.0195210183550199,0.00020327373998569223,0.00035367398673928326,-0.01727605853029034,0.2836005233081832,-0.14048234340208368,-0.012339568751088168,0.002450539324602314,-0.1314107830034524,0.01573408194246015,-0.03414329200190429,0.2161293685088568,-0.006398671793200323,0.057036162852769,0.017769102283445696
rna|RANBP3L,0.028187980890177135,-3.7569648294259095e-05,-0.002877649579450967,-0.03619608041764814,0.1399929494832711,-0.21649329771746711,-0.2534223582252815,-0.0365281180699968,0.0007138089718304388,-0.0074394875224448615,-0.0007188833901443032,0.3991728581217196,-0.010507896144715189,-0.06682321723436487,-0.005275939882846836
rna|TIMD4,-0.06585294612322443,-9.297104056921136e-05,-0.0041539563945238766,0.08255831316154838,-0.03666887373994238,0.06674288747175082,0.30085702091436045,-0.21047204177873255,-0.1203095196792789,-0.085308254623742,0.01681059609747253,-0.012674666634640695,0.014838381269055567,0.23755049848123666,-0.004364077437248566
rna|DAND5,0.48472462714884823,7.180498413569612e-05,0.0022961785816697717,-0.08305929805904508,0.02141866703561944,0.0014197613343943161,-0.0020954729974924486,0.12824889847777066,0.06265570752879335,0.00015082895345383155,-0.004290813546858683,-0.0780053724532856,0.0169863766183647,-0.11874511501186055,-0.047636266411692836
rna|CLCNKA,0.006229195661527203,-3.462795070645146e-05,-0.001267253971664808,0.17162087606311102,0.008897536493238012,-0.04997758656376371,-0.16657763966216566,0.012950846762318625,-0.008890103893378206,0.014597960860042088,-0.00939320321122268,0.025918736775700453,0.030270276804518614,-0.3231462477708756,0.0033998558538357337
rna|F12,0.05444750103434071,-4.0465880508770326e-05,0.00028249845235558653,-0.035137237759323904,0.19033340851862068,0.23326471702314608,0.014441783778019078,0.147364106885059,-0.14767608939023033,0.021612866566499914,0.14651292146896275,-0.18023516783135837,0.012401462996252261,-0.4167679325118808,-0.016549198281538936
rna|IL17RE,0.42438115141661664,-0.00012009796634165912,-5.0659192056913176e-05,0.0026810546491946655,-0.1644353612365021,-0.004234648039442976,0.03453909550843885,0.003956677038446576,-0.22936363010615735,-0.006290618489154574,0.0009246450010719708,-0.004266794029700154,0.02257728683480046,-0.13612363233773356,0.04880465406153621
rna|ADGRB2,0.3052731367698247,-7.46673663188864e-05,0.0012338736434272214,-0.0560820849325207,-0.03341564917196447,-0.002110844986905564,-0.016473063583128566,-0.0064868961785483235,-0.05488366417196549,0.05562135751611097,-0.015682475560850655,0.006457631065191338,-0.022070214164124434,0.025444744711741834,-0.04148287131083528
rna|CLCN4,0.0008698649388694729,-0.00020315751175622578,-0.0044704990585116115,0.00044197807353202253,0.009417906866056442,-0.005609058459678111,-0.00043991232275226235,0.0014228464022118406,-0.10687733665085093,0.014486996535926625,0.0030273968546978385,-0.14516695494595963,-0.01966944594447506,0.2937214850420048,0.009069889792028519
rna|KCNH4,0.008835909291699253,-0.0001343010221927256,-0.0017474514303850647,0.001995651288171356,-0.11916771481158549,-0.006648536112952931,0.11766122755221632,0.0036346908958587395,0.02226348368544747,-0.015892255407273063,-0.0012984764384463563,-0.011242743880062515,0.0060234226041607055,0.05589610709579523,-0.01281478546216292
rna|C22ORF15,0.07812068913522265,-4.9470566915065665e-05,-0.0007363510005785726,0.07330822899401977,0.2858263651782874,-0.03721822533626901,0.15795158793665054,-0.002738305216080262,0.03548034673850611,-0.003935198461743186,-0.01639727574493145,-0.06782193025466125,0.012111259582296734,0.056584542866299783,-0.04774284018599363
rna|FRZB,-0.03231653912755614,-1.5229067545719266e-05,-0.003175432296431337,0.018053061165022956,0.49784868795792236,-0.011446531921530794,0.3392373493903043,-0.006718774080167954,0.08836905275382669,-0.05803462825501499,0.002280318771622692,-0.007466753365028497,-0.009898470603285355,0.012031396446091431,0.02761051849658984
rna|C1QTNF5,-0.007096635014041146,0.0003045533956752375,0.010325664741582018,0.0022092279367588253,0.32330949696796923,-0.08660854821952838,0.11145779562663313,-0.019704284400854394,-0.3242022006149927,-0.030676555900637184,-0.08468813262496619,0.25999862544513425,-0.0011258382227911448,-0.38227819353691206,-0.017521829964379985
rna|ABO,0.3593983961315683,0.00041641604604166887,-0.0016678070523923772,0.012874800078596035,-0.279719850201516,0.0006720758145023791,0.26877823288337654,0.17491342420792538,0.03027849332943034,-0.0025706822158324846,-0.029435081558223122,0.19997292706984973,-0.0215862971205577,0.10200277395307819,-0.00024513386091733696
rna|FHOD3,0.10954776873546428,0.00010522905266881647,-0.0012145259319397076,-0.0001395120758605462,0.0006106135207404132,-0.2308152020164981,0.018546556947490533,-0.0048383306566678365,-0.17299346782619845,0.0025032605241646633,-0.014447883363118147,0.053244631508345554,-0.017494137536195588,-0.013174268322780592,0.043100856555914745
rna|OR2AT4,0.5170617842233522,-0.0007914356195649432,0.001700172171091185,-0.0030332094573132453,-0.00576146079625067,0.009643990836295862,-0.00942057827785259,5.7049174841800254e-05,-0.08928455023891987,-0.042138813793922154,0.005229977832075606,-0.07344208638590577,-0.002619851988330651,-0.1456754930245294,-0.04469896430103389
rna|LINC01124,0.39655750198420603,-7.678732355226832e-06,-0.006377393367861393,-0.005440804012197166,-0.05916229384023527,0.013722574212561333,0.010121320676975569,0.0007497719899383262,-0.09971164637797196,0.011590963448170366,0.01083411400218104,-0.0724584581004683,-0.02424982340861244,-0.022593437737756093,0.02885120786192682
rna|OLFM1,-0.06684005632834918,-3.626103421333534e-05,-0.0011122922065367655,0.012919758876772824,0.4680012992049277,-0.004117115853989306,0.5044711681954444,0.024016161699637276,0.23831336939031136,0.026126615555523956,0.010407226005630005,-0.023492091381873668,-0.00919734461031579,-0.011853158026644037,-0.17892282998060371
rna|GUSBP5,0.10166798691982279,-4.1497035954285447e-05,0.0024508929528026927,-0.08654408392949306,0.3473391906311936,-0.006669578776498471,-0.020305642458568,0.0013428409854326973,-0.0073165121449919775,-0.03301951494439135,-0.005332432326383404,-0.0063492356350667726,-0.005139701182780825,0.19223230558350207,0.06941506493431765
rna|FTH1,-0.17792956298924775,0.0003521335144809911,-0.01204512649890396,0.25581603810132797,0.1362157214116452,0.1740216345893279,-0.19004349926694405,2.8075394804932742e-05,0.5084324962211658,0.07321133013733534,0.0011096117208120872,0.13247971352186824,0.0052602147008669895,-0.38895517905594673,-0.16320961003508339
rna|SLC13A2,0.5273697321214652,0.00013238282305619376,0.0007639343525294628,0.0011617573445336076,-0.004911778469559042,1.2414571336623406e-05,-0.022997445180176206,0.00016817250284408843,0.003869681814779569,-0.0003984113595673074,-0.0007333585124064003,-0.010773206431015382,0.026239215421976735,0.008748718883520372,-0.00010837269012680257
rna|DNAJC5G,0.47898105521807705,-0.00018182683063355166,-0.0034205600765981553,-0.004680626848756461,-0.009184821347791226,-0.051779271984532145,-0.01572958004732975,0.0008276783493246257,-0.029656155599390024,-5.578338270617613e-05,0.004895055009962434,-0.0548132908515006,0.03438794437467116,0.003590363742715084,0.008973537213575637
rna|TBC1D29P,0.4960121636653706,3.175707100890661e-06,0.004408973643601392,-0.008031604253390607,0.0062588924897744435,-0.005288583071425941,0.003672843677835324,0.001834788928087299,-0.026318669106649952,0.0036712637970143526,-0.0013515018909491816,-0.07859960561494934,0.0010004112393316635,-0.07085247262931767,-0.0019309601389028903
rna|SOD3,-0.037691347724504595,0.0002035479800699944,0.0007828206059219242,0.1093776911562106,-0.10098314533138754,0.0026240486116825934,0.38787438364126736,0.0001267514050334559,-0.29154374759258206,0.02162813128464705,0.002465982062281999,0.24759790406218446,-0.027407159787427488,0.38382513778650634,-0.14770666661400284
rna|PRDX4,-0.0925999907056535,3.518026666634013e-05,0.01263000947191881,-0.07539362127154368,0.5448338902382466,0.14197425572776934,-0.008348059012691634,-0.0015202072948151196,0.344749795173627,-0.042742382330962045,0.002185020266234488,-0.08575147718608182,-0.06014353038361746,-0.37366874095067865,-0.006919609017205251
rna|S100A1,0.09378596019033822,4.1725071184967966e-05,-0.0007531998746896435,-0.06037321647159241,-0.14109782447173497,-0.03971520259722929,0.004673791724247288,0.13312508347793625,0.10076118900346044,0.03714981005636854,0.008599784348093682,-0.00851956735337051,-0.017334355103234066,0.09953561572854519,0.013609988886309274
rna|GALR2,0.16704919575969768,2.0419370219176147e-07,0.0008970160642343404,-0.06105321576974395,0.3142239486277026,0.2102652836046045,-0.012274271033063151,0.015091883179457243,-0.01231383616247089,0.004886003973579053,-0.0001333418893670041,-0.11407682902991224,0.013560396398389761,0.275294326954425,0.14231854798063995
rna|ANXA2P1,-0.051784643810475,-4.556250367355225e-05,0.006867427824693136,0.005713111635090895,0.0133188266749416,0.17287146111936277,0.013471382787382911,0.09091102753338659,0.6500345863878383,-0.12226419031871191,0.000102944182087837,0.2082140812177669,-0.001112400915347988,-0.4695852477350944,-0.13513889424145206
rna|ARHGEF26,0.30485113048647833,-5.285633840877074e-05,-0.005922955436493044,-0.03139890733386855,0.05713360826310415,-0.1090429595633333,-0.05339691661921517,0.06781329955379073,-0.08775925854824901,0.005348583364665378,0.1473900807112613,0.09493044446779844,-0.0016832481907208014,-0.10852241636217848,0.017390768662942084
rna|FGD5,0.0738826469140787,1.9339657566010112e-05,-0.0020103504765897535,-0.0014719759710360902,0.4363939649934513,-0.11335212273249232,0.018500219823148454,0.0003012377832693293,-0.3418763874712481,0.012344893398892194,-0.041574693414642004,0.23414433890554034,-0.013489600280982367,-0.09580763375220418,-0.1305882447695842
rna|RPS6KL1,0.17851441868346005,-2.1770029907988006e-05,-0.0033314360490335707,-0.14644730183518478,0.09186072994090752,0.023245957096239583,0.16514930054288227,-0.010271229456869964,-0.32490283777541856,0.005361259769632611,0.008783913204722955,-0.12900775240420878,-0.002610705795801355,-0.14725278751665133,-0.016112459825460956
rna|GH2,0.5427967858952771,0.00021058829803697517,0.0008695734678609911,-0.003549301500221111,-0.09605365603386448,-0.005259636053197327,-0.020984553556205827,0.00029712429583072776,0.030371713330358308,0.000763361811944921,-0.017933404259556095,-0.01285136671374801,0.01399602544410234,-0.0700007782548547,0.0050281884987799135
rna|CDK5R1,-0.1994524742427954,-0.00011628472017532136,-0.0017604446889077704,-0.08623528275968173,0.025932684701670088,-0.0018824068847283137,0.15775270874330946,0.017077944937689132,0.14756836235424398,0.027060704845728954,-0.010255854709291079,-0.1211783645349742,-0.041155379524982175,0.4225871086947406,-0.2615448189849124
rna|WDR72,0.0819273443438555,-3.830495372355492e-05,0.004947551610673084,-0.14390790097937725,0.10191321438734852,0.07376942617521592,0.03952752832266495,0.1934146230885302,0.005765424623015049,-0.012084515890261776,0.21976008279469508,0.11955980992489727,-0.010506587781600654,-0.08433915807006313,0.08980326044274416
rna|LRRC74B,0.535992525923271,-9.932666456447817e-05,0.0019161512532206934,0.008083908153407801,0.09244132174076665,-0.00026583796484290083,0.00867747474938,0.025064733351879462,0.07864753147570484,0.0021653156608127783,0.007855179122524607,0.005882553273606861,0.021787663117449868,-0.08239369584691951,0.0034512043216298415
rna|GPR27,0.44862868675333606,2.3884310659087637e-05,0.004287037878892438,0.07400034628019105,-0.1196723671549353,0.0694200366744845,-0.0030769804826377384,0.0002988429131295229,-0.08384954570039498,0.01464289717314445,0.003615859218497141,0.039774966079580386,-0.014898534274189551,0.16416977439207067,-0.07886345773767603
rna|COL4A4,-0.16122866251524196,0.00020307423419516126,0.0018943287531391073,-0.05958570526873616,0.2593093957413876,-0.25891000608819287,0.20713090877619028,-0.0005241796691694473,0.2246766602693024,0.01454571422407276,-0.00040733468771502027,-0.12259966428918502,-0.029484514520538324,-0.11303270535632909,-0.213378072793445
rna|PACRG,0.5542645423501016,6.253016616892897e-05,-0.002338115819217683,-0.013058443703083468,0.0007420983579593087,0.0013529016330277599,-0.0016447936034372208,0.0007048390915822001,0.004496727135196021,-0.00029048355377716054,0.000319706137210145,-0.0006268509152618194,0.0018934551403107422,0.012095944182324798,0.0076059675091023635
rna|FNDC8,0.5527787910182622,-9.363478451527389e-05,-0.0004666475501514327,-0.03486636765082373,-0.1300444794971553,0.0019511135832300714,0.00030990994711663466,-0.0007722754999231016,0.004491147402043686,0.0035916149266532593,0.0007240493373703485,0.040231255179829006,-0.011627082400256342,0.11319656013659848,-0.0012714566453815627
rna|ASCL2,0.07385604023188297,-1.7862740248816816e-05,0.0008357033805355214,0.40451344241176057,-0.15856099922385636,0.22534935612318502,-0.007294403095041917,0.0001676718679299746,0.17071075032920696,-0.15070834979196127,0.004998486508622702,0.01967121322050514,0.007363456657393574,-0.4396669485423279,-0.008834851063299383
rna|SCNN1B,0.36287713983371517,-3.297171121011408e-07,0.0012401407536962708,0.0010049397165636067,-0.0992489273283158,-0.028003777633977243,0.019627507672343954,0.2150952728546067,-0.005955725276178343,0.004176441829444252,-0.0003687466187129086,-0.009780604913937029,-0.003950196703752456,-0.04588074625998344,0.004394235751562746
rna|PDGFD,-0.09695955501794468,2.2366950872243993e-05,-0.0012884664363563337,0.012269166275370976,0.0008794872803290865,-0.3902613872843664,-0.12680361943269944,-0.007511853976951544,0.009269885975535349,0.011168301966301208,0.01518791560115077,0.1110135799367293,-0.06301201366169526,0.2756139912315122,0.08231596552096383
rna|NPY4R,0.5193296890586254,2.0928539953443858e-05,-0.005228734207511156,-0.001399733868219186,0.032463140747099564,0.0034401146991946898,-0.012005243810443706,-0.00029525174667814684,-0.0035412527915207846,-0.0705193146363122,-0.0009943020890635294,0.004979337771399624,0.027449912410172854,-0.10709125367728115,0.004953263185904357
rna|KRTAP10-11,0.4572572415685677,-5.321370751804361e-05,0.0010930008728615643,0.016360478985434253,-0.14973337722199745,0.001294580439067681,-0.004511175434051711,-0.0003261644335661553,0.13804140103125803,0.04208705249987965,-0.0024898469671307275,0.0012588351766019087,-0.010590007443293314,0.21825749487274163,0.004191744867422229
rna|SMNDC1,-0.22260002997506967,-4.354471600715891e-06,-0.0005646427735603188,-0.0483521699481364,0.4073936222773626,0.009953851325825222,0.0026115758976205813,-1.9238988383515204e-05,0.6589548613087592,-0.010621876853065869,5.4069970156435087e-05,0.06448899454453015,0.007601186353113555,0.221909348621187,0.0038837461263961444
rna|INKA1,0.006646931299679747,-6.949264474844149e-05,-0.00025810651466997854,0.004512855256643262,0.36087070259451476,-0.3015156290471441,0.0075092242355311424,0.011060301735293812,-0.10938793893037509,-0.028503387222120508,-0.0024277774473847246,-0.0027745617786866157,-0.0045276325201258115,-0.08221386017970335,-0.0007382599960405574
rna|BEND7,0.5307002666762276,-5.063947333262825e-05,0.0028089909251366872,0.006134602793629018,-0.06494288573450392,-0.0013992961236547466,0.11781560158383894,-0.0007947809305803729,0.007893294528880709,-0.0011809175393456526,0.054275572340632725,0.0023268789005486215,-0.01406570396578947,-0.0643764616815197,-0.004021702120609192
rna|MYH16,0.5237063874425769,-3.842246417012689e-05,-0.0005742848789794925,0.017127534465563775,0.004836561018145119,-0.0019136993283184543,0.0016936071356182143,7.3980252603303995e-06,0.034411107963976305,-0.11279983119819928,-0.002032073526615798,-0.0012389881996329253,0.03606047386992602,-0.12440234899075987,-0.0020561028215616336
rna|MIR210,0.22398687772124778,-4.110903069166801e-08,-0.0014254271480967692,-0.07136353073996873,-0.31170630981788705,0.0035640613393621468,-0.016307327259185517,-0.0065055831947442655,-0.15964955587969276,0.025110037234511072,0.004425112864661011,0.1161876925184961,0.019190953038568173,0.07289772223320755,-0.0037427172454681094
rna|SIRPG,-0.051127083634136254,-0.00010121332168710406,0.0016705355335658828,0.4199520295002754,0.2966563261642206,0.010764893324123006,0.22802602959359236,-0.013597841780357372,-0.13022727853607996,-0.07608043570174304,0.00024744852531628764,-0.1670969099442662,-0.025009054296623645,0.09349327782806871,-0.0031606367851286037
rna|C1ORF115,-0.13008482217315642,4.313314127001068e-05,-0.0025379976236502328,0.019979503093873405,0.20470444347981168,-0.165059725899456,0.18706728735239989,0.00022860498015487413,0.3148686802258168,-0.005022447870227295,0.05069134781781594,0.015158487522917003,-0.0076607282544766744,-0.3070289455569075,-0.0044253088002399275
rna|TEX101,0.33808224608315124,0.0001470754850675807,-0.0050372312879924065,-0.0033813294371096616,-0.0027704981164776,-0.06016389648021527,-0.09839756857424731,0.30640827208604493,0.023057473098270095,0.005477715144589481,-0.0007585905808382891,0.0028663718391670925,-0.0005489638494476626,-0.061280226579740686,0.024023617255712764
rna|CDH23,0.17903585415546094,-3.148037881891491e-05,-0.002389493450619343,-0.010786365328096405,0.366328177232947,0.008327026356544701,0.3117668946296544,0.004685603103423868,-0.06532604416559948,0.010699758648464855,0.006559160659079876,-0.00341579381777831,0.04174490042305529,0.031131154770979504,-0.008384473859081743
rna|MIR575,0.333309101887039,0.00010248883057484984,0.0002769337856839142,-0.16131082523970353,0.0734067743327327,-0.016282004339356688,-0.0005338733685494604,-0.0002926243229774172,-0.1564138155299205,0.013498228110896546,0.0027366237359013126,0.0029642392699861997,0.015350311676668211,0.14875994948574578,-0.06605108052198197
rna|NNAT,0.2118724460692261,0.00010830573735392367,-0.002903765774384102,0.00795610472632702,0.20616134601694308,0.14728307264339266,0.028194746477930858,0.006240992425662586,-0.17330913258988867,0.0034487088072920205,-0.006068106515369795,-0.008682325203218356,0.011648403097373998,-0.09015536569844836,-0.07740460303269693
rna|TNR,0.5305802807735228,-2.2548588210476002e-05,-0.0031934727119104444,0.0011644542617062794,0.011391322767723021,-0.0032373781648748416,-0.015110706966510479,-9.356599073462326e-05,-0.035105707144197494,0.012690158054371467,0.0008966163504066939,-0.001654475799844134,-0.0006071585076424284,0.02707453363711975,-0.021074339897237202
rna|LRRC26,0.06993741788238268,-9.824773862770831e-05,-0.003973668249223423,0.021610250560842068,-0.004381067253786409,-0.1296637907210476,0.19621917323503496,0.16677698599276194,-0.044598263294142536,-0.02715044816002761,0.004161495042016888,0.0062371374403018005,0.04782155747221927,0.04394242782289519,-0.36576050964741924
rna|GDA,0.2657518631746061,4.808186287155642e-06,0.001317954237785315,-0.014189123073505967,0.0008991936880370024,-0.0021716755242008148,-0.008677230359719514,0.005684990354861761,-0.14367699131384726,-0.004137177025484777,0.11439125039273411,-0.0009501239451581622,0.009206938074397363,-0.0743013535577877,0.0225672092700344
rna|PRKAB1,-0.12741526464994637,3.220310848754807e-05,0.0019992667220459837,-0.07134474436645545,0.6924093845899503,-0.09456295898854969,-0.04193669954014448,-0.0014204424582792707,-0.11439598284206487,-0.0455940785541011,0.00979550498917685,-0.09805228273729877,0.0033208631664277282,0.213276565870585,-0.01921852782391397
rna|RTP5,0.013308583799334988,-0.0001575702283770719,0.0026025215423428325,0.3735805283796206,0.209562112771818,0.05999092064249261,0.31537657133218516,0.0018541076743312879,0.014640518172304842,-0.028994680702160273,0.0016982354610151054,-0.016631485614546714,0.05892621892412094,0.18902809838004028,0.0044505110688879
rna|NRARP,0.04945459551676773,4.2632715791772996e-05,-0.0009940366771545894,-0.0779385999464343,-0.1502985919059464,0.03673492947779245,-0.03146091521112694,0.1569853453262077,-0.46849931977011344,0.004435912487461998,-0.005347232472747108,0.14857500334661622,0.0182296075609444,0.06388305589376635,0.002300648633557178
rna|H2AW,-0.016494900145644673,1.7856399849444062e-05,0.0033319731882169995,0.021240485759472728,-0.19198008865095031,0.2025021526419844,-0.003516230264696512,0.0003053830163244902,-0.305633360865044,-0.040566914383906666,-0.013904381830891864,-0.04560840314194438,0.013517367643879093,0.04144902340675658,0.004131027485347133
rna|CEACAM1,-0.017717393081728712,-0.0001648307812831826,-0.001473860727588024,-0.0006721263622337195,0.12854869278538167,-0.0014213377800852303,0.01974914563114951,0.0011602349898436495,0.12353148382946112,0.1290138263797425,0.030861827146215416,0.018851780197192795,-0.015603245925855323,0.6211570313991673,0.07144085436944593
rna|STAB1,-0.022624589674660803,-5.2700944421948564e-05,0.0037808175384011684,0.06080102075230331,0.002274964006100076,0.17188553621854782,0.18499290225095893,-0.0001670968202606869,-0.3441077719923399,0.0021925210343321806,0.0018070991022532327,0.37652545703738066,-0.07992804267246628,-0.11467054781108897,0.04779961558750252
rna|C6,0.27774272698765984,0.0006263280307353232,-0.002369058623865711,-0.007422255792975674,0.064019436339659,0.008060091294131296,0.2514225000557162,-0.016513397667418734,-0.10659862871531392,0.07446615268859721,0.17037886466366156,0.025899836499056687,-0.0089776733225808,-0.13387982296614606,0.06083135810385185
rna|PHACTR1,-0.10623320542022621,-2.711698758787826e-05,-0.002037516347919605,-0.13404811945255274,0.0983878359756288,-0.11739723327436134,-0.007183864736346733,0.0010707673082596815,-0.17004281685657885,0.1665030614804369,-0.0020640014655937716,-0.08859744939717162,0.02723067096956457,0.41123074181788055,-0.018090435679619484
rna|MAGED4,0.0890554551587845,-0.0001758560044964165,0.00562461148783842,-0.12155394416183198,0.04978424152078546,-0.002901842895663637,0.11227695492484233,0.0019370336015878977,-0.271316957073948,-0.006590386381637255,-0.0016132687814595862,0.0793146043748212,-0.013792297296440372,-0.230624145564936,-0.1477178738015541
rna|SLC2A5,-0.0322604058683328,0.0002573359320165682,-0.0022920837250039955,-0.00882387525048787,-0.07651759383080234,-0.0031856470052460248,-0.22825049052635255,-0.0008087451949307633,-0.24027059979518836,-0.01458552596401655,-0.007869454323685993,0.015422047812598257,0.020281328432284588,0.07441513606027668,-0.07426726910881248
rna|SPRR1B,-0.0026174869298153597,-1.5101795406861522e-05,0.003325837959613763,-0.0008025474442547306,-0.2007707709665184,-8.328142742973019e-05,-0.004091986070938244,0.8058717540303278,-0.008787618433036402,0.011092945496716375,7.118938232396193e-05,-0.041355286705652,-0.004857189528839512,-0.028558417801701794,0.0030283760007210007
rna|DHRS7C,0.4249785169905875,2.391489070327447e-05,0.003371103975040235,0.0018850139561574608,-0.013943004546645297,0.02456718771473261,0.0680754116774141,0.0011611588149306575,-0.12072118942852221,-0.030332757007093987,-0.0021858719076321407,0.0019204351644561274,0.013468212126517397,-0.04502521275262166,-7.703375331487823e-05
rna|UBE2N,-0.2060829376527975,-5.651887365842974e-05,-0.0019845810086363495,-0.07616304999328902,0.33690057199230006,-0.002460748583442478,0.04757855137311414,-0.00033449534671864964,0.693666831414226,-0.020364634586729272,-0.0027922136405572505,-0.0010966150298744243,-0.0026223127313774568,-0.0039642915548969,0.005712814762232563
rna|RECQL4,0.01964345330488005,2.379668993863333e-05,0.0011033313447610803,-0.2789280813714289,-0.08280687743805373,0.03871789782516501,-0.27989039064837506,-0.0002880738689309709,-0.3973818554025211,-0.08334434254755646,-0.02974053393041801,-0.20515332149482007,0.0015942000772569925,0.15973887838975767,0.010859763793962664
rna|HAVCR1,0.010888020282853503,-4.5042102500080994e-05,0.0021087764217008085,0.23233781485151667,0.1074400346140024,0.0729548591162439,0.003132968974346112,-0.0011885905502788563,-0.08663140270610843,-0.049328266456212876,-0.006642938143898599,-0.04530339285727019,0.004089561374020765,0.07031549657059581,0.07951926808050741
rna|OR2A7,0.29957285318512206,8.14055074843852e-05,0.0034949438328510034,0.10766467060743284,-0.2856037777317273,-0.0062481391778015346,0.21628122174613693,0.043948845352129756,0.12002736936293382,0.016096588281976795,0.0032953488207869927,0.08932524754396849,0.03911691283397422,-0.13820374243228004,0.005473329718385488
rna|UTS2R,0.26713690358391107,8.930274995755459e-05,-0.0035459934970437025,-0.19459009680171827,-0.0782188036088369,0.14714209949338375,0.0006599020331539094,0.031270303167442316,0.021351210793292764,-0.022790515044946003,-0.0011937620460576487,0.006614817054611887,0.018169372634601725,0.21249758839930638,0.04923118706234582
rna|MINAR1,-0.09067610790225443,-4.18310154673292e-05,-0.003806388532772831,-0.07192757168319969,0.4367924561505489,0.002350314648557922,0.0032252636868858675,-0.002465973815795697,0.029603571955434647,-0.00034078053977534616,-0.005125616808154122,-0.054374676590502435,0.005197040941964134,0.029463439173966526,0.006700882388453073
rna|SYNGR1,0.11139464822968463,-5.548178099989104e-05,-6.738727947392959e-05,0.04170858154417914,0.12666207812631214,-0.20591961627380037,0.24733735719670266,0.12866886941971567,-0.05721971439075279,0.019392652421375445,-0.005004439127705342,-0.009290496593367564,0.016690197642905514,-0.0631269472587244,-0.047426536609893516
rna|TMEM158,-0.023613634217747124,-7.174882299581884e-05,0.0019186409244991503,0.06199937747365844,0.20229529147934888,0.11879732601169181,-0.03127787497195839,0.10034403909707672,0.23322382480069645,-0.1070492589356616,0.03747491888794451,0.5288807716052909,0.051000709581364406,0.31505800327170913,-0.22988717357155505
rna|NTNG2,0.21105984594703128,-2.284380114579994e-05,-0.002490187712962982,0.3133522051392851,-0.2833315925701579,1.577037176890128e-05,0.20852564612171065,-0.019730266533739108,-0.06361216585953287,-0.004657564386708602,0.0003544231726404513,0.051243587985866035,0.0663481474524103,0.45284404703538284,-0.1501859070623605
rna|HK3,-0.05101521312007756,2.1070332225348214e-05,-0.004956432268681591,0.21158557882432524,0.24719561707498094,0.22799643321888863,-0.22749632844683176,-0.0021145216436004805,-0.2288882084670382,0.007944380822818878,-6.360503044745947e-05,0.0944434947049108,-0.002717616694944288,-0.16213154844483327,-0.21462833540844675
rna|LAG3,-0.05073780883668376,3.2042750343666096e-05,0.004677684639165882,0.3659915050519052,0.32033735023047355,0.24107769466729467,-0.013800917364920088,0.0004693650993722877,-0.032714471185101804,-0.11185191983349102,0.0006185262538711385,-0.202865528094287,-0.011434156911027244,-0.05634233213234941,-0.009281409902473541
rna|TMEM40,0.41171865514213074,-1.776349215894316e-05,-0.010298452077786045,-0.005456817359601985,0.10147661274229604,-0.0063355796960842805,-0.021105397811983045,0.2578140483297852,-0.02284350570063884,0.00015834599954577737,0.006655610132053541,-0.0016008762614515744,-0.012361809607015843,-0.21769817109748177,-0.0023674592237437446
rna|CKM,0.2036227162669182,0.00014579910827841423,-0.0008428684087598571,-0.0007273756756155893,0.12556313358696988,-0.0016220865507339723,-0.05516017958059591,0.25127376096031684,-0.09753300552494136,0.03836680588512014,-0.00849140406911331,0.0049414834978508525,-0.019614347346428394,-0.10116679038729409,-0.0035715466218411204
rna|ALDH1A3,0.003098501698515309,4.278879290083449e-05,0.002041510592130902,-0.08382078992496758,0.11579302553488874,0.0030431262109767224,-0.16405519652037234,0.01596341712213153,-0.10007499250103895,-0.012141233016798317,6.635550409262234e-05,0.5586565521402107,0.030316914775426727,-0.011534693124738888,-0.14997163093253862
rna|ERAP1,-0.014143750645845478,-3.612713450963267e-05,-0.0004502835241518111,0.010335587842818955,-0.051017415884417786,0.032778427161763546,-0.0036358410182818703,-6.1828233293997705e-06,-0.18211320904211767,-0.02255230734194218,0.005135795876020791,-0.05263797549070755,0.007328947231120059,0.17838690516427755,-0.015356957671278863
rna|BATF,-0.09608337938812767,-0.0008954840642668379,0.0008539170673443616,-0.06649068199862258,0.2813865235983859,0.32084146104588623,0.10932483025446028,0.0007220200006530316,0.32689508953127056,-0.022475488901259454,-0.010644028318012396,-0.11726900751632531,-0.041128508793371085,0.12079259832826177,-0.24073798130659993
rna|OR52I2,0.5172975606251449,5.332713953878334e-05,0.0014712396719256914,-0.000819732580283005,0.060745074454034015,0.002168452245629385,0.007506635171797751,0.00042044210990499134,-0.09141577602048606,0.04361764916099443,-0.022922348418769698,-0.08429530847151658,0.031140534323098525,-0.11636959397328749,-0.0024455720973131944
rna|LOC401191,0.36915629007690215,-6.899903240297113e-05,-0.0015597545824319594,-0.024867661981924846,-0.002727645781204592,-0.03963187629908221,0.0021392159197934756,0.0004980952144030396,0.018010097855709242,0.01457969241853442,-0.03973129847095615,-0.010608437332480784,0.0030436937738430986,-0.007311069560225987,0.03766864335272236
rna|BARHL1,0.5081242473306988,-0.0003095993666589943,-0.003926546011742278,-0.008111837155818234,0.03908854642265026,-0.058437942621488694,-0.0609721684361096,-0.0008532533473447418,0.00861667970575404,0.007311454538656447,0.03333296431663122,-0.010473312672064673,0.0681571994065168,-0.156843848329153,0.01423668302879189
rna|NKX3-2,-0.07944930342466103,-5.447308882235413e-05,-0.0036479365601828104,-0.022921181157878178,0.31798858486913556,-0.16624574055921287,3.584739377092689e-05,-0.031895632620060496,-0.02177479690170041,0.006702678570934528,-0.0010447053897079857,0.21409269728146083,0.003922928919393116,0.1903932817173742,-0.15755307936556134
rna|OSR1,0.041157031006901816,0.00013273060063729084,-0.004400261998282267,-0.023756361875029563,0.1893884936221154,-0.016419070998100325,0.21217673336296256,0.16406997876696983,-0.07292286286959594,-0.01334646468570507,-0.014933850655724565,0.37838612334160343,-0.02166767776973999,-0.17756376407525115,0.08923026638594442
rna|DPPA4,0.13102731364673226,8.36257358128301e-06,0.002692224957935139,0.007455394559914735,-0.010728754136977492,-0.013114601388128037,0.14587904670536905,0.0007990904591183166,0.17157676232391977,0.0343675130213239,0.0016455470829890623,0.0020087729362081516,-0.012345017208186251,-0.2361412592469044,0.008002047848464281
rna|PARM1,-0.1827461387281023,6.799714450291336e-05,0.0005804963317872497,-0.22225971383675638,0.02948349202034681,-0.007532871262520311,0.28374752295162603,-0.005715776398788674,0.1245345484245774,0.007019570546712836,-0.028902983010054038,-0.017453339958255164,-0.007632852740046384,0.25050362393181086,-0.014655186178043077
rna|RIN3,-0.011628287724946573,-0.0001623307345697876,0.0016426534161931333,0.15526573558069012,0.013502302504883486,0.22122500679639168,0.044840170209422686,0.0002558631526372218,-0.4528605110532712,-0.034052984279873,0.0030338415194056776,0.004158980860363118,-0.01799575586839883,0.10179165502373126,0.04135604247214419
rna|NKX2-2,0.48205586955383767,0.00012985057349444953,0.002862164858705268,0.09492060939622168,-0.10910202395633577,-0.0016021817513727343,0.09726801972258681,-0.0019130582054009604,0.029796764673281063,-0.02883568899990193,-0.004421804114241516,-0.022460469138539753,0.01559602439739217,-0.014843665245401459,-0.00039383207283226473
rna|GAPT,-0.04068702297902781,-3.913009568258155e-06,-0.006158470311548254,-0.003048804382956105,-0.10427143129100769,-0.2727854020206726,0.315210799095114,0.00069459986345443,0.11238762700817358,0.09500942080088672,-0.004628563771935888,-0.0006212087504826638,0.0622174765772072,0.2918557730248827,-0.1275234999395468
rna|PTCH2,0.27655278125477106,4.52433205709383e-05,-0.0010329545206067272,-0.024929246147937168,0.12245503708658796,-0.0013159928724947232,0.09887977067189463,-0.08486882776971523,-0.3169902743996349,-0.09934949444014968,1.9004111030950374e-05,-0.09498827105060034,0.013148295027730792,-0.0006377047081215236,0.008372091956391508
rna|ZNF135,0.01788516918219199,8.394424614856967e-06,0.001372697926000981,0.021451792025881218,0.2537390290521869,-0.07215661178302607,0.228985632534088,0.0016475482045982498,-0.03059864043709631,0.062151625161930596,-0.005392145991427491,0.18523588433486274,0.029529997138244838,0.25233416683887094,-0.041451968181523385
rna|CA1,0.3306185241795725,7.968128338346913e-05,0.0015129521755239354,0.001959495828195865,-0.010182219744145241,0.06802986378231196,0.1361961380738479,-0.005972104126270084,0.0037202038434298026,0.11818926828880866,0.021198589506686932,0.005919802729028373,0.012416636631297438,-0.10084417386059595,0.008351122624745938
rna|FAM186B,0.06819661887423499,-7.455801338901283e-05,0.006557088354678868,-0.0066063177576719334,0.1917384492966796,-0.3760464942862147,-0.10246576156842843,0.014494932808058386,0.018863066417841228,0.03853871803538361,0.08267036190009136,-0.15773006769392556,-0.01395637332225557,-0.1941675806126915,0.010665410837013707
rna|CYP26B1,0.027950997308817758,-7.897149852574706e-06,0.0005518289134159064,0.09968588233763911,0.0322704878515531,0.023035885786489883,0.007788870568491547,0.02920320513413122,-0.33803549035859387,-0.0052036384358228405,-0.003211803449695907,0.165205409771835,0.035319495923552664,0.1638710872436172,-0.14259535031497061
rna|APCDD1,-0.002560538742265886,0.00023694117508005165,-0.000939385715982009,-0.0026864791167246042,0.08183702308885932,0.0048789393107729765,-0.009818588586215,0.3264527694538272,-0.17512983588443728,0.05286740326607979,-0.028081860618794037,0.32731670954232195,0.05706851067574039,-0.028710625735157806,-0.06961047389702861
rna|OR9K2,0.5087474533472154,-7.848655796835944e-06,-0.0010461195413816514,-0.0002533051957741705,0.04130583739509881,-0.006674301895137525,0.002657911228338439,-0.00027531791437263817,0.01713602239936227,0.006383104875931577,-0.0005015187406238793,-0.001041275537238569,0.0044384778855741805,0.041641703116785875,0.005200652302215327
rna|SMC1B,0.31185935191736436,-4.05153536612865e-05,0.0009140621297088402,-0.04037776046905982,0.02166900318886344,-0.01613867173796742,-0.07528365996095644,0.0009486668270504858,-0.09869597944933514,-0.003140890714081845,-0.001535691587272704,-0.03321648045560889,0.028482804387798134,-0.004900325665738927,0.014007469075980189
rna|CHSY3,0.12244230843528774,-1.6584808848380461e-06,-0.004845173181660626,0.0013358228706406743,0.5347961245628902,0.001921286861813172,-0.07186944231996253,-0.015410943433345,-0.07841452724053834,0.032461269077545755,-0.0047892955807277175,0.31871976986341205,0.0024035590481577985,-0.003021871395724184,-0.011700326990452632
rna|MIR663B,0.4990206025531695,-1.4919637294409164e-05,-0.002114768493969128,-0.009176790077978182,0.0018973639698678978,-0.0023010956776531415,-0.005261981142703241,-8.09517243839344e-05,-0.016093663159982445,-0.0023228376500242028,0.006731526309017629,-0.0010863983601135394,0.030151209370108185,0.09572507517332055,0.01180155047354854
rna|VGF,0.11354044223913426,-6.237458714369288e-06,-0.0013583847499876911,-0.1700583303204103,0.03357487113717201,-0.0615165236834199,-0.07733136296211995,-0.0023726602626781917,0.01674293244001156,-0.01388531130724996,-0.008394647712105461,-0.10736487957384501,0.012356135644364325,0.2715036415792989,0.05081520417748441
rna|TRIM7,0.41419244166340174,0.00013683061520814094,0.0005617868732329878,0.08772843755480517,0.014356780487041374,0.002066073144290834,0.02697971549415062,0.25277560368752167,-0.07090205435835918,0.01290109286856807,-0.0008467058578047215,0.012896698716195485,0.0069064751037381435,0.04182268344693091,0.034288183747687294
rna|SCGB1C1,0.44292051111827424,0.00014886928321545593,-0.0023233837656585674,-0.006617575953650664,0.012817348213672138,-0.0003518942103486526,-0.005437567174879671,0.004371981922874076,-0.0037771273912989966,0.022916180579163423,-0.00023578736720781285,0.011818156092026095,-0.001985585238629674,0.026767722959414073,0.009650769503088847
rna|EPHA1,0.18496568897067625,-3.438257599303632e-05,-0.0007942700153116852,0.16752208640829697,0.2587742230085591,-0.130608402216976,0.1921599757599498,0.22902022351373955,-0.18176389840428772,0.021147958895362962,0.011246714581058956,-0.0004328010422606617,-0.02618758901401021,-0.03666590109786375,-0.0011277052178690972
rna|PFKM,-0.1445732973204538,-0.00012622572686629571,0.004554395386833942,-0.17073536527724223,0.5792744780358134,-0.032490517788115084,-0.013388415015289267,-0.0001423023946620654,0.29796693043256234,-0.010267393330512707,-5.507287726559711e-05,0.021152522923127953,-0.000214680786693792,0.38525852331125443,0.015413008333597917
rna|HLA-DRB3,0.021693166591365925,-2.8349356112397928e-05,0.002990760519060158,0.012910148778414919,0.010622007596403216,-0.0013741996280895454,-0.011716742802366882,0.0030808552716456846,0.020954871239898216,-0.02259994732267801,0.004001315151392478,-0.003959269411861984,-0.026578987154938664,0.030850221958609564,-0.009103766551334977
rna|MMP11,-0.051677630570964674,-2.486555600817586e-05,0.00040103360585459226,-0.015725331298798162,0.27593282455952584,-0.2424493536191411,-0.0651647983295945,0.0007692153908631141,-0.2693606489002452,0.007151509263514455,-0.03717337013469377,0.13486850349564525,-0.043435094831650825,-0.15002854820690265,0.11806887981079026
rna|DSP,-0.08622666568473265,0.00013048023774645635,0.003802801001624456,-0.0022263778385040373,-0.1258817929534931,-0.04014638893771049,0.24633059238713453,0.6460256282516569,0.0633823000004732,-0.06214688990518516,0.14100069922142525,0.09431419904456181,0.01272294647988009,0.11621699979125433,-0.006768111547092698
rna|CHURC1,-0.24230910382132959,1.0736558494811198e-05,0.0003624228017338437,0.06883262924558516,0.19674672863789608,0.002337515978790489,0.04967689826126386,0.0002369984634974445,0.6292102100086442,0.005327332192941642,-0.002195976308802879,-0.014675079533378944,-0.018741448628630475,-0.2077876874999467,-0.0009639422897312856
rna|MAML3,-0.072435452142263,0.00024363856195515088,-0.010336868681287536,0.16145168272470847,0.00012943890935920708,-0.3997527504519021,-0.10276899281606283,0.0014480623420493307,0.10551969325284077,0.07081985229807457,0.003496137809754125,0.24196361744431727,0.01618596121289935,-0.2195285150587702,0.008667833613517886
rna|MPP6,-0.16889811232567803,-0.0001397170687189002,-0.0018070682470338576,-0.24377763866465557,-0.11580383511179866,-0.1432142326771343,-0.21586735259963616,-0.0048637298403365475,-0.09459570885659167,-0.07260347589210916,0.0037305801325403145,-0.012191958733027685,-0.014503044029837677,0.3514392639078485,0.014048744399250537
rna|AHSP,0.04163035477552662,-1.6849168986743063e-05,0.0038884534753113246,0.01813714631893757,0.01069573885551554,0.003031468720570024,0.19875228723736849,0.01790597071206108,-0.01684192664915268,0.01705459743053563,0.010749934555113957,0.008419081488890777,0.013538732821560737,-0.17625097485980984,0.10247378584610477
rna|IFNG,-0.17873601331320435,-1.7920353953533165e-05,-0.0022230321118234414,0.33214559240667796,0.40710374252505527,0.2565085777346832,-0.10594212776300113,-0.012882839066646092,0.21013081738730055,-0.004338295066136763,-0.02068457794343946,-0.12943204039306494,-0.017082431760347874,-0.15376891403462203,-0.008944278621379155
rna|IFIT1,0.02116737577996661,1.9669810621551723e-05,0.001812537029985672,0.22244402452709303,0.3224100229318248,0.004575932226127614,-0.021692768206750892,-0.019926489264957492,-0.2892314857401774,-0.007075149273066884,0.00016369537885573305,0.11122319361087742,-0.035656867606564814,-0.025285970953619768,0.1569682121798961
rna|TUFT1,0.00605510014628695,8.222906578042932e-05,0.004293174370739814,0.008183271858124766,0.44992158417658534,-0.0030962380271238508,-0.03893207964924242,0.27610542753241774,-0.15300875057249178,0.03932717983051254,0.0010317760184406007,0.0025169714761222564,-0.0008480081406435219,-0.031716557416740926,0.06258451674621618
rna|CHL1,0.08789497854180195,-2.3919987511107435e-05,0.006204988018396376,0.000963222038714638,-0.014719603091641961,-0.1925763308315011,0.19875829384507926,-0.02006662949205773,-0.10500058653591172,0.05273952416433618,-0.004291486371391986,0.01084554659021786,-0.005934060267703429,0.17791334278683427,-0.04006402058172594
rna|GAS8-AS1,0.5505275297508075,-0.000799863700348206,-0.0021652092811014624,0.002804207595527386,-0.08179486784592557,-0.00399523977494741,0.0044100780397467836,0.0010148547915027435,0.053348717979728795,-0.024273560377316563,-0.0013331406835193165,0.0010372700079802736,-0.00818556861229932,0.09931884658007735,0.00618921823017315
rna|POTEA,0.12268168084245791,6.332728899006252e-05,-0.0017500830405324857,0.005282578829312669,0.047382235910358374,-0.16448211250920403,-0.19287513588141997,-0.0013445211672315244,0.019679556151350953,-0.008711888653023522,0.0024063509992629756,-0.04135249869640803,0.026052615868231634,-0.06137766499172699,0.13799334195596114
rna|KCNAB1,0.09091881418671267,-9.587967324678374e-05,-0.004537025275407213,0.013184634830068383,0.24624878996645663,-0.011453451812146348,0.009036745453131406,-0.0029902559982937327,0.05110457825889666,-0.023604700018078982,0.008539186692583491,0.23761141471739344,0.013519313533458425,-0.3111075988989671,0.003997881197016437
rna|PLCH2,-0.07143991516704241,-4.316288807799136e-05,-0.001665415258901514,0.2755603735475875,0.399659561881411,0.010794277533269642,0.2767319338015465,0.17939151182747456,0.2680191982624359,-0.06135999059760408,0.005912706935360573,0.007139886778447837,0.008374548788836792,0.2744454757265524,0.021564360138389596
rna|SVEP1,-0.10255099673270396,0.00012964987459175632,-0.009259143374079301,0.05979268647917519,0.19480508726757575,0.004144672337811436,0.5193969962597735,-0.11912121119666594,-0.05866933753457466,-0.037416402285593,-0.0033080218092357565,0.1799556010472522,-0.047776014734323885,-0.0813864336932174,-0.0052056839485613475
rna|LMO3,0.4328969761142159,0.00020998743773282914,-0.0010345783428697903,-0.0950089154992756,-0.07435971143865083,0.017004379707995846,-0.00407238613731432,-0.00024521874604004686,-0.1354816536458538,-0.0023797165893729073,-0.006842229792024305,0.006607322139495836,-0.013393123014668263,-0.08966116775812691,0.036526094500533804
rna|CXORF65,-0.23542204045212334,6.135355248938126e-05,0.004614693787056984,0.16302336778368773,0.15746382009586632,-0.0662284235802147,0.022295186941412748,0.002330192659991834,-0.2797568402406621,0.050340865698089175,-0.02738242703982322,-0.24514282311519486,-0.04405148460800225,0.08925792896651888,-0.01944510038230404
rna|HMGN1,-0.20056699453928056,0.00030898066792391224,0.0019631229951524646,-0.038346069816934204,-0.030078547841061145,-0.11193076754054945,-0.03199365195524304,-0.0008010887008083824,0.49745030721314665,-0.07221268657362061,-0.007499995046180926,-0.003232752256557732,-0.002249217706722378,-0.14550762591568112,0.006082496573524443
rna|SPDYE1,0.5261815279360983,-1.0150826390732635e-05,-0.006415378874065915,-0.0187232608506854,0.017615940163133434,0.00028642360735692333,0.009400818708620268,-0.0007105699475494417,-0.0027472717560261795,-0.0807978655543519,0.0074942692331622434,-0.0058612986537928,0.016646385267103353,-0.11328004470927935,-0.005846445478862389
rna|WDR25,0.004485645139541843,-0.0001745857860469098,0.0010448064508697175,0.01371570315560331,0.4840064304531402,0.0023976162539309518,-0.004382857483732284,-0.022235263330217088,-0.25638580217616425,-0.08137826464202272,-0.005034953324292291,-0.177782090394728,-0.05116825083822543,-0.19734239685656169,-0.04921048230759376
rna|IGF2BP3,-0.14208296443834884,-1.2037810015001375e-05,-0.004583261770603048,-0.19711618972270453,0.006082333086109746,-0.13375377268471011,-0.2688916638884132,-0.00017373235042372415,0.28295603360466115,0.004498691640074579,-0.003209540485754333,-0.02205924996487255,0.0020171556864380193,0.3934148986761966,0.021937164056005286
rna|CD70,-0.021037258653503626,8.250035488741951e-05,-0.005683819121001954,0.03717768916566484,-0.0727101280982348,0.003669767857812613,-0.21545278929226241,-0.003122611145884768,-0.005423138589106454,-0.006338811482542805,-0.01588240902485729,-0.11783134399880645,0.002257837131522017,0.1260911843780104,-0.05502513863650918
rna|AGBL4,0.12276578342609439,-5.088901564999768e-05,-0.0008147827049262568,-0.06818142258971903,0.25853974771822313,-0.006548451206155239,0.008870408253993822,0.0019646455435031224,-0.04293126811991048,-0.007903876822850714,-0.00448948822816529,-0.18214237815844753,-0.008157860402159638,-0.129227369206451,-0.007176199691193205
rna|CCDC88A,-0.163474512183364,6.152390120092709e-05,0.0013072824617872659,-0.012029902076536363,0.4695365622434023,-0.01366022966624606,-0.07704781031755303,0.0042558946102742605,0.4662317033788901,0.016808634510684102,2.1605928323637715e-05,0.08836446382373722,0.009882954865728235,0.332939363598859,0.1760590382297821
rna|PLA2G3,0.28540252124475474,-0.0001289822302661932,-0.0012914768704701265,0.007895589455282735,0.06166069364033525,-0.02377803546150904,0.021573623972928762,0.5441723899851022,-0.0019422428230012512,-0.013014008388214315,-0.0010420783801357244,-0.06803645954880506,0.05619378397377889,-0.07751255733496697,0.00013996942885913927
rna|VNN1,-0.0036899776951678084,8.1470722411409e-06,-0.012623545335579094,0.02009428051062898,-0.33596882363153585,-0.0009798570583078718,-0.07771729798725217,0.00027652667937378637,0.3413904215637649,-0.001956328610416182,0.14957546696967852,0.005181939158031949,-0.00696616637811375,-0.10744290160677834,-0.40118617510560883
rna|BNIP3,-0.12130904083268416,2.713785027477982e-05,-0.0003497312210081406,0.004041750133365862,0.3895554805832449,0.05616905304267021,-0.027468886521097087,0.00016956549755947444,0.3328907517318068,0.09096232624161797,0.005640211179495298,0.08622312025359573,0.04707530264956744,-0.04525707319399243,0.004424597855269514
rna|DMRTC2,0.47340035451252177,3.7304005708691624e-05,0.0025734578177579095,-0.016990269134298977,-0.011075791676496015,-0.0007240234005351508,0.006890908758086004,-0.00176979522626738,-0.036000362576485985,-0.011127582750999152,0.00051731936673006,0.014726176532835493,-0.005306821136468679,0.06714256919079267,0.0029339286472616264
rna|SEPTIN5,0.01625497359185846,-5.665768803303162e-05,0.004579340373951073,-0.005517221617378212,0.006371218431646262,-0.027799965196548284,0.15185799654347248,0.02235376803770218,-0.265786463222012,-0.030373674378826807,0.0045652905927911925,0.16923154247934474,0.01834335564396376,0.08862195674395593,0.005639253579617132
rna|DECR2,-0.10166324071696263,3.698403567353536e-05,-0.0020266066184727203,-0.15070911994074074,0.34280836247159074,0.14194042195861248,-0.03909934717363678,-0.0019502136632638715,-0.11274287287898982,0.031367995464654186,0.018554417884545753,-0.01035533241070584,0.011716369272026827,0.15598773837255445,0.04578588892482935
rna|TIMP4,0.2994575541198074,0.0001454876687655961,-0.005204718088676752,-0.003012683265885448,0.0551475739869441,0.03028592379817939,0.10713076857827751,-0.011679031823796177,-0.19887146551538923,-0.03511042356008365,-0.004575500158417142,0.14457535438022096,-0.00659750977211987,-0.033289992142512284,0.0006085546447323277
rna|MSI1,0.5445470168500453,-0.00022253224939341193,-0.004829664130330145,-0.0021996519882309545,-0.07642183785535751,-0.0013262999354482598,-0.0009355000484691042,-0.007013207486787253,0.08752312936147108,-0.005712632462657419,0.0008983134838108798,0.0011499463237035939,0.023253439362950563,-0.02481306258520561,-0.02553491133403449
rna|TNNC1,0.17338342590380912,1.6080879860166172e-05,-0.002562906602726364,0.0023752133218418593,0.2255949488169872,-0.012432256340655654,0.0018718252866383204,0.14121852770751764,-0.1137273111144901,0.024860349162894573,-0.020356662626468396,-0.012402382720100498,-0.01756955510670991,-0.0008713976150407011,0.002555556799103971
rna|FLJ16734,0.4036470959638778,-8.260683276490012e-05,0.0023360748956769983,0.011528096825067361,0.018826901341760762,-0.10123834185303418,0.031240600258116574,-0.001995528304550926,-0.1154218980570824,-0.004848763439217348,0.04695389028900541,0.010400307529513542,0.017705934167895978,0.25571513550576574,0.029294807760935616
rna|HGF,0.11766229517197443,5.70591491609902e-05,0.004726925678281608,0.0913280194936426,0.23343603213827105,0.14387358827286473,0.0030039470873018557,-0.016717408722011037,-0.3578955070566331,0.0030519531030101946,-0.00014890999472512537,0.3122004934857197,-0.07870677896819261,-0.10545969159316311,0.0819764376417118
rna|TIGD7,-0.12549230322090674,-2.2241389854801815e-05,0.0038474440014588727,-0.06923600513837588,0.5161948311353252,-0.01813168549131861,0.07956538030780427,-0.0027033527875820838,0.39581936551075275,0.030366388885601746,0.0010458728655600939,-0.11886892583841173,0.005383469041067735,0.0615799999372027,-0.010074829184572412
rna|MMP12,-0.15281287059173007,-3.6490257311850766e-05,0.0011089809933020305,0.07843262475528562,-0.034386791748166376,0.27059733847857786,0.006526016457681308,0.0422026287124109,0.27430339941517995,0.010123877600350807,-0.012974796324639945,-0.008744071953594952,0.03645907096628852,-0.016363789101614946,-0.11176321304769327
rna|LHX2,0.058007055276612214,2.4928795173910213e-06,-0.0023298569718156275,-0.005375669297655569,0.12234024160140237,-0.10439950380424755,-0.0866815444479322,0.0008578883552924846,0.013109631464523706,0.002395198241696519,0.006501830086517147,-0.13421211443065142,0.01480275295073611,-0.14375973531086667,-0.09034370515290047
rna|SLURP1,0.2653386062049513,-2.6686070711132643e-05,0.00788225544284314,-0.02152991724265984,0.0015663265938109816,-0.004266999766114099,-0.02347709193245934,0.5768619492443123,0.07792268816166428,-0.037674075518339,0.0001354817444400897,0.014406777538514801,-0.01159055496906868,-0.008530487384846634,0.012399829223054881
rna|OTOP2,0.4999013939287862,1.3602085519002237e-05,-0.004615825793176523,0.020325034468688333,-0.009061941908769591,0.007307412655676684,0.005703455402071154,-5.78706400386718e-05,0.05335654858120922,0.0046320551746535455,-0.0022302766742003893,-0.005333754228306164,0.02400314519044752,0.021514985238605438,-0.007859517967686087
rna|RNF216P1,0.09875676786431445,3.054295544929314e-05,4.752186704436816e-05,0.006607322841415313,-0.2324243782208532,-0.020363942309527316,0.024919908700275845,0.0014833214488866914,-0.254030752706196,0.04184672794635309,0.0003755297191879276,0.026600647479514784,0.03649858372132262,0.3316055373957183,0.0022022366565793657
rna|HTATSF1P2,-0.05054627195245035,0.00018005292797846988,0.0010809175246503976,0.017611403799572673,0.12912969182308265,0.00773145527250306,-0.02850843108806539,-0.0033369565758004974,-0.09768947308927466,0.0019375989573492552,0.0005131594862104002,0.020255210934905538,-0.027287670106381005,0.33207884304072194,-0.058701245469987916
rna|HDAC9,-0.027991256245545517,-4.138260568413145e-05,0.0006520526726809539,0.005924182301876629,-0.2531986436311198,-0.21617238173843498,-0.00560774484905775,-0.00019508277812802828,0.07569158554170578,-0.018489065317216915,0.0011598858801911808,-0.0819124954626353,-0.03781485257190644,-0.16062064803649848,0.03499234420936421
rna|G6PC1,0.49761558418395563,0.00010133450038095965,0.0019870940613030165,-0.0006054864376322452,-0.013767237127732965,-0.007349089459886414,-0.009316420174263236,-8.41646791913636e-05,0.07747440933794075,0.05177963858173216,0.2307755066724274,-0.09824785726143608,-0.025494285039448065,-0.11528092910144666,0.026262410204500573
rna|MXRA8,-0.022961151132520195,5.5635999925543236e-05,-0.002749065392866774,0.023654970539921966,0.0016915520437474183,-0.16096889734340708,-0.019456936111197344,-0.00024329859264053197,-0.377218372942409,-0.019624491045326306,-0.021219296511591355,0.46716109295918146,0.0044472181382359316,-0.04032884711638336,-0.03582172946450215
rna|CLHC1,-0.14166575979676285,-2.1490135707087274e-05,0.0001207138639485329,-0.08337993997624099,0.3611455651319915,-0.09007165327428324,0.0181423157269817,9.824542003193643e-05,0.5273741352046243,0.00046733520790625724,0.0012657922321732094,-0.1299186772650453,0.017792876702624038,-0.2486363216753384,-0.04657824755696584
rna|H3C3,-0.0779819724292358,-8.632510006989675e-06,0.0030014317705848704,0.005221317682464903,-0.08390777374943863,0.02573217741512503,-0.0007025212150663034,0.0003398379252329068,0.045340262525653145,-0.03602236772154488,-0.009538439567236084,-0.00556975619141652,-0.010993053327525516,0.43286256557757224,0.0034800901621123174
rna|LILRB2,-0.10447125088833549,9.928889256525616e-07,-0.004611772673528073,0.23805491608555532,0.19123286614303778,0.4166550178861125,-0.10172809865003773,0.0017878157030368602,-0.06942413309740805,0.0061849934810347534,-0.0006188967365099591,0.2785164860977211,-0.0040244713976372625,0.3184896134603296,0.05921270952309907
rna|METRNL,0.01777472787122043,0.00011400069940085458,0.002009020879609879,0.17731122332344473,-0.07234777915908089,0.144350203335805,-0.1722647305755124,0.010529000372079345,-0.4700995364856446,0.0894581133976138,-0.00213258996224164,0.2656402075854567,0.018158648873288188,-0.008675260431001192,0.002367669947539195
rna|UGT1A1,0.4422027205968565,-4.1249791919442577e-05,-0.004821271752653689,-0.024580967866671626,0.017683521571427375,0.007425265180860639,0.0011624471976336309,0.17436646211611365,-0.009947555186778943,0.029296803077808263,0.24348282725116466,-0.017696762002653504,-0.00474566317586771,-0.11327230479821286,0.01977018053799009
rna|RUNX2,0.23500014701803512,-2.5481383879986327e-05,0.0015152542397091004,0.1897314109620456,-0.36091021952765917,-0.08660084287857457,0.01066392412669346,0.0020925803569036804,-0.11986603108071657,-0.013329904016672353,-0.0028249242569956703,0.30641454735679885,0.036631967328993736,0.32306791737530627,-0.01018553339992345
rna|CYP1B1,-0.2390611052680838,8.752329057102772e-05,-0.0034605307353105332,0.20058452718069553,-0.07566399395562791,0.0015126512486517327,-0.1265398598942312,-0.08329240467562166,0.1915982211312443,0.016738415942735365,-0.00012894216113525106,0.4579421815905058,0.003113657752342232,-0.0530197114099049,-0.15028151641157292
rna|CD164L2,0.4024611769350447,0.00017632179047022848,0.004837103436649386,0.009246319939723881,-0.004485331379273115,0.004718437961982454,0.004668114736560653,0.35571722406863837,0.022201991260202395,0.012193954496725846,-0.0019366407236747433,0.009521632575653445,0.018023492969640665,0.0896037877809187,0.01042143080948021
rna|C12ORF50,0.5113919945211026,-1.6416570968770866e-05,0.0009559798684752453,-0.004832192732632281,-0.0029962541292331973,-0.0023892359690938633,0.003506762802317086,-0.001525963983570838,-0.03000365184546804,0.004040481843711802,0.007464827633929725,-0.0012725905754955385,0.005789782163431019,-0.021538923100085136,-0.0010404504256085144
rna|LYVE1,-0.01286407676806383,7.461653755798028e-06,-0.002515132001750231,-0.033951206117813125,-0.0038071446385938793,0.16694028302970748,0.4480027486638108,0.002487582699588203,0.0685790578318019,0.01983112214386085,0.025262042196155448,0.27972705633769934,-0.010665365029419052,-0.3433707558254778,0.004573303932630146
rna|COX10,-0.19276968944493175,-3.946350117833477e-05,0.0004571193447023953,-0.05708633579423578,0.53756233337343,0.07041371116330271,0.000827138994531167,-1.5409765455181662e-05,0.3708305995203834,-0.004867085206532187,0.0069575433922894146,-0.00022800200993183304,0.06211933810603793,0.11030230188100584,-0.000758803540077789
rna|KLK14,0.39488426724215614,1.6100458918495914e-06,-0.004738212805384778,-0.006138112018187885,-0.15546690781360534,-0.024565542217591274,-0.010058194783157733,-0.0007163965101065307,-0.0943505777091814,0.0021041818176037452,0.00668605214901829,-0.006719558066999337,-0.015647508655064868,0.12331385719727289,0.006286469775398892
rna|SLC16A5,0.016466537261239277,-8.336945390221088e-05,0.0030939290764536546,0.09391957233179149,0.6082618469817185,0.13104682909402113,0.019184904196276553,0.08562480318701142,-0.1757896317213595,0.027394000327128482,-0.00021143381018543208,-0.0016859937442972148,0.013447544893925592,-0.1418461422404894,-0.012303364764452082
rna|GRIN3A,-0.018567910841254823,-6.375196427922829e-05,-0.0045730554374544515,0.3472294014660477,0.38610401040274617,0.31628475527237254,-0.11968307516621761,-0.10377732571770804,-0.013446827538044895,-0.07337578729010343,0.00028480688151703317,-0.017003623324168233,-0.004983233472619818,-0.13379381594172032,0.024242870340644204
rna|PARD3,0.24905209651616378,2.915349324090159e-05,0.005797007442161769,0.0016729443367935535,0.18252880657932227,-0.10908875241002754,0.008281913583075135,0.004120292035574542,-0.2567504688695443,-0.03704098612794819,0.004128822273399748,0.15161256159919778,0.0017289178205039575,-0.11755581862534939,0.03429616362123241
rna|EXOC3L4,0.013636587403929225,5.630220513504013e-05,-0.002841262404353555,0.13203580116734778,0.028205862161167414,0.012077941697887855,0.4260753869281,-0.019731458533214296,-0.26934180892280996,-0.020944033909795497,0.11106933705715537,-0.26513154406563233,-0.003409832427510659,0.04799410776249646,-0.2957046341781285
rna|C21ORF62-AS1,0.20805799568443456,-5.958664548559796e-05,-0.0022956247195843596,-0.023858721669152986,-0.014409164925142777,0.0075964510914184515,-0.009571961878678191,-0.0007965189356134168,-0.27037858190368486,-0.002815207446724886,-0.001354503434573197,-0.1584803623939317,0.011888579154404423,-0.020334286826708542,0.11763819735506975
rna|HBG2,0.3379355629240981,0.00012069855129062727,0.002283792550169989,-0.0035658535613207164,0.09959488390012375,0.10136734640080163,0.010174721816965975,-0.002661435160807676,-0.17049221962351735,0.009234200480267636,-0.01832336064296805,0.0038421979270288694,0.06237045491898988,-0.21087664608061432,0.013575231087802331
rna|ZCCHC10,-0.07007794040833314,-0.00022723159781333827,0.0012458272739174674,-0.0013563503407556716,0.14044934397982586,-0.02989758731434105,-0.0002556394717099609,0.00010685427219852639,0.7318492254910073,-0.05303580401850144,0.001325005523694386,-0.0010111787804863335,0.002089296921280659,-0.29508030801971585,-0.0019690395116048593
rna|PDCD1,-0.03181311745945245,-8.289583142191527e-05,0.001462349367597004,0.2252214897344006,0.14911938246406722,0.0946436333624844,0.06470326135858818,0.0004454819452988546,0.0215775410060543,-0.05390936349612191,0.0022386418944090373,-0.04816593504887293,0.0018456876674675757,0.3320012939451752,-0.014912681309526506
rna|PRR23B,0.4670404700110705,-0.0001305006260401494,4.017642305500498e-05,-0.0012565791126687815,0.01607602299819229,0.004152282740460188,-0.01806267596689742,-0.00023774342431332447,0.016769819912388656,-0.01858554305054382,0.0008419130622330369,-0.040907434173918886,-0.011568608215482066,-0.08433479774677351,-0.00335265873501358
rna|NCAPG2,-0.2544951318895223,-5.118572845438397e-06,0.000496080350744358,-0.1641608446245184,-0.0224954093188899,-0.0057330704015335545,-0.25515277696272237,-0.00045362609646919043,-0.15560379045964423,-0.05876313798101911,-0.08906623305318663,-0.00406918950161082,0.009786158296338675,0.5786506114589122,0.010392089577179082
rna|CD300LB,0.2691105750768425,-6.149907206461692e-05,-0.007131356641008501,0.03300252018284343,0.24706121450036744,0.02321644600797721,0.06631125607354117,-0.001272116446357105,-0.1392015973410984,-0.02798094952430309,-0.0012844077056999071,0.1355681565729352,0.015250030497043559,-0.11192695962166962,0.0030157912088560265
rna|SNORD78,-0.22172397529613702,-2.8811857128416687e-05,0.0006735701521165611,-0.12769375635937122,-0.33042109703733735,0.00197470629322854,-0.1430913166385658,0.02725825664021238,0.2569984480485786,0.007718781873642324,-0.0008047162302884244,-0.07715533158195079,-0.01327128281206023,-0.4973292320386648,-0.0019056658157191606
rna|OR2M4,0.5022257162683901,-8.024869264266047e-07,-0.001770919382061324,-0.003272970981003152,-0.03679962361038606,0.0024240065984953815,0.029872384164560326,-0.0017115200068761303,-0.11750378165244,0.011251129778432586,-0.0004030341288291375,-0.09845310136966237,0.012030298901424673,0.012539135708013412,0.007732164661208741
rna|PCDHGA7,0.0540383699079384,-0.0003538235063847469,0.0029405235529984214,-0.0011399401758989053,-0.15475431325546532,-0.4914773729042433,-0.013048340639018425,-0.0017531503888440617,-0.169547977763878,-0.030829877706454557,0.009416167683786248,0.011837864533779486,0.022172263802809178,0.24950998016237064,-0.02281297006847811
rna|ITGA8,0.08951660951555848,2.1660589789978716e-05,-0.0014228658331761595,0.021060804544482722,0.13657155254474473,0.00046090563886867525,0.38061632015949043,0.14579947441473295,-0.12048097237090191,0.009985667343279738,-0.001613529454011109,0.0008944941811771371,-0.0629977044999134,-0.49361208867124007,0.0018092998204721968
rna|BRS3,0.46386363354903354,-0.0001694451012964929,-0.00667132524449459,0.003116094759991381,-0.06943203635146739,0.004251539829019776,0.0019869270865119715,-0.0002027101612221378,0.017997869853193803,0.01916953499797265,-0.0017606200419334184,-0.0088481475640218,0.0011716600725192178,-0.18764915193490195,-0.004685797476358085
rna|MYO7A,0.05188723763350508,-9.590427415894885e-05,0.0008362907677536047,0.18631295901803815,0.0790608715990725,-0.011488598243567663,0.003439871358082461,0.00019347581193641765,-0.22285875193919,0.01641494523999093,0.009072270497461624,0.010146393399809061,-0.06468061905710942,0.1894013836239367,0.02355210674365448
rna|SLC51A,0.17236619019004423,0.0003059362704751103,-0.003051997112167728,0.0025589748676500173,0.3311857062251394,0.002958547372723927,-0.08828642532398472,0.000811667908632368,-0.1286611336338968,-0.007316631602199995,0.13249339674441332,0.01159716647748719,-0.009394719188711936,-0.14135724285068973,-0.211619946674807
rna|HSPG2,-0.09725570495320926,2.7816765546266766e-05,0.0016227402318641712,-0.05550040082987205,-0.19756138042415772,-0.0034812281967438064,0.0367047246629904,-0.005488549594502176,-0.49769887756982667,-0.016647386496275278,-0.01752050390363504,0.4254010271784149,-0.0018614157992981437,0.15047190965480875,-0.10565688684769747
rna|CXCR6,-0.03520691508742101,5.0879753038959685e-05,0.0038145912949167898,0.39458391071947624,0.12158920307891763,0.09071975899304524,0.05717804371551784,-0.0003998186379855725,-0.19054143616869249,-0.031763315721070225,0.0035812834161133822,-0.00171154946738686,3.4529565208671106e-05,0.21433074856251322,-0.038135702082975904
rna|MIR21,-0.23056849353917597,0.00034350568761570946,9.88597935424945e-05,0.023657288350939214,0.13481631283612827,0.06690136101700064,0.02630698613458536,0.0015274406771838144,-0.12808425672376086,0.12737297198538092,-0.008794368723392888,0.20072828379275426,-4.619696760595142e-06,0.3039050469074706,-0.13204568342414166
rna|SGIP1,0.06405107428396467,1.598903224507152e-05,0.001388208463027817,-0.018651820040035936,0.2176643770424473,-0.042028092954345335,-0.22719750397561397,0.004252632749155741,-0.18352234409896523,0.0009390459631099066,-0.0025547667013276014,0.4345656202867606,0.01944248066649014,0.058140771772313894,-0.009177550027447886
rna|PLEKHG3,0.054704864981616294,5.068393811945274e-06,-0.0014410541466347427,0.26135425331157525,0.31089402261421745,0.2568071976898311,-0.012437676567118366,0.03590293423153,-0.2273133682495385,-0.0625449657124817,0.025249514961310816,0.15542269561371888,0.02078432957566551,-0.09291896396055853,-0.1745049227166795
rna|TSG1,0.5197568346976226,0.00011396871039062542,-0.00031365414070880557,0.0045706953762174405,0.03470335323872138,0.001177844226239894,0.00041281675445022277,0.007729122797840334,0.05644906508651892,0.0025119970008284486,-0.0018805056506983838,-0.0022615187137896018,0.0233541222186959,-0.007572105969025286,0.0075172142587581715
rna|ALPK2,-0.07067146349332022,1.2781900402504853e-05,0.00616419495515298,0.15398573657097434,0.29331525763205063,-0.006121692014600893,0.36089921559820776,0.0016711477218434663,0.15318342473076807,-0.0642276676179465,0.05923082660925717,0.0944059914389402,0.007665292600335208,0.2502198659654714,-0.32516403257967125
rna|KLHL14,-0.09669973653589385,-2.0755450969096485e-05,-0.00017705794571851174,-0.24905763099190967,0.0803197597258509,-0.15673069517339286,-0.009968998642658891,0.000606606937130201,0.24528218266230822,0.0039792224929037345,-0.002138789627964835,-0.1374701985151102,-0.01027644559394335,0.1826992125366522,0.07616341403218399
rna|SPRED2,-0.17224519408522967,9.74611240345418e-05,0.004930611303368583,0.02035778213270608,0.16267053368743395,-0.3877920589785744,-0.14498327506577657,0.0006326515103030312,0.2552473142479693,-0.001976060258710353,0.07179208580348988,0.1913434998800138,-0.02321782160726928,0.36625030095215094,0.06882652164789753
rna|CYP3A5,0.002637238413280002,0.000764167653173442,-0.0018343545144522166,0.02711936715701993,0.04681630263293844,0.007971163363348285,0.0479217896403864,0.5188258099163706,0.05856090358314044,0.010691716642117984,0.2140289728461689,0.06085893541481349,0.023152299819089513,-0.30289514116731897,-0.019638958765427823
rna|CYP2D6,0.23407779374058146,-7.222952993184979e-05,0.0042473095645591975,0.029192414539350512,-0.050647740708735595,-0.11839159780223675,0.01659553476196635,-0.001309786360341755,-0.36697726992514024,-0.05705221667959725,0.16206281530365582,-0.01946415505346465,0.017563184413905197,0.04005171848757053,-0.006277270140388819
rna|HLA-DPB1,-0.19021641244704635,-0.00013413911208454797,-0.002741591174674254,0.18156269252634996,-0.005368949511614821,-0.1935953503679624,0.011274032358017338,0.0016455004615321834,0.5329636867560372,0.014755902471088574,-0.000429876712015608,0.06516798078746862,-0.019177027692534706,0.1406395248249707,-0.02207906988646411
rna|CLIC6,-0.002532348982796278,8.170180881631611e-06,0.001530175954702941,-0.002947874104088812,0.23888082275863354,-0.08763775540474548,-0.002625331447465619,0.023814005027546575,0.06492790789043301,0.0012265102890901233,0.0028480698861523455,0.36281928913363004,0.016960746045299388,0.2158794834708577,-0.30640460859941027
rna|RCN3,0.06752239268281335,-7.603662609063707e-05,0.006303684410905623,0.0019710483444792316,0.2761378560189575,0.05503629923595741,-0.11693786580229068,-0.0006356747087534697,-0.3651976229772195,-0.008113165811520896,-0.00048646001745800225,0.33606783620251557,-0.01556979244054495,-0.4365215900898609,-0.13165534479056576
rna|AMHR2,0.18751144863626512,5.7453850381317115e-05,-0.003988331350557781,-0.045453630179933514,0.26752354860985106,0.01967772419719615,0.06308608511497367,0.21974587659842562,0.01114882436319895,-0.00027642022118254774,0.0358595936415312,0.012690531501773392,-0.039261124044644734,-0.10532326173902667,0.038552522412655325
rna|AOPEP,0.19777236238371212,-0.0003385352999152642,0.00408708049699502,-0.023967805344745262,0.0959309864854196,0.0032536902213913155,0.0016709803788546706,0.11828532789474461,-0.2504582850952771,-0.020910576748524298,0.03556187543021788,0.165339891289159,-0.007611806250095579,0.09789881829108096,0.04494287753375749
rna|DTNA,0.11706834119571022,0.00020159372770870885,-0.003385609379750676,0.07312497489464931,0.01646993751290381,-0.0011970723859397161,0.24564355445495897,-0.0016687210097108536,-0.34704972482421875,0.016932880739528863,0.04319058612076714,0.11129205969804011,-0.032898916400435116,0.03894706648720598,-0.0077223348636904394
rna|RIBC2,0.30253899491828007,-3.658895648569457e-05,0.0004913193656421706,-0.013092172190393405,0.00011453274461536177,-0.008211666234350951,-0.10310741118956301,0.0003477930716836911,-0.24225052031405384,-0.01976245368419545,-0.004455593567996139,-0.006386967226180095,-0.017817304774412894,0.04274149391178174,-0.00605033207549802
rna|MYBPC2,0.04057062524705553,-7.708407026373147e-05,0.0035766212812338443,0.07824466126988897,-0.015607464158167356,-0.10557699569245155,0.09103514251971036,0.040369368713932166,-0.05216294460858032,-0.16961408670060546,-0.002555795321839019,-0.12315024610432639,0.010770866215709008,-0.13580020793527442,-0.15964657590985215
rna|FTH1P12,-0.10203889268012911,4.983232049271599e-05,0.0011914820320910314,0.15377959616943745,0.008277884904669306,0.13552711060929057,-0.30927025827140553,0.0012096297591608954,-0.06460212388668553,0.08193067794804837,-0.0026505784221046292,0.03751016854849943,-0.009147055082347613,-0.09772632362606212,0.009224925637979432
rna|AGA,-0.13572959975837465,6.9597505549255705e-06,-0.0026820745208641313,-0.0012471293125039659,0.41806431266259936,0.00817719108376437,0.11181106738240691,-0.0005752969168390459,0.38783236459740944,-0.028843398905646276,0.0067396950975095425,0.19170762838811176,-0.0033369364947449173,0.6556284759287802,0.01554997857095126
rna|BFSP2,-0.15896675810373262,-5.409993972728772e-05,0.0016992829708340226,0.0005556660209198764,0.17612629321666332,-0.23366739449410112,-0.03215533628824621,-0.011228325089314812,-0.09502363770564606,-0.0345538221576149,-0.023060934332052103,-0.21066877917822027,-0.0038696135332307435,0.006489101466660109,-0.003885072949254433
rna|IQCG,-0.1581664157252823,-3.893975269676711e-06,0.0007261778563388533,-0.045930614584398094,0.46905825864657436,0.037542546235432996,0.010168036304741696,-0.004705503346869058,-0.015593185240213362,-0.01923400534249927,-0.0011816091810698047,-0.11199756704895501,0.008603790179718494,0.10312615296001867,-0.008946972968008149
rna|PPP4R4,-0.0061853578690713555,1.8706173348489328e-05,0.0031531112489974235,-0.016352593998340107,-0.011438221554746978,0.01616856841542454,-0.22149750487727826,0.005521900708489216,0.07192381586461737,-0.03921402983461491,0.002177874223130399,0.034299969860152955,-0.02226804469348527,0.09098104526777075,0.04518052922487506
rna|PCDH18,-0.1575871749509234,0.0001334955602077642,-0.003394319744453486,0.012180881653204195,0.46565409530229707,0.002023071058623883,-0.006167552374766084,0.003144484460970811,0.2317425654600673,0.05377977517504484,-0.05409949183101754,0.4283013356120893,-0.006016272592684147,-0.2094082708652071,0.005767001198007497
rna|PROC,0.028514338928573142,-5.9152096295769195e-05,0.0005542116113705575,0.09258035394052484,0.2979811091058124,-0.00425667894960898,0.12735817023476315,0.0024060557229350684,0.0007944794773106948,-0.028158037142976478,0.17912447565355297,-0.014052835128363644,-0.02868518796333721,-0.008236990776923218,0.0034026033929123773
rna|NPAS4,0.13021727828467408,6.917399202499498e-05,-0.00431412133397583,0.04348151600320026,0.1244858681857098,-0.007889781216889739,0.025839240160415722,-4.017437162463596e-05,-0.13707141085147673,-0.004270453366885661,-0.0038713598700352288,0.16654937463620792,0.013828050766674684,-0.023988232632224316,-0.021463507458580965
rna|LOC286367,0.0005452880443498982,-4.6189481261627265e-05,0.0032847457760412707,-0.08316002641843308,0.4629454380592791,-0.18831291912721237,0.04165423199126406,-0.0005414251994995381,0.15956942534202023,0.005029423591549879,-0.0003041943497705141,-0.09401868974969087,0.00022208057816252373,0.048875736037323265,-0.0005650880749347141
rna|FSCN3,0.44653969953676753,-1.809770673712005e-05,-0.0003068254388943215,0.003415939323215015,0.07054009663795098,-0.014412201840914546,-0.003966460804459995,0.00015838009844946287,-0.028605907677906408,0.0012925590784838878,0.0026226031824283327,-0.029809049640484427,0.03063621159018919,-0.012996469055837054,0.0018121304873010054
rna|PTGER2,-0.008096744970451753,-3.210166504198244e-05,-0.0011105887864189846,0.2548730765327559,0.16652062389206637,0.2706683902076586,-0.10972200146542763,-0.009182831536948911,-0.050852151231210355,0.0014280772509244568,0.002560838366394776,0.23247624978258735,0.01973129836422998,0.29896851879966846,0.01240452173718555
rna|MEOX2,-0.059392777153535706,0.0001623073821529098,-0.002632435572144526,0.0002549824612691786,0.5157104747236455,-0.07547414151117665,0.3239590987773549,-0.009979766345860341,0.24783482441847574,0.0025381090081619023,-0.0901687887738388,0.003109691827902012,0.0029321216075816107,-0.14117778206346698,0.005455994664294023
rna|ZNF672,-0.1749361154218344,3.56835102999304e-05,0.007967642262919265,-0.022008805524403097,0.5567763318524945,-0.011784508468611772,-0.059633921164890503,-0.0009900604081247166,0.005406819160242498,-0.021497416113905928,-0.0004915040575033557,-0.2443287920111228,-0.06654040712649158,0.10886516425898005,-0.09679061190269649
rna|OR7E85BP,0.5099188076802839,7.769714992191552e-05,0.006326512786608276,-0.005720403342187459,0.005982694733537596,-0.000854416658150818,-0.0059403339950312925,-0.0007572110658325904,0.13527923209247505,-0.01286239294423402,0.0006229662802483359,-0.103064763720657,-0.0004948404512359726,-0.3224768597222366,0.0012520825956054652
rna|PPP2R2C,-0.004721603594822956,7.527530159950893e-05,-0.0025649603434627698,0.06493594436833515,0.07046582830140494,-0.09225213262707224,0.24948584787835476,0.5544266760706691,-0.032587990232576115,0.0035553023973173576,-0.0001315812829989972,-0.08102712378593685,0.012389610649169238,0.058308569314905266,-0.12369575811383414
rna|C2CD4D-AS1,0.03801326504752874,-0.0003099694171828996,0.002088397199682729,0.31712999090097044,-0.07917857035733178,-0.08152316366475189,-0.08031890663841103,0.0025194153240934883,-0.3102555832243238,-0.14029484004097278,0.051369170516012495,-0.06324924586040577,-0.012539240476320334,-0.01763380285841666,0.09565210717422397
rna|CPA3,0.11044180630914,0.00032822680718997164,-0.002457202331497313,-0.01632370777632291,0.01290939429723494,-0.05678810477970095,0.3236227327950449,0.24794183627688043,-0.09646050985767778,0.0012152336388177858,-8.07522716992856e-05,0.15614851901325327,-0.04947967164154405,-0.14996147173762844,-0.1393347648358602
rna|RNF180,-0.1924755116555157,-9.237058427540941e-05,-7.013345123178469e-05,0.1208486838677861,-0.0056091556207788894,-0.22683903889998674,-0.004349111488196873,-0.0013594313910294496,-0.0025731791411596,0.00992345765260485,0.011282311917932131,0.17184125328286484,-0.01681377877691767,-0.08235007235897175,-0.04077022335662338
rna|PNMA8B,0.35983714749668005,0.00023082588346540715,7.932806944312574e-05,0.0873558509600795,0.1608663733322664,-0.06332717125954423,0.06554367481124286,0.0009403441297251256,-0.13971561126289125,-0.004243723185795044,-0.001372879589732247,0.02849710275500787,-0.022015150706346492,0.0663934449611149,0.012372956595883982
rna|TMEFF2,0.4588060583182794,-0.0004899427438510088,-0.006037148463332814,-0.045080196324704246,0.1658906872115411,-0.002965733689494197,0.0009222558241446964,0.11260512885865169,0.0008691058693342964,0.007000332031508512,-0.0046218458756083795,-0.001798367311445049,0.014706797177247662,0.00021807182494282945,0.0387371044007472
rna|CD40LG,-0.1394977455866289,-0.00014254118631943906,-0.00043944520662775853,0.1268621614413509,0.2687050055347792,-0.0506663487615133,0.4653173300067575,-0.005820065758322321,0.15484771801659114,-0.005457925657485548,0.001331149782986403,-0.19457497440950564,-0.03754762078442516,-0.05265875841590447,-0.042930426781305125
rna|PPIL6,0.36686240212445487,7.802021359312982e-05,0.0006950498565237596,-0.044929967951804,0.12440791146520824,-0.07569654872583276,0.09933071391654252,0.0007635497766575643,-0.05405294344693329,0.022577523116019595,6.61480161114096e-05,-0.0023996926269636096,0.02215794019433203,0.025415846499261305,-0.04591040847851262
rna|NPDC1,-0.07784433475519878,0.00024362960802254953,0.002916867217461031,0.15736925485820868,-0.3150241649424269,0.013048880432361444,0.14692748332939415,-0.008101751647044925,-0.4279908451303436,-0.010465947210934946,-0.003783740653892784,0.1094757814764193,0.020322091361852507,0.040964074318625567,-0.002868622559516493
rna|PLAC9,0.09969984937152904,-5.650839502404241e-06,0.0007740291811527399,-0.046869530503311004,0.10187376254882044,-0.0068581650851623505,0.2183106480248252,0.00530560293188081,-0.43548991860803804,-0.1036639337924414,-0.06620532793816676,0.20303313927680647,-0.048023022538272134,-0.22473670789815872,-0.0008295959245582976
rna|SNORA71D,0.012850394873773971,9.278951763015609e-05,0.008813819746442677,-0.0835255299666393,-0.38641848739263956,-0.012719051408814274,-0.17756867510310598,0.0005129035533802819,-0.010551039154906856,-0.002465917279866135,0.0013949972119147549,0.05026305356996303,-0.06806939077294641,-0.33552503257877764,-0.024159626063365074
rna|MIR181B1,0.4951937249155675,0.00011902875919757292,0.003921509996714115,0.006027767463661692,-0.09657245936024295,-0.00243285459107763,-0.023456177717088814,-0.00023480423865352923,0.05167656604352334,0.011871506096914994,0.00013149115862667684,-0.009266013847345786,0.019835524920824833,-0.12156790957434449,-0.005798281099530336
rna|FAM20C,0.00342286669920851,-7.96859218586479e-05,-0.0016809046987489886,0.15334406003785028,-0.0020274080720149835,0.1617427421883175,-0.23759620365291167,-0.00019306060211347133,-0.2582912536552887,-0.04433213921683409,0.053978516537892096,0.5532743042938443,0.003192028760821947,0.06352624570840214,-0.11279883322931827
rna|FAM184B,0.10537827866569782,-3.097126423898034e-05,0.0024523448932321527,-0.10248581117435282,0.2842612850510625,0.0002143353521329133,-0.004001120599339765,-0.07948772951433854,-0.21333814553380406,0.0033796641303384806,-0.0015926508226037572,-0.13855518156798374,-0.019365084050085524,0.05013022362053824,0.11234640860457726
rna|ATP8A2,0.24493305995594025,-4.3981424058040816e-05,-0.0003254454512976128,0.28150749425533506,-0.01106693284270811,0.0015928826143922657,0.15378782783001407,-0.0006736319706906722,-0.1672626851457657,-0.0035462184706953636,-0.002803335975696684,-0.12349224991883191,-0.006308549514155485,0.14284207963300172,-0.018669585273427672
rna|TFAP2C,0.05998173826187406,1.1275778111159067e-05,-0.000983513907228422,0.07646803845706332,0.1612162093078692,0.0038255714291459382,-0.17195756455171302,0.5162342705650785,-0.03476621558430803,-0.005718028827940824,-0.006162639671738544,0.27096416968607095,0.02322050590481879,-0.045899705668629234,-0.13001836930065336
rna|NEUROD4,0.5186885681337491,4.710204461512929e-05,0.0017896726236751536,-0.006195031650516514,-0.012186939549894568,0.000802660103674353,-0.03828230450127912,0.0006282103430798703,0.033558522233240615,0.04211357977316725,-0.0022833110561329487,0.0020929187801834,0.015351680993071706,0.05726787560908626,0.00628314777413392
rna|APOA1,0.0979619885735889,-0.00024002898645657234,-0.001281546002575964,-0.002904543942837074,0.28886377145895625,0.1483578190830025,0.1062969490701169,-0.0042636447928262175,-0.1851007637376156,0.0010242467617320161,0.14082832841539353,-0.016941439846902502,-0.004748959251014219,-0.0537447627416751,0.02740164846068316
rna|CATIP,0.427509044556094,5.758147559798854e-05,0.0021414237134210344,-0.0005013446736522832,0.0085723526587374,-0.027504326786112424,0.012454105006025624,1.0186951165886388e-05,-0.033324729450823334,-0.06499376397566485,-0.00037140253497001816,-0.0033437802259280378,0.024785867808153048,-0.014753164495805141,0.00469784722338275
rna|TTBK1,0.41568048318857864,-7.601678602393555e-05,-0.007076226538308127,0.01342969267681673,0.18312475950214463,0.006413622595050601,0.002399012513054625,-0.00019188200236779752,-0.03840517488496795,-0.008647585431813246,0.030741172295164428,-0.026870945466825284,0.02076777757572187,-0.14145995186300034,0.0026334947994014033
rna|CPE,-0.17171705643321963,1.9241344869915605e-05,0.0010279463509276058,0.014510937039910562,0.5131016511428499,-0.03564262758686135,0.129161387150966,-8.534760708297835e-05,0.25869310857833816,0.048192303147803636,-0.03818226718882699,0.26917110470864813,-0.055958858713520986,0.09541942203145917,-0.009083026037918386
rna|ETFBKMT,0.44603035413406034,3.474019952783069e-05,-0.004404695494450396,-0.002751449730256255,-0.027034778612827836,0.007272087447638779,0.06964558035032926,0.0005229291457338387,-0.14659305620893806,-0.005294877654439182,0.011298918399038018,-0.004266872210381856,0.03346626396239515,0.020954424080770563,0.037975715285436355
rna|KIF17,0.28978830917598736,2.3821467267947318e-05,-0.002645270851909702,0.1584194698704464,-0.13121753321679225,0.09273004125790485,0.10966963431519114,-2.2204320567739782e-05,-0.1287137269029366,-0.00511241436587299,0.003146286378812227,0.09617796780539936,0.020444852825719815,0.18233577637208961,0.015448484844053197
rna|DEFA5,0.5466221106959087,-4.611670330882904e-05,-0.0028709954968147524,0.005960198416975715,-0.07281312087858073,-0.0007771233402555976,0.002260321795456155,-0.001783087472399109,-0.0309537268254482,0.002959171876449188,-0.003315685347984563,0.00013944965709532532,0.027149946506139593,0.1175572650017718,-0.003067364977251625
rna|TTLL7,0.14223160410758598,-5.9041280487478566e-05,0.0011342743418119234,-0.17419537188545645,-0.12038909053201838,0.1539459191797769,0.08406209126926914,-0.022476740261446766,-0.11840190313642956,-0.010253288709059035,-0.0007834891703853846,0.01203778009313161,0.004067468334436262,0.21973379043399732,-0.0144762121059619
rna|SNORA27,-0.0008707120782216104,-8.075659585042713e-05,-0.0007358125949684585,-0.08642857009089362,-0.5993211607926124,-0.10992326794819463,-0.0945962228932615,0.01805011016921705,0.2403172276466385,-0.007696258322943069,0.000757101632542913,0.10362603132677856,-0.046295212252809644,-0.40229633930583103,0.0037632842254481692
rna|GPR18,-0.030704846491691196,-8.201131503629067e-06,-0.0069433803938518425,0.019543896872941828,-0.016897884822358707,-0.07981443379248225,0.15556085201057593,-0.0007559497724936504,-0.16277095868489558,0.003806368130929412,-0.011357476877092237,-0.1748571037541451,0.03655475640440391,0.2096455965459695,-0.12271447701691966
rna|SLC52A1,0.19700400291211156,-5.2292799224730274e-05,-0.005021297550652749,0.02286309608227988,0.20309115735924108,-0.026179386892708472,-0.03948806272860029,0.004623846280608636,-0.19296543306473798,-0.0029985104486835866,0.00599488897182922,-0.13457041905020545,0.01913862924104094,-0.08447087795248405,0.031244838573905087
rna|OR6C1,0.5393862520709111,2.4072174209220023e-05,0.003568762757799909,-0.0021847836512603348,0.0241898039670633,-0.0026505775691651337,-0.006088232860247386,3.804185164554811e-05,0.09014802609690925,0.0007202561392245897,-0.01349725672819286,-0.017310964745858918,-0.023409234336764333,-0.07607611391158707,0.007126472102179044
rna|EPHB6,0.058739461360683455,-0.00019602539951295102,0.007003993013690891,0.22038733521955395,0.25703607908052006,0.00576425127601555,0.33158122226356357,0.0639678060816348,-0.2852070981829843,-0.03254949902743716,-0.03025662378113547,-0.17567356030033043,-0.0050346907332519016,-0.1547995980215861,-0.004733837931018312
rna|RHBDL1,-0.057545596454044314,-1.090611355516885e-05,0.00035832928027937204,-0.14921214362877472,0.23047028295053362,-0.0998009761975731,-0.12024493252202871,-0.00047631713522241657,0.1673037929090154,-0.018067975654225486,-0.0033007079741844895,-0.1605396101158705,0.004269726231762528,-0.06811364320671756,0.14415472973629348
rna|NCR1,0.22462639495935346,-3.1777264992759855e-06,-0.002164347941911261,0.12565100040075647,-0.1300963684588938,0.1497799423124793,0.04441498288395701,-0.0010792362911218418,-0.18915667151124888,-0.001734388193606473,-0.0010309027303843615,-0.0019530183482420417,-0.020132066942413842,-0.11127376996608644,0.01543730680639367
rna|AXIN2,-0.008472208799971652,0.00021735564068193884,-0.001847754296915237,-0.0035321869253735743,0.37217134039418304,-0.1014030866466357,0.14542357586513746,0.002188071414304932,-0.2870693445156595,-0.011467341268438357,-0.0018807110739108273,0.04895692922724989,-0.01126353722226123,-0.05166551555613788,0.04959881601122248
rna|PLAT,0.008771330705846594,-1.973001444838939e-05,0.0044723357660399,-0.00012836501145065054,0.12874755291897252,-0.026383136730250632,-0.13134079126846793,0.08104213655660021,-0.2405935367867341,0.00671914317640025,-0.000572334473444659,0.535476007834214,-0.03570743688872437,-0.06631891803520829,-0.12973343984285932
rna|EFNB3,0.22250429056894191,-8.530323395177077e-06,0.00016568695317429433,-0.025471912293195464,0.39107328353292364,-0.07769766806565731,0.0047440471440098044,0.0034655525801788795,-0.11294250735920433,0.007723532231742941,-0.002989350406582922,0.07838767661699528,-0.045871145347318766,-0.08934996434040646,-0.009574956776902949
rna|KCNH5,0.5541342117050934,-4.640114333731567e-05,-0.0062581021636990974,0.0024581798055012915,0.037125296514599594,0.003293728967292091,0.001223605033939522,0.00024750559492540784,0.0015670936168634172,0.008559551353525789,-0.0024940638447910877,-0.002331351283562247,-0.04436536155888656,0.013924414871418699,0.03873074499682087
rna|CD163L1,-0.17273048792773185,-8.280183359376876e-05,0.0054027477165796796,0.006092799246234482,0.00706587566945465,-0.013024386478854663,0.2616079327481778,-0.000995079274191319,-0.16317985382266595,-0.013830523353104546,-0.0016802862462702755,0.14955026287134643,-0.055767472963643795,-0.06819512289951507,0.20907141660281392
rna|MFAP4,-0.1044324228521754,5.18468448491734e-05,0.0055600244049452355,0.0850376230879498,0.3398785566692164,-0.13907322198310818,0.4049151849605278,0.00014598707275879368,-0.01857072747233481,-0.143353991395856,-0.008817598019978586,0.10987426565846842,-0.11207084526563231,-0.047887459058007634,-0.13962888768051715
rna|PSAT1,-0.12964191262526698,-2.8017036454739468e-05,0.0010816324967902204,-0.1663876418232021,0.13923859121681215,0.07324391910508062,-0.05636004214679253,0.0006414305796253949,0.01725040194981761,-0.11639724471172422,0.033437021589473814,-0.0187955117017048,0.03777806481964147,0.07551100708877805,0.04728340965449934
rna|PTP4A3,0.04259973976433854,-5.7191057517214165e-05,0.0033288693786812738,0.007388917192852137,-0.2820351028512498,-0.005948201736808156,0.023369016161551598,0.055920526529251544,-0.27077033315316607,-0.006152203764982493,-0.01616463407544509,0.17598280039210135,-0.006051614280497208,0.22252379545003484,0.014795439538128423
rna|COL16A1,-0.07583785297860762,0.00015483400443161723,0.003361909046171373,0.004787415033913496,0.28234822750256183,-0.16961363254716566,0.00017579446863775523,-0.0009577862098548056,0.018395581695296863,-0.02568480354208457,-0.025230963422674155,0.31313452954647414,-0.07359598868711298,-0.6449907424226792,-0.2410697976267148
rna|HOXA9,0.2699596631680181,-9.389452188138935e-05,-0.0014304265109308305,0.014288964899534367,0.0031864754150856688,-0.11087208191912108,0.001601372323297282,-0.002385481346574322,-0.15021697073450274,-0.03409787055471248,-0.00319926769115989,0.0008612902663916065,0.026709167237908164,-0.03901463123551001,-0.010076622062015534
rna|CYP8B1,0.38557945679317585,4.682918858644424e-05,-0.003632288243483192,0.003977170387348343,-0.026369520313209438,-0.005333578392846558,-0.008481418121038191,-0.0006280612991023552,-0.007414853553237956,0.057638376705297055,0.25535623947603914,0.0081853538021221,0.0024772116598413395,-0.15601118686137092,0.008382974424498117
rna|GUCY2C,0.004420564960784987,-5.1314929646043594e-05,0.0006749295244887044,-0.20462655337611343,0.05007514952967684,-0.06428545501967492,0.040096154285761666,0.0009061407168492705,-0.012062300632055368,0.04149981072607917,0.0006053504343911246,-0.25689652969476423,-0.035960423199532285,0.2029240433773086,-0.008860249691089539
rna|GLI2,0.13256153316236402,6.203387306579085e-05,0.001424662356177259,-0.001523145192952687,-0.036771104028192926,-0.18838688532376072,0.1393728314927742,0.0007948984887707625,-0.38601101797941206,0.01548640878950006,-0.00021672325041754357,0.30760833050025765,0.003746158740091748,-0.08876391065516806,-0.1502740741255446
rna|SNX22,-0.001586384593904827,-8.60521068752562e-05,-0.0009853521755399958,0.11318124562980997,0.26235219863865566,-0.34457436588611684,-0.04616175439943076,0.0010119867583446808,-0.12904004071645978,0.020520756811069657,-0.0049521601214444445,-0.024572068591517265,0.04229128437897684,-0.04891524573961897,-0.017678859173372884
rna|CXCL2,-0.12221877295110635,8.565782863196775e-05,-0.001610133762411145,0.1548814880658892,-0.05288334922531351,0.2872614933106572,0.09674024449555585,-0.0002857033359399781,0.13235023624666858,0.15997652374621824,0.044251391793835054,0.21775559141769682,-0.043098251551201124,-0.12019608102003781,-0.011221467379141254
rna|LGR4,0.006291987215029026,-3.0674579519109056e-05,0.003649333935650505,-0.033781813054621274,0.022267602756898933,-0.07500825711615242,-0.0046051866051995405,0.04432401628808943,-0.16512034427252245,-0.011567677116367874,0.12108612621001053,0.40105551527693606,0.01331368253346094,0.3199096678968766,0.006253476189215009
rna|TOGARAM2,0.005344493917231193,1.4704294899935551e-06,-0.004835867480228434,0.3152830553405444,0.48921301113852733,0.14536849193283988,0.140086713030198,-0.0002532042741596179,0.023302404237344313,-0.014049085581194094,-0.005281433238314904,-0.010345964108716998,0.02352382225574228,0.1107260621349245,-0.0010092582982715859
rna|FAM20A,-0.07674628208446507,8.320418222867323e-05,0.000880958942510096,0.23021940052597076,0.13385037462339852,0.21649080615188274,-0.14150538183633182,-0.000159492848872194,-0.4139718866394868,0.007793866392448552,0.025036912275100062,0.12442258949069265,-0.05520688710139703,-0.06992323095063875,-0.1661368615753009
rna|TFCP2L1,-0.029348188599720066,-1.083493265148675e-05,-0.0019421438420108112,-0.0220570008289627,0.27882033008801715,0.005638897229008066,-0.17538625654874365,0.1652805698359391,-0.09651081949192188,0.018393333452719134,-0.005332965593817273,-0.004928794025798875,0.0007291314048993524,0.04680859118017736,0.011309067027267677
rna|DGCR5,0.4125194299450375,-5.1408447305088734e-05,-0.005614549015250664,0.02482341929165764,0.017942991762274117,-0.014092750159158323,0.04011348859021642,0.00023426083698161666,-0.03755986978077473,0.011596266930186266,0.0754699617261758,-0.05580259769737411,0.03871676273790708,-0.12393780096119116,0.0643658908273321
rna|DRP2,0.34468774582119954,-8.666151977022274e-07,-0.0006489969302364125,-0.030895750739080782,-0.10189351250084128,-0.010869713587310493,-0.10687853415781658,-0.004534033844235605,-0.022608786730920642,-0.006646594208996155,-0.0012537645991588533,0.022056203551802628,-0.011939280567987801,0.2728816238987968,-0.008610490846840436
rna|ST14,0.06591812407883729,3.124861385826785e-05,0.0020857640757181435,-0.1529485962421593,-0.13751544016066328,-0.13101690990644804,-0.16969489811202343,0.10461790999734712,-0.09188083248164335,-0.013182623462209185,0.003097540498015662,-0.004582271406233359,-0.00029475906227840294,0.32340428602851423,0.13877879518399755
rna|FLJ45337,0.48601990179853244,0.0001804893520650306,-0.0013904011144398362,0.0030879721048860708,-0.0048117295155079695,-0.004756925820097687,-0.051183707864528694,0.0017530027186086782,-0.02742087264091472,0.018758275685725332,-0.005410997190587338,-0.0043074893470732515,0.04175053347212179,-0.08651264362979162,0.1325133025760562
rna|TSGA13,0.5241974857482937,-7.196982149823679e-05,0.0008647458719219092,0.0055070213123143905,-0.12561329757916478,-0.0029909638728759934,-0.03559190380207426,-0.0003183912811370465,0.03307968413272577,-0.0020762085197936647,-0.007395654545988215,-0.0012659132257279641,-0.012126565199406374,-3.912791085630374e-05,-0.002095079738236914
rna|TEKT4P2,0.23295258095251598,1.5867215447066728e-05,0.0021315837408701125,0.020353752044953165,0.002746058490533145,-0.004641726412698458,0.06286175636001161,0.02665467394727542,-0.032951035836453334,0.026224511359771996,0.002294835160879432,0.1664475511295017,0.009501486833757244,0.24183978962809197,-0.021196068262836928
rna|LONRF2,0.16526906492074356,3.07540647720521e-05,-0.0030470619420718014,0.006974941553152018,0.010788941979987848,0.0012480944872229048,0.18518850563698697,0.0011847430565105402,-0.18262648210716664,-0.005591244473216218,0.06991626845523391,-0.025816222839947875,0.04037764011807945,0.04057776656411551,0.00011263688256863787
rna|PKP2,-0.019807437386271737,-2.3794743310579635e-05,0.0021654117798627047,-0.012484360072697319,-0.0064847335416686165,-0.07764564677947018,0.4616790097982073,0.021050157139100398,-0.010823868249569404,0.005766123952213917,0.09620897991025103,-0.06189285998443954,-0.05829807480049441,0.04243607635909611,-0.09260554740539953
rna|CLN5,-0.1392171101460914,3.2603154142784256e-05,0.0005348765499317029,0.08677232759286545,0.6196744511945192,-0.011949075788734314,0.04963723083337077,-0.0007199380011557779,0.13294254474259168,0.008385076455089078,0.03056185203533082,0.11993096608859218,0.0164886511900145,0.45447577766983355,-0.02600604629914942
rna|NKX2-5,0.37566759683877576,-5.0981200365046507e-05,-0.0008676251503032937,0.007997934586211163,0.018419129609149335,0.029675273936776443,0.007354739488612531,-0.0005285452941989056,-0.13329840070164273,-0.05641562969574886,0.0004749311592590258,0.004543831168163544,-0.00246018738729751,-0.0866701083547002,0.049253698486647
rna|NXF3,0.08163285275490637,0.00013324437731171098,-0.004926759719787748,-0.031979561024313215,0.23668593611188393,0.003217000007105921,-0.1254961386832123,-0.0005043036438565693,-0.12843828191956724,0.06275141118269872,0.11111122202805102,0.07980883650906229,0.0044759659762402685,-0.1543452298413987,0.007483188490282248
rna|HLA-DPB2,-0.0003114798997263366,-0.00026475245292783536,0.001154697510401918,0.0801114614003583,-0.014690765581570172,-0.033772659086631636,-0.020535308577904525,-0.0001273017894641849,0.0001029914069283805,0.01656925720350577,-0.008368656745315313,-0.17291451579363978,-0.03454819789609744,0.10979741755145771,0.002172201790137981
rna|DIP2C,-0.008410058607162292,0.0003639032025022599,-0.0019241143882726597,0.06554094819422031,0.005042139068049408,-0.28531093995591433,0.03173142239018996,-0.0011474653862929422,-0.34318795232408167,0.020086619962792623,0.0022238555455740927,0.08761535280154119,0.03473649801009387,-0.09182569232880275,0.025697921581179776
rna|SIGLEC6,0.0496008412132435,1.9862545706298408e-05,-0.007796188497690819,-0.11579397431345083,-0.01608750248908917,0.14202656225952995,0.28270098573209,0.09011992327146147,0.026860946305556653,0.024920155133644196,-0.08573605049434738,-0.09433155780386343,0.03474313885535855,0.02055237103921946,0.0068948839546850264
rna|ANO3,0.137161130891519,2.9907164504568865e-05,-0.003538609283043244,0.1335105113054039,0.19867547344622102,-0.0356611961943873,0.015227479633179115,-0.0033766971451742634,-0.01994542374569444,0.02046612294404241,0.001583618040842974,0.011941969914746048,0.02530462358233947,-0.2872380282628385,-0.0008560603623400461
rna|ZNRD2,-0.12520433650882407,-0.00018626527562967728,0.0028247548035034114,-0.09378707860025555,-0.30388186912911846,0.05275768800962924,-0.08108880849465003,-0.004746896943614301,-0.46032861438451184,-0.12340302907235356,-0.000743354159634222,-0.004343832885672812,-0.014826472846231651,0.2021507089456807,0.001231171017811564
rna|ABCA2,0.14466232148962302,-5.23129767972616e-05,0.004516979987039364,0.1670285444016493,-0.10946332748127065,0.15459333022061178,0.034644965732536774,0.004103182158637993,-0.40588499081394774,-6.648700179694167e-05,-0.0009552322950965935,-0.0558058818740743,-0.019104214749481596,-0.20631604732738765,-0.005149754124480005
rna|TNXB,0.39808462491771535,4.675199116617398e-06,-0.0007503972853178495,0.012029471827040974,-0.07903462948874196,-0.0007826048530763295,0.19930482736314092,0.017421265619828562,-0.2516295162346425,-0.1049881437792195,-0.0014156339775055747,0.16707506245297962,-0.027140559298404216,0.010575704813678886,0.06064088205463869
rna|KCNA1,0.4993861918323286,3.4318371980462018e-06,0.0010633062191426797,0.0005485247659913654,0.013443824130576518,-0.03720365463513428,-0.0032174999297870863,4.791530954241995e-05,0.06723777118206418,0.006487812748261055,-0.006003795800910535,-0.01530421611822032,0.01407535049768566,-0.04879574509690076,0.003531789484920383
rna|CCL3L3,0.0033872263932829155,1.9353097215044916e-05,-0.0019216216482663446,0.1927117752561387,0.16543542966737687,0.2583537031809601,-0.029933265212719665,-0.0012983478393187352,0.02276970933378868,0.036936795361146454,0.0009234399311009844,0.11729245768258094,-0.006742844367247416,0.114308444017275,0.06825001803779635
rna|TMEM8B,-0.022729718488120103,-0.00032026991141403103,0.002648381465990999,-0.0642003475876149,0.6886175191363549,0.00018886749706764698,0.0922002728110166,-0.00010097494420841997,-0.06279635744711433,-0.012822413512538586,-0.0074431048624633315,-0.136453259425635,-0.017421037636873905,0.12070885787892909,0.018055139880155092
rna|YPEL4,0.024883096844050347,6.82524919955139e-05,-0.0014931857365622489,0.22623830240952691,0.4075867808211666,0.1782947777886412,-0.14961188211513923,-0.0010890620465335292,-0.20711502525660896,0.01812377257064965,-0.004849250604214354,0.07065056511780964,0.01486768355242348,-0.11587803537280028,0.001047766124519862
rna|CIT,-0.13366988739402785,-0.00015137060485070442,-0.0009777855382968076,-0.11242814323174534,0.1871648590272377,-0.0001365378921597155,-0.13417409340358571,-1.964802100454291e-05,0.6164803889676421,-0.10995944304553147,-0.0037881159873909,-0.06129509668039245,0.03143727590659119,-0.28412116390242864,-7.888865727406325e-05
rna|TLE2,0.10776665594434187,-2.9831035106195087e-05,0.003189566573396776,0.09204230563963782,0.4557893737924869,0.14007604912321386,0.293628864881938,0.003895230197052591,-0.285441933780707,0.002597307467711978,-0.00015869087279208414,0.08002886439111331,0.029942332690017334,-0.22471873750526933,0.021378826664987888
rna|EPHA4,-0.007605170895874464,-1.0457585734807303e-05,0.0009249420846368968,0.005837622725726357,-0.2520062756284223,-0.006107543229597428,0.07607096157144173,0.01271130135603429,0.11839034611697266,0.00293774717548761,-0.0325667377853371,0.26416488467512333,-0.003088167881568196,0.048568223190496834,0.019532425755380504
rna|FAM83A-AS1,0.48211435770450367,-6.962961249666175e-06,0.0010789557958207042,0.001164594405227345,0.0033162646572380368,-0.0006449807685011661,-0.005993768191664212,-0.00012137495411579875,-0.040275896295641336,0.01738912868028588,0.14005279071224122,-0.015752703028485086,0.02977528644877492,-0.1532964202943754,0.03302766126555733
rna|APOBEC3H,-0.02016555887223943,-4.216662819532143e-05,-0.0001855117881863197,0.2251482946615856,0.3919455135376359,0.0021854320594153916,-0.1159063383884528,-0.000534526204285307,-0.026611755383577605,0.03227022495455214,-0.005028402085673745,-0.11785121510478855,0.006703183656837503,0.23287374143823983,-0.005937624021882
rna|BMP7,-0.07778610051600021,1.786706848066121e-05,0.002457831546794132,-0.0066071877125534525,0.013731909517996833,-0.17546876078363222,-0.01805649339700999,0.00567646556049213,0.24823077017325704,-0.00040252325494671457,0.0004649977203414425,-0.009744505506636771,0.0013566905579416462,-0.20583999052598603,0.006291021114675036
rna|FCRL5,-0.055622913101439436,-0.0003164466550161265,-0.0016935897571379592,-0.17952564716888536,-0.10108762718260837,-0.013943127301068762,-0.005965195070208891,0.030061778330090987,-0.0938461990678971,-0.012154559037956363,-0.011262223473853058,-0.2593756776814387,-0.003629726131792941,0.006759413311898824,-0.11611476793773008
rna|SH2D4A,0.1402484400031163,3.8057463085685085e-05,0.0010650480319719857,-0.0011161778452814324,0.29604292054873105,-0.0046628838466712995,0.1110193654526102,0.1968452543453362,-0.23693896259863004,0.011946832448907216,0.07808270106782388,0.1746530334490856,0.012645932944530149,-0.3245995465898254,-0.003908550093089014
rna|KLRC3,0.06773149354348627,1.2388202247392118e-05,-0.0018839333322052847,0.21210738016162534,-0.021950856508131052,0.15340679578869623,-0.0015663341434543302,0.0007545182526028003,-0.22811938254399516,-0.1205972166772223,-0.00419184652209861,0.04552334828575576,-0.0010199284961496624,0.013442153854984552,0.10778657518905442
rna|FADS2,0.12196914395654301,-2.9479677796919763e-05,0.0016609489781338888,0.018086296920070813,-0.00032472853892579926,-0.0007790441387876222,-0.0036142029665036284,0.0011894696278217176,-0.3379266790724737,-0.058197031196020745,-0.0037449805755032212,-0.00424847324889507,0.00021551115810613757,0.10721193054223349,-0.14770420914407392
rna|ACY1,-0.10849209093111714,-3.4121590584888855e-05,0.00309496661195679,-0.14270172030206996,-0.14785277914466377,0.1495913157663937,-0.10220022955624501,-0.0006834180239323636,-0.3267130774436737,-0.05610649222267166,0.13071039836111387,0.01287936775397958,-0.03579721929822271,0.4759978672568416,0.0015657380096646195
rna|PCDHGB6,-0.005476222797061285,-0.00011469347521220643,0.0006210336466265229,-0.0035353143217070216,-0.2004465364978943,-0.3656948902776172,-0.1260559744421585,0.00021461679549198077,-0.4924408981689912,-0.022524416640702136,0.001032794021749517,0.13707478059066897,-0.006424224712960124,3.0114621253546762e-05,-0.001609532410046794
rna|WNT11,0.14334024160465184,-1.3115669528360613e-05,-0.0007313074307480745,-0.13438790729600653,0.0023163023999543003,0.20050125651395134,0.06667390338647006,-0.0001469189597194914,-0.19823405453713924,-0.01231151393701337,-0.0002170686336245243,0.01855026007047292,-0.035200078404718387,0.177912158462575,-0.00017779326540011162
rna|CSTA,-0.03776791688960038,3.1137297723321545e-05,-0.0004910545597195258,0.039115739471614806,0.05288912368823305,-0.04933786171702065,0.09866365004194941,0.3918540553737121,0.4692894821198632,0.01997155956752655,0.04119302898157642,0.04625780581770087,0.059404972655361814,-0.16583999113474845,-0.4026355655742376
rna|OR6B1,0.48000570803756826,3.645816263619946e-05,-0.0004959479101123326,7.290528384387063e-05,-0.006745084285964711,0.00884665906927641,-0.013802054198953835,-9.09092822083447e-05,0.0064476800008972735,7.094459286834811e-05,-0.0020275773242625084,-0.0031438823201304774,-0.047899205058119475,-0.0021352261484559607,-0.013163306356469257
rna|MT3,0.11187788320078305,4.0496062213998195e-05,-0.001999883770194538,0.08005244936433314,0.3707802373768737,0.19581824503437142,-0.0033395652995274186,0.0028733009487507196,-0.1291289064010608,-0.013871984127998692,-0.005988708553132236,-0.06580778702516367,-0.004101202662249274,0.02177253199898159,-0.007121446105831069
rna|DACT1,0.03790116103535604,-0.0001438030309229891,0.0010907835466985676,0.005996918127229936,-0.009350460276218909,-0.25245866044279325,-0.07168542635734813,-0.10736108018340165,-0.06589948178773068,0.020403539654180458,0.00033634488319894614,0.44573164434668433,-0.02513059164021065,0.09975904441317567,-0.004107975657814876
rna|FMO2,0.07663804021135781,2.029458758348151e-05,-0.0021699537892269096,0.1695872026601175,0.24472758734929628,0.11170743262328647,0.3203065452148021,-0.0011503098334170617,-0.17499170910797476,-0.006821967708404616,-0.013382101776142944,0.004271735595031275,-0.0017026010571147276,-0.012390393297451553,0.019854790577117174
rna|PANX3,0.5131089539296402,4.0919734432252867e-05,-0.0007737891812302382,-0.035101915324331434,0.029433365975497082,0.010684343241449254,-0.00246644940935657,-9.927855786400195e-05,0.022976985680756117,0.01791566973700307,0.0021078075494638713,-0.015158345876656109,-0.01739266946858082,0.06632458622117768,0.012792115119677677
rna|MCTP2,-0.17786217643200222,8.542649558040356e-05,0.0017281190653559277,0.12370031615389283,-0.13677569468454132,-0.19866499623918935,-0.09176330809452166,-0.00126780189742458,0.1782304656895977,0.10542237578439466,0.002699927774834339,0.015380318857725868,-0.06383791422764265,0.5169742965625395,0.05080094489509111
rna|CYP1A2,0.12676630028823907,-2.8147543430831723e-05,-0.0005906973850393392,-0.10216000439150957,-0.000889101837587959,-0.014552380209567074,-0.05568884930735219,-0.0004967561722851349,-0.00022383896309478791,0.023866901218360315,0.23858366564577554,-0.001454304945196573,-0.01410575522964766,-0.2608435436718779,0.05202991171426399
rna|LRAT,0.4893573605804572,-6.503066424586001e-05,-0.003194752273560812,0.009524158009130455,2.1128649859869277e-06,0.017953641622751874,-0.00216577838235018,0.11871101044566364,-0.007044136029563061,0.0278570175459568,0.03552252749674146,-0.005077837580879511,-0.006215354730411188,0.06047730536675946,0.010572185788160486
rna|FUT3,0.2840030548374038,-2.5992114314006402e-05,0.0001977060603067362,0.011762749713497566,0.021266974304328556,0.002545307655379706,0.0021120690247805577,0.4875623624602444,0.032273476160833224,0.06652319361358076,0.012886386887927983,-0.007428187402432214,0.012802264418437551,-0.12634862827996568,0.0173386244056536
rna|ADCK5,-0.17233224132047498,6.2763105985986e-05,0.009205065800358606,-0.022023317206068947,0.1896958664642105,-0.08523277805357345,-0.056016243057337274,-0.0023090917184606027,-0.4229423178864768,0.024538630187176634,-0.04800660370639158,-0.18029863216745629,-0.03608337093996891,-0.004521885930419716,-0.002722169714405013
rna|H2AB2,0.07451088134572866,-0.00038672944994581264,-0.0010720486213215029,-0.1380261323436285,-0.11494449658718167,0.03169776924505725,-0.04425702008453157,0.0002394744329139094,-0.270237081110889,-0.009592513815187928,-0.007436298030774895,-0.028401711846545927,0.002056380777890224,-0.012197843166481351,-0.09652808649858909
rna|POU2F1,-0.05771031326841448,1.7156220191531285e-05,0.0010115315643470164,-0.0713787293427656,0.3982683247096577,-0.13185635524434272,-0.11816295336375096,-0.0002583077895665367,-0.2667239918880214,-0.0021059635626279475,-0.036161563020396005,-0.2450022016542087,-0.01145586782602682,0.030593699186422435,-0.00046493511173078823
rna|CPTP,-0.0932739277318489,5.440983701910659e-06,-0.002679758590528064,-0.1319846821778586,0.47576453041597416,0.1369584555056242,-0.013266653792924745,-0.0033876267478244308,-0.21205104915655473,-0.03263618988348182,-0.0007000877716251686,-0.13101857055197447,-0.012027903960561944,0.009258068008477293,0.01074075361185124
rna|ALDH2,-0.19833347649996105,-2.298633272482954e-05,0.0013587869107784512,0.2777463007993887,0.20892327964445906,-0.13422405386553815,-0.2534124479720476,0.008165635174523417,0.14656263467829803,-0.003667121762895896,0.08147674660282647,0.21264967265699866,-0.025919093874876523,0.0044772896440954625,-0.11757182697378277
rna|RPS21,-0.038502507773046445,-0.0002870508255155504,-0.00027587833429939764,-0.19594874502569595,-0.2830958672928404,0.11771514216710217,-0.07903079216787978,-0.010826345290525619,-0.402213326855252,-0.004534094902591004,-0.009954508568196367,-0.0010610563768548703,0.009454371078298928,0.2629791354172151,0.0043427557368048535
rna|DDIT4L,0.19222297674259461,0.0001198511031583578,0.0006830738020078849,0.010834058962592758,0.19897381648266765,0.07152241603429635,0.04459209986024321,0.019430015072861608,-0.23197165435128606,-0.005616212317296319,-0.022937204930568958,0.13795647428773994,-0.0009056186507992707,-0.08447315818976807,0.04303251650491997
rna|CXCR2,0.13166091336711633,0.00017338973250519805,-0.004378432698576735,0.03459862044251382,-0.18522134919209893,0.021301551912443845,0.014593103476373825,0.16944284444175672,-0.2867231676913701,0.18904530783788148,0.0007053847034651111,0.1471127327197442,0.01401008299602489,-0.12801882823331204,-0.01393461301980052
rna|ENKUR,0.5432647762128664,2.7777055697953786e-06,0.0017039347087570765,-0.00806519246025829,-0.012686746534285547,-0.014420565375862617,-0.002459573831360778,0.0002934134075673324,-0.019186349619144043,0.03937038894575548,-0.0013394146124185858,0.025318500764168677,-0.034266164508045885,0.017854855451381723,-0.0031085837094548506
rna|C11ORF21,0.010279307619573788,-0.00015320161560577412,0.0017460684959284501,0.20744704661186683,-0.03644226750573985,0.034893565909192105,0.16138286858056133,0.0019049060465456398,-0.32769318887645627,0.001329061503595782,-0.0007039798671483739,0.001832879691577573,0.03556353172388132,0.22054891878665017,0.03326915591254779
rna|CTXN1,-0.018736564247382115,4.138148470896886e-05,-0.00043993383873416187,-0.18083033737888135,0.008133466940919133,0.20710189564858886,0.07958170863790144,0.004139520977546213,0.18126560641138126,-0.05228158575616091,-0.003967755870786866,0.213237442470129,0.01218858599219243,-0.10203816396004656,-0.02296109019610941
rna|CELA2A,0.4906658434179264,-1.9219596272246805e-05,-0.012041659858521205,0.05994054211611319,-0.08280342992593674,0.027469439618961193,-0.007747949807496472,-0.00015093348318412437,0.02291764139574214,0.012259440269174996,-0.00043786842289328214,0.00623632568535967,-0.009444904459745497,0.032313468632371625,-0.0024579449894952844
rna|CCDC110,-0.004534403474947568,6.680840312801016e-05,0.002275122267384341,-0.11159322032450003,0.08954124602127253,-0.14987635057580603,-0.20408150763644542,0.0017381083159337986,0.08864580208292144,-0.02118216551750933,-0.001175949181798282,0.0017422086812650065,0.01152267731832002,-0.018515329495237164,0.1769876379910477
rna|GABRB1,0.4693751467147332,8.879195414142042e-05,0.0058075101640551,-0.001426533060489917,0.07117507424638309,-0.01074916020002506,-0.01758848599717294,0.000574591743117944,-0.0408506794739741,0.018183818250384082,0.0010298174342815553,-0.08499132039603514,-0.03686151339796454,-0.12743816291634105,-0.009778208728828567
rna|IFI27,-0.05263297830608469,3.605611704565091e-05,-1.2560503085400624e-05,0.2146566286287242,0.2173138677231774,0.1547183796336461,-0.19913533097057365,0.004680662745332985,-0.2470954385480816,-0.09770116011530573,-0.005336864961247408,0.2527944012829875,-0.022723807615720643,-0.12849263359735896,0.015639028016907378
rna|SOX17,0.2670096161647427,5.975201346301268e-06,-0.005872410336316623,-0.002588037441567043,0.0013089632124627492,-0.008955734622570008,0.03712746110712404,-0.001352202074101023,-0.284812475521147,0.07102371958969661,-0.0037315047169754222,0.25671221114522286,-0.0025070448784185245,0.10055033966738984,0.04121484966904132
rna|SCD5,0.19396129385346117,8.888592038454356e-05,-0.002441638636756954,-0.14730130094531368,-0.0031641014320420544,-0.10727849908261107,0.00959142503748617,-0.020374311921924126,-0.19905687065726574,-0.002838104069564276,0.0002891606698354949,0.244071639418392,0.03679204128970438,0.30521724172471665,-0.16542258704260882
rna|MMRN1,0.0727610638279399,0.0002128690443173642,-0.00012648368999025863,0.013185282240480272,0.06567285138640344,-0.0025788385829972615,0.45192780504847957,0.005875394456319794,-0.0472173692231008,-0.015992063208543933,-0.0009365086503735658,0.006382750555780763,-0.025430728607079,0.09491446019423175,0.03245960047726209
rna|TNF,-0.20311734482991556,7.554098683662569e-05,-0.0028649821998182065,-0.006169630681029079,0.11493802476787947,-0.0002457115649528897,-0.002277323506813551,0.02939052135142939,0.32436731754458464,0.11817292119724844,-0.015947420282342348,-0.22812734059337206,-0.026075288500913434,-0.2494611947165888,-0.32895058684902545
rna|PON1,0.5135394895804106,1.003853964911448e-05,0.015735008014146668,-0.005554080868656165,0.09543766233005155,-0.0008023749751417948,0.009192204766456363,-0.00043154389442032106,0.004605654015426411,0.001144564270521718,0.2053832421603792,-0.006249559699403003,-0.011415750951523302,-0.21183125323672686,0.006836476340927384
rna|HP,0.1219279086858213,-8.579769708055192e-05,0.00027888212823966416,-0.03837612959273157,-0.11307701965850163,0.14124845840653635,0.24083697998026454,-0.058994612689734285,-0.1475877604084528,-0.019614563774902533,0.2591197087475858,0.0033849657149785384,-0.01784356617476985,-0.33092950070024657,-0.02357549607429361
rna|GEMIN8,-0.04093164071815682,-1.1437843903428633e-05,6.332015273057176e-05,-0.11696576049936308,0.1700315264667635,-0.014019111329972795,-0.00034570825494139787,-0.0010567137566549827,0.016089444514241057,0.010642025793316186,0.025038597393141068,0.006137516050625863,0.008641430663659832,0.28893766862582876,0.007519265273408597
rna|HOXC8,-0.02764290956562922,0.0002177349264927863,-0.0006607564610191167,-0.003078810424812183,0.22026599835595534,-0.038018872348305636,0.13411387419329415,-0.20042747025344615,-0.14837819591099058,-0.03156365825189847,-0.011575468698606829,0.07944540302311962,0.04035734201187244,0.0996046548993387,-0.0035204170300651917
rna|HIC1,0.1109600890694194,-4.849137895606285e-06,0.0026177913988242865,0.07620649976608981,-0.06291709046041603,0.0798789840761768,0.027605602678494108,-0.027957616827530573,-0.4625375884001711,0.01077552379653371,-0.0012779151180338814,0.0028817292685115775,-0.005218475892709776,-0.22740025615592557,-0.08983482504761119
rna|MIR34A,0.33609572417052813,-5.9794180684210036e-05,-0.0018674543101787574,0.02536000267657988,0.12436530981067684,0.03955168367042975,0.007724032972487225,0.004632630945104772,-0.1327162600752449,-0.003357326362774027,0.004075568358956347,0.006277164498844605,0.004722475661261649,0.049207176594445574,-0.04447486669682378
rna|DGKG,0.0038457069541183893,-7.077460924152233e-05,-0.001152034440999056,-0.07393763570244365,0.005251084170065897,0.0975350069080904,-0.11870706438310012,-0.0004785541730025101,-0.19672439267706868,0.023160052242736665,-0.00982119417581328,-0.09359357375608418,-0.019826132267044626,0.023405826040760632,-0.15012877173243785
rna|SNORD45A,-0.24485638359218884,-6.957193403237442e-05,-0.0018254197669543228,0.027828468004800582,-0.411235362017481,-0.010960370871216252,0.10665504333127186,-0.00015717042311823488,0.37272451227536846,0.02981636353808777,-0.015131091698602264,-0.008420522490781042,-0.01161814979516475,-0.3137386118454062,-0.004530629119284176
rna|FRAS1,0.07479510691479074,3.884444618556109e-05,-0.0025561435171627244,-0.05492702239039861,-0.1515538864079448,-0.07487120878420642,0.1367817000755128,-0.047645667521784334,-0.11852231926296798,0.0010796097250344709,0.007466372260110564,0.20600240582791265,-0.04208382164229414,-0.22162456766016106,-0.13771272922470296
rna|EPS15,-0.25536421718349644,-2.0919226183470883e-05,-0.00052636390861572,0.0014210243611532433,0.4259665979732312,-0.13777142549019084,-0.012016818860400834,-0.0036791706830405953,0.4673882541140101,0.003225109710854098,-0.0006742357144551128,-0.08776725708883633,-0.05949234691983232,-0.02947342950582237,-0.00015362969703558573
rna|TALDO1,-0.17869720750521656,-4.9916740373235994e-05,-0.004292959030594121,0.0026309790015736165,0.3236293767517552,0.19388352169200562,-0.11318886656363537,-0.0005367032350348837,-0.17830769867021876,-0.0008193363553819738,-0.0010051373950955673,-0.01764904781116093,-0.0015332469177106866,0.08624815888151675,-0.11265899132108717
rna|RNPC3,-0.15455851224701045,-1.3693779282942613e-05,0.002410830770570952,-0.013188858631492646,0.49818498372519293,-0.007497684809345471,0.08910873981734216,-0.0016155173319551096,0.5886203495514223,-0.0022490564791303167,-0.0010954359389533511,-0.0589661747248313,-0.0012670228669255876,0.05566699714197185,0.0027135333376813436
rna|ARMH1,-0.09598898140161863,-0.00016899149097654402,-0.00015635463838977284,0.10787231491311389,0.3037114605015595,0.008091653517757643,0.19705950202882724,0.01752366258506581,-0.12742579478807828,-0.013230952719445053,-0.010997639074958997,-0.22100850957563759,-0.010955734092657276,0.15950997903086298,0.0795938875222113
rna|INA,0.2512628599083087,6.316139686912781e-05,0.0013244651110648077,0.023568887563413052,0.07980295925519976,-0.04904848850957203,-0.02695123289533875,-0.0012864273251805254,-0.05073037131010793,1.5347117351263432e-05,-0.0030789222851171443,-0.029696443416007696,0.02069435097856716,0.01410320269982438,0.002418763049077932
rna|C12ORF77,-0.07459658666062317,2.215221506989913e-05,-0.002612105559684835,0.001999895473656743,-0.006014788672939111,-0.3674826876442646,-0.22918669112139833,0.0007248435271319805,-0.03121505661818194,-0.07036303012287483,-0.010728015761101444,-0.03649487408150672,0.027821670885358304,0.08059905735072638,0.05062185612639973
rna|IL1B,0.047021871537126635,7.03529834350165e-05,8.70006827642455e-05,0.17201163786758153,-0.10894318674349675,0.27503331168848294,0.1067843130006398,0.1449044913480301,-0.003550719666153505,0.14041047906969653,0.001278686646458125,0.19444973365366,0.003910258071563984,0.1167568321341531,-0.23134988752558655
rna|MIR1203,0.05702972231364352,-0.00014359552926285386,-0.005577337798202166,0.22093170159022182,0.020914968046685564,0.026670524746314206,0.15030686343754168,0.0010579466870368798,-0.264169585410741,0.03936658247906636,-0.0098664506603196,-0.0076867424958386625,-0.04594555108385552,0.3274684941381507,0.1512588323486044
rna|PADI4,0.0008614655096044056,-3.506757946955607e-06,-0.0033176736017894604,0.16335807616260442,0.15499311256302808,0.08691073858277429,0.2814967587720526,0.003114260766117278,0.1771088071069869,0.11692008776010454,0.031576319027269616,-0.0036979490162990787,0.00019731965370575261,-0.23317616573450678,0.009087808604634916
rna|CLIP4,-0.2245708471302274,0.00028140095475974946,-0.004064808601834621,0.18427681201101373,0.11427487305546496,0.0005154957227887769,0.06648536539611853,0.001284980941044498,-0.04506015799214793,-0.0018741442068302926,-0.001494009233990114,0.2034350112885107,0.015938579132425235,0.48298969614971565,0.012401595945078624
rna|AZIN2,-0.1322900394305453,-1.3631866802493767e-05,0.0025693660807332556,0.03223489807614944,0.3992653874561287,-0.28527089182944354,-0.01991127309095798,-0.0010669753209271002,0.04241504223969713,0.07149240839837352,-0.09401775203127258,0.28685083446914994,-0.03214908813417606,-0.029820673947640843,-0.1616481486229094
rna|CHORDC1,-0.25600947806257446,-1.2550881402442274e-06,-0.00017687623012242637,-0.0004092647603436256,-0.07461777436810665,0.0022133141863641577,-0.00422867725089934,-0.005089267056060734,0.6262065045466237,0.006205935596136139,-0.04066302327922783,-0.005651872911491104,-0.0033390573769896234,-0.32588507571620984,-0.0018615042793737075
rna|WFIKKN2,0.5113775261001026,4.3647748139666006e-05,0.0027505779665894414,0.003480130844850995,-0.10056048777049655,-0.0005868365433213921,-0.0010348762563282237,-2.1432217350817033e-05,0.1174494434659252,0.04126374167671734,-0.004522852289363521,-0.003106950994006526,-0.048384669102280405,-0.027783724418970906,-0.01639991573957208
rna|RAB6B,0.3049995303614534,-6.5301175304692565e-06,0.00027482233527232046,-0.009169719523461867,-0.014888123195783426,-0.07455514860751246,0.11639137766955499,0.0012520658573052666,0.02655397712407534,-0.0018899618410984738,-0.005613495310702175,-0.12666718236378735,0.0037601495887702994,0.08380050229733729,-0.15382454065989054
rna|LRFN5,0.28060986354014905,0.00014607666377963608,0.00011592582466993362,-0.0009449122865115579,0.1578696235748444,-0.13809156342311366,-0.1492369621037028,0.0015654337346868382,-0.14291495332611223,0.030011136894583984,-0.00344913975404678,0.06552069575120235,-0.03186614234562329,0.018840126180371338,-0.011146278038015553
rna|DENND3,-0.018922777602710245,0.00015841070069606654,0.002628058548366942,0.033547279364405935,0.13413367720959218,-0.23986191062692921,-0.06271677050591655,-0.0014038593298821265,-0.15172360358555578,0.08742246094288626,0.0007191154548950647,0.11858703307359166,0.019024192226886963,0.16118403136467865,-0.23038055160009968
rna|MCM2,-0.12718324013445753,8.760561958622773e-05,-0.0011377476105679225,-0.2640022123222959,0.25653501711166904,0.024276045848130028,-0.17265164809302228,-0.0003881482065004942,-0.08018525983507623,-0.09311550184379376,-0.08457911855263377,-0.2276775148344148,0.04827875605142116,0.377216878303334,0.002687074151149299
rna|GCAT,0.0342278761955926,-8.681246562336291e-05,-0.0024571535999545033,-0.13711267655543358,0.1427197390466352,0.09024252530443212,-0.17680136205482974,0.0003032022177843802,-0.23972060241868837,-0.008133690015791574,0.08458053572019131,-0.00761903296279863,0.02319870412440351,0.23993809516298525,0.004752308643001558
rna|OR2A42,0.5168844100989317,0.00022373124692259523,0.002492061870918675,0.007970857146052035,-0.027907171338543545,-0.008356917465851625,0.04841356158064325,-0.001589209081758563,0.010013006846692877,-0.002719617312330362,0.0026370790104861264,0.06795389292817679,0.013383123013076422,-0.055130162055462166,5.947412214784464e-05
rna|KRT77,0.4351254151268098,8.141959048965655e-05,0.00048023783671746306,-0.006416343719877858,-0.009537429456829678,-0.007594822912888856,-0.04790676780754183,0.1261332184895518,-0.05638643456980351,-0.025416157400596353,-0.0028513919487475454,-0.04248672249865258,-0.002640736348632407,-0.14851189071579798,0.002151155537925438
rna|RTL9,0.43079139462876664,-8.237872791727815e-05,-0.014945447507641712,0.0021070456478258725,-0.0014675795754707022,0.0047234499473042405,-0.02777431953652149,-0.0007347711075785831,-0.020140927469585276,0.012591357194864828,0.00038885607143069554,-0.009133474878240747,-0.037045499685318124,0.02581990154328549,-0.00563617024774411
rna|SEMA6D,0.3499618602374532,2.169160078677341e-06,-0.003172898222792117,-0.002695270610084378,-0.16001303026404246,-0.006288252201550707,0.13927091468974725,-0.0005778679079683377,-0.15990277308996076,-0.00864885037764151,-0.0022260624175354554,0.20640773615694458,0.023247445858819882,-0.007019398587636916,0.0010629539889165482
rna|LOC653980,-0.1315868061591209,2.4459661523898056e-05,0.0010770715671248863,0.013515923056555808,-0.014303230230695735,-0.3783925245984557,0.01537435655808762,-0.008216708511764844,0.10380728047158147,-0.0033764572785601006,-0.0065735260834372,-0.17729958771501136,-0.029195466968981797,-0.17651812125498145,0.06748971386143585
rna|ZDHHC19,0.17793949941066783,-5.2056410944290896e-05,-0.0010795294915188003,0.19323213170795772,0.03260885517443203,0.11227466807503082,0.14824394995234988,-0.00031356921684694923,-0.1361154047831406,0.11279766681989818,0.09125954137016384,0.07104947100770341,-0.0020959056112293717,-0.20724126284259545,-0.14482270438352338
rna|HS3ST1,-0.08089070860667162,6.201596002368694e-05,-9.916503826523286e-05,-0.13334122291377415,0.38019005666418443,-0.1177507927433458,0.15088785741134425,0.0016719124153668518,0.040333295414311215,0.026931861903179366,0.00041013940004969726,0.0005539563862550909,0.02367151853887868,0.049837151578711096,-0.19154694974859693
rna|OLIG3,0.5056294676445471,-7.175991742822791e-06,0.0002697187166671359,-0.0003129962492478545,-0.0876529802139182,-0.002622336423739388,-0.007919180065032989,-0.0005713929594237548,0.008937936185725331,0.022015104808294165,0.004937113711879429,-0.015098426367450945,-1.7321898924012903e-05,-0.031559731144394775,0.002871121303712996
rna|UBQLNL,0.32831965245664674,3.145674135171262e-05,-0.0011043380019351975,0.12947804195109092,0.021785241706746943,-0.002197117800340923,0.2100913193108156,-0.023956662252166448,0.04853394910606401,0.03827841823861557,-0.01552847231897013,-0.07560086845134907,-0.010999451614548527,0.14276407620329695,-0.0029300720161086844
rna|MS4A12,0.3626567229047748,4.3663443866420305e-06,-0.007483230409379472,0.01195582745697887,0.10167571048612847,-0.10618783172412492,-0.17081825815020274,0.0002819404639825665,-0.02291571344778774,0.0059344182564920085,0.00261704053600116,-0.008958189092375361,0.03571373020879057,0.021521803679635246,0.07476615815922959
rna|CELSR1,0.08320197439637642,-7.777779813654592e-05,0.0004904300915445646,-0.00024223862451973934,-0.029179839370652105,-0.12745346559500484,0.11785631933055479,0.046388550263408886,-0.2433360918823108,0.027788459352954303,0.003849771363107668,-0.05849224834837159,0.03386421154651493,0.21481855965302674,0.04057426204968452
rna|PIGZ,0.26115092407385404,-1.5648729838291155e-05,0.0005987105002538696,-0.0034283174239105184,-0.11074360586956629,-0.14202468581975497,0.06640703048536653,0.002148443477756927,-0.0578040036728041,0.03620902996262816,0.02774725284120369,-0.002379903046210088,0.006428908901656298,0.15557205536947477,-0.06737348318767492
rna|TP53TG3D,0.1114008788259595,-6.608479374173952e-05,-0.0024424981540397245,0.12580183307553344,0.018222124810995437,-0.0008157932758290071,0.08337952067595357,-0.0006337236911123369,0.07847247339549766,-0.002362075276162385,-0.06209028142015723,0.023601781817052928,0.04287151074800762,-0.47098746281706083,-0.00429174654784912
rna|LOC440558,0.4508400683729982,1.7068349461423876e-05,-0.0028700678807348037,-0.003596632142293738,0.07956450044346378,-0.002096717240623677,-0.025354268602324436,-0.008953032459320257,-0.11246217609235788,0.0067266995758290754,-0.0010208022800345256,-0.0015729919033524063,-0.0014161747896930632,-0.08522713656730456,-0.0008513783920987991
rna|TFR2,0.21796784465952243,1.2117212123346265e-05,0.0014918973223813717,-0.015420214616674352,-0.010860411335902504,0.015973603709132332,-0.08811946766318984,0.005349834057523023,-0.08148064765400367,0.053297654111082275,0.20263761078919107,-0.003390914372142425,-0.009780775062255642,0.32104272127282263,0.010347375506203101
rna|UGT2B11,0.47529237024083587,0.00015716481327131027,0.0010287981250506526,0.00015627241597013068,0.02063924416473752,0.00024117289224894327,-0.010565398787611575,0.00034108143646331994,0.06173136897877249,0.05544284813154628,0.13246591769553862,0.015017933970338482,-0.03440077951515821,-0.030474649389817737,0.04251430375704782
rna|SLC26A8,0.5270140682861306,-3.1560971499991235e-05,-0.0008590459352724328,0.008957992362204814,-0.08954942156062976,0.005429066907302864,0.001977685117818946,9.313491194763148e-05,-0.008406795267307969,0.012900346040404161,0.012271741618971493,-0.0015853200072237976,0.02364828433776943,-0.09599009784786804,0.0008865056663323983
rna|ZNF85,-0.15505423499496582,2.1009795294798307e-05,0.007901407663807392,0.003904995831511203,0.11340803272393611,-0.11587806741499555,0.045368634186489676,0.003574454051158955,0.6062881004749966,-0.0589683261887699,-0.012271389263922355,0.016070599860713703,0.03280684952030323,0.025030297017115597,-0.0010063062685282823
rna|GATA3,0.024712919414721254,-0.00019190239007088223,-0.00014831258060197565,0.28504936350870186,0.38952816578140054,0.017215806712856503,0.18055937357204968,0.0019169248542964129,-0.22650437472724388,-0.003755289772598521,-0.013284672257020088,-0.0032544608447507635,0.03462540034069199,0.14432869243845783,0.030747700128020295
rna|POM121L10P,0.43607929531025535,8.001044575326209e-05,0.0007073147414931142,-0.045443064834871184,0.06465915819886457,-0.004722652513946618,-0.025541816856363118,0.0015260497966360397,-0.018635435972714748,-0.001400392934588384,0.015300558799244909,-0.023033862022961503,0.0005414341698665097,-0.12124995930951686,0.018089771773728554
rna|CDRT4,-0.06036766573471954,-2.8394431286014913e-05,0.005249357880899216,0.18188063962489498,0.4841919325685944,0.009238292574254204,0.16545486518489866,-0.002435883895466411,-0.04105541856588675,-0.07454478737971247,0.0018327527116454461,-0.06519208647865352,-0.051661672212758025,-0.10314653016438577,-0.12540038448946694
rna|GBX2,0.49226318506562083,5.518324690949624e-05,-0.002192404629335693,0.0019341113187075992,-0.019327850419808723,-0.0019242117406464859,-0.02186092759356227,-0.003057154588105851,-0.12038272432089828,0.0013797243573268091,0.0002088641080483472,-0.0410111864636875,0.018264048067441706,-0.08512482189282201,0.0032135249118229597
rna|MTARC1,0.026310382652440328,-4.201404050327164e-05,0.0017908542496716483,-0.004648470079277134,-0.006096945405273111,-0.11801482837978804,0.11200729386534633,-0.0070451546251074,-0.04460968111644479,0.035133347212400294,0.10199742136719427,-0.008433690227112978,-0.03391012722422317,-0.442102621619045,-0.013921013851431114
rna|PKMYT1,-0.00037106536742098216,-0.00010494987409614635,0.0010614486913519269,-0.2680307903171389,-0.31347477385180295,0.07570213649675317,-0.23614141844185466,0.0002592096167977913,-0.3879326493207297,-0.1025179248431234,-0.051883934417181754,-0.034176700341505654,0.011988369343661107,0.20440852662565695,-0.00890835679637544
rna|TM4SF4,0.22502225372655923,0.00032270542465866436,-0.0017524622739439038,0.017761100568569898,0.09056770368239007,0.011832994253699148,0.09396513262822248,0.002422104021709426,-0.1338340658771634,0.005302842279190468,0.2432330476774989,0.03953214467868256,-0.0018782381425605755,-0.22795993732629327,0.03436538009307195
rna|ERN2,0.17532610139997554,6.338360129243228e-06,0.0016023590436559474,-0.08679899872816393,0.13012048081630367,-0.0025687279150130647,0.003268517641670806,0.2504416100135902,-0.0031825030521730226,0.008852139476425002,0.005379568955755528,-0.02445183580281806,-0.016524394489848656,0.030446192531500937,0.018674083489810672
rna|ABCA6,-0.1248357794791287,-0.00010656805585475863,-0.0019811198160569294,-0.035913506633306364,0.1557235331291361,-0.29343517843647116,0.006985790352678684,0.0003289051613762356,-0.034769237567302616,-0.0034801001074746623,0.04310117263828161,-0.0007497290400263324,-0.0271390031154984,0.3128702847610723,-0.04201575471631047
rna|ZNF528,0.2531272979301858,5.9989542842290004e-05,0.0016701834918964808,0.04370442879376511,0.03353384807014718,-0.046795605021474375,0.08865776607517802,-0.0004694483520696009,-0.2118224562855769,0.048249489085793705,0.0006195863481876596,0.007006252258095676,0.0048715558957127284,0.024777891356577552,0.0621811117345257
rna|DLX1,0.4257109124881326,-1.2362788233675713e-05,-0.0047716857343415705,-0.016825845719931953,-0.0065652462225382615,-0.0006071771199527054,-0.022403582272765947,0.03636167456034565,-0.14953517091173754,0.00982292484238669,-0.009494752141351405,-0.004354948473221728,0.002596073516441666,-0.11867987695087576,0.009040589560195461
rna|CLRN2,0.5335470393154154,4.2062247210559164e-05,-0.004545553260259815,0.0005118023950845324,-0.038707776774403964,0.0005703685346850656,-0.04846234222171841,0.0009031496414359175,-0.006494765255331911,0.00877168626682945,0.000297420007747301,-0.0011991632400022503,0.0005755789441757721,0.000695865228890247,-0.0010082273068871207
rna|TENT5C,-0.07537350507398013,-7.09442176085086e-05,0.004759827410110233,-0.01689185784145316,0.2898103752015096,0.30007013796639714,0.27973202839476863,0.007158324021455948,0.16593205124277105,-0.0039302360722101234,-0.005969497695157397,-0.1412613797463493,-0.023938860357211836,-0.19178945048187754,-0.007243784815019385
rna|DYDC2,0.39702018388189736,1.71053521040642e-05,-0.0015516173938465991,-0.022674284319639984,-0.024769440097670715,-0.05963670544587036,-0.015447633491948356,0.036534819598306595,-0.16642665096222345,-0.02785512794823295,0.023752740680783983,0.011652158291924793,-0.014094823473555356,-0.009648554404529094,0.10551871562913355
rna|OR14J1,0.46662284841467533,3.2241030465294734e-05,-0.0018317942517864128,-0.012118727757164894,-0.005488749469331424,-0.0016920975284087387,-0.015123933641625313,0.0003927950355160927,0.01870847083337588,0.03040293276339935,0.0011063300782089835,-0.001367809965370069,-0.050543776250720075,0.12753433226125999,-0.0010563993296409822
rna|MMP19,0.13737554933487112,-3.786264262180003e-05,-0.0016919241604025162,-0.014080930729672866,-0.027756352327216648,0.006394302052482541,-0.1062713725279998,-0.0013263539864775248,-0.39302956279383616,0.002335345132233856,0.0020295559243595288,0.2501158134645678,-0.0009108974510601356,-0.1269863988781788,-0.11488694643884433
rna|RCAN2,-0.11492884956174292,4.805922033406099e-05,-0.00013311225532431834,0.15710591850609232,0.2980324892734716,-0.010892068546100605,-0.0015081560039532493,0.009919789257055037,0.03643654539520491,-0.009453670845205417,-0.00453698618134419,0.16513559833484473,-0.05088871924765903,-0.2916099315908558,-0.09542689540271919
rna|CD8B,0.2585031663039371,-0.000103653056956221,0.001133685792207242,0.24773792458527746,-0.061121807692836566,0.12882494934542804,0.12983997167679104,0.00020642874994734862,-0.2692897676814221,-0.10253326748210106,-0.014539762136816063,-0.0028799717039270983,-0.027752808217952073,0.08487036909385302,0.04059470138635357
rna|AP2A2,0.013126992141843565,9.057049210356156e-06,0.004564303402124286,-0.020959996438095246,-0.10713316849495208,-0.005920475402552835,0.02295398827637939,-0.0009126541797081615,-0.382844144599473,-0.024994515584668565,8.336071159685149e-05,-0.009775669715267023,-0.014851691466726527,-0.015624834221486472,-0.0018871040450918128
rna|GBP3,-0.16600772374429787,-1.7341470051738786e-05,-0.004783723651124199,0.2636231239050449,0.1675019508501169,0.15054183720411737,0.0016279681525409155,-0.00040099158570458,0.5145069407815047,0.0728337441162172,-0.002631313508297328,0.003942959291756307,-0.010710089519242813,-0.45152113337061656,-0.0003381315900252227
rna|CASS4,0.26437163423615784,0.00032826947543007406,-0.0007542260057300104,0.13066928953820262,-0.24615274990260907,0.12095802064758752,0.052271665354941536,-0.0003819878567759281,-0.252701361096386,0.006704493105419406,0.000855879390458405,0.03957918573466955,-0.020020338571559784,0.13407189105090622,-0.07077820995044395
rna|NRG3,0.2948561520701279,-6.429786953033951e-05,-0.0018553951800141335,0.025980497657862853,-0.0007276687307515746,-0.03026824598659913,-0.0020392998237941866,-0.023759519189035638,-0.06658937460208325,0.0043799829194893294,0.009518218894398153,0.09667550374656374,0.014895431765983475,-0.12616757219502048,-0.008106541519780712
rna|SNORD114-3,-0.07281200063639195,8.6496951541017e-05,-0.0022359209907845787,-0.0037162595596341177,-0.15592242287491004,-0.161572672263099,-0.08579753270475275,0.0029901401076168374,-0.1835667431306058,0.05026669368090556,-0.0010760945274966146,0.49918945404631887,-0.0530051040232683,-0.30446722827212147,-0.0002576903362461478
rna|SDK2,0.19874226265612285,-5.06609458950845e-05,0.0033897566507435153,0.16851412284597425,0.07780350079409819,-0.005865947862079812,0.2911655715810784,0.08693301518348463,-0.133233352681359,-0.003294584490813836,0.0014701071861298863,-0.10570630623802728,0.011447297976828565,-0.04152789228619913,-0.03674185341191294
rna|SFTPD,0.36061210324284493,1.9551485500615516e-05,-0.003352004197679956,0.06657663838592373,0.137619742588131,-0.0070723127021465534,0.06862938907439477,0.16446586839811614,-0.12476294812504468,0.007572423251123995,0.0024643463317165376,0.008590152622978043,-0.008911904611839199,-0.18254264522522845,0.005338187446548157
rna|ARHGAP44,-0.009885133573504573,-7.261024202930209e-05,-0.0009009680333390358,-0.12151458596488764,0.26231991953290124,-0.01635826906283132,-0.06224666360542595,-0.0010572089049953573,0.04340419207375041,-0.027229051377570125,-0.0015306763237078907,-0.02250240012607707,-0.015381505578727549,0.27141734975130294,0.006344828803230078
rna|EPHX3,0.17627930254991833,8.760520616398741e-05,-0.003096143939286755,-0.0019470815900958813,0.1279535677867198,-0.010582016705370258,0.11665821204718547,0.4988261455254311,-0.09938740785803447,-0.007813201668106538,-0.0005626301079589956,0.010079820393345219,0.025807731327201443,0.12031341532813353,-0.02057274494364261
rna|PITPNM2,0.08791072199958277,-6.626211896003998e-05,0.0007572364187328673,-0.0350637046813576,0.014320283929709873,0.2030421523323712,0.04228557464850676,0.01179032655162726,-0.2111699846485307,0.008223330218568282,0.0448936238414748,-0.12051834512011433,-0.01586415590228935,-0.005448178111621102,0.17716588083467233
rna|FZD3,0.18238872597177022,6.802696083918686e-05,-0.0008976312714764303,-0.11156724613256963,-0.16149417419345038,0.148659543974343,0.1654342203427259,-5.49683345793384e-05,-0.18710045458234284,-0.0108959566718584,0.0013833301209283761,0.039434810442733156,0.01636065341902561,0.4194663587658762,0.08989890256035572
rna|COX6B2,0.012012987815340779,6.367841143490905e-05,-0.0037940385766232427,0.14260917948216206,0.07050804474494535,-0.0028265722189433,-0.012757996430664567,0.37471678015252746,0.031013893464584733,-0.001412067919178885,-0.002025503518820098,0.024165706882228,0.01569389809873899,-0.38541890875578494,-0.00022311887659350033
rna|SLC11A1,0.012346544272753786,0.00012143102846997331,0.0017058515501942402,0.12037362927175842,0.1479054242113119,0.27187438471524056,-0.2310639524493884,0.011909213715954508,-0.024492549968179834,0.23330887831398248,-0.010662363960804439,0.30979513755758525,-0.01010901792320368,-0.15964804330006238,-0.005511011417744464
rna|ASIP,0.06119350168090238,9.446071096146047e-06,-0.008096066678312742,0.02031367851599943,0.40158926453583926,0.06656747189270644,0.012349904153376895,0.005839103563121734,-0.22489201741217005,-0.03719401788602724,0.0046276460116460045,0.1212302602670522,-0.00426019227904125,-0.0222097997913388,-0.0005135554184625643
rna|DNAI1,0.2763208159329647,1.0895912142521042e-05,0.0010793342819514844,0.011848088029069741,-0.012020789575338432,-0.07290365921689203,-0.09017204443259343,0.0009827083234511412,-0.08651783984995559,0.01835164393467082,0.0009461604717583296,-0.001457236185692708,-0.008931997778555146,-0.03198813032206433,0.021910070155343745
rna|RASIP1,0.10312810895304214,0.00017458944205557715,-0.0012049973151097803,-0.055010813795015295,0.4187067192645408,0.1029705689391709,0.17373110834871983,0.0009061990059413364,-0.31279519306249237,-0.040101562623126114,-0.0008802479103211914,0.05086254346234545,-0.003340973773351436,-0.3219380691029021,-0.08527401140608226
rna|MAPT,0.4742548417329978,1.2477236210809636e-05,-0.0006800166361715776,-0.002569751815903134,-0.11976933812117761,0.003165076081414879,0.12863844371703334,-0.0001293345062499311,-0.004616586560162243,-0.007173231858239697,0.005077070534905687,0.00435236917664235,0.011580067271874071,-0.020076706101139544,0.016703448153692672
rna|CD27,-0.03392390018386811,-8.338481501760313e-07,0.005103861666085221,0.15524981068968885,0.4462158870468397,-0.004052335469005274,0.038895158949674956,-0.0001099274103430401,0.061640017588194554,-0.07896630996203528,-0.0771900216666693,-0.30864287351944203,-0.02030490937080154,-0.31493326895030627,0.10567783886185902
rna|SLC22A12,0.5201902111893266,1.1109993033556992e-05,0.0005587558330431876,0.014519000531054087,-0.09720285921758771,-0.0005322809792542344,-0.009807579648831926,0.002332093628560207,-0.002799352418502424,-0.01260952643577352,-0.0009593491660473951,-0.003884350216690462,0.023134422399724755,-0.06302457923361966,0.019468480797910716
rna|TAMALIN,0.3109903530044814,0.00016015685486502157,0.00030467764991961807,0.040075655887389296,-0.35422314575975006,-0.059722936948901136,0.05077296101006079,-0.0006266603608838914,-0.05193085722746226,-0.0029602492665319795,-0.015502109689608495,0.17915498905078095,-0.02625476957784908,0.07619862541032664,-0.0268284515118053
rna|CD226,-0.10068669860390088,-0.00019173013801682815,0.0006029071458400689,0.20712134956604025,0.17358964130157845,0.10216460476134567,0.32101380349098674,-0.0004568578243450836,0.21155225052566393,-0.07569464785989871,-0.0015589306645729401,0.0025010783782810327,0.038498426765744,0.07257702719072057,-0.036312908028119636
rna|AQP10,0.2818455185077364,-2.0287170083796335e-05,0.0010332670240670542,0.01475082260435025,0.19516311745391327,0.0624541310638112,0.19480174679420129,0.040539197397055055,-0.17607006641351006,0.01849925213083299,-0.020534049508400192,-0.005350430783312851,0.004563639493895171,-0.08225121287553955,-0.0037154287787843094
rna|DIPK1B,0.09545972078477719,1.6480867283682298e-05,0.0037760254703157322,-0.022097527513051277,0.44136904525587856,-0.0029970135039219005,0.18659736521608744,0.016408291692914204,-0.1763391155580357,-0.03163940693355782,0.005424302497421094,0.10402904058094503,0.06687846714032024,-0.052449662738068,0.0025017402677278947
rna|ZSCAN16,-0.11297105717966498,9.33517773191489e-06,-0.0014069935682008035,-0.0011085135039465394,0.5258153696360538,-0.12211169322513772,-0.059761686268623083,0.00015844532823490083,0.007881466721640569,0.0462553713254282,0.025123934592396997,-0.15891248012147763,-0.014806175386131125,0.30963161798784394,0.011055841457190482
rna|TACC2,-0.0010667542092692992,-7.565643286624154e-05,-0.007788921124624222,-0.019449744164291842,0.2470682224132841,0.004064619186187425,0.011120200568038755,0.35280810886038527,-0.19569260778781164,-0.003599283770299244,0.01045695111820987,0.36424130575766617,0.07499863194730237,-0.19121844252584685,-0.00969363333490294
rna|TNNC2,0.3391498209182121,-3.067802463753617e-07,-0.0014246453102415855,0.003963185063175869,0.012521241022582182,-0.010969087701895948,0.0007052597839580386,0.13687840876588306,0.009315109897821871,0.013270996551468604,-0.007741492962029552,0.026452242868044297,-0.007158488735802723,-0.16764769695261836,0.00730319674318414
rna|KLHL40,0.4527871514766003,-3.495857017996082e-05,-0.005965753549451891,-0.009012592826453628,0.06005397806218683,-0.01589457039137349,-0.05914039070967325,0.0027777014424120437,-0.002936889896471599,-0.0066932123761536825,0.0009431059523686875,0.002284315965837967,-0.007895775165820398,0.03989142372575663,-0.0007047198357761873
rna|DSG3,0.11867858121891176,-5.8804932072673087e-05,0.0005858840255282199,0.009766182212211092,-0.09661233969339682,0.0006113341890415007,-0.006050124790036683,0.6975340723217383,0.02577034103340066,-0.02503987484807815,0.0007985304906470889,0.000506679536683147,-0.026398047025172112,0.027748842029735758,0.012873450439798493
rna|OLFM4,0.11745890927488176,0.00012170375951760323,0.0015723037846384835,0.0011906988876533356,-0.12513796467031643,0.021017600757831635,0.27984477853235806,0.014384989158800937,0.1833310308368366,0.10991867570099237,0.12470867630537673,0.020016081112709198,0.03304382999497788,-0.48294551287470655,-0.049774370296409215
rna|ASPM,-0.17859524073042896,-1.4039354129267415e-05,0.0035270124421523602,-0.16092549137391024,0.27886027584251033,0.007544931221210897,-0.12645678313705885,0.00042040969476425986,0.5719262709099854,-0.00602177835840618,-0.00267489904320372,-0.07004493643701605,0.03211215476045734,0.07555190633799394,0.003787482028389695
rna|ELFN2,0.4160482768292767,4.1017254624511826e-06,0.002185289835501831,-0.048491543566445625,0.036009858037811815,0.07995409246675575,0.0015228814068589521,0.00027017065086631443,-0.009574777921043645,0.0042406527342016475,-0.0011973920957997243,0.005060193854630708,0.00924466377091558,-0.022189321246771497,0.11989430612183918
rna|PSORS1C1,0.3082280382919445,-8.227938071056526e-05,-0.0004959977102691659,-0.028086177693613906,0.0096493801723317,-0.02957378958481486,-0.008469525336991805,0.000833996403988726,-0.02937507079961611,0.017795921318323044,0.0022312349459089596,-0.0076327727685650115,-0.007393500342235853,0.09343287266724722,-0.004185359973905745
rna|WDR17,0.31073243135222217,6.253701031954446e-05,-0.00030243007845644866,-0.14438027437478707,-0.14593345176154418,0.03253269778616053,-0.0035250939176423666,-0.0004921589340212824,-0.15359266974637473,0.012384803146321522,0.0016782412061555985,-0.08059745244926718,0.004061766617229523,0.0021527561363340933,0.036120457235942385
rna|RDH13,0.005292406797888259,-1.596520510002832e-05,0.004242053598322423,-0.15183815791538027,0.5383111707799402,0.05416732145820372,-0.0003244927007647923,0.0013330655014331158,-0.2793172060650794,-0.04989458889044705,-0.0034880643243762944,-0.118879821663652,-0.01999663354949663,-0.0009667732459338375,0.03803531692488379
rna|SRP9,-0.2699407471304794,-2.948252486238811e-06,-0.006480030120384227,-0.012173786985793692,0.0932576171126345,-0.04946841608799393,-0.05942559893222785,-0.000648397432688571,0.6284128617466821,-0.002128824771468403,0.00036842974623323447,-0.05770067432585415,-0.026942623467868587,-0.14736961383046757,0.01158035460274144
rna|SERHL2,-0.06715179427575682,-2.505552154307341e-05,-0.0004173583306160958,0.000625506868142253,-0.04784358624825141,-0.1299469085497206,-0.004215555282896108,0.0016669499107081968,0.079658975116614,0.0005237693291457381,-0.001243479680769036,-0.1347517813950449,-0.020841218928713188,0.20827537621776632,0.017239362407720036
rna|TUBB3,-0.012479730399841453,0.00021377648490347953,0.001755889410376915,-0.04586970722696007,0.12195640735258692,-0.024681560041658425,-0.24691351787919721,-0.0002657331423040391,-0.02571772859487762,-0.02594867651036267,-0.007433025250615335,0.2731917599002148,0.03491281126103253,0.09701718683023944,7.273179527845319e-05
rna|HEATR6,-0.1478984186359585,-0.0003984569443344613,0.007365148782211633,-0.021615909075067358,0.48702404937952554,0.0994019505356327,0.0451116176623579,-0.0003817333824839014,-0.09734681183635337,-0.004308337225914272,0.0012125914963352984,-0.03913400118976478,0.0221028833684729,0.30339252920244497,-0.0007234853322377005
rna|TRPM6,0.008404426649094117,-2.171136550789326e-05,-0.00284353468817993,-0.15706434499778707,0.3076592188446277,0.18389887374179628,0.08093214329376648,0.0016855298926970698,-0.09051925813078195,0.004415348569280059,-0.02652737931232231,0.010302260119245862,0.002530567739155035,-0.09870551168272564,0.00855343926340085
rna|FGF22,0.3985853773690529,-0.0001635609603332455,0.0002836784846496353,-0.0037569107816194983,0.02003082505726554,0.0010450981722476555,-0.05176824499485054,0.00011093747024229305,0.017053994544429112,-0.07888631702002151,0.011945186845422763,0.0057113317122684595,-0.011534512579013882,0.18022956010757205,0.00040645619243207166
rna|SCARB2,-0.15364017290365087,3.46588781138217e-05,0.0010556333717346039,0.07794198943969753,0.4495247989667227,0.19446759503247812,-0.0043797517504939425,-0.0013840783890353438,0.06238749827187701,-0.04956583226945526,0.01382347922979771,0.23511071188190516,-4.54748247426362e-05,0.2153251917101823,-0.012329716002573545
rna|NPAS1,0.059947752507597485,-6.65430006920587e-05,-0.0045648562402954155,-0.2724658954413131,-0.07757372587555673,-0.08794466380289037,-0.020163912392701582,-0.00039522093509767226,-0.032310139706162394,-0.021362106482943403,0.05015603354315543,-0.02657474264281332,-0.005362878240917942,0.0795310065892389,-0.007502268467619018
rna|FNTB,-0.09834933215344975,-6.525493433845587e-05,0.003387753747420817,-0.08221169721138868,0.6527113712758696,0.1000427961223109,-0.018244787564211933,0.0007138640904218638,-0.04774232718109274,0.025881630785836638,0.0011988185321610365,-0.0011611513078885372,-0.029405550058336127,0.15991191149561826,-0.0033520539986747495
rna|FAM183BP,0.2541234722554844,-9.838054724100547e-05,-0.0014869275836491699,0.007129254315595469,0.11919822033531108,0.007362642306297167,0.10766403017594502,0.0006872492922925114,-0.16663550909831407,0.05456350316193845,0.007309685824428546,-0.08442566766600064,0.024006396428429506,0.36264238008930705,0.002338184415321336
rna|TRIP13,-0.20676394668283105,0.0001003572395472278,-0.004366002735819582,-0.29569231845248023,0.24175141004164635,0.07608219148193236,-0.1599250595364409,-0.00017398160841848795,0.22045148328952655,-0.06400229698580699,-0.047156548681765706,-0.0016778481634529125,0.031160473847026825,0.41793124212186905,0.0024457065512200867
rna|NME5,0.19276513562084632,0.00032492443576885224,-0.00031970463177393907,-0.11883244745667217,0.24582786476117316,0.00371804000966134,0.11676952333041074,-0.001100411103523301,-0.08947231489627282,0.07425533911267986,-0.003444273590495529,0.06630122900495307,-0.03672888570492339,-0.022842428983795137,-0.07707604837863904
rna|STK33,0.15446984014711904,-0.00014977262443096416,0.0016530813499595744,-0.2452739387981786,-0.10630258257254055,0.015970052064789034,-0.013761483847201088,0.000739005612838345,0.009441050873247932,0.005060216770809068,-0.010089484396117511,-0.06737407581271017,0.02735540248996656,0.13489640715732953,0.005647749406781994
rna|DOCK1,-0.013270585054242728,0.00024087396015874665,0.00023806404636760525,0.0021742844896129425,0.29823580367172126,0.008468669041101103,0.006915072281497151,-0.0003883913688905871,-0.2891041812325706,0.007780861869658174,0.0027606340714296297,0.2786876250196037,0.0023486857948799822,0.01321363879609198,-0.1389058880074724
rna|PTPRT,0.24620127977521283,0.0001629030356973516,0.0036194842492911564,0.014525560216182691,-0.005629915618014389,-0.07915075785044672,0.28525411792667227,0.0006805948005075398,-0.15141960070606145,0.019315884694827062,-0.0029178348303402577,-0.21743798913786266,0.0006478918875310807,-0.11389668754912313,-0.07797480341895408
rna|HSD17B3,0.24067828184652204,6.978469904828723e-05,-0.005808072045912122,0.04054725864870079,0.3890884814896171,0.004114800769851046,0.021146900437931514,-0.001703907394522397,-0.23606902393818457,0.01043411548822922,0.10964235496792055,-0.0521213401586422,0.02359761109829848,-0.1184830415492898,-0.009373022547022644
rna|C17ORF97,0.07787142178264221,-2.46662675935943e-06,-0.002532830946809986,-0.008914611554777869,0.13804250280162164,-0.04166313095501723,-0.023153257301222342,-0.0001433823884528213,-0.14806726009540055,0.018283653512299533,0.006791806236251875,0.060711318696776366,0.016676257848762067,0.08785522097291704,-0.004985879077535703
rna|CPLANE2,0.0007536010106399783,-6.524789176606424e-05,4.852115887681143e-05,-0.0027015480046036185,0.5016913728378968,0.07764544088171423,-0.0030846122670814026,-0.0006391284450428691,-0.2238986087743881,-0.03196457517326463,0.002509599550412593,-0.14087038216769243,0.011238984511468464,-0.07965610690439287,0.0029986325217617005
rna|HULC,0.29944366624732915,-0.0001483479772377766,0.0017635673127766424,0.0028242281024150042,0.1672782503757356,-0.04587642417723011,0.03481761836727907,-0.00031756919881751033,-0.11965224171031884,0.061918793995404856,0.18257576106181791,0.00270468973964696,0.005358889781348043,0.0013318493463291426,0.009162243217436705
rna|SELP,-0.008533936566546512,-1.801635222796233e-05,0.009492621120463087,0.05039397162259398,0.5478848483288119,0.0017952817243365707,0.2748107368884192,0.010960954321794983,0.0005645270381829796,-0.07782575279863978,-0.03211905688742659,-0.00032746540398729027,-0.015089886629520035,0.14943046108860175,0.02079833055289971
rna|F3,-0.2512892416929735,0.00030470179093172164,-0.0014629576035850643,0.012383521861822086,0.28760323062524046,-0.03179730999733505,-0.07765154862756443,0.06501464473196994,0.18288385823738956,0.0073148282120869225,-0.008675589269050174,0.3644919073059854,-0.0323393495596643,0.005481277612036924,-0.18462762040657313
rna|OR5B12,0.4466772886015601,-9.254031029267058e-06,0.0014925813611675331,0.059667989113833454,0.005067233801457023,0.0018617139249286884,-0.007879554977868691,-0.00010103404314480761,0.0032076806210597675,0.013317532938464367,-0.0003761741547619254,-0.07336293425858416,-0.008589279888756872,0.11711364804876255,0.005225980555825391
rna|TMEM45B,0.06660443657344325,-0.00034738771232031786,-0.005844066728448515,-0.00023258171085545874,0.3365688545007433,-0.030550205395039286,0.1446034280380755,0.2990493125405702,-0.1496057605239895,0.09065771121470245,0.007348341465884331,-0.09229582446113986,0.03184664659279418,-0.011280173360770373,0.027896525000276534
rna|OXCT2,0.08822999354170057,-0.00030934785686794917,0.001958037726395624,-0.041602521202085886,0.26418067585602295,0.1872730398210967,-0.03380835796745132,0.009450001676814819,0.006422863834005331,-0.08480208644349665,0.009547349823539573,0.1476152830487479,0.026990424559777425,0.10758049996825049,-0.0149677175673737
rna|IGFBP3,-0.1382548331187371,0.00019535294972957527,0.0024138420336906174,-0.19937148685973938,0.49154756676690764,-0.12297462010790261,0.12101793311359421,-0.00018795094762053715,-0.12397417790761998,0.08394794577734516,-0.0007244728616440018,0.0020218144306488116,-0.03771655019674075,-0.04593163675852784,-0.15338308011527604
rna|CD93,-0.13229105888245496,0.00028636668553866146,-0.0020747936583544705,0.0033270751607873037,0.19752601919612567,0.03954816008025974,0.0966153086574643,-0.0005988327529787359,-0.13331382287263607,0.0025556494546641554,-0.007993444434355639,0.39663570554133715,0.019612168641517085,0.2923170569964582,-0.0016300757952347716
rna|PCDHGB7,-0.17135759077984397,-6.581596945755832e-08,0.0004512792117960525,-0.0010175776742147602,-0.001049099697165597,-0.4198060963325556,-0.01546294080575127,-0.08061066700291673,-0.1786389931544834,0.08658525936413258,0.0004448938824813093,0.022638221788398676,0.018173404187460298,0.3651301361221301,-0.012639520327645861
rna|MUC1,-0.04727487868098834,1.0840842237850861e-05,0.006034254258833426,0.1402897727521315,0.21349500929068924,0.22335735176911012,-0.1027685427218262,0.20834725427976375,-0.25801744046641867,0.00786979534044892,-0.02424055533902732,0.10094799849577778,-0.032318956634522146,-0.3439945371951463,-0.026083203939886886
rna|DUSP15,0.2145187392230521,-5.2337351273081e-05,-0.0006082158394990912,-0.08553512738145207,-0.25411513546677933,0.02600053200679282,0.03063394599565069,0.0015918120383193143,-0.010076245581998818,0.08272576129442014,-0.0012489397047862189,-0.05075326963490763,-0.034538481877392585,0.28386976019169285,-0.0690449718511497
rna|OR2AE1,0.2988355855212735,-8.700369606642059e-05,-0.0008001125526052697,0.017580143199746098,0.06733404408451853,-0.02494852452888448,0.014842889374352608,0.001015735053048366,-0.17210135593798978,0.009692228260714298,0.007125592226991734,-0.011188127633802968,0.003895613578673484,0.0707589394027427,0.019769724421410208
rna|DAZ3,0.3631425830456207,0.00013108710258320156,0.003378549259246039,0.0047574013258673145,-0.011972991468616937,0.004461170159002181,-0.008348407064392606,-0.0014587589902928064,-0.0708621302132675,-0.010404106920047815,-0.007225591536563752,0.020247997849626,0.025724802191563437,-0.09886681794850005,0.08014207750961629
rna|MPL,0.1418139424020624,6.667282318870061e-06,-0.0030671688888837746,-0.0058454603968139986,0.25410393040969964,-0.01326275990297623,0.1884153065972757,0.0963357173317593,-0.10967430433518532,0.037693851302297895,0.018537016438176523,0.15519182215026256,0.038684502968331584,-0.12590747939318958,0.0948924256442185
rna|TM6SF1,-0.23156837033397662,3.152806039865114e-06,-0.0031684579576955643,0.030525634464309257,0.19649496400070668,-0.002907244281693511,0.0025278985962413404,-0.06962939595912147,-0.13318139001829635,0.005640433963951516,-0.0010747205268588542,0.21439532939160136,0.031414194796507894,0.40535510398067576,-0.10437101317624627
rna|APBA2,0.2788129937949703,5.144126175592973e-06,0.0012316855533637222,0.12774887436482216,-0.0203215421077772,-0.0029741362744733816,0.14268917185659488,-0.001635249671398889,-0.22031170248364584,-0.02294228809939645,-0.0029763974970282493,0.02724305345599844,-0.01483765380793422,0.015581322103551504,-0.12125636410822845
rna|ATP2A1,0.3008257641991054,-0.000282303279862773,-0.0015907384797123757,-0.046931964506808914,0.09243977881912874,-0.06936970996892902,-0.15713051895879293,0.17834559065612268,-0.11709051104438387,0.016458865408844538,-0.0006568288629768412,-0.016760454828155035,0.02252925391842055,0.0368579011065598,0.07324135312077074
rna|PTPRR,0.03838815862113738,2.7659025488409784e-05,-0.0041170380814285175,-0.04573452751898322,-0.19642060424774166,0.16558961337804406,-0.007589070638817357,-0.0029324252205989295,-0.05632540716140514,0.025648534745738093,-0.007132400066277639,0.05351110201067634,0.0057876528243295325,0.04505616073726135,-0.01255102684173993
rna|HSD3B7,0.20140031915638695,5.8600003458864185e-05,-0.0002968523305500456,0.10643363108645346,0.02083992745190073,0.12877606300559633,-0.009617152322125769,0.00047327931719264466,-0.4126145776335582,0.012437775460874052,0.0034262729398055755,0.005985470120331433,-0.013900980853856389,-0.08541388023614815,-0.0006983225900414493
rna|TMEM144,-0.10786100544866715,-2.1102909300121905e-05,-0.021335506951997502,0.25648111888910424,0.3838219694952834,0.14668347559452924,-0.15225696327412278,-0.00028544422241910124,0.40406848887699415,0.002845044991682663,0.0003536733269205213,0.21764311523266042,0.030551485739763146,-0.192369980962918,0.0018157971004650584
rna|BEST4,0.03338999576448467,-7.986497052328128e-05,0.0005538294390092718,-0.08018434668119091,0.026617147696334754,-0.00466155033170655,-0.027370782260798834,0.06294048069734554,-0.20271844005422568,-0.08311102888132761,-0.005086207412618048,-0.13856968695138,-0.012107547466978362,0.11398633861531134,0.005311229489481513
rna|ADSS1,0.36236989613047044,-5.249297346693891e-05,0.0009912473013440348,0.0960596224576962,-0.011443630883047388,-0.0003044096943907675,0.0023022326062038766,0.006492337480427891,-0.2240450633778432,0.039744354377013576,0.008553120255692881,0.00047870086615589384,-0.0007313238632183104,0.0264866455232467,0.08273066298438651
rna|SDSL,0.06240574417206151,-6.277287289547461e-05,0.0019682151895748703,0.131233047684517,0.5355443221190685,0.16497559442889967,-0.0646812955408277,-0.12245910709982737,-0.270989146689375,-0.11289956573168773,0.001462164404676293,0.00918150792866147,0.03151176969047527,-0.2939586585816936,-0.1143394601630526
rna|SLC25A53,0.19503154596434444,-0.00010360480539731822,-0.006898850380017069,0.12427248762948576,-0.0002100562610950186,0.030401419049197447,0.18552935908629103,-0.0013525089660197664,-0.013605358146343777,0.04457723172310644,-0.006967034665665708,-0.032760796001211616,0.024707819837854958,0.35710200149853827,0.04775829231196376
rna|RFLNB,0.09561923575512252,-8.400374032978371e-05,-0.00030081760301145494,0.08433635561150672,-0.0871768126359876,0.10472512207810511,0.11643061055032984,0.0037761082112762697,-0.49934668883838645,-0.004959590757465635,-0.031777049819435806,0.14558730185853916,0.03482251241430279,-0.20661366449237473,-0.016341838495146754
rna|SNX10,-0.22396263246199383,5.6588337836624176e-05,-5.638644584914593e-05,0.31304136929252585,0.08099843779534219,0.12501816527772122,-0.31677332356739096,-0.001983545022576474,0.4118256450644326,0.07012565980429865,0.0014471922665837088,4.144658904638205e-05,-0.056987380579409615,0.009912247503006814,-0.004988855296184906
rna|XKR3,0.26395885149672393,6.905465881915454e-05,-0.0011016823942084095,-0.015379699020459865,0.08018101961672527,-0.04521202613410615,-0.0507624775912148,-0.0016050642771254365,-0.07883612516481932,0.014136131740418336,-0.050083842757276516,-0.0023831361156706663,0.06174794907578128,-0.1820443050382806,-0.002993696741956844
rna|KIAA0319,0.3677284099641888,3.614666337350162e-05,0.0013411264469650117,-0.04052430674908137,-0.002025669298143711,-0.027470617167496155,-0.06812409448874061,0.0004463635546374594,0.10007258875443129,0.02067055575606697,-0.0025888887813820274,-0.025672255647727966,-0.010434763749642514,-0.16481088008822442,-0.011899861133537184
rna|CINP,-0.09642029068614953,-9.629165940006899e-05,0.0008663419854568835,-0.18989249286449433,-0.20804065042735498,0.09534470268855981,-0.024294563856873664,-0.001905345930470273,-0.2869761701711822,0.0027367544314733988,-0.0010483922440257172,-0.005743485868809927,-0.015195104698434872,0.3192701232252793,-0.027441272855554276
rna|SNORA56,0.004307708771324049,-7.996676252800692e-05,-0.003851820070594525,-0.20882300938892806,-0.30950778762479897,0.004004507389047557,-0.2010328328871945,0.0003232586850580738,-0.2085965030789162,-0.00607110596426304,-0.00031825967868296534,0.13708775638583579,0.013585318768020709,0.3888356585832973,0.007126724101911317
rna|SNORD3C,0.07009710232617358,-0.00013113533500416576,0.00663504548221414,0.005031463946942485,-0.15910353739031718,0.007616791071726318,-0.04092537371656263,-0.004608230024026976,-0.005492331676266005,-0.002182595840306154,0.003932996187302975,-0.000680015824874571,-0.009578462015553478,0.08273875615834056,0.0008180607004590956
rna|DNAJC5B,-0.19967177157019325,-0.00012402931263644112,-0.0032124457425233128,0.015722816785696522,0.13115839590995754,-0.19895807599033585,-0.1823468410977747,-0.1396686147009786,0.049012080133470574,-0.004644771896730906,-0.002131333867994757,0.011911063007642124,-0.02954510490822677,-0.0478764319919489,-0.2787383252807949
rna|HSD17B6,0.13446276522202105,0.0001562956282323246,0.0018441930468018162,-0.17860845091109043,0.015785498000036688,-0.027581973735138456,-0.14594286616035454,-0.16998038878379879,-0.0988337404526214,0.08068856435463863,0.16476925273116608,0.2387155727705935,-0.010820220047732419,0.23395902869375274,0.0033600768191591906
rna|PRDM15,0.017313472250625794,-7.0824858309388505e-06,0.0017069846429304718,-0.2138510508993113,-0.23565334811857222,0.01982691861559002,0.034721893681701865,0.001032018089506282,0.14107207451080814,0.003502308686998886,0.013241273210419353,-0.12240407747758886,-0.013979027926475571,0.3806745195531529,-0.030195430199450153
rna|NMRK1,-0.08983488714280395,-5.265204958092795e-05,0.003957721105083307,0.0022140486623200856,0.6520922261342239,0.05823642962725058,0.1209067724720885,-0.0005691612928409673,0.13717849443431568,0.003136112360034419,7.133520410197282e-05,0.0018859242907313812,-0.01112034198769302,0.2813926153080449,-0.001925865026456063
rna|SFTA3,0.49606620457463757,2.0894334361726627e-05,0.0007952086993742578,-0.001559608818444853,-0.004310770587451853,0.0036478085856814567,0.0248658539199166,-0.0004935151192787501,0.014945525429797456,-0.010067488138080317,0.005568417421528695,-0.0020280261446715755,0.010903144773484206,-0.06257287326670401,0.00260961064078755
rna|CTAG1A,0.23601286793235046,-0.0001076267790196157,-0.0010628588072746014,-0.008282321512260073,-0.0836519278107517,0.00998295707601442,-0.09531407300501055,-0.019069990464594573,-0.031797557396698053,-0.04458596174149305,-0.00038145970051767144,0.1073207877172806,-0.02358369825862323,-0.033361083407014866,0.061715977757426994
rna|COL7A1,0.15798847873107616,8.067181781065684e-05,0.0006880941648467385,0.007135935735976036,0.12533427245059947,0.0014217348845296431,-0.08377372585879804,0.31269671701978097,-0.10792618026698556,0.027540970014324418,0.003018143678142878,0.14408489803724142,0.036267349440160315,-0.18423685286907482,-0.18699944928845666
rna|PPY,0.28805236756727853,8.712642840489271e-07,-0.002265456079430084,0.14793185201365783,0.16592900308426417,0.0016406288076340886,0.11253677389952828,-6.405893882636709e-05,0.016691998269062557,0.005567015433495647,-0.006011561712843111,-0.1771101384540814,0.010947917408942317,-0.15372800284195762,-0.08321116007968671
rna|FBXO24,0.4273081938587131,2.2954963331506746e-05,0.0005670284603806509,-0.00861036578932686,-0.10640380933293304,0.012030866913066958,0.001255943389062876,5.675800296642226e-05,-0.13259114155679583,0.02331204254031834,0.0020995937811735944,-0.08400315682107698,0.007952822885459109,0.005160965109951441,0.00013837876308799108
rna|SLC1A4,-0.005388918603428448,3.388843105320882e-05,0.0030746531038508213,-0.1343202505408621,0.2664047298616659,-0.13751056983079646,-0.1609019879107264,0.0003211508916984389,-0.227216509450605,-0.09066135662835789,-0.004062809991713993,-0.2111678711448197,-0.01015598217113909,-0.07550327872230651,-0.023304913896210904
rna|AHRR,0.357065054237809,7.224153814840787e-06,-0.000347451428373374,-0.055327386193239604,-0.0384090749948099,0.00032931138975896376,0.005619808113912512,0.14304724786205358,-0.0047183306478443075,0.06013504624745453,0.0077340772957608436,0.0071336589890625985,-0.030802775934268507,-0.0999921289544517,0.0026343271491343417
rna|SPIN4,-0.12012589523972338,-1.802522550853038e-05,0.002576194046146357,-0.1109016700986442,0.23987246710567436,-0.0020075956827278743,0.0078486718009518,0.0003496741769524978,0.6469299585785716,-0.0034716068776881534,0.007143337060659259,0.1266279845134295,0.04381987739085056,0.26560458299341627,0.0020004609818819784
rna|EMILIN2,-0.14638861966804692,-2.0068910677675496e-06,0.002149830128467023,-0.0006253095051128,0.42099645144708203,0.24511509979526291,-0.11498126263074868,-0.00017461942326003484,0.028830918457861628,-0.0013055387674517326,-0.0016282029629812117,0.008284444946140281,-0.03337438039586854,-0.07079456644109487,-0.1466078582443108
rna|OPCML,0.4302568926907179,-1.8932237741426095e-05,0.002286255514575301,0.0035107243183518915,-0.030946496419988725,-0.013334938871515172,0.0019965119099078625,-0.0006169717255735097,-0.076399033140957,-0.0008138546442011125,-0.002463604883097028,0.00034062904889250675,-0.010358321887510152,-0.008886559517640868,0.004975373351884036
rna|CHST10,0.10712217590219275,8.73071413261981e-06,0.0014673277593522818,-0.21516560904013582,0.34702890204776304,-0.021479271203282788,-0.026494714278874426,-0.0005534713422924512,-0.1618722349406908,0.06890810725513549,-0.01519265182833181,-0.16597639503236353,0.00641780586683223,0.15499610635265978,-0.0035670690767326627
rna|SLCO2A1,-0.2206758481595618,7.771382827468864e-05,-0.0001730946978485155,0.0030808275542233547,0.39814962692447825,0.003660567197846396,0.268309434087762,0.0001555871604005004,0.3154907019172102,-0.004408356690121976,-0.0769667552663936,0.05343429387843154,-0.027466913064343686,-0.2201317916250735,-0.14831808504470628
rna|MYEOV,-0.049273480949022584,3.12261488839612e-05,-0.0014248433197298588,0.010879561125871408,0.0002870261010918366,-0.1988516417405474,-0.24740137500354642,0.0057851537284980496,0.029564754044131527,0.025625801498973682,-0.025996009260559384,0.005312231636100934,0.0004188593145401812,-0.10802159364691442,-0.004122025162094971
rna|BZW1,-0.2058835420112745,-6.392939979375853e-05,-0.0007195159407233503,-0.00020115069119237038,-0.010940480653039455,0.04386512182283575,-0.0025997650530334426,0.00020184321310215436,0.6848883417023826,-0.01126570299623381,-0.00045721392572126607,0.0007522394949486205,-0.005317014770479363,-0.366872044428261,-0.044979059325290865
rna|ACE,0.18890460702071002,-8.133955162937359e-06,-0.0012815145471290704,0.16872120755525052,-0.19510983150715955,0.2239872348688751,-0.06020998860397259,0.0014870730533631808,-0.24472578480930615,-0.0430501868281199,-0.002689944688494228,0.08244676958004761,-0.003033085986054197,-0.0649949239885064,0.005520090634741675
rna|BTN1A1,0.32356711039790853,-5.262355773611754e-05,0.008986045478939353,-0.08338804964364227,-0.08347892709971752,-0.005470839919537449,0.0014758013550936178,0.00033902441726038277,-0.031972842229196774,0.03682820522330629,0.005880764829516554,-0.1440743663477736,-0.009705354921389495,0.08124606082981845,0.0043296829939892196
rna|KLK3,0.5381924656603729,-0.0002129413421678907,-0.008654614387824989,0.0007517595353001692,-0.009566954688962964,0.0026732799205653854,-0.046291569205881074,0.005491132197083176,-0.010886164857017369,0.000674778938207052,-0.0010240329236592327,0.032094272192272684,0.02141183361021626,-0.031077788118516057,0.010364269649843357
rna|SYTL3,0.03812825786895852,3.0537485261719455e-05,0.0009535287773989368,0.24428798736470575,0.20253135710633252,0.13777622141080947,-0.014436187621829001,0.0020438500377078844,-0.315947561216569,0.023695312617636858,-0.037576310891092535,-0.08508510949241264,-0.029770193836879368,0.06327319342741831,0.0013141904166892064
rna|LMNB2,-0.15395668520760644,-9.691692490335085e-06,0.005303301841491737,-0.18939657010378713,0.5850098911671522,0.006757297852157791,-0.1645379152607801,-4.944486325732213e-05,0.053309096100160894,-0.0143858848002575,-0.014504174826233866,-0.11390261859234634,0.016067209077413783,0.3833534255933055,-0.014253242180838345
rna|HSF5,-0.026110131170210844,-3.3418376763771295e-05,0.0012865664382048698,0.06446199284581236,0.21090822956285565,0.021456578799242596,0.19070531576365557,0.001842458753775385,0.11910618736467901,-0.02137813631959099,-0.006766701788017826,-0.13927985079430835,0.03650206786220923,0.07700152602030473,0.09431833110526622
rna|SLC52A3,0.41595143521810907,2.1826101346326002e-05,0.0007731213008099004,-0.0051477289183989505,-0.014655824040262336,0.011728586207806237,0.0020077880655686555,0.022264679337360805,0.02919522684117468,-0.01800581966638341,-0.01606927133514682,0.08529961881984743,-0.007209789247365684,0.1253740967816189,0.0020808098122040196
rna|CHAF1B,-0.13670158899993076,8.969722776209761e-06,0.00017539270642311327,-0.22071921438174005,0.4178911007781727,0.1177903479556683,-0.12438839236505528,6.682362934305734e-05,0.1465143041387005,-0.06045326375091971,-0.00044427494392856344,-0.06961789050727057,0.005244495017791623,0.4627832886974042,-0.04067120465162995
rna|CHRNA4,0.48112226912813827,0.00010900725228472479,0.003359917453507153,0.02596972874959327,0.0042646181650179546,0.0013836143392981768,-0.002702756146895923,0.0005890230787406985,0.014270180881691954,0.004340334526764285,0.12348154394129161,0.005486329811420426,-0.0013631337714579085,0.17242005093318824,0.012611923435975449
rna|FRK,-0.001930379248358879,-4.8059983113732073e-05,-0.00278379821852502,-0.22439530373377992,-0.014567193553613996,0.014842743066959953,-0.18447609434838685,0.09680811622786126,0.0700677015470667,-0.017940944895641717,0.025310069816652722,0.008402504624447386,-0.018165743902039955,-0.011636865535769998,0.056354221220329306
rna|ZNF667,0.16927494317956776,-2.1373145225931145e-05,0.0008508459705609678,0.016182335322801677,-0.0036516769718117075,-0.08654478961827254,0.1909956496388794,0.0008151836247589254,-0.054872119359494806,0.023368865690454675,0.015620327326838093,0.2086897716988202,0.07068918158431327,0.2973649552161966,-0.05626404688615469
rna|S1PR2,0.009452978179812544,0.00016794539842082654,0.004543457558250126,0.17672852494448443,-0.24528348216008858,-0.40289013905960974,-0.2588947957666865,-0.010601767716511891,-0.2551611111838756,-0.02562426364236003,0.0014217893449117263,0.053568478007407494,0.017732053429691703,-0.01947434021187495,-0.03839987357262159
rna|GALNT9,0.1472244511322597,-6.383214267343357e-05,-0.0023842290911068936,0.006268465633328479,0.03841667081197428,-0.03809654908039437,0.01229899347612576,0.00011182376737006647,-0.028433128666362106,-0.04298133250804779,0.00025931900871250466,-0.004295416085625744,0.03540386063058083,-0.11754449317225422,0.03710974062755641
rna|HAND2-AS1,0.34202126000424465,-3.2034914445128355e-05,0.0005418325546571752,-0.011651715270595447,0.022843115719762337,-0.005631353266420399,0.02263006225870344,0.0013294858440895457,-0.16773018768885165,-0.04224102418806889,0.047780006215589456,0.1431012233947891,-0.0007498375274751099,-0.03787822641779712,-0.0060392589821726605
rna|MAPK15,0.003584117659765475,-3.6112498089329726e-05,0.004168346725591509,-0.058257284324789924,0.018817618310767677,0.1525496846682582,0.003126347444555637,0.0055054071691300185,-0.1846219911658766,-0.012273802033580222,0.00012059082170983865,-0.07601497618228557,-0.00821729207060165,0.005943765845294745,-0.05276217347968886
rna|ARHGEF37,-0.13370193700722827,4.089026646839371e-05,-0.0004661570636716855,-0.0024109613110875126,0.040688297145587596,-0.23866297731420244,0.023636469085425323,0.15759200617464034,0.1727555321736881,0.02467013893142486,-0.006578911312144804,0.03469008003940252,-0.031300946359413606,-0.23774298073494143,-0.000757757772258621
rna|IL18R1,-0.12583525556656072,9.647891773946105e-05,0.0027244474266612303,0.17528280656753117,0.10178537393119877,-0.0076408796796324716,0.18848302024406782,0.0008325573772878833,0.054375123634615344,0.07452538781730153,0.00014404224236034725,0.061495062651534003,-0.008692180048205794,0.28277550991538747,-0.03240812902314806
rna|CD244,-0.002368744592011341,8.311506446973235e-05,-0.007931229233845885,0.28705376333331845,0.34414606372813505,0.2864305443473155,-0.001310446612297203,-0.0008865799152631674,-0.23712963046818392,-0.08161299886900576,0.001947139040099303,-0.06393333571249876,0.00449928639133982,0.012507176350058095,0.07372106700555353
rna|KIF4A,-0.00426006275149021,0.00019707865429085787,-0.001954071822643512,-0.21793119911850828,-0.2013834240883637,-0.00014427764788728234,-0.2870955419200949,-0.032254595852120115,-0.15989696831338324,-0.05075859334634639,-0.007747768316499956,-0.034238425867324035,0.018832650785994512,0.20397416271368082,-0.019527363824231998
rna|ZFP3,-0.1356839689551238,1.9923716017913943e-06,-0.0018926858935460597,0.14147730397119573,0.40050995915383014,-0.09257337760136314,0.08063133158012782,0.001167130445292274,-0.02851255985347497,0.011276574659518358,-0.003058866468746457,-0.0012085663724433634,0.010794764030244037,0.5917487240797947,0.0040184516401290775
rna|FSTL1,-0.19193236649432976,0.0006642759818526888,0.0035774246438190866,-0.0035554924563843287,0.13455915557006418,-0.14444400692003032,-0.007007072399341737,-0.0014901673654776962,-0.1690397710277153,0.02130760229998873,-0.026333499998992375,0.37866541780483526,-0.03916561175538873,-0.17268590145367585,-0.18533527747582587
rna|GSTM1,-0.04902040097069709,-0.00010831652211028411,-0.0022814443229633888,0.0044558053582701715,-0.26114549934601505,0.039174889503063075,0.13421666567451024,9.025912904796551e-05,0.1300404469152968,-0.02331619012989795,0.01873601704312509,0.0289353554663632,0.01544941610390331,-0.0803493541530553,-0.0062991209645899835
rna|MLLT11,0.017430976751471094,0.0001098315548132253,-0.003551038162631329,-0.10880644230760758,0.13742237972136395,0.011058011411802088,-0.07307553383333933,-4.720992518242982e-05,0.02166838554711764,0.005896682421197213,-0.01213526475923513,0.2009354773342249,-0.015878076634856894,0.3087317986514445,0.0009084166027290458
rna|SLC22A11,0.450462217213648,2.4128227115500966e-06,3.079667390522465e-05,0.007466919879679469,0.03254736596161175,-0.0009925011614511418,-0.0183191423894021,6.677651958906842e-05,0.00011896734049731056,0.0428502121425788,-0.004350071016972317,0.042530597634973896,-0.009578191557540803,0.050338008003473135,0.05566911003818446
rna|ABCB4,-0.016340424897690515,-0.00012018911035069473,0.00283613610459671,0.03446313402337993,0.09760541186024499,-0.2411144452611883,0.00834083519228898,0.00021325427937698556,0.01729446329010244,0.035166472222173936,0.11595250392701563,-0.2234871855961704,-0.05556568712989856,-0.026465928301478283,-0.002101378145630216
rna|ST3GAL4,-0.014133190177094994,0.00022507925506206887,0.002313988819455986,0.005439216345727691,0.5294541095940616,0.00011541902772438584,-0.009412786818406137,0.002174202070669613,-0.26178092026371647,0.015319845389161089,0.0016257707536042301,0.009456671649965338,-0.010360589482077734,0.12411023155674052,-0.02670799121127818
rna|GSTA5,0.4536655303858172,-2.87326612696797e-05,-0.009598990306252081,-0.008625620959949112,0.04612008453831054,-0.020084373369187437,-0.0030684721262503175,-2.163483374231116e-06,0.008898668632048553,-0.00856548294711413,-5.869609989730681e-06,-0.009913699145353666,0.043346357791863535,-0.1694895342728029,0.0002612658452314764
rna|LCA5L,0.3564744239468651,0.00015751840058991773,-0.001507032123808194,-0.017806609159882737,0.11450493302551817,-0.0044550789207763375,-0.02360486922761851,0.0008692758000777174,-0.2335026998108623,0.06187273272177567,-0.004975284755466951,-0.11724783531620295,0.011374911431059048,-0.09983006394001274,-0.018853849535454426
rna|KRT19,0.21772324267637805,1.3709597283948409e-05,-0.0016149396671693767,-0.045019545834108644,-0.09719163056626308,0.0006591281782152626,0.005991394748300111,0.4021936648895072,-0.15637516200643378,0.009341590304194541,-0.0008416125613302038,0.0004594673730400245,2.2194428264081277e-05,-0.13066855671400227,-0.010959799422994417
rna|PYGM,0.16653013723734517,-4.4240978570580914e-05,-0.004415136880562545,0.010848380031360221,0.3291187500258532,-0.0012724481808790546,0.017320402687428085,0.0008091881779353213,-0.2204789464543379,0.058366470079448944,-0.03294429784469769,-0.10032167696197922,-0.021931002836624677,0.1356233006917056,0.030505184810546405
rna|CD3E,-0.10368618129130615,-5.234316887160747e-06,0.008526011679552966,0.45642558197813915,0.008114211650533878,0.07711130742603332,0.30783425216963956,-0.0014427499962398295,0.12425118177291823,-0.12216359231669076,-0.013702100452141328,-0.10538172956627205,-0.017675395577630038,-0.17504158343758944,-0.02484497455526201
rna|BTBD11,-0.004700461496304612,-4.632864281190658e-06,0.005030094777008538,0.336551025935933,0.24842795506251852,0.11193894314760142,0.26788875516192445,0.005710717628699095,0.05866133446401949,0.052750073115931,-0.010219076026951934,-0.0030931724643433202,0.03355466405305534,-0.14880365022938724,-0.006316049227815592
rna|LOC731823,0.43233882816853103,-2.304507504036009e-07,0.0016816101106721007,0.009474021090216736,-0.10717457319022407,0.013371076411518478,0.04419787987097078,-0.05963696208548477,0.022739681189912413,0.011992634857241996,-0.0031538585165923573,0.002420476383846229,-0.0040028859052756854,-0.013922207716928387,-0.01838316621871776
rna|VHLL,0.3526955222193561,0.00010012461289988078,0.0018605147042129594,-0.010806938328036857,0.01157368613313567,-0.012047864347616821,-0.006310213119805188,0.0014063421609565062,-0.015719185655589208,0.00461957495532419,-0.0032905202702101584,-0.016798611499080216,0.015148503120451268,0.007034407560376393,0.013325472810256127
rna|ACAN,0.41664733062895654,0.000146520842998366,0.00853428751636086,-0.01988894332079382,-0.0067710465515113125,0.026894648800840342,0.008365299246491455,0.0029261823769384052,-0.02720758054884111,0.002092510267931992,0.0008360112467233551,0.07086955133998855,0.018405512954427987,-0.07138201363998391,0.000764356732605054
rna|GABRA3,0.3958208728186663,-9.671390725415542e-05,-0.0031887346235346006,-0.045794532518340425,0.04805527211798817,0.012669359233161336,-0.004270449894814211,0.0007896885826253249,-0.042665798505226275,-0.021272566618134602,5.696200337298649e-05,0.003061093066714192,0.017187327237341465,-0.00543293980127981,0.006852351249851294
rna|RCVRN,0.0078093100658411475,-1.3998109303060955e-05,0.0028154536056703336,0.17805807442718538,0.2763700674167844,0.0009266293637303011,0.12095483716897806,0.0002986452417173036,-0.07224635758691964,-0.01361284188757911,0.0018667015155696635,0.005111992596002799,-0.014757205556644275,-0.2128682928892816,-0.012454522571900349
rna|ARL3,0.13439972745794776,9.516871615275557e-05,-0.0009709998341605734,-0.01774724491933704,-0.09516328880672609,0.05811108425216252,0.05186300339474688,0.001271178212694645,-0.17837346088522374,0.037926217533556746,-0.010119093220741733,0.1425916214363254,0.04240053371292144,0.45985790406321436,0.053367188319269475
rna|CAMK2N2,0.19479397631962736,1.4457240510748337e-05,-0.004400850667799522,-0.024599117525169724,0.1401517838950757,0.03231174294798264,-0.08646734357334501,-0.10258313444342337,-0.0889828992245779,0.027690394690578424,-2.2302269080668643e-05,-0.005390071814068189,0.004689707973440155,0.0916881739022471,-0.0071765652054029995
rna|SLC13A5,0.19751861783836844,3.869889392432435e-05,0.0026754701420182016,-0.0035624264298699387,0.06793404116219974,0.001379122160689292,0.10587326923126682,0.028138922019494413,-0.042333596715569424,0.0022207080401410164,0.2399674261851725,0.0019733796995560667,-0.021574772991000538,-0.2705431399524546,-0.008712194149069256
rna|AKR1C4,0.402500477955998,-1.529325416176268e-05,0.0025442466512742333,0.0027325789932574397,0.003014713290661098,0.0005073069033120812,-0.00420721713150753,-0.0012082381226789316,-0.009094971979154409,0.004405032977176839,0.2836454676695757,-0.002557459801533871,-0.011488676548490465,-0.16009277764917318,0.05842636217173854
rna|ZFHX3,-0.09150394005960344,8.052795304196776e-05,-0.008131731501981319,0.04560538704589601,0.4156079012451238,-0.18162811126823836,-0.18872151153595887,-0.001404050902453272,-0.273806141757134,-0.0307800889566793,-0.01967202757968824,0.0013101732876828966,0.00663561880978117,0.05262037053629704,0.06092693755700682
rna|RIMBP3,0.4082073276494995,-0.00012919028392719434,-0.005728758004926237,0.04420573148155788,0.027643045738082128,0.01221115874409217,-0.007743111534667365,-0.0004723463200712478,-0.17112407194953982,-0.015839235690060613,0.01212749348713844,-0.09640856818982138,0.04922850549828803,-0.05889831514333279,-0.0008722743354674389
rna|SRPX,0.004184672067899297,6.836329187172465e-05,-0.007035067174307984,-0.012306538898792803,0.2428200908271258,0.0010992467887335885,0.07901356300383881,-0.0015205201272748981,-0.026635014089619043,-0.029693927048389225,-0.05819339446610135,0.36531879963985925,0.0017229877222994612,-0.2963842756390328,0.005682199556521787
rna|SHANK2,0.2734118309626855,-3.553153628441978e-05,0.0025575294165626978,-0.0010992549532450712,0.09484529975150341,-0.12368331787214344,-0.05297328449319577,0.031207689519203375,-0.056702324378846564,-0.020802982366311017,0.13801077655124336,0.002605144896350162,0.021173464947033614,-0.12295796686422847,0.11589738514174099
rna|FAM71A,0.4446369464054651,2.2504406308009115e-05,-0.001499807442467943,0.007412488836263284,0.07464677413203354,0.003513563179474207,-0.009131787440903412,0.003773723897953065,-0.0399787683898446,-0.03541147915485042,-0.004308245470419065,0.007127577637347404,0.03430792781954651,-0.02853374654251055,-0.000955525586841293
rna|HOXC9,0.016231317805586475,0.00011856204362040631,0.007669914749174177,-0.0023242948751345067,-0.019132503187860774,-0.13426723648010455,0.15112743217892013,-0.09936234240838476,0.035894858664182266,0.0010635525939203911,-0.010784553321696777,0.008889077836615314,-0.028851562476397388,-0.05526071780809941,-0.07042607536093844
rna|PITPNM1,-0.19504446114352963,-0.00017228513246409015,0.0031943959181350086,-0.003888343696975181,0.5265602611542922,-0.0006591969009078963,0.008609650233372892,-0.009446173910609087,0.02868049534816728,0.023059015768088897,-0.010509429406338916,-0.2586524083744415,-0.010891015927603876,0.1347664513529067,-0.062295142261590664
rna|ST6GALNAC5,0.003749534411879082,4.8050429282616394e-05,-0.004286423802743527,0.049121229925193785,0.15614999738205668,-0.19752701251968252,0.028988791331535983,-0.17006509724423916,-0.04937081711103672,0.05165785993083982,0.0007780793853849992,0.16951230285753985,-0.030120141347057216,0.0006336466876736795,-0.259092905941549
rna|IGFN1,0.42886880648087916,-3.4766641759139055e-05,-0.0009266483506125974,-0.01031118338910404,-0.0031310975960684227,-0.004025372648403611,-0.024529607481927944,0.0005735367227598557,-0.0257082118443781,-0.0030595256955464824,0.00197941557686302,0.01876476909722155,0.0035612863475931646,-0.09154902204695198,0.01672782646698942
rna|SLC22A5,-0.15892853424984338,2.431214214730021e-05,0.0009269821376414262,-0.05811396529740274,0.3610772695266202,-0.016079052320240105,-0.007107788542973982,-0.0022580841737131954,-0.13739710895820567,0.06009490083746609,0.018432725045487815,-0.047143309800711915,-0.04358326954607682,0.3337714133583366,0.006033570991493528
rna|SUB1,-0.17491717524200395,2.0832857049396133e-05,-0.004492224486409666,0.028865784430454025,0.44625216738027024,0.15742313227435878,0.1354250871468503,-0.04949249154434797,0.4555378441795567,0.00187992703366898,0.0007668108775071364,0.0009498769425737459,-0.006585052820904581,0.15339700505888296,0.010766092090872379
rna|GPR82,-0.03809272819782185,-3.1843303082779346e-05,-0.0030918303426275932,0.010714849131279333,0.14103669870893334,-0.31343739826642725,-6.078889067038982e-05,-0.0007229568143736179,0.037832138294173506,-0.005986825781627268,0.025231943592686525,-0.001222168338259793,0.03513988077497146,0.09655720585844003,-0.21531021407987905
rna|PCDHGA6,0.00352301924436568,-0.0005811694952163892,-0.001503343214003685,-0.0013205826726095512,-0.1418739189963218,-0.49416610906089403,-0.13855819152953655,-0.00031009878982938036,-0.09232103435278136,-0.013069311164849613,0.005423447458318749,0.0007175764724485025,-0.019165283538980005,0.2484575007748623,-0.024786766082448838
rna|FAM184A,0.048584202729494666,-9.624592987587257e-06,0.002647939611233565,0.23817177929363215,0.27602897442931373,-0.025402113908467947,0.002466336395374787,-4.540457993768091e-05,-0.1928326038827115,-0.07231927452540783,0.018502038428756706,-0.10205023190542811,-0.008092152128754752,0.04615758634447884,0.022412474315095885
rna|ZNF330,-0.19336932201801227,-3.2939652855333377e-05,0.004545981181379321,-0.010192194517774467,0.28656118221443716,-0.0004634212535945813,0.0034440805211670977,-0.0009164217956200381,0.6437396876629607,0.048432056823901844,-0.0014750896186427453,-0.021753251775410338,-0.005493592692314192,-0.23287558794740473,0.05281640805081844
rna|SSPOP,0.09904628901226624,0.00026033304671618085,0.0013911849082051569,0.08868432071171219,0.18925780732855438,-0.05230287493367024,0.2004041838176899,-0.001211663622699861,-0.14419829678865836,0.04660251102878027,0.04935400121581017,-0.06524371221251893,0.010320326208992757,0.03147583515888334,-0.13644646605863073
rna|CEND1,0.03416295224893604,-4.948195553117158e-05,-0.00299345830916427,0.006487781899908568,-0.04180497655595359,0.09194608781849509,-0.06909842115600583,-0.003950143911300781,-0.14559899706513799,-0.019720661998258136,-0.002121133466013944,-0.0014073109398703215,0.04146777560786772,0.18627507458394185,0.003761413626744122
rna|COL6A2,-0.06663589286488934,6.341355451560894e-05,0.001428066938341318,-0.002086817122671224,-0.19350993192599766,-0.0033448223771482626,-0.10186279932318373,-0.0009067572432357008,-0.3855268119538174,-0.008224571575074871,-0.006610301730980132,0.4533335082962036,0.004434639596073126,0.15081864563382708,-0.18823876671864684
rna|CRB3,0.1289262537749743,-2.7175705010184485e-05,0.0014131056072665363,-0.17963067934411134,-0.040864812733143505,0.1937340527855762,-0.0010930678490120925,0.1383217992294223,-0.15051024858910134,0.01539568886210116,0.04761736090130199,-0.12942082494233612,-0.007971899058495492,0.06378274589250264,0.038391754056117285
rna|CALY,0.18011398189849434,-9.042216484254431e-06,-0.0006487512013088287,0.34413201345920613,-0.006075861048864019,0.002727204988255501,0.2684950744362066,0.06648757155087259,0.0019584428452522782,-0.006677608209533501,-0.00010415238769008728,0.06702252621474367,0.015137447522562526,-0.01490577359540742,0.0035504505438417565
rna|MAD2L1,-0.17225668712021536,-0.00010390575497442667,-0.0035328843850112256,-0.15454203534846497,-0.34449728513314026,0.0695597362531403,-0.1247583774878977,-0.00014599857168650238,0.5740007501172012,-0.08713955003035449,-0.0157361535581568,0.03424158662310317,0.024039185337540906,-0.03322813405409871,0.00024769039456917124
rna|SNORA40,-0.14700446530115888,-0.003174243572649454,0.0009661642926203237,-0.018153505367868118,-0.2302196639259303,-0.05638183133138183,-0.03548987279732005,0.0003958665873126658,0.5344063084431366,0.034082681611746365,0.002892946389237026,-0.02022112093662277,-0.036858693906812255,-0.4607543794660756,-0.0010148610970308906
rna|KIR3DL1,0.4362659177828403,-9.754190633985429e-05,-0.003361084235120865,0.08565676188674937,-0.14148626431562128,0.07289743332235735,-0.027105692458787262,0.0005080081174017791,0.06612543430815393,0.0077653284320804445,0.0015072633607033981,-0.05570289170686432,-0.012236244915078283,-0.13473542803509997,0.004777238005634937
rna|IQCA1,0.31657238726566644,6.784346030383593e-06,0.0010078819210283378,-0.0062560915211339945,0.023346054089808478,-0.04374195369931193,0.0445924957257414,2.5494155103223647e-05,-0.10570129867665375,0.06774435142338649,-0.001577016148843789,0.24508113608013213,-0.031761906743075184,0.02136957290132895,-0.02496835963993531
rna|LOC399898,0.48281771460978123,0.00012240588420387558,-0.0016656498045743166,0.005542520105493712,-0.07813946514040783,-0.0007736903558586698,-0.0006576810671271765,-7.69838214674458e-05,0.006541932112133642,0.030210571309909985,0.0001228868246742966,-0.002090951182220128,0.0008540537096037756,-0.08588088242979913,-0.009815058229271052
rna|PARP1,-0.13963053895492458,-0.00017792665213357386,-0.0015081964838599758,-0.1230162195164195,0.3305343188350191,-0.11141217069992304,-0.08618385996729251,-0.0007524404101960512,0.5569328182680235,-0.08690502956458804,0.0026874143793460216,-0.05900687790807844,-0.006285726545220798,0.04667902616514748,-0.005029201556158986
rna|CDKL2,0.1527774253099326,8.990159807149401e-05,0.001550278362256269,0.06237822006529382,0.014912629126880426,-0.00892224217209918,0.2319163722197007,-0.0008909223562201154,0.002644565656280939,-0.042431340440267064,-0.004471172130053414,-0.06661838044563972,0.01894679447719849,-0.13721017329398985,-0.09001631374816907
rna|CABLES2,-0.010778767876505864,7.317883959948149e-05,-0.003741504649473241,-0.03720865867219943,0.5872829585137735,-0.11208337171818389,-0.02206333822621357,0.00011725207775377086,0.0011688691786627744,0.06128341900813401,-0.0015888982859491615,-0.1556002653637221,0.006037391216844388,0.2244864690887822,0.0039406510619080315
rna|CLEC3B,0.1481792869091252,-6.37765046960613e-05,-0.0002392601414005149,-0.005220388937918159,-0.13572450432823693,0.07163386248878824,0.2619561005899624,0.0008107926614942931,-0.1379475485217611,-0.04546833350112814,0.0018835558131103276,-0.006356910030116321,0.023217020800063277,-0.5623855116941341,0.09426988324882116
rna|PCDHGA3,0.02216459700731978,-9.24180070299839e-05,0.002667340786258241,-0.009969974604508535,0.18733124657147782,-0.5232647053982001,-0.027992860726232336,-5.3803689307247566e-05,-0.02243886939024906,0.011292673248695302,0.04552148429106532,-0.0035628835007066382,0.01568749394148808,0.10537651071738617,-0.10431671530017232
rna|PTHLH,0.030198030966459254,-0.00021373587789927368,-0.00027211981774635097,-0.029333088041888968,0.026575624858958473,-0.11039130784055864,-0.2143013827492309,0.19266270333688298,-0.1940682319065722,-0.004014929493553543,-0.007564678495579066,-0.005223638674621639,-0.07776787595797836,-0.05212600668620528,0.1227801171720308
rna|AGMAT,-0.1465401051262744,-0.00013214099914947723,-0.00016128343479955963,-0.007675464181376688,0.07353911170000818,0.0024887996112190336,0.009590887041717688,0.0006053949637519541,0.22075454800736022,-0.008801936626972038,0.10307442901166236,-0.08007396571431691,-0.005600775452914461,0.332825787906434,0.04654978401242718
rna|LRIT1,0.4667275988836954,-7.74009930013672e-05,-0.008554159141836305,-0.05482677253154026,0.06912742016082295,0.036576858901940235,-0.00025045350577011484,0.0003283674762414353,-0.05015321333810114,-0.0603580565596286,0.001425190103311365,-0.002218777063109709,0.01261091254557327,-0.07180890731038068,0.0012809783087517437
rna|IL34,0.18188440173984166,-4.224155210463529e-05,-0.0014869539853582712,-0.0008740005603428485,-0.010852929847717829,-0.00583330646741394,0.14851347144358215,0.003981252292538032,-0.29381910848526754,0.05435605543903014,-0.005671416972378242,-0.0007066390524249801,0.017613297797276186,-0.01570633694872586,-0.030678684742233932
rna|ADGRA2,-0.0611321385356859,6.7019315421378e-05,0.0035218593443483628,0.006435754195003676,0.49684566953176845,-0.013908342974609307,0.1306271521690602,-0.0007483472111878427,-0.1535469790268645,-0.06342538253101301,-0.052919246439819934,0.16017649876216739,-0.06163000725894792,-0.20157587222627948,-0.19384577772236317
rna|RTL3,0.430775375454548,-1.664314374598931e-05,0.0010962050522097069,-0.0034121669775947104,-0.13966424760049156,-0.02101461750806617,-0.04970821719347046,0.00023538543771483013,-0.0737151827480102,-0.00538093567647107,-0.0013057349484846357,0.0970752699651603,-0.002806860580797659,0.027010570777244947,-0.06521496941120074
rna|RAET1E,0.39797190999004567,-3.5455060086561986e-05,-0.005392171094613378,-0.0009800611474796547,0.010808990739658625,-0.010868616743397364,0.006516625240043115,0.1624148994844855,-0.05643066940778952,0.0007667176459432019,0.0006997525150091474,-0.05015299250004868,0.03204916460007007,-0.2566561228478801,0.008270372222863425
rna|ECRG4,0.20667156431432632,0.00011613161808470644,-0.0020145099024429115,-0.003907344336339361,0.2858295566445416,-0.05468129983980464,0.24373742445483487,0.001270174227261352,-0.22415334944819232,0.045668908809716725,-0.08617396116706463,0.05618821427743223,-0.032518197423497076,-0.016200716766335707,0.03648209146393947
rna|LMX1B,0.46992191295818847,-7.944898051741916e-05,0.004050368384574929,-0.0001208108094614101,0.010143107267136842,-0.00034673544127586083,-0.014555048563447089,-0.0007241939329577487,-0.012124901090204207,-0.020430434333567473,0.002650939906890362,0.015286435136307223,0.015005317901815597,-0.09147562891832899,0.008008264573287975
rna|EFNB1,0.12591630368235007,-3.598321183001784e-05,-0.001526993846038141,-0.010346588919445674,0.34102435116541396,0.04103467230129871,-0.016259602214947832,0.00015701427005476173,-0.3046859014832312,0.00762720155067556,0.005633975873415986,0.1188816013235268,-0.0009702148238393705,-0.14833108404464834,-0.0745217692197262
rna|PHF21B,-0.14308232200110815,-3.87711394082766e-05,-0.0033316995739953057,-0.014146614118901458,0.002024864893693581,0.008062162590169028,-0.11956841850123534,0.0004526602728469725,-0.11183884344278407,-0.0038953180056910206,-0.010734178792893798,-0.031622253378561636,0.04704025817173489,0.11695376024440443,0.040637733874217805
rna|RUBCNL,-0.03739122443802546,8.271993424690872e-06,0.00014474125695547257,-0.1749453568067281,-0.020329151736561073,0.184611007360066,0.04571751602098267,0.06598975398115692,0.11827142059614124,0.03627113721865237,-0.006166987720247234,-0.192663838184967,-0.0283471369911685,0.347715431656601,0.0002303037372158775
rna|AMPD1,0.03419234318273702,3.124490453311527e-05,0.0010201044354641064,-0.03463152250356351,0.0702764134162233,0.05962004699428925,0.24083616254098342,0.023142343132159467,0.012054128376031028,0.0189118736559117,-0.05418367304649557,0.011410096583990045,-0.01092977296377186,-0.2679591055186027,0.11676822972081015
rna|ASPG,0.42187450989986486,-3.829650277305603e-05,-0.0007108051490513757,-0.005655601531159272,0.0011614593757452575,0.002059555359146775,0.0005877474811162159,0.21200370558580195,-0.07213191272036792,-0.04519298774207137,0.14572538284096878,-0.0002928597502954481,0.006159612784053311,-0.12419058239950535,0.00295988482615311
rna|CFAP94,0.2269902308999513,0.00010466834234902284,-0.0027007918514988156,-0.005219737627866547,0.29553573763121344,-0.17661516800218222,-0.09447524162175104,0.0013798771598476168,0.00047819733489969465,0.015150100921778133,-0.00428936156630624,-0.09093261122073408,-0.006539584498022296,-0.14393141865767936,0.07421861556852626
rna|SUPV3L1,-0.11448169565019131,0.00018448647698857292,0.0016543447780222205,-0.08263798925882271,0.4445910294144812,0.00555909117855472,-0.07348294169558092,-0.001279584610413452,-0.18196906134915064,0.031866807213697446,-0.008398132951547201,-0.20320039987339772,-0.021503925613723055,0.14432612746654527,0.0013443104543026981
rna|PGLYRP2,0.13027599379091603,-2.9850318614874874e-06,0.0025930751346674168,0.18965977620254576,0.17308174220047917,0.009133986847528218,0.2836365860438165,0.11641193964739106,-0.1456134628429617,0.004348982954721837,0.18427481943201365,0.020691019677005325,-0.005148765009420966,-0.15231733434740946,0.006409724080748423
rna|ADAMDEC1,-0.21115356472144384,5.422566932123064e-05,-0.0017455846472261497,0.26349815040587465,0.14217190218591175,0.007501388455902625,-0.1620913077149378,-0.0008754819041838211,0.21050704482685947,-0.12125209909632731,-0.005945145701565064,0.006869491816395631,0.006102506469632215,0.036080201437393496,-0.3780764364128146
rna|KRTCAP3,-0.200515034095533,-7.546133192320922e-05,0.002226917230448511,0.004219653759498412,0.27070944091479654,-0.018474130263385437,-0.005781999402889372,0.18339500045061996,-0.15026061203559013,0.018095684057109613,0.04106898386609104,-0.1520994012048284,-0.03895242836301206,-0.04470106373468619,0.04996654483901286
rna|RAB36,0.07065374789904887,2.3318186539413246e-05,0.002370306680487849,-0.08786891742090139,0.38692949530247456,-0.014938141108127374,0.009319273646393662,0.00013956625844530846,-0.12310501702654122,0.00711373389390959,-0.005931130276825199,-0.010005106662070514,-0.030724340514657108,-0.13843225799637926,-0.018631971106616792
rna|BMP3,0.03601235043850255,1.420658128422377e-05,-0.0013944335807189623,-0.12063474957107646,-0.034095891736638156,-0.1350507833110862,-0.008783249083214182,0.004846966450736323,0.021018080915279156,0.021904211651183413,0.0033207641673072344,-0.16845852762849267,0.02231037504104239,-0.0038372697835310503,0.10349970034196881
rna|FCRLA,-0.034140446400387055,-5.892099387604364e-05,0.0008286405516666561,-0.09801843200765588,0.12029168099249113,-0.22467204655922166,0.011393400757503246,0.012577650674304131,0.15918867487384267,-0.06205340466322671,-0.009284878952006052,-0.1480857334207363,-0.03415395151421399,0.30973379133857337,0.002683359822870276
rna|ZADH2,-0.14924395947015212,0.00013029039432831414,0.003430490212606596,0.015222236627080263,0.4070017069674264,-0.001850320479595095,0.13105548125107858,-0.002842770151365935,-0.13293071995435674,0.05356175265424875,0.00037262308941445884,-0.14614063555697865,-0.03931606250941561,0.25047924214301664,-0.004088092165772197
rna|BATF3,0.008667842160662057,-3.8693075409927526e-05,-0.004331031046305481,0.02411843844095431,0.4944949056298641,0.16899923854005217,0.05270324229753761,-0.003478288093697367,-0.00671164706995003,0.04597713357749305,-0.006769285322425455,0.013843247513733187,-0.016506540263007668,0.14432099653545427,-0.15960208187975097
rna|CFAP45,0.37983566010394765,5.9953784797992685e-05,-0.003999547454607277,-0.0038382249315882335,0.04289868928947163,0.0034151232855493185,-0.05422000442642171,0.029895505942753517,-0.2196940646022131,0.027012550743690883,0.004308099981466491,-0.004639553508829918,0.001697519326694357,-0.015569328801925844,0.003500568869120962
rna|DUSP9,0.405709346333062,-0.0004765753990695999,-0.009385573239047519,-0.0009064554662170087,-0.006285862248582478,0.0019330254950129444,-0.013469066037531424,0.0003257865469105481,-0.01903825947924149,0.0036789160141979245,0.0022060410499141273,-0.03429165358582705,-0.00799717141429409,0.04668216795634084,0.004433455920808748
rna|PRG4,0.09708228783136487,9.837014432931127e-05,-0.0017223455577000549,0.0183095936328539,-0.005153378729781046,0.0024733021243094878,0.1567933742588202,-0.0004575236353951138,-0.1392551244258253,0.042387266145280635,0.12658089736613354,0.1860606339858899,0.006989502545140773,-0.02353093343307256,-0.0011389450259483768
rna|STUM,0.24637454035701936,-0.00015884950333053824,-0.0007958825264541911,0.02419493352559002,0.05294504809673953,-0.009634883286129657,0.012897091702517986,-6.135368339461292e-05,-0.27222169192346224,-0.06739181306964402,-0.0009357499122006712,0.0005394969059700576,0.010060302858015508,-0.015878071752801374,0.16172568842174656
rna|ZNF775,0.06684788803057512,-0.00011253156610031476,0.00223125424442566,-0.007401556998878052,0.4576085618030974,-0.01380888965847411,-0.10038775067290587,-0.0004583731788415799,-0.1850988670536697,-0.012123435259856027,-0.004444356906634556,-0.18898323522774407,0.020384397661658504,-0.10068141002713038,0.005984633763810995
rna|BEX5,-0.022547667234945706,-2.4488030459268313e-05,0.0013471578037761245,0.022630132246997444,-0.01329696700954151,-0.15136905200621928,0.27740546826798346,0.0008261255112522408,0.004357748450095643,-0.027280627499817627,0.010539674842579014,0.008796478739251901,0.0005369348784531479,-0.09642159216104798,-0.06256262575955429
rna|PLAUR,0.0038827458711416215,-5.3284545479930316e-05,0.0023092664479707134,0.23372170999775066,0.09381713035835008,0.13976114380401627,-0.34089023150754166,0.00016879684790124664,-0.20738091031713138,0.09485827347961041,-0.0008481275438339168,0.3011248375165078,-0.006108803288589957,-0.042140847966854994,-0.2406783120181651
rna|RDH12,0.39464998981198157,4.705041369070015e-05,0.0015210902008327286,0.00886790169330485,0.049765578995337754,-0.001495531889676601,-0.037809138712576,0.2523636645735373,-0.005253695353933246,-0.016744732207212492,0.0736571835787144,-4.099353012096834e-05,0.009738650038354764,-0.07624585024586178,0.025131212911309618
rna|PRR20E,0.5189937138835192,6.995384555106253e-05,0.0017400982343070061,0.003628804615805311,0.007316566755613254,0.001152533147966189,-0.002880645643754502,-7.805933801075859e-05,0.027500638877130522,-0.019765027706097723,-0.0003721636709079612,0.0005833315290211528,0.0008914300468226421,-0.04227450697038173,-0.0026386936908135996
rna|SFTA1P,0.30568615814595945,6.93149904237453e-05,0.0005065711044653287,0.02825490649812336,0.1876269553661095,0.048094490424353514,-0.11830768919763351,-0.006829530011788876,-0.035834761752131516,0.0008153378782896338,4.518549316886283e-05,0.16107887488859185,-0.005854946887559319,0.054921987823332595,-0.010987368669479752
rna|MADCAM1,0.3473682697885929,-2.0951581547048178e-05,-0.0008829625004437914,0.0424966917106314,-0.0901682908040612,-0.04957050884098619,0.05270267754973948,-0.03860461717555155,-0.011783218638101865,-0.005885867573287897,0.008071371424884245,-0.0027731917212432664,0.005217624588599663,0.22051701429384027,-0.0985062196299855
rna|FPR1,-0.13277268882499071,-1.1043852051830183e-05,-0.0052244800107916585,0.21287162550204877,-0.10435805304015074,0.2503086885057296,-0.1136478402032321,-8.950186061026828e-06,-0.1519298278175079,0.11135922863908504,0.006708672651632851,0.19423361791479618,0.01393163817597097,0.23933271169772144,-0.2874282874771697
rna|SMAD6,-0.014403016692369904,-5.061141421864766e-05,-0.010479162033646515,0.006036643301469504,0.39515418034008853,-0.004169917298009118,0.020622695555783742,-0.001091698827822257,0.1944657206355476,-0.018440000160368734,0.048186189264737486,0.3120981599623236,0.02619498266168301,0.1277066901524678,-0.01215983713261319
rna|KCNK4,0.4341537609023815,0.000231486351107877,-0.0003578616345053485,0.0031910023332605026,-0.0032897886707953807,-0.053536525935300575,0.028285795245910243,0.0012737418207400602,-0.062251544429130605,-0.013294553915785361,-0.007612561020053007,0.03599303447309931,0.007064284687559682,0.1067830984668357,-0.0046489723780782114
rna|HOXB5,0.2719701277552914,-2.4137151699113597e-05,-0.002724105723592841,-0.006184092685491583,-0.028876915889834247,0.10740775555381601,0.05352233505306301,-0.13630257156398362,-0.08148491255707047,-0.002406537583075772,0.004657009548484763,0.2691477254377397,-0.0018078130545360611,-0.24263082239223427,-0.0010470134155175879
rna|SLC35F3,0.42630044365374953,-0.00010235317462803903,-0.0032576141733450218,0.006780306170346032,0.05488439448825005,-0.01029472305754745,0.02056941804842036,-3.759638992845996e-06,-0.045011492166665584,0.02908022639558707,0.00032484664560438907,-0.060751059282549584,-0.0024755668441837366,-0.06057992656070901,0.009702956402457495
rna|DEF8,-0.09967103856453487,0.00021032037693403727,0.0003771675580267068,-0.001165098292038974,0.5059673709912106,-0.12146371733539417,-0.08317248296416774,-0.0020933166257701558,0.0014786545056896941,-0.026344909934608814,-0.0031165159269515162,-0.07552596950473633,0.02813659019742698,-0.15602283104677805,-0.0013053175582676147
rna|ACSL6,0.18642641931405612,-0.00013013462053136036,-0.000946998264679722,0.280439668463531,-0.14547264005915542,0.05063630245325158,0.3429784555682479,-0.00036338150443677194,-0.1886414341794554,-0.030090490697324945,-0.0051794642785312085,-0.04718215623892048,-0.0014225901749917638,-0.0569057370669928,-0.006280413242175817
rna|ALOX12P2,0.1377328149112496,4.451032635320283e-05,0.0013992264860037261,0.22110303388711117,-0.021360793040359077,-0.05469842184758886,-0.1643613662043284,0.005782456519509318,-0.18911900273198629,-0.03241150540976962,0.06557799956948282,-0.023190380339005504,0.02008420527223993,0.3118162204031403,0.022557925748444518
rna|SARDH,0.003446116184245301,-0.000156984867560364,0.004116121266572522,0.265221657562577,0.041096411941098206,-0.21145618469007038,0.2127976424249787,-0.0009535961121323118,-0.2113847173412215,0.001357556818755561,0.15169223685430427,0.0023319218889479875,0.01410154159082425,0.1329162720028789,-0.0093067444589567
rna|SSPN,-0.1051395055204557,5.095126793204415e-05,-0.004964746573247408,0.021438436735778253,0.4911253808676945,-0.06442719553376168,0.17645951783296204,0.0002103707361726596,0.2520483178851917,0.003621788543549223,-0.005845949195607472,0.19560844108250924,-0.03494825698785061,-0.008704979965213588,-0.11584758160756671
rna|ATP5MC3,-0.20807443147554444,-2.6977805747281402e-05,-0.00823091966709284,-0.05674908116278454,0.43813501237285357,-0.0013671387001752337,-0.007225448550539234,-0.0148568460067437,0.12595677534661426,0.0014679688790608394,0.0014954739787218334,0.07632030840111728,0.035591495906638126,0.5296267891183839,0.07262481748886838
rna|UBLCP1,-0.13370952564604782,-1.2534299212535995e-05,0.0018342618653215577,-0.001333369220944653,0.45307549243285367,-0.007341798616562102,0.044792610183750234,1.6328911038891042e-05,0.5848425818137376,0.06842039275835154,0.00011968623876479299,0.00142914860892567,0.03194909531663224,0.04344271626331612,-0.000925356545574469
rna|MNDA,-0.10173699541557073,-4.398297785322265e-05,-0.0011541187483769498,0.1139411766730933,-0.009820611785970296,0.3324689097848464,0.003365084110983526,0.00031461185186053167,-0.11831458633235212,0.05052858926806591,-0.007916583936225564,0.16783373877027427,-0.021006413704616582,0.10804578767620218,-0.012522585641564986
rna|LMO7,0.01647260611420477,-3.499388863887445e-05,0.001756247132339462,-0.04200297011906727,0.2557318923691988,-0.2603295417630175,-0.12339487344251485,0.001496886206927093,-0.0075815995994944875,0.0004024222176041122,0.027403148340395415,-0.09843882351406025,-0.01100433970292099,-0.18629239244096604,0.02309492185502807
rna|SNTB1,-0.1435488039578502,-0.00010334737420733126,0.000698630592895652,0.21022669793245632,0.17600793518667174,0.23965908955884885,-0.13924620287093203,-0.0020859528714543244,0.38364261358166674,-0.03119628423263669,0.05590876982773538,0.20003542307865704,0.021227986224391475,0.0041178936187437586,-0.0015734319311194172
rna|KLK6,0.4146096230667399,-0.00010989138025811853,-0.003013634592354803,0.0006898878927754476,-0.015835277326423428,0.006246515625273915,-0.007480871392103163,0.34331297423465756,0.06634675183409053,-0.019821657298435456,-0.000900540616791087,-0.00414414619004656,0.020858694257295387,0.04388440678939435,-0.0002836301269417116
rna|CDC6,0.06709782877450791,0.0001357828151262396,-0.0032167530508119256,-0.30969583070386836,-0.0750816421182876,0.10229591541507821,-0.14857642225044462,5.204217352451986e-05,-0.10541618700215305,0.008932557631279781,-0.024232246994635224,-0.08614483905932344,0.041365358571589746,0.3060796542242507,0.012853932580367702
rna|ZNF341,0.03101614983434775,9.643405541769752e-05,-0.0013357201892678344,-0.1342292691380603,0.3743178482247449,-0.004383180468708384,-0.0252962214025556,-0.020194384712500024,-0.08993030708601454,0.0635461908159656,-0.015324010460166985,-0.21384154816227907,0.0007083991277977882,0.01579675511088074,-0.0022225820230644894
rna|NADSYN1,-0.2034952128369046,-0.00012219173874827624,-0.0002629439585071362,0.003824501123490398,0.3925797557740165,0.0010335378253760704,-0.0003914137740948482,-0.003777494272377087,-0.20140440733146972,0.0066788283786414345,-0.02956691906478086,-0.18693012588869612,-0.004059378266787305,0.07434885713680064,-0.09999478214093338
rna|NTRK2,-0.08921341688852136,1.5205502861316715e-06,0.003329668084642501,0.03477931720529627,0.10964535022214289,-0.1397373026426193,0.2587419801486658,0.005977915429448542,-0.13536538682716592,3.8587199732024954e-05,-0.03298268110492091,0.23248677776598914,-0.09917293909445747,-0.29981762481321506,0.12923986952418215
rna|UPK3B,0.3444174726052167,-9.613392703185204e-05,-0.002651488689041699,0.028560513594422743,-0.10749240552684117,0.00155294158700041,0.07445384019368405,0.022961755338818956,-0.1909733750010824,-0.005621757651583726,-0.0015411380959578756,-0.00046225751934997984,-0.005691464435513495,0.0753531972661091,-0.019631458419294416
rna|HYDIN,0.5099170760474803,3.014334673091134e-05,-0.005160832735314889,0.013302585841472403,-0.02204751240883452,-0.034472716934734034,0.00841328357726808,0.00019229504057768375,-0.0632717474487568,0.0013449074382311504,0.0005040144320621878,0.006059979079521284,0.024206589084996278,-0.18099622051904296,0.0005279701781993963
rna|PKIB,0.1388510500764684,7.852044695141587e-05,0.003911984771370203,0.01415107606411005,0.05913323520263354,-0.11372999167044498,0.014839362811429493,0.0007971988584708237,-0.2897601944125985,0.010057501790152499,0.002528496580737074,0.16529847185331514,0.001657070258638159,-0.0019002172180615554,0.11686737570631257
rna|H1-7,0.4476697004863108,1.649957298247281e-05,-0.007284639802029317,0.026245038402927145,-0.006702495784946184,0.006587082553019886,-0.03940282345329818,-0.0003681142943735803,0.015024520496131791,0.0274349480262317,-0.0034999372585149927,-0.011661642319529607,0.024327220355493083,0.002777163246720143,0.0018421027905226558
rna|RPS7,-0.0005847918719506765,2.7592336886070207e-06,-0.0012844011468376281,-0.19783207061643396,-0.39192973643520385,0.14672899609891515,-0.13453251897679322,-0.0045447647481785345,-0.29201189716926923,-0.012741388940470296,0.000793377871941953,-0.07499877298037405,0.005916331551923505,0.014213171562891537,-0.002978947945979632
rna|DEGS2,0.20941744068112214,2.9948902495688055e-06,-0.0014725984683647757,0.0007372222106694076,-0.002200014620428009,0.0028602563162226664,0.0705739547872574,0.15313395690732334,-0.04095383742894409,0.011380142769191482,-0.003234994241640282,-0.1718776513425239,-0.008534761508102152,-0.16695832096688049,0.009802620930030781
rna|MSH4,0.15261728468361768,-0.00011203180536182635,-0.002441312758927552,0.008992628006200706,0.10998936587965934,0.014336286031580018,-0.0015163231462581009,-0.03428808209756518,-0.1844057148569061,-0.023978650280976708,-0.004374098115886783,-0.032988522182006985,0.022452259247077014,0.12099240334822527,0.012466491488317235
rna|CEP55,-0.13211472540335442,0.00022046412728082154,0.0017720580369165804,-0.20070892964589623,-0.07228099763424717,0.07206773180107776,-0.2474160312365513,-0.000588820741630991,0.18377560554413958,-0.014330619440601782,-0.010399970360864678,0.002751879254383632,0.002828548365008808,0.5471671057349803,-0.07395357504985757
rna|MIA3,-0.010725612386925045,8.110931463554144e-05,0.00556021937321411,0.02291484962305354,-0.1913737371140427,-0.011778871875802595,0.12015304589622257,-0.00872795058767478,-0.2607093989734712,0.02091254339754499,0.00378729877788587,0.09845452653285096,-0.008255197483185641,0.6297947137158708,-0.008318809732835771
rna|NINL,-0.1552806609065915,-2.9078611930167896e-05,0.0021788627915204674,0.005139485826449059,0.48191982722316307,-0.0722457735154605,0.004455557576470151,0.0003186181007431959,-0.0069357647308422,4.259166826473593e-05,0.00454695306349225,-0.061654169605724916,-0.04215685739528282,0.009780791846363584,-0.08006912840036236
rna|FAM149A,0.08464597800302885,1.4729035416291777e-05,0.0017592236226491105,-0.14699621921953918,0.12238477250931964,0.04143892231225418,0.11161324613488555,-0.00017311021493560385,-0.11980785789771532,0.0015874925794709777,0.019288410160699473,-0.002269029430656288,-0.005665575886141018,-0.04224733098782514,-0.005808544130386373
rna|SMARCAL1,-0.0776942760942011,-0.00020788785758112246,-0.0012494948629683995,-0.05613605430736282,0.6475738288662065,0.021219369205143442,-0.016185193369845464,-0.0010863070520433218,-0.008303092246845176,0.012388562769920465,-0.004619768674438808,-0.1426808322112473,-0.058819753554132964,0.24949682894653163,-0.04263823673656808
rna|SLIT3,0.04505829042091069,2.9712687027900807e-05,-0.005215704349751403,0.005615271549716661,0.11223506651595046,-0.04166082767998353,0.4317148316381841,0.0010807205620056229,-0.22653376938056197,-0.005935274169321376,-0.08674001437626155,0.21944751212459365,-0.038463056243140684,-0.22227426448660115,0.07430656610857264
rna|H3C2,-0.0018186505625601259,-5.975211062766664e-05,-0.0004018421682859315,-0.20998446017791605,-0.24782451017426313,0.028302606819723287,-0.18901527878485827,-0.0001379002302618276,-0.24254749543774684,-0.1575800195236822,-0.014550691583141194,-0.0047884790018012,-0.01678884162564688,0.46804966978806856,-0.005423197685354364
rna|SNORA31,-0.10055606841024231,-4.622464027318297e-05,0.002876393152362377,-0.0001490631914834134,-0.4523539824304407,0.006936583567899506,-0.0025158362861818677,0.00047460528968245013,0.30024553402405174,0.027276846408684458,0.0005577536744138944,-0.009886873816411137,-0.08451368138963583,-0.5916008479199529,-0.034893178741269765
rna|ADD2,0.023636175232144105,-0.00016734632600536064,-0.004458932969624608,0.008021920251678508,-0.06929327353691349,0.003676048845456287,-0.012380525119974246,2.7824787455913078e-05,-0.15483747557848296,-0.012536497928124788,-0.0048351972225441735,-0.02117473974214675,0.03159679651810212,-0.035598314269020645,-0.07167047251642027
rna|TYRO3,0.05490455011885192,0.0003311364166835875,-0.002195559406088304,-0.039721553959250026,0.39801757376253155,0.0016452566486224777,0.24267517977778047,0.0007279585755199263,-0.2748572863325413,0.02281621371332433,-0.004775053990802758,-0.09316052807415356,-0.003911557966000172,-0.005942489364165567,-0.004587134015952724
rna|XXYLT1,-0.09418523050339485,-7.60910654770747e-06,-0.00012483347446018268,-0.06165314523659934,0.4172722286800201,0.027982145603559,0.07734310469096996,0.025876530298469553,0.3046179805649359,-0.01191715369256485,0.006798164885270317,0.1309893078622657,0.0490462455007863,0.2966750383159664,0.000874036208959536
rna|XKR5,0.4233099776525682,-5.3895844414014875e-06,0.0044333031613208555,-0.006572825611939725,0.009052987298071758,-0.0020304425655751296,0.004731898814996549,-0.00018258624049241007,-0.06659140572940173,0.05010595201975562,-0.003986142917272964,-0.0003233376340494097,0.005245993342570276,0.10673894462315343,-0.004807499219022398
rna|MROH7,0.03170248995316565,-2.3699341467345574e-05,-0.004897815552120586,0.08157330822184201,0.4493658942744809,-0.04999568948762246,0.04095012197374715,0.00015246697752120214,-0.09948711835255719,0.001516156686523381,0.0005846218994411745,-0.0016874170239337954,-0.012982862763570573,-0.33179449626402036,-0.296264211041618
rna|LY9,-0.1933513802847776,-0.00042545467168900305,-0.0008240363858264774,0.17878086005924226,0.18093326710591423,-0.2258423172813059,0.17853275608575453,0.0007104691145082906,0.22406383848161487,-0.0004162474776440795,-0.05501322141367241,-0.02873782131696835,-0.035451942853303345,0.22110512511978547,0.002443737134712753
rna|DYSF,0.07342259875984665,0.00020889593472480684,-0.0026095056198441203,0.24528783995120884,-0.42005026323528055,0.19529849794299758,0.03176908275717837,-0.010319522243170556,-0.10389068051055163,0.06120878722305091,0.00412030567892296,0.2739087861265592,-0.021768147123476654,0.15962043157570605,0.012230201932461052
rna|LGALS9B,-0.11153876147714382,-8.117975430941298e-05,0.0026167595656051007,0.26285810054463826,-0.0077526126008807,0.03441188300072664,-0.0033234257378435194,-0.001854275623062769,-0.010550263310213314,-0.040097212115332986,-0.004946476901846929,0.011793867182053748,-0.004065716240104691,0.3848040137731973,-0.027585256401366387
rna|PSG6,0.5095700525024355,2.172958875763439e-06,-0.006586933226649918,-0.042178291489160906,-0.0214056472797891,0.005194344070907519,-0.012040795243685332,-0.0006622741940852184,0.00411851502681753,-0.0036918137081100636,0.00041791543896375796,-0.026916118952466234,-0.0046481468652431485,-0.10231516246239529,-9.071614765312514e-05
rna|MYBPHL,0.3248817561403978,0.00021646753991710012,-0.002094739894658658,0.01583851943853523,0.15705992412038355,0.009862898511009244,-0.09843080148352445,0.0038055481560252185,-0.060575272878684625,-0.002445906469783344,0.01797666424088104,0.035585628528833894,0.043543913536362715,-0.11423471591143385,0.04882998825931018
rna|ONECUT2,0.35018575922570844,1.1436476009729643e-05,-0.000709471594153786,-0.0035030005961653493,0.11013305888649288,0.06186182129892337,-0.0094027704699044,-0.0035396981663110036,-0.015914563558723793,-0.006976233523230902,0.14585323627070243,0.024670881724404122,0.010841859506722033,0.037432674591788326,0.06813607242293827
rna|ATP6V1B1,0.15929155151418584,0.00011022040102004024,-0.0009654654624617162,0.007598278735871597,0.19781342383957315,0.005490304336135841,0.03238477601589883,0.005695335782901677,-0.31802221886432464,0.005744902304310337,-0.007956970577594676,0.2818676964231052,0.027678932484231814,-0.27820663021474634,-0.012917803821103415
rna|SH3PXD2A,-0.08935513423193578,-6.695866921475133e-05,0.011850891081664322,-0.0035466241414331993,0.4371862577537648,-0.012472101798717617,0.11955203024465534,0.0004242716988728377,0.39970589889804,-0.005885179997908111,0.0021014514231389096,0.3064823120242863,-0.0329529351919754,-0.11224139393160522,-0.12660293886208843
rna|PPCDC,-0.006973842068059647,1.0795603861744988e-05,-0.001375735770804505,-0.022399615799379515,0.00572760833684014,0.056980005119089815,-0.0039898968300262315,-0.00068545716408828,-0.4046565979573374,0.0971314117609159,-0.01835316513879222,-0.1513236567190419,0.0013916894383247415,-0.018728593146483476,0.13949095051581747
rna|HSD11B1,-0.1355704276307134,1.8551975289016914e-05,-0.0015893699436853408,0.3034904983907861,0.005123198689893876,0.29652940256190424,-0.24972271627779252,-0.12490004172445869,0.018847117253442815,-0.013536672630345406,0.1084020913113819,0.004204171478349435,-0.03145544440944891,-0.1921053760997338,-0.19848294788985416
rna|RASGRP1,-0.27998731837373186,-0.0005485079335617849,0.004262698715201795,0.21202195671086987,0.13852730094242702,0.0019812216964663226,0.02712434172524023,-0.0005923210936194452,0.37305837484583104,-0.005251729108617739,-0.012832254272126404,-0.00751060818665568,-0.02116944341803115,0.014377271181328248,-0.17294342170869748
rna|NTN1,0.19681270653187943,5.99166560896103e-05,-0.0046763252078622685,0.012539745376010766,0.00025208815068094773,-0.09178269974205089,0.018305316567407075,0.184351854729609,-0.171033050447396,-0.02274343927477094,0.01813178304883166,0.008729835440231652,0.03892724258058462,-0.09811800269783368,0.004430220889603242
rna|H4-16,-0.051465630501730815,2.6283371816357412e-05,0.0006408784507908874,-0.18337018731292942,-0.4607957979901487,-0.039526624515819474,-0.12776124352677615,-0.0036738066525504724,-0.14836114919085955,-0.11963596087970356,-0.011466023073031024,0.003582712349938057,-0.007365076625950492,0.30328453276587686,-0.0039032965873385113
rna|OR4K2,0.5389720845142598,4.392920422619517e-05,0.009564454113369938,0.027671579244070196,-0.04731093046516028,0.00945931377083929,-8.028019312358204e-05,-7.15828661343616e-05,0.009384098920797168,0.007835124809958481,-0.0005481630883774465,-0.0005590950420977328,0.008085652131706745,-0.05197485433577298,-0.047048338471636864
rna|NOC3L,-0.1002284288934617,-0.0003031021128561274,0.0065197365495404174,-0.1097762559053614,0.20850765399215662,0.11687744020338138,0.046742674673341526,0.0024606373394934914,0.6905472766028005,-0.09112968196481025,0.0006336040487744127,-0.0026434841235632067,0.03178390366802603,-0.07599678787974566,3.3662813350244235e-05
rna|DUXA,0.477943408791974,-9.357119976819462e-05,-0.007329639212722612,-0.0128579050450452,0.015116746104307278,0.002474476486436848,-0.005006801034207722,0.0005854598164345066,0.018434085747244977,-0.03519983149970801,0.0023085211740422403,0.0074425693168048875,-0.018090180730047988,-0.07758321759307647,-0.006575369631366059
rna|APBB1,0.19304564354571585,-0.0001316260544048788,0.0009025299215613283,0.011728241039603685,-0.21666327999819063,0.004788734349228751,0.14389831049303756,0.0007725359684098755,-0.3820659707457599,0.021283132172047116,-0.019086669688642855,0.01541493778900276,0.020722335108379945,0.21163553761909185,-0.025076938568661434
rna|ICA1,0.0023127584305159083,-5.89507733285115e-05,0.00787893007847252,0.23190745615877542,0.1997183815520044,-0.27765814241934905,0.2059025062588628,-0.00021416828103991046,-0.2981312147859457,-0.02978460077997366,0.011135218788183921,-0.009944003763205776,-0.00291872455003822,-0.01597431625721548,-0.019385034726559634
rna|TACR3,0.4882270529065509,-6.380445086022044e-05,-0.006891859106577285,0.0037270721111451,0.004884942289689345,-0.008261290272926929,0.014869978291361916,0.00038884112484952423,0.0062549270106746525,0.008823524784643978,-0.0009942432884073107,0.005313159226767389,0.016925056553188274,0.04731728747896123,0.057127943487027176
rna|DDX3Y,-0.09343615832207261,5.335512158133127e-05,-0.0003943959044967139,0.02978980413468835,0.14203355379972682,0.022379513098610374,-0.04101691650697736,0.0019786004530038493,0.26731028309906507,0.004021435846295028,-0.0270913362640618,0.0017326570301423073,0.004468729676611936,-0.2621921852017954,0.029582779438878746
rna|CPEB1,0.36108590949548836,0.00013530760764799218,-0.00044486048617988264,-0.05178854544096953,-0.004969559443948385,0.0007234215987241702,0.017453354828821478,-4.028669215072007e-05,0.026382238557818582,-0.024872398567369794,-0.008996869247677097,-0.038965072512321425,-0.0083537400783715,-0.29331186739004556,0.02907307117755819
rna|LINC00312,0.01691515461093989,0.00032949784358241805,0.0017715705793454961,0.09813212613433403,0.2390705693089662,-0.1575845673013081,-0.028837276663887114,-0.0002981127362789132,-0.27655028567268347,0.06684449246394969,-0.0010820083329237582,0.23300360235307138,0.008096726389919056,-0.006760789853336888,0.04223910348287951
rna|PITPNA,-0.00650411481526112,-3.781370764466644e-05,0.0005637708070957656,0.005295708433494818,0.4585264236494691,0.0210012327470128,-0.11539030119689614,0.00016249283124170695,-0.24716587968158132,0.033717398573922364,-0.0056836042004827685,-0.08565763334648197,-0.051280394162000066,0.18241613799057413,-0.022813718270361497
rna|SLC44A3,0.28401169988542396,0.00033483127052404794,-0.002313490679231186,0.04338914729733797,0.01762535494965277,-0.006467560523490999,0.004608621604524366,0.04046646067623629,-0.0959887721450755,0.003766033675133049,0.005444117841366297,0.2946441749108015,-0.018461521784008797,-0.02275236722435427,-0.0741617111861094
rna|PPARGC1A,0.10941639212981905,3.411821731631601e-05,-0.0017409999256062442,-0.03331651672074118,0.2147436860466646,0.0012664930921921845,0.15126687927163088,0.03452278838945784,-0.06759900349097266,0.0053724010990851565,0.11784167195227047,0.21596685023677073,-0.02132793849218471,0.02413051449710594,0.13174798843042873
rna|IGFL1,0.41638820225758366,-0.0002720291431093627,-0.00499476332624462,-0.0018600623508745427,-0.1216493259848825,-0.0007906345376427376,0.004952912712842267,0.3012811703422174,0.0037077283930580444,0.034374202252791454,-0.02011696819522253,-0.0020349648833120413,-0.0046782226930445914,-0.1494168162227738,-0.016321616547985356
rna|PTCH1,0.012434827513395004,-0.00018983754203057694,0.0021564164590466483,-0.0786702997473355,-0.01619231160768001,-0.08539565793173959,-0.026785235444914627,-0.0017020485563944369,-0.29227624095114313,-0.060570483543446796,-0.0006655922900863922,-0.026464481194167565,-0.01895120574055563,0.015135662200499929,0.010415144996512
rna|SNORD114-1,-0.06234776710768882,0.00010662917379813959,0.0020119731876001527,-0.007346828135262911,-0.08331218457571303,-0.10488643192166193,-0.019632725746615936,0.0007363877081028578,-0.20202280306302667,-0.005496852639522806,-0.004260393837762668,0.566044740198918,-0.05182388175773911,-0.2836596910939523,-0.003889854126376746
rna|ALKBH3,0.02623214449348747,-1.5084528530960219e-05,0.0048015636737263395,0.011165525224540479,0.2114952843982103,0.05994702640232996,0.027464085823929976,-0.0015642804564987634,-0.28082702359149914,-0.06336038786958277,0.005247298053324711,0.028494613323739273,0.03761048444650067,0.06997073520593322,-0.0017075191628800987
rna|IER5L,-0.03150413302709002,0.0002334753826325625,-0.002264582917365286,0.1280943783088137,-0.14743459684652938,0.03123712878778274,-0.021928891586696305,-0.0004070263446203481,-0.4343085377619488,0.0017573446898171527,-0.008883906031728627,0.37755601091593005,0.007361061994037779,0.15234272243126795,-0.13194121364911307
rna|PROS1,-0.08190425584306876,-5.601152487603416e-05,-0.01213092872782898,0.0017251477439738522,0.5909800006639218,0.05975695563298632,0.1173524939403414,0.0001906065771644969,0.05251419586999764,-0.03432815749368021,0.02140269173306638,0.3180511711635323,0.01785805925166863,0.06516729666286297,0.008371041139146539
rna|ENPP3,-0.012566560103731611,0.0001268774281381114,0.0018542665368843933,0.10808248820585364,0.0024222542000285102,-0.32956458540637956,-0.0808055388457729,0.00021892865607241597,0.00453017416609206,-0.03310183933696598,-0.000630764703367609,0.034133641917514675,0.011707660725051751,-0.05124256308066219,0.05288860011671634
rna|GRAP,0.08220087873530729,-0.0001155242533939851,-0.0014022368185653829,-0.004457564215814535,-0.17941949952068242,-0.12727518222452575,0.14511114455650886,0.005151132392831762,-0.2930887712858665,-0.029654093873599057,-0.006177943298465623,-0.048466965725334626,0.07889142684974859,0.27389127790788326,0.1387924115281123
rna|L1TD1,-0.025009955230785717,-0.00011211765765431128,-7.283183578617464e-05,0.016154590201369896,0.06625234995551614,0.1367688807445934,0.0362331336810686,0.00844779418105585,0.14497614798942698,0.028692155754650114,-0.00625803868693226,-0.008220527323684331,0.01462044975102614,-0.21322490038989067,0.013361361175355102
rna|TXNDC12,-0.1889768362502127,5.589195269424046e-06,-0.002482907184292463,-0.006226202983713274,0.5658964546696429,0.03695040632629198,0.00443875936934678,-0.0009368030368563967,-0.011726095902427685,-0.027330373527454824,3.930732587870188e-05,0.04051566249026319,0.03297727055300171,0.3005386682272649,0.004715431421296123
rna|LY75,-0.15894761362983717,-0.00021701370529789095,-0.0007261978063033683,0.08205795526845397,0.12513501070244956,-0.10246092509881398,0.0665139769318981,0.05918300714681801,0.6265346446356371,-0.06274332228394523,0.00020895181807882132,0.023462839808797955,-0.002505568180910673,0.040326636678629235,-0.1440698171749459
rna|RNASE1,0.0038417303676029687,1.0495518949130832e-05,0.0011009254112386917,-0.03021500370833285,0.1333179191982081,-0.0029573966151154366,0.10627491800988338,0.011299142633699709,-0.2157178674513291,-0.07626884186612115,-0.00680195816063067,0.4607953889485058,-0.057241723011247386,-0.02012306714888252,0.21832775231573562
rna|FGF17,0.3949355312948357,-0.00017787778343545936,0.004230325070791354,0.007282905092542513,-0.006951903713515696,-0.003536146206058877,0.008653530853063036,-0.0009904944433638727,-0.17224097917739126,0.009616051832039871,-0.0005355929175399968,-0.06785176290981465,-0.02518960804178109,-0.06558102789638702,-0.001048123344041614
rna|FBXO15,0.1534805503927875,-5.287886149070933e-05,-0.0011203620882931395,-0.01947153883443161,0.27950849373770664,-0.024156557427858383,0.028077044881737713,1.1366581379781683e-05,-0.12506703201476727,0.0013906366059711127,0.0002184457240702942,-0.18372851890254055,0.037068076091826004,0.17443361128783708,-0.0012541614044626103
rna|HPX,0.29792597750235866,8.94126823388426e-06,0.0010628329625460055,0.0013302263976424813,-0.06733026077194948,0.004645338852841299,0.011817234496802905,0.001066296091674611,-0.07183784898646557,0.010356135972074732,0.2615633201676453,-0.005594375859917834,-0.011951657058926854,-0.11929842032097815,0.03945778958580079
rna|BEGAIN,0.3447241616138858,6.686380548704141e-06,-0.002890002907005807,0.11522022689962869,-0.003389368740796347,-0.07027999989347332,-0.00013424843675176467,0.0004627514299963023,0.03518564331352619,0.009492838627241778,-0.009304432380115949,0.01049359713068075,0.015740415332319662,0.08081573413258018,0.001097222144345126
rna|ZBTB47,0.0020895483879839385,-8.444454998613399e-06,0.004721204059394864,0.034650960247963235,0.5844598983657536,0.056458038111208454,-0.015023282991170577,-0.0006767343614852423,-0.19511478846675792,0.03759089256965238,-0.024295984524636473,0.007166388796736713,-0.06367160614389879,-0.11852604570680486,-0.035329058435668505
rna|ARC,0.25510303912768856,-4.742710622150725e-06,0.002923098117665038,-0.0064647722772916555,0.07578696639741225,-0.002161288831197925,0.001541746009565723,0.025677787666560162,-0.1433947532373466,-0.0406398602283143,0.007464169671051077,0.01715322298195019,-0.00859891731181252,0.01006200601488941,0.01381916030769067
rna|SRPX2,-0.06661823597420893,3.950236977663508e-05,0.0007806852801627429,0.000518209655227086,0.040698329108385486,-0.002455247749962518,-0.23680504646111633,0.003041558279964058,-0.09566639134634121,0.011234984007414947,-0.0008831564963670924,0.5184654524895702,-0.021900546142935427,-0.3988189889036496,-0.10839629226348672
rna|IFIT3,0.016491347419161084,1.5806997877827122e-06,-0.0008705791322611371,0.28069994689180033,-0.08572548067115635,0.19112109626404267,-0.1755731999503978,0.003578611516450604,-0.2894613300598331,0.04824050869800623,0.010714753096853257,0.2336291187314819,0.0077224806911387125,0.06292039843616702,0.1455617430417331
rna|UTF1,0.40430494469630535,-5.2250276204940046e-05,0.0011034743053298147,0.0017572096377300682,0.10424405267919634,0.005853268202197765,0.021653749944568798,0.0008147605399650479,-0.006237320616410106,-0.07194866977687481,0.004127324999396764,0.0024823080992633054,-0.00022517386944609046,0.14487456013444985,-0.0018328524550855119
rna|OR8S1,0.46129235293941473,-0.00010388766955847496,-0.005723451783103668,-0.029626004076494385,0.0007496354516196548,0.005728817949474785,-0.006396970811998816,8.08695807949082e-05,-0.09551701588306846,0.05179520545892555,0.001720875244275933,-0.04241829345279646,-0.0040278110555917275,-0.0679953406499122,-0.01042977804977819
rna|NPTXR,0.21839774639728618,-0.00012601826935847087,0.0019179796450091682,0.289708711082065,0.10200142629100448,0.005321511256600335,0.1214158741947196,-0.008219311821268994,-0.1769285306628162,0.014265111994515536,-0.012532296617065598,0.014471499311198358,-0.012898887531368634,0.1298475340948517,-0.001161531787733247
rna|FOSB,0.02143380189851766,3.768806621348769e-05,0.001801215333529244,0.05896914022837192,-0.0437836366537965,0.005192327636712708,0.09599885202315533,0.0025088860740650975,0.16536061655189938,0.009847668987058756,-0.05160157062848433,0.22491969957389055,-0.029207454443837922,-0.2782459409985064,-0.0028074771861819527
rna|IL33,-0.10815432540518723,0.0006391496779879318,0.0009597009944720863,0.015971403483288273,-0.12288563258467419,0.05826712529289175,0.41375788170468564,0.00035770564734370337,-0.08203608896519214,0.03990942555843312,0.011773942918727347,0.1662757319685166,-0.00827980003757423,0.29198147928744883,-0.08918254483927421
rna|IRF1,-0.18891395318813148,-1.6167344543745788e-05,0.001806546050305261,0.25765257726920177,0.4035543321130101,0.2078335562562183,-0.009196426721154598,0.0007090264060490552,0.3698768141259402,0.007273951076228325,-0.0011743651966361031,-0.08282066303199398,-0.0356530477189713,-0.22530394371697188,-0.004207680021121703
rna|H3C15,-0.002576998763550862,-0.0002426301346559476,0.0011502256129559765,-0.15472747599899322,-0.2753777443918782,0.000536043844459232,-0.15887091202727027,0.0013516712350766294,-0.2255305867181122,-0.10929696562478176,-0.03279365168671703,-0.006138011678050803,-0.0045502711156523825,0.45998743839300754,-0.025598320692314217
rna|ABI3BP,-0.19013469357424637,-8.958660655343663e-05,0.0016722777875406148,0.0057487387909690634,0.40602852596936984,-0.002805325902304414,0.09067952692140353,0.001060636044600605,0.3558449438376283,-0.06481883625357823,-0.001759367540254783,0.12718949364646004,-0.033352203815043,0.03262449542565615,-0.2200645623029911
rna|FGF12,0.36360582882420994,-5.1841211881954135e-05,0.006036953200506873,-0.007163394535208239,-0.00890333228712665,-0.0160882006264495,0.004300750412365812,-0.010185567443047154,-0.1609772084484201,0.002098794718940539,0.004390855147912481,-0.0007648625733715306,-0.007492900690508106,-0.13713139081208442,0.023961489221712096
rna|OGN,0.18676257701180288,0.00022785581714700084,-0.004673877927048637,-0.11940179559631087,0.14961333873901475,-0.03160753713718816,0.009071985950721097,0.0011615064047532633,-0.28215117899865044,0.008287885049881684,-0.02566822970101615,0.20396074609141104,-0.01015379692350184,-0.025845646856335263,0.117740133657874
rna|DERA,-0.18071142145391114,-1.6652745816655483e-06,0.009639930285778834,-0.07854226211295237,0.6317360673637428,0.0032344740141237237,-0.04083286058843373,-0.0013176011064729891,0.16058812712654918,-0.043955575644910976,0.008324888141964599,-0.0008118394389388606,-0.032093506415437345,0.31972375268788605,0.002400315464732304
rna|WDR62,-0.1566037236352702,-1.965946020438034e-05,-0.0008403793441360102,-0.22996042145706108,-0.18786135883871247,-0.00013890996640796507,-0.1682077097887637,-0.0033048151714583696,-0.16075792313572226,-0.022043251529079634,-0.06911830292649525,-0.18104196438659143,-0.017973920066782882,0.045848482642947275,0.0011732823524657906
rna|ISLR2,0.2192384052429649,3.439371519833182e-05,0.0034210512882153514,0.011374309613448439,-0.19942693153034208,-0.026160662151314233,0.23128573082485937,-0.028376765651708703,-0.055375744988010386,-0.009133654887427982,-0.0003318591945162226,0.0963583556617398,0.008948989345771576,-0.06982848586608806,0.0032937443477079114
rna|GCKR,0.3949510565552255,-0.00010500745672003162,-0.0022345891919981426,-0.09805667570600689,0.0026294278081410963,0.003698248972108971,0.006992088011630251,-0.0034742580576874083,-0.10300528578241441,-0.04094001717113297,0.1283525053867101,0.0037252016003038093,0.01637750484122875,-0.055789243573461066,-0.006673783065254235
rna|CTSW,0.03731287583777212,-1.433459444399453e-05,0.0012104025626498705,0.1904451461525111,-0.008900809126232652,0.12398095874690018,0.16649881304381986,0.002540836901774699,0.18633108211797614,-0.1117908810196324,0.014552535844255124,0.21535062123890075,-0.004905427866653261,0.010765565460929839,0.0037714971368018185
rna|KASH5,0.460875986231271,7.103947712435335e-05,0.000980939611217003,-0.06456196825251471,0.0361229886895535,-0.0015171938355886976,-0.11076695465479802,0.0010389157804209612,-0.0316337484503171,-0.0025732162076583715,-0.005395121771428964,-0.05687132416906847,0.016962115186554903,0.022696568803531204,0.030212630395758895
rna|TRIM2,-0.17513248994788072,-5.261283674547295e-05,0.0015093773614140145,0.004043749663935053,0.4262815019798883,0.031160644978606617,0.19203617037812717,0.020413695826609485,0.36373336875108847,0.004955712787640427,0.00559056550986457,0.003884488237649051,-0.041483484915347195,-0.2508890006865978,-0.014130089089048921
rna|TSPAN13,-0.2532687016117407,3.4525669782771135e-05,-0.0029161302482163228,-0.1045512953117502,0.025518873950851836,-0.1709162179056393,0.21871627530223398,-0.0025894312336294844,0.1927500502472434,-0.007130723676604785,0.0050412858063811515,0.08057553606080634,0.002690130979122776,0.3367983188984259,-0.1374647891534579
rna|DMRT3,0.007983146495402518,-8.254228097852157e-05,-0.0014025954665991254,0.08392839380781736,0.2523194494239373,0.08428590358274496,0.24158459904152962,-0.17397200927482004,-0.13295973327693808,-0.038727347923008984,-0.03528159877801534,-0.0012651335634738725,0.006200039030700455,-0.12947549838812483,0.00020952796160580753
rna|ZNF581,-0.11173768636215477,-0.00011536950073901956,0.0037588529317767404,-0.12353105243053657,0.4878525828161263,-0.03364580599584885,-0.11252626067709064,-0.00017085589459172367,0.02951251929425085,-0.0342921636445697,-0.02194389660415577,-0.2307396908678634,-0.013814839835793454,-0.12370804074751181,0.004185655372068645
rna|KBTBD11,-0.001572876602458888,-0.0001223993801586416,0.0009930974135550555,0.06294971608406166,0.3312205432401837,-0.10021513570402456,0.2465006475895765,0.0006767223979834867,0.026915190847276966,0.002547558703383469,0.0322848197921913,0.01383394691011519,0.01744570816334236,0.09635914115763632,-0.02926357430986439
rna|GPR160,-0.128876187278057,5.431718220567691e-05,0.00026350776892181436,-0.0053266458462696495,0.07895672731452374,-0.09450931403674727,-0.1242300417891449,0.00030512138413518215,0.42748396941695666,-0.0054989310594810254,0.001785805694983122,-0.009611045771730876,-0.011514880496404376,-0.11905523599654404,0.04348616665756847
rna|IGLL3P,0.2449955216879909,-2.2044113814205935e-06,-0.003170436831172319,0.03909278496219279,-0.0047721732880888134,-0.22510431077462933,-0.01842866841193677,-0.0043635006767439545,-0.01491222091233205,0.001255835023382092,-0.006090383877190507,0.0036393685207360194,-0.013644968233551675,-0.01036025875435521,0.05792861842161108
rna|P2RY12,-0.10249235760770557,-7.389701273294552e-05,0.0007036456279576741,0.253102151338635,-0.026626060747128144,-0.36439774047805845,-0.00808900005308479,-0.016968599860040928,-0.0349387092198327,0.012785856144196488,0.024489939548806985,0.0039322471253019,0.00795253271195208,0.04522756899839851,0.0017185794910208223
rna|TC2N,-0.27408604811316656,-2.198072754460481e-05,0.0031905084446047557,0.2981682151435993,-0.017901644814102502,-0.0014798284748845276,0.24552811150939205,0.00028009332074059573,0.34268163614308167,-0.0206707904152894,-0.005549777262158284,0.002897843425440384,-0.029416670718861244,-0.00891610805416876,-0.04204772924404232
rna|FZD2,-0.08366701896148407,0.00018640238065022467,0.0036387663777631813,0.05385524832434611,0.4045935573963125,0.20157418152404072,-0.025317759485009347,-0.0013688562537850083,-0.08868457989644057,0.0013516475599619881,-0.017474219865484395,0.005575498339713024,0.007214565759419031,-0.02294036360894431,-0.02757300386062611
rna|MYL2,-0.09050137022251863,-0.00011121918062073203,-0.0014364222964227797,-0.061748440191844604,0.17655037349164482,-0.15453853996394434,-0.12764270522348906,0.040996163707402035,0.004217366916097388,-0.020461011175806555,-0.0021932314875539,-0.022839846597316676,-0.013305848718709554,0.08895331764484576,0.06823185420809694
rna|LOC653602,0.3754905710202049,2.131290206867302e-06,-0.0019214246177915507,0.005438541200191898,-0.04925007734864189,0.0023838650802314055,0.042721213896826774,0.09928549140198004,-0.04949535052621498,-0.030025819102124082,0.004951081750570812,-0.004084016616794132,0.0036613206477994656,0.1539450076173804,-0.002987079772154407
rna|ALDH18A1,-0.13315776806182233,0.00012757368431868342,0.0020375783813893003,-0.24226779577241733,0.5021408713171006,0.008683571450874063,-0.02910141988877338,-0.00175047119137433,-0.017452225575112057,0.008800937647336653,0.0012650793806965807,-0.18019115589863527,-0.0010480772421531304,0.0006546603291989535,-0.0057113207205426375
rna|RETREG1,-0.07465609052797836,-2.004386467034099e-05,0.0016488895616313703,0.17077145241538463,0.11780987420319114,-0.23483623912483675,0.05133599107836852,-0.0002534208954819857,-0.04087382723013526,0.012724243384617653,-0.001830030161854949,0.18413702259120932,0.0013449075420652334,0.0007850712660788991,-0.017154171578647015
rna|TMEM71,-0.08312547158248623,0.00016625103347190062,0.0035669864945301628,0.26418395855102844,0.015213755477990847,0.012002368889425574,0.26329352961961544,0.0024272750771056036,0.0061815901745524105,0.13687203798585937,0.0015233994033883628,0.047536207793258144,-0.019018176809709714,0.31503907731992387,0.06026685885105498
rna|ATP6V1E2,0.10459369432320369,-0.00035675191547736946,3.831930895486862e-05,-0.07717589887229513,0.23564584126242327,0.13428742237623184,-0.024039501375958724,-0.001802257100896767,-0.2281608187839196,-0.08504366971588323,0.0003129577522539699,-0.1633449453630398,0.0010291900689848945,0.10780368705085037,0.03786221758751357
rna|GSTM2,0.002926904110216122,-0.00015775646648866017,-0.0014538379066475816,0.008324586284410613,-0.14950803128913975,0.03014038195862078,0.19174189185250384,0.0011927271033217919,0.2112498454580715,-0.08323418183965683,0.017412994200647056,0.011665791258384677,0.006061019363101309,-0.31804483767593783,-0.0030665651473575357
rna|PDGFRA,-0.15246918946442498,1.8365212424411833e-06,-0.006077958965857552,0.019301314089550478,0.06299308653291466,-0.07318979056535604,-0.0009106010803050404,0.0002072729039893495,0.14291798663785346,0.023729080985598873,-0.0006599459680479643,0.6155322229945206,-0.0360400589204904,-0.26309410052114884,-0.12498029638528939
rna|C1ORF100,0.4180830506485388,-5.148617203875111e-05,-0.003943112784285117,-0.004054432380008088,0.023427741670328628,0.0024131703367070287,-0.04663624151045315,0.0013027403726800083,0.002424758713330786,-0.04720127765304176,-0.0005198367066472944,-0.010826084573773055,0.01568055374487838,-0.012509839729392463,0.03808213025711619
rna|GREB1L,0.41485591031502417,0.00036952655910524546,-0.0008371714253512511,0.004660583234856458,0.09091228844365273,-0.00011351326482016404,-0.001614611995452741,-0.009701632320008455,-0.06094854525799503,-0.0021646208332509248,0.06976330310438894,-0.0031981318459329065,-0.028670582466400318,0.11466261400592867,-0.0013269462455079005
rna|CD1D,0.1496945127607634,-2.547270083104837e-05,-0.002732920850930534,-0.08103977747122458,-0.26057940827530757,0.11926831764720056,0.047972640808628085,-0.029745922373066308,-0.05317546542602588,-0.003652829868971858,0.0067755432594494135,-0.08349534306624672,-0.020496843447905998,-0.24145827663560088,0.002767699497521564
rna|OTC,0.2813805943756391,-4.6094543829117355e-05,-0.003885794509958342,-0.012090097822165894,0.02321750984419828,-0.005298763433248877,0.034279234408414426,-0.0015631195710935253,-0.03401569692363363,-0.010740977103191949,0.19852615327463613,0.013437961444993287,-0.013494793572872624,-0.09887102616509234,0.0570959420000002
rna|HOMER2,0.024454409938706595,-0.00014921055981460037,0.0028036394826443456,0.00016546003374533723,-0.02281677122111624,0.010307787224317825,0.04251657757216526,0.10642235158944123,-0.15205968434375278,-0.0298489114471569,0.07747299805219879,-0.008948754705908328,0.025319604033670992,0.2222392185494275,0.08562774550496742
rna|ZDBF2,0.13573112028680412,-6.296590170355377e-05,0.0007121695673581179,-0.0010789411262114449,0.11727437697482619,-0.07386581524768082,-0.07595524251294267,-0.009096704605606281,-0.29377622812413895,-0.004733490949433383,0.009535584732510136,-0.03413453825153862,-0.04607448100644435,0.08509585759016498,-0.0031213392203940154
rna|FASLG,-0.16883080557159788,0.0005609603984386064,0.003899540538435976,0.41975761154765084,-0.0011835293663123808,0.15026692290833327,0.007421819500030179,-0.00019112082059682373,0.10324196932283283,-0.0763258781531796,-0.006289822672558631,0.00155283611468053,-0.0031433982683170126,0.260510743624169,-0.001318538673693776
rna|GDF5,0.4515951776117536,-0.00037335994835055507,-0.005152881894860162,-0.011610798554923227,0.04513313279586539,0.004511891676311183,-0.009656556565856081,6.998212412698311e-05,-0.0021915965122746867,0.002493299301277944,0.001723971694569788,-0.011186947908561581,-0.0015587996889291885,-0.006433129482384567,-0.0032254499096044313
rna|DNAJA4,-0.0999632686401254,-6.560012493574853e-06,0.003531034753704308,0.05529874504122411,0.14459628507561206,0.12105489349245896,0.010805278410207123,0.0022594284536554495,-0.1410726901375416,0.018444392892213134,-0.00883509919449124,0.00035329730133856063,-0.001845013160425756,0.39608905504644903,-0.008635118491901291
rna|BATF2,-0.07759811485279162,0.0001757731399487504,-0.004014941981479596,0.31792796374692556,0.020443621903900658,0.3101185372920771,-0.1481697911930186,-3.979637253707088e-05,-0.2481874657772849,0.011270541630734114,0.005308061039415992,0.009047077272410262,-0.05388724117404297,0.027735362307807154,0.061163469724485484
rna|GZMH,0.019228285116620926,6.320224656239388e-05,0.0034434511300653276,0.2884372897226941,0.34101940736223446,0.3173641375819315,-0.11734923436136728,0.002629712727184016,0.1005084373367575,-0.042036739669755234,0.0008943824812482147,-0.0009799645437036247,0.013068315437289818,-0.1655595533896381,-0.0003739522278789929
rna|CD22,-0.12087698727983852,-0.00017291315028080615,-0.0003332870846347863,-0.11653822717534994,-0.06553091135128628,-0.36389104172961084,0.017295941388061932,0.01534277314272787,0.10767740326250701,0.0533219906062442,-0.08129999559837407,-0.2638913887942861,-0.007713865075265757,0.0334251356851726,-0.1645879996305762
rna|ZNF287,0.08152097746189134,6.389633904270218e-06,-0.0006412758780599527,0.004887581383325841,0.231945852360409,-0.190148674832635,0.1478848071099049,-0.00065650866110009,-0.18177882686649868,0.03791066096899515,-0.02857222035984193,-0.047142735185845344,0.020417300683140092,0.14593176424126106,-0.056196129341008774
rna|ATP5MK,-0.018814907416057326,3.664469640180467e-05,-0.0063976109050357215,-0.03371721608496727,-0.02264366345430502,0.14007056645641963,-0.01029006002394289,0.00136241268292559,-0.14581251250144153,0.04176772166391845,0.00223498831647658,0.007736406541037482,0.014651924938530278,0.3110160679386269,0.04132454220760129
rna|MRPL50,-0.2140376480299834,7.419899839427497e-05,-0.0015375432369949768,-0.14097782953007884,0.40766564368285774,0.010041145606759345,-0.04818044502535496,-0.008882738948457897,0.39703106561786655,-0.03617260050038089,-0.0025849673027519,-0.0808018901856217,-0.019666608244291697,0.11768970438732929,0.004599381490406928
rna|OR10G9,0.4316668946400556,7.98329433697057e-05,-0.0010715704307781308,3.791934626294253e-05,0.06622013072174522,-0.06334227753975795,-0.004698602500527405,-0.002535027165971208,-0.007979368562696463,-0.039176650260248275,-0.002675178667204678,-0.0016784439408771598,0.02244299590369264,-0.012405807902196175,-0.0014579069754665002
rna|THAP4,0.0205523166635124,-0.0010369101454051279,0.003341580984634124,-0.047069127436548466,-0.30066353658351264,0.03090331614766027,-0.12823373828080883,-0.0012451819918529656,-0.5216432108204117,-0.11322649678892269,-0.001624647912218044,0.0008910339077823289,0.01014318221150575,0.19500806587236189,-0.0007588502440255101
rna|SYT12,0.29836664209021,-2.6269644541553586e-06,0.00010321847663142348,0.00132295284088253,-0.01354835271719847,-0.07313644514581477,0.005409599672055355,-0.0021983677058997416,-0.06121190519073195,-0.06804930403079823,0.12741576529675272,0.006475767748070378,-0.02003047135082755,0.028515941266044547,-0.012438657049061509
rna|TNKS1BP1,-0.066794517126227,1.2619188565522574e-05,0.004387499858432921,-0.0071020896739416375,-0.009653224282011647,0.013361467392643996,-2.8482796538271722e-06,0.005738791219887275,-0.5169463269150204,-0.027852445167266964,0.012709676542336878,0.24607357371426844,-0.0450526708419418,0.22629735915688826,-0.009727718766934535
rna|TST,-0.03311465987684993,-0.00011092367981623696,-0.0012446731401166116,-0.09440152346291274,0.36368694050941447,0.2430164088301547,0.10347172087855169,0.0017035191623762888,0.16904561715983987,-0.07663431929823761,0.13929225570623965,0.11787071542816766,0.021626449850891634,-0.0893773409282981,-0.058105507463685355
rna|BPIFB1,0.30142331652638626,-1.577637850837049e-05,-0.0014817091414011674,-0.001904277566444691,0.0062257855899963445,-0.0007816136455202188,0.06396898457064176,0.2873589954560085,-0.11589102264696358,0.013784302772338487,-0.00466843761954806,-0.015445484793482766,-0.008130173978275784,-0.15166770396579973,-0.02093884927503053
rna|S100A3,-0.08156951894022796,-6.568911484749485e-05,0.002138239173573822,0.029235586011821076,-0.0018217995958853097,0.04094236643618249,0.027950332712022217,0.24148139682742223,0.3588339479375579,-0.09787573487106088,-0.010995689284181494,0.22949373577044954,0.04883717932440372,-0.45274997385968657,-0.27808295648824566
rna|MSC,0.018189502583786946,-3.212947230687169e-05,0.0027438740411870025,0.14587993663802942,-0.1965009896475273,-0.00027878467831485895,0.12128862859033988,-0.0029700170385229966,-0.27882756443290346,0.05961218647810947,-0.039102648349996945,0.24069974761719548,0.01675353431837941,0.40748809968068384,-0.33096625362700843
rna|SCHIP1,0.08010713747911787,4.8242663700145695e-05,0.002611498250192434,-0.07586640551521172,0.06950694558824647,-0.005114519100463864,-0.12199131430822192,-4.86562236881275e-06,-0.3143007953590356,-0.020919977143342015,0.0026517858840091417,0.18639725571798252,-0.0040504970102577574,-0.030715025984957945,0.015330052175110676
rna|SYNGAP1,0.004316972835898651,-3.291013014490042e-06,0.006557131328878012,-0.050198098805103064,-0.4796076090419046,0.017544369356168397,0.08997620211471045,-0.0001316307752558184,-0.22328055783808665,0.001120847973646184,0.007009103768459293,0.13226561695929237,-0.026887004099980925,0.5136947757304663,-0.0016569496832034346
rna|SYN1,0.2328446457644485,-0.00010410979489626779,-0.005073642777395246,-0.0011852006706812948,0.25683354852382956,0.01151036915780031,-0.009657390865324777,3.830543088655011e-05,-0.19964316133609303,0.05276092317463162,0.020642190365559768,0.1653584910469242,0.02825438242466452,-0.08268380453889669,-0.15005095238161684
rna|HBEGF,-0.026413984506711168,9.0279760412213e-05,-0.0042812346874843,-0.00037008526198502713,0.27588972278505447,0.007335521382840663,-0.17682337309499568,0.00070243649276473,-0.1892576970494033,0.11013977377801973,0.019204303114307802,0.1674540368758359,0.004346861375002038,-0.014962795203418984,-0.10925025365475294
rna|SERPINB2,0.16293289317835566,4.782074085605998e-05,-0.004193308856217853,0.002024167924374955,-0.05518523150893187,0.043872267496647056,-0.0015039930542558846,0.6333814320916619,0.061872811807788655,0.05583801604806741,-0.00011275098882557077,0.08875229035001622,0.01855365461228138,-0.07857816427155415,-0.00015522605959196985
rna|C3ORF56,0.45209552219653704,3.436204986692666e-05,0.001457211940509155,-0.002064928616348567,-0.011320540741731605,0.002792356769080195,-0.005091986807300266,0.00027943944605909437,0.05667850170008514,0.01396559601775753,-0.0025224256768335263,-0.0025246032237928534,-0.012223198757218908,-0.01618105361214539,-0.004993851547667608
rna|DPH1,0.016409427518098523,7.482370159150866e-05,0.0030786624866750954,-0.01333502855925231,-0.2537364217986506,0.0048487617463342575,-0.052150388083870874,0.00165201198955421,-0.41616734962739244,0.0021046131243674573,0.01813218184211595,0.10267280535044426,0.00662705494707949,0.3664188553768137,0.009988757282480077
rna|OR6N1,0.4548317498413634,-2.422187187264784e-05,-0.0060588801069027766,0.03660264925405513,0.019506782391274267,-0.0713627268936229,-0.0012705797930208573,0.0037601298889208368,-0.018149503712881848,0.045714262963427454,0.004169483956977108,0.01976365847630289,0.015916319512552065,0.02486993729471557,0.004167206753672437
rna|MIR298,0.18540893941413905,3.890143709487225e-06,0.009130348695008542,-0.17674729522429186,0.016310010452475657,-0.002879952316684254,-0.07912963815084166,0.00012296731486736743,-0.27554727869309603,0.014257606563436272,-0.0008579948077871261,-0.14136224469649628,-0.023131245931813666,-0.028965105641398998,-0.011296830931525366
rna|NTRK1,0.2043567818055869,6.099977224716592e-07,-0.00021633592986517995,0.022109094282255295,0.3068595543046187,0.03814327429539637,-0.019889541290747596,0.0005328585797437476,-0.25335823457011214,0.008339763827323236,-0.017318186403046876,0.006921125006121556,0.010622710109208417,-0.08060503286915406,0.009144027821583522
rna|TIAM2,0.01199872031134653,3.473756349913567e-05,-0.0019523378249617254,0.2572906913520229,0.22129211272344135,-0.29790588113054817,-0.10596349551954817,-0.0008172431898783193,-0.0705304069551856,0.012729663204093281,-1.9689647137199517e-05,0.011663976170985763,-0.005980423286327497,0.1580590100612404,-0.027085764580845433
rna|IQCN,-0.0019024700265875064,-0.0002764697854706451,0.0009424783177951328,0.15469684115618149,-0.034789420918684415,-0.21561646896118936,0.20670898902364124,0.004595417408377291,0.25277454348347317,-2.6826261092625354e-05,0.0037026042793726088,-0.12455465325243273,-0.0053222239122336645,-0.43688272013264096,0.0006130816815288171
rna|CYP51A1,-0.22291360242044514,-3.471944945986186e-05,-0.0006817495685685285,-0.09426909062501822,0.19169207085831022,0.006717788089200159,-0.09415836491179234,-0.00023562070180252085,0.48613505493689374,-0.0013781000897571183,-0.0008048738787775954,-0.13942085970728826,-0.006600928804508696,-0.34272185300884456,0.00464128750806759
rna|LRP1,-0.09433203786045677,-3.4688594624063296e-05,0.007665465509290332,0.14807064866308603,-0.2422061087122214,0.019661429738848508,-0.15827414140595772,-0.007277954664055341,-0.25858946308909553,-0.10616803497006541,0.005578119308883153,0.24998083209401642,-0.08462059915106432,-0.665210454580238,-0.06972849837199102
rna|ORC1,0.06267887621392662,3.244640062834012e-05,0.003914187461995007,-0.2591735311811027,0.033641568868657885,0.1387912043566855,-0.24781450774187785,-0.0015375522838602718,-0.2447616235789055,-0.08190537340110461,-0.006339419849048813,-0.20006567515798632,0.006411520075184909,0.08213644805084619,-0.015451870465340196
rna|CDX1,0.04199397347874399,-9.336856805887249e-05,-0.0010169145025655801,-0.022002188302250186,0.2853335045281057,-0.10472158327424709,0.21206312762481178,0.00522879451650635,-0.09570545974972898,-0.015926216895141093,0.005066369631160518,-0.07259051208325143,0.03601867696908929,0.006333193729722219,-0.42111246867541935
rna|PPEF1,0.22913173639901602,-7.44855866627139e-05,-0.000943513597153736,-0.0059574070047360445,0.3563340748426543,-0.08861968502431682,-0.14909810483262728,-0.0002532750158799401,-0.12281351922572784,0.04291455471937946,-0.007554859411316787,0.004083542893235317,0.014302287688359642,-0.09991464511597054,-0.03303473423788222
rna|MLC1,0.23704062325015055,9.488418584286377e-05,-0.0004713942940023573,0.04201381043930952,-0.1271062518956777,-0.04808584297839172,-0.0019142014984362406,-0.010293898557603355,-0.14352169666431097,0.002409286717852905,-0.017793570756973538,-0.0018122996451521833,0.008697796877123869,-0.059209773705467816,0.019191089856692437
rna|FOXA2,0.41508445497338786,-5.004748022549647e-06,-0.004297854046131834,-0.000503501864701686,0.04063303224745572,0.0003097129355786934,0.003620481221343639,0.0036191094776672574,0.06340961098635071,0.11077678803894431,0.22419954243506965,0.0015118021890379108,0.007409385399662627,-0.22501567285533228,-4.19176012305925e-05
rna|F9,0.3749426024161739,4.083164200479582e-05,0.0021652174085770204,-0.003502209579556412,-0.0916275024711171,0.004563715160100258,-0.010521424802800643,-0.00026348057378873773,0.0117752637603336,-0.060646677891833485,0.24382670462678438,-0.003198082645891546,0.017061277789973156,-0.22815490620016932,0.03381140072801594
rna|C11ORF45,0.3103590096123757,8.876910520038675e-06,-0.0013862691320235675,0.1598126882387814,0.02577913378887481,-0.0023791890232121833,-0.07918072567836942,-0.0019865835486054,-0.16777422489204585,0.014341527421298102,-0.0030504060472334145,0.0982775698712738,-0.04615634157217951,0.21815455014264015,0.001306256027015954
rna|H2BC9,-0.13080429702460736,-8.944027724315361e-06,0.002909511863686465,0.034732432702687006,-0.12102878589322442,0.11160626846748897,-0.003283682886092668,0.003051467445529883,0.2393422845894371,-0.11679188168698651,-0.006457910083244884,-0.06934050995565631,0.05069477635072139,0.14543814959495593,0.0025462607360793935
rna|GSTT2,0.2742077862969768,2.3937268817315367e-05,-0.0029751697301235946,-0.0005975285216043498,0.011265410629335785,-0.01830152820427728,0.007830542754921005,-0.001554589462169258,-0.20593186044383868,-0.004997094489164368,0.014749754856136608,0.144542613379065,0.018428666216231605,-0.05215743296467535,-0.01622117648469126
rna|FA2H,0.09106822545767755,2.1368007072864107e-05,0.00178681695345675,-0.14248055228644424,-0.1395114815384993,0.22046013580376844,0.09795835905039352,0.08777156576952118,0.023131108830091687,0.021155600312869463,-0.008005180718602251,-0.030311385901130646,-0.020194372852593186,0.12210498423045588,-0.003604564511965419
rna|YIPF7,0.4079031844092684,-7.682138578207136e-07,-0.011373867910786385,-0.008243328351025616,0.02813581864835775,0.007464908782067702,0.0015771609212467917,0.0002583226410974784,-0.0447278473866382,0.038351411349752666,0.0019934178082114313,-0.010524595395859988,-0.014735908152750622,-0.025922249503989248,0.002301450944486102
rna|RALGPS2,-0.14515611709554477,-0.0001189228506645651,0.002924441900473922,-0.1747957137431953,-0.12694135226983477,-0.16198786782832472,0.06111464153999853,0.007594773793644508,0.4161856035416679,0.0018040763905318162,0.0017406518933740368,-0.18147994437469964,-0.020863782073348568,-0.11915060471048348,0.004412401652013876
rna|SPATA31A5,0.49855975645274964,4.0765363171365356e-05,-0.004363172358182282,-0.003666371577490198,-0.005702576406480693,-0.002027280974016798,0.022306217032297505,0.0004504917527177344,0.09746421254524823,-0.05360749386650979,-0.0006292876945678241,0.0011760868612285841,0.03864577092362477,-0.20151546969242615,0.009055565284389923
rna|UGT2B28,0.46138329914444587,0.00011244258509856878,0.002177731836267366,-0.0018059308513487518,0.045324246092600655,-0.0072340650117061036,0.001560324875062826,0.0002834485778529005,0.1932079394758585,0.03033956977365288,0.13432716423559768,0.007985220684782943,-0.05096971576054097,-0.14027992865329592,0.014407422899220718
rna|RRAS2,-0.15914864247544802,1.0957861192781345e-05,-0.0011843823934979674,-0.0004044216470255865,0.1040719485734047,-0.3319725843137211,-0.19948298455663946,-0.0006192739446324354,0.3579147123445946,-0.026148213609096062,-0.0011584430847575591,-0.05414177053330688,-0.03407251907705654,0.0068053312751088285,0.009163545965211769
rna|GAD2,0.4258332172507132,-6.1003895650915276e-05,-0.00716722049887064,-0.01633980714379095,0.0712476243544998,-0.006733130016888142,-0.05811774430508016,-0.0011777485154532714,0.012960469588839252,0.01871619848771004,0.011186578985122857,-0.014913495264560499,0.01629519837815087,0.004296755598221038,0.011592874920545254
rna|SH3BGRL2,-0.06702501866575125,4.0957796380949916e-05,-0.001886111639638993,0.026702557739786168,0.22583603590662438,0.002712552396227315,0.4797982132679945,0.07799850164473078,0.3373080085175344,-0.00656161648036701,0.031281878611817714,0.1605342668964041,-0.0018957764404301197,-0.27750362322737415,0.008780436915305988
rna|ADRA2C,0.34091707446560565,-5.382180573298445e-05,-0.0011801028852756017,0.020167927944885766,-0.17201614632298645,0.00363743650566427,0.06644185839107782,-0.01184025163560638,-0.09004703547913703,-0.009477772180197032,-0.05080531889360744,0.020454311358945303,-0.01910730305537007,0.04888502591165977,0.0050346735767103365
rna|MSX1,0.07029881420972695,1.7305910535219466e-05,0.0035181233489163,-0.00955401130745127,0.476370401221318,-0.15571580872259697,-0.005436104527357361,0.001893677362068673,-0.00597727357525805,0.010491899223030206,-0.009413848180220423,0.013796715271754571,0.0074024789080760905,-0.3393643883399101,-0.1269734453184791
rna|CCDC144A,-0.1776461252979666,-4.7726950986366644e-05,0.006022874394870621,0.1733820723545484,0.010909241669132593,-0.01630536626988469,-0.07685595138653693,-0.004098285780181731,0.12307786266440195,-0.025916206289032892,-0.011931709057821923,0.029828016713734976,0.008711734099740916,-0.294374402410752,0.009496577631282836
rna|PRB4,0.3256690287658821,-7.925759795775204e-05,0.00268201811248682,-0.04796861718922353,-0.035107890142679295,8.186951100215431e-05,-0.007771308406235521,-3.865727376503442e-05,0.0467998432033662,-0.05246128193237255,0.0988886370901287,-0.002238829669310312,-0.019175985758222065,-0.01805255939120214,0.016056758985168725
rna|TAMM41,-0.20167915325654726,6.560732288210476e-06,-0.0017868794256345453,-0.046575215294227,0.4817282090188137,0.0019845548788660528,-0.04711304354642391,-0.0004425299834113906,0.03386201801420983,0.013881503756149202,-0.005009357403039901,-0.01928781998561192,-0.0062441556501320545,0.10003767427423092,0.007817156943219852
rna|LACTB2,-0.165188222356541,0.00014335723629903794,-0.0026711936995814415,0.003401061518255601,0.18811908675419375,0.10340420310767927,-0.001978710964980585,0.00019651968214278064,0.5962843451624206,0.00035527723411620215,0.009044615407937736,0.004802010862985831,0.020866619964277015,-0.14578738874210412,0.01815638313532509
rna|RANGRF,-0.0892070575307977,-0.0004572858696346764,0.0017449166306137392,0.00026593840859880357,-0.015507504645454038,0.05802443912501678,0.03979428484535062,0.00031969325654803186,0.6519696209756008,-0.09606454603296419,-0.00643712777689316,-0.054764108692393794,0.008121235770733383,-0.44100188323023065,-0.003017195860303137
rna|ELAPOR2,-0.0406145642519541,-2.5038369489126642e-05,0.004586819785645388,0.0054515108039632386,-0.18650062893677263,-0.14291071432065516,0.015433507427019816,-0.0004050508225654392,0.21019860940983154,-0.01623524181325172,-0.006368367106929985,0.05069614791146213,0.0005145340818915663,-0.4751853905637702,0.024102361806811266
rna|MIR554,0.30617885581021953,-0.00014501325148057079,0.0009548382261677467,0.0003804439761941167,0.14810351029126506,0.001313107492447593,-0.010170618526310972,0.21320635157722095,-0.0854808673954061,-0.0501076777794721,0.006451828515418164,-0.011502771246157886,0.0024189274901925124,0.013994836048591208,0.03736871167532783
rna|SNAR-I,0.3654459654630885,4.577786482621698e-05,0.0021457676115628614,-0.004840894020835688,-0.07788206723983584,0.07014613843923045,0.0011404102607347518,-0.0008180321469462574,0.008743890898320807,0.0022228488599529595,-0.005646511431598724,-0.0027041994665343437,0.003841783616835292,0.010745162281629824,0.012227966037357799
rna|MIR7-3,0.4676803828870072,-1.6335217055023347e-05,0.002325385157581548,0.008760599308605361,0.04053361502445921,0.013598262713491198,-0.015829106129150863,-0.0005906147077092284,0.01248648177571322,0.0005427867329150692,0.013239075573906788,-0.010347934001392061,0.0016921189733458708,0.08702547184615982,-0.0009352748991125939
rna|OR5P3,0.4816022970098173,0.00029329684119625796,-0.002076424688998112,-0.0032105218226151215,0.06640003967524986,-0.005469357299054407,-0.00243985724653357,0.007050716126532089,0.04898181802366891,0.012573740032111575,1.7273631780626145e-05,0.03967154458391892,0.004009877401620084,-0.022868711945201597,0.015833472815241143
rna|FGF9,0.1656092530879487,9.710984531803478e-06,-0.00472571479096543,0.012645802611812258,0.29449212526556906,-0.008534750069224911,0.014024496875698605,0.0002545249014051846,0.01597074869626602,0.031897738335668134,-0.053612058419512054,-0.005623332338548584,-0.0029230350689214723,-0.1023584669837388,0.10227580265343654
rna|LALBA,0.4890916132518513,-6.927848656878457e-05,-0.004265941483642833,-0.017161159500776815,-0.01172726300175097,-0.0026014336532532416,-0.00045432794431946407,0.0004326448686882362,-0.0057492752649096635,-0.0027634810544530787,0.0015112852421014504,-0.016795294357107728,0.0025368134881480152,0.011697648265692147,0.005336356397931378
rna|CENPM,-0.0039885314525416405,-5.91864754339708e-05,-0.006275352755448863,-0.2050570789334961,-0.11268021644531082,-0.06261719002540075,-0.3077309492223199,1.6532134230671924e-05,-0.27506502538820327,-0.07893441820416999,-0.1046352699797001,-0.1440500963801975,0.007546316553898369,0.4446994303604475,-0.021456982064147086
rna|LINC01548,0.47879252938863187,-3.097319784973574e-05,-0.00571841893059574,-0.004870873790377288,0.0007966386422260894,0.00287850345912073,-0.029643748510929525,-0.00042323131716007244,-0.04375098578775557,-0.07745143779548308,-0.0008777246630102911,-0.0053970399320444114,0.008503976348644858,-0.08259819598847024,0.017130684461516176
rna|CLDN17,0.40932441813590953,-8.16780840513499e-05,-0.0092986320036205,-0.0018260870236886486,-0.11705690013936026,-0.013428605120595866,-0.031605585324984815,0.15461209210096738,-0.03117107666536349,0.00010951162785652894,0.0038667994811702362,-0.09564344725943219,-0.02874599761612176,-0.17165890896397398,0.0013218165774054815
rna|OR56A4,0.43716268859160995,2.1853795218637665e-06,-0.017923064598737094,-0.001819748684595697,0.12468634245405634,-0.0174849553999924,-0.040589689607012404,-0.0007288469974965673,-0.052191656145638955,0.007366569427929767,0.004215266795480224,-0.0005878772656885976,0.004960159976980896,0.02238675334740464,0.031127474160792964
rna|RASGRP4,0.0681988673346624,-0.00013327854551433967,0.001515033486356605,-0.00293651487940985,-0.2219580541092605,0.30147712940786675,0.007414073899339798,0.04305655377596039,-0.17303626571694294,0.09957905739473091,0.0006593054000989937,0.05488661952201389,-0.07118911889118683,0.11515969874226974,0.044578618659682046
rna|SNCAIP,0.001184612916905186,1.0651096719551202e-05,-0.0018092545975702333,0.0093800430229203,0.37930068389038446,-0.14024844114054086,0.274519423382029,0.0025027499073458402,0.01228834388472038,0.017513379028741727,-0.010961725524666645,0.23123057782182196,0.02332990911252572,0.031084891696151272,0.0005008921653479788
rna|MEF2C,-0.18566497668960133,1.698969154775624e-05,0.0028556854997465963,-0.07318008506519158,0.42246867606056454,-0.23594617382246796,0.018861896816534916,-0.0003417256377323037,0.2591509532871992,0.006236121556537532,0.001270254767779463,-0.0011688960357119497,0.03756705093348598,0.25304115073072336,-0.00918163859435118
rna|NOVA2,0.24749032925880476,3.0777632703664987e-05,-0.0006460595931493245,-0.013928154358994117,-0.05930047422517423,0.0030978069258608527,0.09541719774768943,-0.0006362158579892882,-0.31051725364039195,-0.05067506977888052,-0.0010412036406430886,-0.001293341797886572,0.022874795629665656,-0.4416193162097586,0.002461933204304997
rna|PLA2G4C,-0.03043301228818787,-6.315405563539877e-05,-8.959988816658553e-05,0.14739908705031973,0.6354981737240929,0.02602692822094512,0.12819683867258486,-0.020158415675646177,0.06074225904803252,-0.003355412666982427,0.006629106570936963,-0.016108953677165364,0.010794375106431529,0.025820538448058133,-0.09994468398685177
rna|NAA11,0.42999762623301496,-0.00010571566151690049,0.0046230791663184724,0.003813037425657401,0.0010450180344208245,0.027858668139459804,0.0042100817032963336,-0.0005970765550769479,-0.010965522123642655,0.03373738833918585,-0.0021634625414163437,-0.0012959536560893182,-0.015657557958247244,-0.019137511010756947,0.024082550808730823
rna|PHACTR3,0.44337827094961246,1.318445776856249e-05,-0.006849883418112443,0.09915929995618758,0.05230673329075004,0.002701203015839849,0.05585459249205546,1.0372528872814038e-05,-0.012718395410887437,0.015182811235339072,0.0006097644541875359,0.001730497641710784,0.008962847705050911,-0.1053668135426676,0.0033526587209351533
rna|HASPIN,0.005988776491737876,-1.0640833480688638e-05,-0.004510516331615103,-0.18360941499118272,-0.270035093772983,0.1529206959192166,-0.23524069607360823,-0.011600283500320191,-0.16870342261775254,-0.1086921844487448,-0.007479092063171771,-0.1095501296798789,-0.018260378453254022,0.18751252198208698,0.0009366490077596167
rna|RASL10A,-0.013278822472021579,-0.00022118634159753022,0.0004920138077977069,-0.011851053167217502,0.24152054223399197,-0.2985346349415563,-0.005387219383894244,0.0007935290089008328,0.10283678297039302,-0.004116837058786837,0.0006178803592409125,0.0007654210413964755,-0.0030170207958036413,-0.09106939128931904,-0.010175018699523723
rna|APOL4,-0.08212512417874054,-2.5385689494228393e-05,0.0018483516753481114,0.31761808898324445,0.027517989813532876,0.27750781177423656,-0.18319760866161422,-0.001867657068804566,-0.17665241979598365,-0.021685340200485625,-0.006431588331259827,0.12033876411901485,-0.019724400373001775,0.1274035772995053,0.01695123978622425
rna|CTDSPL,-0.0002667014292651173,0.0001463012144647569,3.979830305402861e-06,0.06445086339515241,0.43205355396920153,0.002425430150118711,0.011882305436819807,0.021768313364089287,-0.27335327534950493,0.005406644979597166,-0.00046124697227012667,0.07674423329787004,-0.01298759222014981,-0.28652482393795903,0.02357267138657086
rna|PDZD2,0.058446452189724205,-3.190901285042986e-05,-0.0016603693329972618,-0.09063204064109204,0.00239824063982917,-0.001187006980563556,-0.015291440698963205,0.11191261147228196,-0.08015168548932951,-0.0011064953925054614,-0.015004721804808906,-0.0038894170445260513,-0.012727781956005891,-0.016959154868413626,0.21279721401386123
rna|STON2,-0.23596546882952352,-3.801008854165197e-05,0.0015743885965575815,0.10761198507404104,0.004432940061661328,0.14690411990839075,0.24265124902522534,0.09489945089808903,-0.32475752474093394,-0.03348328786133329,-0.00928473209226173,0.16973365291626358,-0.014850778596927856,-0.012857524636752373,0.09959131931782253
rna|GTSE1,-0.10139505862371262,0.00010630735679638177,-0.002801901767090345,-0.2602992425946947,0.027091172225021862,0.035157874833773466,-0.23819682266687323,-0.0005598479076001241,-0.09741302586095987,-0.05753010878849798,-0.015346648514679467,-0.07479541885686766,0.004084159582513346,0.48316744351906954,-0.01783269058107241
rna|LUM,-0.20532657977994512,0.00015794889665892456,0.0014417576734038486,0.0004002416516411996,0.08787370683449,-0.18695285098313116,-0.08971477778349207,-0.0007389383330230555,0.10121013850832303,-0.07367300966975246,-0.008350112109795861,0.5120132276046806,-0.06774793117392694,-0.024881183610704863,-0.20813590642091676
rna|PGF,0.12727495389433757,0.00019048096403374767,0.01092751425486219,-0.003619186995403248,0.1915712228227111,0.00527496461950717,0.166170553647275,0.0030008277931679616,-0.3661779765915167,-0.07696304864314338,-0.02645980973972146,0.003010337589211257,0.01592316606410095,-0.26614740887542604,-0.1437299915889421
rna|AOC4P,0.39855800139116876,1.2493491381417715e-05,0.0007289437904767529,4.5707538098742025e-05,0.00501313981611363,-0.11514881091314969,-0.12160109219893928,3.480552527823343e-05,-0.017674366187923323,-0.005912982200158329,-0.0008778797736405961,0.06694836607508002,-0.011324193447491701,-0.19557712479182005,0.004873531978078253
rna|KRTAP5-8,0.47341470820017467,-1.4273329238447583e-05,-0.007348675801784405,0.003173826297822053,0.0682395069952084,-0.008273162087013678,-0.01992745111588666,0.00012819834751400745,-0.04667431967529697,0.035016945825048544,0.0020933609773237686,0.0036525044468248965,0.025295930249369394,0.08100530730372459,0.030672588345596215
rna|DAGLA,0.04086951063439213,0.00017690607724812533,-0.001913749447598631,0.1231354792844645,0.2610734186525447,0.1049343578677442,-0.08221024941602807,-0.0018751979791697972,-0.24561335031699444,0.006533618810010702,0.0035486684487219477,0.12167099178485481,0.030545797088872298,0.031119422089954423,-0.11679137483502444
rna|LSAMP,-0.012476045836323661,0.00024376499178134042,0.005168743493026754,0.0021939946498713936,0.06689501325403581,-0.18301330013844316,0.12304444035799846,0.0014036943768681402,-0.02691269955831549,-0.0013786994286239657,-0.004045107310948719,0.002331946483184493,-0.035029858851655896,-0.0202315530216089,-0.0394868040469306
rna|PCDHGA4,0.13435005051088209,-0.0001433714752078626,-0.004089594030982182,0.018519685225209852,0.0010500571274171815,-0.28160799590701396,-0.15020988781543346,-0.0018643403526833594,-0.171242132012475,0.003629291433512084,0.006743596373109056,-0.004998814610680263,0.007481943390751022,-0.005466817361073903,-0.007645751470386472
rna|TRIB3,-0.042699708262933705,0.00013147266766167732,0.014836019438592677,-0.1341217498878135,0.5378270863073565,0.1097884539654087,-0.06576083569435431,-0.00026406111863730837,-0.0030076279833565972,0.024526499930394106,-5.6100439395842304e-05,-0.3231175739564443,-0.03180942330938163,-0.24381451568323492,-0.008809968565943996
rna|COLEC12,0.3477481744784557,0.00015936969406049386,-0.003761737104029386,-0.11020200682134748,-0.16792094332475677,-0.05232128174030332,0.1553178625681969,0.0005743365181331384,-0.06416208685246158,0.0059626649826674035,-0.0013888350912009918,0.10768248707866825,0.0026104712607810474,0.17986202728982925,-0.0918448016129405
rna|KCNIP2,-0.005280978596559385,-0.0006443995708897663,-0.0021991052660223494,-0.05383623935312096,-0.058556502525572776,-0.09021051106998448,-0.05099513723533169,-0.002441753327695973,-0.34610195236083036,-0.0017371271257897562,0.0034310737936499953,-0.01245015780492455,-0.023415731131964084,0.22293785225394808,-0.11980906251686835
rna|LILRA1,-0.19292568416759528,-1.0982350359123079e-05,-0.0013356573776866758,0.1849514149717015,-0.11495016902904327,0.3517427676882238,0.06711248057864878,-0.008624055156978441,-0.044458509009020514,0.041993740960442075,0.007728067441199738,0.009980471323853083,-0.003694845646757427,0.03323913686565374,-0.009476859647314673
rna|CMBL,0.008419964068137222,0.00021043215674686167,-0.0037725566304336136,0.0012585569102089808,0.30125415981682335,-0.004337008639105381,-0.024805465522747785,-0.12978424698181054,-0.2708257548344365,0.08462804635071319,0.15348297505066003,0.04245485345788827,-0.013507204807948942,-0.2773272804877052,-0.010474691320379896
rna|TMEM54,0.003291387218535793,-3.5086368429166816e-05,-0.000685343761894492,-0.08517864724659445,0.2571686316845438,0.12883996513144833,0.001325297720429084,0.14541737058961138,-0.37330614083289293,-0.02283015523511244,0.003429523667522296,0.011063953694984046,-0.000304908401575188,-0.11454940693585637,-0.032693333231395824
rna|CHD1,-0.18303408383051198,-3.0437274274404292e-05,-1.2713591675660947e-05,0.0009871775163357009,0.25057911400185684,0.0679040808929827,0.0979880186791189,-3.925586294299041e-06,0.6864261215738763,0.07120084460408632,-0.00023954530038776945,0.0016488735787246855,-0.011142542147425518,-0.0029142922770989165,0.001893039752989603
rna|G2E3,-0.12154808540132354,0.0001022595299001431,0.0004322240276131896,0.0022333965721321753,-0.1900258988621429,-0.04871821231165563,0.070516608030229,0.0001944082704188789,0.6616932399386446,0.05298207427473257,-0.004251071742845248,0.006962545183075882,0.052833953828214326,-0.012238199638823897,0.004023566764109654
rna|CMPK2,-0.04051435015309293,-0.00012431495706243756,0.0007855275341158386,0.2454178750848181,-0.018116814321786114,-0.009000116122739536,-0.1298701860997138,-0.0010604701591474554,-0.24793006551038196,-0.03237457733642322,-0.0037054098300639865,0.003179562669031071,-0.02889666280985088,-0.045035488213798346,0.12831027007360807
rna|GCGR,0.012752559978857686,-2.7817882754245534e-05,-0.0006542048121295733,0.05420214864204283,0.07967555641987518,0.1364981122250063,0.15648813981158763,0.002615335316707361,-0.015056118342445825,-0.0034550222139990566,0.20367726241048226,-0.042529593532611175,0.027021659467741557,-0.17120508654834019,-0.014581542549294757
rna|ZNF660,0.04089837770138044,2.927942764263268e-05,0.0016693535012138607,0.025345635099585026,0.172799912755043,-0.2865581989014697,-0.09942366624962622,-0.0008399590247299244,-0.11595297167478465,0.01057894473035177,0.004362440861456581,0.053244666436555385,0.005751226892151339,0.3353017219472215,0.02890405124761109
rna|FCN2,0.35488805954350516,-3.2366639251529005e-05,0.0018333744587358401,0.002416611529074976,0.05763948262260159,0.0795190649520082,0.008495893431037207,-2.3096932850333597e-05,-0.06786695559688545,0.011654375979494005,0.25279888787601196,0.007382707080328302,-0.016590008317794145,-0.1864412916598958,0.013109830834682966
rna|SNORD9,-0.07625990004282932,-8.113879602270318e-05,0.0013218286890121901,0.06126840065732108,-0.5442359485444092,-0.050767480753519646,0.08325338264936515,0.00027026028949502,0.12943417115912634,-0.01580092626296387,-0.008916142105703531,-0.07968205377203622,-0.03007821898721955,-0.5601045339173467,-0.015698013787906716
rna|RHPN2,-0.009345204304449784,7.923995390960035e-05,0.0006736419665366148,-0.009741867140730153,0.14593291187346716,0.11989993931720867,0.0702697773764157,0.004044146690858625,0.3773598513878906,-0.07940399824683297,0.15252986676733093,0.0035620408669001396,0.020302373544115602,-0.03183966398768613,0.06113174486795336
