,F1,F2,F3,F4,F5,F6,F7,F8,F9,F10,F11,F12,F13,F14,F15
protein|HLA-A,-0.39566728,-0.83197045,0.17817262,-0.1938648,0.1906492,-0.017247789,0.48647082,0.04944703,-0.10953302,0.1291649,-0.1959781,-0.40350953,0.26619524,-0.617343,-0.32856244
protein|HLA-DQB1,-0.050494347,-0.16184543,0.06271514,0.05356069,0.4699337,-0.06442473,0.05743203,-0.19258963,-0.111701824,0.27784055,-0.038749497,-0.113219775,-0.0999238,-0.4309674,-0.642383
protein|NCBP2-AS2,-1.1136853,-1.2727797,-0.72874546,-0.37244016,-0.71016026,1.3490705,1.1088812,0.38078108,-0.6191086,-0.18790592,-0.22959198,-0.4397608,0.95782,1.1500216,-0.680964
protein|CLC,-0.11923345,-0.061151695,1.2062069,0.4126512,-1.3635318,0.20846273,-0.14390585,-0.5387804,-0.8553737,0.5284481,0.028465679,-0.44737315,-0.17734808,0.14019616,0.4808216
protein|A0A0G2JIF2,-0.07718983,-0.07497316,0.5907886,-0.08644191,-0.00026217822,0.36857086,-0.08631809,-0.16733024,-0.09426839,-0.32981965,-0.37806606,-0.154559,-0.38293368,-0.114613965,0.14724398
protein|HLA-CW,-0.10371903,-0.091674104,-0.15674151,-0.063568875,0.049421813,0.15646794,0.092470296,-0.052749634,-0.13406765,0.086643286,-0.04246048,0.072651275,0.047101814,0.059521303,-0.12859973
protein|SCARF2,-1.0984851,-1.1701721,-0.6329015,-0.5965458,-0.6973325,1.4918234,1.3253037,0.5108532,-0.5761324,-0.24533352,0.2577361,-0.5227495,0.9050339,1.2145292,-0.6341004
protein|A0A182DWH4,0.20079958,-0.5876212,-0.18246245,0.0020324627,0.21514845,0.23325518,0.5089969,-0.12301552,-0.16074648,0.21787618,0.06705195,-0.11219323,0.48639238,0.0070783026,-0.09869279
protein|DEFA3,-0.5731684,0.6145182,1.0455418,-0.45104098,-0.7476439,-0.24418828,0.20313837,-0.032645904,-1.4324719,0.027193755,-0.2102635,-0.072867475,0.1259238,0.35705364,-0.13732019
protein|MAGEB2,-0.09218857,-0.17069334,-0.12140614,-0.0394248,0.080772914,0.3609391,-0.060504347,0.10874038,0.0057912897,0.16772649,-0.2788507,0.36374313,0.18484607,0.048188616,-0.52015954
protein|AZU1,-0.71796584,0.9392634,1.5953456,-0.27052578,-0.43549806,-0.60202044,0.39310434,-0.1427342,-1.6154361,-0.2507911,0.03904015,0.26412565,0.24440989,0.7137792,-0.3435054
protein|KRT6B,-0.8333112,-0.5167235,-0.028240165,-0.54847354,-0.5068255,-0.26272815,0.49113417,0.15338817,-0.45565522,0.11079844,-1.1681396,0.55770254,0.33010826,-0.06484878,-0.33003283
protein|HLA-DQA1,0.08845141,0.35106263,0.5524179,-0.09993097,0.54588413,-0.2565852,-0.38157085,0.19664063,0.37968794,0.53561306,0.09880118,-0.4756082,0.38612068,-0.98163044,-0.30539286
protein|PHF21A,-0.6948196,0.47806603,0.80239,-0.28688964,-0.4621939,-0.055650633,0.53659576,0.07502201,-0.87576705,-0.31397635,0.79117537,0.5353531,0.36275172,0.76885426,-0.74185795
protein|PLK2,-1.2090296,-0.48748088,-0.40132537,-0.07871274,-0.84011114,0.47830972,0.044849496,0.03794457,-0.4742379,0.13429877,0.32397795,-0.7486741,-0.04624479,0.68756855,-0.27903846
protein|HLA-DRB1,-0.20913054,-0.4685013,0.058584627,0.092610985,0.015949143,-0.17851056,0.021326646,0.103302896,0.09057695,0.33251876,-0.0032217384,-0.33383495,0.27874684,-0.44675738,-0.6197136
protein|COL1A1,-1.3047131,-1.1397567,-0.72765017,-0.8520754,-0.96585053,1.3741657,1.1742388,0.70154905,-0.51321054,-0.1751055,-0.016911596,-0.4917138,1.1866014,1.0503188,-0.62375474
protein|HLA-B,0.33600512,-0.4798278,0.24157764,-0.104146995,0.08692864,-0.00234707,0.2438929,-0.11314159,-0.10643519,-0.058271598,-0.15286902,0.23954685,-0.15057214,-0.35513526,-0.10987577
protein|PRTN3,-0.5869192,1.0755225,1.3154391,0.060840074,-0.5232198,-0.4375781,0.11187046,-0.0889652,-1.6071086,-0.13659738,-0.25378576,0.18620703,0.12768462,0.47047827,-0.46619728
protein|HLA-DRB5,-0.34710205,-0.23665334,-0.026472336,0.19046584,0.48650035,-0.16984299,0.46627554,-0.013587354,-0.04638266,-0.3215384,0.2576229,-0.07787065,-0.1150102,-0.15213278,-0.37538806
protein|ADARB1,-0.51443875,-0.11313745,-0.2628702,-0.35247013,-0.061330467,0.8006507,0.39334184,0.5188589,-0.33393317,-0.11931324,-0.063911274,-0.107107274,0.4732028,0.7709229,-0.36675102
protein|HBA2,-0.54863024,0.7772838,0.7014001,0.09677155,-0.16500072,-0.35330573,0.45899987,0.5526743,-1.0282679,0.044566408,0.26316115,0.37299958,0.7825257,1.1936383,-0.48905507
protein|COL1A2,-1.2743391,-1.1038712,-0.8402638,-0.68764794,-0.9232346,1.551685,1.1487077,0.72068244,-0.48756433,-0.17240688,0.11439773,-0.4578237,1.0711435,1.1018839,-0.6322224
protein|S100A12,-0.88727206,0.8140584,1.4001638,-0.44854,-0.45058912,-0.5378324,0.25560582,-0.2402992,-1.2326819,-0.20222184,-0.106788866,0.44664675,0.15491158,0.28013378,-0.2972415
protein|CRP,-0.1404931,1.2439638,-0.09002251,-0.2262746,-0.21583994,-0.095397234,-0.38605517,-0.0813246,-1.4916637,-0.08703182,0.7182047,0.553545,-0.19127518,0.96565676,-0.10217675
protein|HBA1,-0.35463402,0.9652702,0.73333484,-0.2797221,-0.43954194,-0.44627956,0.61087906,0.40034935,-0.83367914,0.1398377,0.7995505,0.51559997,0.81101704,1.3915805,-0.3796742
protein|GSTM1,0.4768236,0.43394127,0.17534204,0.9999149,0.12498072,-0.11154755,-0.14062499,0.43657282,-0.25763586,0.05179557,-0.7097509,-0.5732617,-0.35302246,0.10060745,0.3655735
protein|SERPINA1,-0.37849247,0.32716998,0.73099416,-0.49594092,-0.48070022,0.44249767,0.08288168,0.10286205,-0.6927086,-0.082089454,0.48976156,0.17786103,0.1803356,0.61365855,-0.22124408
protein|SAA2-SAA4,-0.25634652,0.37871632,0.58620524,-0.12733223,-0.16148767,0.515752,0.075239345,0.22556107,-0.95483243,-0.35334522,0.5581993,0.4198674,0.18662429,0.54286534,-0.66138023
protein|E9PMV2,0.28659227,0.10264585,0.1542294,0.20617862,0.6560429,-0.40893382,0.116862744,0.19767834,0.18586887,0.5479929,-0.03182494,0.0002055813,0.23978156,-0.55083793,-0.42487174
protein|HLA-DRB4,-0.0717142,-0.14597131,0.019903818,0.2207839,0.07973177,-0.032714926,-0.080641344,0.05915271,-0.13969658,0.13678667,-0.025800107,-0.3611607,0.038085483,-0.18352456,-0.3121849
protein|IGJ,-0.35871506,0.08850832,0.23123688,-0.44602042,0.074166164,0.2611581,0.67280823,0.2850616,0.020879624,-0.22079375,0.0071860957,0.45217714,-0.108586356,0.48517352,-0.14644928
protein|COL11A2,-0.8405018,-0.49988502,-0.3466775,-0.67353123,-0.25602332,0.59483063,0.5595173,0.36231512,-0.25608438,-0.2024986,-0.2702112,-0.13588715,0.60929155,0.35373724,-0.50327337
protein|COL3A1,-1.1241438,-1.0640023,-0.78356785,-0.7903418,-0.9808491,1.3195465,1.035408,0.705962,-0.37980843,-0.10193643,0.047340393,-0.567074,1.0976989,1.0681881,-0.45422348
protein|Q5Y7H0,0.13704498,0.02574667,0.14806265,-0.08359443,0.78358525,-0.20083645,-0.04690384,0.1765589,-0.07128674,0.4056743,-0.06640823,-0.089569986,0.12568462,-0.80670196,-0.41548413
protein|Q5Y7D1,0.318837,-0.41300732,0.20419802,-0.07818298,0.2220414,-0.013271743,0.46188557,0.29747692,-0.19822057,-0.22936694,-0.3669046,0.102598906,0.2451875,-0.3106035,-0.1842181
protein|P0DP04,-0.5416612,0.23252249,-0.034870982,-0.1128691,-0.39106986,0.33283335,0.22391798,0.23217651,-0.048867684,0.37117738,0.3009471,-0.09080342,0.23705648,0.7083537,0.20487797
protein|UACA,-0.6918815,0.25160557,0.24577263,-0.16208313,0.13457388,0.18426931,0.5773128,0.15830025,-0.54593045,0.115362324,0.3738772,0.3291376,0.029484764,1.0189947,0.05647353
protein|HLA-DOB,0.60957587,-0.4385879,0.23795931,0.33158657,0.5918214,-0.12349939,0.31698334,0.4617222,-0.15856981,0.10853005,-0.13237406,-0.6733763,0.86848503,-0.8236624,-0.37481868
protein|KMT2C,0.084808394,0.4681046,-0.93866396,-0.25279185,0.2546513,-0.32126212,-0.21449053,-0.40427053,-0.20582618,-0.0060160197,-0.53608155,-0.18111347,-1.0149126,0.23179859,0.60334945
protein|Q5Y7D2,0.32004464,0.13497753,0.20956436,-0.24125724,0.09021371,-0.19051202,-0.15155861,-0.2305663,-0.044123027,0.2794885,-0.020682203,-0.05530589,-0.14003159,-0.2784619,0.17435038
protein|EPX,-0.21264593,-0.047735654,1.0836755,0.28951123,-0.6410097,0.31421566,0.15053764,-0.4382619,-0.86480325,0.1542626,-0.21624401,-0.3454426,0.037544306,0.13430843,0.04794862
protein|POSTN,-0.64716184,0.32568204,-1.1304313,-0.6455812,-0.57339984,1.19653,0.35282892,0.7108025,-0.5280957,0.5592118,0.4078302,-0.9230345,0.5591987,0.7133776,-0.32620245
protein|S100A9,-1.223089,0.5907219,1.2907952,-0.30734074,-0.41883254,-0.73885477,-0.43122587,-0.3232,-1.1485051,-0.15209773,-0.04839825,0.73108256,-0.40641817,0.33380854,-0.217238
protein|EIF1AY,-0.071747765,0.07246274,0.3576109,-0.06855157,0.21596666,-0.21003883,0.3780025,0.06417379,0.22182117,-0.09119532,0.056680974,0.29286072,-0.0051071653,-0.20515236,-0.09968786
protein|ELANE,-0.60131556,1.0102266,1.3197055,-0.30504936,-0.5629582,-0.27605268,0.050617047,0.078209735,-1.7068743,-0.054672506,0.38937065,0.14380608,0.13299729,0.77951914,-0.2508472
protein|CA3,-0.6443563,0.23103307,-0.17190042,-0.1423281,-0.20873511,0.1451009,0.4090101,0.20282826,-0.58062005,0.5346132,0.33691582,0.050179757,0.835421,0.41343942,-0.24048683
protein|IGHM,0.28629926,0.4295832,-0.16173671,-0.40995216,0.19675323,-0.20300724,0.32319912,-0.047339525,0.04068221,-0.077439606,-0.019507125,0.2751127,-0.14196603,0.47244793,0.29390904
protein|HBB,-0.35533792,0.9588834,0.7257483,-0.26595902,-0.48341233,-0.48306713,0.5585523,0.41818807,-0.7614566,0.115008384,0.851326,0.50309783,0.8323908,1.4565765,-0.38652167
protein|DDX3Y,-0.32946467,-0.35254267,0.21179764,0.09217992,0.17116135,0.050208963,0.28336212,0.18440789,0.31317076,-0.2750634,-0.28393093,0.21018285,-0.14062102,-0.39530295,-0.31424317
protein|COL5A2,-1.0851312,-0.9652176,-0.3123544,-0.74603105,-0.42564833,1.4818538,0.9239354,0.5179587,-0.44091853,-0.31634513,-0.0053941016,-0.41686812,0.7713881,0.86711353,-0.74731874
protein|HLA-DPB1,0.02677992,-0.14718898,0.27134588,-0.19475737,0.24456887,-0.249134,0.063227564,0.13051122,-0.100704476,0.15144119,-0.18523037,-0.35960317,0.21723242,-0.84697264,-0.6461962
protein|FGG,-0.98431283,0.85747033,0.59697086,-0.5123131,-0.54529315,-0.44252282,-0.44981098,0.4512061,-1.3425446,0.031844843,1.0617237,0.92063427,0.29969585,1.2268089,-0.34985548
protein|FRAS1,-0.28898472,-0.59918916,0.044938844,0.04403407,0.5078929,0.44318497,1.0192003,-0.27388912,-0.49088728,-0.26873648,0.13081978,-0.18025818,0.33911434,0.5226105,-0.42896077
protein|FGA,-0.98496896,0.6956314,0.446119,-0.4973788,-0.4573862,-0.29514274,-0.028676985,0.42451164,-1.413318,-0.03494578,1.0508155,0.9354699,0.38977924,1.3668216,-0.5432824
protein|HLA-DRA,0.2306048,0.056707986,0.08728236,-0.0050453288,0.779836,-0.34541917,-0.12064634,0.10330272,0.05111127,0.8143597,-0.05002833,-0.26253614,0.2220816,-1.1249176,-0.46962875
protein|LTF,-0.557244,0.85394424,1.152469,-0.39013532,-0.43857744,-0.28690743,0.3012322,-0.048773713,-1.6137272,-0.083818205,0.20460418,0.16735747,0.25395763,0.35549164,-0.23914227
protein|FGB,-1.0425655,0.663218,0.6142543,-0.55255055,-0.41997704,-0.38596243,-0.31949905,0.52113354,-1.2744933,-0.021549137,0.9569331,0.9066472,0.3068161,1.194449,-0.48237607
protein|Q5SU54,0.15690523,-0.026959382,-0.0843331,-0.004808103,0.635272,-0.09584585,0.08586691,0.112085424,-0.059329987,0.5461944,0.028926022,-0.057808477,0.34120825,-0.85926366,-0.5670429
protein|CMA1,-0.3010241,-0.3140477,-0.27254784,-0.52834344,-1.429273,-0.23224628,0.5574368,-0.1897855,-0.38760394,0.17470855,-0.8777108,-0.35366014,0.58025247,-0.08029967,0.3656746
protein|Q2L6G2,-0.43197656,-0.56640434,0.25723565,-0.017435187,-0.042086124,0.00020630789,0.0050435285,-0.05710604,-0.040830962,0.017793588,-0.2555242,0.06446342,0.14068243,-0.029641684,-0.34434927
protein|PLIN4,-0.13072082,-0.0094809625,-0.43917185,-0.09384923,-0.23908338,0.6367866,0.1997191,-0.06419873,-0.5528134,-0.1450865,0.38713378,-0.47799546,0.4589641,0.6778418,-0.18434152
protein|P01911,0.23867676,-0.037669234,0.060330473,0.004783445,0.71609116,-0.15000404,0.10260174,0.03846044,-0.07452323,0.51642776,-0.05351523,0.02313705,0.21785739,-0.7685989,-0.7746948
protein|CD34,-0.43174648,-0.97370446,-0.2223187,-0.24514624,-0.5340427,0.9496747,1.0538493,0.1518509,-0.33654597,-0.6379944,-0.33064222,-0.07201418,0.3633425,0.7312028,-0.7119783
protein|Q5EP54,-0.07867529,-0.20512287,0.15425105,0.21224923,0.5794774,-0.020589378,0.4090694,-0.23811445,-0.07603565,0.4171026,-0.09473061,-0.19036713,0.088632606,-0.58082247,-0.45016167
protein|IGKV2D-28,-0.73771036,0.44530746,0.017732918,-0.27203286,-0.52534395,-0.04026562,0.29473147,0.22719035,-0.5671349,0.2681424,0.61754435,0.25924805,-0.022816211,0.7732138,-0.115664646
protein|MARCKSL1,0.25138134,-0.4575368,-0.49531108,-0.2870956,0.7459462,0.7798043,0.25943062,0.9605395,0.11873191,0.25919878,-0.20137489,-0.14858933,0.9829884,-0.88490635,-0.7407176
protein|SPTLC2,-0.51557046,0.6053558,-0.057264388,-0.055672385,-0.052944157,-0.5416661,0.061353236,0.17253259,-0.70388144,0.17894661,0.2845275,0.5365456,0.21221405,0.9007463,-0.036460098
protein|TMSB4X,0.32584655,-0.40385884,1.0760221,-0.1715627,0.050621957,0.78167015,-0.6487928,0.2959179,0.4840978,-0.769259,-0.6968612,-0.255491,0.23899922,-1.1246029,-0.38039067
protein|PLIN1,-0.02289324,-0.34847736,-0.6469853,0.07194378,-0.36801234,0.5309543,0.38633406,-0.108884186,-0.47070187,-0.09963772,0.38848555,-0.5336876,0.37406948,0.6039219,0.014026096
protein|COL5A1,-1.0453923,-0.8345468,-0.42086813,-0.7482661,-0.5221377,1.4885924,0.6497014,0.60882163,-0.31641546,-0.13357939,0.0956282,-0.083282076,0.903292,0.7815293,-0.7166881
protein|CKM,-0.5809928,0.14732942,0.29298717,-0.28503728,-0.027363509,-0.16304694,0.3487905,0.03211092,-0.6876531,0.3999594,-0.48862955,0.28193414,0.4212307,-0.023982422,-0.1872852
protein|FCER1G,-1.6647807,-0.49343574,0.6386956,0.55733716,-0.17898253,-0.50076854,-0.6050397,0.09264445,0.2063731,-0.26026458,0.3170536,0.6379209,-1.000043,0.51730543,-0.12123977
protein|P0DP03,-0.42953992,0.17759034,-0.22103257,-0.48350394,-0.4947124,0.14906879,0.01290927,0.3213477,-0.51240486,0.33217764,0.46954095,-0.116948895,-0.20366825,0.74672407,0.34903094
protein|RPS4Y1,-0.36838385,-0.0003397905,-0.06371002,-0.020636247,-0.058390822,-0.26555523,0.40387875,-0.24896926,0.3405573,-0.11352153,0.0801244,0.17082949,-0.28189382,-0.5339688,0.18004405
protein|Q5QT33,-0.3187703,-0.51855624,-0.15081951,0.13443877,0.22492118,-0.13503323,0.004702228,0.35764745,0.1542183,-0.23393275,-0.09394903,-0.09096866,-0.22358829,-0.26368237,-0.24398136
protein|CPA3,-0.40987417,-0.49886042,-0.20299517,-0.45615366,-1.1230853,-0.10047143,0.741207,-0.2828026,-0.6657023,-0.007354285,-0.90127504,-0.56143934,0.43645617,-0.060152464,0.5794579
protein|Q5Y7D3,0.03627062,-0.09062583,0.26327857,0.04682725,0.058340803,-0.04157443,-0.27797654,0.098170556,-0.071245745,-0.13570169,-0.029831106,-0.09811842,-0.09658971,-0.11060639,0.47996983
protein|A0A0D5XQ77,0.2652483,0.114063166,0.060349207,-0.02128019,0.5152648,-0.07512225,-0.02094042,0.16758876,-0.17084761,0.47096044,0.12386163,-0.14432588,0.29281142,-0.5648218,-0.58639556
protein|IGLV4-69,-0.54693073,-0.23663315,0.24144329,-0.34375843,-0.2907465,0.5738667,0.61629736,0.060860485,-0.5150287,0.042314306,0.38278925,0.09534761,0.54877967,0.71863437,-0.14036915
protein|IGHV4-4,-0.4943014,0.5486421,-0.07808066,-0.29813743,-0.31088158,0.07575083,-0.055046417,0.2243217,-0.33357468,0.4460039,0.480307,-0.16328198,0.043839242,0.43601045,0.059487212
protein|ALPL,-0.50547457,-0.34998587,-0.12519959,-0.0122366585,-0.35683274,0.8733415,0.4043936,-0.09618058,-0.3689463,-0.7562132,0.07746969,-0.12369598,0.112647094,0.5310799,-0.4282162
protein|IREB2,-0.12396942,-0.15654674,0.007328678,-0.11640578,0.21370721,-0.2309633,0.46066833,-0.34412196,0.2353573,0.15125692,-0.47514716,0.009052859,-0.086693935,-0.42833218,-0.08246543
protein|HBG1,-0.3353806,0.22624095,0.3489159,-0.30913815,-0.12204977,0.022208475,0.5660596,0.30456758,-0.7146866,-0.26062432,0.75885415,0.49894282,0.7397686,1.1945293,-0.469976
protein|D7RIG5,0.20077,-0.011253291,0.06525294,-0.113924086,0.68565714,0.18334422,-0.16465431,0.25404102,-0.011099233,0.50262064,-0.1524485,-0.2431485,0.32377884,-0.93440133,-0.32559955
protein|O19617,-0.45164222,-0.37377235,0.053401783,0.032411583,-0.01811768,0.49704644,0.24135925,0.0028360407,-0.20801651,-0.19528319,-0.06381705,-0.32265532,0.07352419,-0.0064140884,-0.36394733
protein|JMJD1C,0.4335996,-0.46169603,0.5612463,-0.39829245,0.6986379,1.0141145,0.21289383,0.16494347,0.73011,-0.57354516,-0.6879376,0.66391003,0.40330598,-0.5305936,-0.60079455
protein|MB,-0.5879917,-0.046429984,0.047577567,-0.17881316,-0.0953536,0.09464512,0.54151374,0.021261046,-0.5872934,0.44311062,-0.32662627,0.14099635,0.46466595,0.3373771,-0.20218556
protein|C8A,-0.6175004,0.3936964,0.15255812,-0.6074573,-0.6165559,0.024818383,0.23978497,0.45935467,-0.9176076,0.19250448,-0.2944402,0.787396,0.4654369,0.38774005,-0.52930653
protein|CHDH,0.42098847,0.034200758,0.14031264,0.3068538,0.35688528,-0.18945353,0.12113934,0.13311754,0.1057129,-0.112981826,-0.30918783,-0.2788654,-0.03304677,-0.28659138,-0.026070485
protein|HLA-DOA,0.60864264,-0.12691723,0.60965437,0.32047033,0.9366334,-0.17142603,0.42322677,0.27103925,-0.31581336,0.21129568,-0.14815064,-0.7750999,0.33479086,-0.8613492,-0.47063422
protein|SOD2,-1.2835615,-0.29566392,-0.19070272,0.6052266,0.055558,-0.47796556,-1.2507876,0.4204418,-0.4739113,-0.7378908,-0.449021,0.31166717,-1.4522293,0.103534006,0.076364025
protein|IGLV7-46,-0.42641276,0.34290767,0.15807833,-0.21866336,-0.3989538,0.24355341,-0.01908105,0.3058502,-0.20096427,0.25149044,0.16304196,0.17399092,0.13535014,0.512729,0.113186695
protein|DCN,-0.9984187,-0.37769192,-0.8077071,-0.819102,-1.2445557,1.1524132,0.40669623,0.78917307,-0.33067828,0.049804866,0.09145505,-0.5739462,0.91519874,0.7199447,-0.07581153
protein|FBXL18,0.02240981,-0.07625103,-0.5194435,0.36664814,0.47605574,-0.106923774,1.0238473,-0.88135946,-0.6211687,0.16595733,-0.5558582,-0.6057907,-0.5948261,0.18769902,0.21285048
protein|HMGN4,-0.004101168,-1.1565992,1.4184003,-0.17976458,0.17856073,0.85110635,0.13377663,0.36754113,0.70929015,-0.9456659,-0.6333595,-0.64095163,0.4779584,-0.8090835,-0.1753439
protein|MPO,-0.7062367,0.7280353,1.3003161,-0.07962553,-0.21609434,-0.2666683,0.21345323,-0.14620666,-1.6062616,-0.19260707,0.05659616,0.29281914,-0.058152553,0.44863027,-0.41585046
protein|MCM3AP,-0.0621191,0.14302285,-0.25668967,0.07083191,0.10370811,0.21084821,0.27712807,0.102335356,-0.5823784,0.028432528,0.24386595,0.2306431,0.31635055,-0.010078504,-0.37636146
protein|COL6A6,-0.24488778,-0.018854974,-0.19931576,-0.040820602,-0.6607038,0.11352913,0.0316415,0.009042678,-0.6378082,-0.16779992,-0.023792984,-0.21445006,0.34753242,0.16182919,0.15379348
protein|CTSG,-0.5955149,0.4117325,0.9986775,-0.19410636,-0.72293633,-0.26967016,0.5168796,-0.2665906,-1.738735,-0.13427101,-0.15578036,0.060645077,0.48711577,0.34884676,-0.009319625
protein|TTN,-0.22224315,-0.38656834,0.59942216,-0.32412678,0.15649901,0.13136332,0.22566062,-0.26402694,-0.2843275,-0.4125232,-0.76528215,0.05863265,-0.108158104,-0.31188676,-0.21576414
protein|UCHL1,0.26666686,-0.08163808,-0.38312,0.0625284,0.29944178,0.30383527,-0.16052896,0.46078426,-0.07040273,0.25659475,-0.075517625,-0.0667435,0.100700706,-0.39783287,0.05560388
protein|S100A8,-1.012286,0.49052146,1.08933,-0.3275228,-0.41683757,-0.69243914,-0.23909788,-0.33121508,-1.1681249,-0.16765645,-0.004153111,0.5710456,-0.29980686,0.29937586,-0.08836022
protein|RECQL5,0.51169246,-0.5064209,0.4955213,-0.6183997,0.3913153,0.22709788,0.2682707,-0.6854999,0.8944772,-0.4573488,-0.23249121,0.49381766,-0.3706652,-0.049323477,-0.93145716
protein|CA1,-0.22156858,0.8405115,0.56934047,-0.051311463,-0.36460888,-0.58403224,0.58018446,0.3571596,-0.8366796,0.1865455,1.0098478,0.2322086,0.84785223,1.169293,-0.27412063
protein|FCER2,0.52875525,-0.057338227,0.0111401575,0.10285764,-0.034071084,0.14387393,0.34785327,-0.22930132,-0.2948741,0.079496436,-0.06459315,-0.44066906,0.36650795,-0.18072723,-0.48007894
protein|HMGCS2,0.30628026,0.6251777,-0.155729,1.0755982,0.7775232,0.09919657,-0.0010986774,0.6386852,-0.6332765,-0.11010124,-1.0999577,-0.09091733,-0.573088,0.025578007,-0.1511391
protein|FABP4,0.057676557,0.004700813,-0.5826814,-0.1656856,-0.4076284,0.37408146,0.21394442,-0.27153835,-0.3322081,-0.27046442,0.3653152,-0.54724,0.084023066,0.5118135,0.11320006
protein|HBD,-0.33143467,0.7675573,0.76373947,-0.052875888,-0.31686848,-0.54269964,0.59897566,0.40631616,-0.7399999,0.093956284,0.809025,0.4654001,0.80430406,1.3696617,-0.37657315
protein|C1QA,-1.2006768,-0.24651675,-0.017136335,0.42862093,-0.52468294,-0.2006767,-0.7346434,0.020608295,0.41887754,0.1822516,0.9805727,0.04308049,-0.834225,0.6780957,0.04689585
protein|FTL,-0.6981222,0.4033395,0.38104457,0.14033741,-0.3881347,-0.18426777,-0.22935908,-0.15501344,-0.025773555,-0.01963782,-0.005972753,0.33655548,-0.6594164,0.33648482,-0.121267974
protein|IGHV1-18,-0.56106246,0.31037405,-0.03333465,-0.44921243,-0.5997174,0.4281774,0.2278911,0.09829362,-0.5530916,0.3631741,0.3414822,-0.10154933,0.21332006,0.7151879,0.10282771
protein|P80748,-0.8422856,-0.16362348,0.013366069,-0.38165393,-0.21821302,0.556578,0.36796752,0.18948585,-0.3907007,0.15134189,0.39844185,0.28389513,0.19939198,0.543926,-0.4459883
protein|IGLV4-60,-0.557413,-0.41311216,0.11675747,-0.44616792,-0.09796858,0.7017766,0.98826236,0.13540976,-0.37954375,-0.08710674,0.33766985,0.061185393,0.5001069,0.7738848,-0.23243748
protein|P0DOY3,-0.46723068,0.07044789,0.40640146,-0.58833575,-0.27993974,0.3517544,0.20828265,0.45725855,-0.22603288,0.29609767,0.42026514,0.47291937,0.47285903,0.8891459,-0.12091453
protein|MBP,-0.100491434,-0.7857055,0.6337849,-0.32669315,-0.277159,0.19212298,-0.13652955,0.37098783,0.3767574,-0.82306594,-0.34051925,0.39922646,0.054227196,-0.5134277,-0.47288483
protein|PLTP,-0.8212801,-0.22157007,-0.2274905,-0.057991125,0.052429013,0.3926689,0.31388515,0.103912584,-0.94870585,0.4064016,0.4839101,0.017849697,-0.0049608382,0.48600623,-0.528708
protein|AKR1C3,-0.083518274,0.4014947,-0.15711889,1.0452867,-0.503837,-0.033796657,0.37791163,0.732875,-0.72424513,-0.011670134,-0.5870893,-0.34042823,-0.12986165,0.6130476,0.11830321
protein|IGKV2-24,-0.38441992,0.47159895,-0.02805996,-0.21134943,-0.29836833,-0.060408443,0.054049894,-0.15264589,-0.47055668,0.25182876,0.4718859,0.086401686,0.007639218,0.5282147,-0.16839157
protein|IGKC,-0.532907,0.61742663,0.19170024,-0.73998076,-0.50126386,0.35637,0.04660813,0.44843525,-0.24979843,0.15276264,0.34324008,0.4446513,0.17272566,0.8475313,0.12778547
protein|UCK2,-0.21864314,-0.57664365,-0.25099453,0.004510058,-0.15205246,0.2455785,0.69570607,-0.36007968,-0.31463593,0.038784944,-0.15799583,0.23192209,0.56645733,0.4822093,-0.4348436
protein|TUT1,-0.29327208,-0.04681379,0.24624558,-0.26790774,-0.45483974,0.36518914,0.13822165,0.27313587,-0.58113045,-0.24500374,0.12227027,0.15894325,0.6776716,0.5887835,-0.2600261
protein|MAGEA9,0.15242049,0.31358048,-0.3487749,-0.041341387,0.164926,-0.018631075,0.11632767,-0.017278768,0.29158652,0.14135158,-0.30557021,0.32023096,-0.023877915,0.40796956,-0.20425794
protein|LCN2,-0.42061508,0.85885596,0.88048834,-0.3145075,-0.24308568,-0.491332,0.1883003,0.043187562,-1.2191869,0.21102728,-0.015427475,0.18852235,0.07571369,0.4507209,-0.07029445
protein|PTMA,0.19658218,-0.48147005,0.6735894,-0.78037834,0.44665512,1.0105503,0.19555849,0.2907825,0.80041313,-0.6529564,-0.8036782,0.66488355,0.62952334,-0.44285774,-0.46739057
protein|IGKV3OR2-268,-0.47567937,0.06940009,-0.06939121,-0.099701494,-0.31118646,0.3314432,0.30372906,-0.031667724,-0.514051,0.15751198,0.3655497,0.22452372,-0.021709228,0.56172025,0.07788869
protein|A0A182DWE9,0.059630036,-0.2393774,-0.28308505,0.1590708,0.53438455,0.1001511,0.18779433,-0.0020826727,0.12118686,0.4418933,0.18769638,-0.23874731,0.13706645,-0.38525718,-0.3826298
protein|ACTN2,0.101786904,-0.7926289,0.3039984,-0.24049923,0.22494559,0.6491643,0.748851,-0.6058657,0.2621306,-0.33329347,-0.21982607,-0.41764283,0.43629915,-0.12136495,-0.19612055
protein|HLA-DPA1,0.21909237,-0.1502559,0.3849253,-0.06818024,0.9439617,0.08144568,-0.08117847,0.17526965,0.16017833,0.37245256,-0.15449923,-0.387655,0.0017255401,-1.0247841,-0.7195682
protein|GYPA,-0.30742094,0.1385741,0.601187,-0.03310494,-0.10004424,-0.2139262,0.502772,0.3302487,-0.78692126,-0.03684652,0.79951394,0.58828485,0.6834298,1.0636612,-0.71390545
protein|MECP2,-0.082672514,-0.99377924,1.081736,-0.21281971,-0.041504707,0.76041394,0.42488918,0.07437634,0.17126787,-0.9875093,-0.33763608,-0.8950363,0.64305365,-0.3561897,-0.31540555
protein|PRSS3,-0.28808182,-0.6876418,0.07126711,0.35150665,0.58849895,0.07223003,1.0324895,-0.43461066,-0.73520964,-0.021531109,0.14315899,0.18356411,0.09375874,0.41755584,-0.515676
protein|HMGN3,-0.12800874,-0.8143648,0.47291932,-0.51544666,0.5692589,0.77000487,0.34636018,0.28251764,0.800314,-0.7349987,-0.24354272,0.42477468,0.37929088,-0.17791945,-0.064116314
protein|TMEM2,-0.09540657,0.23311082,0.2025328,-0.48775747,-0.3349192,0.35718757,-0.1894907,0.5954317,-0.59983397,-0.33916214,0.041275147,0.15357108,0.34517413,0.8025874,-0.06929757
protein|ERAP2,-0.1540177,-0.032508966,0.0058554644,0.15264791,-0.0049448526,-0.10395267,-0.10713588,-0.43660876,0.03966549,-0.25052378,0.27492702,-0.19278717,-0.3227759,0.030275859,0.047362305
protein|IGHA1,-0.60474014,0.3405297,0.36400107,-0.4680665,-0.5213232,0.30050784,0.1549735,0.4360477,-0.6700751,0.2328364,0.23508392,0.46758354,0.363055,0.7309629,-0.38720292
protein|RPL22L1,0.14262478,0.14896563,-0.37646285,-0.2975637,0.2506647,-0.057637956,0.2409764,-0.4932048,0.45994788,0.24442159,-0.057395708,0.10578526,-0.1863911,-0.22582678,-0.105700776
protein|OGN,-0.7462316,-0.21735433,-0.5662385,-0.4575467,-1.0349663,0.64683044,0.76799625,0.6770198,-0.1394871,0.17050791,0.04614225,-0.7312827,0.721065,0.8511537,0.05748352
protein|RCL1,0.28116557,-0.44638097,-0.22688225,0.17244513,0.5995775,0.31477523,0.9391244,-0.6854981,0.010503913,-0.19967464,-0.33602554,0.382739,-0.13850892,0.504941,-0.49918526
protein|MYL9,-0.35826564,-0.08265692,0.21963473,-0.2346541,-0.7408231,0.7525414,0.5457995,0.25760177,-0.58782697,-0.28841007,-0.14748602,-0.6646026,0.019444795,0.8112621,-0.45445138
protein|KIF26A,-0.25780004,-0.24389648,-0.069542244,-0.14247227,-0.17783728,0.01588761,0.2545442,-0.2711086,-0.12879698,0.14377344,0.32079026,0.13479623,0.6035199,0.5116504,-0.30686516
protein|FAM151A,0.72805595,-0.4833704,0.24741307,0.3357853,-0.022964193,0.08864451,-0.42939618,-0.36211094,-0.10206386,-0.8493003,0.023764204,-0.46976414,-0.051846188,-0.28402376,0.35197037
protein|MYL3,-0.3149779,-0.040093597,-0.07229242,-0.05636053,-0.6625781,0.46956125,0.010942622,0.21785417,-0.1551565,0.4633062,-0.008810018,-0.24985495,0.3691327,0.21782021,-0.074652195
protein|PAWR,-0.07222543,-0.5092854,-0.3661941,-0.4024983,-0.0009161205,0.63895077,0.32872984,0.42726377,0.35979882,0.031162106,-0.58125526,-0.0645426,0.1955733,0.070415385,-0.5749012
protein|ACAA2,0.72871107,0.43853405,-0.904319,1.4721473,0.55986243,-0.4690787,0.14282776,1.1368419,-0.13603477,-0.30364552,-0.7588453,-0.063376956,-0.88735586,0.59612435,0.40152192
protein|HMGN2,0.27428624,-0.74524564,0.8167383,-0.7695435,0.4915141,0.7019391,0.17992932,0.26518267,1.0365411,-0.82847583,-0.29962686,0.16726065,0.56581485,-0.4659593,0.08517131
protein|PRF1,-0.46277523,-0.23512115,0.53869504,0.056987252,-0.3512473,-0.16315542,-0.07343921,-0.2163361,-0.23268136,-0.3924753,0.23957796,0.17925896,0.13387316,0.32503173,-0.27783376
protein|IGHG2,-0.5406242,0.4376222,0.11135271,-0.43229166,-0.48078728,0.18576454,0.021448495,0.44567025,-0.48231503,0.47430545,0.92544734,0.39772445,0.29351816,0.7384675,0.0061595244
protein|TRAC,-0.49183092,-1.0953246,0.9830303,0.25715542,-0.51253796,0.07760336,-0.2927507,-0.06035142,0.28945592,-0.85943836,0.15355793,-0.73972,0.16679774,-0.28078797,0.06413096
protein|IGHG4,-0.46151593,0.3909329,-0.021011792,-0.2893456,-0.32887012,0.15268444,0.27275968,0.26159078,-0.28241742,0.47062033,0.35273135,0.121841416,0.15441312,0.57570755,0.18404342
protein|CILP,-0.1254173,0.12828188,-0.6245878,-0.50652915,0.37835148,0.89201975,-0.28718272,0.5703642,-0.5965109,0.042976532,0.22093493,-0.07397453,0.2674197,-0.15696022,-0.5836332
protein|DSP,-0.50817674,-0.19250947,-0.10175102,-0.2148571,-0.3350041,-0.0392791,0.699708,0.3612245,-0.6895018,-0.2538149,-1.2986618,0.60297585,0.2759883,0.2686269,-0.14247356
protein|HEL-S-117,0.015092449,-0.029908014,0.0579833,0.74700403,-0.5755198,0.07627828,0.14600481,0.61743724,-0.5147424,-0.3391122,0.14349899,-0.5126951,0.050348636,0.5567098,0.1030853
protein|CYB5R2,0.30955353,0.5365593,-0.0070208097,-0.33675954,0.7363191,0.20397146,0.46814418,-0.26433754,-0.037851084,-0.28915745,-0.7397319,0.27711436,-0.27680632,0.8582128,0.19111831
protein|KRT1,-0.3872154,-0.13556983,-0.14139508,0.20530416,0.064621985,-0.040003892,0.49050462,-0.24125902,-0.93502533,-0.14619672,-0.18465744,-0.1715597,0.057597127,0.595707,-0.26383945
protein|CTHRC1,-0.7600159,0.36382392,-0.86240745,-0.387762,-0.30789864,0.7355438,0.0063054105,0.41941437,-0.71140933,0.17010593,0.16827475,-0.35151318,0.00058381946,0.20453748,-0.3262328
protein|CXCL13,-0.026798299,0.053278904,-0.0549597,-0.004574692,-0.52249044,0.26444837,-0.49982694,-0.2309991,-0.66604716,-0.47855148,-0.24509282,-0.048218556,-0.19108531,0.26323444,-0.02419796
protein|P01742,-0.5452049,0.3527302,-0.12957701,-0.1751466,-0.59111357,0.20702378,0.42960957,0.13368928,-0.41012323,0.31399164,0.5092847,-0.088325664,-0.005219862,0.7059374,0.2109691
protein|IGHV3-21,-0.5185455,0.18364343,-0.2775197,-0.37726533,-0.42917705,0.20514168,0.098181285,0.03696563,-0.5509201,0.5266732,0.3011158,-0.11462061,0.001759077,0.64620686,0.1794295
protein|CCDC25,-0.048765752,0.42949662,0.27150735,0.1377426,-0.15769169,-0.42791823,0.0017674108,0.01110004,-0.48502624,0.4252153,0.70660853,0.5460763,0.19775875,0.21121424,-0.09513824
protein|ITGA2B,-0.65515774,0.22965202,0.46356034,-0.16644658,-0.15416571,-0.17399347,0.30606908,0.14085351,-0.8002172,0.3267081,0.24670933,0.5628229,0.22873262,1.0625099,-0.29130962
protein|COL6A3,-0.8111515,-0.6703589,-0.6083856,-0.13144058,-1.024324,0.593264,-0.17819822,0.16482307,-0.1606317,-0.15939747,0.37253356,-0.77903515,0.29880786,0.53324014,0.1619377
protein|FBP2,-1.0476263,-0.40891418,0.028749706,0.4018755,0.1866809,-0.14271843,-0.6499986,0.07077743,-0.20056301,0.008565038,0.08567174,0.03393261,-0.79199356,-0.37422282,0.016148048
protein|SEMA7A,0.1429047,0.14218462,-0.07229835,-0.10519834,0.40466693,0.44755268,0.20980236,-0.64173317,-0.5482536,-0.2465675,0.0122147035,0.32512775,0.034255423,-0.15499572,-0.6854157
protein|LUM,-1.0295869,-0.10398407,-0.5066524,-0.85595316,-0.94797045,1.1789455,0.20316683,0.77512234,-0.29197073,0.08600483,0.14944266,-0.6381557,0.6407685,0.6094511,-0.23135404
protein|ANXA6,-0.09657289,-0.33956409,0.020009093,0.089317895,-0.74979514,0.2836873,-0.05745774,0.15817356,-0.17449774,-0.47945052,-0.110510394,-0.3508556,-0.01428651,-0.11753695,0.13854808
protein|HP,-0.2552075,0.8089176,0.30016512,-0.5896997,-0.61517507,0.31369516,-0.13751143,0.7000704,-1.1736457,0.114479296,0.2684704,0.323243,0.3218116,0.8018377,-0.26802766
protein|RRAS2,0.31844488,-0.26439664,-0.9933523,0.041363623,0.48534766,0.16436471,0.14011256,0.45653766,-0.20430939,0.6581473,0.10917405,-0.6683512,0.6152518,-0.6652918,-0.147515
protein|KRT19,-0.46211714,-0.24057834,0.0553342,-0.2125286,-0.5300309,0.16604017,0.4224085,0.23062946,-0.5539073,0.16431448,-1.2397311,0.049878217,0.00650306,0.20773774,-0.102748185
protein|OSBPL10,0.5772735,-0.13400324,-0.20866913,-0.03296495,0.16844192,0.15464199,0.288781,0.30423057,0.05912507,-0.12775475,-0.11772862,-0.14275141,0.55928457,0.06299219,0.21675779
protein|VTN,-0.5509384,0.3696593,0.28154266,-0.27925315,0.19344176,0.28905407,-0.37812996,0.33189428,-1.0753297,-0.348726,0.4643941,0.9707078,-0.0895932,0.8852955,-0.6118235
protein|HMGN1,0.15224294,-0.89073205,0.51064014,-0.46981496,0.5664293,0.7291848,0.21103351,0.5654938,0.8913778,-0.55053526,-0.3974048,-0.28557712,0.6312325,-0.70842,-0.18227091
protein|MDN1,-0.05036267,0.21429524,0.33379203,-0.06233808,-0.13112077,-0.44542748,0.32892415,-0.15742089,-0.6559394,0.3663113,0.73448586,0.72722894,0.16428772,0.45016998,-0.30967218
protein|COL5A3,-0.95261806,-0.9381644,-0.13781072,-0.4736805,-0.18003453,0.9700449,0.52963984,0.20227022,-0.22957048,-0.4914442,0.14405806,0.24029753,0.62109774,0.65752286,-0.6299927
protein|SOD3,-0.33612674,-0.63252646,0.2959019,0.00027905888,-0.70579505,0.65458524,0.31187022,0.41773942,-0.37039047,-0.30171034,-0.44163352,-0.6801491,0.49843287,0.25431904,-0.34559637
protein|D9J307,-0.26143116,-0.5141005,0.24502252,-0.04265177,0.15318583,0.5673539,0.3879121,0.27979738,-0.05302731,-0.16367224,-0.053510495,-0.032678258,0.56890976,-0.12041988,-0.6231856
protein|SERPINA3,-0.55679137,1.1792779,0.52765936,-0.51373327,-0.24400899,0.11677234,-0.15957567,0.008076462,-1.2905523,0.14844063,0.9512101,0.34103674,0.075417936,0.85491425,-0.2410178
protein|GP2,-0.7844123,-0.61891896,-0.38560593,0.17690685,-0.4093906,0.21872865,0.08859042,-0.15445967,-0.43277562,-0.10102433,0.19347964,-0.65692437,0.06954283,0.5656609,-0.08040489
protein|ANXA3,-0.351836,0.7200818,0.75392246,0.12866609,-0.2608616,-0.5180374,0.033574905,-0.14202465,-1.3751645,0.12471018,0.034828637,-0.07915636,0.042838935,0.19748485,0.06625119
protein|LBP,-0.29144058,0.94701964,-0.1850313,0.005016802,-0.36878607,0.1347203,-0.118660465,0.08312498,-1.357632,0.08289694,0.63714206,-0.1491664,-0.18229908,0.78624207,-0.062058073
protein|CHD1L,-0.35499552,0.018679313,-0.338905,-0.00543647,0.35250768,0.6050842,0.6239018,0.29423398,-0.07127008,0.09487253,-0.18313976,-0.40149727,0.2949621,0.41816854,-0.1340923
protein|CENPV,0.31804782,-0.11132944,-0.001467085,0.19824266,0.1840786,-0.068574324,0.21162984,0.5356755,-0.21902253,0.06964885,0.053460676,0.11066373,0.4556382,0.07036317,-0.27396268
protein|CD9,-0.1505468,0.0005158005,-0.436985,-0.009388304,-0.06722379,-0.35447246,0.22184135,0.5863389,-0.24107973,0.6516017,-0.29056934,-0.25690898,0.39232278,-0.29494965,0.28793436
protein|LRRC15,-0.08944186,0.21136387,-0.6066853,-0.39494628,0.09600028,0.4824029,-0.060065188,0.44235027,-0.5560718,0.2280902,0.03545423,-0.3135403,0.4180579,-0.09418242,-0.53578156
protein|HSP90AB4P,0.693877,0.97993064,-0.6414705,-0.56831086,-0.34511867,-0.38498232,-0.81968963,-0.35036224,0.6881221,0.42994878,-0.03794633,0.4119251,-0.4128795,-0.28562787,0.61190623
protein|HIST1H1D,-0.01647963,-1.1525421,1.0530047,0.07855863,-0.033509403,0.4131623,0.05839593,-0.15577553,0.5884274,-0.6421904,0.2198187,-0.48121047,0.57314014,-0.5703455,-0.026848285
protein|CFHR1,-0.23319037,0.48466492,-0.24750789,-0.1669087,-0.73237514,0.36139157,0.04304398,0.29915056,-1.3090425,0.03741017,0.5382419,-0.06991122,0.30015123,0.56293327,-0.28462338
protein|APOC2,-0.04157938,-0.16799718,-0.8292374,-0.08630339,0.17523327,0.016531596,0.3984853,-0.9405832,-0.24879909,0.22848663,-0.17910904,-0.35385242,-0.42407578,0.18527739,0.41685382
protein|DES,-0.21078733,-0.25101423,-0.10194853,0.14973356,-0.75268954,0.09505092,-0.032022804,0.12292953,-0.5159177,-0.26285043,0.046804376,-0.3259231,0.09801416,0.29143345,0.12427202
protein|ZNF185,-0.5946539,-0.8058082,0.23658352,-0.26214352,-0.05658549,0.49383673,0.47091252,0.60820174,-0.15188856,0.1851747,-0.8956977,0.30721173,0.82259965,-0.27910978,-0.8705438
protein|EBI3,-0.05027267,0.07650813,-0.034254953,0.025463875,0.0665082,-0.0134237865,-0.41153613,-0.43643802,-0.35361767,-0.0548583,0.24181761,0.25733852,-0.24087848,0.01431883,-0.48955813
protein|HIST1H2AJ,0.37728542,-0.44817916,1.1097411,-0.35700765,0.27071095,0.14496617,0.5200723,-0.06497271,0.6826987,-0.45244625,0.1469683,-0.23729196,0.19745557,-0.5815378,-0.07899566
protein|P01717,-0.40494862,-0.16182284,0.27891102,-0.25036964,-0.06297029,0.4932232,0.17639682,0.043132864,-0.10849374,-0.1473849,0.07067828,-0.03901723,0.03822782,0.43412822,-0.251677
protein|LGMN,-0.715118,-0.55530596,0.7393301,0.35713834,-0.323899,0.101513855,-0.03424628,-0.0031053892,0.90967876,-0.32107106,-0.19843623,-0.34072518,-0.45049056,0.34132874,0.11652251
protein|FN1,-0.91322124,0.374456,-0.6213096,-0.6975608,-0.15922098,0.62430656,-0.14598706,0.6459046,-0.8445008,0.18504508,0.75487757,0.11438276,0.2943032,0.5902207,-0.5201461
protein|TCL1A,0.33413506,-0.16376072,0.059307646,-0.11268234,0.15159597,-0.0031479322,0.49689773,0.097041026,0.22792907,-0.19839706,0.023863234,0.05603025,0.3473902,0.07091547,0.00037701827
protein|SPN,-0.6601312,-1.3786448,0.85148495,-0.054178275,0.23463136,0.37631842,0.39845997,-0.02828475,0.06438048,-0.7442645,-0.097520195,-0.0470722,0.14697117,-0.31720752,-0.29193354
protein|KIAA0907,-0.21722668,-1.0946584,-0.18509908,-0.009963886,0.37849265,0.6626779,0.89772576,-0.43082526,-0.39292178,-0.4396566,0.3924518,0.19562365,0.47583592,0.23462114,-0.5026506
protein|PADI4,-0.31875888,0.44614196,0.9728207,0.36905453,-0.117868766,-0.5094198,0.10913305,-0.18227956,-1.011757,0.057808083,0.19172466,0.29216242,0.096611686,0.35469973,-0.18161574
protein|TAGLN,-0.28945762,-0.1169204,0.096577846,-0.3178064,-0.9220987,0.8602061,-0.029752657,0.3558555,-0.2362912,-0.28318733,-0.09139632,-1.035022,0.24853483,0.4843624,-0.100759
protein|HSD11B1,-0.8874486,-0.24427336,0.21170308,1.0674275,0.18520892,-0.48653597,-0.80201477,0.13183355,-0.21158409,-0.5706106,0.0026353446,0.26340467,-0.9125271,-0.151147,0.26811457
protein|COL12A1,-0.72154194,-0.31488883,-0.57719845,-0.5250069,-0.6343884,0.86777735,0.39840597,0.33937004,-0.4410905,0.0838103,0.38582355,-0.7205983,0.5889474,0.72774446,-0.18467684
protein|SLC4A1,-0.2988838,0.6831253,0.47553837,0.14627069,-0.53015226,-0.5079771,0.5324902,0.20365812,-1.0023394,0.3705131,1.0170978,0.27689722,0.7483686,1.1399317,-0.29448888
protein|SNX29P2,0.61066294,-0.060475286,-0.28735602,-0.09012927,0.6650475,0.44831786,0.2322941,0.103961356,-0.28475583,0.15164626,0.13725907,-0.12555984,0.698468,-0.6980772,-0.50028706
protein|A0A6Q8PGN6,-0.33697924,-0.9281421,0.5674787,-0.27886245,0.444715,0.5698511,0.06562201,-0.029524283,0.09137871,-0.68058956,-0.44369233,-0.12756671,-0.05205971,-0.060591087,-0.5125668
protein|P01619,-0.23753142,0.12115089,0.24017577,-0.08166488,-0.056262437,0.2702066,0.13817637,-0.38607338,-0.4561791,0.12606092,0.24337909,0.14960727,-0.24039659,0.45216632,-0.0987821
protein|HIST2H3PS2,0.35204938,0.36677992,0.3452316,-0.4377139,-0.52904826,-0.18105148,-0.022718197,-0.44101056,0.22934067,0.2384431,0.12444612,-0.6384666,-0.04241496,-0.80639815,0.32234168
protein|IGKV3D-20,-0.3495402,0.33895838,0.212371,-0.06942695,-0.07026127,0.18988876,0.4404647,0.14241607,-0.40543172,0.14558816,0.16271241,0.13748182,-0.0110574765,0.7494258,-0.10070959
protein|LSAMP,0.5225047,-0.3234297,-0.17971367,0.11761342,-0.5426041,0.66627014,-0.10760498,0.15936916,-0.25618398,-1.094015,-0.34363452,-0.4197391,0.46034867,-0.07485618,0.24716173
protein|IGKV3D-11,-0.4797827,0.32964647,0.30944827,-0.11052648,-0.103832275,0.21294175,0.22716518,-0.073882364,-0.8129256,-0.057607517,0.6269896,0.24600346,0.14708453,0.7660473,-0.37680376
protein|S100A16,-0.7512565,-0.70966923,-0.014757157,-0.377312,-0.5440693,0.7655621,0.6037393,0.5347701,-0.47887576,-0.16875939,-0.4923077,-0.07847752,0.5683815,0.3798034,-0.5159894
protein|HLA-DRB3,0.38925502,0.06878733,-0.022664933,-0.2978638,0.3756137,0.05730708,0.0195183,-0.21756344,-0.03435384,0.12543412,-0.22990818,0.16044979,-0.054427937,-0.3984351,0.17631581
protein|AQP1,-0.22392154,0.005893497,0.26683047,0.5742116,-1.0254724,-0.1995803,0.80904365,0.27777076,-0.45401436,0.062462073,0.6491123,-0.23213422,0.73246276,0.9317918,0.2468747
protein|PRELP,-0.6368256,-0.52926683,-0.23788527,-0.38616785,-0.71815705,0.8284976,0.70137167,0.56726784,-0.21335585,0.09349419,-0.03015676,-0.7309951,0.8722886,0.4554509,-0.2268929
protein|MX1,-0.27591288,-0.341951,0.18576065,0.36337915,-0.103543304,-0.6061152,-0.06542765,-0.5811221,0.11868474,0.053069983,0.17155851,-0.3166241,-0.4257649,-0.13524863,-0.20773989
protein|APOA2,-0.5817086,0.4041463,0.41029134,-0.41143212,-0.20453258,0.15694986,-0.1997683,0.96159923,-0.49969405,0.2426954,0.528991,0.41819838,0.4174397,0.29341346,-0.5092855
protein|IGHV4-61,-0.41176194,0.30089077,0.1362545,-0.09064248,-0.29743844,0.12547904,0.06796944,0.16715431,-0.1626662,0.18594745,0.28697693,-0.0015843734,0.1594203,0.5567576,0.29715058
protein|MZB1,-0.037115484,-0.0028321424,0.31737754,-0.24082723,0.07105067,0.04480661,0.4942471,0.03563306,0.37822193,0.001147271,-0.38465372,0.17232677,0.05590285,0.4101248,0.31350672
protein|P01714,-0.26395342,0.021475995,0.44951364,-0.114212155,-0.12042897,-0.181553,0.34180585,0.20882212,-0.215096,0.039513733,0.21146022,0.34436026,0.182022,0.6473951,0.07821639
protein|CD19,0.516782,-0.024301752,0.19943239,-0.3486717,0.3468898,0.30185285,0.3492414,-0.478825,-0.4960899,0.2323438,0.15578488,0.30265388,0.65113425,-0.32519928,-0.76625186
protein|HNRNPD,0.2311595,-0.5061648,-0.5762539,-0.6433148,0.28401843,0.5820329,0.4583296,-0.62993205,0.5713292,-0.43307588,0.026013987,0.19810767,-0.06380637,-0.25855437,-0.15173425
protein|IGLL5,-0.68351394,0.1323212,0.39776406,-0.46361563,-0.34681305,0.38777673,0.2514007,0.48580226,-0.17950287,0.17659932,0.40931162,0.41723362,0.2822842,0.65493494,-0.08813853
protein|IFIT1,-0.23340236,-0.3861959,0.6933543,0.13305037,0.14089043,0.09078336,0.25417536,-0.60368073,0.30147803,-0.08031162,-0.05607983,-0.8246728,-0.42092597,-0.2740122,0.0367215
protein|AK1,-0.3663306,0.46884128,0.5368987,-0.06885629,-0.48226932,0.0805685,0.4457899,0.4523528,-0.757532,0.18347363,0.048639446,-0.093576536,0.3901469,0.74270964,-0.23951453
protein|FBN1,-0.73428875,-0.6143592,-0.29614145,-0.5286424,-0.80760956,1.0511197,0.020544272,0.6764439,-0.31065276,-0.11229733,-0.086693004,-0.52913845,0.5969082,0.14726761,-0.3733891
protein|GBP1,-1.2076393,-0.82736045,0.22521259,0.56847596,-0.39937565,-0.6301377,-1.1151267,-0.5288077,0.41403267,-0.37300068,0.44785574,0.11555039,-1.1384926,-0.29603046,0.13575464
protein|MRC2,-0.493401,0.043070294,-0.70542175,-0.60636985,-0.30721253,1.1914189,0.048807442,0.50969005,-0.4977912,0.009501411,-0.25786343,-0.33799443,-0.024863081,-0.066301845,-0.60353816
protein|SLAMF1,-0.1530477,-0.37710723,0.2926422,0.45685858,0.34139392,0.14304549,0.24080984,0.3467297,-0.21814977,0.40354484,0.22366036,-0.39170173,0.335657,-0.8657094,-1.0433167
protein|IDO1,-0.98846346,-0.74121916,0.48431534,0.33833507,-0.124216795,-0.7968755,-0.6753133,-0.29593718,0.028285816,-0.2846801,0.26611853,0.10128227,-0.7131285,0.025508339,0.03926844
protein|C1QB,-1.0474267,-0.2912588,0.14213662,0.58607215,-0.28817934,-0.24402498,-0.60252273,-0.021248633,0.188333,0.12814873,0.91767204,0.32976156,-0.6377463,0.60941464,-0.028306639
protein|SLC29A1,0.26592994,0.40885141,-0.41343367,-0.38430274,0.22455777,0.34955952,0.08005501,-0.031112777,-0.23208293,0.68826646,0.16692664,0.39852408,0.2841209,0.06816986,0.11620686
protein|DPT,-0.798604,-0.4150878,-0.82016563,-0.32674217,-0.7286577,0.77552146,0.55588156,0.34703374,-0.48283827,0.23140907,0.27558568,-0.5573707,0.46314162,0.569621,-0.25956443
protein|TOR1AIP1,0.051186796,-0.59430677,0.15520166,0.27476314,0.2907655,0.13704789,-0.072713464,-0.08391955,-0.12556817,-0.56989187,-0.11770089,0.060544264,-0.20414177,0.17057094,-0.33612385
protein|RCN3,-0.72005993,0.11058798,-0.3594849,-0.6273708,-0.12118606,0.8560421,0.33182678,0.17359135,-0.5806723,0.023063244,-0.23229198,-0.1504118,0.005494711,0.307406,-0.7090867
protein|FBP1,-0.991535,-0.34134424,-0.030335462,0.6970207,0.29766336,-0.049370132,-0.38273072,0.5613385,-0.4052217,-0.16160884,-0.005564257,-0.061713062,-0.81456745,-0.22893687,0.026333055
protein|HIST1H1A,-0.42194805,-0.2497722,0.26404294,-0.05902195,0.1857779,0.009132616,0.58954877,0.027052365,0.34009612,-0.076323055,-0.27127686,0.11986726,0.24456687,0.026587827,-0.23043257
protein|CHIT1,-0.66757053,-0.4978769,-0.14177988,0.19819242,0.21868257,0.0033872614,-0.5748714,-0.09284497,-0.711956,-0.23739205,0.22783482,0.33255717,-0.35294944,-0.41764587,-0.10641805
protein|FHL1,-0.13775025,0.017452003,-0.008408843,-0.08501793,-0.87870777,0.18393409,0.16962412,0.27869186,-0.22596344,0.0068323333,0.04626959,-0.28714526,0.62462735,0.27089053,0.09772239
protein|C6,-0.33866537,-0.034164444,0.14874865,-0.24127555,-0.23695399,0.31496996,0.3761504,0.51226336,-1.1974618,0.16587564,0.5224862,0.18903217,0.45389646,0.88383496,-0.64217436
protein|ATP1B1,-0.7239095,-0.19861187,0.1683214,0.006789338,0.26605412,0.14167145,-0.034689896,0.43188676,0.013849615,-0.015435396,-0.4722287,0.097224735,-0.32644448,0.11210508,-0.13952093
protein|C5ORF51,0.31691957,-0.46177742,0.13472526,0.07250089,0.56122637,0.32748568,0.7812931,-0.16938812,-0.17818742,-0.3526074,-0.10872248,-0.09032301,0.01893214,-0.04331805,-0.48441657
protein|ORM1,-0.17174204,0.93473864,0.8549802,-0.50102645,-0.025784435,0.19064283,-0.2897747,0.24985524,-0.744933,-0.20479573,0.1985806,0.63614124,-0.011790115,0.3265419,-0.5869621
protein|DVL3,-0.023865886,-0.7218962,0.23797339,0.2429432,0.7765102,0.31524095,0.92855847,-0.28034854,-0.1622302,-0.5716091,-0.13868865,0.027267171,0.14506152,0.30757573,-0.4200211
protein|TPM2,-0.02443059,-0.17872965,-0.23513007,-0.064878,-0.25012216,0.11366622,0.3327488,0.33268422,-0.16796124,0.0033301883,0.08575764,-0.63308895,0.33632997,0.6846014,0.5601292
protein|HIST3H2BB,-0.18179886,-1.1179096,0.51325583,-0.07498532,0.6317697,0.31754035,0.8826089,-0.6095882,0.10094621,-0.53135496,0.029793303,-0.06906996,0.022804957,-0.22137985,-0.31218702
protein|PAFAH1B3,-0.6172133,-0.4018142,-0.23525357,-0.43878508,-0.32598245,0.45637202,0.6787588,0.3320901,0.02354588,0.08052091,-0.23930317,-0.18058804,0.44854623,0.5032759,-0.24651623
protein|FAM129C,0.52249235,-0.015949434,-0.25359243,-0.2991253,0.36971077,-0.22614008,0.3364885,-0.2947031,-0.053023096,0.003753518,-0.4389741,0.44333082,-0.009620398,0.040990654,0.16390774
protein|APOC1,-0.49216443,0.358735,0.41926488,-0.3667526,-0.032863844,0.18652779,-0.005873123,0.67950815,-0.51677084,0.059181727,-0.058603156,0.07449464,0.17352717,0.57415366,-0.5089341
protein|OLFML3,-0.0046359682,-0.7941978,-0.106792666,-0.0187746,-0.65507364,0.81806624,0.35662597,0.24000765,-0.41887757,-0.45517597,-0.072984494,-0.8620392,0.6346726,0.025343418,-0.40340143
protein|CNN1,-0.36920097,0.11061828,-0.1495255,-0.4252383,-0.821174,0.5913567,0.12875345,0.49010876,-0.31551778,-0.07798114,-0.01714422,-0.6319524,-0.11273151,0.49248794,0.06929126
protein|HDHD2,0.40389588,-0.22021781,0.55732924,0.08412915,0.39127886,-0.31916314,0.24579343,-0.17993645,0.28858966,0.10580458,0.072712,-0.4324118,0.09700539,-0.44033435,0.01524419
protein|XIRP1,0.18286946,-0.9288786,0.49426708,0.109940276,0.7517437,0.15687813,1.2264555,-0.8539941,-0.112724476,-0.36112222,0.05701867,-0.3124733,0.38375026,-0.22406869,-0.4122127
protein|H1F0,-0.40360767,-0.85058004,0.7491115,0.22454312,-0.0673042,0.48187253,0.09390838,0.66052336,-0.10455854,-0.34244207,-0.5766122,-0.6356127,0.30997196,-0.19860163,-0.31867737
protein|STMN2,0.5510753,-0.08812921,-0.68917197,-0.8499532,0.46288335,0.11532073,0.0878563,-0.22124685,0.42411798,0.06942476,-0.08133008,0.77030337,0.36626217,-0.6122697,-0.12650715
protein|PLBD1,-0.21725774,0.60878706,0.73750305,0.11900145,0.08016198,-0.45546177,0.27518198,0.21037205,-0.64389515,0.15297912,-0.028476257,0.3817463,-0.41254807,0.68117714,-0.05883818
protein|COL4A2,-0.9351189,-0.85335636,-0.3148348,-0.11580272,-0.56549555,0.88049716,0.65783185,0.34292066,-0.2902926,-0.31736955,-0.038421784,-0.110146426,0.64305043,0.8784501,-0.37169877
protein|COMMD2,-0.15761831,0.03600203,-0.18199493,0.09730369,0.18039376,-0.4654092,0.21707895,-0.5218683,-0.47406948,0.11028611,0.20231497,-0.13090946,-0.4924333,-0.13010974,0.124874115
protein|GOLGA6L22,0.23812339,-0.40111536,0.73582476,-0.06970317,0.15445934,0.5003827,-0.28985143,0.24939345,0.20166928,-0.67858773,-0.6382619,-0.24050367,0.2110409,-0.39733168,-0.23405598
protein|UGT2B15,0.5745126,0.3940227,-0.564777,0.8067154,0.18415599,-0.4083855,0.03752249,0.5974989,0.56114036,-0.09495579,-0.8492834,-0.52156216,-0.81033397,0.06295377,0.549131
protein|PLG,-0.70335263,0.45805776,0.38889349,-0.48829943,-0.037193768,0.19999795,0.16283606,0.6175614,-1.2694713,-0.060906358,0.7293225,0.7328062,0.5369941,0.88219917,-0.50979674
protein|ITIH4,-0.2775276,-0.20036444,0.60084593,-0.15720198,0.12807892,0.6374819,0.49488354,0.13850184,-0.6330959,-0.30883217,0.4238918,0.36186147,0.51955765,0.5476644,-0.74675226
protein|IGHG3,-0.6978853,0.3084001,-0.030340925,-0.26609373,-0.60992324,0.34471494,0.20741211,0.42099446,-0.32820272,0.2171855,0.6363289,0.11826004,-0.02114545,0.6896571,-0.02320134
protein|GPNMB,-0.77365357,-0.5529842,-0.6164499,-0.24066025,0.36909458,0.33986628,-0.29270238,-0.24222799,-0.11733073,-0.17435412,0.22667632,0.5660295,-0.54500467,-0.17822917,-0.7006838
protein|TREX1,-0.06044354,-0.5145353,0.057940677,0.006162798,0.22397862,0.32881638,0.71415806,-0.38498914,0.03501626,-0.376822,-0.21001713,0.010135559,0.038247548,-0.074791975,-0.42624187
protein|CD8A,-0.7053887,-0.932156,0.30096614,0.14123398,-0.3018948,0.011668604,0.122054525,-0.057757825,-0.20392057,-0.25872144,0.29947177,-0.089653514,-0.14602925,-0.25814256,-0.0040804385
protein|CKB,0.1587735,0.12399819,-0.2324503,-0.12321613,0.60304034,0.0040128967,0.07426981,-0.038258076,-0.5697429,-0.06554119,-0.32237756,0.41535828,-0.1788169,0.019966818,-0.30059183
protein|WWC3,0.17235427,-0.59016407,-0.27063578,0.052568935,0.33477294,0.34725234,0.40873453,-0.21354052,-0.14781667,-0.15527104,-0.12447141,0.02187134,0.025504613,-0.25893754,-0.5729778
protein|PIN4,0.38504305,-0.50140566,0.41305932,-0.5391083,0.5604671,0.5135931,0.32157597,0.16480263,0.79430544,-0.40746698,-0.64153683,0.28105035,0.51692367,-0.35522735,-0.2701935
protein|GBP5,-1.1370685,-0.7763494,0.33001426,0.6709737,-0.21833262,-0.72539836,-0.79633254,-0.51889217,0.43756452,-0.18339728,0.47735366,0.088021286,-1.0177002,-0.12617254,0.18951872
protein|FCRLA,0.20258236,-0.3833494,-0.2066071,-0.2078347,0.42635798,0.037870675,0.26952285,-0.05310938,0.4526593,0.3009938,0.107595876,0.08825415,0.2843234,-0.12642112,-0.0021376936
protein|HIGD1A,0.08909837,0.124104805,-0.84533846,0.4919769,0.06141501,0.7401812,-0.11951065,0.4615562,0.06230659,-0.1557156,-0.5918076,-0.22672625,-0.3316103,0.4656917,-0.239199
protein|LIPA,-0.20014906,-0.51310843,0.21879873,0.35996932,-0.13832064,-0.4027326,0.12084702,-0.5802804,0.44623944,-0.20142163,0.08612251,-0.5169943,-0.67042005,0.2686245,0.27067336
protein|A0A0G2JL54,-0.38431358,0.77355415,-0.025258055,-0.18991391,-0.33225173,-0.23879735,-0.25055367,0.29333827,-0.58625644,0.31974927,0.5690392,-0.23933268,-0.086919695,0.5174007,0.11628239
protein|HNRNPA1L2,0.32009232,-0.54571813,-0.38970253,0.06686385,1.0610977,-0.122725934,1.1451958,-0.7254256,-0.03460375,-0.1581153,-0.009409015,0.19437203,-0.003218516,0.32845,-0.31385788
protein|FAM65A,-0.29634422,-0.5264901,-0.23457721,0.06375595,0.29362085,0.109859176,0.21054794,0.22107993,-0.4913207,-0.31059837,-0.6206737,-0.094693474,-0.07586691,0.3121408,-0.32360083
protein|A0A7I2V334,0.011578884,-0.43457073,-0.09482399,-0.28514442,0.5888752,0.56655866,0.36187786,0.09466019,0.13221173,-0.51050764,-0.269289,0.5615054,0.12813333,0.07893902,-0.5086235
protein|CA2,-0.26351714,0.6593763,0.61138475,0.08050012,-0.23821764,-0.44819674,0.24147102,0.5014096,-0.6561237,-0.06294487,0.3673231,0.34679496,0.41376266,0.9467437,-0.15039276
protein|BASP1,0.17474383,0.19370763,-0.15552822,-0.7940395,0.3449302,0.826185,-0.5174497,0.49489,0.055158965,0.039209764,-0.3026466,0.20167395,0.6720916,-0.7750141,-0.5484457
protein|CLU,-0.29974553,0.03936513,0.3609296,-0.106350705,0.0054968665,0.35286763,-0.56405514,0.28591385,-0.8818184,-0.7440994,0.55945784,0.79063815,0.14816669,0.54159266,-0.551675
protein|LUZP1,-0.026788954,-1.1115214,0.14561945,-0.031633966,0.6006247,0.38446915,0.9617219,-0.5830667,-0.06768498,-0.6758791,-0.025410302,-0.10391948,-0.12892361,-0.20611838,-0.51995325
protein|CD163,-1.2237672,-0.49848872,0.16815662,0.076846704,-0.30992547,-0.11099669,-0.31942847,0.016104368,0.26900125,-0.19757321,0.30678862,0.5677861,-0.54670054,0.78265,-0.2281028
protein|LYZ,-1.0452082,-0.05860425,0.45125794,-0.041601058,0.023082566,-0.107797965,-0.18144588,-0.19406056,-1.1075768,-0.31723958,0.11204205,0.5844509,-0.48052257,0.007779901,-0.5804742
protein|SERPIND1,-0.5253869,0.7712381,0.0426581,-0.50364274,-0.7606267,-0.20570314,0.0133083165,0.5775792,-0.97589415,0.5209353,0.69481426,0.15067449,0.38579318,0.6920743,-0.12960747
protein|MMP2,-0.6482608,0.13109551,-0.649594,-0.39695045,-0.21568738,0.5880541,-0.03249136,0.11327949,-0.9405467,-0.10457894,0.28236526,-0.13397712,0.07517361,0.38397256,-0.38875166
protein|HLA-G,-0.025639929,-0.46527693,0.47512212,-0.024780149,0.4445501,-0.5305527,0.2338738,-0.38952157,-0.20279357,-0.21456867,-0.17541051,-0.10882498,-0.41453153,-0.38602528,-0.14281075
protein|CD83,0.08936466,-0.25250533,0.11301856,0.02490768,0.82866734,-0.057468742,0.20796746,-0.06569039,0.20264408,0.25813025,-0.09542761,0.1372949,0.12888159,-0.44900805,-0.6561529
protein|CRYAB,-0.1878218,-0.014880092,-0.13427141,-0.3739351,-0.1118805,0.31824976,0.3246954,0.0100277085,-0.41998732,0.04290413,-0.41767883,-0.047219377,0.25223047,0.033270694,-0.13836604
protein|CES1,-0.6796755,0.030617923,-0.4248081,0.7401537,0.52292794,-0.102321334,-0.20091592,0.67913395,-0.7673511,-0.117726296,-0.51517636,-0.078882724,-0.84383774,0.25454304,0.011327556
protein|TPM1,-0.22440115,-0.22091047,-0.5733304,-0.11529144,-0.9720021,0.54428405,0.22193599,0.6188253,-0.46129587,-0.012682681,0.069399275,-0.9581432,0.537309,0.8144985,0.32569382
protein|CD37,0.9429732,0.38986707,-0.6226767,-0.41564348,0.48550507,-0.06790414,0.27653557,-0.35232493,-0.01736204,0.46198776,0.18332116,0.01814032,0.35956612,-0.22909778,-0.17107823
protein|MEF2B,0.062395073,-0.22436063,-0.4295342,-0.093746774,0.815335,0.22192319,-0.0773111,0.08040013,0.22141427,0.24661122,-0.23711039,0.18401483,0.334682,-0.45365328,0.19687672
protein|MS4A1,0.58597684,0.39182857,-0.45280588,-0.22311768,0.40277952,0.05944883,0.020174354,-0.13927352,-0.21150641,0.85672843,0.009363041,-0.35026413,0.3149004,-0.69912493,-0.19230072
protein|PADI2,-0.4971411,0.092151836,0.027761824,0.450262,0.266426,-0.43249118,-0.25034678,-0.2973484,-0.39286825,0.34603763,0.18467075,0.03125074,-0.3617674,-0.36930385,0.011839872
protein|VCAN,-0.6138189,0.22898799,-0.37830272,-0.45436338,-0.5483942,0.97052956,0.344565,0.46801716,-0.31783873,0.4168678,0.34310523,-0.46424177,0.39499918,0.555027,-0.46591917
protein|FAS,-0.19250709,-0.13600916,-0.20581904,-0.06299683,-0.35611042,0.14016715,-0.11228795,-0.25824,-0.36013815,-0.10274136,0.26199606,-0.16201758,0.090031885,0.10440899,-0.42526388
protein|CADM3,0.20201543,-0.5544102,0.72390515,-0.3636414,0.599132,0.52799,0.5216173,-0.10075456,0.19739525,-0.3835802,-0.19653678,0.019954035,0.30623433,-0.35455406,-0.40304807
protein|ARID3A,-0.09387603,-0.07987058,0.17195745,-0.23584533,0.07704843,0.23323849,0.44408527,-0.8175763,0.2779174,-0.3321906,-0.34832433,0.5760681,-0.22633289,0.30132425,-0.058501594
protein|PFN2,0.15239117,-0.4280839,-0.32068372,0.019355454,-0.08806733,0.62226224,0.4464646,0.3859171,-0.14159945,-0.364201,-0.4226851,-0.5535057,0.42869738,0.14274351,-0.15099278
protein|CD40,0.03293449,-0.09067247,0.07358434,-0.14837356,0.6258937,0.3472718,-0.25266534,-0.06564697,-0.07099606,0.21946111,-0.23339313,0.1266433,-0.1645151,-0.6896509,-0.8786758
protein|MFAP2,-0.54343176,-0.3560612,-0.41117695,-0.48282996,-0.6959726,0.9790693,0.14831644,0.4815967,-0.5175579,-0.043710623,0.030270692,-0.8317767,0.46678394,0.43087572,-0.20943712
protein|BGN,-0.8471502,0.013712623,-0.57714796,-0.5570692,-0.5051807,0.92920977,0.22210033,0.82043165,-0.3367454,0.09886955,0.19900559,-0.61286616,0.5031394,0.7378517,-0.23357332
protein|C8ORF33,0.06142757,-0.1587566,-0.2742846,0.4783115,-0.064172864,0.30778667,0.51194537,0.35688862,0.18696257,-0.13668326,-0.2960672,0.35740107,-0.07302184,0.13579135,-0.2629516
protein|IGHV3-72,-0.639197,0.25419462,-0.04205578,-0.43453982,-0.5980145,0.38906658,0.28591415,-0.027701162,-0.5454005,0.42399305,0.24819465,0.06336256,-0.03892476,0.5457407,-0.17111643
protein|COL7A1,-0.3340805,-0.42038473,0.107399255,-0.4256884,0.09036016,0.25404352,0.7453108,-0.348236,-0.28083247,-0.34907395,-0.6164344,0.19603051,0.14778826,0.29288906,-0.16417506
protein|DSC2,0.033124313,-0.53833103,0.4127958,-0.17185868,0.27903908,0.48131174,0.7117322,-0.21358944,-0.15842105,-0.22769693,-0.75970066,0.0431718,-0.17225307,-0.25067738,-0.63582355
protein|CD99,0.026566198,-0.68716586,-0.13455811,0.082908206,-0.35498637,0.6252749,0.08466365,-0.0074329935,-0.23962058,-0.42509013,-0.37759382,-0.5384486,-0.040737353,-0.47046328,-0.41192836
protein|ENAH,-0.28631374,-0.3443602,0.39027947,0.13109602,0.32103682,0.4886321,0.6983687,0.17659467,-0.40322354,-0.38609213,-0.14883156,-0.8324751,0.027474897,0.43512702,-0.5608032
protein|GRHPR,0.6255013,0.61788166,-0.4098632,-0.007434139,0.6535675,-0.22332379,-0.16080022,0.26634017,-0.0031764058,0.3765902,-0.15748444,0.18825011,-0.04582202,-0.50221866,-0.22078986
protein|HMGA1,0.36660397,-0.4329982,0.47373196,-0.6721815,0.79715335,0.70619065,0.38745034,0.23375839,0.6070518,-0.3653241,-0.41205794,0.40554592,0.39795005,-0.52435154,-0.55193925
protein|FKBP10,-0.6240412,0.29712093,-0.0854978,-0.34670922,0.020277802,0.24472725,0.16954213,0.05104727,-0.49331796,-0.10379756,0.08892825,-0.026529286,0.16588376,-0.12443697,-0.29265597
protein|KRT18,0.05698974,0.18951486,0.12556791,0.8633198,-0.08738925,0.2284556,0.14708139,0.88546735,-0.67200327,-0.3734242,-0.87039775,-0.28202733,-0.20270188,0.44205603,-0.0069386973
protein|C1QC,-0.98447424,-0.18567538,-0.1309375,0.65895224,-0.43813613,-0.070530616,-0.35701516,0.2153186,0.041479502,0.23446518,1.0012705,0.27730232,-0.4130734,0.68360424,-0.077835746
protein|ATP5G1,0.31435078,0.08587098,-0.28838995,0.0075990194,-0.6741277,-0.25866893,-0.612735,0.49037936,0.6940269,0.20550157,0.1287899,0.16883837,0.17921345,-0.11639414,0.14952813
protein|CRIP1,0.055371713,-0.7552084,-0.12251872,-0.23387991,0.23325567,0.3226013,-0.030846883,-0.4833366,0.09813795,-0.56753534,-0.572906,-0.041898645,-0.16782865,-0.79724276,-0.23789954
protein|CD36,-0.26798147,0.19621877,0.1314401,-0.003495153,-0.061254557,0.06810751,0.24914503,0.19977963,-0.35248846,-0.07732907,0.50472355,-0.33761665,0.27033815,0.9933167,0.06639687
protein|HIST1H1C,0.06252225,-0.8915693,0.6675818,-0.17988433,0.0070770145,0.47481593,0.2520957,-0.09106913,0.45540068,-0.43571496,0.16635843,-0.040300936,0.64188343,-0.33797452,-0.12093007
protein|C18ORF25,-0.0015077922,-0.39124453,0.40120387,-0.49795073,0.5904111,0.36181673,0.41054478,0.36870188,0.49957043,-0.60931367,-0.45380995,0.5112337,0.29942164,0.18322851,0.009632982
protein|LTBP2,-0.1859763,-0.24026467,-0.26734948,-0.32505813,-0.16265118,1.076341,0.25526074,0.750252,-0.36239076,-0.11557868,-0.144358,-0.42089933,0.72462237,0.15742612,-0.63523287
protein|FAM26F,-0.40722057,-0.5214359,0.14861485,0.72376215,-0.3602622,-0.5402666,-0.32196307,-0.666859,0.119302005,-0.17790069,0.23842439,0.049985994,-0.9394324,0.18139458,0.009161542
protein|H1FX,-0.3001703,-1.2696433,1.0564945,0.22881483,0.109333396,0.22815365,0.17032972,0.11988622,0.24399018,-0.46867013,-0.037928108,-0.4576646,0.37960508,-0.5240921,-0.38467485
protein|PHGDH,-0.019245805,-0.11056298,-0.8582323,0.1208479,-0.063477725,0.40501443,0.7154339,0.0026616964,0.068793565,0.10398794,0.17298386,0.1627875,0.46265385,0.47065088,0.051879115
protein|SLC2A1,-0.14389843,0.7311053,-0.23928179,0.08469359,-0.23265983,-0.4474178,0.18141553,-0.101192325,-1.0799347,0.610772,0.9366892,0.2502691,0.4689054,0.69488275,-0.080811456
protein|IGHG1,-0.6037916,0.2457405,0.017186016,-0.2632822,-0.42847267,0.22998644,-0.0203945,0.3032337,-0.4332517,0.32899356,0.71055955,0.20156568,0.20501588,0.8252549,0.018716345
protein|D6RBQ9,0.25118914,-0.053270765,0.2953022,-0.47170064,-0.29622313,0.59361553,-0.56222594,0.6344122,1.0892019,-0.30291912,-0.41943163,0.11756513,0.3888403,-0.6307781,0.155584
protein|S100A13,0.24239452,-0.087492086,0.6235694,-0.2844731,-0.6514771,0.29989767,-0.24590263,0.1498128,0.030165097,-0.64045936,-0.6896872,-0.6170042,0.15071745,-0.29161352,-0.08190204
protein|OLFML1,0.012732084,-0.3616703,-0.36060447,0.12690997,-1.0033745,0.29439294,0.09779133,0.33365354,-0.43733126,-0.14560175,0.27427107,-0.79651636,0.7825832,0.34030443,-0.039253604
protein|PSTPIP2,-0.679404,-0.46278304,0.20357223,0.5218619,-0.13887572,-0.3339222,-0.65126836,-0.29475474,0.18919988,-0.1971649,0.46563292,0.20620218,-0.8799575,-0.0023212763,0.14898328
protein|APCS,-0.43743917,0.3275082,-0.24066666,-0.13379535,-0.8712624,0.09522531,0.34215507,0.420467,-0.9072853,0.20253904,0.4212851,-0.28123927,0.3135051,0.62109834,-0.09466
protein|RNASE3,-0.22202176,0.29506394,1.1425936,0.21828806,-0.34004962,-0.016142804,0.16813143,-0.24892823,-0.9264333,0.049016066,0.06750549,0.03178857,0.030543867,0.20088875,-0.065478206
protein|COL14A1,-0.3693666,-0.43029934,-0.23352392,-0.013338783,-0.9772475,0.8600079,0.34090713,0.4352692,-0.33395597,-0.24366562,0.3301854,-0.8977484,0.54525834,0.70522785,0.11266012
protein|GIMAP7,-0.3630888,-0.64676154,0.7922713,0.5730186,-0.6630559,-0.2946486,-0.5112089,-0.58199924,0.19573957,-0.4265074,0.25082073,-0.86756486,-0.53175986,-0.4394205,0.40696678
protein|AIF1,-0.85702133,-0.6573733,0.89512664,0.19579731,-0.1257855,0.07360658,-0.5069434,-0.3864368,0.31585518,-0.5923327,-0.0051838257,-0.13696806,-0.665706,0.022048358,0.09147476
protein|CD300LF,-1.0369091,-0.80723363,-0.12336368,0.37084532,-0.37454852,0.4722205,-0.3824791,-0.24894193,-0.1633554,-0.27354702,-0.094913326,0.038327474,-0.36555102,0.07326752,-0.14400697
protein|STAP1,0.34201694,-0.10296951,-0.3140984,-0.14811352,0.30286995,0.13078856,0.20685293,0.06639653,0.25501412,0.59440404,0.18316595,-0.4012151,0.614223,-0.70268786,-0.13900809
protein|CTSK,-0.5044275,-0.32881576,-0.9646592,-0.5111278,-0.14401847,0.62767416,0.10439331,-0.32901624,-0.7226885,0.030671796,-0.32968542,-0.20409477,0.12490288,-0.56752586,-0.08796137
protein|APOL3,-0.60621285,-0.9055795,0.1498097,0.55186665,-0.14903787,-0.46510696,-0.58259577,-0.425216,0.13164908,-0.45139298,0.0035606977,-0.009492419,-0.79391867,-0.24113163,0.05414155
protein|CR2,0.64452016,-0.1390642,-0.09353599,0.06316809,0.021965103,0.3823316,0.1363853,-0.22817871,-0.53568864,-0.5342265,-0.0010997041,-0.32932046,0.4954314,-0.25015315,-0.15705495
protein|AKNA,-0.069017276,-0.14450562,0.15795827,0.23464482,-0.3593839,0.12697676,0.27879304,-0.022227572,-0.26462832,0.046730578,0.25887373,0.24518447,0.063296035,0.47675532,-0.060583197
protein|PTMS,-0.37806058,-0.5303486,0.8502534,-0.19244717,0.018032406,0.7898329,-0.21624535,0.5342451,0.37735647,-0.8545848,-0.71605766,0.28177884,-0.012631356,-0.41448247,-0.42853522
protein|IGKV1-5,-0.60208976,-0.1479144,0.35054022,-0.30955887,-0.37526545,0.57723755,0.17815703,0.104450345,-0.24832347,-0.05422304,0.3244739,0.14132956,0.31196347,0.59125805,-0.36897257
protein|TRBC2,-0.19406052,-0.6349808,0.6397872,0.6333197,-0.48056963,-0.43977472,-0.06951311,-0.2841285,-0.046503082,-0.40601507,0.40005258,-0.89129496,-0.30211148,-0.22684056,0.24384467
protein|BST1,-0.81892234,-0.256242,0.72952324,0.099746615,0.0352802,0.16283412,0.27470732,0.061695162,-0.6575284,-0.49353248,0.5964007,0.15171085,-0.046158463,0.42158806,-0.5829463
protein|ALDH1A1,-0.6852065,-0.320323,-0.11757872,1.1976568,-0.15667863,-0.59860015,-0.7729988,0.48077384,-0.2098391,0.04130575,0.2049478,-0.21252537,-0.9154661,-0.16103424,0.16907887
protein|TGOLN2,-0.21384698,-0.33941558,0.06459555,-0.39237174,0.1551816,0.7266337,0.12596315,0.29031953,0.16753054,-0.6105254,-0.34874693,0.06414514,0.2699227,-0.0020100707,-0.40246505
protein|H7BYY1,-0.2335393,0.0427741,-0.35946417,0.36571583,-0.6299813,0.3213495,0.19471455,0.6654148,-0.7296367,-0.005794056,0.15959895,-0.7015973,0.1959841,0.7530528,-0.011872542
protein|GPD1,0.22945799,0.15989022,-0.37948295,0.6158158,0.21665335,0.24572515,0.32221675,0.3253518,-0.21115974,-0.22111438,-0.17550506,-0.20998473,-0.38275355,0.70230293,0.0094198985
protein|IRF4,0.20130533,0.3141087,-0.1886422,-0.65102285,-0.0661811,0.3246851,0.19319786,-0.3763509,0.47356766,-0.084014215,-0.42260838,0.45831662,-0.1564783,0.7427492,0.43042463
protein|ITGB5,-0.40671983,-0.3512468,0.4321237,-0.14601329,0.28250104,-0.0742017,-0.46898803,-0.4804037,-0.45598245,-0.6614145,0.13880447,-0.42826334,-0.49494997,-0.3646994,-0.3427196
protein|CDK13,0.220156,-0.5529653,-0.037523225,0.102457725,0.7896845,0.3553055,0.32987106,-0.26578447,0.5039361,-0.33335492,-0.0013089402,0.27993673,0.087411694,-0.28302547,-0.5644113
protein|PLXDC2,-0.8188754,-0.6545686,-0.25641862,-0.27363,-0.28231984,0.9580314,0.63006026,-0.014494101,-0.17135145,-0.027312981,-0.14405264,-0.29344162,0.29030323,-0.108893156,-0.5993594
protein|CTH,0.07209529,0.56169444,0.053112287,0.6170367,0.17284335,0.41299075,0.03693508,0.3840468,-0.2434009,-0.33144382,-0.32841694,0.43218964,-0.3766294,0.7477058,-0.12315054
protein|TIMP1,-0.57596356,0.6403919,0.26303366,-0.44430748,0.59079164,0.39204597,0.05448978,0.23827095,-0.66930354,0.06904223,0.14111567,-0.14848743,0.011003617,0.37264568,-0.31080276
protein|FBLN2,-0.39082974,-0.38525522,-0.759462,-0.58035314,-0.48949966,0.8809443,-0.15584372,0.45204732,-0.5705568,-0.17478867,-0.022890443,-0.6251496,0.48240265,0.06400625,-0.22677164
protein|WARS,-0.9651838,-0.43523353,0.44474545,0.4105354,-0.28845495,-0.5081974,-1.022431,-0.24774165,0.5700777,-0.22007903,0.21261658,0.108623974,-0.8610531,-0.39807245,0.3437416
protein|TMA7,0.44627154,-0.48934317,0.79566383,-0.2592663,0.72258276,0.3434339,0.28877854,-0.23377495,0.8335635,-0.61805004,-0.21097982,-0.07836092,0.16331677,-0.30216202,-0.18226893
protein|FMOD,-0.37075755,-0.43668425,-0.2530283,0.023291327,-0.3401112,0.5041348,0.35491544,0.008885383,-0.79246956,-0.07546586,0.21143736,-0.45074004,0.45134994,0.29241523,-0.16644445
protein|GZMA,-0.6388272,-0.75389946,0.35752597,0.38678935,-0.29934475,-0.26039842,-0.548977,-0.019303698,0.07342781,-0.43831384,0.13697138,-0.06769002,-0.37486416,-0.24566916,0.08771855
protein|HLA-DMB,0.4020212,0.1682608,0.21346018,0.049600508,0.5387995,-0.43056926,0.059664685,0.32974976,0.30223802,0.27387375,0.13503937,0.008719704,0.15108468,-0.79114676,-0.31906113
protein|FCGR1A,-1.1778812,-0.69252247,0.110140085,0.62786275,0.1732588,-0.40733707,-0.44038996,-0.1933672,-0.057348598,-0.19943401,0.30638155,0.3733499,-0.7853183,0.23156655,-0.059959285
protein|P01009,-0.33731967,0.86433405,0.57724386,-0.5630819,-0.31058347,0.24371281,-0.3012798,0.32409483,-0.77153146,-0.11462276,0.624899,0.40037304,0.26174554,0.5191029,-0.1609475
protein|HVCN1,-0.49809283,-0.42295447,-0.06410254,0.48204994,-0.3896544,-0.17475472,0.026857432,-0.045351364,-0.43441647,0.20466654,0.6124506,-0.24102259,0.30730754,-0.25924486,-0.34035426
protein|MORF4L2,-0.02390543,-0.6271011,-0.050712124,-0.35151538,0.5789502,0.88088053,0.74793637,0.10004269,0.14641438,-0.5690754,-0.2936124,0.39311385,0.2080228,0.54017234,-0.4032635
protein|SLC1A4,0.31604978,0.1963022,-0.7009811,-0.28601035,0.38972527,-0.040047847,0.1113769,-0.18625605,-0.21642093,0.52040035,0.17208965,0.117212266,0.0811011,-0.22433263,-0.049285695
protein|XPO6,0.12664519,-0.29313666,-0.38791525,0.3107667,0.31428757,-0.34741947,0.55134934,-0.72394925,-0.12721792,0.09024856,-0.3797314,-0.43587354,-0.525702,0.098123,0.1719989
protein|NFKBIE,0.047881614,-0.091688596,0.27707505,-0.10410018,0.31446946,0.3584039,-0.006371022,0.20006835,-0.03944073,-0.24797098,-0.30209675,-0.057304874,0.22058891,-0.5483034,-0.51578313
protein|PTPN18,-0.30095086,-0.9548307,0.3784748,0.3710949,0.52955693,0.47445184,0.35074815,-0.21723634,-0.025254723,-0.5566785,-0.18897387,0.48921913,0.11157428,-0.08224539,-0.83705026
protein|VPS72,-0.25342065,-0.6560359,-0.33218312,0.0042435583,0.19072759,0.61406595,0.8507364,-0.4546168,-0.19632095,-0.37194893,-0.00964649,0.073061004,0.22786343,-0.029886322,-0.19710208
protein|UQCRH,0.14590827,-0.27305454,0.058788743,-0.13446274,0.35100842,0.48661047,0.06866033,0.19115616,0.20690508,-0.20169948,-0.8299565,0.13787742,-0.14018767,-0.32347465,-0.4822319
protein|C19ORF53,0.19785018,-0.97346777,0.82732874,-0.095238104,0.3403936,0.5475417,0.23192666,-0.12452122,0.59063035,-0.74523103,-0.14429744,-0.0065362453,0.31357148,-0.4288276,-0.2562979
protein|CNOT10,0.41514137,0.1915886,-0.5628676,0.94081813,0.3440599,-0.5292923,0.11411347,0.048993185,-0.4287299,0.19961224,-0.6347817,-0.4552766,-0.40156785,0.2784339,0.3771502
protein|TRIM33,-0.41951197,0.32456264,0.26626283,-0.26985505,-0.16902229,-0.47095862,-0.08947932,0.19005172,-0.772776,-0.0017220528,0.6948108,0.43810618,0.24446276,0.704136,-0.14813383
protein|BAG3,-0.33878303,-0.86488986,-0.3531927,-0.28985354,-0.19817726,0.7616981,0.25134683,-0.18975806,-0.043354053,-0.37875137,-0.6830306,-0.15091825,-0.1609584,0.14998195,-0.4189168
protein|CYP2S1,-0.7588854,-0.11148773,-0.24595878,-0.005998659,-0.06685815,0.33634716,0.24049617,0.16812474,-0.73729634,-0.083255075,-0.37670517,-0.1576645,-0.458459,0.24263816,-0.35792044
protein|CD2,-0.58277947,-1.2418761,0.51551145,0.18846813,-0.47870624,0.14116645,-0.20158084,-0.08628854,0.46588734,-0.6226838,0.29152834,-0.60594726,0.010360451,-0.36138576,-0.24638164
protein|EPB42,-0.19301844,0.57609516,0.6809789,0.37904835,-0.2827925,-0.33049232,0.47169054,0.37587777,-0.8418077,0.24716893,0.64093316,-0.12601681,0.46243992,0.8880729,-0.16701035
protein|PLIN2,-0.051150374,-0.20565912,-0.03836952,0.19993246,0.20279358,0.12194422,0.23398304,0.05693541,-0.041720007,-0.20120695,0.11596989,-0.34050977,0.10108158,0.43477204,-0.029152147
protein|PRNP,-0.42619213,-0.5719949,0.60084826,0.1736485,0.034452893,0.3962171,0.56009763,0.14978963,-0.25009406,-0.36157438,0.073704176,0.0052167205,0.3932845,0.13473576,-0.5707451
protein|CD82,0.028684117,-0.22931181,-0.18289243,-0.40366754,0.5324043,0.3520008,0.0019963204,-0.3212196,-0.66396236,-0.056255747,-0.094921984,-0.052484475,0.0010693911,-0.3839877,-0.55531424
protein|CR1,0.5051403,-0.040014915,0.057461694,0.16703825,0.083327904,0.3256756,0.16450083,-0.4415168,-0.69197726,-0.69340193,0.087054744,-0.06040747,0.25295419,0.102039926,-0.2504438
protein|FDX1,-0.3606492,-0.3990972,-0.35959414,0.33778116,0.38239434,0.076463975,-0.2435536,0.35395408,-0.15642093,-0.24797072,-0.34724584,0.31886965,-0.28150737,-0.3238232,-0.3452849
protein|PM20D2,0.20213522,0.38264713,-0.46055952,0.16126649,0.32493794,0.049556404,0.14049558,0.036055434,0.038038258,0.4958642,0.09730572,-0.09359941,-0.015298467,0.32524967,0.1400725
protein|FAU,0.3698089,-0.21670546,0.5197343,-0.41575766,0.8881133,0.4441131,0.32018176,-0.22219084,0.77276784,-0.63002884,-0.5372942,0.6971892,-0.08905021,-0.21618676,-0.35811612
protein|TRAF1,0.021519775,-0.010427281,-0.43255678,0.23791541,-0.14521329,-0.41112834,-0.2049645,-0.46852806,-0.4732555,0.51669055,0.3117831,-0.43217885,-0.01846231,-0.51878446,-0.42408267
protein|GOLIM4,-0.43443412,-0.4363416,-0.18954995,-0.11251469,0.35937282,0.7729339,0.47468397,0.4781648,-0.094252706,-0.23491007,-0.07452561,0.26783994,0.006747287,0.3207687,-0.6137084
protein|ORM2,-0.101423204,0.6687803,0.53115475,-0.49399754,-0.1330869,0.23836026,-0.13555175,0.04923531,-0.47082785,-0.06028518,0.22498646,0.45791122,-0.09965124,0.27280587,-0.49777728
protein|PPBP,-0.36001286,0.378203,0.23360324,-0.31054074,-0.27962223,-0.009311665,0.28020817,0.26070836,-0.4640918,0.12136282,0.57532215,0.13061512,0.3055123,0.8561359,-0.25703478
protein|PRDX2,0.15324229,0.65249425,0.41876876,0.19226822,-0.32199875,-0.61245805,0.07208965,0.16199622,-0.4794116,0.22424154,0.6435838,-0.018621394,0.2798388,0.49202254,0.2570121
protein|GATM,0.3844854,0.25939146,0.19033676,0.32661837,0.48991576,-0.35631403,0.09277525,0.4068957,0.17749338,0.22851562,-0.600336,0.060210325,-0.4824214,0.13962995,0.115115575
protein|RPL37,0.19317213,-0.65142137,0.31995568,-0.40667596,0.4640335,0.58252686,0.5077014,-0.30455136,0.7097565,-0.43546668,-0.32526097,0.6192722,0.19307189,-0.19158858,-0.6161575
protein|SLC43A3,0.10271125,0.28659728,-0.80887455,-0.608387,-0.19351771,0.31165522,-0.29410332,-0.7988958,0.20134808,0.5059576,0.44765034,0.29086882,-0.46773702,0.11897698,0.43257925
protein|HIST1H1B,0.27184594,-0.7758649,0.6797657,-0.48354316,0.41044062,0.30177706,0.25226465,-0.20341316,0.70722497,-0.53412336,0.20308608,0.036469907,0.527528,-0.45985696,0.033371445
protein|SPTB,-0.36696398,0.46436146,0.41499305,0.030009322,-0.30787775,-0.32806465,0.56441605,0.07683466,-0.905619,0.22082579,0.92310685,0.19408101,0.6585991,0.90625834,-0.31601024
protein|P50579,-0.01699461,-0.2785158,0.052576568,-0.107059956,0.50276005,0.33379456,0.24184251,0.70016617,0.5821726,-0.037330043,-0.31052244,0.29311988,0.64764845,-0.23668501,0.035573777
protein|NOM1,-0.041908607,-0.378953,-0.42043677,-0.2584251,0.40254965,0.70344174,0.752597,-0.04403346,0.015523895,-0.40288636,-0.25130805,0.5918862,0.30109632,0.72608066,-0.52111006
protein|GPX3,-0.61334634,-0.0811673,0.082420446,-0.29914647,-0.72926646,0.3823605,-0.18666308,0.47980303,-0.42303202,-0.09129869,0.12060174,-0.49563205,0.18243882,0.16741666,-0.17347148
protein|Q9UN36,-0.227377,-0.101221226,0.4590015,0.15228753,-0.046045795,0.25932625,0.32726863,0.3462727,0.093303286,-0.5298166,-0.5179787,-0.28360227,0.12943819,-0.018226402,0.026489757
protein|SKAP1,-0.48782307,-1.2031765,0.52298486,0.43905196,-0.65084326,0.00066061504,-0.1289289,-0.5065731,0.052395713,-0.4141016,0.23616014,-0.81841475,-0.13880731,-0.2798995,-0.048046503
protein|ALOX5AP,-0.030386377,-0.051994365,0.12623657,0.27593598,0.120285794,-0.5305763,-0.1468007,-0.10037646,-0.57731235,0.3874726,0.5987684,-0.69209146,0.17360465,-0.48126546,0.017857114
protein|MLKL,0.030912917,-0.27498412,-0.6771678,0.20957012,-0.22865592,-0.059178594,-0.16632648,-0.4623023,0.33204114,-0.23442796,-0.5861585,-0.35109633,-0.67051536,-0.14499263,0.48574835
protein|PRMT9,0.3339522,-0.042596336,-0.70794696,0.25417793,0.35044882,-0.4625606,0.4305876,-0.97307354,-0.07372857,0.2538767,-0.062800474,-0.6063145,-0.3156143,-0.045829494,0.43245515
protein|TPD52,0.41813827,0.15069291,0.14425912,-0.111065425,0.32611427,-0.057758037,0.1945753,0.37035358,0.46819508,0.107661135,-0.48821455,-0.46069324,0.22274438,-0.31759697,0.10051996
protein|FABP3,-0.28601947,-0.3119138,-0.41316465,0.24654688,-0.35312054,-0.22612256,-0.054122772,-0.020352945,0.048167016,0.06831849,0.08870546,0.00246662,-0.330536,-0.0046335724,0.18998556
protein|A0A0S2Z4G6,-0.13087459,0.18919437,-0.5226423,0.067339,-0.692115,0.37485048,0.005161751,0.59846765,-0.4464824,0.11443948,0.3507801,-0.9292923,0.2111928,0.5130086,0.19560541
protein|NPL,-0.42878222,-0.23400453,-0.4980343,0.25404674,-0.53033984,0.102300614,-0.9627805,-0.23132667,-0.08137321,-0.21095864,0.15026197,-0.28202063,-0.7784406,-0.42684686,0.19930558
protein|CD79A,0.88390046,0.14227077,-0.14091039,-0.32462502,0.49247736,0.012966914,0.29989067,-0.0011283765,0.031204375,0.05101595,-0.06260401,0.1970329,0.49747682,-0.48836708,-0.16602689
protein|VSIG4,-0.8147818,-0.46249747,0.20929408,0.45339248,0.10567589,-0.19625184,0.14327276,0.021562777,0.11142624,-0.16612945,0.2712167,0.35697207,-0.490798,0.5445856,-0.43654773
protein|FBLN1,-0.589388,0.065197915,-0.55298287,-0.3957144,-0.6772195,0.76758456,0.03266996,0.5936275,-0.519182,0.08078098,0.47335464,-0.3072906,0.4070293,0.57326186,-0.409817
protein|CD109,-0.54644823,0.32518733,0.1597561,-0.091518424,-0.19252384,0.30350178,0.46485895,-0.15536997,-0.574292,0.01104016,0.18610656,-0.2930657,0.101602994,0.391344,-0.21501985
protein|A0A7I2V5H0,-0.34129226,-0.69749033,-0.7293594,-0.25849548,-0.26133713,0.83053094,0.5907584,0.019990228,-0.13389914,-0.3216141,-0.0599296,0.22419429,0.36088607,0.29119563,-0.48836526
protein|PTPMT1,-0.13951667,-0.49766836,-0.085313685,0.27011895,0.40739658,-0.27132133,0.44139847,-0.23729044,-0.08546941,0.21689643,-0.05434981,-0.24835053,0.17708512,0.2608448,0.08220419
protein|PSEN1,-0.13710086,-0.6310347,-0.13362047,-0.009046556,0.15697151,0.6268892,0.3501679,0.28472382,0.2707132,-0.7617801,-0.31255168,0.13674358,0.116998546,0.41782826,-0.42187575
protein|C10ORF54,-0.19190714,-0.9163141,0.085235395,0.1756186,0.16453801,0.5029862,0.28867662,-0.021722356,-0.4191499,-0.74823254,-0.3918181,0.07792731,0.24009357,0.009269798,-0.016000906
protein|MNDA,-0.41906828,0.41207483,0.38179645,0.029187022,-0.51024264,-0.47183865,-0.0008257435,-0.5272369,-0.48840985,0.07094151,0.14022207,0.29813963,-0.47539607,0.16033234,0.02572424
protein|TAX1BP1,0.4544255,0.22233966,-0.32818195,0.06349371,0.14349186,-0.5751815,0.3150304,-0.9484376,0.26667002,0.2921949,-0.3661847,-0.5402569,-0.42482495,-0.5555736,0.43430054
protein|ITIH3,-0.6583684,0.47189453,0.09620591,-0.20393743,-0.16579166,-0.001704711,0.13652101,0.14858408,-0.7065052,0.19024524,0.68413687,0.39368346,0.021609249,0.68713653,-0.34201545
protein|ZNF280C,0.3586843,-0.24090073,-0.1440511,-0.064672306,0.62080425,0.2823009,0.31839907,-0.20959198,0.37000424,-0.1112446,-0.14174111,0.21109654,0.18197072,-0.31891647,-0.21458419
protein|USE1,-0.3253447,-0.3347609,-0.21997909,0.05974489,0.42517623,0.3081646,0.7626183,-0.5058356,-0.35832503,-0.0695934,-0.4305296,-0.14354424,0.09617418,0.5499681,-0.2506421
protein|IGHV3OR16-12,-0.37046477,0.1612946,-0.3059079,-0.11149093,-0.45822772,0.01126871,0.23243268,0.16539405,-0.6604517,0.27969295,0.39651504,-0.19988005,0.08516662,0.41669837,0.32057956
protein|MEPCE,-0.13133745,-0.7348361,0.085641146,-0.3154244,0.66224545,0.64515895,0.71301025,0.050839104,0.025346223,-0.16545536,-0.3103937,0.26650572,0.45381632,0.0026883245,-0.5962525
protein|ALDH2,-0.50478673,-0.092101134,-0.7568912,0.921116,0.365721,-0.3619523,-0.47652432,0.9625187,-0.6340475,0.26368588,-0.31223404,-0.11126377,-0.5101134,-0.46587983,-0.21939656
protein|MXRA5,-0.6878603,-0.034558214,-0.8182486,-0.5829115,0.17566727,0.6353102,-0.14618593,0.32331997,-0.5612763,0.082297966,0.113408186,-0.15683581,-0.048060756,0.2276897,-0.42375898
protein|C9,-0.35151055,0.6134381,0.32741475,-0.19778694,-0.36605346,0.04582879,-0.17485388,0.356046,-1.2643298,0.18151994,0.6478423,0.13690293,0.31661475,0.499812,-0.20286942
protein|TRMT5,-0.19692287,-0.2341498,-0.20165041,-0.10881445,0.22511731,0.35196075,0.2495255,0.21757619,-0.20124534,0.018683342,-0.08197672,0.2531985,0.13566008,0.16098122,0.023520252
protein|SEC11L3,0.1145819,0.057839192,-0.13253865,0.045072187,-0.090511516,-0.22891589,0.4121003,-0.28345957,0.1348547,0.21009585,-0.35502002,-0.07232413,-0.36682796,-0.039558046,0.49540588
protein|TK1,0.2434061,0.2871755,-0.90404445,-0.34589452,0.69895416,-0.04765823,0.049347382,-0.3766526,-0.05075822,0.4017044,0.12983796,0.20120485,-0.2676966,-0.12977417,0.18657166
protein|APOBR,-0.6786803,-0.5693522,0.41094196,0.035526384,-0.24376784,0.26985642,0.13010255,0.20212021,-0.31507728,-0.16319865,0.09605846,0.12890396,0.017456349,0.3904502,-0.13131483
protein|SNX29,0.24466512,-0.24446884,-0.21935846,-0.10355221,0.2749019,0.19447504,0.37744933,-0.17034775,-0.10690289,0.012081992,0.385937,-0.08594487,0.6451564,-0.34778962,-0.33561185
protein|NUCKS1,0.17959131,-0.7331996,0.5826732,-0.30838716,0.55416787,0.54551876,0.30370608,0.32269025,0.60547245,-0.65404654,-0.56095994,0.06282146,0.3010517,-0.36005968,-0.2451456
protein|ANK1,-0.26925665,0.54190755,0.44469613,0.14245802,-0.2579291,-0.48383844,0.43688396,0.2484522,-0.92898613,0.26612976,0.9206247,0.25112918,0.62764883,0.860655,-0.25066257
protein|CD79B,0.75621355,0.08286664,-0.24215075,-0.27105427,0.51038593,-0.031318046,0.28263748,-0.23500581,-0.21518622,0.09514349,-0.08443198,0.12041012,0.3148788,-0.10846288,0.07745463
protein|TFRC,-0.0367113,0.26872766,-0.86097085,-0.49015835,0.32325712,-0.008118156,-0.058741678,-0.6261221,-0.33949485,0.106270894,-0.29118356,0.36261874,-0.6338233,0.36721137,0.10028024
protein|UTP20,-0.017058285,-0.09450853,-0.66332364,0.023762375,-0.18527348,0.15086311,0.19545399,-0.32096612,-0.13889708,-0.011316752,0.15625206,0.07474871,-0.011214844,0.20435475,0.0062943487
protein|CPB2,-0.33407372,0.68386185,-0.08387666,-0.24442342,-0.3446333,-0.15626433,-0.15489721,0.2696025,-1.3097072,0.12875001,0.7626127,0.346097,0.21904406,0.5430278,-0.21302432
protein|GCA,-0.3536276,0.46544436,0.861176,-0.1758276,0.27980128,-0.41011438,0.16168875,-0.35154337,-0.736772,-0.20741759,0.041794505,0.068847604,-0.2530043,0.2131528,-0.2935455
protein|TAF15,0.33674756,-0.6127673,0.39556754,-0.34289458,0.8281837,0.5291878,0.49660632,-0.039410084,0.47643903,-0.6411986,-0.47505942,0.47656614,0.110749915,-0.41334385,-0.64390105
protein|FTH1,-0.6691611,0.041889325,0.30946103,-0.11496861,-0.3520593,-0.028222699,-0.06978643,-0.1310683,-0.2677839,-0.19915959,-0.21613413,0.31761456,-0.36629212,0.20610476,-0.26243287
protein|P01889,-0.118207045,-0.44198465,0.1203677,-0.0075479476,0.27251506,-0.1257576,0.21654396,0.034803443,-0.046253264,-0.30815908,0.124337815,0.32266858,-0.124696225,-0.20771351,-0.39379963
protein|KANK2,-0.20272456,-0.6807419,0.110293396,-0.25765142,0.041860286,0.4733038,0.3943371,-0.09281291,-0.040978674,-0.054470897,-0.13646941,-0.14197962,0.3490235,0.21311405,-0.3259146
protein|C5,-0.45283568,0.4184354,-0.08147107,-0.017299818,-0.64177996,0.07343105,0.021284036,0.46377903,-1.0336659,0.2098438,0.7897262,0.1768683,0.27613273,0.87670326,-0.19402812
protein|ITIH1,-0.6846003,0.5000373,-0.035943657,-0.3860012,-0.2187887,0.08658566,0.12584904,0.03620613,-0.94794357,0.5355323,0.69663066,0.17014769,0.09825638,0.5366474,-0.37779692
protein|FYB,-0.43383783,-0.9764694,0.2025902,0.56734556,-0.6898349,0.2276183,-0.57196885,-0.21517365,0.140835,-0.532183,-0.011525097,-0.69781655,-0.33577466,-0.5651955,0.030156078
protein|HIST1H1E,0.09810381,-0.8390696,0.9280205,-0.23971242,0.18538581,0.21704341,0.2565637,-0.06768022,0.55590963,-0.5160776,0.084849656,-0.31544667,0.5657121,-0.44748676,0.07636278
protein|HIST1H2BD,0.17076498,-0.45987397,1.0217724,-0.62731427,0.47275454,0.13167344,0.45082453,-0.19447744,0.6798897,-0.4917564,-0.037012823,-0.31933945,0.42334956,-0.18452993,0.012002795
protein|GALM,-0.73027086,-0.42243713,0.4515384,0.6386831,-0.43490607,-0.39347792,-0.772934,-0.12940139,0.20116113,-0.042619124,0.3434176,-0.58115464,-0.60675484,-0.44834518,0.34350938
protein|BANF1,0.36492938,-0.06811962,0.7323793,-0.57872343,0.66800576,0.11638135,0.14415257,0.02136099,0.5990543,-0.19180565,-0.7803178,-0.272545,-0.0049562627,-0.34296384,-0.19905372
protein|ATPIF1,0.2824307,-0.34605825,-0.35325348,0.33475408,0.55981344,-0.074701004,0.3248709,0.64792186,0.4567267,-0.09867995,-0.4548682,-0.19131011,0.16654561,-0.36488968,-0.10649458
protein|UHRF2,0.1634646,-0.45851377,-0.2605517,-0.35890478,0.27607813,0.44793233,0.6394875,-0.43280497,-0.06514477,-0.10764827,-0.2345794,0.10274168,0.21772757,0.10294817,-0.45364475
protein|TMEM245,0.057978537,-0.57372546,-0.48475206,0.48147804,-0.17198738,0.3352825,0.56857264,-0.12002664,-0.30751738,-0.0052119815,0.04186687,-0.44069862,0.20514448,0.18110275,-0.16932738
protein|HIST2H2AB,0.19518174,-0.5091052,0.67730075,-0.20245044,0.61679375,0.04988732,0.69200295,-0.38277566,0.31828022,-0.22257006,-0.24975736,-0.46097016,0.21612228,-0.5408197,-0.23017521
protein|DDHD1,0.26518244,-0.4729015,0.20481616,-0.07844747,0.8271913,0.16780779,0.51197267,-0.16498968,0.5145334,-0.17775625,-0.30551988,0.19033198,0.09083215,-0.3291246,-0.46794355
protein|MMRN1,0.10811402,0.057573423,0.08790247,0.3907861,-0.16796179,-0.014842631,0.1915837,0.3396642,-0.6242186,-0.29949525,0.24639097,-0.2585196,0.4487689,0.6203763,0.017118573
protein|ZFP91,-0.3076484,-0.55803484,0.10319078,0.09655023,0.4431645,0.57731193,0.5965197,0.0468996,-0.031932537,-0.39678848,-0.16560179,0.16938612,0.24203284,0.00639892,-0.46514055
protein|SNX33,-0.31545043,-0.25810042,-0.1286581,0.0037682073,-0.23938797,0.05108924,-0.06327934,0.06946048,-0.5764971,-0.28932342,0.14617266,-0.10691612,-0.16145767,0.123398915,-0.36715415
protein|NDRG1,-0.9734213,-0.9262313,0.039834604,-0.1490033,-0.31330928,0.54572374,-0.2566003,0.033923127,-0.46409243,-0.6912818,-0.19608441,0.27024314,-0.14214922,-0.021490715,-0.485371
protein|SULT1A4,0.04882074,-0.11237368,0.12979697,0.97791195,-0.25955087,0.27302155,-0.28696933,0.722132,-0.25571504,-0.57235914,-0.71273,-0.3823771,-0.2819493,-0.04561025,0.105512515
protein|IGF2BP3,0.39298365,0.028292578,-0.38684186,-0.22928096,0.64239526,-0.070233665,0.14789896,0.20041935,0.66555005,0.38942516,-0.3303454,0.47357866,0.28664005,-0.08330455,0.007298966
protein|ABI3BP,-0.2505134,-0.20607005,-0.25412163,-0.30667946,-0.15704572,0.63384163,0.47847804,-0.009674316,-0.18647642,0.03190669,0.015330174,-0.1991339,0.43016768,0.08602657,-0.38345233
protein|P12111,-0.7181722,-0.5084348,-0.4130432,-0.07806155,-0.7053117,0.5570005,-0.15834871,0.2564549,-0.22941102,-0.09786706,0.48698092,-0.3489477,0.2561492,0.44979542,-0.078062534
protein|ZNF318,-0.45028758,-0.56743586,0.25302494,0.107656166,0.41484934,0.24246794,0.6062246,-0.071861155,-0.1316479,0.13746472,0.059104882,-0.09990218,0.2488684,0.26221886,-0.48448393
protein|CYP1B1,-0.59813756,-0.2323209,-0.43254942,-0.1063383,-0.083844796,0.20433702,-0.3987234,-0.102249935,-0.62250775,0.039779607,-0.27753824,-0.554872,-0.53507566,-0.090472385,-0.36219892
protein|GC,-0.30767384,0.7543711,0.5556281,-0.5595741,-0.110166684,0.21914607,-0.18274881,0.6772159,-0.88328123,0.10579958,0.54025817,0.2612417,0.27578983,0.45853305,-0.388506
protein|TXN,-0.5849363,-0.12770157,0.2904038,0.15320198,-0.00012275852,-0.112591766,-1.0299906,-0.20272267,0.3393728,-0.31732225,-0.2255624,0.38445297,-0.88447475,-0.3807807,0.12303255
protein|PON1,-0.2596388,0.5287933,0.42059237,0.20223197,-0.06791269,-0.16053522,0.16284572,0.634684,-0.74603647,0.2540723,0.49343774,0.2993699,0.1010564,0.6845335,-0.34540683
protein|SERPINF1,-0.44377533,0.5906947,-0.33642262,-0.5167919,-0.25645337,0.70501494,-0.08620657,0.45069358,-0.8619166,0.26268858,0.5220236,-0.50687027,0.2881858,0.26561245,-0.15800811
protein|ARID4B,-0.11648726,-0.62884873,0.09753456,-0.31653395,-0.017777946,-0.25800925,0.48173484,-0.65081453,0.01456601,-0.02618153,0.3235205,-0.16070132,0.06339722,0.27691174,-0.3578756
protein|HNRNPU,0.50789,-0.08857526,-0.3069214,-0.45162997,-0.37410906,0.5123383,0.014929317,0.19054624,0.9660523,-0.23287141,-0.39748138,0.2094345,0.09900371,-0.5934337,0.054802172
protein|GRAP2,-0.4056928,-0.9060163,0.5259942,0.5274978,-0.41132054,-0.033419456,-0.07123074,-0.45461956,-0.023651017,-0.3993555,0.11444198,-0.6592605,0.021398434,-0.29808098,0.09315966
protein|SLC16A3,-1.0078434,-0.14460799,-0.24441828,-0.11365293,0.42347705,-0.34151676,-0.18418878,-0.3981395,-0.57678086,0.11972719,0.24255183,0.15780577,-0.4435764,0.007906069,-0.036109366
protein|COL6A1,-0.73080915,-0.74113744,-0.32105568,-0.13581733,-0.6309733,0.71577984,-0.05460666,0.2463209,-0.16973342,-0.20565861,0.37736213,-0.3339598,0.30576652,0.4768047,-0.124069884
protein|SLC7A5,-0.1761975,-0.22868069,-1.0659834,-0.079897046,0.08625926,0.25066158,0.16531909,-0.5646158,-0.084712155,0.06347974,0.43642607,0.23589404,-0.029845534,0.3131065,0.4021965
protein|CD38,-0.63294005,-0.7047379,0.4178968,0.42571688,0.22318238,-0.05552836,-0.1129005,0.25755635,0.6318699,-0.35981026,0.05467314,-0.06921792,-0.45498708,0.21325321,-0.00903085
protein|HDGFRP3,0.2080471,-0.39865392,0.7256074,-0.34278682,-0.07938489,0.40644556,-0.18128514,0.08047163,0.026174165,-0.7522686,-0.28578347,-0.052195277,0.24706043,-0.14371392,-0.37138638
protein|AOC3,-0.20619684,-0.370521,-0.40346655,0.20341453,-0.3274661,0.4089281,0.22267267,-0.0259411,-0.52538437,-0.2643032,0.26014706,-0.48826998,0.05959624,0.4554937,-0.0050612316
protein|GRAP,0.33945414,-0.41662735,-0.36594713,0.25446072,-0.14828883,-0.38353628,0.062946714,-0.10074472,0.13986115,0.081242464,0.20527904,-0.6253859,0.19197689,-0.16813576,0.4712124
protein|TONSL,0.32606134,-0.5596988,-0.55155396,-0.16170298,0.7919643,0.4089989,0.8786628,-0.36437517,0.35218152,-0.305734,-0.12922814,0.6078178,0.04262008,0.19831066,-0.4358372
protein|SLC16A1,0.3463658,-0.0026334198,-0.68160814,-0.4898972,0.25494778,0.45357955,0.20721751,-0.20809047,0.35982525,-0.018785514,-0.191913,-0.15819904,0.20894358,0.313812,0.47263163
protein|SDSL,-0.20759116,-0.06304029,0.06670257,0.37312382,0.24995296,-0.20852505,-0.21526581,-0.11058637,-0.25831228,-0.08993372,0.21040675,-0.0024089143,-0.81689894,-0.026267748,0.085417494
protein|SDC4,-0.20606485,-0.07534394,-0.0021621126,0.11135653,0.4285483,0.2189888,0.049016096,-0.09342698,-0.8343303,-0.32831022,-0.5056072,-0.02849071,-0.21227454,-0.1783496,-0.5711133
protein|GOT2,0.68047047,0.29995462,-0.23723796,0.33512446,0.44480368,-0.4512064,0.11047057,0.4883067,0.32142833,0.1227835,-0.6778661,-0.07148154,-0.40260702,0.14080885,0.34138316
protein|GPHN,-0.042698696,-0.44631404,0.117597334,0.2704961,-0.18217044,0.35171807,0.18195115,0.18399157,0.0966254,0.08551592,-0.51884675,0.13126749,0.066334985,0.159319,-0.36347082
protein|MRC1,-0.55441874,-0.3369729,0.29532024,0.44660777,-0.17970057,-0.067947425,0.09248696,-0.44840917,0.05777226,-0.14918928,0.20353574,-0.41260582,-0.2571527,0.5333989,0.12164833
protein|BSN,-0.29763126,-0.08898973,0.1141343,0.024578828,-0.11206082,0.1087678,0.21624847,-0.37850213,-0.47252625,-0.05286736,0.405899,-0.31654954,0.26052916,0.25018442,0.12516984
protein|GZMK,-0.52788657,-0.9490221,0.7010387,0.41629532,-0.0119138975,-0.09392135,-0.020857532,-0.33636272,-0.08786357,-0.33904594,0.3438579,-0.34768307,-0.08789933,-0.26791522,-0.14185725
protein|A0A140T9X5,-0.16504374,-0.14479405,0.20098598,-0.17227866,0.047111887,-0.04798609,-0.109993726,-0.0037825352,0.18106313,-0.05417684,0.10325632,-0.012121068,-0.3443884,0.01271072,-0.19556865
protein|EFEMP1,-0.29086328,-0.009337671,-0.37041017,-0.022388007,-0.8056017,0.5774015,0.0069118603,0.44340256,-0.38878402,0.21742003,0.4849379,-0.48289296,0.5689681,0.48325232,-0.09111336
protein|DNPH1,-0.13104033,0.07340718,0.36061338,-0.10467582,0.08885887,0.06455794,0.22021477,-0.36197683,0.07577249,-0.11904496,-0.13420777,-0.14166425,-0.21901551,-0.11600948,-0.15435185
protein|ARPP19,-0.3623335,-0.14857224,0.39900342,-0.2143029,0.30458084,0.4466355,0.38887945,0.12314754,0.041021395,-0.082742594,-0.32065287,-0.47087538,0.014970404,0.2164441,-0.24890724
protein|C4B,-0.47787482,0.40460855,0.012975725,-0.07519774,-0.5120653,0.09311497,-0.0825139,0.41222107,-0.8509771,0.2001806,0.75678533,0.003612313,0.07527643,0.68057877,-0.20795794
protein|GBP2,-0.7684832,-0.5388223,0.39376628,0.24093653,-0.4951779,-0.4242876,-0.5731418,-0.5560153,0.3085903,-0.35962194,0.042969443,-0.3018844,-0.76427317,-0.19656417,0.41683072
protein|DAP,0.25616705,-0.46258083,0.33020493,-0.06731058,0.70053095,0.49323162,0.30294213,0.17917462,0.16086283,-0.5866488,-0.29739663,0.31060645,0.18491589,-0.08319082,-0.5230242
protein|F13A1,-0.40029693,0.06751396,-0.11657968,-0.16169378,-0.8323376,0.087634444,0.13323791,0.19863594,-0.42465115,0.17892906,0.16588426,-0.37629634,0.11493136,0.5194036,0.23815241
protein|SP140,0.4369882,0.024065357,-0.13594119,-0.2615205,0.30247742,0.13004336,0.44453755,-0.76630056,0.06896996,-0.48107666,-0.33895522,0.37640324,-0.09047407,-0.047613073,-0.13218506
protein|CEACAM1,-0.31064165,0.17036325,0.67465365,0.24466518,0.20696281,-0.2247329,0.44104472,0.2314572,-0.7577925,-0.11739534,-0.29650772,0.21578184,0.16579957,0.21430442,-0.27889335
protein|PHF6,0.12125428,0.035859577,-0.809718,-0.42907396,0.47547105,0.16601878,0.23453797,-0.1729043,0.20143732,0.17759734,-0.058377452,0.23074962,0.294395,-0.4016822,0.065668724
protein|B1AHL2,-0.33805817,0.18867059,-0.25819162,-0.13391842,-0.44646046,0.16669592,0.14005402,0.28924316,-0.56947964,0.40313742,0.20389163,-0.19489433,0.19898435,0.33180174,-0.21729073
protein|TRMT1L,-0.027847221,-0.49812967,-0.67470473,-0.20093225,-0.06474301,0.23743802,0.23191705,-0.20903818,-0.051674277,-0.13341253,-0.07606217,-0.019723557,-0.114820085,0.22064115,-0.33235878
protein|APOA1,-0.4069312,0.3658326,0.20266064,-0.44588113,-0.2858333,0.03897973,-0.036310587,0.42485818,-0.57084966,0.30175972,0.6615331,0.07067507,0.32249346,0.5526396,-0.3348488
protein|RNASET2,0.08688349,-0.35822737,0.96890056,0.17239812,0.2461391,-0.2271521,0.25416002,-0.17656922,0.25844803,-0.41441032,-0.48282304,-0.25302494,-0.2544283,0.124038726,-0.16650586
protein|GIMAP4,-0.40832457,-0.8909924,0.54217815,0.44656628,-0.6124824,-0.18640411,-0.47476,-0.55934775,0.2537877,-0.4493231,0.22940163,-0.82664204,-0.51140666,-0.48100072,0.21133249
protein|E9PGZ1,-0.23940934,-0.13607356,-0.2713682,-0.18656214,-0.9626264,0.8810772,0.0037355782,0.5109893,-0.37010035,-0.28109688,-0.027427213,-0.7533061,0.26666462,0.37243214,-0.09617603
protein|MYEF2,0.21184559,-0.13043152,-0.046395145,-0.1763504,0.53753006,0.18033631,0.50937116,0.015548002,0.26306927,0.065358244,-0.1814153,0.14479743,0.043724265,-0.2774764,-0.44975477
protein|AZGP1,-0.4637147,-0.20922197,0.31491023,-0.21617186,-0.088363424,0.6132849,0.44669437,0.3411387,-0.4108097,-0.21200527,-0.14337024,0.4867218,0.27941543,0.2141649,-0.6506281
protein|CAMK4,0.042840637,-0.1815291,-0.21845509,-0.00587114,0.18435247,0.05827674,-0.028781429,-0.50405705,0.13275671,0.07326736,-0.1348561,0.22580546,-0.05462116,-0.20775011,0.0279899
protein|APOL2,-0.69759905,-0.12942918,0.014928392,0.6321158,-0.027785638,-0.39245325,-0.23284453,-0.45991728,-0.15189725,-0.20450039,0.07838459,0.013923235,-0.9330936,0.26161274,-0.08031029
protein|EHHADH,0.24952234,0.42208135,-0.035688307,0.6424482,0.40725932,-0.13500832,0.4163166,0.5675841,0.026001398,-0.14289506,-0.49352065,0.1594263,-0.34642962,0.63213396,0.0061184103
protein|ABLIM1,0.013627345,-0.44752777,0.07562696,-0.12394129,0.09313134,0.12644525,0.12218047,0.32792458,-0.059379615,0.1640516,-0.19862802,-0.14508775,0.52197087,-0.33916524,-0.4063479
protein|AEBP1,-0.6816395,-0.38203874,-0.63499796,-0.30580658,-0.13345669,0.77549195,0.43718418,0.24508184,-0.52851397,0.105045035,0.27595517,-0.42481577,0.34281096,0.46187606,-0.30981052
protein|CROCC,0.61734086,-0.24165677,-0.5015636,0.27750406,0.17145988,-0.3689896,0.12971689,-0.46221313,0.1944389,0.31750128,-0.030985607,-0.42228532,0.13291012,-0.65726703,0.2772242
protein|ALDH5A1,0.5692787,0.013816517,-0.23445353,0.80496836,0.4975235,-0.116883576,0.09670651,0.798541,0.31101623,0.08606781,-0.49514893,-0.31129768,-0.13393366,-0.5851928,0.14693728
protein|PEA15,0.039475754,-0.26286167,0.2782862,-0.240928,-0.03462822,0.44082195,-0.49051484,0.43791768,0.196517,-0.17883655,-0.20507987,-0.32021192,0.108394206,-0.9177118,-0.2276192
protein|TAF9,-0.17582095,-0.49981815,-0.8378886,-0.30024636,-0.027247956,0.25113097,0.48724243,-1.1000592,-0.46171498,0.023662427,0.3431693,0.08483653,0.15507929,0.2985394,0.018924419
protein|CD14,-1.2274618,-0.5530596,0.28826028,0.2174785,0.13275509,0.056643352,-0.25453725,-0.2993855,-0.23604953,-0.2804217,0.36133778,0.25446072,-0.67166585,0.37555283,-0.39366284
protein|BCAM,-0.17582595,-0.46195927,0.15067549,0.28396165,-0.77581114,0.41236958,0.5034998,0.11210627,-0.29638228,-0.23960395,0.06440325,-0.2943373,0.4882254,0.5126564,-0.18265797
protein|AHSG,-0.35258928,0.09012504,0.7561984,-0.7201009,-0.050273325,0.32066202,-0.06686789,0.4869929,-0.11640998,-0.06800246,0.49594733,0.48733526,0.27613503,-0.021575492,-0.40474078
protein|RPS28,0.06679337,-0.22426146,0.576515,-0.3390785,0.7489216,0.6371557,0.6373278,-0.1746043,0.20963301,-0.48637348,-0.66793174,0.49003705,-0.039761852,0.001896393,-0.79080987
protein|S100A4,-0.6104073,-0.33636817,0.71000355,-0.22508685,-0.48813626,-0.34454775,0.0025974908,-0.3595512,-0.06363468,-0.22021632,-0.50913274,-0.37106568,-0.249209,-0.21391441,0.029729966
protein|LRMP,0.31620285,-0.08435497,-0.5809128,0.11294925,0.49248564,-0.02205239,0.13429952,0.1507534,-0.07522963,0.59313184,0.20420516,-0.075053886,0.61455774,-0.66767436,-0.2190767
protein|SYPL1,-0.48593685,-0.47758186,-0.3586274,-0.36752605,-0.049136918,0.65882784,0.7782112,0.30884862,-0.46590945,-0.15877198,0.09470989,-0.34757078,0.5509178,0.2682522,-0.450415
protein|TPPP3,-0.24191502,0.08238577,0.25879854,-0.1610086,-0.5261206,0.071143545,0.38977104,0.26063687,-0.42324612,0.29110056,-0.28579792,0.02149236,0.28156447,0.42878073,0.09622718
protein|A0A140T941,-0.09879444,-0.21194758,0.07154501,0.23185623,-0.15653159,-0.06422676,-0.27424988,0.072281785,-0.11511285,0.013603122,-0.066583954,0.29169217,0.0042388663,-0.1552389,-0.10022963
protein|TOP2A,0.34872812,0.008371051,-0.9839075,-0.7341311,0.35556042,0.21895659,0.28407785,-0.5206585,0.43592352,0.00820695,0.0025830783,0.849468,-0.077307,0.2956801,0.19897223
protein|PNO1,0.13979767,-0.30409724,-0.8866922,-0.42743224,0.112348355,0.5120104,0.6168867,-0.5869303,0.1498925,-0.07348042,-0.048788376,0.43906346,0.085590914,0.28079924,-0.08919493
protein|P01700,-0.44057986,0.064587116,0.054847803,-0.21473849,-0.05219994,0.32263702,0.21698269,0.26534137,-0.3683552,0.07477575,0.34610054,0.32272756,0.24604514,0.64372104,-0.18144716
protein|CTNNB1,-0.05816183,0.022499887,-0.2971667,0.39231476,-0.055291954,0.04284527,0.050069448,0.102284096,-0.8460822,-0.15685134,-0.41535878,-0.28814918,-0.011175781,0.25117478,0.10695093
protein|IL4I1,-0.3762529,-0.09540016,-0.41774797,0.009239932,0.6886555,-0.16287492,-0.0305561,-0.22201437,-0.19364688,0.35039157,0.25282598,-0.13524616,-0.41763124,-0.5372961,-0.54887617
protein|ADA,0.14018293,-0.013737114,0.3234917,-0.21408863,0.35893622,-0.09885739,-0.24908605,0.1837825,0.40875116,0.1261569,-0.23027448,-0.022535253,-0.23719189,-0.40355518,-0.040650338
protein|SQSTM1,-0.12421699,-0.2668959,-0.056398086,-0.4530543,0.42585096,0.6556737,-0.24326113,-0.103860945,-0.031809747,-0.4918335,-0.45147666,0.6088936,-0.15297067,-0.314806,-0.6840847
protein|UBE2E1,-0.07036074,-0.14535016,-0.09090685,-0.29062656,0.42896333,0.37982014,0.32581705,0.24375767,0.19657929,-0.18424064,-0.02324737,0.36499983,0.16085577,0.11763377,-0.33123687
protein|TNPO2,0.16550793,-0.33609074,-0.5363512,0.0642099,-0.023585722,0.44780335,0.23274767,0.27309802,0.30029932,-0.10154114,-0.28247443,-0.14619322,0.03273471,0.32780403,0.094421975
protein|SLC2A5,-0.06649236,0.15706968,-0.61485165,0.03159944,0.041885886,0.04165403,0.026356548,-0.002345478,-0.16104512,0.09890197,0.49582148,-0.03989587,0.19722523,0.19120806,0.10925141
protein|MMP9,-0.5381175,0.26696682,0.48394984,-0.18112381,0.102029726,-0.11752381,0.053554244,-0.1884835,-1.2929201,-0.15878603,0.23029362,0.23076268,-0.021710597,0.09139654,-0.47011733
protein|APOD,-0.18752018,0.38499242,0.345134,0.10544776,0.16636623,-0.27139288,0.09075851,0.49298766,-0.19216594,0.36956325,0.27621725,0.2025532,0.265872,0.22970736,-0.24308142
protein|PSAP,-0.7150074,-0.29116154,0.53202397,-0.041945525,0.29338667,0.09128912,-0.41666347,-0.13031884,0.3251606,-0.4731955,-0.21338391,0.068600275,-0.57273823,-0.07039594,-0.25524133
protein|LRRC25,-0.34644416,-0.08622098,0.3920101,0.35852134,0.38972414,-0.31621134,-0.17156173,-0.16062753,-0.068868235,-0.31454837,0.29070494,0.027856758,-0.47454366,0.55292773,-0.17420945
protein|APOL1,-0.43368357,0.2080756,0.1679008,-0.053185876,-0.25346762,0.20111606,0.3422811,0.26272744,-0.87979525,0.3460698,0.7925438,-0.01622686,0.27245998,0.6018291,-0.40487224
protein|DPP4,-0.2774712,0.034960452,0.013945117,0.07988697,-0.42782345,-0.0792638,0.2384304,0.1144766,-0.45333531,-0.26442546,0.016687585,-0.006446741,0.04018999,0.38837558,0.08268892
protein|CD44,-0.2890382,-0.031583954,0.07852852,-0.64622027,0.09438051,0.5183317,-0.07867616,-0.4680149,-0.14031155,-0.5200416,-0.42368618,0.37669203,-0.53901947,0.1953639,-0.37566525
protein|CRTC2,0.21255791,-0.09645157,0.17350762,-0.14239804,0.19011101,0.25550398,0.20066966,0.108385764,-0.29576004,-0.04243839,0.15014437,-0.08563668,0.27109465,-0.1321957,-0.29946437
protein|LAIR1,-0.8602434,-0.791206,0.3829772,0.08603725,0.17769672,0.22317983,0.1670435,-0.27087012,-0.19743143,-0.34469342,0.0062420946,-0.07442902,-0.36940306,0.07568532,-0.5481172
protein|FDFT1,0.323108,0.35552117,-0.49592358,0.077352226,0.46794,-0.3582692,0.5006599,-0.52276677,-0.554362,0.3065881,-0.14049701,-0.19729777,-0.27785626,0.25047413,-0.043946613
protein|PDLIM7,0.043868095,0.023561329,-0.32067037,0.121740185,-0.2719996,0.39401734,-0.20912108,0.29890853,-0.43319115,-0.12135357,-0.1442508,-0.5206554,-0.19591317,-0.032445908,-0.043756634
protein|BLM,0.24790783,-0.10751763,-0.6530488,0.16587575,-0.24400373,-0.24606177,-0.13843524,-0.7199558,-0.07911579,0.20059513,0.15673253,-0.3724584,-0.18557046,-0.5119744,0.37872213
protein|SPTA1,-0.19876017,0.45470923,0.36334318,0.24297625,-0.2633325,-0.40842706,0.4546664,0.3694565,-0.74525297,0.1709977,0.7004414,0.24893641,0.5216222,0.94985414,-0.23287101
protein|SWAP70,0.4317567,0.2503311,-0.8326673,-0.18088546,0.18459521,-0.033573017,-0.14622365,-0.11350648,0.057846304,0.7379819,0.10083053,-0.28884205,0.39383164,-0.803662,-0.13794272
protein|TNC,-0.40849188,-0.4691959,-0.3530242,0.08274781,-0.19661336,0.38184744,-0.20558797,0.14153071,-0.33139813,-0.37178484,0.30810067,-0.1193588,0.22006848,0.31251967,-0.05750892
protein|SLAMF7,-0.35372907,-0.3723652,0.6230806,0.4388066,0.1051941,-0.24197313,-0.27738598,-0.09218163,0.355803,-0.083991,-0.08833124,0.2873431,-0.5919076,-0.30984712,-0.34668684
protein|FBXO4,0.08593528,0.2563617,0.0699341,-0.17173404,0.059056465,0.08740582,0.2740856,-0.22570287,-0.23761806,-0.047387496,-0.12317141,-0.22214356,-0.22179775,-0.22381546,0.07323165
protein|IGF2BP1,0.10588441,0.16031884,-0.3009501,0.1652355,0.366594,0.098081745,0.19432783,-0.0700393,0.16917679,0.038734548,-0.02485726,0.061519515,-0.14279169,-0.009540081,-0.29297245
protein|THBS2,-0.4199717,0.09623742,-0.10559971,-0.32462606,-0.0870502,0.473483,0.28866148,0.31975442,-0.52775633,0.104224525,0.28408313,-0.34728524,0.2539374,0.50505316,-0.07950975
protein|FBLN5,-0.010384424,-0.07182813,-0.15592222,0.3014341,-0.68420684,0.36288515,0.13374549,0.494744,-0.28522766,0.18241195,0.35520327,-0.6836841,0.43893608,0.6815847,0.10256414
protein|RING1,-0.38228625,-0.8372837,0.01887293,-0.010212042,0.30397615,0.6732747,0.60500526,-0.028938103,-0.32775414,-0.28445604,-0.119981326,-0.1384196,0.32242447,0.20717971,-0.37084073
protein|EPHX2,0.4310067,0.072798245,0.41977912,0.627343,0.019492684,-0.052721985,0.1560101,0.22148064,-0.24151929,-0.4890008,-0.6321231,-0.58938926,-0.20704031,-0.022672443,0.29518548
protein|TMEM119,0.27373287,-0.4379298,-0.20850918,-0.27016526,-0.11737131,0.84396553,0.06443753,-0.11035441,-0.532417,-0.66640425,0.11674033,-0.4273139,0.38981774,-0.35168365,-0.5171779
protein|FKBP11,-0.08230685,0.119094536,0.032361574,0.19707619,0.071950324,-0.050940916,0.49431443,0.019105375,0.3116267,-0.01967374,-0.39738423,-0.24676722,-0.34367794,0.803376,0.63584447
protein|PTGIS,-0.16465503,0.24293353,-0.40513644,-0.107454166,0.07463228,0.41914552,0.15302299,0.055024996,-0.5229801,0.061173525,0.0016887736,-0.47416306,0.07821572,-0.106380515,-0.117873184
protein|ALCAM,-0.1844619,-0.09362557,-0.12330444,-0.14553098,0.3224105,0.25375116,0.24391717,0.23873565,-0.23822698,0.2824177,0.119889304,0.13887657,0.19831601,-0.17141351,-0.4950741
protein|C7,-0.2349336,0.1637085,0.43000907,0.0006369892,-0.24832065,-0.299865,0.06460541,0.10218681,-0.8692935,0.17534053,0.85553265,0.10512351,0.5444625,0.5333693,-0.06523437
protein|ITGAV,-0.59826744,-0.095028944,-0.4131558,-0.3120143,-0.351181,0.8151914,0.2515559,0.32691288,-0.5127524,-0.044818997,-0.18367629,-0.24972227,-0.004806998,0.42537442,-0.54340065
protein|C4BPA,-0.27922374,0.7657307,0.22983778,-0.20413074,-0.29742253,-0.0944429,0.12463458,0.319589,-0.81129366,0.36416772,0.6212579,0.04829237,0.058234543,0.67836595,-0.1489343
protein|LPCAT2,-0.6298268,-0.22348338,0.049857516,0.4607881,-0.33269948,-0.42587915,-0.39949283,-0.4383597,-0.28611356,0.09759499,0.27678716,0.0039514755,-0.7274732,-0.044890754,0.22440732
protein|C11ORF31,0.12542693,-0.3840955,0.96087,-0.075052395,0.24890812,0.03548326,0.22843623,-0.40813118,0.15916537,-0.46025944,-0.26665783,-0.5529699,-0.08099248,-0.49252042,-0.14662439
protein|S100A10,-0.57444686,0.12732331,0.20213915,-0.6122921,-0.62419784,-0.30578783,-0.4536628,0.32823962,0.11369433,0.082998075,-0.57403415,-0.20643853,-0.24113932,0.0035642553,0.23769672
protein|H3F3B,0.30642092,-0.4555238,0.6106831,-0.18184799,-0.13996467,0.24064498,0.19221987,-0.49554825,0.46583876,-0.19255216,0.057002507,-0.61206543,0.25475305,-0.57522506,0.20618209
protein|RB1,0.41338578,0.49057087,-0.3342749,-0.6248458,-0.055267427,-0.15367472,-0.03275885,-0.7974622,0.34659237,0.0053519756,0.0899637,0.35784078,-0.17154753,0.21188194,0.24286915
protein|ACADM,0.3385013,0.1308442,-0.6278122,0.45078582,0.3962095,-0.47551328,-0.04502158,0.57877576,0.32521293,-0.035406444,-0.45302075,-0.1293235,-0.20122898,-0.19784428,0.59690356
protein|EPHX1,-0.14537114,0.13475506,-0.18722768,0.9987366,-0.20095868,-0.33685532,-0.3015291,0.3955573,-0.5155276,-0.15295121,-0.14580202,-0.45780626,-0.65233266,0.274361,0.3945382
protein|TBCE,-0.124938406,0.2657102,-0.19837302,-0.13346934,-0.55630946,-0.1895158,0.0954584,0.104940094,-0.34052664,0.057835665,0.14303708,0.2646474,0.15960307,0.4011012,-0.00012270459
protein|TCF20,0.1624878,-0.41695616,-0.46219257,-0.050278567,0.10922031,0.41002205,0.22042932,0.15855092,0.17521639,-0.038542375,-0.21824397,0.19757305,0.1683203,0.15293163,0.100949936
protein|TCF4,0.4861741,-0.091811895,-0.11393203,-0.20585835,0.4729406,-0.21045709,0.6054912,-0.35246786,0.11133367,-0.16758533,-0.31580526,0.41470143,-0.1889357,0.20061302,-0.08184808
protein|CP,-0.4962885,0.6017544,0.22574866,-0.20932017,-0.41955176,0.051664446,0.042874467,0.056305595,-1.0866648,0.09907444,0.7377946,0.13061456,0.13059266,0.7379153,-0.106042184
protein|PIAS1,0.13595538,-0.66894156,0.058043286,0.16096835,0.42482015,0.18359157,0.6577451,-0.45286602,-0.0034415417,-0.42433658,0.15671667,0.34049776,-0.23300515,0.10329667,-0.4821371
protein|A0A804F6T5,0.1562608,-0.08938561,-0.12254185,-0.0984274,0.034727443,-0.27822423,-0.09098682,-0.5083593,0.045934565,0.15713647,0.1359666,-0.22430056,-0.111838035,-0.5176878,0.18497223
protein|CSTA,0.10480174,-0.064054325,0.24105518,-0.23776987,-0.034612026,0.32315108,-0.2740443,0.14956957,-0.48329747,-0.64734995,-0.6460081,0.2982097,0.040962465,-0.6560343,-0.460549
protein|COBLL1,0.47165695,0.1703754,0.101486266,0.076156296,0.37897453,-0.093015134,0.06992925,0.035350353,0.18123281,-0.17241685,-0.09137743,0.031495668,0.05760437,-0.114555545,-0.25346717
protein|EPB41L3,-0.39770204,-0.49665514,-0.10815953,0.24703614,-0.6583241,0.081270784,-0.85216,-0.25114623,0.0058287387,-0.36879334,0.04827874,0.12801065,-0.56922853,-0.18199784,-0.019393094
protein|HIST1H4A,0.16540064,-0.17902969,0.86611253,-0.47195315,0.34649134,-0.006259532,0.71563524,-0.4837424,0.20210488,-0.13326398,-0.153718,-0.65797675,0.14943744,-0.41924676,-0.10293323
protein|LAGE3,-0.3634558,-0.62370735,-0.27894083,-0.15955548,-0.00055292784,0.7403768,0.9145079,0.038429506,-0.061232097,-0.20120694,-0.08818144,-0.16731152,0.4746863,0.36887336,-0.45355928
protein|SP110,-0.021278888,-0.35556313,0.46824318,-0.15843187,0.22806132,0.095532745,0.4369939,-0.5002923,0.20726514,-0.5280554,-0.22834219,-0.013656163,-0.09917541,-0.047453735,-0.36185133
protein|SCRN1,0.098747306,-0.44279554,0.211082,-0.04158619,0.080519505,0.2081933,0.2735613,0.23966396,-0.10082186,0.050564397,0.11351923,-0.13552217,0.5711548,-0.16685458,-0.48854798
protein|C8G,-0.39143464,0.48438787,0.09280861,-0.035323415,-0.32806242,0.122018896,0.10807719,0.07996052,-1.0626725,0.28464624,0.8304937,-0.054279696,0.25311667,0.5787231,-0.17516527
protein|EMILIN2,-0.53809476,-0.4487331,0.091920555,0.016925594,-0.35018784,0.17264493,-0.3080389,-0.10855991,0.040411096,-0.38509175,0.18863069,0.614167,-0.20228785,0.50442964,-0.32928145
protein|TUBB2A,0.15086882,0.1384059,-0.33775854,-0.41716966,-0.12785518,0.03508124,0.18740079,0.14046197,-0.05913035,-0.11139721,0.016933676,-0.08724543,-0.06386848,0.3382188,-0.18845724
protein|FAM96B,-0.08761298,0.38306418,0.37065825,0.2290649,0.46024057,0.14180255,0.34083605,0.28954786,-0.50789374,0.26896745,-0.11118924,0.44450656,0.09691715,0.06377364,-0.5577899
protein|SZRD1,0.09250555,-0.7833173,0.36951655,-0.23893394,0.43824908,0.51919436,0.4401739,-0.271586,0.30205053,-0.48987556,-0.4102434,-0.04040521,0.20997003,-0.25212777,-0.48699343
protein|APOB,-0.4259129,0.5225685,-0.014594554,-0.021719769,-0.36326262,-0.08522346,0.1534443,0.20593034,-0.72965825,0.19121157,0.55113286,0.088404484,0.03319262,0.8319877,-0.06624016
protein|MGMT,0.2306481,-0.049911,0.24260575,-0.0013520988,0.43803218,0.0762529,0.074738726,0.46886748,0.25971097,-0.033349223,-0.3131257,-0.44309142,0.3306812,-0.41345534,-0.09588152
protein|ASF1B,0.22797155,-0.121624306,-0.9843013,-0.30115905,0.38768166,-0.14141592,0.18144311,-0.5783953,-0.19019042,0.34055546,0.20756209,0.400999,0.010873741,0.07268516,0.18769757
protein|BANK1,0.6587863,0.025108129,-0.17853634,-0.23117216,-0.0001646075,0.116417244,0.22004063,-0.8294055,-0.25375584,-0.25635853,-0.15318564,-0.14247565,0.08438258,-0.17140156,0.03290477
protein|HAUS8,-0.12963167,-0.3864085,-0.09974176,-0.17508517,-0.027653448,0.5333322,0.33963805,0.008455223,-0.053703293,-0.27957252,-0.19957678,0.09668086,0.33645955,0.30159342,-0.29163843
protein|CTSL,-0.52394,-0.5205366,0.28127167,-0.0586266,0.29351437,0.5096272,0.063425206,0.18348464,0.14402989,-0.54780984,-0.16645859,0.33979082,-0.030063843,0.12330866,-0.61802816
protein|SOD1,0.31122643,-0.38171193,0.6449888,0.0055643064,0.57806164,0.35079244,0.023980951,0.52445763,0.46644312,-0.37277028,-0.49759158,0.20156986,0.3653557,-0.29609945,-0.3586104
protein|FAM213A,-0.07868607,-0.07601302,-0.37856054,0.590868,-0.23412535,-0.4993455,-0.35417247,-0.077335946,-0.20948485,-0.035544354,-0.05749226,-0.48505178,-0.49293298,-0.22087246,0.4656239
protein|PLXNA1,0.11926922,-0.113512,-0.15600778,-0.1263388,0.50492495,-0.14470668,0.20734933,-0.48779467,-0.10660214,-0.1711428,-0.032311466,0.019575058,-0.04254906,-0.13877726,-0.16222446
protein|CTPS2,0.41404858,0.2851389,-0.25081313,-0.0063939705,0.4887658,-0.27020696,-0.054178625,0.15720583,0.081765816,0.81885296,0.015227168,-0.16495626,0.20233288,-0.43941537,-0.21413177
protein|FUS,0.48282698,-0.32540843,0.07648664,-0.69769007,0.50437194,0.61226565,0.22675581,0.07576563,0.74021935,-0.31915188,-0.52473634,0.36209893,0.23576774,-0.21794313,-0.4283206
protein|H0YAY3,0.04972123,0.34037364,-0.20434363,0.30209765,0.021223893,-0.2734009,-0.4189171,-0.2893769,-0.6183075,0.42947024,0.057698492,-0.22165164,-0.24277684,-0.61667675,-0.46032652
protein|STOM,-0.79981434,0.17608987,0.2834957,0.67752695,-0.37612513,-0.4286057,-0.101469114,0.041672766,-0.7874569,0.0021606202,0.6042041,0.06787149,-0.3215688,0.53187746,0.087546095
protein|DBI,0.16862787,-0.34206912,0.25881097,0.27211073,0.07714,0.021861892,-0.42623195,0.3813052,0.25958854,-0.10573996,-0.23838684,0.39712787,0.08765454,-0.9743068,-0.4746491
protein|RTN3,-0.25782517,-0.09393008,-0.3451416,0.18477027,-0.12990765,-0.028912144,-0.16904806,-0.11147395,-0.25596893,-0.07638655,0.29575917,-0.16207188,-0.4173732,0.23339996,0.26537085
protein|HRG,-0.61506957,0.261624,0.34287965,-0.2396666,0.029778812,0.07241568,0.3346891,0.24388805,-0.8907437,0.15482016,0.6124421,0.14961815,0.2220004,0.73595077,-0.2941136
protein|ASPN,-0.2927965,-0.21588843,-0.325828,-0.18700098,-0.42809147,0.1242105,0.24102573,0.122646905,-0.27453735,0.061831053,0.20640995,-0.32665536,0.22404093,0.51826876,-0.09699018
protein|UBE2F,0.06368581,-0.633399,0.5326369,0.56227905,0.3137345,0.25785974,0.08083507,-0.29106715,0.15839896,-0.51286787,-0.3799341,-0.11239519,-0.3498392,-0.11347644,-0.46860263
protein|METTL7A,0.56594056,0.42404613,-0.1513673,0.71916926,-0.29756016,-0.29070118,-0.02459931,0.40591338,-0.002326059,0.21576586,0.027794285,-0.7076938,-0.011441417,-0.08982165,0.39535376
protein|P51608,-0.015231959,-0.7685553,0.9473673,-0.028830776,-0.04731437,0.3992893,0.12682164,0.09556076,0.11496896,-0.5405519,-0.0138053475,-0.600045,0.48683208,-0.31840113,-0.20864986
protein|SRSF2,0.22434735,-0.5595491,0.36213788,-0.4078188,0.7992016,0.5256218,0.6477496,-0.06910518,0.36784488,-0.49916008,-0.42068362,0.42246416,0.09362456,-0.23570685,-0.70801234
protein|YAF2,-0.044519167,-0.6720475,-0.20597208,-0.26576224,-0.07098736,0.21248634,0.3184194,-0.4698091,0.33329785,-0.22565058,-0.033021957,0.088638484,0.3867087,-0.08631072,0.041959077
protein|TTR,-0.24926807,0.28956223,0.49321616,-0.411075,-0.38744938,0.06787027,-0.06308243,0.22348996,-0.33909816,0.19392446,0.7140195,0.31203595,0.19192204,0.16446899,-0.32269096
protein|ITPK1,0.281344,-0.23805448,0.05729399,-0.33000472,0.6855625,-0.15416346,0.42726848,-0.35626414,0.42460683,-0.24151593,-0.14466035,0.1277154,-0.19796835,0.33488506,0.09175566
protein|CD300A,-0.6685484,-0.6176113,0.23091026,-0.08781132,-0.20223638,0.12795402,0.24678738,-0.46503663,-0.07695835,-0.22048087,0.02281369,0.029557833,-0.1679541,0.7236659,-0.09333244
protein|OSTC,0.19679587,0.68504024,-0.23084068,0.15275533,-0.40100354,-0.39860004,-0.06919651,0.04299488,0.20319118,0.07674549,0.13603212,-0.5176045,-0.42070016,0.18730666,0.85525125
protein|SNRPC,0.32973692,-0.19568911,0.25926742,-0.47967893,0.4633775,0.54969794,0.12305394,0.04577121,0.69167227,-0.32668522,-0.5737313,0.31860074,0.18678422,-0.31664994,-0.19619757
protein|MRPS18B,0.14860526,-0.35896593,-0.35826457,0.19940804,0.4417908,0.4407305,0.53618175,0.18814723,0.20065658,-0.3059495,-0.5732293,0.16589598,0.09725448,0.3868602,-0.16031739
protein|VPS52,0.19988409,0.04863861,-0.47311336,0.25280333,0.030600356,-0.3825423,-0.22825103,-0.26390323,-0.2367978,0.18752016,0.272093,-0.65474075,-0.35952476,-0.35312125,0.2848956
protein|SERPINH1,-0.5359911,0.32812166,-0.74474806,-0.35537392,-0.32618108,0.50122356,0.14658299,-0.14717335,-0.7326319,-0.034826066,0.087128505,-0.46399987,-0.38126916,0.4873241,0.0018061699
protein|RBCK1,-0.19693084,-0.9963184,-0.4728733,-0.023246482,-0.17574489,0.050059333,0.51377344,-0.70162416,-0.4702818,-0.14570275,0.40060365,-0.19287467,0.5083371,-0.15615043,-0.38323748
protein|MRM1,0.44937247,0.08621724,-0.34700862,0.2193584,0.7087528,-0.068084754,0.14014117,-0.35019922,-0.35647014,-0.20018822,-0.30005386,0.29143074,-0.47769037,0.054716114,-0.18617338
protein|TXNDC5,-0.015013188,0.25852117,0.16701625,0.07567606,-0.19362739,0.066813186,0.19100894,0.2623436,0.39255854,-0.063426875,-0.37754256,-0.033764973,-0.2087042,0.21119645,0.28420648
protein|SH3BGRL3,-0.16117649,-0.68737984,0.72762984,0.10509457,-0.03374854,0.3744907,0.08202455,-0.110196106,0.19406669,-0.5182927,-0.24917158,-0.12972389,-0.16065393,-0.4805278,-0.47405803
protein|HIGD2A,0.38327813,0.075210646,-0.5792868,0.6622101,0.3722884,-0.1717013,0.104825735,0.046148192,-0.0021748382,0.10704798,-0.012348468,-0.19730166,-0.40145266,0.3957001,0.08091044
protein|CYBB,-0.8406848,-0.4731506,-0.216029,0.36858225,-0.07213833,-0.27432483,-0.6132539,-0.12360877,-0.42482224,-0.11490302,0.44375962,0.06729188,-0.56194794,-0.39068046,-0.160047
protein|LGALS3BP,-0.7507679,-0.23420502,0.02388805,-0.067622155,0.06186979,0.37933606,-0.08698639,0.45440546,-0.37448138,0.007214733,0.021424077,-0.06669145,-0.0993454,0.07553359,-0.4754293
protein|C5AR1,-0.07073439,0.19029981,-0.4434581,0.036463425,-0.049014732,0.062253237,-0.27237394,-0.08852015,-1.0382322,-0.16745454,0.22627054,-0.31141588,-0.1039697,-0.23076865,-0.22476484
protein|HIST1H2BO,0.18797925,-0.5946885,0.84552866,-0.32771873,0.47013873,0.20391417,0.6640221,-0.3183657,0.29392633,-0.37398192,0.090327844,-0.15100142,0.30149603,-0.3070671,-0.36115316
protein|HSDL1,0.18994215,0.27664158,-0.6125443,0.35370132,0.19747774,-0.4304546,0.10442135,0.009912605,-0.12066218,0.237302,-0.040578943,-0.41138253,-0.14693825,-0.043571535,0.023834134
protein|MYH14,-0.06171692,0.19741169,-0.019131914,0.44295412,-0.2543819,-0.1890198,-0.172865,-0.14158784,-0.42687827,0.26546213,-0.040995263,-0.7390972,-0.32633755,-0.34847796,0.2006497
protein|TSPO,-0.3417986,-0.10187336,-0.10339799,0.360424,-0.11161901,-0.33987665,-0.7330973,0.14097267,-0.19042884,-0.21160333,-0.07704623,-0.11104986,-0.7440259,-0.40907338,0.31831235
protein|SERPINF2,-0.38552707,0.21864715,0.38715205,-0.24624479,-0.035075106,-0.27968165,0.2439038,0.1272814,-0.67194754,-0.053006504,0.5286044,0.40528995,0.0002649066,0.59934497,-0.28507584
protein|CD5,-0.24148354,-0.91498417,0.5728244,0.30576298,0.062969804,0.08928296,0.13411598,-0.21892859,0.012467068,-0.5645666,0.10597353,-0.45892337,0.036050353,-0.09673036,-0.21891703
protein|RAB13,-0.26605016,-0.3263873,-0.39985126,0.0029443812,-0.2494129,0.078847446,-0.16710432,0.093252994,-0.7404676,-0.25398538,0.19232757,-0.18601665,-0.04201301,0.27220255,0.13481231
protein|UBE2D3,0.089735635,-0.34780186,0.099423856,-0.015397259,0.4392063,0.20973283,0.07993172,-0.1512279,0.17575505,-0.25180376,-0.32929182,0.18819316,0.08287955,-0.17256184,0.06477804
protein|SDF2L1,-0.1619156,-0.29484302,-0.08544481,0.16645293,0.3820438,0.20742288,0.46525964,-0.12970303,0.32969263,-0.3981363,-0.21551953,-0.33749506,-0.4711626,0.28281465,0.2908824
protein|ATP5I,0.42590353,0.4496682,-0.48968762,0.5038303,0.024102489,-0.35103425,-0.4273945,0.49838635,-0.08399067,0.052767366,-0.39071947,-0.055483118,-0.33166552,-0.02352327,0.41209084
protein|SLC25A5,0.56670475,0.44030976,-0.7777255,0.35748273,0.102103084,-0.32772535,-0.31793144,0.1439717,0.2202976,0.23039216,-0.2172143,-0.0009963266,-0.3064664,-0.030882468,0.38213035
protein|RBP5,0.61471426,-0.3032393,-0.32533234,0.22713487,-0.3906426,0.31015477,-0.49748856,-0.26305893,-0.20794061,-0.39927387,-0.32370904,-0.7892996,0.029927813,-0.10604542,0.20956881
protein|SERF2,0.18537304,-0.45575124,0.11440513,-0.27327406,0.6836328,0.5771561,0.4563092,0.0062710624,0.3537934,-0.47326466,-0.23088625,0.5344877,0.14319159,-0.28214306,-0.28594202
protein|ACTB,0.30843937,-0.20017284,0.4764549,0.15102947,0.061972056,0.14037144,-0.6483307,0.22730438,0.08235275,-0.20932998,-0.08039039,-0.093317494,0.02242917,-0.94709843,-0.3125453
protein|ACE,-0.5580103,-0.5068635,-0.053795047,0.394424,-0.240772,-0.13204822,-0.16482057,-0.42177203,-0.01986627,0.04874879,-0.044834502,0.031265523,-0.72992504,0.09015452,0.08583214
protein|BLNK,0.47779194,-0.26747853,-0.21178462,-0.114070825,0.4474134,0.09297966,0.22442329,-0.17119041,0.11313957,-0.18703613,-0.4476615,0.49431485,0.07251325,-0.14620522,-0.14745222
protein|SELENBP1,-0.0660365,0.3537116,0.5435562,0.7429897,-0.13355298,-0.2945507,0.09088998,0.39293122,-0.77529615,-0.1339976,0.10672947,-0.20814902,0.10477033,0.72982275,0.04933188
protein|RAB29,0.4705766,0.37365568,-0.20318532,0.043114286,-0.3070231,-0.22808045,-0.39601246,-0.4173968,-0.058920655,-0.26597792,-0.19508108,0.18270358,-0.5904868,-0.034852706,0.24612017
protein|PQBP1,0.18921126,-0.22774224,0.28491366,-0.47409907,0.52211076,0.6321289,0.21599448,0.2699395,0.6411638,-0.540119,-0.5851108,0.45320937,0.08735288,0.079630375,-0.2724471
protein|TXNDC17,0.21532294,-0.08929361,0.18759587,0.14547199,0.33550695,-0.16549517,-0.20570657,-0.2455305,0.24847591,0.025602257,-0.26162356,0.07642478,-0.18141776,-0.52098614,-0.0026011462
protein|TGFBI,-0.5519059,-0.4337411,-0.23010573,0.22724551,-0.554334,0.18571144,-0.17707732,0.023380393,-0.30479535,-0.211147,0.41198733,-0.44238153,0.09482546,0.42646745,0.13732603
protein|SERPINC1,-0.36981326,0.66752446,0.5216324,-0.40382144,-0.2401907,0.076452725,-0.28540146,0.48327634,-1.0147393,0.08048611,0.518833,0.32450747,0.25374115,0.44979268,-0.10280784
protein|UFM1,0.117069714,0.18340985,1.0070151,-0.0992284,0.54689544,0.21095537,0.05664554,0.10649129,0.57893574,-0.13260193,-0.7165757,0.030536076,-0.31219485,-0.13147171,-0.47170037
protein|H0Y9Y3,-0.25791368,-0.33940187,-0.025345996,0.08785891,-0.6185781,0.30324897,0.3033155,0.22140065,-0.24380559,-0.18663587,-0.02655599,-0.39155394,0.27300844,0.43471876,-0.06571716
protein|TFEB,0.39022425,-0.2554532,0.07780741,0.15842943,0.7697885,-0.012165241,0.40113327,-0.20288146,-0.19763649,-0.08002213,-0.12234373,0.2968076,0.07467233,-0.3394261,-0.55443347
protein|GSTZ1,0.26638564,0.41613394,0.1455724,0.48131236,0.13433182,-0.40778106,0.08287745,0.46586776,-0.013002881,0.14486462,-0.18221425,-0.05013715,0.00043566275,0.09292156,0.019633355
protein|PSAT1,0.17727672,0.32981262,-0.4957605,0.046564166,0.27717358,-0.23904403,0.27876082,-0.17782043,0.22121952,-0.0004745643,-0.041155137,0.17886694,-0.37284797,0.41739035,0.21993747
protein|FGL2,-0.599199,-0.55569845,0.28962654,0.14882818,-0.4475674,0.0106165465,-0.25520334,-0.055480044,0.06018409,-0.30318072,0.18074358,-0.18593942,0.12332983,0.1277463,0.015028295
protein|TYMS,0.12260481,0.073374934,-0.52721953,-0.49801528,0.5526734,-0.26708946,0.39357156,-0.99807316,0.05100109,0.10106227,0.035595857,0.3670203,0.051669836,0.3602881,0.21598577
protein|APOE,-0.5062026,0.038954966,-0.18966934,0.096763395,0.34131095,0.34875742,-0.22969358,0.39018407,-0.6971552,0.13281065,0.5754883,0.28417885,-0.052765485,0.38023314,-0.5966614
protein|CD22,0.3878715,0.11293543,-0.30039853,-0.21867721,0.33363536,0.2605168,0.20424832,-0.14636841,-0.4007956,0.21882561,0.19903839,-0.097885795,0.44890007,-0.38046962,-0.42987382
protein|ISLR,-0.25456962,-0.06365102,0.15223648,-0.34935564,-0.11811217,0.7399315,0.2498934,0.056857686,-0.20275143,-0.0942927,-0.020686433,-0.25306797,0.32098627,-0.0036555617,-0.62867284
protein|DERL1,-0.2789834,-0.13023564,-0.2414079,0.7305206,0.09311635,0.4645757,0.19649103,0.12492153,-0.43080825,-0.3571622,0.09639027,-0.058142327,-0.26472843,0.47327107,-0.46632275
protein|CPVL,-0.58739233,-0.56512266,0.37329978,0.26152244,-0.35845467,-0.12570229,0.11457482,-0.09434255,0.2069296,-0.19385614,0.026976373,-0.058428198,-0.3673208,0.20146306,0.15394863
protein|M0QYT0,0.7037822,0.36379072,-0.58761764,0.74817735,0.36461002,-0.33192703,-0.00089604757,0.40741447,0.0765302,-0.039828572,-0.476984,-0.46827543,-0.54296464,0.035658915,0.41098356
protein|COL6A2,-0.650224,-0.62588984,-0.12560594,-0.17666884,-0.47784582,0.6568124,-0.09865799,0.33285826,-0.09296726,-0.23331252,0.2747144,-0.2756417,0.3899087,0.4736398,-0.103403
protein|RCSD1,0.2734353,-0.4897658,0.22195308,-0.13396996,0.15478893,0.44601578,0.18130891,0.23030683,0.37888184,-0.3087789,-0.15633854,0.06321106,0.5922184,-0.34661156,-0.15800212
protein|CD58,-0.16682293,0.034454454,0.3456518,-0.049494274,0.5307116,0.19227363,0.60775876,-0.14836822,-0.39510092,0.05811987,0.25567555,0.23242098,0.22035617,-0.026939332,-0.733347
protein|NVL,-0.099445514,-0.49661213,-0.6449594,0.085504785,0.29617447,0.2090832,0.6604873,-0.045934685,-0.14154062,-0.19819558,0.021598391,0.12585971,0.09241505,0.6692803,-0.08157676
protein|SLC25A6,0.6168732,0.41400364,-0.77842134,0.45078808,0.294884,-0.43514556,-0.21993671,0.0520831,0.2085849,0.20601363,-0.42337838,-0.26940462,-0.6237563,0.03887922,0.5288688
protein|MYDGF,-0.18206252,0.23390244,-0.28457,0.3308199,-0.5229353,-0.10723797,-0.3407137,-0.03256391,0.36692187,0.11917981,0.084273614,-0.21057194,-0.5163342,0.1461942,0.64060307
protein|LMCD1,-0.4405933,-0.2055161,-0.18942143,-0.636093,-0.31328195,0.41488534,0.06964929,0.21919952,-0.27077094,0.093931966,-0.0769756,-0.534625,0.08904126,0.12561487,-0.28180206
protein|Q5SRN5,-0.2873958,-0.52185243,0.045786295,0.04956827,0.012125762,-0.23060182,-0.16064504,0.1348368,0.022850908,-0.14167531,0.068933964,0.06907089,-0.24805556,-0.44907972,-0.3980207
protein|HDDC2,-0.2113843,0.04476477,0.41794422,0.16149645,-0.00069330196,-0.022310523,0.45136967,0.09707915,-0.3934725,0.28369924,0.47768515,0.13886043,0.7120719,-0.07150713,-0.46922264
protein|YBX3,-0.37365058,-0.45154673,-0.00020481712,-0.37408707,-0.043019485,0.5816034,0.5163229,-0.00038750307,0.11056605,-0.3696927,-0.46710163,0.39643425,0.25251013,0.3463527,-0.18540062
protein|SYF2,0.19195926,0.23109479,0.57513213,0.3011293,0.43709126,-0.3590965,0.18791169,-0.33214113,-0.51741177,0.23279457,0.513199,0.18436226,0.19431704,-0.11824828,-0.016553702
protein|SMAP,0.3548339,-0.48081717,0.33622193,-0.028043572,0.4452308,0.37216753,0.31916794,-0.12942354,0.35894257,-0.39586204,-0.21467473,0.2751956,0.16110404,-0.34933633,-0.4108612
protein|PDLIM3,-0.2694347,-0.08831546,-0.41925028,-0.10375209,-0.030212417,0.54988676,0.31210187,-0.017093489,-0.66722065,-0.19502464,-0.022051305,-0.36689547,0.1453912,0.17262363,-0.24539581
protein|CLIP2,-0.0019592212,-0.02769093,0.09577963,0.19835877,0.06454686,0.08783862,0.066541195,0.052918583,-0.4331114,0.18326037,0.062738836,-0.08128258,0.24295768,-0.38758898,-0.5972065
protein|SLC1A5,-0.2701715,-0.016537579,-0.6438366,-0.14158167,0.12002163,0.12615448,0.31594142,-0.34228253,-0.42300674,0.14039034,0.39076588,0.4813751,0.18945777,0.63227075,0.19839987
protein|BCL11A,0.45339027,-0.15112399,-0.11223924,-0.12914659,0.33028507,0.18573311,0.4912838,0.057590112,-0.32290098,-0.09970649,-0.14089309,0.2266919,0.73160714,0.20326586,-0.21202052
protein|FUCA1,0.6080715,0.0925903,-0.20321031,0.35826197,0.02188269,-0.2974631,0.37164456,-0.42385015,-0.2807301,0.0457917,-0.1634739,-0.6412362,-0.088196754,-0.06403541,0.26044333
protein|A2M,-0.36869767,0.5186055,-0.12953359,-0.20300628,-0.5350476,-0.042523943,0.07563011,0.16062619,-0.5562062,0.28916946,0.689965,0.03532158,0.1962194,0.8100436,0.16331817
protein|MRPL34,0.21575563,-0.29314017,0.26519182,-0.19864252,0.6101307,0.36220574,0.39861658,0.15849593,0.16755342,-0.39814,-0.6027038,0.43815202,-0.020197773,-0.038626876,-0.497509
protein|TAP2,0.08980918,-0.42297447,-0.10632859,0.18548916,0.093755424,-0.3477946,-0.2917854,-0.123534605,0.043642875,0.25858158,-0.01673696,-0.03373147,-0.03627301,-0.3198512,0.05942194
protein|DNASE2,-0.40104023,-0.57439667,0.3105313,0.15084769,0.40749076,0.4387346,0.08888919,-0.17754509,0.22389643,-0.68282986,-0.27313888,0.17084639,-0.42952445,0.051157724,-0.40396133
protein|GLRX,-0.23297988,-0.087460965,0.80367345,0.07318153,0.45110613,0.07732728,-0.35878482,-0.13868035,0.047707062,-0.041573178,-0.42922917,-0.10855722,-0.3746138,-0.19550808,-0.41276956
protein|RFTN1,0.22998469,-0.08122045,-0.7376001,-0.039456524,0.11118186,0.20007423,-0.21001273,0.24552147,-0.12443529,0.36681905,0.16374223,-0.31361696,0.5169833,-0.8084314,-0.39367417
protein|IGHD,-0.03406872,0.046212856,-0.040949203,0.044327885,0.2462033,0.1581194,0.4477593,0.4084647,-0.35763177,0.041972052,0.04116631,0.053489514,0.24323334,0.24767953,-0.13416122
protein|CIRBP,0.10645777,-0.6138131,0.065045625,-0.45098925,0.35238823,0.10382242,0.53264445,0.0053776694,0.31856084,-0.10581033,-0.41947326,0.14220457,0.5623402,-0.4555553,-0.3668633
protein|SPG20,-0.47749686,-0.8753906,-0.21219544,-0.05636491,-0.43968713,0.378811,0.25660118,-0.3717176,-0.035841174,-0.20680842,-0.06643567,-0.20219894,-0.2691698,0.21767257,-0.26079863
protein|PRKCDBP,-0.2126071,-0.5100401,-0.25535548,-0.05646717,-0.13210924,0.27808538,0.5758772,-0.06458623,-0.44652027,-0.22181273,-0.018244967,-0.29051247,0.054363377,0.32763526,-0.2312516
protein|HIST1H3A,0.2985106,-0.22793376,0.42637363,-0.39969724,-0.03219927,-0.08223469,0.3772528,-0.4727643,0.4601876,0.05561051,0.27838716,-0.42304772,0.30047524,-0.507638,0.16654679
protein|LACTB,-0.3187522,-0.0045733135,-0.47194847,0.76510483,-0.0006757809,-0.6006298,-0.36023417,0.32068273,-0.17953399,-0.13798967,-0.100116834,-0.0970857,-0.760989,-0.053393595,0.073842786
protein|ABRACL,-0.18849173,0.2013072,0.43809575,0.1498185,0.34557432,-0.3801064,-0.06877321,-0.25346395,-0.35307404,0.34570968,0.5166964,0.024668077,-0.02492014,0.18732621,-0.08187315
protein|DHFR,0.3948428,0.06534374,-0.7761603,0.02154548,0.45813417,-0.29006627,0.24381709,-0.38248536,-0.06936147,0.42055592,0.14181313,0.45439503,-0.067307234,-0.08639241,-0.0366418
protein|ICAM2,0.21317415,0.102546744,0.4356672,0.16047804,0.3177614,-0.12305783,0.63168263,-0.0794614,0.10215765,0.048941314,0.2053646,0.23376131,0.11095013,0.43910143,-0.3154766
protein|LTBP1,-0.3337161,-0.14515853,-0.31609806,-0.07282192,-0.19347605,0.60678625,0.09472325,0.52295077,-0.46355414,-0.14094807,0.10488319,-0.16999553,0.30122238,0.515882,-0.25080672
protein|GSTK1,0.16002463,0.093764596,-0.3678033,0.86542076,-0.31617877,-0.43762252,-0.58359486,0.72672236,0.03557704,0.06304068,-0.32117778,-0.3536929,-0.41076514,-0.4832144,0.20472695
protein|FBN3,-0.46653903,-0.4631984,-0.23080301,-0.12232827,-0.3170531,0.4907569,0.15563454,0.3434716,-0.38899273,-0.14755948,0.21380255,-0.21799566,0.6309549,0.32723916,-0.33827722
protein|APOH,-0.433654,0.32604197,0.1833873,-0.41333902,-0.07999881,0.3899433,0.15803042,0.4099997,-0.6652029,0.27703002,0.46359053,0.024468087,0.22101897,0.48436356,-0.39765233
protein|LAMP2,-0.44433486,-0.34964645,0.37329552,-0.27459353,0.5398418,0.3248099,-0.085637845,0.22155432,0.06322651,-0.44968626,-0.38933465,-0.0073090633,-0.23487243,0.041730557,-0.52126634
protein|EWSR1,0.0950848,-0.39349478,0.31659538,-0.5746676,0.24194396,0.5290027,-0.019014606,0.4479825,0.4486839,-0.42385057,-0.5715415,0.19461325,0.1541226,-0.57047844,-0.3740073
protein|HSPA1L,0.28222483,0.36933815,-0.24633162,-0.44976485,-0.21954004,-0.058723472,-0.6637572,0.106410414,0.82285815,0.075512566,-0.26618424,0.25642014,-0.13870198,-0.5116047,0.47707283
protein|CYP51A1,0.27926776,0.5195804,-0.42747632,0.31374833,0.37340897,-0.34743232,0.36775938,-0.13167202,-0.18118928,0.4216426,-0.19431451,0.021559041,-0.2590624,0.12202083,0.05216189
protein|PRDX3,0.14486939,0.17572814,-0.8921649,0.8453912,0.28711757,-0.31009308,0.110632725,0.2964438,-0.27715597,-0.009963081,-0.48558366,-0.2944545,-0.6614083,0.25296286,0.2223042
protein|EVPL,-0.21475272,-0.24424729,-0.5194734,0.14656135,-0.55494505,-0.035553947,0.17665502,-0.28323224,-0.27988043,-0.22429122,-0.17256962,0.18639062,-0.19905747,0.19302389,0.004034109
protein|BPGM,-0.1322621,0.43407264,0.5983898,0.28799123,-0.09496647,-0.3989912,0.21732256,0.047736686,-0.5466124,0.15977629,0.52637154,0.31849277,0.20360675,0.5847013,-0.28086567
protein|CYP27A1,-0.30642876,-0.20827538,-0.6545131,0.65183926,0.35704505,-0.26955146,-0.10083999,0.14825211,-0.6702832,-0.2286454,-0.15442918,-0.11676944,-0.5958674,-0.033227585,-0.07427461
protein|SGPL1,0.20219922,-0.09612543,-0.6177265,0.34090626,-0.5042307,-0.25837025,-0.5202017,-0.3871259,-0.009790512,-0.0111810295,-0.08780915,-0.68934834,-0.53539705,-0.23511916,0.5481133
protein|MPP1,-0.41297346,0.11950888,0.17439532,0.35950702,-0.14414813,-0.5730407,-0.25043106,0.085919134,-0.30325502,0.38026884,0.8872273,0.14902763,-0.0341498,0.3413694,0.11136634
protein|HADH,0.86106294,0.5389737,-0.6247861,0.58693266,0.23252012,-0.28928345,-0.009305525,0.64912194,0.17058948,0.11937088,-0.52912605,-0.1214638,-0.25139698,0.018457223,0.54412585
protein|NARS2,0.32862195,-0.03887554,-0.81371087,0.5760673,0.09664,0.20604257,0.2838942,0.5433731,0.023549872,-0.007233332,-0.70836323,-0.041071188,-0.0070664687,0.23833114,0.122285545
protein|KIF2C,0.08608843,-0.06375816,-0.9275342,-0.49665317,0.18546763,-0.05659219,0.09217306,-0.69395185,-0.13701713,0.15593776,0.07193217,0.5017089,-0.044487458,0.33416688,0.24799934
protein|IFI30,-0.45327646,-0.66942215,0.064732626,0.03937603,0.3815845,0.27154055,0.5542245,-0.19689624,0.013814576,-0.31773403,-0.0033464578,-0.09179791,-0.12904257,0.20231518,-0.38276672
protein|TMA16,0.3243887,-0.18148421,0.11094196,-0.48502043,0.48137617,0.18272741,0.56353396,-0.28378928,0.6899093,-0.24597473,-0.44651824,0.35788772,-0.09753316,-0.118324615,0.09979424
protein|GPATCH4,0.13336176,-0.3322943,-0.53559834,-0.28250036,0.3400265,0.43102768,0.6317554,0.033948407,0.40677023,-0.41326,-0.11645756,0.55939764,0.12073781,0.28240764,-0.029911388
protein|GRID2,0.33382276,0.15771322,0.17113869,0.42698717,0.24406372,-0.60175663,-0.04349648,-0.39148462,-0.2730336,0.4622855,0.53536075,-0.42575228,0.22248423,-0.20535964,0.34637463
protein|SAP30BP,0.15295984,-0.55078673,0.12200744,-0.14752959,0.6480043,0.46336025,0.59679,0.1385762,0.23214015,-0.48118186,-0.22371975,0.44837296,0.15632248,0.070899956,-0.55131894
protein|GNG12,-0.17983347,-0.2514604,-0.18549022,0.40352535,-0.3595243,0.42718935,0.32224253,0.6235218,-0.6759082,-0.19124068,-0.4070676,-0.47931403,0.066964954,0.16600795,-0.013775897
protein|TGM2,-0.6151678,-0.1660251,0.17887022,0.36584923,-0.5676645,-0.07208966,-0.46302027,0.03577789,-0.10849325,0.039482556,0.25161594,-0.4845796,-0.5896251,0.29377994,0.2015827
protein|MRPL3,0.5603349,0.03838949,-0.24028407,0.01632127,0.52490014,-0.23606032,0.5865398,-0.33171484,0.19159347,-0.11853696,-0.72122645,-0.08471581,-0.4661153,0.08434192,0.07219341
protein|UBQLN4,-0.45041963,-0.7237521,-0.16934076,-0.13907985,0.0128722405,0.57012,0.7532907,-0.133301,-0.3592279,-0.18407771,-0.074258834,-0.24724315,0.26153415,0.33798397,-0.4323695
protein|HK2,-0.24294738,0.10583462,-0.39234304,-0.05497883,0.23346929,-0.0025215151,-0.18152319,-0.21141358,-0.33887577,-0.13332246,-0.31167203,0.27715537,-0.3561774,0.51594037,0.16081487
protein|EVL,-0.059714776,-0.95807093,0.5540287,0.4936157,0.036516443,-0.041230533,0.053437978,-0.16764112,0.1935525,-0.37562975,0.07149318,-0.60178775,0.17320383,-0.6642571,-0.2594358
protein|UPP1,-0.46895808,-0.13485081,-0.088251166,0.11658278,0.03853428,0.009859355,-0.17844592,-0.5240913,-0.45066178,0.17051646,0.22229582,-0.06184564,-0.3207413,-0.1790987,-0.24806665
protein|COX6C,0.30110154,0.113991946,-0.31349143,0.7797203,0.24431692,-0.4097451,-0.2345598,0.5482922,-0.16927116,0.08549553,-0.50881356,-0.16616783,-0.5900185,-0.1232595,0.054047875
protein|C3,-0.28901845,0.57224214,-0.18820505,-0.20714644,-0.6054523,0.18735924,-0.102830194,0.2707718,-0.94639474,0.21632533,0.7519702,-0.12622601,0.16597453,0.631782,-0.05841194
protein|NPEPL1,-0.34838253,-0.5886577,-0.15723337,-0.104575835,-0.3858761,0.5040696,0.15106197,0.43519628,-0.1548613,-0.13940431,-0.030900404,-0.104875684,0.08183481,0.25168353,-0.25840947
protein|CPM,-0.72406626,-0.42483366,0.11595145,0.096426986,0.085192256,-0.18174681,-0.3414014,-0.19043367,-0.10478372,-0.2716304,0.26267827,-0.15527895,-0.46014956,-0.024644148,-0.079727225
protein|TSPAN10,0.17292604,-0.4253767,-0.5141821,-0.12881169,0.2205807,-0.46605492,0.84579545,-1.1936768,-0.098044574,0.06960111,0.22788705,-0.030292423,0.0016776684,-0.15062931,0.14825673
protein|DAXX,0.5295029,-0.20177752,0.23388337,-0.3591928,0.56648713,0.2987979,0.029703034,-0.088641174,0.36367434,-0.4894568,-0.42070904,0.4766884,0.05311509,-0.35336557,-0.43592414
protein|EZR,0.5596287,-0.06641764,-0.430077,0.12774062,-0.010492728,-0.25555336,-0.21886912,-0.09645207,0.26500034,0.2840775,0.027290685,-0.43609315,0.23099059,-0.81516755,0.296534
protein|WDHD1,0.24659447,0.32106292,-0.76243687,-0.39941654,0.12919034,-0.16059542,0.23350123,-0.56574106,0.19953233,0.3061857,0.29204464,0.69535184,0.11074098,0.10271474,0.17358881
protein|ASNS,0.32202822,0.4691197,-0.5708969,-0.051498804,0.39026687,-0.10763435,0.08010967,-0.29406932,0.10372785,0.32290882,0.011210413,0.14689894,-0.1917265,0.36071414,0.36515525
protein|ELP4,0.24508122,-0.5525822,-0.23370954,0.034034304,0.12885143,0.32348073,0.5331991,-0.19727229,0.04367362,-0.075113826,0.2290312,0.18724962,0.2880567,0.30656934,-0.17450406
protein|RPL36AL,0.05081279,-0.5721033,0.44156593,-0.1988475,0.56302464,0.24231642,0.5176834,-0.31966898,0.36709327,-0.5576882,-0.3347144,0.15591088,0.08837954,-0.03570407,-0.16917917
protein|CLPTM1,-0.322397,-0.41668442,-0.6661924,-0.14209685,-0.13830896,0.12162843,0.22595426,-0.16372168,-0.50007397,-0.3708432,-0.14339168,0.09018405,0.02910135,0.28490248,-0.06384226
protein|FAM126A,0.15551096,0.44037268,-0.28915212,0.3974487,0.11174874,-0.4389059,-0.35820818,0.1365947,-0.28845876,0.5353675,0.38287747,-0.20166683,0.10949668,-0.38485244,0.060933087
protein|SUMO2,0.38226265,-0.18284176,0.5907621,-0.38873625,0.17988445,0.3837502,-0.03468505,0.16983429,0.6975469,-0.5028721,-0.4395269,0.4889195,-0.03453919,-0.50542486,-0.4674129
protein|MBD1,0.047094673,-0.80407417,0.028015371,-0.36299473,0.25528464,0.32975492,0.6380723,-0.11153728,0.13670135,-0.2638386,-0.13001734,0.12418627,0.22458883,0.126663,-0.23808765
protein|GALNT2,-0.027643124,0.117257096,-0.35970348,0.0575718,0.20061094,0.08120477,0.03553944,0.23080757,-0.10091804,-0.067648575,-0.28562656,0.119563684,-0.14825737,0.3606549,0.14329177
protein|ACSL1,-0.37413993,0.20930748,-0.45964128,0.81598914,-0.05956189,-0.47237718,-0.3889598,0.46998057,-0.23179422,0.0379342,-0.044230666,0.18492864,-0.74190295,0.22676443,-0.03469646
protein|AFM,-0.34706762,0.17690326,0.1522157,-0.22601081,-0.03850989,0.25439057,-0.092807695,0.36037418,-0.33511153,-0.025283307,0.3203075,0.1535712,0.059537757,0.34564134,-0.22002922
protein|GYS1,-0.29288217,-0.10075055,0.007827894,-0.22821602,-0.04835225,-0.3251604,-0.29412636,-0.020900657,-0.08975219,0.024637247,-0.27660164,0.025465062,-0.22846754,-0.19916636,0.08633676
protein|RNPS1,0.36654133,-0.23488075,0.41194093,-0.5434508,0.48423076,0.244772,0.15225573,0.08036356,0.5652933,-0.4164049,-0.25986502,0.62536466,0.17647415,-0.24115498,-0.3311936
protein|SUB1,-0.10570464,-0.40889964,0.79317653,0.10658552,-0.025847191,0.24084091,0.19219972,-0.33564743,0.26288986,-0.73680025,-0.27632877,-0.05822347,-0.18574299,0.25528213,-0.050242383
protein|NDUFB5,0.34054875,0.29947072,-0.7576717,0.8812427,-0.09240945,-0.46409968,-0.24656644,0.32785523,-0.09761653,-0.0710732,-0.51962566,-0.47970033,-0.4126781,0.084209904,0.48151606
protein|MIEN1,-0.15227996,-0.13905711,0.11900181,0.028187554,0.27574533,0.56225,-0.08680126,0.40636888,0.008713731,-0.30232772,-0.37877813,-0.095457464,0.07744172,-0.16970976,-0.11976281
protein|LPCAT3,0.19081847,0.029863443,-0.38801563,0.7338729,-0.18287562,-0.50007004,-0.36121634,-0.09373959,0.0039599305,0.1577208,0.07239806,-0.25889382,-0.44879428,-0.2565432,0.3593343
protein|ANPEP,-0.64155835,0.12500201,-0.057792623,0.1703269,-0.08125881,0.027227392,0.3822287,0.12060764,-0.6090848,0.16771254,-0.062092457,-0.21096942,-0.39022818,0.3947169,-0.1052168
protein|ANKRD28,-0.15708873,0.01853189,-0.07868027,0.369699,0.1497737,-0.6798222,-0.023608858,-0.5167162,-0.16202158,0.43459263,0.6774193,0.06711841,-0.27915907,-0.013220203,0.041247874
protein|TNXB,-0.35373524,-0.49191815,-0.00479988,0.13530514,-0.644353,0.39274967,0.53947896,0.24867685,-0.12447465,-0.044773865,-0.30690145,-0.2593979,0.6349644,0.3153371,-0.056392845
protein|CYCS,0.13572086,-0.04603909,-0.29565144,0.49924323,0.38590592,-0.20603031,-0.021911921,0.30175224,0.53444433,0.1387652,-0.675738,-0.07391901,-0.47836968,0.10798784,0.41821185
protein|KIFC1,0.35547504,-0.14411508,-0.33608523,-0.51182735,0.65351564,0.5145951,0.17987055,-0.002765422,0.25544247,-0.09386245,-0.21314844,0.21036075,0.016305942,0.07493814,-0.1847763
protein|GCC2,0.083022475,-0.20823997,-0.30305406,0.04213208,0.02238648,-0.4414891,0.50527334,-0.5175694,-0.033858955,0.23303585,0.17190255,-0.17513901,0.041553956,-0.16740131,0.047316957
protein|ITGAX,-0.056666236,-0.20354138,-0.45747104,0.026534127,-0.151484,0.22829933,-0.38679036,-0.3756939,-0.84364563,-0.31380415,0.14340322,-0.18000393,-0.27532038,-0.6421108,-0.23840484
protein|GM2A,-0.47155583,-0.16514231,0.32877824,0.08996472,0.5596419,-0.17594066,-0.22985211,-0.13833576,0.35606378,-0.40260535,-0.2977625,0.07350626,-0.7229427,-0.11950253,0.05172642
protein|LIME1,-0.28948665,-0.56843424,0.10062998,0.040943056,-0.11662266,0.55553293,0.04059587,-0.016673908,0.085286036,-0.28444654,-0.14794263,-0.19761837,0.049028687,0.4015388,-0.19921045
protein|CACYBP,0.5240646,0.14052138,-0.6519715,-0.2981958,-0.09268353,-0.2963938,-0.4096472,-0.5596617,0.43478918,0.23695947,0.08191678,0.25829703,-0.23630197,-0.23654689,0.42408514
protein|FCGRT,-0.5076346,0.18670861,0.1063403,0.4571527,-0.12948614,-0.28282806,0.21824265,0.16956496,0.15056004,-0.07610531,-0.06539135,-0.29028657,-0.38537163,0.58069706,0.18441655
protein|UBE2L3,0.20722368,-0.11975391,0.5772922,-0.33197653,0.54611194,0.43726718,-0.08938633,-0.038130455,0.44269678,-0.5830848,-0.564576,0.038048517,0.016782638,-0.36824024,-0.15340741
protein|TIMM8A,0.26199186,0.19635914,0.077324346,0.35982758,0.67816526,0.09802945,0.14516671,0.42905745,-0.0012248441,-0.120028175,-0.6636035,0.041770067,-0.22579736,0.1677773,-0.41602468
protein|PLGRKT,0.06285476,0.37981257,-0.39755428,0.25584176,0.12214928,-0.4041092,-0.24804397,-0.22444363,-0.6040402,0.004405051,0.1942094,0.26843873,-0.48860446,0.0028650023,-0.11723573
protein|FSCN1,0.40033388,0.2021071,-0.4421971,-0.028246233,-0.24421768,0.21441816,-0.18247096,-0.34104314,-0.75831324,0.002823023,-0.02495595,-0.41272137,-0.14923394,-0.48984867,-0.35188794
protein|MARCKS,-0.11999392,-0.22769183,0.19047184,-0.56716317,-0.027193965,0.5499362,-0.16202573,-0.07328665,0.019009288,-0.776513,-0.3214911,0.29644123,-0.123066396,0.08169764,-0.31844214
protein|H0YKJ4,-0.16030507,-0.21408755,-0.087499686,0.43710932,-0.25526178,0.19742344,0.41219324,0.3758159,-0.6872822,-0.3089828,-0.09602706,-0.40855014,0.16146214,0.64715654,-0.07100567
protein|PIP4K2B,-0.32017788,-0.42485943,0.05409345,-0.36884633,-0.38366467,0.21692196,-0.12059942,0.028993966,0.26972082,0.3535626,0.2098105,-0.48659462,0.585152,-0.6189597,-0.05865633
protein|CAT,-0.20416328,0.402585,0.84773564,0.38710868,0.036786586,-0.25833696,0.2441724,0.59526813,-0.6699205,-0.07121204,0.34660456,0.18299185,0.39598963,0.71887714,-0.42770466
protein|CDC2,0.3732473,0.16097003,-1.0496079,-0.5680978,0.31809795,0.12270813,0.10222622,-0.66098607,0.027712192,0.23808265,0.040767662,0.5660185,-0.23600048,0.23394032,0.09583275
protein|UBE4A,-0.085179165,-0.19433115,-0.38935545,0.116384484,0.39352903,0.05507572,0.084369265,-0.36423612,-0.026575211,-0.13758528,-0.29640782,0.18726386,-0.4281862,0.36928213,-0.20030141
protein|GLS,0.48893726,0.1970722,-0.6482034,0.09801312,0.31863666,-0.3743017,0.17331944,-0.3698046,0.18145202,0.15104882,-0.32636133,-0.036854096,-0.35358948,-0.025410373,0.25329438
protein|MAPRE2,0.33281812,-0.28969663,-0.03982029,-0.25866893,0.3627277,0.037464555,-0.0109180175,-0.055432647,0.27463654,-0.03993933,-0.38141355,0.20590201,0.20170347,-0.34665108,0.2904252
protein|SRM,0.31247586,0.26347628,-0.43083134,-0.043613795,0.13452254,-0.09146746,0.2999653,-0.5779031,0.25095084,0.28886846,-0.031679288,0.24431284,-0.39845085,0.4240747,0.13846216
protein|OAT,-0.10595123,-0.30836907,-0.8458187,0.31849623,0.14560382,-0.06731261,0.07292771,-0.027602581,-0.24438107,0.116596304,-0.1016217,-0.010211016,-0.21549061,0.013971446,-0.032354727
protein|OPLAH,0.05091435,-0.044603985,-0.32127026,0.55382544,0.3025658,0.16274911,-0.06609631,-0.11406489,-0.38972226,0.039367847,-0.13254642,0.23243938,-0.4815981,0.12397787,-0.25542665
protein|KNG1,-0.36523438,0.6091708,0.42054388,-0.41683078,-0.10921123,0.17465752,-0.007271567,0.4480229,-0.63322693,0.16391446,0.68608934,0.30491877,0.23179075,0.5451612,-0.35819316
protein|CD7,-0.20973629,-0.6825646,0.5476877,0.32022458,-0.094054475,0.011924756,0.25731483,-0.21606456,-0.0046611736,-0.4373281,0.023644868,-0.5134808,-0.25797185,-0.072759405,-0.41846937
protein|CBX5,0.52015686,-0.1524085,-0.51126003,-0.60178906,0.2571032,-0.08886603,0.21024142,-0.2055798,0.30227026,0.18626226,0.25550076,0.08972196,0.35621303,-0.44252044,0.1653673
protein|RPLP1,0.34612355,0.38470873,0.3900322,-0.4073081,0.17752254,0.08901132,-0.00037546756,-0.26618093,0.7919667,-0.07773828,-0.4236105,0.30194625,-0.39162737,-0.039913855,-0.17415255
protein|TUBB4A,0.28260767,-0.058026988,-0.32032448,-0.16224086,-0.034295205,-0.09661847,0.048149843,-0.52086604,-0.006972248,-0.35604745,0.061827283,0.30896762,-0.5124553,0.15830553,-0.1798453
protein|VCAM1,0.2721813,-0.25116593,0.16755618,0.23697291,-0.20794833,0.24793448,-0.42317805,-0.08282441,-0.57350636,-0.7118718,0.3281157,0.08035069,0.17749783,-0.0017771294,-0.04862522
protein|STX11,-0.6023745,-0.61360943,0.02741947,0.3000702,-0.23998594,-0.2725854,-0.35805702,-0.718249,-0.013818261,0.024312735,0.66721946,0.024762543,-0.38510936,-0.29084828,-0.04781906
protein|PTGDS,-0.041682765,0.0074549126,0.12191209,-0.039189935,0.15493852,0.2731546,-0.58040774,0.18602006,-0.6225615,-0.36526904,0.23316285,0.2171109,0.1036316,-0.25653625,-0.3824251
protein|NIPSNAP1,0.48445266,0.086211525,-0.10943392,0.6917732,0.077156916,-0.21918142,0.14892176,0.35102648,-0.046103776,-0.18782236,-0.45285648,-0.14346917,-0.2442238,-0.031175172,0.047475316
protein|COTL1,0.040364303,-0.40631106,0.26912245,0.23543978,-0.3994338,-0.26376402,-0.5822356,-0.58091253,0.07388252,-0.13739558,0.11658877,-0.633452,-0.21362287,-0.8589918,0.16430007
protein|NT5C3A,-0.0073252292,-0.43612623,-0.034137297,0.103326775,-0.16961828,0.4006826,0.3937824,0.04638093,0.082460426,0.07752589,-0.2153749,0.048708137,0.43977565,-0.21187651,-0.31225133
protein|EHD3,0.45406204,0.20950478,-0.050927304,0.23517424,0.3014546,-0.15393452,-0.0014945775,-0.23600407,-0.46841568,0.03069052,0.09655621,-0.113518216,-0.0021474112,0.14501983,0.042326275
protein|INTS3,0.08538325,-0.06362683,-0.018784985,0.019376764,0.017949557,-0.0010780573,0.53930014,-0.2656648,-0.12468449,-0.005132523,-0.2617396,-0.073981754,0.10147837,0.17957716,-0.051615883
protein|FOXP1,0.5873136,-0.108861774,-0.16936885,-0.26558974,0.3470732,0.01756405,0.056686476,-0.3088672,0.04212156,-0.2856827,-0.1287242,0.46077532,0.13634987,0.13789469,0.14895955
protein|S100A6,-0.6190717,-0.015866986,0.4500492,-0.023592746,-0.42219293,-0.08959695,-0.15134382,0.06081015,-0.629373,-0.06371614,-0.5808881,-0.17045914,-0.15242927,0.050556723,-0.1316464
protein|ACOX1,0.32121244,0.31875178,-0.8104321,0.9083497,0.20349546,-0.3263337,0.12930442,0.5219833,-0.4354267,-0.09197265,-0.49495536,-0.10379176,-0.44244117,0.3179354,0.1911902
protein|PTAFR,-0.16880395,0.056385625,0.11407931,0.23803447,0.1585217,-0.05660148,-0.3387708,-0.21060894,-0.42232418,0.048253242,0.121100076,-0.042501867,-0.510223,-0.14872278,-0.23182349
protein|ZC3H4,-0.0049161757,-0.6942382,0.110153064,-0.13690397,0.38497815,0.5987421,0.5348307,-0.030802757,0.22436292,-0.3601526,-0.46354032,0.1806724,0.32213017,-0.10766362,-0.37289003
protein|AGT,-0.21824877,0.63572264,0.32290202,-0.19672757,-0.18835199,-0.11568047,0.0005390077,0.1732351,-0.721718,0.39683416,0.6884681,0.16052459,0.2748859,0.45328942,-0.20750603
protein|TOR1A,-0.064237006,-0.2303805,-0.26937363,0.41183314,0.005682918,-0.29476655,0.38281336,-0.21540518,-0.566794,-0.0018777413,0.010076032,-0.15873465,-0.14838912,0.05858009,-0.18278947
protein|MYO1E,0.124170326,0.19679298,-0.61914605,0.14143057,0.123933114,-0.2820637,-0.12205467,0.19088696,0.054640997,0.262075,0.14817351,-0.19708636,0.1358334,-0.38190958,0.24664608
protein|ISG15,-0.12894657,-0.34844363,0.17901736,0.32237828,-0.0053762738,-0.39346954,0.036439378,-0.25453705,0.040680975,0.20746946,0.20340411,-0.01051051,-0.050406717,0.06731867,-0.2278344
protein|TMUB1,-0.016711628,-0.20385239,-0.12970398,0.5353603,0.14390053,0.46551386,0.5188797,0.4585771,-0.0707255,-0.083102845,-0.59002393,-0.13827294,-0.018210435,0.39907688,-0.2956536
protein|P08133,-0.12420401,-0.11697972,0.2813332,0.25361055,-0.5013653,-0.4715817,-0.17923293,-0.37119633,-0.11619232,0.016280951,0.26978177,-0.73510194,-0.14714918,-0.36009768,0.4378047
protein|HSDL2,0.42616785,0.06388236,-0.6717399,0.8908477,0.04867456,-0.09637502,-0.06941232,0.5211466,-0.16669719,0.10399292,-0.32940692,-0.35648668,-0.09564166,-0.04508574,-0.05470504
protein|CCDC50,0.23870768,-0.36563006,-0.16000056,-0.2356088,-0.30871332,0.07920228,0.53218716,-0.53560597,0.22655666,-0.5042634,-0.09240492,0.16985123,-0.07887323,0.32775515,0.0489011
protein|PRDX6,0.22123964,0.31355602,0.04899461,0.0010864565,0.31282312,-0.2134523,-0.30130562,0.18576294,-0.11362808,0.48764467,-0.14826144,-0.016724933,0.033586204,-0.3019503,-0.12874573
protein|H2AFV,0.23640867,-0.16141562,0.6521033,-0.55276585,0.6417133,0.065667,0.6131005,-0.50193864,0.28081164,-0.16368197,-0.23756638,-0.4390194,-0.015651401,-0.32971117,-0.0053749396
protein|A0A1B0GW05,-0.21148984,-0.42913496,-0.25070986,-0.080371335,-0.074119255,0.57451993,0.750185,-0.10413072,-0.47928485,0.01752446,-0.19017889,-0.6052778,0.1379431,0.4068196,-0.010337279
protein|CD53,0.2131667,-0.29011703,-0.29825342,-0.16317832,0.022487726,0.12242404,-0.12055374,-0.29866862,-0.05007819,0.22405916,0.18574512,-0.051166683,0.19885328,-0.52230656,-0.073621675
protein|NGDN,0.1827929,0.07078342,-0.46841818,0.12026127,0.4600945,-0.052747235,0.62072194,-0.56007105,-0.053358242,-0.040579386,0.049982697,-0.018170862,-0.21190418,0.54071265,-0.016009703
protein|MAD2L1,0.44134024,-0.008772903,-0.9237605,-0.20805591,0.34929276,-0.2063074,0.3473016,-0.9951808,-0.028534157,0.31458098,-0.04529419,0.13099104,-0.3571936,-0.046225,0.17035206
protein|RPL29,0.18499805,-0.34531745,0.061617628,-0.24831906,0.24270439,0.5493031,0.28236845,-0.029134631,0.6138309,-0.35342777,-0.31708872,0.6113887,0.08996895,-0.04403218,-0.46491307
protein|AK4,-0.006714696,0.19056767,-0.332332,0.56754917,0.47025588,-0.40845898,-0.08778176,0.24447137,-0.39150202,0.053195488,-0.33105722,0.1540541,-0.3143845,0.37386453,-0.10514188
protein|USF1,0.0826722,-0.39806557,0.20042004,-0.3472025,0.40785283,0.21250014,0.7168138,-0.2575963,-0.07496499,-0.26767847,-0.04061565,0.11681242,0.20611109,0.009018573,-0.4578026
protein|FLNC,-0.5536098,-0.37585372,-0.26972574,-0.26751173,-0.25932866,0.17863812,0.35777536,-0.11034665,-0.42006016,-0.049633507,-0.19429404,-0.18636525,0.19673537,0.28527632,-0.112554625
protein|NDUFA5,0.22620235,0.4585164,0.049685407,0.6232828,0.21019879,-0.047359303,-0.21605307,0.5539467,0.051741634,-0.024831325,-0.31083557,-0.4796014,-0.2933644,-0.11304998,0.0904222
protein|TGFB1I1,-0.31213266,-0.35065508,-0.35233873,0.19035223,-0.53705627,0.4699836,0.4448431,0.18688002,-0.62139666,-0.29201457,0.07541402,-0.20517558,0.3210563,0.5635023,-0.3279701
protein|SDPR,-0.03842374,0.18103768,0.53138965,0.31453505,-0.21232122,-0.07938671,0.26135698,0.06412005,-0.29618242,0.0114150895,0.20870899,-0.2291532,0.31928122,0.80567217,0.0472554
protein|EFEMP2,-0.34729418,-0.33775327,-0.6187732,0.053696938,-0.37935948,0.7060318,-0.14741267,0.18778518,-0.55905426,-0.098247044,0.12787953,-0.33899644,0.35869244,0.16280882,-0.31317836
protein|STMN1,0.58193207,0.10444742,-0.33132815,-0.50367343,0.59032285,-0.071453534,0.06134527,-0.30259648,0.33013716,0.1220621,-0.03503737,0.5337366,0.18912657,-0.37110233,0.008686479
protein|ABHD16A,-0.2667154,-0.1281068,-0.30288398,0.27333373,0.14490862,-0.0507445,0.0629198,-0.2780633,-0.19499846,-0.036395088,0.046191197,-0.0672622,-0.38514447,0.17246869,0.012797286
protein|CPT1A,0.05604221,-0.04361527,-0.5572465,0.6994059,-0.21669033,0.11259947,0.22337247,0.26123953,-0.33038384,-0.17313267,-0.44061434,-0.2523217,-0.2440887,0.66698456,0.26124275
protein|DBNL,0.22237895,-0.7307062,-0.41562748,0.00022507075,-0.08813816,0.041023217,0.20192394,-0.3346988,-0.068021215,-0.057512652,0.18048882,-0.011413623,0.34291375,-0.6810716,-0.42784318
protein|APOA4,-0.30864,0.2564894,0.13872753,-0.21640056,-0.11044641,0.033286694,-0.048316304,0.37070778,-0.46256608,0.3148137,0.5106874,-0.029272512,0.3151236,0.36617902,-0.18002753
protein|C1QBP,0.29652455,0.30643117,0.03634826,0.050914735,0.50370353,-0.24596214,0.117409915,0.23271729,0.49655578,-0.12292482,-0.3924692,0.07536557,-0.1824929,0.18047126,0.12101968
protein|BPNT1,0.38128805,0.07693443,-0.2501415,0.07916112,0.45399594,0.06631671,-0.38469267,0.22490637,-0.11602768,0.5082612,-0.09438306,-0.3547911,0.3601433,-0.9037454,-0.25026497
protein|DUT,0.21558416,0.04831045,-0.3829564,-0.45567575,0.64848495,0.21218643,0.38111925,-0.64175904,0.33906412,0.11217897,-0.118774235,0.61637884,-0.18082954,0.0611819,-0.09282704
protein|MPHOSPH10,0.3917615,0.11781994,-0.59273684,0.30879545,0.26518616,0.09212875,0.47847837,-0.11299588,0.23385398,0.07749247,0.07623674,0.37593055,-0.009705939,0.4546543,0.25966784
protein|NDUFB11,0.34640613,0.15171632,-0.07210169,0.6685622,0.4317504,0.27012113,0.06632914,0.8764498,0.007452044,-0.4229695,-0.6607266,0.22594894,-0.3585925,0.14147244,-0.15800124
protein|TUBB8,0.38483867,0.46593627,-0.20192017,-0.4593696,-0.00059597206,-0.17635226,-0.6131585,0.21430235,0.5223217,0.27920666,-0.066457585,0.11750797,-0.38076985,-0.22641519,0.21311557
protein|CD200,0.055685513,-0.29081416,0.23691407,-0.06101133,0.02325919,-0.090367645,0.04070166,-0.19609149,-0.09357195,-0.5035923,0.16296515,-0.28253332,-0.19306414,0.04206555,0.008439685
protein|HN1,0.12391265,-0.23573086,0.011530663,-0.18995745,0.6421378,0.50304294,0.3577011,-0.25451496,0.08531461,-0.55206394,-0.30158365,0.4930982,-0.03426129,0.09211896,-0.46203125
protein|APOC3,-0.20246726,0.15217474,0.2829898,0.05831826,-0.0003335536,0.33773515,-0.03978064,0.6017802,-0.6740785,0.12546055,0.29701647,0.124016166,0.312206,0.55204237,-0.40389043
protein|FAH,0.10033781,0.35131633,0.044997636,0.41858608,0.24000381,0.18133807,-0.050368108,0.61421484,-0.100701265,-0.061786924,-0.23033687,-0.074721254,-0.29474756,0.38488635,0.1392127
protein|CIC,-0.17213564,-0.19710252,-0.00039418577,-0.09464308,0.1371848,0.10109427,0.3771439,-0.09090533,-0.20130292,-0.19665283,0.043397985,0.105443835,0.21834803,0.3283127,-0.21026401
protein|ACADS,-0.13429956,0.0010081524,-0.18323825,0.9612717,0.07677767,-0.28707066,0.011105704,0.26438054,-0.34689552,-0.11568643,-0.43409392,-0.24910773,-0.5823288,0.10523358,0.1302585
protein|CD3D,-0.30801958,-0.7020499,0.5036877,0.5249986,-0.15678059,-0.31323633,0.15459785,-0.19323036,0.04315578,-0.24889477,0.15299031,-0.5755483,-0.15632328,-0.053115908,-0.12320618
protein|C1R,-0.3223859,0.34463158,-0.13401005,-0.06539089,-0.3025225,0.14581472,-0.05892272,0.18755531,-0.75980043,0.13976839,0.5788597,-0.21673141,0.09176338,0.4252294,-0.1672622
protein|ANXA1,-0.84199375,0.05078852,0.16584437,-0.2146494,-0.78208846,-0.29045308,0.0018353668,-0.16534325,-0.71984464,0.1923129,-0.05946653,-0.13571197,-0.1365879,-0.016772017,0.037638914
protein|MRPS16,0.09389445,0.01439708,0.38525856,-0.05054176,0.48330492,0.009508363,0.2699812,-0.011613611,0.11803948,-0.36313578,-0.9329489,0.23486044,-0.35337144,-0.07290538,-0.4970606
protein|CRYM,0.2873413,0.14726955,0.14078748,0.07812139,0.3750989,-0.2298737,0.29432857,-0.026094722,-0.33096388,0.17809871,0.14856036,0.07752068,0.06865414,0.08096594,-0.09250636
protein|CD74,0.2277356,-0.12729594,-0.10789607,0.22211733,0.46799418,-0.3015882,0.41015556,-0.2703101,-0.009911317,0.23618554,0.07008531,-0.14159787,-0.0028496997,-0.7472095,-0.44099045
protein|DOK2,-0.57157713,-0.8906058,0.16176955,0.49545166,-0.55119985,-0.09341654,-0.08193866,-0.5611331,0.087426156,-0.33838677,0.19770004,-0.43371952,-0.5174553,0.012333372,0.18928985
protein|THYN1,0.2646063,-0.4094695,0.61617035,-0.14159448,0.22329187,0.38758484,0.018992774,0.21007481,0.47007555,-0.49363315,-0.5503377,-0.03818361,0.14700042,-0.33141682,-0.11342543
protein|BCAT1,-0.18583822,0.25278234,-0.07289675,0.20245203,0.19564223,-0.116853476,-0.28801847,0.09087521,-0.37650236,0.25074926,0.22906359,0.34281614,-0.13813879,-0.1903564,-0.3781795
protein|NCF2,-0.7153214,0.0026513517,0.25059178,0.4120647,-0.023608232,-0.5340165,-0.300401,-0.24792358,-0.13787723,0.08933155,0.14817123,0.3628187,-0.66534746,-0.19121549,-0.19738804
protein|NT5C,0.2378272,0.13674818,0.46270648,0.05547574,0.25911397,-0.27660248,0.24357824,-0.29497182,0.024850631,-0.04431131,-0.2799491,-0.12796308,0.12450322,-0.39622003,-0.018139174
protein|C8B,-0.30069843,0.48983154,-0.02624109,0.10483346,-0.1755229,-0.09061081,0.04918035,0.13248402,-1.0295688,0.25648955,0.6326464,0.0036510574,0.088440076,0.6493895,-0.052416954
protein|TRIOBP,-0.47424525,-0.42100653,-0.38727713,0.15350267,-0.4712126,0.36930627,0.09503271,0.13467455,-0.25613365,-0.17614694,0.26550958,-0.101786,0.2734794,0.44912338,-0.087519735
protein|CD46,0.062838204,-0.4409439,0.00992166,0.29797378,0.40062258,0.5047782,0.30699682,0.08226296,-0.19948953,-0.3783287,-0.4137549,-0.2264238,-0.18486701,-0.024952076,-0.36915448
protein|ALDH4A1,0.2487867,0.052079465,-0.16908148,1.0518781,0.25688112,-0.15578191,0.41507876,0.6787506,-0.47068816,-0.40136814,-0.46446067,-0.052346803,-0.31898555,0.22768784,-0.19729917
protein|DLAT,0.58230174,0.4320358,-0.66232145,0.5952424,0.114464805,-0.53109205,-0.091934845,0.04618101,-0.09715003,0.113034636,-0.17938493,-0.21959186,-0.452097,0.19291547,0.4611148
protein|WDR75,0.30560756,0.34175968,-1.2236278,0.059714336,-0.12383271,-0.004735284,0.1738166,-0.1906465,-0.026971279,0.2953752,-0.20928964,0.16203135,0.016515475,0.18639117,0.37437978
protein|ZFYVE16,-0.08973557,-0.20126955,-0.05207177,0.30803245,0.19502133,-0.203785,0.4662278,-0.44478455,0.10694227,0.0049161715,0.047669806,0.04007588,-0.25029543,0.030189581,-0.04514756
protein|RRP1,-0.0071627935,-0.44949338,-0.45594978,-0.1486886,0.56618226,0.24946545,0.78126186,-0.31189343,0.022451809,-0.24515873,-0.15912132,0.5052116,0.12463675,0.38446602,-0.37564662
protein|MPEG1,0.040019058,-0.09508244,-0.14889938,0.1275949,-0.013958749,-0.45157725,0.3649551,-0.5132467,-0.15592945,-0.20143352,0.09682818,0.016030582,-0.19036062,0.3734231,0.16023597
protein|MKI67,0.16957544,0.016999435,-0.5980227,-0.6520356,0.61796,0.20901956,0.20997213,-0.35529593,0.34712768,-0.10941396,0.07144487,0.76640075,-0.022093935,0.21444993,0.045315098
protein|CAPG,-0.3602167,-0.44552797,-0.57703257,-0.10518665,0.092849806,0.12865861,-0.6442224,-0.17815582,-0.44353828,-0.25981006,-0.124749295,0.05710822,-0.6354783,-0.82025313,-0.3121129
protein|POTEE,0.3216833,0.26370475,-0.0844485,0.17219616,-0.5477098,-0.19893712,-0.48135546,-0.38512307,0.13493632,0.21473534,0.32827017,-0.22327429,-0.20106289,-0.70177585,0.15397654
protein|CDV3,0.37125382,-0.21444948,0.36285123,-0.2387044,0.5105033,0.43623835,0.15702756,-0.05119671,0.37119216,-0.5765441,-0.434464,0.3516488,0.07671838,-0.33731943,-0.62943643
protein|TPSAB1,-0.15369491,-0.2245816,0.058047116,-0.18190639,-0.63794464,-0.012790799,0.33617175,-0.0038591868,-0.4569295,-0.0015085343,-0.5560382,-0.048196137,0.29738596,-0.15916775,0.073682025
protein|ACAT1,0.4221625,0.24200016,-0.56283647,0.9793838,0.30772474,-0.10290761,0.13180536,0.9037522,0.22264954,-0.1950462,-0.6401492,-0.12528512,-0.47450206,0.5127081,0.25148815
protein|CSRP2,0.21974306,-0.42801467,-0.17595792,-0.027304932,-0.70458513,0.41036248,-0.034489404,0.12091543,-0.37290773,-0.5847738,-0.107500315,-0.50956196,0.5359112,-0.045741826,0.07371768
protein|ALOX15B,-0.49478173,-0.22591546,-0.2972875,0.4335908,0.20563528,-0.3692304,-0.28853402,-0.33373803,-0.483805,-0.19591185,0.31128988,0.36070344,-0.5797453,-0.22504431,-0.20363289
protein|ATOX1,0.12319423,-0.17865019,0.5674665,-0.04121473,0.59673417,0.18960689,-0.37603033,-0.09348345,0.13849957,-0.641524,-0.34732425,0.024979051,-0.23049799,-0.39938048,-0.19487298
protein|SERPINA4,-0.45381728,0.3536289,0.031410623,-0.04449265,-0.1339413,-0.13256785,0.1478581,0.29101595,-0.5121382,0.3243913,0.47545043,-0.08335474,0.14117599,0.36206022,-0.043456562
protein|PYGL,-0.4270453,0.43297985,0.40148667,0.6819132,-0.39869758,-0.34939036,-0.26910922,0.22599159,-0.5267144,0.123692505,-0.0610486,-0.25059158,-0.43845373,0.20815213,0.16965713
protein|RBM3,0.09651872,-0.6390654,-0.047468282,-0.14356071,0.35827193,0.23601268,0.39800343,0.0014533899,0.37579247,-0.17654052,-0.3603621,0.2933098,0.24004966,-0.12798624,-0.46433336
protein|IL16,0.50859076,-0.025232222,0.6455825,-0.17553803,0.21597934,0.111876,0.15321337,-0.5226589,0.1859165,-0.5802711,-0.27843156,0.094870366,-0.10140118,-0.34530944,-0.1452971
protein|RPL37A,0.17018454,-0.10723107,0.1123022,-0.5465985,0.22681572,0.42666975,0.056452308,0.054849967,0.7582904,-0.21170887,-0.43709284,0.33686867,-0.012760887,-0.13525222,-0.25980082
protein|RNF31,0.13916853,-0.4035136,0.052585334,0.1919584,0.14447576,-0.55278146,0.3595486,-0.53091,-0.26704362,0.14983845,0.09018166,-0.11672923,0.03255445,-0.1383207,-0.09070978
protein|CRYZ,0.38749036,0.12875515,-0.13049974,0.48011595,0.16298209,-0.21013114,0.061739698,0.2550055,0.068745315,-0.18135737,-0.25333795,-0.27378583,-0.20625402,0.021970771,0.059752204
protein|CD48,-0.18891503,-0.3796256,0.59995186,0.12525386,0.25417924,-0.044432405,-0.14168938,-0.35950276,0.1998853,-0.3467365,0.05433872,-0.2486302,-0.49535248,-0.34121892,-0.14243336
protein|HMGB1,0.36542135,-0.452648,0.5158182,-0.4163206,0.42265603,0.1526026,0.053941824,0.05667295,0.7129723,-0.29573947,-0.14974044,-0.084930524,0.3258856,-0.4082604,0.19943334
protein|NDUFA9,0.36370564,0.3899945,-0.12060221,0.39547783,-0.051566236,-0.27797642,-0.19382338,0.23326297,0.070109725,-0.07156407,-0.16588959,-0.15095319,-0.28722763,-0.10144155,0.22336859
protein|PDAP1,0.33850896,-0.25264263,0.46088913,-0.3393773,0.63123447,0.37875617,0.2147756,0.045392938,0.46811762,-0.3464447,-0.5684014,0.28154525,0.14773688,-0.24633935,-0.3112817
protein|PLEKHA7,0.13988338,-0.79804766,0.49612275,-0.10593983,0.46070296,0.044560067,0.5319571,-0.49633297,0.1655658,-0.3364657,0.015496693,-0.14009716,0.1817118,-0.20824833,-0.2555087
protein|ZMPSTE24,0.4474393,0.17409687,-0.7248108,0.21366349,-0.34044155,-0.395471,-0.2592726,-0.24814135,0.21864165,0.36794093,0.16651633,-0.1387979,-0.5070518,-0.25475237,0.4682227
protein|COL15A1,-0.6979151,0.14471962,-0.29104698,-0.3157085,-0.23218761,0.2396752,0.22258812,-0.16604611,-0.51629007,0.14625345,0.3560955,-0.2802764,-0.10341626,0.47123185,0.060619947
protein|GNB4,-0.6794377,-0.49150822,-0.26191235,0.2872004,-0.5405513,0.026059708,-0.43744996,0.21228972,0.33983028,-0.0871099,0.30513594,-0.13081202,-0.34045625,-0.2115584,-0.04034491
protein|SGTB,-0.066799514,-0.4196592,-0.14279254,-0.015306843,0.19117036,0.5702446,0.20417094,-0.058489975,-0.06618685,-0.51046044,-0.17240249,-0.03488744,-0.014088584,-0.0747072,-0.42309374
protein|IRF9,-0.09599611,-0.55400705,0.1315792,0.22582735,0.35488385,-0.09383663,0.60588104,-0.61387706,-0.11909479,-0.16014321,0.08097973,0.08330374,-0.0010728607,0.08753282,-0.26123664
protein|LIMD1,-0.084217444,-0.6637991,0.07435912,-0.07347004,0.038880214,0.46429077,0.31452027,-0.33781043,0.09393128,-0.53509533,-0.18728817,0.379647,-0.13361213,0.29070535,-0.24672991
protein|REL,0.38293403,0.0018307423,-0.44242588,0.14439134,0.30819875,-0.10053874,0.20357208,-0.101319805,-0.0672763,0.5815419,0.3276973,0.040915906,0.3260118,-0.46661562,-0.35217816
protein|HSP90B1,-0.017201008,0.4744692,-0.060432516,0.07126024,-0.37298307,-0.117744476,-0.04045593,-0.14218368,0.3445619,-0.11292016,-0.27858382,-0.0926068,-0.6464039,0.57632095,0.61657935
protein|NOLC1,0.30411118,-0.0940529,-0.6624282,-0.33848342,-0.07484389,0.46248564,0.2697324,-0.0049341624,0.5857595,-0.22521773,-0.25568205,0.7182993,0.32344264,0.3721567,0.16133116
protein|ZAP70,-0.067538045,-0.6875285,0.27675724,0.35454118,-0.66821533,-0.1461166,-0.15483071,-0.31127653,0.123471886,-0.30745015,0.10775315,-0.66158557,-0.36567467,-0.27561894,0.121110104
protein|PAK1IP1,0.39835164,0.35640952,-0.08431318,-0.2165987,0.091265544,-0.19283691,0.32112166,-0.41197824,0.32641524,0.19724457,-0.041055657,0.22395727,0.02134434,0.14378175,0.19231398
protein|PCCB,0.41863072,0.07395528,-0.14687346,0.9826088,0.33183762,-0.2882576,0.038527176,0.5984062,-0.3301022,-0.23949787,-0.6594137,-0.26674196,-0.48375708,0.21637456,0.12644246
protein|C19ORF43,0.30656463,-0.46031547,0.40335527,-0.19653235,0.5990209,0.40410256,0.3446301,-0.24246074,0.33091855,-0.5171661,-0.27913457,0.29031658,0.09790022,-0.19310367,-0.34078506
protein|CLYBL,0.06839369,0.1073991,0.1074721,1.0166194,0.022313017,-0.09578852,0.15386786,0.5878442,-0.10476575,0.0697871,-0.27648744,-0.2096295,-0.064101174,0.16512442,0.05442919
protein|C11ORF54,0.25618264,0.062084664,0.45371684,0.31642938,0.44951653,-0.038409885,0.13489975,0.18320467,0.048795495,-0.48822242,-0.2874795,-0.08370259,-0.111309685,0.08091428,-0.0145867895
protein|OAS3,-0.5124419,-0.38982004,0.033632655,0.44245625,-0.28929725,-0.5311321,-0.091705255,-0.4796691,0.07745532,0.14323589,0.15571028,-0.31296602,-0.36882934,-0.094425984,-0.024517244
protein|GNL3,0.114740096,0.50728595,-0.42872417,0.0010243508,-0.14612435,-0.34780213,0.24882258,-0.27606326,-0.068530746,0.15178329,0.12674016,0.50398403,0.053038623,0.51869667,0.14482014
protein|H2AFX,0.17871626,-0.497488,0.69484365,-0.31995055,0.41267812,0.15164393,0.6347139,-0.2867742,0.27996954,-0.2661259,-0.058870696,-0.36375493,0.27850884,-0.34933394,-0.22388135
protein|NUSAP1,0.21706222,-0.1246959,-0.69406253,-0.44996494,0.46091586,0.16090451,0.19779803,-0.090551205,-0.06690581,-0.022391843,0.15979753,0.3971325,0.15431549,0.27147236,0.07194621
protein|BLK,0.6195878,0.18721396,-0.44987902,0.10922957,0.19095984,-0.14153583,0.1548743,-0.044459138,-0.23770279,0.28114423,0.12489653,-0.057847045,0.20728308,-0.26110846,0.0018518462
protein|UTS2,-0.041768424,-0.028224347,-0.638968,0.46412736,0.0009038661,0.05097539,0.077843316,-0.15780099,-0.07792791,-0.004973058,-0.13103776,-0.30567262,-0.56633073,0.20349509,0.40127584
protein|DENND1C,0.043052644,-0.42674884,-0.19370565,0.10351873,-0.041089512,0.08113014,-0.013689518,-0.42212602,0.06982191,-0.28875765,-0.09949943,-0.3366058,-0.097869575,-0.20448315,0.18662019
protein|PSIP1,0.22880527,-0.46583033,0.13541427,-0.39473578,0.4797672,0.29996058,0.3338416,-0.037092317,0.38228968,-0.18378124,0.03573784,-0.029483,0.41140866,-0.5244751,-0.24874523
protein|FAM129B,-0.62593126,0.13861059,-0.3286286,-0.13465136,-0.30612028,-0.0909338,-0.06437127,-0.07804707,-0.595972,0.21015531,-0.16739102,-0.10227891,-0.3055385,0.15584017,-0.008028759
protein|Q14624,-0.30730918,0.32709154,0.22573777,-0.28533822,-0.25138015,0.16791454,0.18362509,0.17365243,-0.7908877,0.025282063,0.47241965,0.22153044,0.25373033,0.6316902,-0.37564304
protein|TMEM33,0.01792759,0.28155226,-0.455638,0.24007325,0.15615056,-0.59793466,0.06186134,-0.5089947,-0.1832601,0.1594827,-0.018233445,-0.16233811,-0.5808985,0.20030475,0.2895884
protein|CALM2,0.036229283,-0.14457108,0.86728185,-0.12310783,0.4235819,0.37878436,-0.12754461,0.14764166,0.28931597,-0.3135492,-0.71696657,0.024576854,-0.11856654,-0.39141163,-0.4264798
protein|MMTAG2,0.2168177,-0.6187125,-0.25213593,-0.30964646,0.475995,0.13337037,0.5470172,-0.38579953,0.10121987,-0.20597388,-0.13935272,0.19344622,0.14781183,0.06706811,-0.1870337
protein|IFIT3,-0.46819514,-0.15432192,0.18582268,0.35248762,-0.18050969,-0.35169205,-0.06667136,-0.19248308,0.021527678,-0.0075111943,0.09029436,-0.32984757,-0.47569108,0.14645886,-0.07936821
protein|GLIPR2,-0.8489001,-0.7078956,0.0193408,0.22840911,-0.5105844,0.13711943,-0.09230445,-0.1969565,-0.5318465,-0.38730535,0.25883144,0.013676335,-0.19720364,-0.041236013,-0.40220585
protein|GK,-0.8010891,-0.29657045,-0.19524488,0.25977644,-0.16482414,-0.35016444,-0.545887,-0.070236355,-0.11966836,-0.032328755,0.015863972,0.2071561,-0.7246249,-0.048833054,-0.06763662
protein|FGR,-0.35597458,-0.32776117,-0.13879685,0.3273707,-0.15347524,-0.49029544,-0.13475886,-0.46879342,-0.6716177,-0.16931175,-0.0051740166,0.011561345,-0.52568054,-0.08359304,0.048473403
protein|FCN1,-0.291795,0.20578511,0.33618063,0.2268677,-0.20255856,-0.21600467,0.103945486,-0.1830599,-0.061498705,0.10985609,0.4355493,-0.041426793,-0.2500027,0.35378727,-0.11542372
protein|FAM129A,-0.28572172,-0.19058818,0.117423005,0.40477893,-0.04516727,-0.41141975,0.040631,-0.0017109221,-0.043199383,0.49914902,0.14316931,-0.21410285,0.11425721,-0.53697616,-0.35449666
protein|NDUFA10,0.35300833,-0.117744096,-0.42591256,0.7654178,0.18069904,-0.35174108,0.20602866,0.49395967,-0.21623234,-0.15546721,-0.6425574,-0.49015102,-0.4850074,-0.056961708,0.16167216
protein|CPNE3,0.15997706,0.16725196,-0.10027044,0.11035363,0.24359825,-0.15975432,-0.13479114,-0.0041636718,-0.1384772,0.5764177,0.020785827,-0.4137807,0.15115413,-0.74518794,-0.17762512
protein|RRP15,0.0813901,-0.10974724,-0.649221,-0.2083613,0.10769303,0.17649415,0.39273354,-0.3861999,0.13241933,-0.31128317,-0.45090383,0.28670305,-0.24177772,0.26705807,-0.029523524
protein|RAB12,-0.3230923,-0.2274422,0.15478367,0.42702833,-0.104925394,-0.026152857,-0.29797956,-0.1373014,-0.35451198,-0.27837306,0.24555203,0.040692855,-0.40008616,0.14606836,0.034442388
protein|TIMM10,0.4004237,0.0025380857,0.2920343,0.32032546,0.4836205,0.16436881,0.46354192,0.1424717,-0.20244135,-0.2529351,-0.35929433,0.12759462,0.038450982,0.26804632,-0.5989921
protein|SYK,0.48640874,0.234879,-0.47492203,0.19798702,-0.030576227,-0.26735976,-0.12066915,-0.14021145,0.2308452,0.39283642,0.19339502,-0.233074,0.123205,-0.41679442,0.17376387
protein|RNMTL1,0.19442333,-0.43966126,-0.16326451,-0.122776836,0.43205562,0.33822528,0.4615158,-0.1670232,0.22320864,-0.57860017,-0.4259977,0.27390608,0.14116383,-0.018841052,-0.27706245
protein|MGST3,0.02755232,0.04483218,-0.038848538,0.42374864,-0.48628703,-0.0012662893,-0.4422042,0.89477926,-0.08019171,-0.23194093,-0.430703,-0.20515767,-0.37563768,0.024625,0.2261881
protein|PSMB5,0.15949197,0.41575128,-0.34937114,-0.2827723,0.09037171,0.07866727,0.3405906,-0.2048246,-0.23100835,0.08288797,-0.2051748,0.23043142,0.1548791,0.3713215,0.09985743
protein|B2M,-0.31145766,-0.37994626,0.33043918,-0.08639766,-0.030986806,-0.34965038,-0.10492757,-0.18376821,0.21437079,-0.12992197,-0.14193678,-0.08099884,-0.44143027,-0.41792944,-0.17926344
protein|MLF2,-0.20409842,-0.17257845,0.18432313,-0.25293717,-8.417086e-05,0.14745206,0.5207263,-0.07534122,-0.10774823,-0.07511394,-0.14731482,0.43698454,0.33197054,0.11148712,-0.44359335
protein|F12,-0.29735845,-0.16356307,0.033225827,-0.0553816,0.09488295,0.11925572,0.5923019,-0.109056465,-0.5722748,0.4345357,0.8292933,-0.06919629,0.23059762,0.49787784,-0.29505742
protein|DCK,0.5534528,0.13323063,-0.42942724,-0.12415834,0.1102984,-0.24011786,-0.19202375,-0.25901923,0.2961862,0.23271093,-0.019104801,-0.281944,0.20471424,-0.6393664,0.3552559
protein|POLD3,0.53577566,0.40952176,-0.511851,-0.29190877,0.3817724,-0.08210299,0.09242014,-0.31183854,-0.03023385,0.19358008,0.048448466,0.47784427,-0.058056876,-0.02376825,0.19465919
protein|RRM2,0.182738,0.078107595,-0.71202505,-0.43343753,0.44578868,-0.05650508,0.052563448,-0.5274813,0.02073863,0.18772897,-0.013204877,0.2703417,-0.1318295,0.20225905,0.30266508
protein|PAG1,-0.2770936,-0.6115104,0.070904925,0.11168971,0.38004926,0.33165658,0.09210021,0.080420695,0.17171857,-0.0042184545,0.19578099,-0.29630598,0.2792206,-0.32323292,-0.3872237
protein|EHD2,-0.18566781,-0.17509009,-0.39818877,0.100186616,-0.56442565,0.1545315,0.46179295,0.034994148,-0.45366618,0.034579746,-0.07926855,-0.31714007,0.111314446,0.554988,-0.032026764
protein|SLFN5,-0.07720706,-0.37998208,0.31247187,0.28683907,-0.48732638,-0.45484743,-0.20738962,-0.5911307,-0.0124444105,-0.080573626,0.15233624,-0.83738685,-0.283823,-0.41771036,0.32450926
protein|LGALS1,-0.7822211,-0.07244252,-0.113626175,-0.81293225,-0.20174222,0.39382255,-0.22266111,0.24784693,-0.22406502,-0.17334086,-0.299724,0.12566666,-0.12490443,0.00066314865,-0.08732693
protein|TTC4,0.042750552,0.18334195,-0.4167993,0.009122031,-0.11579573,0.002760996,0.18673745,-0.17522152,0.0683552,-0.09640153,0.011021978,0.16988064,0.13521163,0.08508881,-0.07109781
protein|PTPN1,0.24107233,0.24325944,-0.34616667,-0.2919755,-0.20479368,0.0030017523,-0.066767946,-0.78017926,-0.064531766,-0.17099448,-0.33657706,0.29006478,-0.5419428,0.1729703,0.1902676
protein|GUSB,0.15461203,0.19182007,0.16171014,0.5365226,0.07423916,-0.28762883,0.54872245,0.16204505,0.038313795,0.15281329,-0.47048563,-0.3617057,-0.12740955,0.29032698,0.39861566
protein|KIN,0.09526199,0.30346355,0.08217225,-0.27968758,-0.035166226,-0.38667536,0.25750148,-0.20730327,-0.38261005,0.029103225,0.15428972,0.24547915,0.02372073,0.08899015,0.20722558
protein|PHF1,-0.28930727,-0.54360634,0.15227935,-0.027996995,-0.108385935,0.49793798,0.5125624,0.25293446,-0.09203479,-0.16712007,-0.080648124,-0.4404966,0.2998319,0.12936263,-0.2658172
protein|HSPB1,-0.32526544,-0.44015455,0.083815366,0.004728989,-0.1952365,0.51066566,-0.3845952,0.25299367,-0.40469486,-0.5059377,-0.5778679,0.19489886,-0.20677954,-0.21841742,-0.45205665
protein|TJAP1,-0.106139556,-0.522323,0.12754808,-0.18769081,0.27810347,0.26995248,0.28291398,-0.19354932,-0.23823355,-0.1009153,0.26294857,0.07774874,0.3788108,-0.050080046,-0.46222728
protein|CTDSPL2,-0.32722664,-0.03521347,0.2506577,-0.2755618,0.1940693,0.058802098,0.5377734,-0.035811424,-0.49099258,-0.11647292,0.32185006,0.29892144,0.48812082,0.14224964,-0.2917856
protein|OAS2,-0.2340762,-0.34736732,0.024818338,0.3662883,-0.19148025,-0.5800888,-0.27225313,-0.37974507,0.27276018,0.14622173,0.056167137,-0.33583358,-0.4331853,-0.14135034,0.37728932
protein|CTCF,0.14273742,-0.43834573,0.21938011,-0.4897008,0.37851045,0.1051329,0.43080792,-0.6725723,0.258512,-0.23125911,0.017963838,-0.0471261,0.11430992,-0.33183524,0.124211356
protein|SNX8,-0.08428212,0.1366431,-0.039923098,0.26878855,0.15683517,-0.16049196,0.07731978,-0.44430777,-0.2716548,0.31014475,0.21126772,-0.18909508,0.045251388,-0.54997313,-0.22395246
protein|GSTP1,0.2399128,0.29787493,-0.27280578,0.08388323,0.060928937,-0.44375512,-0.32319883,0.07288714,-0.092163004,0.47479075,-0.104189724,-0.34500974,-0.11892477,-0.8110083,0.013821674
protein|ACY1,0.14610852,0.36841595,0.22726369,0.44872567,0.34688216,-0.19128613,0.018793752,0.5294298,0.17009042,0.032139484,-0.52333564,0.16095765,-0.26433396,0.05725244,0.10101962
protein|RALGPS2,0.38537803,-0.37716955,-0.31026226,0.20668426,0.33839306,-0.10524703,0.38552883,-0.13570789,0.06181691,0.22441922,0.14094056,-0.13424814,0.33357698,-0.17060138,0.014470012
protein|CETN2,0.45310068,0.09435113,0.30553347,0.094126634,0.20093752,-0.2253252,0.10989545,0.45034385,0.14080775,-0.01841166,-0.36682966,-0.16483422,0.022713652,0.019499931,-0.30311653
protein|PRKAR2B,-0.11706688,-0.50451654,-0.15708838,0.10024845,0.13586573,-0.30615735,0.2306325,-0.25175706,-0.09361007,0.044071153,0.062390514,0.01496892,-0.04510797,0.06624113,0.4010435
protein|SUMO3,0.26166338,-0.36321634,0.42661178,-0.2775221,0.4211884,0.3376069,-0.057639614,0.10996077,0.40161973,-0.6013937,-0.47300652,0.17108661,0.07288746,-0.5618069,-0.316035
protein|DYSF,-0.43754244,0.09700021,0.16630656,0.30973232,-0.05704996,-0.32964167,0.25006333,-0.27075827,-0.24294153,-0.034692485,0.30656117,0.075347096,-0.15559986,0.47757435,0.15159425
protein|WDR43,0.28361034,0.15120848,-0.995437,-0.117306314,0.10692745,0.03498048,0.41356042,-0.39911482,0.293189,-0.09732412,-0.061591886,0.07983243,-0.100554556,0.20415737,0.47735456
protein|PARVG,-0.18344373,-0.15151657,0.07084459,0.30573046,0.1676293,-0.42743176,-0.11958338,-0.29577208,-0.32336807,0.1811632,0.075793624,-0.24360377,-0.2096563,-0.46641248,0.045167502
protein|PAX5,0.18540093,-0.29973736,-0.18722022,-0.48033866,0.3325638,0.16785848,0.2812184,-0.26551855,-0.4240189,0.059235934,-0.027583282,0.42031157,0.5492488,-0.23175283,-0.31973284
protein|NFATC1,0.07186345,-0.56945336,-0.20371073,0.154162,0.35151324,-0.23074877,0.15725654,-0.27475768,-0.0034911896,0.04780708,0.19729033,0.31697455,0.2923427,-0.04825162,0.08923867
protein|MMAB,0.16851918,0.16142248,0.13035811,0.64485633,0.51228356,-0.014384007,0.22783162,0.7655388,-0.091576606,0.00705905,-0.46419156,0.08893691,0.14317092,0.28866798,-0.2110863
protein|NME1,0.3423176,0.3417576,-0.31211087,-0.39497164,-0.022263765,0.35280266,-0.031012168,-0.1494203,0.57079935,0.14752175,-0.36893874,0.4491443,-0.02033243,0.087760285,0.0669651
protein|PRPF38B,0.328208,-0.39266735,0.013282577,-0.32712978,0.29742253,0.020570988,0.33793762,-0.69251513,0.31137425,-0.3519021,0.021781223,-0.1024499,0.06148449,-0.2288808,0.22639358
protein|SIGLEC1,-0.49542716,-0.11164412,0.5928265,0.28702208,-0.04710208,0.054134253,0.0908926,0.036803,0.21004075,-0.106542036,0.17874673,-4.070449e-05,-0.3549386,0.41184556,-0.23748045
protein|FYN,0.027360057,-0.64432746,-0.2003006,0.4922897,-0.43327624,-0.4581907,0.051382013,-0.63457394,0.053255167,-0.14084035,0.09204838,-0.5034337,-0.32616135,-0.006702884,0.18321353
protein|ATF7IP,0.13058327,-0.026232677,-0.007179549,0.047021553,0.17699678,0.1927701,0.015366895,-0.12779889,0.054054026,-0.027427332,-0.20943084,0.076235525,0.12316328,0.07436714,0.085799865
protein|IKBIP,-0.010628707,0.16016531,-0.43401337,-0.10973733,0.07008693,0.07040709,0.17035213,-0.28166148,-0.175218,-0.017293712,-0.041069407,-0.21614072,-0.46283266,0.2750874,0.03735358
protein|RANBP1,0.52630204,0.40436766,-0.05780106,-0.57022876,0.3887948,-0.07510911,-0.1020882,-0.3411909,0.64980984,0.15749906,-0.36799794,0.26352936,0.0010986143,-0.23192468,0.2317409
protein|HM13,-0.29388905,0.01596179,-0.14752279,-0.06491575,-0.21867692,0.4110533,-0.38093832,0.3347987,0.38150936,-0.5418922,-0.7409933,0.20113212,-0.63331574,0.095252745,0.34392726
protein|CDH13,-0.44944346,-0.039874855,-0.15828529,0.027137462,0.21124408,0.28614578,0.35327646,-0.16429496,-0.6085411,-0.004721961,0.14093146,0.20338328,0.10603703,0.28188172,-0.4479525
protein|DCTPP1,0.5705238,0.24598181,0.26785585,-0.18361133,0.7617594,0.22361846,0.41513586,-0.3883289,0.04742993,0.06415293,-0.4700236,0.040958766,-0.12010175,-0.058251888,-0.29777968
protein|ATP5E,0.47486153,0.2510826,-0.43168363,0.58502114,0.13176972,0.034157194,-0.17869903,0.5834149,0.36467114,-0.05521077,-0.7002456,-0.0048693204,-0.41745338,-0.12579192,0.21598265
protein|P01594,-0.16399375,0.2665504,0.51241547,0.056943014,-0.039617717,0.07586683,0.25085443,0.089086786,-0.37494516,0.052966885,0.2517308,0.010068261,0.07482489,0.5537054,-0.11430649
protein|FAM107B,0.29933608,-0.3849341,0.21048468,-0.119258635,0.19926749,0.15061226,-0.23721513,-0.018107967,0.10357521,-0.23483293,0.044284213,-0.13676257,0.13695839,-0.72414786,-0.13896312
protein|ENTPD1,-0.08765243,0.07876881,-0.08804779,-0.20006835,-0.03131976,-0.04851468,0.116997406,-0.43167514,-0.09926371,-0.23214354,-0.091270365,-0.08648076,-0.36954382,0.19771826,0.16140974
protein|FKBP1A,-0.21477446,-0.7023318,0.16738386,-0.1374436,-0.10868891,0.57597846,0.23689775,0.10091494,0.012737855,-0.35486558,-0.21400298,0.068789,0.3015242,0.15698498,-0.52567947
protein|SLC25A3,0.33314273,0.03307879,-0.9583223,0.6594714,-0.10672201,-0.40074816,0.026215414,0.27078897,0.21602371,0.30936977,-0.28172228,-0.3700238,-0.35881844,0.11649896,0.48604304
protein|ITGA5,-0.82916546,-0.22521539,-0.064606,-0.10787366,0.17052034,0.106313415,0.16176075,0.009166358,-0.71008,-0.14713866,-0.06363557,0.44081172,-0.21848114,0.28798237,-0.50407493
protein|HSPD1,0.61455834,0.4382027,-0.8678114,0.42039675,0.2829278,-0.3185994,-0.03776989,0.23657371,0.30524018,0.10808608,-0.35774168,0.114864744,-0.45017216,0.33609498,0.38930336
protein|COX6B1,0.1284347,-0.34812272,0.18347558,0.46541613,0.5833372,0.15952341,0.19137155,0.4481282,0.16293946,-0.35042343,-0.931406,-0.113689266,-0.52123946,-0.034905605,-0.31893045
protein|PCNA,0.4881966,0.34015274,-0.56934136,-0.6595478,0.4180899,-0.10150104,0.026937338,-0.6495255,0.30770627,0.15436827,-0.06768302,0.51945984,-0.1145174,-0.038228083,0.1506673
protein|AKAP12,-0.13720979,-0.35590369,-0.15960464,0.1599143,-0.3591939,0.47051078,0.18602857,0.25950962,-0.21932451,-0.28793558,-0.064818904,-0.08704718,0.35811055,0.42523536,-0.06285904
protein|SPNS1,0.13939844,-0.23892842,-0.23535076,0.23935926,0.18786289,0.085894726,0.4465527,-0.16532832,-0.07027135,-0.12842281,-0.044397566,-0.148132,0.13790126,-0.03887355,-0.00833537
protein|STRBP,0.5171762,-0.035515055,-0.11448648,0.034666076,0.5832305,-0.12081903,0.48890275,0.16572021,0.4501211,0.10296969,-0.2426765,-0.14058374,0.29137844,-0.23803079,-0.16399868
protein|SLC2A3,-0.26690775,-0.15632915,0.37822285,0.033194028,-0.12301693,0.04416032,0.010125543,-0.5495431,-0.53521204,-0.07886714,0.39175215,0.05755205,-0.0747362,-0.14553532,-0.18116641
protein|TM9SF3,0.040902928,0.3022542,-0.7654268,0.31705245,-0.256449,-0.36108834,-0.11146097,-0.03129986,-0.13277794,0.23009717,0.09228262,-0.26004547,-0.399028,0.00048570594,0.4336243
protein|HABP2,-0.26974708,0.09356441,-0.18071632,0.27844405,-0.16963217,-0.24189043,-0.6621025,0.19481963,0.020872178,0.07143445,0.2032406,-0.0065239607,-0.5469313,-0.4639627,-0.0083903875
protein|GLUL,-0.45354235,-0.067004144,-0.009431635,-0.17765783,0.22866793,0.017443346,-0.1598737,-0.19561736,-0.22451553,-0.1161995,-0.27980042,0.16744691,-0.5081467,0.28058094,-0.27704015
protein|HIP1R,0.3194034,-0.10506503,-0.4552231,0.36674857,-0.03575949,-0.16115023,0.29789537,-0.21699268,-0.17324841,0.24965592,-0.045728274,-0.28175923,0.030007578,-0.2019656,0.032002237
protein|PFKM,0.23843843,0.3599978,-0.28249758,-0.030957708,0.08272318,-0.14436716,0.11605965,-0.15640624,0.22732641,0.51243883,0.009040118,0.086024866,0.20625482,0.09690945,0.35842746
protein|CKAP4,-0.28591385,0.25848824,-0.40778866,-0.20599365,-0.31539384,0.2599502,0.10209382,0.24768367,-0.30056202,0.03697583,-0.24361777,-0.29641476,-0.35981196,0.6656893,0.46131167
protein|AMBP,-0.4557965,0.23926735,0.23269668,-0.12105755,-0.1594112,0.325849,0.16855931,0.42436785,-0.6385975,0.088870086,0.33553955,0.08035637,0.19018954,0.46794903,-0.36068404
protein|PWP2,0.20210814,0.5402244,-0.5719167,0.12108256,0.11502672,-0.49617857,0.26266885,-0.46151367,-0.37986594,0.1722286,0.21085076,0.26763678,-0.085021116,0.46583512,0.23337273
protein|G3V3G2,-0.1331267,-0.6138453,0.048345357,-0.14046589,-0.0065445304,0.4990177,0.5066943,0.033629827,-0.12180854,-0.36419564,0.15807453,-0.1335167,0.5081495,0.36027193,0.0077465465
protein|CFB,-0.44073623,0.420562,0.10509803,-0.38368496,-0.38333744,0.19308423,-0.08477074,0.21797934,-0.8623072,0.098133996,0.42793694,-0.1316931,0.16284943,0.38669586,-0.06848097
protein|HAO1,0.47345838,0.2850654,-0.23299447,0.44575554,0.49578553,-0.20103782,0.33754814,0.118163235,0.15214698,-0.13544084,-0.4019777,0.13056196,-0.43251047,0.072112024,-0.16563538
protein|GSK3B,-0.157161,-0.2717985,-0.1890547,-0.163293,-0.06623323,0.33805588,0.28651482,-0.084697336,0.044701207,-0.030033331,0.1502,0.0018055205,0.1912936,0.18391317,-0.5363999
protein|CYB5A,-0.16602047,-0.11162047,-0.12637803,0.48334607,0.14718935,0.40100297,0.1059994,0.63260996,-0.34289292,-0.2796202,-0.47570515,-0.32264957,-0.19059901,0.16006802,-0.5872902
protein|MTHFD2,0.20642596,0.3065641,-0.38782492,0.02682998,0.46508366,-0.13312179,0.4102312,-0.696984,-0.17514466,0.0016757663,0.0132131055,0.559336,-0.2044097,0.23116484,0.006342666
protein|MATN2,0.26035815,0.1259373,-0.15832157,0.3190442,-0.22443561,0.19830936,0.09895738,0.12314595,-0.30102235,-0.25366086,0.14893296,-0.40503603,0.42873004,0.20990546,0.18532626
protein|ARRB1,-0.28758058,-0.20705757,0.03308324,0.119035706,-0.5082358,-0.2411968,-0.5365743,-0.26575887,-0.032184526,-0.38344026,0.21472982,-0.084993735,-0.46972734,-0.16003199,0.13372903
protein|ITIH2,-0.60565054,0.1651138,0.14506982,-0.22498024,-0.310895,0.2428662,0.0021434147,0.19655757,-0.534909,0.200751,0.6556537,0.32357106,0.10218925,0.5402401,-0.39948508
protein|ACBD5,-0.48762438,-0.40217438,-0.14860515,0.5415413,0.36888018,0.16040033,0.3685179,0.51478994,-0.24515174,-0.29293203,-0.22149391,0.086589165,-0.34620702,0.49204355,-0.34558892
protein|FYCO1,-0.0076311505,-0.09674402,-0.045451008,0.1155122,0.21529947,-0.25662604,-0.068251766,-0.34602076,-0.5750483,0.13712022,-0.15671666,-0.35294533,-0.2695551,-0.0860543,0.069407746
protein|BCL10,0.41922134,0.14039055,-0.029793909,-0.041731063,0.3798537,-0.29324043,0.21145162,-0.49976915,0.009322685,-0.10058763,-0.06814806,-0.011029286,-0.14624648,-0.05068131,-0.31677783
protein|SLC25A19,0.44142202,0.2794328,-0.7731592,0.08885901,0.42595065,-0.21990995,0.023234967,-0.2493894,-0.049465653,0.02987914,-0.25531995,0.19299349,-0.3426984,0.02931556,0.12322329
protein|LCK,-0.21244119,-0.64187706,-0.23855285,0.6122735,-0.25733152,-0.40470472,-0.10264073,-0.026736464,-0.07097962,0.23310347,0.405124,-0.65448684,0.02685253,-0.50470567,-0.022237258
protein|EVI2B,-0.26846468,-0.2923389,0.49970052,0.44424054,0.12235304,-0.12423554,-0.20799983,0.16939144,-0.16728255,-0.44004595,0.18883027,0.162268,-0.027145766,-0.28973207,-0.11701638
protein|BST2,-0.23223746,-0.43075055,-0.100658454,-0.009448142,0.15265258,0.27692088,0.41781878,0.15127623,-0.00807922,-0.083596796,-0.028239766,0.0056234035,0.20404986,0.19046699,-0.35711703
protein|LIMD2,0.35647383,-0.4580357,-0.15707752,-0.39755777,0.15025926,0.30714008,0.1551813,-0.21422276,-0.00079289917,-0.34955227,0.09606771,-0.14329937,0.22963619,-0.67231727,-0.1869873
protein|COX7A2,0.22613862,0.17045222,0.005577143,0.88342595,0.19507627,-0.52447665,-0.091118425,0.36042738,-0.23998244,0.07179651,-0.29868847,-0.21155807,-0.50622755,-0.094792746,0.027996786
protein|STAMBP,0.053190213,-0.03414446,0.17480904,0.40600434,0.12551165,-0.35686946,0.27912122,-0.08506386,-0.26769423,0.13588025,0.27201125,0.415603,0.25560948,-0.14722373,-0.19890878
protein|LACTB2,0.09797941,0.047377277,-0.093556404,0.43058252,0.31443712,-0.46926886,0.2542126,-0.11608207,-0.07203921,-0.16843638,-0.31815034,-0.2554724,-0.4706544,0.12272643,0.18289702
protein|NUTF2,0.4840805,0.3599864,0.7913849,-0.23654023,0.24521813,-0.19022453,-0.21241534,0.024604574,0.50793326,0.03816228,-0.1948195,0.15853663,-0.106360234,-0.31133777,-0.14022824
protein|CYB5B,0.12793848,-0.06676389,0.013715636,-0.03697285,0.4144723,0.08560981,0.6704113,0.076429665,-0.21085714,-0.055702977,-0.44051924,-0.05189976,-0.09431742,0.20322262,-0.3491806
protein|GRN,-0.3920246,-0.35733628,0.13383868,-0.01633729,0.39000198,0.2988313,-0.07131255,-0.20961414,-0.12737149,-0.44753504,-0.17335273,0.57101536,-0.28860334,0.017256996,-0.37930837
protein|POU2AF1,0.7017343,0.4418738,-0.1662271,-0.4986806,0.3755591,0.052871957,0.025926089,-0.05007499,0.21267053,0.072287224,-0.018460046,0.32326424,0.17596677,-0.010719081,0.21171974
protein|FERMT2,-0.11199412,0.06768106,-0.5051637,0.09927426,-0.87206364,-0.016140182,-0.28019136,0.25165775,-0.35102984,0.10957051,0.1708484,-0.4572925,0.11301584,0.40641785,0.19432695
protein|NIP7,0.14868252,0.093246825,-0.8904074,-0.31880915,0.1365868,-0.143269,0.38623124,-0.5921999,0.27128667,0.13414891,-0.12485302,0.08747958,-0.15539433,0.37010238,0.30957687
protein|ALDH7A1,0.113854416,0.090280466,-0.3713506,0.3827938,-0.23180686,0.21902007,-0.029733432,0.6140177,-0.54732984,-0.55119056,-0.6307112,-0.259629,-0.12940237,0.18073878,0.29207516
protein|NDUFA11,0.25332886,0.32868075,-0.3741963,0.81883544,0.06589514,-0.50259644,-0.054036587,0.22555563,-0.1897063,0.10806206,0.05082964,-0.09059407,-0.68488,0.075626254,0.2841317
protein|BCCIP,0.39050916,0.17820613,-0.18556225,-0.20217094,0.08137232,-0.22827733,0.29212728,-0.35226232,0.37358716,-0.054512795,0.09837544,-0.001665282,-0.08351888,0.23580061,0.24205896
protein|MTMR1,0.28920326,-0.44715866,-0.14316837,0.23847339,0.46664837,0.028304955,0.35801524,-0.49434534,-0.013766326,-0.17885919,0.20461592,-0.21274894,0.09772106,-0.24182314,-0.055041187
protein|WRNIP1,0.26388708,-0.44747514,0.11758022,0.028741349,0.5951189,0.13789266,0.43845338,-0.37307057,-0.002175684,-0.14552589,-0.059850775,0.12297179,0.08990155,0.00037210918,-0.38236567
protein|FAM195B,0.002673912,-0.31710157,0.19937827,-0.065267794,0.33407858,0.3848316,0.37137368,0.1413358,-0.22613971,-0.34625334,-0.094281904,0.35085103,0.3796224,0.12267781,-0.44201937
protein|HSPE1,0.5866352,0.1898776,-0.18418428,0.08497487,0.66447526,0.22851403,0.10309412,0.3472403,0.5363099,-0.3206032,-0.7706824,0.5427978,-0.33481866,0.20440906,-0.2786843
protein|GIMAP1-GIMAP5,-0.6037587,-0.8900278,0.32998794,0.44810998,-0.4384821,-0.053308684,-0.25973636,-0.32665125,0.12493223,-0.4878651,0.09649737,-0.4300913,-0.44834653,-0.08041429,-0.03315078
protein|SNCA,-0.15006775,0.3165305,0.34396058,-0.07932673,-0.0040477794,-0.2640949,0.1408736,0.36388057,-0.33642566,-0.027674727,0.27223712,0.3009104,0.35458335,0.56614554,-0.29786786
protein|HACD2,0.19465524,-0.48638275,-0.5173973,0.1659565,0.37117568,-0.048429076,0.41706842,-0.40063024,-0.012972877,0.23307039,-0.037499625,-0.38185796,0.12680261,-0.17944346,0.13680363
protein|BROX,0.26368502,0.4163711,-0.058675088,0.6902577,0.03049724,-0.39264917,-0.1372357,0.63443255,0.015490489,0.041780192,-0.08443604,-0.23888254,-0.04490404,-0.012775623,0.36972886
protein|KEAP1,0.3998949,-0.17618258,-0.22466226,-0.17501855,0.25453317,-0.015553201,-0.08422571,-0.44787976,0.36776933,0.01054925,-0.25050113,-0.11611179,-0.0449568,-0.095097944,0.26687232
protein|BLVRB,-0.4868518,0.11145502,0.6214258,0.23349683,-0.2459773,-0.11975879,0.10523608,0.2590297,-0.3537325,-0.066738814,0.5281257,0.3278224,0.34473187,0.646818,-0.23835148
protein|PHB2,0.5733372,0.21669675,-1.0264289,0.66101086,-0.064446464,-0.34886032,0.037090093,0.32589048,0.045320537,0.23538755,-0.22376823,-0.16980933,-0.28204516,0.07020615,0.44640097
protein|F11R,0.094561316,-0.3214257,0.024479479,0.16515489,0.0662318,0.11881202,0.2937617,0.12863375,-0.4316513,-0.20333004,-0.096345656,-0.059467606,0.008943958,0.029227586,-0.45484376
protein|LMO7,-0.02160706,-0.14532626,-0.21315408,0.035874173,0.42403355,0.1959048,0.27653557,0.16646154,-0.18285637,0.08125374,-0.13249406,-0.035523206,0.33142698,0.09744376,-0.3890877
protein|EXOC6,-0.016200528,0.34023055,-0.22669813,0.25199503,-0.027511835,-0.14616992,0.121808134,-0.21099041,-0.038907748,0.18263471,0.1686944,-0.06556272,-0.065537505,0.14053756,0.08818748
protein|BID,-0.09617578,-0.12573722,-0.080573924,-0.17432408,0.18708807,0.2785362,0.010584326,-0.5552998,-0.20702904,-0.084698565,-0.26301572,0.38825217,-0.20864898,-0.10319175,-0.47186077
protein|PRKAA1,0.107522525,0.20943584,-0.60164356,0.19588444,-0.3249171,0.038461555,-0.12186119,0.024853664,-0.21947855,0.0021281054,-0.03532607,-0.083822235,-0.11770827,-0.05794352,0.09648024
protein|HPCAL1,-0.085578054,-0.37189916,0.35500172,0.46809328,0.120476864,-0.1911029,0.33060548,-0.3173425,-0.20293675,-0.42657572,-0.2632295,-0.46999922,-0.17108795,0.08175793,0.054674506
protein|EDF1,0.23485555,-0.34783566,0.31065598,-0.29305783,0.5935842,0.56528306,0.14942941,0.007805107,0.5474314,-0.58765435,-0.50370944,0.33007088,-0.05848899,-0.11765934,-0.28706804
protein|SVIP,0.09041627,-0.0036839864,0.5376315,0.12780464,0.17880015,0.0021190213,0.1498158,0.3096365,-0.50012076,0.085060254,-0.16035214,-0.050464544,0.3368785,-0.113179,-0.5082473
protein|ARHGAP18,-0.43880996,-0.5597826,-0.0017399701,0.076348044,-0.18348448,0.2312667,-0.037264466,0.2060758,0.13437368,-0.22355102,-0.35526484,-0.18586929,-0.34061816,0.09097502,-0.19499345
protein|VRK1,0.3273468,-0.05949959,-0.030245695,-0.54069775,0.26199114,-0.01536408,0.3953231,-0.3592472,0.42737794,0.029912207,-0.29737473,0.4094682,0.21001871,-0.1694387,-0.025304224
protein|QTRT1,-0.13316767,-0.2057077,-0.28634584,-0.15145855,-0.02411746,0.3257833,0.3177381,-0.14727496,-0.20034239,-0.15180665,-0.12540638,0.005418179,0.12139734,0.20423253,-0.13870512
protein|PTRF,-0.19303043,-0.087128915,-0.6098924,0.052434728,-0.6926788,0.25650734,0.2896627,0.030246072,-0.43860447,0.06348497,0.09974516,-0.4085673,0.0908654,0.4108277,0.14325681
protein|NFX1,-0.15798068,0.104146995,0.4216027,0.18533829,0.15246975,-0.13835144,0.3584767,-0.11958233,-0.42645395,0.15816744,0.45259744,0.12939724,0.10820159,0.16159637,-0.30849677
protein|STK38L,0.29095525,0.60372967,-0.015733885,-0.11992477,0.013490066,-0.19947897,-0.33761373,-0.46068186,0.15989952,0.19182505,0.048586205,-0.10541004,-0.48092738,-0.17431031,0.30188602
protein|PAPSS2,0.07922805,0.43481517,-0.40582594,0.109790154,-0.12599173,0.009769432,-0.40074024,0.033829797,-0.7330948,-0.1633199,-0.2884567,-0.3759183,-0.41900006,-0.0042187455,0.26954395
protein|PRDX4,-0.12594046,0.18605264,-0.50197273,0.48400238,-0.07589668,-0.085007854,0.16936383,0.07725099,0.04309296,0.14793149,-0.091433674,-0.23408201,-0.45464584,0.58012307,0.4686802
protein|TRIP10,-0.20742287,-0.35836482,-0.08705086,-0.35576943,-0.14475036,0.41630805,0.22131386,0.10530455,-0.13237742,-0.09764224,-0.026206689,-0.015334125,0.17304523,0.25188565,-0.44484606
protein|CD274,-0.39294878,0.009392691,0.061731767,-0.043166406,0.05734862,-0.5210677,-0.4369037,-0.31201658,-0.08741078,-0.13405126,0.11762463,0.08426625,-0.6018581,-0.021577425,0.02894021
protein|MME,0.17405091,0.19270188,-0.46367022,0.03278145,-0.19947019,0.10641856,-0.23922196,0.067835264,-0.01830585,-0.032530777,-0.10427698,0.048109077,-0.26672053,-0.110443756,0.10265026
protein|HK3,-0.95469517,-0.24927938,0.16909112,0.2683357,0.0010068666,-0.24701338,-0.22221524,-0.34730116,-0.53539777,-0.11861256,0.28453487,0.25071415,-0.56549877,0.13632005,-0.114137866
protein|LXN,-0.12670802,0.19052136,-0.04291706,-0.16218294,-0.4302394,0.14364539,-0.22943537,0.17947844,-0.4312161,-0.07086436,0.22992781,-0.60285646,-0.07242131,0.10072279,-0.1735486
protein|HEBP1,-0.44503087,-0.33603874,0.31613204,0.05736755,-0.06501324,0.18521008,-0.18091744,0.19518568,-0.4942637,-0.6082805,-0.083702646,-0.041824147,-0.031866807,0.07672819,-0.2150942
protein|ISYNA1,0.28629303,-0.1648316,-0.01793086,0.12746057,-0.12796119,-0.2235729,-0.13123937,0.03842492,-0.09802813,-0.17605187,0.19114627,0.02333762,0.11996066,-0.08348469,0.41082597
protein|LIMK1,-0.20320822,-0.33271343,-0.1257265,0.18161455,0.15504164,0.10745512,0.18807931,-0.52567834,-0.50608236,-0.06313669,0.5413248,0.44640929,0.039065894,-0.04209765,-0.10211968
protein|KIAA0020,0.32124624,0.38273728,-0.32040626,-0.21753024,0.16895832,-0.08839574,0.18220112,-0.39809453,0.08511259,-0.012293233,0.04878349,0.5747222,0.20709796,0.1910623,-0.018407587
protein|H2AFY2,-0.10608499,-0.09124739,-0.100117125,-0.14051649,-0.16895288,0.2733691,-0.13148014,-0.1311763,-0.7493156,-0.19582872,0.010160278,-0.60104567,0.04777035,-0.34052128,-0.070181444
protein|HSD17B11,0.18506348,0.2720843,-0.10409099,0.64626306,-0.1057276,-0.37550396,-0.03182095,0.23738822,-0.1708905,0.026702682,-0.054107923,-0.34357446,-0.40787652,0.21489255,0.36823016
protein|VPS26B,-0.52800524,-0.37270877,-0.45211825,0.29232395,-0.7851744,0.25545025,-0.11207497,0.04557184,-0.22629651,-0.013586298,0.21026939,-0.33779284,0.026710639,0.105415426,0.25417235
protein|MYH10,0.06311576,0.1453922,-0.31067187,0.22613002,-0.35734725,0.39260256,0.22552094,0.2849158,-0.3827242,0.0972285,-0.0659263,-0.6208966,0.16599245,0.44554433,0.0055713616
protein|EMILIN1,-0.542578,-0.41707453,-0.187653,-0.09864219,-0.060127907,0.6376843,0.014817776,0.24033467,-0.5253673,-0.3469316,0.21578301,-0.03396395,0.045243915,0.41192654,-0.5010598
protein|RAB3D,-0.1511375,0.33607534,0.17847168,0.3299429,-0.18870717,-0.46133178,0.0015528362,-0.15701738,-0.5750112,0.2718427,-0.010870364,0.05207827,-0.092090175,0.043619934,0.062038977
protein|ME1,-0.3593434,-0.116237946,0.16017532,0.4372855,-0.31049085,-0.37507752,-0.28495926,-0.15068457,-0.043258302,0.32297567,0.10549796,-0.29644427,-0.31407833,-0.16614182,0.18658344
protein|MFF,0.09217178,-0.28009543,-0.31812453,0.18554583,0.227687,0.10642488,0.5483015,0.11826004,-0.1156816,-0.06570618,0.22491126,0.09358087,0.03199461,0.3934631,-0.2729372
protein|ITGAM,-0.5557365,0.13902779,0.35848555,-0.07581916,0.12827225,-0.02602502,0.07232476,-0.15930536,-0.97537744,-0.07151146,0.3525293,0.23702726,-0.033854563,0.090804696,-0.42032662
protein|ATP5J,0.067768775,-0.2016629,-0.231199,0.44259074,0.34744883,0.20785095,0.1842084,0.58531964,-0.0078627635,-0.1975238,-0.7549844,-0.1674281,-0.22297093,0.26862988,-0.027053753
protein|EPT1,0.27688995,0.49194428,-0.4857809,0.35689753,0.14195591,-0.13318828,-0.08068657,-0.036774497,0.1546305,0.2302314,0.17074293,-0.17257696,-0.35073823,0.24892709,0.2826992
protein|C1S,-0.490951,0.17349993,-0.024494594,0.0760034,0.036342848,0.3448213,0.03822622,0.24554783,-0.9302669,0.028328685,0.41443026,0.025843963,0.104970224,0.3074753,-0.47551882
protein|TPP1,-0.31374913,-0.56718624,0.61784685,0.047573075,0.39073446,0.1854309,0.3684343,0.11425578,0.2169424,-0.33577704,-0.27575266,-0.2227261,-0.054900415,0.15092103,-0.3464957
protein|HMOX1,-0.09888919,0.062711634,0.17267129,0.25900087,0.0118243145,0.11185732,0.3855679,-0.43078834,-0.20757623,-0.33581406,-0.1288578,-0.028268486,-0.30426675,0.23919709,-0.12280949
protein|IRF8,0.338043,-0.0034780593,-0.04929798,0.042596914,0.21596503,-0.3481649,0.36672574,-0.27436772,-0.17501186,0.2988636,0.36025235,0.23767614,0.40136757,-0.44430175,-0.2776344
protein|PDCD4,0.24579921,-0.3071475,0.60509026,0.025519665,0.007470545,-0.11983888,0.39932308,-0.18419757,0.5198048,-0.08763587,-0.2923729,0.0645405,0.13490835,-0.18874143,-0.031762406
protein|F8W0Q9,0.26329803,-0.37996277,0.04471122,-0.26649946,0.21283889,0.40084547,0.44992495,-0.17857789,0.50908107,-0.36548814,-0.30327773,0.35126662,0.009399015,-0.1528942,-0.14034976
protein|PCBD1,0.20776509,0.1991439,0.3386971,0.5691257,0.39915273,-0.044919312,-0.1268331,0.27753478,-0.20067634,-0.27138108,-0.38433987,-0.063918196,-0.18058065,0.043684654,-0.19386008
protein|Q01196,-0.07659045,-0.024709452,0.30698165,-0.19395708,0.19198461,0.043549072,0.14917195,-0.37505373,0.2657868,-0.057008535,0.2014798,0.084275186,-0.14571582,0.19484304,-0.16693768
protein|GIMAP1,-0.2884763,-0.7252761,0.07801524,0.3582484,-0.44251195,-0.17813648,-0.27045736,-0.20831595,0.15917622,-0.42787763,0.120002426,-0.42230618,-0.23336425,-0.08390293,-0.019918088
protein|MRPL53,0.29340714,-0.044787187,0.14280939,-0.19111273,0.30412623,0.4173265,0.23303984,0.22975387,0.27811828,-0.2091228,-0.9142576,0.12006672,-0.21713679,0.08995621,-0.36557668
protein|GSN,-0.13102847,-0.050568864,-0.28454298,0.16502403,-0.21283281,-0.24404897,-0.48913768,-0.20655829,-0.5912307,0.0057142833,0.27029452,-0.015936967,0.06061107,-0.4469121,-0.052568816
protein|HSD17B12,0.11182819,0.29368111,-0.32262948,0.3607664,-0.0030789552,-0.3103343,-0.017698864,-0.063800626,0.13104942,0.57298714,-0.011180998,-0.48560244,-0.046709973,-0.18978584,0.4445617
protein|CCNK,0.29780197,0.02647913,-0.31467336,0.2363614,0.25202972,-0.43074176,0.44958496,-0.36677685,0.039978918,0.15163158,0.07459144,-0.074363366,-0.14086333,0.30691034,0.16302966
protein|TIMM13,0.47405326,0.17015147,0.1513793,0.14174448,0.44125852,0.2550963,-0.04254672,0.13484375,0.11880187,-0.17966543,-0.4873323,-0.21187387,-0.29573414,0.057817873,-0.27102733
protein|AGK,0.2774662,-0.0022622077,-0.28114402,0.296693,0.06596101,-0.43937743,-0.021508437,0.27391565,0.32142985,0.04762164,-0.43681604,-0.26128808,-0.28051546,0.109144725,0.25854567
protein|SRSF9,0.21147516,-0.3424727,0.15588595,-0.48670676,0.7548422,0.38686654,0.50383157,-0.14462845,0.4278814,-0.24836361,-0.4104419,0.25939748,0.035204142,-0.08671003,-0.39853445
protein|CTSB,-0.9799344,-0.36984318,0.056760155,-0.06588179,0.087633185,0.036939982,-0.3286005,0.055109248,0.16291058,-0.21460125,-0.07908551,0.2729774,-0.65071094,0.23300806,-0.08007567
protein|TLN2,0.2528432,-0.11453745,0.2849305,-0.3610147,0.5009997,0.27383304,0.1503924,-0.15639155,0.56952953,-0.38418737,-0.42266652,0.49939775,-0.1690613,-0.021419974,-0.25283962
protein|CWC15,0.14883831,-0.5283729,0.1442435,-0.39426896,0.26521564,0.5667159,0.28324705,0.17138912,0.25258422,-0.39968994,-0.20212922,0.5267942,0.3458346,-0.052542243,-0.29950142
protein|NPM1,0.4264374,0.024422778,-0.25280872,-0.4134284,0.4496337,0.3726513,0.29690477,-0.24784502,0.5917153,-0.44600728,-0.38116857,0.62969965,-0.069556415,0.18271749,-0.09962837
protein|ACP2,-0.5842166,-0.5408119,-0.3439056,0.04395139,-0.0064133247,0.09472121,-0.050319612,-0.15182832,-0.053658642,-0.45193318,-0.18784176,-0.1235741,-0.58668965,0.15774381,-0.09362276
protein|PFKFB2,-0.05684626,-0.5593976,-0.61936224,0.03733697,-0.1623569,0.14431782,0.3370114,-0.24914394,-0.0815739,-0.39422107,-0.059534878,-0.22870646,-0.0195154,0.077392936,-0.05910392
protein|TOE1,-0.15620476,-0.27117598,-0.29279014,-0.089593425,-0.3050979,0.42686003,-0.039133504,-0.015979357,0.0059526935,0.054651164,0.0915438,-0.01097807,0.28434226,0.12685816,-0.05065694
protein|ATP6V0D1,-0.36826187,0.10093597,-0.42767653,0.38498542,-0.36032838,-0.4750226,-0.3710637,-0.3175462,-0.034482744,0.271363,0.39538202,-0.089028575,-0.591849,-0.066130176,0.38202238
protein|NCF1,-0.23883459,-0.35372165,0.040818263,0.13873914,0.26017255,-0.48751643,-0.029227197,-0.1383933,0.02880017,0.16531728,0.37109956,0.13697876,0.09791335,-0.4936416,-0.2927548
protein|TSTD1,0.15133105,-0.218407,0.3394305,0.42932996,0.5184353,-0.15695478,0.20910352,0.062312536,-0.057083786,-0.25696677,-0.5345077,0.033817988,-0.1122362,-0.16337574,-0.13834366
protein|GAR1,0.3053052,0.02562757,-0.20069101,-0.29570776,0.45786077,-0.270357,0.5032277,-0.4025546,0.2191224,0.039796848,-0.275234,-0.2449459,-0.04102686,0.20751859,0.17289276
protein|CFH,-0.4786648,0.16845575,-0.07846329,-0.30302918,-0.35300133,0.35534388,0.14950264,0.40068305,-0.62762177,0.07369838,0.5003531,-0.054997835,0.18626896,0.6664383,-0.24775663
protein|KAT7,0.032176062,-0.29220024,0.039337017,-0.06800779,0.044277944,0.17403013,0.299048,0.15943901,0.027357288,-0.20969982,0.08566694,0.07981522,0.36524191,0.026819594,-0.054650296
protein|INCENP,0.091632284,0.15510409,-0.23847575,-0.18520756,0.18498892,-0.13486564,0.44910622,-0.17794195,-0.19607683,0.13905296,0.1314317,0.38829464,0.21823637,0.28634596,-0.029079247
protein|DNTTIP2,-0.049108617,-0.28866085,-0.47448415,-0.23663248,0.019963387,0.41270033,0.5318338,0.17942661,0.011515132,-0.33148643,0.08897193,0.26733375,0.27326444,0.48912206,-0.09992771
protein|CECR5,0.3541899,0.17694883,-0.4167523,0.31465766,0.4387235,-0.32566205,0.09904332,0.25411364,-0.109278105,0.15038432,-0.06373386,-0.020167453,0.043400176,0.3179955,0.3621794
protein|FCGR2C,-0.471299,-0.17459324,0.3265793,0.20781144,0.012246933,-0.053326465,0.028013501,-0.07613018,0.08602988,0.03741302,0.08149729,0.106051415,-0.3286341,0.19886756,-0.12792191
protein|HMGB3,0.23207462,0.05450768,0.073652044,-0.4734456,0.51194966,0.18196453,0.20920515,0.10671115,0.4055209,-0.06279123,-0.19029118,0.36963865,0.21465276,0.054154504,-0.08414759
protein|MTCH2,0.4841957,0.49608502,-0.21263534,0.62810034,0.3427121,-0.47102523,-0.03740828,0.2993435,-0.18188915,0.0923122,-0.09992637,-0.095130086,-0.29677793,0.1394755,0.04998059
protein|MYD88,-0.14154817,-0.5335876,-0.2096664,0.23649171,-0.06015115,-0.029109163,0.11767742,-0.2960519,-0.19352503,0.07793088,0.09784824,-0.05670043,-0.026677035,0.04744789,-0.10922888
protein|FOXO1,0.3291188,-0.42924687,-0.007312642,-0.21728018,0.11518803,0.49411494,0.21504878,0.16382094,0.37862197,-0.55006266,-0.14408392,-0.2116524,0.3188151,-0.06345273,-0.044641025
protein|TLE3,-0.156223,-0.53667367,-0.089459606,-0.09869813,-0.22457281,0.1277547,0.41476884,-0.2394064,0.17265618,-0.09522266,0.006496086,0.01371311,0.16856559,0.08314877,0.003987521
protein|A0A2R8Y5V9,-0.01215047,0.13235268,-0.06535095,0.2193885,-0.1499018,0.016967958,-0.066062674,0.045459766,-0.035488427,0.31160924,0.17928992,-0.20472528,0.06733471,0.12822531,0.21052448
protein|VKORC1,-0.29859784,0.0050485446,-0.29407212,0.025972571,-0.41346085,0.14813091,-0.03477227,0.43371534,0.15961842,0.1285188,-0.09523743,-0.48232666,0.005121025,0.21193832,0.16897559
protein|XPO5,0.3148412,-0.041865997,-0.45604864,-0.21454984,-0.23816533,0.20195565,-0.06171863,-0.7470496,0.017467504,0.094752826,0.06602857,0.26118052,-0.049137417,-0.051562853,0.055943288
protein|PLEKHF2,0.42435375,-0.16785136,-0.3598085,-0.14081506,0.461063,0.09505718,0.04696971,-0.047820266,-0.2551507,0.09108762,0.025563655,-0.12177681,0.5127251,-0.5667613,-0.40151998
protein|HMGCL,0.26597548,0.09507742,-0.3100597,0.9707578,0.15107183,-0.17189315,-0.13827932,0.7686812,-0.21738277,-0.23101597,-0.7104025,-0.3109109,-0.41202635,-0.015770774,0.19772074
protein|P06396,-0.42596906,-0.17583509,-0.09261719,-0.14235657,-0.2406719,0.23298152,-0.56178856,-0.009355062,-0.53951097,-0.20448257,0.011545142,-0.13900177,-0.092767395,-0.46696293,-0.11551675
protein|KIF11,0.14784965,-0.06995901,-0.81404334,-0.2317432,0.3097649,-0.108918436,0.23985526,-0.6269595,-0.17541806,0.26535422,0.2086311,0.48688272,-0.039235957,0.15377425,-0.044931445
protein|APOBEC3C,0.2666808,-0.2455375,-0.08550477,0.113744125,0.16426657,-0.19440098,0.10279786,-0.13345733,0.112407155,-0.19138913,0.009956427,-0.32603505,-0.07447188,-0.22131695,0.062289767
protein|NTPCR,0.15831512,-0.02162567,0.22083624,0.032515578,0.33814433,0.09114286,0.21736586,0.011140641,0.13083835,0.020390958,-0.37860572,0.3199702,-0.0026432788,-0.010426732,-0.3128635
protein|CNDP2,0.04390139,-0.21536657,0.17516235,0.5439219,0.14469764,-0.45105845,-0.27136332,0.19932033,0.49121913,0.18908314,-0.12095708,-0.03070065,-0.36203367,-0.18305023,0.11732097
protein|J3KQL8,-0.76153207,-0.57300556,-0.30197105,0.41793367,-0.36394885,0.1024014,-0.34615847,-0.13917932,0.15319408,-0.2342139,-0.00083997176,0.06943368,-0.58578134,0.026609788,-0.09767126
protein|PRAF2,-0.03085444,-0.06370183,-0.14379229,0.0885858,-0.01834634,0.040288866,-0.09819743,-0.08052138,-0.27134123,-0.04957786,0.04721608,-0.47558516,-0.3011542,0.06656127,0.24955353
protein|NR2C2,-0.10721808,-0.18952651,0.004574358,-0.10398914,-0.04349203,0.3760129,0.1557749,0.16438511,-0.19252281,-0.15854782,0.113780834,-0.19107345,0.14807217,0.16385394,-0.12339693
protein|ASCC2,0.1371352,-0.35679173,0.059027243,0.12322133,0.044122487,-0.16544001,0.37702936,-0.3219057,-0.06440835,-0.05723313,0.1507076,-0.02530751,-1.4582605e-05,0.32034415,-0.07418142
protein|TBRG4,0.2905482,0.063415624,-0.7479539,0.12281864,0.18941009,-0.06322863,0.20113629,-0.15718445,0.13146544,0.13283634,-0.5377238,0.18633802,-0.26997906,0.17189506,0.1359384
protein|CD55,-0.08729774,0.0103297755,0.118197404,0.14329094,-0.11148486,0.12174934,0.36685503,0.1509958,-0.16106963,0.05162375,0.09162515,0.012585875,0.27103043,0.10753756,-0.023828467
protein|PCLO,0.06784688,-0.09245362,-0.15800577,0.13403013,0.60413593,-0.050866522,-0.10842272,-0.115283415,0.009726453,0.15391134,-0.04414914,0.22005655,-0.011370835,-0.2962877,-0.26695022
protein|GRPEL1,0.371946,0.23363358,-0.54076004,0.1687892,0.27279088,-0.054303475,0.025484331,-0.37718728,0.09021559,-0.1342177,-0.22969949,0.168579,-0.4056557,0.15906273,0.24100131
protein|MYO1B,0.15017115,0.15884018,-0.48858395,0.24171996,-0.30795616,-0.06641469,-0.037983365,0.27625617,-0.28287402,-0.094334014,-0.062925905,-0.4980267,-0.053882,0.16821823,0.15087552
protein|TOR3A,0.19455436,-0.06790212,-0.66489875,-0.07042368,0.09746721,-0.052256405,0.008329976,-0.5433222,-0.16790068,0.025666283,0.017545601,-0.38064635,-0.330168,-0.015905803,0.12149355
protein|PAPLN,-0.08878273,-0.1807323,0.1912244,0.28643712,0.07344026,0.41921455,0.43196806,0.0045681125,-0.41017503,-0.26880327,0.0008425372,-0.10063029,0.034364197,0.38653228,-0.31217408
protein|MP68,0.118576474,-0.67113054,0.0025202539,0.3240354,0.4603911,0.2792197,0.6144705,0.13987876,0.21732211,-0.24499814,-0.31060717,0.041829057,0.09836992,-0.029698297,-0.23374382
protein|ASF1A,0.116365485,-0.33029303,-0.6502381,-0.26895005,-0.12410526,-0.002571169,0.124383956,-0.65925145,0.42014557,0.20370495,0.007923827,0.196157,0.12769401,-0.3674288,0.38202795
protein|EXOC3L4,0.1462257,-0.21135361,0.10586368,0.49282393,0.10704259,0.06550073,0.34381935,-0.38817754,-0.15896213,-0.20043227,-0.16794956,0.102415234,-0.12327211,0.037632383,-0.18642063
protein|ICAM1,-0.605418,-0.52220577,-0.0072485222,-0.0076275137,0.35646743,0.30870286,-0.0547986,-0.16613096,-0.46722823,-0.33976045,0.13541573,0.31065395,-0.23731901,-0.100636214,-0.7136221
protein|DDAH1,-0.010407248,-0.04283526,-0.10993584,0.1586632,-0.0076048374,0.21074753,-0.04708939,0.24821673,-0.26387608,-0.1318567,-0.36009398,0.07524822,-0.08779887,-0.0035751173,0.05512244
protein|PTPN6,0.2418454,-0.09380767,0.06219582,0.07803423,-0.25541696,-0.44299388,-0.11227042,-0.54872704,0.13390581,-0.0167259,0.024214504,0.039662994,-0.046953943,-0.5711532,0.066874586
protein|NNMT,-0.3211565,0.30737737,-0.31767505,0.040094115,-0.22387719,0.41743687,-0.11183796,0.30883938,-0.45342258,-0.043860666,-0.4244566,-0.5770899,-0.4328177,0.04035392,0.022455294
protein|ENGASE,-0.041366775,-0.07747131,0.1271865,0.050117712,0.13912877,-0.05650635,0.14856417,-0.025690561,-0.3406123,-0.06836869,0.06690428,-0.30393118,-0.11567453,0.093986996,-0.13658164
protein|ECI2,-0.02930453,0.06359629,0.08605071,0.30218127,-0.034276243,-0.1866294,0.048003204,0.23846081,-0.41161054,-0.07448961,-0.1435731,0.05389405,-0.27312362,0.17442273,0.032319628
protein|CHCHD2,0.112522125,-0.055555884,0.07085287,-0.45477876,0.5564613,0.35648254,0.21144652,0.16324365,0.39689878,-0.12709163,-0.67569566,-0.02239771,-0.21892369,-0.1248242,-0.06763795
protein|RHOF,0.2839528,0.14679427,0.029836604,0.09560959,0.14450952,-0.13358727,0.21244088,-0.3077055,-0.08050387,0.27830547,0.08166248,-0.22631422,0.013626731,-0.40477312,-0.3641581
protein|SRSF3,0.21811303,-0.38885936,0.29111618,-0.26998115,0.6894328,0.3511768,0.40669367,-0.006434004,0.35092095,-0.31790224,-0.33814797,0.51170206,0.07971986,-0.19388331,-0.56087875
protein|EEF1D,-0.25434256,-0.3252297,-0.27255636,-0.23263413,-0.0427524,0.5481656,0.2821819,-0.03120201,-0.19103327,0.113301516,-0.13505562,0.10149826,0.19951075,0.11975189,-0.3417131
protein|LAMC1,-0.38677847,-0.40246212,-0.44673765,-0.20466541,-0.45191768,0.51398414,0.2228525,0.017790508,-0.38677356,-0.34443638,0.28235796,-0.28662688,0.24549505,0.5715128,-0.06749573
protein|PDLIM4,0.045125384,-0.017672844,0.24686967,0.060580976,0.2402183,0.13418207,-0.19306092,0.08138754,-0.81557256,-0.12544167,-0.251484,-0.28932187,0.12413535,-0.08395143,-0.246014
protein|MYOF,-0.91064197,-0.24229935,-0.24476692,0.21563613,-0.17598842,-0.10040027,-0.40994465,-0.049599864,-0.39451668,0.0047067534,0.4550617,-0.1048202,-0.5694875,0.14282835,0.06069883
protein|BTF3,0.3883653,0.14318927,0.21886858,-0.5700726,0.5664492,0.26689336,0.21054897,-0.3277299,0.6613707,-0.28473353,-0.49691626,0.47253227,-0.08272386,-0.21984826,-0.21484059
protein|MNT,-0.23128213,-0.11012484,0.117692515,0.06410299,0.20470826,0.21165814,0.28296196,-0.17250483,-0.28142148,-0.09687259,0.26954478,-0.049259916,-0.0017572653,0.19687721,0.045575287
protein|LANCL2,-0.018819798,-0.024290033,-0.266947,0.044872016,-0.11478762,-0.13376698,0.24362154,-0.27114874,0.01639489,0.25276226,-0.06602459,-0.4344364,0.0067765187,0.10187809,0.026207339
protein|PHRF1,-0.003438259,-0.50559723,0.012011728,-0.15781292,0.23639894,0.23834826,0.18072431,-0.11400055,0.08243912,-0.2159329,-0.39972317,-0.09415078,0.0891787,-0.029509647,-0.31389353
protein|HMGB2,0.20216319,-0.42029935,0.475804,-0.54312927,0.44656813,0.2564355,0.07948811,0.14537518,0.51186603,-0.32865837,-0.09957244,0.10379331,0.38208485,-0.29184714,0.03307997
protein|METTL21A,0.33690795,0.09074873,0.29259443,0.09404229,0.48235384,-0.060638137,-0.24893554,-0.033825126,-0.012067214,0.34595823,-0.13951991,0.04283426,-0.044136636,-0.23384532,0.044061847
protein|LTA4H,-0.37156722,-0.0347531,-0.12819636,0.19014531,-0.10560424,-0.45306224,-0.5432344,-0.08616978,0.1113946,0.17706123,0.18518372,-0.15242985,-0.5586197,-0.58116055,0.20170434
protein|SLIRP,0.22767134,0.05199955,-0.14518277,-0.0846348,0.54707956,0.22010495,0.3991643,0.13945708,0.26982126,-0.25378448,-0.870015,0.60696673,-0.2664254,0.26097408,-0.43380043
protein|FABP5,-0.087138295,-0.29116917,0.12800246,-0.3435531,0.016274886,-0.03575697,-0.00044718603,-0.59976476,0.6098777,-0.37620634,-0.33235493,0.2891737,-0.30886436,-0.0008997702,0.21802421
protein|RPLP2,0.23861994,0.18521453,0.6684966,-0.495813,0.53081155,0.19306308,0.11742276,-0.043983486,0.7148586,-0.40732095,-0.72824043,0.30681804,-0.1562924,0.020396763,-0.24027975
protein|ITGA1,-0.029066063,-0.10543878,0.07119117,0.43751708,-0.09893766,0.30950028,0.10074069,0.5316798,-0.4238878,-0.3949983,-0.1040374,-0.377678,0.105619594,0.4908794,0.07435564
protein|MANF,-0.07312861,0.37825748,0.16447654,-0.06975458,0.057389636,-0.0867088,-0.021403978,-0.13883348,0.47468027,-0.19270195,-0.3808716,-0.3279726,-0.6309415,0.30369842,0.5447826
protein|RAB32,-0.29892746,0.025114587,-0.30468568,0.4355673,-0.45116135,-0.2719776,-0.54717773,-0.22819819,-0.33559996,-0.050082278,0.2000981,-0.23935747,-0.6368692,-0.1661422,0.26404145
protein|MCM6,0.41331646,0.15118548,-0.87612176,-0.43275833,0.2796647,-0.11294141,0.29709497,-0.7533636,0.10278793,0.3370905,-0.0034963866,0.43780866,-0.037255265,0.04189628,0.22382955
protein|MSI2,0.25647956,0.0037276584,0.25072157,-0.04154785,0.3924817,-0.15150414,0.28657946,0.14888483,0.2991913,0.09055013,-0.3872423,-0.076936424,0.12784053,-0.14803675,0.17473944
protein|SEC11A,0.0040006996,0.033784177,-0.20059118,0.45122406,0.22361502,-0.58282745,0.38760912,-0.5365818,-0.19510499,0.14360501,-0.022132456,-0.74848706,-0.4514945,0.16075742,0.45919564
protein|VWA1,-0.13576037,-0.34290114,0.07571525,-0.1411523,0.02771773,0.57104355,0.1741525,-0.22896892,-0.35011277,-0.52913135,0.23233421,-0.20451768,0.15057568,0.23021661,-0.29087728
protein|LDAH,0.36122605,0.18236528,-0.45038784,0.4784072,0.442933,-0.54119176,0.3663293,-0.55511,-0.1583398,0.40765947,0.04626586,-0.24382338,-0.12564452,-0.09508606,0.15930983
protein|CWC22,-0.044573326,-0.46574935,-0.8120426,-0.3156505,-0.031669997,0.14561579,0.5741647,-0.6082873,0.028248219,0.17126268,-0.20182818,-0.28378394,0.064615294,0.086747326,0.13784344
protein|NOC2L,0.34115845,0.29415312,-0.87245053,0.061648622,0.11960071,-0.1800503,0.28064385,-0.44981417,0.058210727,0.029754477,-0.11383789,0.16564794,-0.26741794,0.36671332,0.36870828
protein|MRTO4,0.1790483,0.06375791,-0.42776585,-0.37584186,0.36022905,-0.10906145,0.5588946,-0.5860102,0.107453614,0.06381513,-0.09924906,0.14656194,0.13506278,0.27859345,0.1755511
protein|UBE2O,-0.0834549,-0.36459875,0.10651437,-0.032805353,0.14681058,0.12655349,0.40129668,-0.11811483,-0.023842799,-0.10365811,0.072588176,0.11796384,0.365342,0.10149515,0.0044862996
protein|NSA2,0.05709942,0.05800018,-0.7600234,-0.18354557,0.06013391,0.07715728,0.33766535,-0.3818852,0.21143718,0.08798825,-0.12430715,0.18707654,-0.21517003,0.30382976,0.117190264
protein|ADK,0.41196713,0.12650067,0.009472752,0.15680982,-0.08982166,-0.11833663,-0.10063791,-0.12811944,0.15534519,0.17921948,-0.09145787,-0.37608445,0.07843084,-0.030324627,0.4009842
protein|AIFM1,0.5478456,0.23958848,-0.6264105,0.62960666,0.14680618,0.014173115,-0.15548874,0.60563195,0.14397155,0.058406834,-0.6512538,-0.18470728,-0.35827425,0.07987202,0.18326683
protein|ARHGDIB,0.39628106,-0.07041274,0.64749414,-0.12917817,0.04144241,0.037634302,-0.38976043,-0.10709699,0.39011198,-0.13733043,-0.04633742,-0.27863964,0.1927269,-0.88803774,0.106120825
protein|AKAP8,0.05470652,-0.4399393,-0.24240524,-0.4921337,0.2440162,0.4351955,0.40244523,-0.17341791,0.35716298,-0.28702396,-0.43721932,0.18741488,0.17651586,0.22308348,-0.34003353
protein|ALOX5,-0.277413,-0.0794765,-0.06368567,0.13606118,-0.05287798,-0.36773062,0.019845515,-0.033622365,-0.48927462,0.22131132,0.17760162,-0.4304886,0.11506688,-0.1296901,0.14938174
protein|LAMA4,-0.42983612,-0.07497513,-0.50561124,-0.19284031,-0.2570188,0.40278426,0.021203514,0.006028826,-0.41313687,-0.19018072,0.37035194,-0.24937049,0.08187541,0.48275214,-0.07035919
protein|STAT1,-0.6214759,-0.5521512,-0.05048796,0.50513107,-0.30811098,-0.44931895,-0.643106,-0.4023643,0.21753712,-0.074114695,0.23874348,-0.04193913,-0.7115345,-0.39517096,0.07801773
protein|IRF5,0.122211605,0.07290863,0.07427898,0.063095465,0.37021866,-0.5847048,0.10551079,-0.5967147,-0.3637094,0.16811632,0.28279665,-0.01017288,0.006092011,-0.25277132,-0.30924532
protein|PPAN-P2RY11,0.12589554,-0.10980986,-0.87655336,-0.21886843,0.004035259,0.28576773,0.47904545,-0.38080665,0.03941771,-0.0131888725,-0.11361987,0.41865122,0.15813178,0.3319637,-0.0008319065
protein|MRPS34,0.23873028,0.19969945,-0.17741165,0.28540793,0.38957822,-0.29454923,0.4005386,-0.04591819,-0.122963116,-0.091817945,-0.3810072,-0.09251815,-0.25930464,0.3504475,0.032833602
protein|NOSIP,0.15104207,-0.40569803,0.037746303,0.021357946,0.49041468,0.35975084,0.42551044,-0.039107684,0.092709824,-0.3120861,-0.27742943,0.42988726,0.12695503,0.2276418,-0.31494784
protein|PRKCA,-0.011897935,-0.24674048,-0.1304035,0.07515652,-0.00042813557,0.2810151,0.036946718,-0.054645933,-0.43590382,-0.18839207,0.21478479,-0.2604169,-0.161463,-0.14582689,0.07874477
protein|POLA2,0.28664902,0.076167904,-0.46433902,-0.28115845,0.3917232,0.10188529,-0.064395584,-0.43557438,0.1228718,-0.046926588,0.075359546,0.026972713,-0.08511084,0.071423,0.25341085
protein|SLC15A3,-0.35122716,-0.32209906,0.049541038,0.30224863,0.052662373,-0.36141753,0.19456905,-0.21174677,-0.121370696,-0.07574581,0.27793682,0.011140977,-0.33762223,0.22842243,-0.09039758
protein|DDX60,-0.14355575,-0.22902758,0.2593981,0.2265479,-0.040833008,-0.30258197,0.02483232,-0.36621392,-0.13616711,0.15031677,0.07003022,-0.12824807,-0.3199644,-0.019726297,-0.078302175
protein|SORD,0.2605059,0.29924354,0.033406276,0.565795,0.21582235,-0.2717297,0.112649396,0.14396779,-0.17873108,0.35113657,-0.080282584,0.11153519,-0.23827359,0.32883963,-0.17607273
protein|VIM,-0.25516048,-0.32479152,-0.5824412,0.15378264,-0.94018614,0.020938296,-0.2886588,-0.1716208,-0.37833387,-0.3825688,0.043219987,-0.3419951,-0.3141963,-0.049287464,0.1714788
protein|HDHD1,0.18410508,-0.018698115,0.21545544,-0.20526136,0.0684783,0.19803394,0.2335877,-0.14914893,0.23880488,0.049547434,-0.4442914,-0.39038962,-0.029657416,-0.14902757,-0.14430238
protein|LRPPRC,0.45685762,0.3270513,-0.91965806,0.19203319,0.26744822,-0.3305566,0.15168889,-0.12637141,0.111670926,0.23105554,-0.36021397,0.12591577,-0.33637387,0.33641493,0.47935918
protein|GBP4,-0.42087287,-0.18353578,0.22227496,0.3370488,-0.35508493,-0.5667093,-0.53488547,-0.5258232,0.03743568,0.01638558,0.13266088,-0.27279845,-0.5119924,-0.3666209,0.23024637
protein|PEBP1,0.37968382,-0.085569285,0.6895007,0.14307058,0.29467663,0.0427739,0.05965502,0.6886695,0.6179922,-0.31195217,-0.50359327,-0.04611729,-0.070910566,-0.15099329,-0.16354357
protein|INPP5B,0.36107078,0.29871288,0.12345654,0.21054736,0.15449025,-0.60551095,0.007432434,-0.3158173,-0.44362983,0.33244562,0.48543748,-0.14178431,0.31027627,-0.2357645,0.13704261
protein|LAMB2,-0.11475377,-0.5698591,-0.18972711,0.12665747,-0.4901945,0.3556884,0.33148196,-0.021906566,-0.45769268,-0.38536757,0.098393545,-0.4332331,0.47597072,0.36301553,-0.008648186
protein|TJP2,0.055778556,-0.4708115,-0.18980283,0.25972146,0.3746942,0.28849196,0.28943714,0.3974347,-0.20386298,-0.31629583,-0.10608438,0.10520798,0.09695261,-0.084506184,-0.23304118
protein|IDH3G,0.3712144,0.13645907,-0.64688843,0.55451816,-0.014532873,-0.32078025,-0.07431829,-0.1453433,0.06248577,-0.030588508,-0.12487915,-0.20036548,-0.46704122,0.05683948,0.33935213
protein|RPL7L1,0.25728995,0.25925276,-0.66955376,0.22790967,0.38980177,-0.19875105,0.34509102,-0.62881446,-0.23634885,0.08001611,0.05174705,-0.07581121,-0.38244757,0.37034392,0.29683998
protein|SLC35F6,-0.2772777,-0.6977955,-0.13595435,0.2391604,0.089250706,0.18192515,0.57311535,-0.13535628,-0.29937333,-0.22118044,0.20494777,-0.08976075,0.107178986,0.29444426,-0.37436667
protein|SEC61G,-0.18374544,-0.19825642,0.20998685,0.13101116,0.15880173,0.0075938026,0.32652146,-0.069794185,-0.2752852,-0.04165637,-0.13109921,-0.16877592,-0.009599658,0.30751538,-0.30443865
protein|HERPUD1,-0.065818906,0.07291487,-0.22475451,0.07859459,0.16863172,0.19947007,0.21865764,0.14864595,-0.002214385,-0.23726745,-0.06818796,0.16545163,-0.21111056,0.25745767,-0.05762504
protein|TUBB3,0.049080357,0.037741866,-0.03496369,-0.20608819,0.20818916,-0.119287595,0.08509158,-0.4470273,-0.15423095,0.14572655,0.12590797,-0.31106898,-0.1935792,-0.05924043,0.028210413
protein|IVD,0.3153246,0.04977609,-0.31567544,0.9674384,0.08861249,-0.37846577,0.07217219,0.49616745,-0.06895301,-0.023250278,-0.4300987,-0.34684163,-0.31762904,-0.015777372,0.23621777
protein|LGALS3,-0.5828423,-0.12722625,-0.0021409914,-0.010976619,0.16303077,0.16056375,-0.3668796,-0.04851263,-0.03069139,-0.16003606,-0.4318432,0.18286523,-0.61518353,-0.32840788,-0.14444326
protein|EHMT2,0.00051977945,-0.4942249,-0.034137063,-0.111113295,0.43806666,0.3787791,0.44404715,-0.037834357,-0.021719292,-0.17180572,0.01688576,0.20450447,0.16912374,0.15140031,-0.26574355
protein|NDUFB3,0.18979618,0.22086194,-0.23764513,0.16960335,0.2519573,-0.05912853,-0.15765545,0.3158088,0.2198584,-0.3843012,-0.41328514,-0.067094155,-0.4375353,-0.06730034,0.16828147
protein|RRM1,0.2803352,-0.050777134,-0.6719283,-0.17134137,0.123138234,-0.23952448,0.2108587,-0.5404579,0.14470826,0.26573753,0.11292472,0.23449008,0.22227536,0.092879355,0.2804934
protein|ATP5H,0.49766853,0.21809699,-0.5424878,0.5597815,0.08547974,-0.3420014,-0.09409678,0.3280109,0.11850257,0.08680421,-0.4427316,-0.30556056,-0.3658276,0.08123306,0.526264
protein|BYSL,0.22433707,-0.26696348,-0.5166903,-0.24321903,0.3140734,0.49405557,0.5485494,-0.40122682,0.33212098,-0.25339445,-0.29399115,0.39785743,-0.1508498,0.18162277,-0.27599704
protein|GINS4,-0.13481428,0.036995597,-0.13876668,-0.03098049,0.16891576,-0.21808478,0.2554371,-0.2832226,-0.37720847,0.1277837,0.23111786,0.18240422,0.05084674,0.33973405,-0.05249133
protein|GNG2,0.06766024,-0.36661425,0.18046801,0.024279092,0.3205342,0.27300394,0.45893452,-0.28868943,-0.26143742,-0.16859902,-0.11254855,-0.23242249,0.05042821,-0.1620467,-0.20828232
protein|CREBBP,0.16423503,0.026015295,0.03138715,0.070663564,-0.1995996,-0.043415364,-0.17525367,-0.027546799,-0.0132965045,0.076549605,-0.10456169,0.13399564,0.016957417,0.13032041,-0.015443103
protein|ABCD1,-0.07269287,-0.33120358,-0.5098798,0.6911627,-0.34384134,-0.13810144,0.15546331,0.15121812,0.00454639,-0.10466608,-0.2987463,-0.34556746,-0.5430098,0.37671196,-0.09966199
protein|OGFR,-0.2998479,-0.6962762,0.027954731,-0.17197374,0.22909658,0.4143779,0.46397796,-0.24695067,-0.042492438,-0.44862026,-0.23808108,0.17666948,0.13116851,0.049343906,-0.5067875
protein|PCNP,0.49597287,-0.11566553,0.20512906,-0.36513898,0.10541581,0.4070402,-0.039257225,0.050948527,0.780359,-0.46571806,-0.29940706,0.49668556,0.1692324,-0.13176632,-0.07689431
protein|IGHV3OR16-9,-0.22938666,0.13880287,0.029607002,-0.24246144,0.054152913,-0.10393195,0.053747706,-0.041249856,-0.3895224,0.30323964,0.6010178,0.22182202,0.22696176,0.5308989,-0.0077406685
protein|RNF126,0.07106272,-0.2771307,-0.008699407,-0.189241,0.40494365,0.21474853,0.48146328,0.02722647,0.20378816,-0.12892011,-0.22865951,0.14871636,0.15763324,0.037965182,-0.32392073
protein|DHRS4,0.2656742,0.17233646,-0.49695903,0.8482876,0.13099714,-0.5139372,-0.25223532,0.3401682,-0.17992006,0.09521422,-0.17280586,-0.095689885,-0.5771214,-0.07283537,0.08392625
protein|C9JYN0,0.57267016,0.20653316,-0.20282562,0.26350233,0.4382143,-0.19811338,0.0643716,0.1091096,-0.20568353,0.21494886,0.0028963787,-0.5083974,0.189484,-0.3522747,-0.14296348
protein|AKR1B1,0.06459812,-0.29321286,-0.34042138,0.2503964,-0.32461783,-0.3732322,-0.5127233,-0.3921514,0.2906101,0.17412543,0.22485338,-0.21869658,-0.49731272,-0.51060313,0.30719867
protein|PCYOX1,0.2711328,0.09975576,0.01859778,0.5839099,-0.3940402,-0.32289097,-0.2615692,0.2181526,-0.15539615,0.13726525,0.025785604,-0.7630512,-0.22041276,-0.04414873,0.22126907
protein|SIGLEC10,-0.14255074,-0.16516429,0.3432668,0.0017714933,0.4175314,0.08419144,0.09407216,-0.31495488,-0.17266522,-0.3847902,0.045271296,0.15006165,-0.41341484,0.039558284,-0.23892446
protein|MYH11,0.073104635,0.17672989,-0.19924808,0.18099986,-0.4152712,0.0625149,0.23988149,0.053437177,-0.35033175,0.17699203,0.08568715,-0.75450444,0.039102662,0.21966383,0.017560713
protein|INIP,0.047998484,-0.20956887,0.28590626,-0.19579823,0.28011134,0.2515185,0.23621333,-0.059172288,-0.059897482,-0.14499003,-0.38882875,0.15335123,0.25403294,0.29455242,-0.23776816
protein|ITGB6,-0.23166214,0.08661527,0.14482325,0.025015956,-0.0509772,0.3717633,0.026382398,0.11859857,-0.19365504,-0.5069698,-0.0032593042,-0.21709496,-0.2626812,0.6224583,0.046920747
protein|LARP4,0.09395618,0.03910068,-0.50907165,0.16000995,0.15131064,-0.034197833,0.121962756,-0.51157767,0.1582872,-0.02972555,0.10528157,0.35136104,-0.17914097,0.462118,0.12467197
protein|PDGFRB,0.009923704,-0.20937608,-0.4006916,0.3857938,-0.09983973,0.11812899,-0.11615156,0.358624,-0.50527954,0.065740526,-0.33340797,-0.07769114,-0.015746286,-0.033289522,0.019742833
protein|A1BG,-0.3381298,0.24923599,0.41981956,-0.32045603,-0.0031920145,0.16908406,0.030007677,0.09074783,-0.5612007,-0.048636507,0.3374883,0.4571077,0.04953078,0.34985247,-0.3278829
protein|EP300,0.26929334,0.1299915,-0.030580709,-0.19350345,0.4149932,-0.31188428,0.094218545,-0.5486154,0.3194355,0.14258516,-0.0943679,-0.5110395,-0.19819634,-0.25681582,0.3096218
protein|HPRT1,0.16142261,0.27341357,0.1297479,-0.11652345,0.4284459,-0.14271729,-0.30158338,0.06827396,0.33354583,0.3217387,-0.08304023,0.20906389,-0.046335213,-0.38293293,-0.07440116
protein|YARS2,0.43556994,0.48617077,-0.15399875,0.13586496,0.51448464,-0.23785831,0.071285084,-0.16884175,0.061931763,0.019067092,-0.30797467,-0.18902303,-0.6642157,-0.10278105,0.06421838
protein|TF,-0.37662986,0.39586103,0.08906022,-0.4978344,-0.1160677,0.17030305,-0.18143168,0.29091245,-0.36623675,0.23093279,0.41063532,0.17649664,0.042392075,0.34850237,-0.035580304
protein|MCM4,0.41777578,0.15989354,-0.55167705,-0.51004547,0.51252484,-0.12397171,0.3110879,-0.61053884,0.21480756,0.22426254,-0.13679177,0.6497682,-0.087619156,0.038019165,0.06174206
protein|DLGAP4,-0.040887773,-0.13982287,0.20784871,0.075666994,-0.13252023,-0.3779408,0.16550532,-0.013634548,-0.20879717,-0.08889676,-0.2172158,-0.123131536,0.046023354,-0.14649795,-0.10275776
protein|ZMIZ1,0.10942729,0.36142865,0.022348633,-0.11952219,-0.17915656,-0.41540086,-0.115172334,-0.68434507,-0.14239387,0.37639302,0.25347945,0.14765167,-0.20051427,-0.17259498,0.076980405
protein|MTPN,0.27718404,0.04287278,0.3545422,-0.2834604,0.12335687,-0.08462289,-0.13177238,-0.104502775,0.5052991,-0.039615307,-0.36698022,-0.07620947,0.10888521,-0.55463856,0.01920697
protein|BRI3BP,0.048096497,0.006739529,-0.12415808,-0.31649455,0.43361497,-0.2939665,0.24965663,-0.14292097,-0.15544175,0.2391861,0.18672545,-0.15190975,0.3852891,-0.0159157,0.21903966
protein|VWF,-0.3748584,0.05478182,0.11500972,0.01988398,-0.6291873,0.07700233,0.10033303,0.06284406,-0.3982949,0.011583591,0.5329314,-0.10381564,0.2710299,0.8241423,0.13347985
protein|LSM5,0.51490587,0.36701027,0.5017589,-0.41598135,0.51385146,-0.15688422,-0.12557447,-0.5785805,0.26460308,0.046329286,-0.16599466,-0.29992697,-0.2918113,-0.2639636,0.16240945
protein|AKT2,0.0859679,-0.21891722,-0.38094062,-0.42374945,-0.11334889,0.18396962,-0.07236199,-0.22456168,0.18331434,0.013426574,-0.017011,-0.1446096,0.035774034,-0.36100027,0.031044655
protein|RAB6C,0.15145142,0.586743,-0.056382835,0.22275,-0.1352048,-0.44145846,-0.18412974,-0.014693628,-0.3498248,0.40792328,0.3970193,-0.20659272,-0.16105738,0.10769564,0.20518413
protein|ACSS1,0.02237228,0.058298748,-0.09566542,0.605032,-0.046177994,-0.45959908,0.10738479,0.2923868,0.27260685,0.10333511,-0.23749791,-0.06447917,-0.23844294,0.14856003,0.12725954
protein|FLI1,-0.41725144,-0.29998025,-0.0509847,-0.17970069,-0.19609566,0.58781797,0.4928054,0.3694804,-0.11525501,-0.11398985,-0.022788242,-0.20450066,0.5202215,0.37915337,-0.21011011
protein|FAM134C,-0.21149322,-0.47572446,-0.08452707,0.21186127,0.057162426,0.16468033,0.29574773,-0.18525879,-0.35179305,0.112560846,0.10230242,0.0020077708,0.25720212,0.2224981,-0.18871959
protein|MMRN2,-0.1782419,-0.34483817,-0.42786068,0.13226081,-0.16848125,0.33284545,0.38352618,-0.09453316,-0.26792154,-0.091127686,0.065792136,-0.24397163,0.010306808,0.5031742,-0.029381117
protein|DBN1,0.1830505,-0.077620186,-0.37547904,-0.12613392,0.007415629,0.26880452,0.45521677,-0.1288194,0.03796621,0.06125298,-0.17288549,0.081593886,-0.05900291,0.27709314,-0.06627
protein|NTHL1,0.0206496,-0.08456223,-0.09891533,0.027079098,0.0031896527,0.14981037,0.33809352,-0.19768222,0.08310229,-0.026136862,0.029858721,0.20635927,0.1856702,0.21836603,0.06905713
protein|MFGE8,0.18684554,-0.24541353,-0.11132756,0.07160482,0.22808075,0.15632607,0.15621267,-0.42280993,-0.5107734,0.111035235,0.18706642,-0.3942607,0.26203042,-0.16221176,-0.22083607
protein|ATP2B1,0.24270701,0.074779846,-0.5660969,-0.06385101,-0.26766866,0.12452647,-0.0041793017,-0.043390073,-0.2594569,0.34231544,0.20480399,-0.31288025,0.32899067,-0.07064363,-0.005298134
protein|S100A11,-0.875197,-0.36151543,0.293032,-0.19295979,-0.18394865,0.12072233,-0.45273197,0.08734816,-0.084979415,-0.20612538,-0.36838368,-0.11086549,-0.4201923,-0.04284022,-0.14479151
protein|PES1,0.042625636,-0.046368536,-0.7454438,-0.3404249,0.05133738,0.41586784,0.39758852,-0.3605079,0.1732229,0.09833659,-0.16414747,0.46005604,0.10845974,0.23280911,0.040882017
protein|PRKD3,0.2863973,0.2109067,-0.4652686,0.121190734,0.25430894,-0.20745663,0.15431358,-0.56341773,-0.2343607,0.19085489,0.16755453,-0.0866629,0.009736544,-0.2993451,0.063655645
protein|RPL36A,0.17042463,-0.13122295,0.090442404,-0.63614047,0.41892046,0.43893725,0.19661455,-0.18410797,0.5854417,-0.26273388,-0.38575906,0.33835053,-0.058059905,0.020289045,-0.11773326
protein|SSNA1,0.28755334,0.119014725,-0.024944793,-0.049894024,0.16565633,0.06548495,0.23158646,-0.6373286,0.04908102,-0.15575336,-0.09897324,-0.16767326,-0.036695633,0.06568388,0.09798696
protein|PSMG1,0.48523235,0.5038569,-0.42371148,-0.074816324,0.4573397,-0.21506254,-0.061849155,-0.52316284,0.06722466,0.23402083,-0.16763937,0.19256335,-0.3721478,0.14124879,0.3979927
protein|CAPN2,-0.29181147,-0.053762615,0.06636857,0.10170566,-0.57328033,0.07375766,-0.31930676,-0.2150792,-0.018725755,-0.12201819,-0.3010786,-0.54920244,-0.48552027,-0.06331166,0.1851647
protein|LGALS9,-0.3036103,-0.52445024,-0.20080432,0.4302987,-0.20926772,-0.15310706,-0.3567122,-0.2233831,-0.1816753,-0.10250156,0.116759665,-0.36842296,-0.4985916,-0.24998327,-0.04928007
protein|FCRL3,0.19675715,-0.093097,-0.22462277,-0.14031076,0.50769764,0.05069162,0.19457068,-0.18425457,-0.085435204,0.008243876,-0.03078655,0.13947897,0.28321403,0.07437487,0.05026847
protein|SNRPF,0.30769104,0.26167548,-0.13627799,-0.3604904,0.22440948,-0.09752175,0.22406495,-0.46219635,0.1128693,0.27020633,-0.08190983,0.016671443,-0.063377574,-0.057695244,0.06734156
protein|RGS10,-0.007922206,-0.64738315,-0.0151073905,-0.2502182,0.002629245,0.20362346,0.30616394,-0.37726912,-0.044562977,-0.16783543,-0.040430203,-0.13525613,-0.093666784,-0.2290528,-0.5017086
protein|FAM160B1,-0.053049546,-0.45285237,-0.14951901,0.1760151,0.046091486,-0.082175106,0.3322637,-0.2667588,-0.19506863,-0.23604815,-0.09303365,-0.18668588,-0.16937831,-0.06925629,-0.054939076
protein|RPS19,0.25626507,-0.029525893,0.2858862,-0.34081957,0.48019892,0.37375093,0.489187,-0.2539953,0.48327357,-0.35585386,-0.80367774,0.2817777,-0.23957641,-0.04733032,-0.41729805
protein|NCAPG,0.17614816,-0.033306584,-0.5805433,-0.380198,0.22242145,-0.0276167,0.14630596,-0.6770738,0.21771069,0.015205142,0.18415327,0.24964093,-0.05287742,0.12464165,0.2357835
protein|HNMT,-0.2773981,-0.07615702,0.15500765,0.2849779,-0.13145007,0.19989114,-0.6389886,0.14397967,-0.16092221,-0.41530025,-0.060710374,-0.38627732,-0.42376712,-0.33575562,-0.0137286475
protein|POLR1A,0.09171765,-0.19718762,-0.6751936,0.068197586,0.06518593,-0.039185934,0.4725938,-0.42290872,-0.19968466,0.14866318,0.15815294,0.09265109,0.25453213,0.41340527,0.12948678
protein|X6RM59,0.05560535,0.34436724,0.053308394,0.102251954,0.11939106,-0.09935361,0.00055004033,-0.119455054,0.18068129,0.10129267,-0.07758093,-0.23669748,0.1237249,-0.14425737,0.078846395
protein|UTP3,0.37233317,0.03133169,-0.8526331,0.09944001,-0.026594518,0.0003452911,0.4464359,-0.090004645,0.16049239,-0.2066931,0.034071963,0.41895267,-0.2434346,0.34135103,-0.051861323
protein|POU2F2,0.48710093,0.22990078,-0.15070727,-0.5308693,0.542477,0.009984138,0.15467101,-0.44225016,0.1616613,0.046219923,-0.2531146,0.37044343,0.0109730065,0.080089405,0.042353187
protein|VAMP2,-0.45251167,-0.14541781,0.024592258,0.02904008,-0.21037745,0.35123935,0.26534486,-0.08045952,-0.20484906,0.02313478,0.29772288,-0.016744945,0.27238375,0.38167316,-0.32338452
protein|KIAA1143,0.34104058,-0.30282557,0.23241505,-0.1758109,0.3112949,0.2408872,0.12114839,0.0049073678,0.34395614,-0.25607955,-0.23554699,0.27109393,0.28066924,-0.10613304,-0.121056885
protein|STT3A,0.0037464243,0.23183024,-0.6328991,0.26425496,-0.49224406,-0.2101775,0.06039419,-0.036420878,0.061450038,0.17574942,-0.2763315,-0.49435723,-0.48521385,0.14560199,0.7292147
protein|ARPC1B,0.16782376,0.19027714,0.38623565,-0.041424718,-0.03935966,0.014578606,-0.766761,0.02067975,0.2851739,-0.21906263,-0.063976526,-0.18427071,-0.16565613,-0.8580293,-0.019588662
protein|ICAM3,0.1916751,-0.27233616,0.58740646,-0.047336098,0.51138186,0.12765314,0.3934372,-0.45208508,-0.08808926,-0.39577466,-0.061632577,0.0633714,-0.080422625,-0.03759321,-0.5295803
protein|CAMK2G,0.11781292,-0.052807935,-0.084361784,0.16672364,-0.087999165,-0.0815953,0.15195987,-0.13144156,-0.037550665,0.23113233,-0.051455546,-0.40566543,0.2884455,-0.09530994,0.25637236
protein|PIK3CG,-0.020469358,-0.38949877,-0.25173894,0.42835468,0.23085502,-0.29383793,0.109504275,-0.014366475,0.026156992,0.21762423,0.29128084,-0.39250505,0.055496957,-0.29153088,0.12091289
protein|STK38,0.19597822,0.13157298,-0.11748902,0.30653527,-0.23372951,-0.46199507,-0.36600372,-0.38502786,-0.035061635,0.18993466,0.19523187,-0.4890991,-0.19988512,-0.3981435,0.46498057
protein|PARVA,-0.053384922,0.15876526,-0.38310927,0.29588097,-0.5369927,-0.0022683027,-0.10209803,0.1313365,-0.3843034,-0.017680397,0.07768764,-0.59735805,-0.21587037,-0.010481944,0.1459566
protein|CD47,0.14953102,0.2810886,0.48762187,0.016826412,-0.29494423,-0.44418362,-0.46219692,-0.27411103,0.00013042112,-0.03961336,0.46682733,0.02283472,0.0011629954,0.01557029,0.1132293
protein|SERPINB9,0.04110128,-0.18341067,0.09345521,0.10874539,0.06438394,-0.31553045,-0.37407252,-0.49890947,-0.09714907,0.059441358,0.18519428,-0.24647859,-0.21219318,-0.53997535,0.17057654
protein|FNBP4,0.22813436,-0.25506878,-0.1307506,-0.19984184,0.22095902,0.26833695,0.45808178,-0.06967128,0.27715537,-0.114355065,-0.22888155,-0.019255236,-0.014934874,-0.0011449383,0.036304954
protein|EIF4E2,0.1272,-0.20472069,-0.7021322,-0.33426997,-0.040428936,0.25026163,-0.013310373,-0.57412857,0.15265085,-0.018766813,-0.14953013,-0.19632418,-0.2698544,-0.08440307,0.15903111
protein|ZNF598,0.05660311,-0.36238095,-0.40276197,-0.33524013,0.16682455,0.27516448,0.47059983,-0.38360605,0.030639274,-0.2328748,0.015051672,0.55173945,0.09668297,0.45167372,-0.27389196
protein|SLC35B2,-0.16661829,-0.09649271,-0.36779225,0.2293141,-0.40417743,0.37107888,0.116693966,0.38637426,-0.2681783,0.20290919,-0.083386436,-0.08537414,0.14788304,0.15903968,0.02478186
protein|COQ9,0.32338545,0.21750538,-0.31645826,0.7259555,0.19532552,-0.0010144342,-0.044608723,0.6239296,-0.2688571,-0.17889112,-0.95735484,-0.28790766,-0.50079113,0.073976636,0.05715051
protein|A0A0B4J2A4,0.45880884,0.22572999,-0.46738282,0.76050013,0.32412586,-0.19348374,-0.1406259,0.8455141,-0.06310076,-0.25840014,-0.56885475,0.026351096,-0.4850344,0.24062474,0.23385802
protein|HCG_1984214,0.13924532,0.19724664,-0.15661289,-0.0077890027,0.47176376,-0.22223715,0.24849379,-0.26441485,0.15308137,-0.06549991,-0.2348131,0.0761851,-0.27290326,0.09552041,0.07291968
protein|CLTCL1,0.108703494,-0.27157494,0.170059,-0.27596265,0.38888437,0.098491184,-0.3008179,-0.688836,0.2176058,-0.23021896,-0.05148136,-0.015397607,-0.31209677,-0.4324531,0.137142
protein|SHMT2,0.42543787,0.24613978,-0.6143012,0.1824231,0.68490446,-0.32365474,0.28071958,0.03420954,0.1167024,0.20640999,-0.28911644,0.24457426,-0.28999153,0.24118781,0.24401805
protein|SET,0.52432585,0.10356007,0.20878173,-0.6382327,0.35097095,0.005944913,0.044906713,-0.3135553,0.6344917,-0.037177622,-0.36188388,0.25832337,0.06769589,-0.48471543,0.07405243
protein|NPC2,-0.4878113,-0.40449005,0.23037337,-0.2879699,0.15828052,0.35434422,-0.20050879,0.1420031,0.2348854,-0.47650644,-0.23343472,-0.1537214,-0.2668049,-0.19077781,-0.17663144
protein|UHRF1,0.110874884,-0.2778661,-0.6995401,-0.4466146,0.36803922,0.2070536,0.50970095,-0.5173701,0.18008205,0.088080965,0.01826942,0.39129856,0.1999979,0.24300279,0.054588962
protein|CHTOP,0.093725815,-0.62929666,0.04203398,-0.12489051,0.21503803,0.33543733,0.6326646,-0.1415143,0.13342126,-0.25138018,-0.23380578,0.14836016,0.09895474,-0.19651802,-0.6751487
protein|ERLIN2,-0.012656249,0.3127002,-0.29621062,0.7372842,-0.33169577,-0.33449566,-0.49495775,0.30538678,-0.21424602,0.2510672,-0.07100414,-0.19468975,-0.3291638,0.17207094,0.2726299
protein|TFAM,0.5381294,-0.077739894,0.08180272,-0.05033187,0.46178705,0.1731783,0.42743662,0.49607527,0.5541426,-0.24342762,-0.44406557,-0.0008016825,0.15404396,-0.012519671,-0.089793816
protein|UIMC1,0.25305104,-0.58452946,-0.089883216,-0.31289873,0.40889916,0.27837548,0.3011376,-0.22006471,0.15051699,-0.29277638,-0.1705672,-0.031690773,0.22823143,0.048915964,-0.18961592
protein|IGFBP7,0.2739788,0.0148729095,0.081641845,0.05993491,0.13742423,0.2467213,0.45313635,-0.015358925,-0.31633827,-0.21853481,0.024879256,0.09530022,0.20930302,0.21373706,-0.35750857
protein|BUB1B,0.21401624,-0.02876741,-0.5964206,-0.24510735,0.33699796,0.15355025,0.08946757,-0.33231223,0.1371294,0.06406142,-0.045231767,0.2365635,0.05945014,0.23892233,0.2026298
protein|CHI3L1,-0.56430835,-0.22183733,-0.054404173,0.18921396,0.2107454,-0.3538286,-0.31574842,-0.1791234,-0.59471273,0.08771128,0.19968966,0.1970439,-0.29279932,-0.09172335,0.038916826
protein|ZC3H12D,0.27319154,-0.04052999,-0.21732026,-0.030019162,0.16192672,0.04352132,0.16747308,-0.4612775,-0.20549734,-0.020788854,0.2763146,-0.014065624,0.30131683,0.028649693,-0.40578225
protein|SMG1,0.22762965,-0.12446803,-0.22152783,0.41622147,0.4448778,-0.13395399,0.16182216,-0.6160024,-0.1202987,0.076863185,0.31596896,-0.020404067,-0.3963315,-0.13936552,-0.13957268
protein|GLO1,0.5073757,0.49522623,0.62644947,-0.058002833,0.39962336,-0.15923132,-0.027343363,-0.17807667,0.16599788,-0.05550916,-0.544125,0.06339499,-0.33731422,-0.16951944,-0.03170589
protein|CTSD,-0.61487585,-0.335073,-0.05790186,0.19028643,0.27825418,0.14648435,-0.30717018,0.07059042,0.09135114,-0.20123781,0.08830975,0.1601177,-0.56864494,-0.04718786,-0.2664272
protein|HYPK,0.010991608,0.16721775,0.2444062,-0.5274305,0.15037094,0.14005761,0.115724474,-0.13981602,0.28292674,-0.04896544,-0.40579093,0.1818237,0.189661,0.0024713443,-0.23192531
protein|COA6,0.07114783,0.18447256,0.3548351,0.39230555,0.33745018,0.06063824,-0.007277153,0.3384986,-0.099618986,-0.2785154,-0.31366992,-0.102565825,-0.29977053,0.1296387,-0.24868643
protein|SLU7,0.11460927,-0.27927455,0.018241003,-0.06989472,0.28181434,0.5084565,0.1052183,-0.002380477,-0.02271766,-0.41439855,0.13696663,0.041163705,0.23273905,0.0651511,-0.17496496
protein|SIRPA,-0.5512021,-0.31067258,0.37902153,0.07149777,-0.09975353,-0.0008115036,-0.26661426,-0.014537287,-0.23911896,-0.32982937,0.27189043,0.25849235,-0.23334269,-0.14640653,-0.4390498
protein|WDR6,0.24924529,0.17904279,0.34514108,0.0061348383,-0.051081415,-0.092743136,0.122925155,-0.2372464,-0.11853423,-0.14121395,0.4030689,-0.19959372,0.11360847,0.4377494,0.2852955
protein|CPOX,0.27451596,0.06791078,-0.29006982,0.36613798,0.09473046,-0.070307374,0.031335495,0.120232016,0.15778159,-0.043441627,-0.05523566,-0.23739322,-0.43061802,0.35828274,0.20773588
protein|AGPAT3,0.24135014,0.1884111,-0.20661591,0.70098895,0.039408077,-0.38706017,-0.22313741,-0.06176936,-0.2802273,0.11435813,-0.11671385,-0.26858267,-0.6143584,-0.22559422,0.051313832
protein|PDLIM1,0.53084785,-0.0018599893,-0.044011243,-0.123899855,-0.038943786,0.17387731,0.18380165,-0.18175349,-0.050852794,-0.5966654,-0.44464472,0.29821584,-0.05930752,0.35258734,-0.050217997
protein|MTX1,0.015147162,-0.31897593,-0.6865756,0.15269114,0.22406115,0.17021537,0.3498342,-0.045274824,-0.34901792,0.022791091,-0.5219317,-0.17479162,-0.079830535,0.23719555,-0.16416107
protein|WDR3,0.2533269,0.12000671,-0.9877265,0.13839029,-0.19091207,-0.29767984,0.4401823,-0.50083846,0.01743215,0.09404825,-0.039950486,0.06557942,-0.1406058,0.2615906,0.27507755
protein|SRI,0.026596371,0.15538162,0.3716722,0.037195515,0.3828072,0.12631348,-0.031605903,-0.20064968,-0.049097966,0.111565046,-0.26730338,0.09504998,-0.23801045,-0.3443439,-0.71947074
protein|LPCAT1,0.26176953,-0.005279132,-0.5773369,0.03341656,0.02634816,-0.04962449,0.023736903,-0.49898893,-0.30615216,0.16655087,-0.01164967,-0.21715224,-0.032474693,-0.26378945,0.17280091
protein|SMS,0.3561152,0.23650506,-0.044944596,-0.19590549,0.28496784,0.09744263,-0.2487014,-0.14266028,0.3605383,0.22897659,-0.04551673,0.06742011,-0.057078265,0.030356588,0.01588449
protein|YBX1,0.18653657,-0.026204068,-0.1991869,-0.6271175,0.3944705,0.40804985,0.18235238,-0.17969304,0.58462703,-0.33696818,-0.33203265,0.61859787,4.4250395e-05,0.090558015,-0.1518369
protein|AFG3L2,0.55646193,0.30510983,-0.6064519,0.67442507,0.32317424,-0.32983118,0.05044151,0.44784635,-0.028124819,0.026298936,-0.6793315,-0.00036993952,-0.4166012,0.09898941,0.27237463
protein|ZNF326,0.12378457,-0.23432991,-0.3197449,-0.20877737,-0.07280046,0.5085203,0.32498094,0.12867887,0.20076074,-0.09139103,-0.20499378,0.27411354,0.08126466,0.19981691,-0.4002176
protein|POLR2M,0.14185987,-0.17834987,0.42904535,0.3990534,0.05877576,0.21980691,0.18894061,0.1416268,-0.38274926,-0.24662682,-0.18782647,0.18688823,0.09189548,-0.040028185,-0.7695495
protein|CHCHD3,0.43268508,-0.00915564,-0.93860656,0.6434033,-0.09090376,-0.21485496,0.030935656,0.50933164,0.06461672,0.12307944,-0.44398266,-0.18892011,-0.31048077,-0.003785398,0.25335178
protein|RABGGTB,-0.06246141,0.006168912,0.04419337,0.3472491,0.19992872,-0.27235314,-0.07166647,-0.4451515,-0.14043051,0.16786589,-0.031231487,-0.24155879,-0.26742893,0.05157743,0.06367366
protein|GNPDA1,0.053324357,0.117299296,-0.08044104,0.33828095,-0.38057464,-0.56704736,-0.2953799,-0.32650372,0.06982998,0.2899353,0.07642858,-0.36779386,-0.3963296,-0.29340717,0.388812
protein|KIAA2013,-0.059247334,-0.10947683,-0.4061714,0.077929385,-0.057974968,0.23461048,0.092950635,-0.04993208,-0.119249664,-0.0045790114,-0.17077674,0.22806868,-0.06309577,-0.03246236,0.13926548
protein|SCARB2,-0.64464545,-0.28307176,0.24241461,0.20607848,0.00030764268,0.29296413,-0.030406913,0.14235312,-0.16126056,-0.45992744,-0.22299847,-0.07740047,-0.4523723,0.42389786,-0.14215918
protein|RTFDC1,0.22832869,-0.2034047,-0.42350918,-0.48560777,-0.28894636,0.29367912,0.026222482,-0.1614702,0.40625787,-0.17775248,-0.31725913,0.040682446,0.26985723,-0.022297285,0.12368729
protein|SCPEP1,-0.6089961,-0.31128964,-0.028324712,0.30852118,0.12060985,-0.2499464,-0.3365142,-0.021190636,0.19165452,0.041301996,0.2720951,-0.010417187,-0.571663,-0.10466988,-0.020868137
protein|BRMS1,-0.19391829,-0.5081214,0.16487262,-0.07136006,0.29459223,-0.044420574,0.4201354,-0.54146,-0.24985237,-0.13914554,0.20187677,-0.13459153,0.26344618,0.060674425,-0.14103253
protein|CYFIP1,-0.4373846,-0.31523475,-0.25439397,0.3982885,-0.3744417,-0.20539758,-0.4858648,-0.39680976,-0.14224663,-0.13300101,0.13449572,-0.3559136,-0.6963746,-0.0773448,0.40457645
protein|PDCD5,0.18181728,-0.030623427,0.1693823,0.013131671,0.34589484,0.32904494,-0.09663112,0.052517284,0.2967756,-0.23024814,-0.46431366,0.2535937,-0.013203429,-0.15054372,-0.012959458
protein|BLVRA,0.055269532,0.08857722,-0.049047295,0.23784265,-0.3418102,-0.41706967,-0.52764106,-0.6880421,-0.19646142,-0.021355141,0.25655207,-0.33223024,-0.55827945,-0.25077674,0.101744846
protein|DDX21,0.24103065,0.2884712,-0.85086,-0.3101004,0.2167397,-0.08077834,0.30472457,-0.5400646,0.26324868,0.07391019,0.09262109,0.35904264,-0.1715923,0.44461924,0.41372114
protein|NT5E,-0.26264375,-0.024105215,0.13031325,-0.03284925,-0.4702001,0.3343777,0.22925872,0.1961993,-0.43908063,-0.06412943,-0.022952158,-0.26607805,0.09337102,0.37553445,-0.14400367
protein|UBAP1,0.02354259,0.11682035,-0.287482,0.20972401,0.1723378,-0.008097895,0.37206975,-0.13584365,-0.21934447,-0.068128206,0.1596298,-0.08362965,-0.08152808,0.40209416,0.072366595
protein|MOB3A,0.3273466,0.06728994,-0.11000996,0.040165402,0.18743107,-0.23580305,-0.15356477,-0.35162175,-0.12584011,0.059811,0.1776671,-0.43772164,0.0066857226,-0.5954834,0.2907481
protein|PGAM5,0.4796526,0.07542668,-0.5327676,0.054717153,0.5465573,0.13671057,0.37743235,-0.1287333,0.16613398,0.088663444,-0.4517362,0.10218217,-0.17721143,0.19963914,-0.053034626
protein|LCP2,-0.3128315,-0.59799653,0.37291887,0.44247967,-0.21440573,-0.2343657,-0.24975137,-0.5719587,0.1637683,-0.30767745,0.11198228,-0.3445534,-0.45545736,-0.29592034,-0.061242342
protein|TAF10,-0.02441458,-0.39309132,0.20809388,-0.013914909,-0.018766873,0.057720114,0.4396164,-0.1248533,-0.16763557,-0.21831757,-0.17795062,0.022606337,0.30563033,0.30419475,-0.5030268
protein|TEX264,-0.2364308,-0.43232268,-0.1874968,-0.1987999,-0.039667178,0.48145625,0.2220741,0.16431873,0.28575152,-0.27557242,-0.121908836,0.08626413,-0.1765172,0.33081156,-0.23926763
protein|BAG2,0.33143333,0.2352204,-0.6797696,-0.26724854,0.20111263,0.18961358,0.08909905,-0.13134214,0.107228406,-0.049088318,-0.11206366,0.06226999,-0.18178041,0.40424713,0.23525164
protein|MCAM,-0.03823439,-0.244455,-0.36294994,-0.1117492,-0.034666523,0.4069538,0.3719524,-0.1294814,-0.40621462,-0.13847049,-0.06912824,-0.008479507,0.10003553,0.4376804,-0.2819757
protein|TBXAS1,-0.5534805,-0.23699543,-0.055701293,0.29581288,-0.03383998,-0.25506926,-0.04808924,-0.38630617,-0.41246775,0.0596026,0.24681428,-0.20145877,-0.5009097,0.2074451,-0.023415739
protein|BCKDHA,0.17655927,0.20245712,-0.08109262,0.43783876,0.038418047,-0.3298365,0.039270848,0.064268716,-0.16569231,0.07928045,0.07471084,0.25953713,0.055461433,0.064629,0.04278943
protein|RPS25,0.23841901,0.024800668,0.3711388,-0.37358007,0.7443294,0.04628724,0.5983375,-0.43164042,0.4878991,-0.27860805,-0.52939904,0.24571314,-0.18296428,0.08103767,-0.21341097
protein|FAM208A,-0.04873901,-0.1471116,-0.3021719,0.11178301,0.024091795,0.22250424,0.34968746,-0.2693675,-0.17724511,0.028921854,0.11535305,0.022012774,0.10675036,0.007487192,-0.014268986
protein|RBMX,0.39526746,-0.5223032,0.053887643,-0.2431532,0.57207197,0.41940388,0.57153404,-0.26168022,0.42512214,-0.34795657,-0.22303613,0.28006113,0.13406765,-0.27975035,-0.42348936
protein|ECH1,0.5486415,0.3085037,-0.57200086,0.5899024,0.03257433,-0.37078136,-0.09534167,0.43461737,-0.020531144,0.05832333,-0.3819732,-0.36598095,-0.23704663,0.0005661541,0.27841747
protein|SRSF1,0.17623149,-0.45321545,0.276925,-0.27819565,0.6887282,0.40714398,0.6132329,-0.15364738,0.20808506,-0.38650557,-0.2892995,0.33286262,0.094342984,-0.107608266,-0.5502194
protein|ALG1,0.12612791,-0.054257836,0.3410775,0.1163477,0.21089186,-0.14478178,0.3825786,0.1699346,-0.21715532,0.0017932857,0.44103852,0.12744385,0.56154513,0.37142977,-0.093908034
protein|Q16594,0.26752606,-0.15325466,-0.025092337,-0.13800266,0.1763949,0.057002705,0.16652885,-0.45720467,-0.09136619,-0.052732524,-0.031814266,0.0837432,0.04801904,-0.10276576,-0.17674932
protein|PHPT1,0.10628622,-0.11385113,0.4408144,-0.13906714,-0.19606066,0.10033762,-0.4644623,0.17612165,0.3005789,-0.12552017,0.036921863,0.08676868,0.12320695,-0.38689405,-0.29589927
protein|YTHDC1,0.33199963,-0.43373987,-0.028483795,-0.15154858,0.41514352,0.21697086,0.45741305,-0.2789464,0.23637907,-0.35482848,-0.16281852,0.3299066,0.00022539285,-0.1058451,-0.38416988
protein|SERPING1,-0.66998166,0.20125264,0.25697574,-0.07627715,-0.046368837,0.006451189,-0.15073009,0.13820453,-0.5802816,0.060278058,0.5935323,0.08384302,-0.09398697,0.59839785,-0.16499309
protein|ARPC4-TTLL3,0.22825208,0.1181744,-0.19481786,0.3430521,-0.2312875,-0.37679568,-0.30637482,-0.55623215,-0.13306582,0.3943679,0.32621565,-0.50892335,-0.30368963,-0.6735342,0.18527187
protein|TYROBP,-0.63724285,-0.33828348,0.17692858,0.3752961,0.35242876,-0.046472188,0.019746117,0.060464215,-0.3968654,-0.18243282,0.07648292,0.05277915,-0.5153112,0.23380204,-0.29644215
protein|TMEM167A,0.07073466,0.17177396,-0.4433957,0.20972987,0.15622321,-0.33876097,0.22700702,-0.4958602,-0.20473897,0.18768956,0.11849806,-0.27017182,-0.4481345,0.23217104,0.3031322
protein|NDUFA4,0.44843534,0.14217597,-0.054396126,0.34057626,-0.2273577,-0.10805099,-0.15107146,0.67302704,0.26248842,-0.17328563,-0.61250705,-0.18636107,-0.19555956,-0.40643737,0.076534584
protein|ZC3HAV1L,0.20059384,0.22380285,-0.06769461,0.33559346,0.2945024,0.10138152,0.025125591,0.3949041,-0.053658437,0.03491438,0.05155219,0.010409997,0.112861864,0.11841857,0.10368397
protein|TMED2,-0.28937742,-0.4483405,-0.51824397,0.24888407,-0.38480243,0.2998563,0.3840045,0.01844911,-0.02848284,-0.0594318,-0.22260225,-0.4035505,-0.048337206,0.4480556,0.22641504
protein|MX2,0.10456557,-0.2479356,-0.029220592,0.15322444,-0.19915593,-0.29143864,0.15559506,-0.31963503,-0.13676849,0.082841955,-0.07728848,-0.35341153,-0.05095116,-0.12056462,-0.15469092
protein|ITIH5,-0.011064213,-0.14310652,0.11340164,-0.051467247,-0.026471045,0.23704845,0.2100649,0.08433171,-0.074961886,-0.44576067,0.29343227,-0.13713999,0.2856622,0.06940825,-0.017296355
protein|MCM7,0.31167552,0.08552406,-0.9424613,-0.32686985,0.14716609,-0.03372482,0.19538738,-0.5331421,0.02794811,0.30840182,0.004058783,0.44810742,0.0040845666,0.11733459,0.16462062
protein|HEBP2,-0.26044205,-0.12273636,0.3584562,-0.12387458,-0.23862618,0.17318313,-0.005883428,0.31023178,0.040760096,-0.2061817,-0.40782312,0.16089162,-0.015702823,0.16268821,-0.21868587
protein|VIPAS39,0.061965495,-0.42942682,-0.030940874,0.08702861,0.24528474,0.050237637,0.3005868,-0.36891204,-0.22474396,-0.14289872,-0.017884815,-0.028285606,0.3083082,0.11601091,-0.19844645
protein|SSR1,-0.24917471,-0.02872101,0.5049345,-0.20704657,0.27149194,0.23180385,0.28011537,0.23979622,0.33521426,-0.37577245,-0.4664587,0.14988168,-0.27835396,0.49972606,-0.11393816
protein|SSR3,0.06218258,0.111312784,-0.49961373,0.3433909,-0.35923412,-0.29933193,0.014114732,-0.22666492,-0.012229084,0.13813838,-0.14339507,-0.2933589,-0.48717603,-0.045290228,0.46271092
protein|PPIF,0.15992953,0.23788431,-0.3579647,0.13486822,0.41295934,-0.21263699,-0.25910664,0.2166309,0.19656113,-0.17621198,-0.44769844,0.24466047,-0.6529808,0.047635727,-0.06496248
protein|ALDH18A1,0.41993937,0.24300204,-0.6208871,0.028087085,0.29325393,-0.16772512,0.2726862,-0.23686802,-0.009545439,0.01677112,-0.10859437,0.09514193,-0.25466192,0.52303463,0.21120302
protein|KBTBD8,0.14148985,0.011554222,-0.35489267,0.110833,0.18843187,-0.05927095,0.096300595,-0.23421139,0.1566912,-0.026616842,0.0706103,0.23156773,0.10504001,0.012401783,0.069123104
protein|MSRA,-0.10352773,-0.13662304,0.14812656,0.26302636,0.15652429,0.06589185,0.022097688,0.27110478,-0.033513334,0.1429631,-0.046025973,-0.17968717,0.19741957,-0.31273946,-0.0040883506
protein|PPME1,0.2559894,0.06974094,-0.28053522,0.12631491,0.2634055,-0.33067745,0.15388423,-0.28596723,-0.13042003,0.52328455,0.17107758,-0.09716063,0.052189477,-0.24879386,0.1097287
protein|BOD1L1,0.1364682,-0.47177982,-0.24010634,-0.28162777,0.32549927,0.13951144,0.30640134,-0.22425483,0.09963403,-0.43763536,-0.20813608,0.09816079,0.094155334,-0.07921348,-0.15986116
protein|TP53I3,0.12124033,0.1463594,-0.012038879,0.2953794,0.11112587,0.039031833,0.14443146,-0.27383247,-0.46823138,-0.004832329,-0.24189867,-0.40447938,-0.30704677,-0.0032453584,0.054107595
protein|BRIX1,0.25987983,-0.03970036,-0.559479,-0.036424533,0.009550281,0.010371295,0.6521642,-0.59559673,0.05769297,0.02432613,0.06487834,0.20644033,0.013143781,0.17059791,-0.0410458
protein|MRPL30,0.33027092,0.06024193,-0.0033440448,-0.14675303,0.39707413,0.30411035,-0.050625004,0.3788031,0.31588325,-0.23747182,-0.4757904,0.48439875,0.0056777247,-0.2649728,-0.15179124
protein|BZW2,0.4823532,0.37805933,-0.62027854,-0.28348035,0.31614947,-0.022527704,0.04456569,-0.6424907,0.14527981,0.28108525,-0.19620776,0.20257553,-0.16479526,0.07963204,0.29295695
protein|B4DLN1,0.587362,0.43028328,-0.028103026,0.0050459243,0.45028967,-0.15397465,0.0834484,-0.020705527,0.4049682,-0.06206129,-0.5577834,0.13238943,-0.35126567,0.04055886,0.14132091
protein|PARP1,0.5095712,-0.12982489,-0.4272289,-0.1697787,0.343374,-0.03606536,0.043359842,0.019464258,0.20632952,0.47527704,0.06916555,-0.18592896,0.46536165,-0.69973177,0.09533908
protein|RPF2,0.14160976,-0.21820267,-0.5781826,-0.0014732975,0.0704336,0.32693666,0.3737615,-0.08901346,0.12782183,-0.1939965,-0.11923492,0.11254088,0.21113601,0.5183305,0.12508345
protein|NNT,0.4669299,0.23833314,-0.5915302,0.82323945,0.11758344,-0.38605374,-0.20095432,0.5486754,-0.14568722,0.04891484,-0.23311989,-0.22772971,-0.37779912,0.002712129,0.29691565
protein|KCNAB2,-0.25364825,-0.24961418,0.1962172,0.31712422,-0.22114238,-0.6199416,-0.15402612,-0.32898402,0.17645672,0.09905051,0.41487655,-0.49013,-0.18575764,-0.21378241,0.36198393
protein|TAP1,-0.30499884,-0.4382012,-0.15425481,0.44126585,-0.23043504,-0.4688393,-0.4289135,-0.20567681,0.15921307,0.120301954,0.27243075,-0.1632016,-0.3760571,-0.3882397,0.16914383
protein|ENO2,0.04535523,0.06946465,0.26037332,-0.0680067,0.24267988,-0.0010568426,-0.0331411,-0.19732365,-0.13884968,0.081845395,0.13396323,0.07479839,-0.16399594,-0.15834576,-0.14959978
protein|CD80,-0.25477096,0.03580069,0.066897005,-0.07710458,0.5326398,0.000930387,-0.057390008,-0.15634012,-0.241162,-0.0111268675,0.07033487,0.16479692,-0.21528846,-0.11347803,-0.36281183
protein|F5GYV5,0.13215154,-0.44944677,0.18659122,-0.029330408,0.51435864,0.37604237,0.45261866,-0.03250017,0.1397277,-0.5242426,-0.20771834,0.24412316,0.13977517,0.073757894,-0.29069644
protein|ECI1,0.32681268,0.12811983,-0.10899351,0.8629843,0.4435984,-0.32290676,0.25842744,0.565553,-0.16810125,-0.14356779,-0.60972697,-0.21289732,-0.3694616,0.16859663,0.27022427
protein|RPL17,0.20960702,0.04087554,0.35138106,-0.7091726,0.22983785,0.38508365,-0.03185469,-0.04849564,0.77719384,-0.3772003,-0.4943761,0.40632933,-0.07471271,-0.18114954,-0.056465868
protein|SPARC,-0.0913563,0.107462585,-0.30745304,-0.14838731,-0.08793081,0.16918856,0.21546459,-0.2990086,-0.610412,-0.06867491,0.29647815,-0.28018057,0.07227179,0.29885393,-0.24562973
protein|DPM3,-0.06796297,-0.5223748,-0.5868667,0.29158214,-0.044190254,0.25066778,0.35729146,-0.090329215,-0.14769286,-0.023519496,-0.43510875,-0.3923602,-0.19274873,0.033362042,0.08542373
protein|SMC6,0.16573665,-0.15643352,-0.2381126,-0.12540598,-0.11776256,0.028637437,0.12975246,-0.39982566,-0.0964885,0.25124797,0.094181955,0.01957258,0.30966857,-0.046389624,0.16941994
protein|LSM14B,0.12766027,-0.15323967,-0.2106413,-0.31271702,0.20211017,0.068482175,0.2342944,-0.4080235,-0.16772048,-0.06728847,-0.22824797,0.21589562,-0.07786967,0.028770737,-0.44549406
protein|AHCYL1,0.21461897,-0.1360789,-0.36891544,0.44313946,-0.089132935,-0.2244524,-0.13341978,0.04025699,-0.20039016,-0.07433656,-0.18875195,-0.4842158,-0.4365839,-0.03987006,0.32695112
protein|TRAP1,0.4961889,0.31968626,-0.76654893,0.41937515,0.3027401,-0.2656732,0.18735845,-0.19047701,0.06294132,0.13638003,-0.3592924,0.062498227,-0.47532147,0.44204223,0.3965345
protein|ATP6V0A1,-0.40817767,0.01161422,-0.1999287,0.37388784,-0.15256186,-0.42210695,-0.18479587,-0.08033667,-0.040489078,0.16253567,0.22007574,0.02177975,-0.5687282,0.12878324,0.2892451
protein|AASDHPPT,0.39884228,0.33936596,-0.068362646,-0.18192601,0.10061891,-0.16769172,0.039059218,-0.5206531,0.19799873,0.13509034,-0.13239908,-0.20675538,-0.20135754,-0.181932,0.15732452
protein|PEX11B,0.1482155,-0.22459403,0.051993914,0.42616075,0.3075654,-0.1951607,0.05373349,0.23647058,-0.15645792,0.10006778,-0.4079446,-0.35309467,-0.13293402,-0.22042447,-0.10092294
protein|UFC1,0.563829,0.14806217,0.23537576,0.41196176,0.29329944,-0.12043872,-0.20891877,-0.071193025,0.13885163,-0.1863626,-0.5163027,-0.21248706,-0.5478536,-0.18925135,0.08377274
protein|UTRN,-0.4569425,0.08419236,0.25283435,0.069089025,-0.31440607,-0.32998466,0.03240531,-0.18276583,-0.6844502,0.039925694,0.21442139,0.15911879,0.06384573,0.15532407,-0.10411522
protein|LMNA,-0.25087136,-0.26573914,-0.63263184,0.125797,-0.77967495,0.25147504,-0.04099499,0.21697044,-0.6160366,-0.1752388,-0.35716316,-0.49563226,0.0076080696,0.01438583,-0.03509801
protein|SRC,-0.4404534,-0.53297985,-0.3707678,0.23813063,-0.062290594,-0.23097247,-0.39301994,-0.1265848,-0.24270754,0.1386908,0.031406377,0.03305042,-0.34040862,-0.4146319,-0.14473532
protein|PPP1R14B,0.055416357,-0.23815212,-0.086063586,-0.032550182,0.21512452,0.45393685,0.47410843,-0.09031846,-0.13136734,-0.015411241,-0.024648674,0.12237069,0.060490545,0.114305876,-0.43490154
protein|RPS3,0.032184154,0.24610743,0.062273525,0.079763785,0.029365364,-0.42091975,0.24796055,-0.43357328,-0.20530637,0.14752333,-0.114397265,0.19880873,-0.14574695,0.34823862,-0.033510815
protein|PKM,0.12325806,0.26711774,-0.36550432,-0.10592982,0.19349992,-0.37474993,-0.448404,-0.57248163,0.03562123,0.4538793,0.06018722,0.14841494,-0.4381913,-0.46811152,0.14186609
protein|SNAPIN,-0.274315,-0.11864353,-0.11833382,-0.11907055,-0.05368891,0.4427364,0.30441728,0.2158911,-0.19714954,-0.07813717,0.06870264,-0.16968358,0.07506155,0.3754915,-0.4250438
protein|TNS1,-0.12704557,0.0028747225,0.14985378,0.23196678,0.11269363,0.008222742,0.17242855,-0.048560042,-0.5418929,-0.10067182,0.21657218,-0.20157067,0.17049134,0.05055227,-0.21521877
protein|MEMO1,0.14806959,0.035158064,-0.3705066,-0.16643408,-0.21411845,0.12169359,0.43467,-0.53089,-0.04397574,0.05404924,-0.1858998,0.17839707,0.017718699,0.09381079,-0.21035884
protein|PALD1,0.05592096,0.014062523,-0.5495654,0.3222315,0.17085698,-0.052504357,0.2559181,0.10964519,-0.18686359,0.50802785,0.021134801,-0.49304804,0.42573795,-0.21217898,0.0031785187
protein|NOL11,0.12813024,-0.04786216,-0.7384362,0.024083838,0.19350326,-0.09979374,0.39570147,-0.43537012,-0.13174395,-0.09656803,0.08170179,0.26025197,-0.18618234,0.33838493,0.18697627
protein|MRPS14,0.15759784,-0.050650124,0.14054038,0.053494975,0.54843456,-0.22387217,0.3547486,-0.4253326,-0.21228158,0.05687787,-0.06621601,0.08544532,-0.32023156,0.18978496,-0.10281288
protein|RAPGEF1,0.19714895,-0.009733819,-0.22055657,-0.0123420255,0.034543987,-0.31656313,-0.057586797,-0.5012198,-0.30729306,0.11675745,0.14645669,-0.11196736,-0.14199968,-0.15508221,-0.03408565
protein|ALDH6A1,0.44154376,0.24383879,-0.029703276,1.0280977,0.19531858,-0.33333176,-0.031391405,0.8126462,-0.20334917,-0.25781766,-0.4473559,-0.058514312,-0.27960798,0.20165603,0.11058706
protein|HLA-F,-0.1625992,-0.49244887,0.21639556,0.37595764,0.19396722,-0.2916554,-0.0934183,-0.4514006,-0.42769742,-0.15517792,0.011058924,-0.30490002,-0.27067944,-0.40800667,-0.27407902
protein|PDHB,0.54607606,0.2861704,-0.4625098,0.5870086,-0.021798609,-0.3788556,-0.19798416,0.3878372,0.0854016,0.10393753,-0.27585384,-0.2105522,-0.2760076,0.030700421,0.19020163
protein|PSMB7,0.3372737,0.4033946,-0.18900873,-0.41864833,0.3091095,0.23773673,0.16712491,-0.22072916,0.082785964,0.07394847,-0.2903531,0.3004501,-0.010001766,0.1824373,0.19903353
protein|HRSP12,0.4702149,0.3153013,0.1250259,0.58952713,0.44083187,0.18988967,0.06351121,0.3466977,-0.19175579,-0.26264417,-0.49648505,0.18059495,-0.28089342,0.1551689,-0.2693213
protein|ECHS1,0.3623272,0.43756542,-0.20812374,0.89234704,0.19773039,-0.39874956,-0.026027543,0.61959815,-0.07675719,-0.102526575,-0.33577606,-0.33189544,-0.4679488,0.3144676,0.2197885
protein|ACAA1,0.14759018,0.12553355,0.0037674257,1.0361437,0.43042848,-0.3618341,0.051541816,0.6657856,-0.27117467,-0.22809713,-0.35931325,0.10415646,-0.39546725,0.26521826,-0.34637898
protein|HDGF,0.09734342,-0.30973744,0.58048046,-0.32661325,0.3113575,0.4449306,0.11252103,0.27959073,0.44386014,-0.5124423,-0.398072,0.119735606,0.115007654,-0.22582391,-0.2171308
protein|DENND4A,0.050074484,0.19139777,-0.15633635,0.18420905,0.36123642,0.11589639,0.15208672,-0.035961833,0.098038256,0.10698792,0.07511533,-0.11103773,0.048248406,-0.13365045,-0.12943526
protein|TOMM5,0.48884186,0.19121693,-0.26122195,0.09593633,0.44831818,-0.29356286,0.15138358,-0.2585046,-0.030946592,0.054048195,-0.6291765,-0.2015326,-0.46986753,0.10162358,-0.0033883126
protein|POP1,-0.0006176947,-0.008892156,-0.21741183,-0.31575575,0.19743979,0.30928245,0.3996364,-0.06103241,0.07321269,0.0005487739,0.14991795,-0.08409666,0.15453663,0.086897194,-0.15704706
protein|GABARAPL2,0.15497535,0.014463841,-0.32518107,0.000691624,0.36666337,-0.04016161,-0.0025063697,-0.1379788,0.26301047,0.5133004,0.0483104,-0.014745563,0.08290108,-0.5099161,-0.10019734
protein|F2,-0.35199127,0.32496503,0.43745506,-0.33248574,0.031649757,0.10042687,0.20649639,0.055868857,-0.81002176,0.021892356,0.29119596,0.1694755,0.1450425,0.45023403,-0.42712915
protein|CDK6,0.09554678,0.029757444,-0.43019938,-0.19011177,0.057735503,0.22441022,0.0435371,-0.1550199,-0.03517697,0.28501338,0.07009751,0.07094053,0.13300091,0.0811806,0.2567354
protein|TCAF2,-0.1279579,-0.022590669,0.22684973,0.19479124,0.14478567,-0.4113599,0.14107116,-0.46535754,0.08022388,0.10308099,-0.032120895,-0.020557947,-0.20787823,-0.30958974,-0.040971845
protein|NOC4L,0.1506633,-0.09485002,-0.72499925,0.09081512,0.31553054,-0.057888187,0.40558353,-0.5416387,-0.12881498,0.04073851,-0.22756779,-0.053964246,-0.3154774,0.44268924,0.04360276
protein|GALT,-0.12129584,-0.31553724,0.2975087,0.4276112,0.16322659,0.26882613,0.2872096,0.03355553,-0.26678988,-0.35766348,-0.45498204,-0.46785185,0.008497189,-0.07850722,-0.18050346
protein|MPST,0.19178243,0.22030942,0.3847781,0.48117524,0.39157933,0.0018070226,0.15088946,0.53337574,-0.16703637,-0.45937827,-0.4055644,0.20371148,-0.30055833,0.55183494,-0.09206597
protein|ANP32E,0.42769995,0.29652545,0.21255013,-0.27464664,0.036868386,-0.5367819,0.010623097,-0.2927467,0.34717152,0.33972368,-0.018999157,0.023257535,0.15001725,-0.39915538,0.2833116
protein|THY1,0.07418511,-0.103582755,0.05972263,-0.06315092,0.0678982,0.50669247,0.11409767,-0.16650344,-0.34752908,-0.24583882,0.08174956,-0.45684716,-0.09859452,0.116889074,-0.14451659
protein|SHMT1,0.096258864,0.22203399,0.22002481,0.6211646,0.36249393,-0.3256286,0.22623274,0.34292227,-0.17378771,0.105965704,-0.19365343,-0.078029886,0.065766096,0.27851197,-0.020935038
protein|C7ORF50,0.09950092,-0.33341652,0.07665581,-0.096760854,0.55662745,0.20720169,0.6707326,-0.31164014,0.1650542,-0.110570766,-0.22669658,0.20731694,0.2034518,0.008667313,-0.1519928
protein|PYCR2,0.12812951,0.15560496,-0.22597077,0.064255364,-0.14208454,-0.19923124,0.22107275,0.008999104,-0.15236591,0.19443218,-0.28586304,0.15549546,-0.026969023,0.36160877,0.119917616
protein|MRPL57,0.36311388,0.23101789,0.12036276,-0.1353539,0.54090846,-0.2167778,0.25420073,-0.10465294,0.40266135,0.0017641304,-0.33763173,0.22423053,-0.14791463,0.0006418428,0.1841855
protein|DDT,0.17453697,0.25041327,0.4621303,0.07550674,0.5456336,0.018125683,0.079778075,-0.04827894,0.038561262,-0.041524705,-0.37903178,0.21611668,0.010887432,-0.19765164,-0.40351593
protein|NDUFB7,0.5597366,0.5236303,0.24866015,0.47297803,0.13435747,-0.5317954,-0.14480732,0.54002136,0.24441597,0.18621726,-0.687987,-0.301929,-0.5114457,-0.009428488,0.258537
protein|SURF1,-0.05080959,-0.19698443,-0.1931895,0.2613277,-0.13273549,0.1004473,0.35203835,0.025897244,-0.2057978,0.12932865,-0.037649345,-0.085006595,0.071911514,0.258418,-0.2298293
protein|IGSF8,0.036955826,-0.010459137,-0.27321666,0.22673248,0.17564942,0.2710143,0.039263286,0.19567522,-0.2604755,-0.07156193,0.13796504,0.044048823,0.07399648,0.30279285,-0.09175823
protein|LDHA,0.14847445,0.40211317,-0.623002,-0.1501,0.1283877,-0.12966485,-0.35279825,-0.23477387,0.11923226,0.5032459,0.02502171,-0.066817,-0.12016568,-0.18833795,0.39816713
protein|CLIP1,-0.16683796,0.17821883,0.26628205,0.27066594,-0.16202216,-0.35923943,-0.26021618,0.012825666,-0.5209786,0.2658646,0.36173302,0.12721494,0.015684204,0.20549582,-0.16234249
protein|ABHD14B,0.47795942,0.024641452,0.19988744,0.26984596,0.36940894,-0.11265782,0.07805083,0.1417023,0.28380755,0.031050408,-0.27889717,-0.49097994,-0.17160417,-0.2605627,0.07114859
protein|ARMT1,0.075411834,0.12427416,-0.051204156,0.08204221,0.090267204,-0.26742315,0.09855943,-0.2803002,0.25676763,0.30368626,-0.11481446,-0.40920505,-0.21031918,-0.09094908,0.0297406
protein|TAPBPL,-0.39436415,-0.31841293,0.014066242,0.29867008,0.04285082,-0.052226935,0.21208915,-0.02396636,0.11963087,-0.13391048,0.08498087,-0.091148324,-0.41979668,0.1901046,-0.22188164
protein|PCOLCE,-0.40303096,0.20721807,-0.18360586,-0.15744883,-0.19553344,0.45399615,0.19921748,0.31846964,-0.5919357,0.2009774,0.37472823,-0.27631426,0.27084112,0.3853954,-0.129242
protein|PTPRCAP,-0.016818242,-0.35181385,0.23207486,0.1457194,0.39746302,0.37186486,0.48292336,0.14090498,-0.105445266,-0.32350487,-0.31338054,-0.27964252,0.13050747,-0.2983186,-0.24768125
protein|CYBA,-0.69002026,-0.37133098,-0.31826395,0.2342086,-0.19448817,-0.22114012,-0.3445812,-0.09637756,-0.13660456,0.030032167,0.34452423,0.050345983,-0.25191274,-0.26783577,0.030663362
protein|SCARB1,0.05749145,0.010489928,-0.19889309,0.33860093,0.46626097,0.17748931,0.06372649,0.1999042,-0.28993633,-0.3085572,-0.15111402,-0.11244928,-0.05174594,0.2467144,-0.19050121
protein|LAMTOR1,0.07174726,0.40705317,0.37729716,0.09623641,0.18562752,-0.1750581,-0.10512825,0.124143645,-0.04416271,0.20352769,0.15412287,0.3858659,-0.09997066,-0.44139418,-0.25648654
protein|PTGFRN,-0.07476804,-0.06914852,0.08970035,0.04906509,-0.04124103,0.42710614,0.58243823,0.028040081,-0.08165408,-0.23013759,-0.22350962,-0.10564003,0.0044837,0.34474772,-0.1385943
protein|SQRDL,-0.49378082,-0.26715755,-0.2689477,0.6064424,-0.16628504,-0.27004692,-0.43768132,0.32404184,-0.35030168,-0.09669979,-0.18550265,-0.19380961,-0.5774161,-0.06396116,-0.018410638
protein|CTSH,0.1484012,0.02495495,0.0948542,-0.06760392,0.22983444,0.016859137,-0.12040935,-0.20765163,0.21224923,-0.27951008,-0.31934404,-0.072169594,-0.13277096,-0.29313573,-0.006204196
protein|TECR,0.33191243,0.11263388,-0.296406,0.34161273,-0.0802943,-0.32358906,-0.11803985,-0.05823475,0.28789467,0.26112446,-0.061751746,-0.14165449,-0.26799518,-0.17304347,0.54610467
protein|PRPS2,0.5537206,0.17063637,-0.29220402,-0.005474594,0.049285315,-0.3569366,-0.29436886,-0.30842307,0.15114169,0.31446728,0.0012410844,-0.4913033,-0.1759946,-0.22529584,0.34404847
protein|PTK7,-0.42622277,0.10277553,-0.32232302,-0.02616922,-0.16962115,0.25164104,0.21522583,0.1256465,-0.4370571,0.08736985,0.22217548,-0.21266486,-0.15369694,0.3449116,0.029515754
protein|PHLDB1,-0.21781275,-0.039040886,-0.27521518,0.44970962,0.077106304,0.36911315,0.15915234,0.069344506,-0.5751723,-0.14066371,-0.03511153,-0.18343419,0.13104405,0.37275857,-0.189483
protein|GNS,-0.37212798,-0.5762721,0.43072486,-0.058942705,0.3931929,0.26255658,0.22177756,-0.01596799,0.00041632817,-0.59668267,-0.1518954,0.1966829,-0.06152335,0.33416387,-0.32946587
protein|TADA1,0.07605212,-0.067140885,0.09142906,0.0884475,0.1596029,-0.24291386,0.12681386,-0.5185547,-0.22399879,0.07396162,0.039446738,-0.41677332,-0.020482041,-0.09153645,0.086478844
protein|C17ORF62,0.120554574,0.066635124,-0.35208446,0.27124625,-0.28920054,-0.34544694,-0.35297924,-0.26708603,-0.12891132,0.1494097,0.12222262,-0.27950338,-0.28914222,-0.27635068,0.33531576
protein|RPS6KA1,-0.13338064,-0.033715926,0.11786644,0.11187649,-0.10209523,-0.65265256,0.05487725,-0.37090492,-0.18095715,0.24255769,0.3771169,-0.02176136,-0.026696168,0.060403343,0.21029662
protein|DTD1,0.08302351,0.19633031,-0.10517405,-0.23179974,0.014057855,0.021302188,0.19440307,-0.16927817,-0.13827863,0.19311096,0.110775575,0.30641478,0.2100528,0.06692586,-0.23259868
protein|SAMHD1,-0.48118755,-0.4800955,0.21308117,0.2705323,-0.5409571,-0.17824364,-0.3985288,-0.5240705,0.02293017,-0.17596684,0.10726166,-0.6224992,-0.49452633,-0.2990499,0.20080724
protein|ACTC1,-0.009059904,0.13307852,-0.09483113,0.05106708,-0.70888424,0.21535683,-0.043851323,0.03822175,-0.31044564,0.17521657,-0.011188821,-0.41097966,0.14447659,0.1216221,0.1593554
protein|UQCRB,0.38680258,0.12463254,-0.19198535,0.47194844,0.29333216,-0.2616538,0.13508673,0.43986917,0.15819368,-0.08521578,-0.8110495,-0.23685215,-0.53392684,-0.052400496,0.037271027
protein|TRAF3IP3,0.017429758,-0.27728912,0.08450291,0.28353748,-0.2866683,-0.37865806,-0.034831315,-0.13015796,0.010904627,0.0899644,0.14973226,-0.38530347,0.08357666,-0.15742904,0.216007
protein|TSC22D2,0.028646648,-0.18576153,0.5641498,0.13256952,0.48207945,-0.0083393175,0.4304991,-0.012202237,-0.13437557,-0.37499037,-0.22753857,0.2026192,0.17611064,0.034262486,-0.51586026
protein|OTULIN,0.20630467,-0.025004283,-0.30209136,-0.02898685,0.14445756,0.051965352,-0.16022438,-0.108947515,-0.030161591,0.3352494,0.16478227,-0.13532637,0.24175125,-0.5349394,-0.13598381
protein|PASK,0.36658168,0.08119115,-0.16057362,0.022580715,0.11982856,-0.3909987,0.12973821,-0.48587278,0.051923234,0.22688754,0.25551984,0.051167317,0.06717763,-0.36275825,-0.24619833
protein|BUD13,-0.15206833,-0.49881738,-0.23397818,-0.027724154,0.06458503,0.51878893,0.33317262,-0.12044826,-0.16183019,-0.16892095,-0.053495068,0.06350447,0.15843312,0.14720081,-0.16824852
protein|NID2,-0.56298,-0.27832517,-0.17415942,-0.20621024,-0.1928054,0.68519735,0.19065051,0.048354246,-0.23821811,-0.15222439,0.268975,-0.08832433,0.0040156106,0.5478078,-0.21534202
protein|CD247,-0.28821704,-0.5217525,0.56913435,0.27370077,-0.008363879,-0.14874965,-0.10526364,-0.11534617,0.10047915,-0.19835135,0.036140654,-0.49815223,-0.057618715,-0.32411894,-0.021711985
protein|ATAD3A,0.47428256,-0.09839597,-0.85474753,0.2634388,0.18414435,-0.15729862,0.13992365,-0.07761676,-0.07545048,-0.061431095,-0.4602162,0.0685658,-0.31425288,0.07286055,0.29153916
protein|PCK2,0.068518184,0.20308353,-0.1148363,0.8735172,0.47158352,-0.17165132,0.1755961,0.30369103,-0.28016397,-0.41314435,-0.6196772,0.08284551,-0.73354924,0.39111936,-0.010790517
protein|POMP,0.48222426,0.24348558,-0.0037102227,0.13505523,0.43298665,-0.07064362,0.08522738,-0.28748938,-0.088771164,-0.14176662,-0.26251748,0.08108979,-0.26131618,0.15595506,-0.19891001
protein|ARF4,-0.029610943,0.32846844,-0.43294,0.27492583,-0.2907828,-0.36125255,-0.14379704,-0.1518649,-0.032006964,0.20055278,0.121559136,-0.39973477,-0.42766345,-0.049582303,0.43646085
protein|SRSF7,0.222341,-0.19408913,0.3971069,-0.3209749,0.7002552,0.2863194,0.43341255,-0.010770591,0.34510794,-0.2659864,-0.31103683,0.3450989,-0.073470674,-0.15200704,-0.5432825
protein|PSTPIP1,-0.46283847,-0.3589924,0.21884985,0.27139437,-0.22073738,-0.49124944,-0.16115916,-0.22599939,0.023814024,-0.06823423,0.15086214,-0.39344388,-0.34185356,-0.20354743,0.22542965
protein|CIRH1A,0.2036708,0.33431247,-0.5723483,0.38691983,0.13890243,-0.14208327,0.19999695,0.016505495,-0.10007175,0.064929955,0.06784822,0.043241296,0.023159787,0.43671358,0.27949092
protein|CD81,0.05502644,0.20433201,-0.06958404,0.11881354,-0.23242156,-0.31052604,-0.6198791,0.12244294,-0.07051956,0.19529372,0.46604934,-0.23522075,0.008427015,-0.30807287,-0.0127615575
protein|SYTL1,0.17607851,-0.13836063,0.2245225,0.07020139,0.008500656,0.13821489,0.34574226,-0.11733031,-0.33509782,-0.32048792,-0.07599406,0.030554736,0.20002387,-0.2468096,-0.36176533
protein|C20ORF27,0.11213487,0.2567611,0.057382647,0.3849692,-0.037171137,-0.495636,-0.099886686,-0.13948718,-0.06120501,0.082385235,0.19321547,0.09330404,-0.14885803,0.13459718,0.050361507
protein|SSBP1,0.38996807,0.18536973,-0.16623782,-0.046096254,0.27875054,-0.14390622,0.16000547,0.38070244,0.4420104,0.03659489,-0.5475905,-0.029618375,-0.033265278,-0.012905047,0.066112325
protein|HNRNPAB,0.45694137,-0.026507366,-0.07308452,-0.59795225,0.49778715,0.3352755,-0.015891079,-0.07785731,0.5445598,-0.11074145,-0.4555126,0.5008266,-0.04352165,-0.25194204,-0.1643541
protein|MRPS12,0.15802743,-0.07922045,0.06479052,-0.10656827,0.40694138,0.17953002,0.15991326,-0.0071838833,0.39065516,-0.27423415,-0.308529,0.4355186,0.028567672,0.049473498,-0.18158022
protein|VAMP7,0.29047433,0.29757115,-0.24289872,0.114319816,0.17536378,-0.27601066,-0.12814736,-0.22340162,-0.24417767,0.23967862,0.05679147,-0.3695727,-0.02894678,-0.2618396,0.04959624
protein|FN3KRP,0.022664558,-0.7802452,0.09570854,0.22980651,0.2117319,0.09827677,0.5322698,-0.22855596,-0.007998928,-0.26170158,0.02680953,-0.18693303,0.08344611,0.008173202,-0.23934953
protein|LAMA3,0.263757,-0.21414278,0.07089104,0.2578958,-0.21294573,0.050060682,0.17353469,-0.3743188,-0.31497696,-0.39472535,0.062244207,-0.3820017,0.086506,0.03358564,0.20923623
protein|SASH3,0.29476422,-0.17613162,0.34081274,-0.20207083,0.3965113,0.23027134,-0.008470085,-0.04311942,0.18567073,-0.05011333,-0.056842953,-0.027810356,0.1880395,-0.4955555,-0.39817092
protein|ITPKB,-0.059579514,-0.31430775,0.281754,0.3912512,0.3777175,0.19345304,0.15717465,0.42263055,-0.07624323,0.16322422,-0.13798551,-0.13947569,0.3493002,-0.2851622,-0.33846474
protein|ATP5F1,0.44068146,0.14452499,-0.5961486,0.5671144,0.056920785,-0.3115703,-0.22719778,0.5073056,0.079444684,-0.02825227,-0.44591385,-0.30434403,-0.26460722,-0.028450813,0.47965243
protein|PUS7,0.15898061,0.055185694,-0.09777946,-0.10673756,0.10202893,0.07378737,0.19707325,-0.24023674,-0.03159913,0.056598157,-0.15491809,0.20900518,0.088258386,0.3170702,-0.05444735
protein|RPL35A,0.2526531,0.27662244,-0.025944456,-0.30305615,0.18848869,0.04948494,0.22510919,-0.544099,0.41513756,0.16641104,-0.43479294,0.02915023,-0.37227517,-0.16619074,0.11111329
protein|RAB30,0.41927412,0.34392014,-0.32059747,-0.20213147,0.14848448,0.051855005,0.16487993,0.018541045,0.06317407,0.28981924,0.007909311,-0.06562519,0.35403663,0.04552759,0.13940997
protein|DHODH,0.03935571,0.14224337,-0.06826567,-0.11277093,0.0495577,-0.30737886,0.34232557,-0.14772004,0.0076630954,-0.08494365,-0.11176992,0.23223019,-0.11227978,0.1702434,0.07537931
protein|EP400,-0.018125579,-0.22407693,-0.092471376,0.11489675,0.070570916,-0.037748937,0.17936449,-0.38019347,-0.3923301,0.08762108,0.3651974,-0.11820892,0.23589543,-0.12705301,-0.07097537
protein|PPP1R2,-0.034049023,-0.39537728,0.5140691,-0.25268963,0.1372314,0.2113894,0.16382729,-0.133063,0.40771958,-0.4955107,-0.54235625,0.0313522,-0.03723646,-0.19706428,-0.09774539
protein|ALYREF,0.22639634,-0.38602182,0.15838295,-0.12213158,0.52514565,0.34130862,0.4830291,-0.119826466,0.14772399,-0.37910327,-0.2491167,0.4198707,0.15078533,-0.20990774,-0.5241902
protein|E7ENX8,-0.019303212,-0.32691157,-0.10929539,0.52246547,0.04126671,-0.58820033,-0.30381548,-0.18538257,-0.040647704,0.13632932,0.23235886,-0.20441315,-0.2800924,-0.52686954,0.1516041
protein|JUNB,-0.11282408,-0.15113184,-0.01661211,-0.30296755,0.11436803,0.123800695,0.132477,-0.64601415,-0.17050102,-0.24918893,-0.12912706,0.24446405,-0.20255378,-0.04230587,-0.3644602
protein|NAMPT,-0.14063992,0.41972354,0.22884831,0.087982886,0.33954996,-0.4570575,-0.11747133,-0.12779361,-0.13885108,-0.016891742,-0.32504746,0.31669247,-0.57188004,0.2423135,0.10611267
protein|DTX3L,0.10322901,-0.14409715,-0.23931555,0.30655625,-0.15367065,-0.20381616,-0.06388792,-0.62185097,-0.022688635,-0.0722609,-0.11149981,-0.0072905477,-0.41329893,-0.100263,0.05519918
protein|CTNND1,-0.20383616,-0.27195343,-0.16031119,0.5199199,-0.08790097,0.23766363,0.12515186,0.3637864,-0.4666838,-0.3482453,-0.25371987,-0.2640061,0.019516539,0.14124805,-0.105438545
protein|SEC61B,0.11311987,-0.061655585,0.058922913,0.14026783,0.16012655,0.36005554,0.24169354,-0.052625757,0.15024616,-0.25759414,-0.6269837,-0.09860332,-0.3694337,0.19173929,-0.08197978
protein|HP1BP3,0.12635757,-0.659198,0.5434316,-0.11849231,0.11456871,0.13380805,0.4833803,-0.0041663903,0.28719628,-0.30095235,-0.1276307,-0.5218201,0.24647315,-0.34042123,-0.0933237
protein|PARP9,-0.077305466,-0.15192527,-0.1928788,0.37588808,-0.19553281,-0.37305415,-0.010053674,-0.5782378,-0.14512843,-0.057708416,-0.08339128,-0.2116795,-0.48697937,0.017834412,0.1364115
protein|STK17B,0.25472593,-0.0954362,0.06170584,-0.058979537,-0.02522198,-0.18365173,0.0795784,-0.27484486,0.07213434,-0.12877876,-0.07129569,-0.3304758,0.08349153,-0.5369268,-0.09886753
protein|ALDH1B1,0.33716452,0.3094835,-0.33135527,0.32000378,0.13124889,-0.031034809,0.23090018,0.21606728,-0.16201568,0.08998286,-0.2241068,-0.4265907,-0.30360907,0.28741592,0.058555365
protein|ATAD2,-0.049737863,-0.20239705,-0.26008093,-0.010182197,0.5044195,-0.07009648,0.33891305,-0.23043568,-0.14632009,0.11449768,-0.026702564,0.23477599,0.1596826,0.12962642,-0.09937075
protein|NKTR,0.20626135,-0.013633321,0.045398977,0.10728832,0.20382728,-0.25239506,0.1742529,-0.36358207,0.16540715,0.21175969,0.004493983,-0.046951126,-0.020138571,-0.024899831,0.021343477
protein|NLN,0.24450053,0.22906189,-0.3819517,0.3667597,0.11848116,-0.36893058,-0.17228512,-0.029109119,-0.02772697,0.06474683,-0.20075253,0.18458971,-0.3838462,-5.899288e-06,0.19108619
protein|PLEKHF1,0.04162586,-0.018980727,-0.1889032,0.18447515,0.069582224,-0.06730074,-0.088743605,-0.1767578,-0.31283903,0.09732967,0.23232782,-0.35551625,0.12674779,-0.45849627,0.007151201
protein|UBR7,0.14184737,-0.17333657,-0.13709201,-0.09273481,0.14691357,0.030597238,0.26469767,-0.5438871,-0.035222486,-0.0606855,0.06173782,-0.037519667,0.18818934,-0.14668003,-0.011647276
protein|PSMB6,0.14978905,0.34820825,-0.28722817,-0.091419585,0.07725057,0.22922486,0.5566218,-0.058789264,-0.115186974,0.026862161,-0.22281615,0.2392208,0.10795185,0.49650037,0.12599006
protein|TMED4,-0.10420823,-0.092134885,-0.18972293,0.35791782,0.105179094,-0.098367974,0.059120603,0.354706,0.0100375,-0.16802846,-0.33452561,-0.25871778,-0.2832,0.4109176,0.39024568
protein|ATP11C,0.20374689,0.31921592,-0.35242254,0.2160324,-0.006882934,-0.32614112,-0.006863626,-0.31532532,-0.07088359,0.14729126,0.030052371,0.057921365,-0.21055701,-0.050100304,0.25283158
protein|UBE2J1,0.017973643,0.012259291,-0.16721164,0.10281235,0.13142894,0.19630833,0.11566429,0.16793375,0.290511,-0.007917186,-0.052914068,-0.04909132,0.12047669,-0.09600104,0.18183209
protein|DARS2,0.5243962,0.21644251,-0.20874923,0.26560473,0.18525459,-0.41052935,0.09227033,-0.120544136,0.09774374,0.046837594,-0.4969969,-0.14878313,-0.28931177,-0.16695973,0.2123607
protein|CAPNS1,-0.05232416,0.17889863,0.6074521,-0.244715,-0.03201943,-0.24532834,-0.05150879,-0.11858069,-0.031338125,-0.048584603,-0.26685518,-0.5046281,-0.10153396,-0.24028902,0.020333614
protein|GOSR1,-0.047368973,0.11699069,0.03998026,-0.21071199,0.21975066,-0.0450486,-0.043319553,0.15582877,-0.103846386,-0.004288487,-0.6462876,0.20012388,-0.25247595,-0.20104277,-0.24316347
protein|LAMTOR5,-0.014128935,-0.21721505,0.57477754,0.12444702,0.62271833,0.222693,0.09919279,0.18769626,0.036902048,-0.31863058,-0.26205215,0.37848765,-0.12050485,-0.20650104,-0.61163765
protein|CDK3,0.37711212,0.18765454,0.14607958,0.02016696,-0.027038088,-0.29028592,-0.029621843,-0.15330072,0.31069127,0.15543957,0.028522033,-0.041298866,-0.029235287,-0.28487915,0.076438844
protein|BRE,0.093965404,0.1269191,0.27843326,0.11267972,0.51319844,-0.3319524,0.15185702,-0.20950395,-0.106919676,0.055152364,-0.12810151,-0.31284043,-0.40953124,0.10302502,-0.104240954
protein|MCM5,0.41640007,0.094236135,-0.8024157,-0.30755043,0.3573153,-0.15321967,0.2479857,-0.7967639,-0.039318357,0.26412115,0.1284501,0.45860088,-0.033840127,0.008258652,0.16748722
protein|RMDN1,0.20913433,0.19007924,-0.3931588,0.35684294,0.24255405,-0.33193752,-0.03650408,0.033322573,-0.0008699215,0.12492319,-0.26614317,-0.18050455,-0.22879657,-0.20620355,-0.00085984083
protein|PPIG,0.21364713,-0.23182192,0.02204836,-0.35300323,0.26035288,0.19418593,0.20718573,-0.079941034,0.35054043,-0.3179891,-0.25694114,0.32243514,0.086339615,-0.16990604,-0.17076272
protein|SYNPO,0.07101553,-0.16972698,0.09952646,0.15103304,0.18785347,0.23804688,0.24490727,-0.13001116,-0.27683443,-0.28045666,-0.22270922,0.019762484,0.031971496,0.18513274,-0.3716177
protein|SAMM50,0.34525105,0.030412436,-0.60010254,0.50474304,0.10217935,-0.291535,-0.11900013,0.20852455,-0.0019031327,0.083339885,-0.13688527,-0.11758771,-0.0632198,0.16818811,0.29909477
protein|TYMP,-0.6220189,-0.5293829,0.22668874,0.09796157,-0.004294634,-0.013997323,-0.38763818,-0.5238653,-0.22239332,-0.21237943,0.011710092,-0.038124755,-0.6379274,-0.33865926,-0.2964419
protein|RRM2B,0.055221755,-0.16884886,-0.44410455,0.09702419,0.16557331,-0.13516195,-0.017687751,0.066431895,0.042167287,0.24556868,0.09245582,-0.124968044,0.20842387,-0.50524724,0.18321984
protein|SNX11,0.0069259284,0.30142677,0.24845551,0.10418579,0.23572397,-0.015035765,-0.08275974,0.20763832,0.009537122,0.20807454,-0.100160934,-0.10371202,0.058828145,-0.3224529,-0.3245021
protein|AIFM2,-0.32671404,-0.07744233,-0.48689756,0.30752802,0.027619148,-0.060028832,-0.0941213,-0.31512454,-0.37460446,-0.18928052,0.21763927,-0.2143442,-0.6046575,0.30365708,0.057248037
protein|DHPS,0.24933256,0.22139122,0.048943866,-0.09681482,0.49461025,-0.15814127,0.14007083,-0.27268448,0.10761302,-0.029469112,-0.1345717,0.110493414,-0.31374007,0.1804811,0.22206241
protein|LRG1,0.026787164,0.5454906,0.3559789,-0.095823035,0.025001625,0.059853505,-0.06722497,-0.039630737,-0.6801649,-0.09029149,0.3322635,0.3680437,0.031970683,0.24215205,-0.26260218
protein|KDM2B,0.44321218,0.2604527,-0.44007042,0.016335925,0.1859217,-0.37082207,0.03923935,-0.54308754,-0.059115227,0.37058696,0.077948645,-0.055761002,-0.06564296,-0.15787195,0.078865185
protein|PANK4,-0.27422035,-0.5525946,-0.071049824,0.29758242,0.037979763,0.1560421,0.24633168,-0.28990415,-0.12616418,-0.1452371,-0.030116335,-0.39438435,-0.10085226,0.15848273,-0.023481514
protein|BRD8,0.12277004,-0.2821665,-0.27805662,0.13000514,0.16059627,0.024001168,0.3596633,-0.107191324,-0.036504954,-0.11967871,-0.07982028,0.023180733,0.07029435,0.11420595,-0.11657237
protein|SNX18,-0.043255545,-0.36969548,0.098715946,0.2898482,-0.17143767,0.36864215,0.17663425,-0.3291439,-0.101369046,-0.4363066,-0.15410581,-0.013757237,-0.3543569,0.24051958,-0.2502769
protein|SRSF6,0.48858416,-0.11658547,-0.25384015,-0.23194976,0.29114556,0.100195035,0.24418809,-0.27206892,0.4955066,0.02234274,-0.10199057,0.5686653,-0.013145093,-0.29236314,-0.17527652
protein|LAPTM5,0.040315885,0.07564433,-0.072829954,-0.19809537,0.44096574,-0.36661118,0.034151085,-0.38478944,-0.013902258,0.14353418,0.24050964,-0.07425497,-0.035602074,-0.33792704,-0.03465325
protein|GAA,-0.45126504,-0.17908806,0.1316927,0.44456762,-0.05776306,0.18116322,-0.118571326,0.25791585,-0.15240745,-0.22929122,-0.07936663,0.028381312,-0.23241092,0.19941391,-0.013879959
protein|RAB11FIP1,-0.18212119,-0.59299636,-0.07481665,-0.030759392,0.019276803,0.03131226,0.059533827,-0.37610435,-0.15083519,-0.05269524,-0.18136245,-0.23670529,0.16281307,-0.5435518,-0.12770462
protein|MPP6,0.18541558,-0.034944326,-0.43531573,0.077244505,0.59305716,-0.0076909536,0.17064343,-0.12602171,-0.044514835,0.5100062,0.07216278,-0.018909212,0.13736054,0.002957738,-0.186043
protein|SFT2D2,-0.075693086,-0.38842094,-0.31150967,0.3001355,0.11019152,0.07853505,0.1023892,0.14091326,-0.07914889,0.080061376,-0.098231494,-0.20553978,-0.035517205,-0.41534573,-0.12378144
protein|RPP30,0.16378418,-0.07050712,-0.15614006,-0.1343589,0.41680843,-0.21099792,0.254565,-0.6994257,0.15331492,0.112121835,-0.299524,-0.2423966,-0.4123079,-0.037186917,0.10036328
protein|GPSM3,0.036394805,-0.22693086,0.5612995,0.43140143,0.29898646,-0.23258168,0.16698745,-0.37050322,-0.4313865,-0.1674729,-0.18022151,-0.45852253,-0.22352125,-0.29423296,-0.4275484
protein|MCM3,0.4561322,0.18519378,-0.6642879,-0.3537575,0.43454638,-0.07138178,0.20292427,-0.47270468,0.16279411,0.14941294,-0.10650111,0.56743383,-0.044414077,-0.016302606,0.19768895
protein|AMDHD2,0.16233607,-0.0102398535,-0.18423127,0.33257878,0.028595999,-0.31368887,-0.02886593,-0.63934946,-0.08419216,0.11037037,-0.029304419,-0.36780688,-0.47102144,-0.16549428,0.20612366
protein|FBXO6,-0.12595023,-0.16310091,0.20653254,0.46204984,0.092397064,0.06649104,-0.06754314,-0.19251005,-0.43991387,-0.19097483,0.2501658,0.12157042,-0.19227418,-0.16397259,-0.3122004
protein|ICT1,0.035848793,-0.035762843,-0.440306,-0.11984629,0.35534617,0.27547923,0.411956,0.07448229,0.107534915,-0.2393814,-0.64738727,0.056963444,-0.22625606,0.1698318,-0.09190693
protein|ARMC10,0.24773006,0.1884578,-0.25751635,0.49568588,0.07840995,-0.47705474,0.0006854882,-0.018818771,0.033214923,0.1204894,-0.046644613,-0.14315544,-0.36595508,0.22765286,0.17397913
protein|HAGH,0.03680276,0.014529847,0.7614608,0.4112861,0.28933904,-0.3186178,0.29664797,0.16917682,-0.1354714,-0.082630955,0.060542874,-0.35879678,0.014243477,0.2891818,-0.15556249
protein|LIMA1,-0.19124351,-0.27818918,-0.33520424,0.016988786,-0.25989124,0.4000555,0.07523678,0.09240224,-0.22378618,-0.079948165,0.07193555,-0.28699598,0.15117988,-0.12400804,-0.1271961
protein|LDHB,0.54805744,0.37664014,-0.2409615,-0.22635825,0.010694499,-0.2070876,-0.2195779,-0.37806454,0.5082942,0.32907993,0.07646232,0.013745593,-0.053562276,-0.23570259,0.44327062
protein|ARHGAP17,0.37325853,-0.12154047,0.24504948,-0.06730903,0.024674995,-0.18767829,0.21822755,-0.33989203,0.27315703,-0.12924467,-0.053450346,0.052039795,-0.07712527,-0.25595906,-0.035222873
protein|SERPINB1,-0.37191355,-0.05855609,0.42976266,0.3200417,-0.068956755,-0.44111502,-0.57188964,-0.31924385,-0.3855141,0.03101293,0.15748192,-0.021368539,-0.36640054,-0.42361426,0.14390105
protein|SUCLG2,0.43368202,0.052989706,-0.30083206,0.92179376,0.029329257,-0.29611462,-0.010551432,0.76484144,0.032864977,-0.15493366,-0.5292812,-0.4172842,-0.29256922,-0.07632418,0.22781974
protein|SCAF11,0.10981929,-0.4548775,0.0074232942,-0.4563392,0.23506284,0.24310818,0.24964763,-0.27795053,0.29551846,-0.2135272,-0.18145639,0.1886964,0.17639552,-0.07625615,-0.035689387
protein|NCF4,-0.55254143,-0.1893438,0.20282649,0.29987192,-0.1809834,-0.55397415,0.0006568382,-0.38711116,-0.04526333,0.19160274,0.18529417,0.1874167,-0.21364605,-0.2587618,-0.15316948
protein|GGA3,-0.07486665,0.050973676,0.14235283,0.11543262,0.1497634,-0.17495586,0.09881637,-0.03845591,-0.1559741,0.07165103,0.06290092,-0.046348922,-0.037291635,0.20047392,-0.18364541
protein|TRAPPC5,0.18146847,0.1406278,-0.123440646,0.16258036,0.08095337,-0.4937104,0.14318599,-0.37385905,-0.12255167,0.14588656,-0.12137462,-0.29965624,-0.15590514,-0.30940777,0.14645047
protein|ENSA,0.27427813,-0.21791661,0.32382634,-0.25255087,0.3460892,0.2383223,-0.17982669,-0.029868264,0.41318142,-0.2034882,-0.44013557,0.27462062,0.09730675,-0.43331978,-0.208987
protein|PXN,-0.17766932,-0.490337,-0.16653724,0.34054807,-0.24734896,0.08663228,0.01256069,-0.10951532,-0.4141461,-0.4418961,0.15207124,-0.17917167,-0.16987821,0.12902664,-0.20017238
protein|NOB1,0.35324377,0.07601228,-0.47308025,-0.065815106,0.22975811,-0.16509005,0.2762,-0.7694071,0.09112244,0.28966185,0.048431005,0.17972341,-0.09021032,-0.025136046,0.18468302
protein|ANXA4,-0.3002528,0.031280465,-0.02974053,0.40474832,-0.12758525,-0.0003358241,-0.19352783,0.23589759,-0.51610434,0.08535848,-0.19357377,-0.4666688,-0.3108126,-0.11428216,-0.14797993
protein|ACAD9,0.30180603,0.2657212,-0.64577174,0.3409418,0.17284888,-0.46896815,0.08264576,-0.05483699,-0.07782014,0.090402484,-0.20810843,-0.07636043,-0.2086021,0.092906445,0.2964654
protein|SYNGR2,0.29724765,-0.05343239,-0.48712552,0.26906136,0.22321521,-0.08552216,0.20343263,-0.14938366,-0.3255177,0.28592807,0.18044879,-0.3201403,0.056797355,-0.5568655,-0.28900465
protein|ENPP4,0.070162915,0.17910905,0.14381589,0.122665495,0.5740617,-0.2594726,0.29465985,-0.23937915,0.01026707,0.10535653,-0.09632544,0.06623342,-0.34357834,0.33055764,-0.15562445
protein|GNL2,0.21858674,-0.48900044,0.1467952,-0.14153023,0.5306329,0.34009033,0.3487277,-0.17355895,0.19312245,-0.20792454,-0.14717555,-0.15860586,-0.027358258,-0.18852194,-0.06809172
protein|FAM3C,-0.056847043,0.24535191,0.0642819,0.15913303,0.33090165,-0.1361259,0.20893969,0.13841355,-0.062541604,0.09387927,-0.28287837,-0.23838729,-0.21699674,-0.0855582,-0.086321555
protein|SDHB,0.25481075,-0.015451735,-0.1628941,0.9262662,0.15994045,-0.29824945,-0.060647678,0.6509476,0.084020704,-0.32042047,-0.56983876,-0.26392397,-0.4831098,0.22798462,0.2394344
protein|ACYP1,0.3754244,0.13918924,0.19034486,-0.2657712,0.49119154,-0.097832695,0.12055616,-0.108086735,0.23059115,0.091433965,-0.0359678,-0.0062348945,-0.0153496,0.10389444,0.09018976
protein|GNA11,-0.043311898,-0.16368617,-0.25099477,0.26479617,-0.28760436,-0.04879211,0.11218784,0.014535429,-0.27608132,-0.08920632,-0.21107355,-0.45162815,-0.054859586,0.065652214,0.12674797
protein|NPM3,0.19144559,0.4083334,0.05870877,0.42385593,0.34637251,-0.021375595,0.40804586,0.21759085,-0.07667795,-0.20302829,-0.2763633,0.18524668,-0.14141291,0.5763847,0.03873661
protein|D6RF44,0.28892323,-0.30799875,-0.00012735871,0.26332632,0.52938014,-0.27532178,0.6132057,-0.48740274,-0.23207258,0.0412025,0.06694732,-0.111244895,-0.09649936,-0.06281641,-0.17084862
protein|ENY2,0.28309873,0.15673226,0.378477,0.18549046,0.44831195,-0.3681186,0.3732259,-0.06537566,-0.38828063,0.13198228,-0.05487921,0.3339579,0.25496453,0.25835976,-0.2429611
protein|SEMA4A,-0.20960577,-0.069266476,-0.27056938,-0.1310994,0.1667154,-0.18763368,0.04706925,-0.13702892,-0.19647275,0.29209968,0.05826447,0.050751165,0.154125,-0.23088466,-0.042552307
protein|LAMB1,-0.432828,-0.17379934,-0.5348631,-0.20130509,-0.23607096,0.37807196,0.13071533,-0.08430647,-0.347641,-0.18052436,0.3769545,-0.21105696,-0.0137329465,0.53300595,0.019367712
protein|COL4A1,-0.430496,-0.4273994,-0.24242939,-0.14330672,-0.3140698,0.5085749,0.11476949,0.13993059,-0.15246363,-0.18615061,-0.081871435,-0.24540135,0.070938505,0.37181473,-0.022602083
protein|HNRNPDL,0.31506848,-0.071738765,0.1522434,-0.17010984,0.39109695,0.3171926,0.13752495,-0.043931704,0.30497846,-0.34108996,-0.23454592,0.45373043,-0.016439527,-0.13348763,-0.27422276
protein|NDUFA6,0.29638854,0.21138333,-0.10456557,0.34169516,0.14768732,-0.5474455,0.11156021,-0.29035035,0.025109263,0.022055713,-0.2979067,-0.24171318,-0.5111023,-0.15008184,0.26173517
protein|FAM136A,0.10443478,0.03765715,-0.18770114,0.15478814,0.30278963,0.16807593,0.17503968,0.19192201,0.10320126,-0.19768512,-0.24263795,0.10730888,-0.11433181,0.19379075,0.121864915
protein|NDUFS8,0.13085988,-0.21247236,0.13259333,0.59440506,0.5463245,-0.1567731,0.07592212,0.35654882,0.079497606,-0.22904404,-0.5485662,-0.13733242,-0.18829131,0.041084528,0.080961265
protein|ATP5C1,0.34378058,0.3000016,-0.56168383,0.6524092,-0.07696777,-0.36851817,-0.076359965,0.31398404,-0.030684313,0.084748134,-0.10956339,-0.108151205,-0.16490804,0.22649944,0.54241365
protein|CSNK1A1,0.09790345,-0.2687861,-0.42691672,-0.10963945,-0.16516028,-0.41901216,-0.0008979761,-0.5977384,-0.1580222,0.11789826,0.4134975,-0.08843158,0.34223995,-0.1371804,0.26441324
protein|ITGB1,-0.4262524,-0.095332734,0.1235317,-0.15967178,-0.13620296,0.421198,0.030789917,0.32605505,-0.21509457,-0.45918974,-0.05566547,-0.11033974,0.060028277,0.5894109,-0.032771565
protein|CHORDC1,0.22888184,0.34795254,-0.3168077,-0.0030276435,-0.046446443,0.0060741003,-0.35330993,-0.32639265,0.006714366,0.15514222,0.075044446,-0.09392546,-0.14116658,-0.05542454,0.33859447
protein|TAPBP,-0.21706125,-0.4704623,0.036531325,0.37581706,0.0743353,-0.43340605,-0.26215804,-0.30348203,0.16669653,-0.025366914,0.31211102,0.028561682,-0.50513124,-0.39285338,-0.030058837
protein|STK39,0.27279168,-0.20548409,-0.08476855,-0.040275585,-0.051979713,0.21421994,0.06559418,-0.11850762,0.14613193,0.08290878,-0.14961469,0.031888492,0.17872694,-0.3890652,-0.14255212
protein|FCHO1,-0.070341244,-0.36583796,-0.16898978,-0.0035114037,0.09265194,0.16720763,0.21758032,0.14114664,0.03852248,-0.003415463,-0.20792176,-0.07850755,0.3213697,-0.15453257,-0.24899308
protein|MYO1D,0.04442332,0.30862027,-0.1046832,-0.006774303,-0.05598517,-0.123286374,0.20256568,0.047143523,-0.39227647,0.4150776,-0.19868375,-0.28387243,0.22343521,-0.092922136,0.14808476
protein|UBAP2,0.20960319,0.037219677,-0.41255707,-0.12401989,0.4292413,0.10589989,0.2054593,-0.27948278,0.31491804,-0.1851684,-0.26686698,0.5411592,-0.169986,0.09023459,-0.07037936
protein|NANS,-0.011749872,0.16761053,-0.16687447,0.0390668,-0.1052459,-0.034627326,-0.563618,0.19760571,0.06343243,0.17247622,-0.15900433,-0.22728914,-0.2882399,-0.36934343,0.2915257
protein|DSCR3,-0.097628206,-0.058845054,-0.25106356,0.076901875,0.024617298,-0.52846354,-0.16813539,0.0439218,-0.10885679,0.0019977042,0.14927177,-0.086022824,-0.23651159,-0.027514094,0.3089404
protein|INTS8,0.18235661,0.1146506,-0.42930245,-0.023640083,0.107706405,-0.32367474,0.18536049,-0.68915606,-0.18708903,0.026690291,0.11622128,-0.33179235,-0.22237915,0.12133233,0.331488
protein|HSPG2,-0.43182066,-0.3086102,-0.45515043,-0.2093347,-0.27477965,0.57545894,0.18715635,0.16265385,-0.4485164,-0.2163916,0.25444427,-0.18261515,0.24472575,0.5776325,-0.17023768
protein|DDX20,0.19930944,0.18733554,-0.32521603,0.19308023,0.45638576,-0.24818249,0.26480734,-0.24756257,-0.22907385,0.16659681,-0.096588865,-0.15496105,-0.2464426,0.019473309,0.14097752
protein|POLA1,0.26470226,0.4506133,-0.17639299,0.073353015,0.59539354,0.16720721,0.08997068,0.2339505,0.035130225,-0.091777876,-0.5023749,0.14056335,-0.16016318,0.20142786,0.013063396
protein|SH3BGRL,0.18690424,-0.343238,0.50197124,-0.15610988,0.30480886,0.12034904,-0.0583135,0.044429317,0.28712222,-0.17572378,-0.18459943,-0.17364638,0.067085855,-0.6114245,-0.42356637
protein|FEN1,0.2997855,0.03169772,-0.37902373,-0.5131827,0.5461822,-0.010394058,0.1587072,-0.39324048,0.33127168,0.2287829,-0.083880514,0.47208303,0.0662465,-0.29951087,0.086470924
protein|ANP32A,0.5244452,0.20984726,0.56787676,-0.27425885,0.57466274,-0.13312463,0.16142032,-0.29748434,0.60058904,-0.13877174,-0.4436436,-0.0951038,-0.088532746,-0.25354627,-0.009158705
protein|UTP6,0.16854848,-0.08317997,-0.6066371,0.13044591,-0.04768901,-0.25518537,0.6248051,-0.41514412,-0.08080744,0.0655879,0.1355913,0.06417845,-0.05305857,0.38780037,0.2485444
protein|SMAP1,0.032582946,0.0055066077,-0.096700445,0.12882558,0.25487316,-0.18873599,0.09020071,-0.33995196,-0.251008,0.14506263,0.026705567,-0.09435406,-0.07815155,-0.044857986,-0.077322066
protein|RLTPR,0.24770957,-0.384114,0.19606552,-0.15030017,0.26508623,0.12413898,0.3756047,-0.1302932,0.18836164,-0.22674242,-0.17931736,0.09713412,0.28718972,-0.09112383,-0.34790003
protein|GGH,0.13799807,0.35161906,-0.019183643,-0.04762948,0.27991176,-0.26517105,0.37507588,-0.053052966,-0.030942662,0.10869001,-0.24189183,0.068970755,-0.27560842,0.36620414,0.16605884
protein|IGFALS,-0.34219304,0.07269326,0.09837567,0.14895938,0.31521696,0.0026693551,0.062409148,0.20818882,-0.6790384,0.122077145,0.37359726,-0.1725493,0.077996865,0.40453568,-0.18440059
protein|LAMTOR3,-0.2138959,0.047192905,0.19768292,0.09245628,0.4249168,-0.27089515,0.1773884,-0.3892973,-0.24088523,0.14330931,0.055306446,-0.07572143,-0.41316757,-0.1351007,-0.27958527
protein|CCDC58,0.32733697,0.2654359,-0.13521174,0.05262659,0.36670274,-0.15562063,-0.009119844,-0.16528144,0.17217007,0.13624798,-0.48497692,0.2871968,-0.26022193,0.0078123473,0.018126905
protein|PAICS,0.51810944,0.47506627,-0.5831228,-0.16863047,0.2794135,-0.16811095,0.004789105,-0.44559425,0.2378975,0.3554053,-0.07352765,0.3553598,-0.13327259,0.17409754,0.23475066
protein|PTK2B,0.015732327,-0.12705557,-0.28990424,0.2928469,-0.040600322,-0.24050343,-0.13294679,-0.15353563,-0.17498042,0.32997915,0.3524021,-0.42996463,0.20194912,-0.47141778,-0.04876436
protein|MMP14,-0.5285862,-0.24616517,-0.44806433,-0.21594477,0.08553682,0.118859574,0.10616264,-0.15071799,-0.5780102,-0.009424762,0.13026339,-0.21904853,-0.2684616,0.097428,-0.31831187
protein|NPC1,-0.18143794,-0.21807571,-0.3753376,0.11349323,0.04657659,0.12274988,-0.13948697,-0.03018342,-0.2701286,-0.36968204,-0.10040952,0.07416525,-0.26848164,0.045556884,-0.22665085
protein|PAIP1,0.34507403,-0.060905147,-0.59560174,0.15033625,0.18273616,-0.17876282,0.18499026,-0.66813856,-0.21037956,0.08816252,-0.18059896,-0.17544986,-0.5071321,-0.08443164,0.15018862
protein|RPL23A,0.34221682,0.018459767,0.22221133,-0.36199382,0.34032,0.2009228,0.08743878,-0.2395979,0.7218714,-0.2754668,-0.44426394,0.44827202,-0.13703285,-0.15653902,-0.09670009
protein|DOCK7,0.2139206,-0.118939385,-0.032798428,0.039517358,0.4626996,0.118538044,0.21902554,-0.59815377,0.25338224,-0.2380395,-0.5129046,0.27480277,-0.26066753,-0.037896078,-0.1694684
protein|PDIA4,-0.1585203,0.1450471,-0.12592949,0.21161182,0.01519904,0.11715226,-0.055728994,0.38055015,0.44820824,0.009426792,-0.31654122,-0.18285123,-0.2352549,0.25434119,0.39257696
protein|LTBP4,0.03580256,-0.18137026,0.2523852,0.12063606,0.13144988,0.15967016,0.23689269,0.1697552,-0.34523246,-0.39194176,-0.026021779,0.09190386,0.25661278,0.5579329,-0.21764866
protein|SPATS2L,-0.10046366,-0.20179272,0.110947326,0.06375921,0.14961958,0.25259966,0.14744447,-0.013874107,-0.11559693,-0.36778587,-0.008926086,-0.12960733,-0.30131602,0.20257778,0.013905879
protein|COL18A1,-0.41756466,-0.28585258,-0.1817611,0.08034451,-0.22987469,0.3589004,0.2133245,-0.058707856,-0.3081661,-0.30625865,0.15646634,0.010862077,-0.066042155,0.62421227,-0.14080265
protein|NUDT4,0.22304597,0.3147723,-0.21454047,-0.08679164,-0.20684645,0.1658352,0.09709989,-0.34129405,-0.10177104,0.15461358,-0.002538568,-0.037404668,-0.14566192,0.090442,-0.1965912
protein|ASMTL,0.30756134,0.07778717,-0.29684585,-0.070206046,-0.060731176,-0.15588641,-0.055833515,-0.3248322,-0.032666605,0.11220672,-0.12045656,-0.059705354,-0.16101128,-0.086330704,-0.054564398
protein|MRPS28,0.437205,0.3147239,-0.31203508,0.38409412,0.48368597,-0.25514066,0.24806075,-0.22135186,-0.08412363,0.055177305,-0.47325194,0.06935671,-0.4753833,-0.05522439,0.10573706
protein|SMARCC1,0.08780063,-0.0373792,0.070433415,-0.23142521,0.29428568,0.17425132,0.13432105,-0.12325355,0.1341494,-0.042572968,-0.055585377,0.39071026,0.15945409,0.25494754,-0.19103195
protein|CC2D1B,0.0895875,-0.18022387,0.004269059,0.19398561,0.2668957,-0.15534419,0.2572191,-0.5587889,-0.19510575,-0.10328593,0.01851842,-0.1714575,-0.16934852,0.053877927,-0.11875121
protein|FKBP5,0.19132072,-0.007240069,-0.21693486,-0.1450895,-0.13072173,0.00071484206,-0.5014879,-0.155281,0.4295671,0.046178322,0.0765379,-0.027102845,-0.26062477,-0.20331518,0.2580231
protein|FAM49A,0.12049669,0.03998238,-0.06640061,0.2228649,0.04748576,-0.067957915,-0.029436791,-0.37757093,-0.19767658,0.17502066,0.006387179,-0.27622136,-0.14021827,-0.39497456,-0.28025302
protein|GTF2A1,-0.042450905,-0.35613683,0.16342044,-0.18644746,0.20026416,0.12983431,0.42985,-0.25342274,-0.031109381,-0.15497695,-0.13218592,0.046228092,0.2189915,0.15027367,-0.35971665
protein|HSF1,-0.036488146,-0.416219,-0.052672714,0.047470786,0.25064853,0.36161718,0.48492202,-0.11575148,-0.109017,-0.15859093,-0.16622794,0.12623854,0.24875602,0.16720395,-0.49503863
protein|CCDC88A,-0.12933913,0.21119855,-0.0040133884,0.11216802,-0.0014390404,-0.20995358,0.126158,0.14855681,-0.26349115,0.22637904,0.19335583,0.26454994,0.16131249,0.002411041,0.023984719
protein|CLIC2,0.08517751,-0.13983111,0.18302202,0.33400077,-0.0820185,-0.2541318,-0.08143441,-0.32046768,-0.33154887,-0.13402879,0.093043335,-0.23768681,-0.115789376,-0.11157391,0.15437481
protein|ERCC4,0.05648308,-0.1927301,-0.3616372,-0.013803017,0.019746685,0.07586591,0.41743425,-0.069764644,-0.34323,-0.07116285,-0.02595243,-0.20749624,-0.014811046,0.34019035,0.013160239
protein|STAB1,-0.38082835,0.009651552,0.48336977,0.23598501,-0.12406393,-0.057639886,0.3474569,0.085471325,-0.3939176,-0.028878408,0.025913853,-0.10720753,0.043136053,0.4258874,-0.11254842
protein|E9PQG4,0.05331689,-0.48093015,-0.33214805,0.40645826,0.21843067,-0.024535166,0.4317083,-0.43633044,-0.50509644,-0.013248424,-0.2803062,-0.47146878,-0.23813298,-0.32629126,-0.1824953
protein|REPS1,0.06789363,0.012719531,0.14396627,0.072925,-0.09099773,-0.12771456,0.062352955,-0.049429182,-0.3320724,0.14441276,0.37358332,0.27491713,0.46962452,-0.04258321,-0.20374863
protein|MYLK,0.091329575,-0.037610777,-0.19113208,0.33297864,-0.7058492,0.053114068,-0.3566135,-0.030500978,-0.37989694,-0.1843173,0.11984002,-0.41279265,-0.11529925,0.11340856,0.008240145
protein|TRABD,0.26973972,0.15120687,-0.6995349,0.31221515,0.09828459,-0.0065224636,-0.07441506,0.046658386,-0.2683361,0.1934817,-0.047009237,-0.06309528,-0.111707464,0.16211984,0.097339116
protein|LTV1,0.18832259,-0.17861281,-0.37177613,-0.11507406,0.06992937,0.24765877,0.39591053,-0.02918381,0.23337501,-0.24342975,-0.20950533,0.2561806,-0.034700133,0.2666044,-0.11067853
protein|CDK9,0.18500975,-0.05730042,-0.06621633,-0.018305877,0.30006644,0.28257316,0.23675025,-0.1329202,0.04300129,-0.28962657,-0.2677004,0.24667041,0.1204334,0.1582861,-0.15636124
protein|PAPSS1,0.29175112,0.18702413,-0.330069,-0.07325213,-0.08806882,-0.15020217,-0.122475185,-0.035916854,0.13061163,0.065758415,-0.098448776,-0.11253048,-0.07956496,-0.27188355,0.23258533
protein|SH2B2,-0.12699214,-0.34578484,-0.11576815,0.11181529,0.32709843,0.0795593,0.4133131,-0.18626735,-0.057788324,0.0052076126,-0.15015924,-0.20188251,0.11588794,0.040954772,-0.2442113
protein|GCLC,0.0013473793,0.13232796,0.32327425,0.55304307,-0.052138902,-0.44471842,-0.006814108,-0.19951114,-0.1515127,0.038924098,0.24366514,-0.04613893,-0.2865681,0.2160438,0.13769917
protein|TRIP13,0.2479918,0.19204707,-0.4073766,-0.017689055,0.47621804,-0.055571984,0.34085232,-0.34030595,0.02842637,0.1555624,0.029979112,0.15475278,0.15660898,0.21405087,0.18233028
protein|FGD3,0.010330983,0.10627433,0.096902505,0.047644995,0.4226804,-0.35098848,0.12328847,-0.34642136,-0.40464616,-0.03685018,0.21357144,0.09368315,0.027443962,-0.18610238,-0.04601612
protein|NADK2,0.17905684,0.24015798,-0.072735354,0.8865531,0.22140877,-0.36437452,0.1886153,0.52398056,-0.4633058,-0.0150622325,-0.10586473,-0.004133933,-0.08343351,0.35087994,-0.01594432
protein|NDNL2,0.047468185,-0.49831846,-0.23946795,0.037230447,-0.010946497,0.17843787,0.44361925,-0.103440955,-0.17148885,0.051407393,-0.06574928,0.138178,0.2641149,-0.030505167,-0.12825266
protein|ATL3,0.05267546,0.2714852,-0.17353296,0.2590048,-0.1540764,-0.36199558,0.0039322064,-0.13836111,-0.024023447,0.038824294,-0.0016392923,-0.45443097,-0.30814344,0.07665914,0.47633836
protein|ITPR1,-0.05538069,-0.17585772,-0.3483147,0.23399608,0.091456495,-0.3807022,-0.22261359,-0.34303707,-0.44100234,0.22364937,0.26848716,-0.30876926,-0.14325745,-0.35434875,-0.11859464
protein|GTF2E2,0.30315375,-0.2501204,-0.3268673,-0.22730808,0.19729722,0.12474558,0.28932545,-0.269206,0.34219065,-0.05069752,-0.029871501,0.30377203,0.0042904275,-0.019650077,-0.10823618
protein|ANKRD13A,0.27097163,0.01795559,-0.1670996,0.26309556,0.067643024,-0.23488544,-0.13732003,-0.050232824,-0.09803823,0.37368414,0.18757811,-0.26865554,0.23787345,-0.57241017,-0.030068994
protein|AGTRAP,-0.31518766,-0.08581667,-0.16668448,0.14878844,-0.07301905,-0.18529221,0.028342046,-0.3187034,-0.30429256,-0.032261092,0.1506578,0.04607286,-0.4123218,0.089259356,-0.112362646
protein|PTPRE,-0.2820288,-0.19457684,-0.11052219,0.31839064,-0.062370833,-0.37479782,-0.04760162,-0.46940717,-0.266803,0.03546172,0.30751917,-0.018416025,-0.35636902,-0.09851169,0.17423773
protein|ATP5J2-PTCD1,0.2967058,0.2685609,-0.3503826,0.7577839,0.28828403,-0.45907444,0.040923033,-0.008694128,-0.34129956,0.18904255,-0.15478636,-0.37733474,-0.36647484,0.12576555,0.34555304
protein|PLCG2,0.5743676,0.17602824,-0.56649274,-0.11664376,0.25405705,-0.12734586,0.08521271,-0.43925995,-0.028632464,0.34176892,-0.012157553,-0.026427383,0.06357098,-0.3331314,0.0068425173
protein|RRBP1,-0.4073575,-0.17298846,-0.36762777,0.11194793,-0.40645236,0.4365844,0.010563578,0.18978828,-0.013389754,-0.38365424,-0.3649579,-0.34621614,-0.40849385,0.43809992,0.3049527
protein|CTSC,-0.34093818,-0.43562847,0.21768774,0.13050568,-0.2804394,-0.07381217,-0.16471301,-0.292482,0.019809775,-0.12256963,0.39870998,-0.12397586,-0.12141926,0.013847679,0.14198259
protein|CARS2,0.22814529,0.023520494,-0.44543102,0.4520394,0.32079872,-0.10881531,0.05207282,0.22514234,-0.14078617,0.06721417,-0.19298342,-0.13090988,-0.38993374,0.24142943,0.09290657
protein|ROCK2,-0.038323633,-0.15755093,-0.37036896,0.15629335,-0.053570714,0.20234919,-0.04800698,0.105497345,-0.112003155,-0.03176681,0.057267923,-0.15047093,0.30404285,-0.12714247,0.1812036
protein|RASA2,-0.29392287,-0.41262722,0.020817587,-0.06452946,-0.20531154,0.2594993,0.39377025,-0.2808592,-0.26432294,0.06197416,0.025254093,-0.24455038,0.20699888,0.17573237,-0.25988656
protein|HSD17B8,0.3401866,-0.051744323,-0.023332397,0.71076345,0.29247567,-0.23163082,0.34700173,0.3210689,-0.17772424,-0.07466816,-0.36189383,-0.26065215,-0.11066721,0.33720434,-0.11934546
protein|C15ORF40,0.2937089,-0.16321012,0.46254674,-0.049094293,0.5185858,0.12776574,0.047864873,0.13472898,0.07392341,-0.29247066,-0.24521531,0.15159748,0.08227458,-0.23649539,-0.3067179
protein|APOBEC3G,-0.2174441,-0.486358,-0.085010745,0.15307678,-0.23509945,-0.3924733,-0.05565563,-0.40960166,0.15446547,-0.085312575,0.11962063,-0.13565457,-0.22270723,-0.2797528,0.12513693
protein|BIN1,0.11268902,-0.45113915,0.29358014,0.17714906,-0.2039045,-0.12480796,0.13405259,-0.06254912,-0.1595217,-0.1292509,-0.057349145,-0.28456122,0.28731826,-0.29853532,-0.023364224
protein|GPX1,-0.47546262,-0.2357004,0.32207698,0.039244387,0.109847575,0.12825523,-0.3204647,-0.014977804,-0.17419279,-0.35210267,-0.17304769,-0.034064576,-0.5608367,-0.2067329,-0.38077065
protein|TNKS1BP1,-0.19904812,-0.28498578,-0.0034746572,0.051028624,-0.011111068,0.44835666,0.14920226,0.3694057,-0.29917365,-0.18414494,-0.56653225,-0.06772802,0.12115658,-0.03511597,-0.21428967
protein|PGD,-0.34965956,0.2828864,-0.0028475283,0.11619102,-0.10655225,-0.44737577,-0.58558893,-0.26379064,-0.14762764,0.002515225,0.12218903,0.06973514,-0.6735978,-0.17055063,0.21271561
protein|UBE2L6,-0.08907018,-0.065412655,0.4527281,-0.08025974,0.054376088,-0.41144213,-0.05425542,-0.35496116,0.25409207,-0.10921605,0.2647906,0.20623073,-0.1398164,-0.024656035,-0.13765699
protein|CCDC12,0.2748428,-0.37078407,-0.10295821,-0.40675747,0.19220628,0.20408854,0.25875401,-0.33020338,0.42835268,-0.2785542,-0.5767522,-0.080824584,-0.014488662,-0.266373,-0.028606849
protein|SEC62,0.114165984,-0.062209927,-0.3956296,0.08634058,-0.24252902,-0.045589603,0.19608724,-0.061449494,0.29758838,0.18481721,-0.026756927,-0.2930861,-0.158759,-0.01072803,0.312873
protein|WDR70,0.1401909,-0.2550641,-0.36822855,-0.07181928,-0.06673369,-0.097059466,0.16102424,-0.50151944,-0.0077826534,0.08656554,0.20653357,0.010776934,0.25853702,-0.113719255,0.046002045
protein|GMEB1,-0.16972518,-0.26975465,0.13167503,-0.013691268,0.16625759,0.06979447,0.24209988,-0.27386522,0.03489213,0.07079026,0.037684795,-0.20599993,0.2747512,0.019257858,-0.12234983
protein|SEC24B,-0.17344998,-0.30767772,-0.100120455,0.19780949,0.3100385,0.04352843,0.4470889,-0.24731968,-0.4005149,-0.05394475,0.21127799,-0.13610576,0.39140865,0.31269342,-0.11267062
protein|PARL,-0.0016292614,0.10382304,-0.036000937,0.43489644,0.08863718,-0.16595425,0.11084509,-0.05941119,-0.44294915,-0.0840634,-0.11292736,-0.12058683,-0.31794637,0.31446084,-0.01215936
protein|HCK,-0.12097139,0.07076494,-0.18042047,-0.006479336,-0.121024705,-0.0040585347,-0.098420404,-0.3808505,-0.26069987,-0.16196503,-0.12917285,0.11097502,-0.4127871,0.08342267,-0.008498739
protein|MAP4K2,0.120775536,-0.035247736,-0.14624953,0.32758883,0.19548333,-0.03329684,0.20194988,-0.1504754,-0.15542975,0.2823302,-0.031214649,-0.20791583,0.2467642,-0.22050402,-0.1288047
protein|STAT3,0.06529074,0.25822958,-0.19196789,-0.10517506,-0.35659894,-0.08296819,-0.43723616,-0.5500857,-0.09207217,-0.024906898,-0.12588927,0.22680834,-0.47203133,-0.05519404,0.27422622
protein|SLC25A20,0.24427184,0.11870638,-0.18432209,0.8829457,0.18531767,-0.3421002,-0.011102025,0.4390597,-0.12521854,-0.107034035,-0.2934939,-0.38450262,-0.37607262,0.18368442,0.19723797
protein|CHMP7,0.5214516,0.04614782,-0.21409158,0.18883553,0.18805023,-0.29320982,0.00789265,-0.050020818,0.10681997,-0.11026065,-0.43499237,-0.2610722,-0.21789016,-0.103215925,0.2658594
protein|WDR4,0.29383758,0.3794304,-0.09828723,-0.07170621,0.36379763,-0.15456033,0.14022094,-0.14085014,0.095551945,0.14091024,-0.1558886,0.3078368,0.010105838,-0.01176741,0.0122169005
protein|TBC1D17,0.023277208,-0.022447785,0.13862672,0.24943015,0.04979621,-0.1486107,0.35400975,-0.20942341,-0.26831457,-0.1968671,0.08494255,-0.46558705,0.11506082,0.037825163,0.12102324
protein|TBC1D1,0.17010403,-0.07228304,-0.09124141,0.31445876,0.16354011,-0.49521172,-0.13194588,-0.12563717,-0.034001295,0.29090923,0.0463614,-0.36729136,0.006274453,-0.4262406,0.2675345
protein|ACADSB,0.3157831,0.15155311,-0.24628502,0.84994555,0.30040234,-0.10176691,0.17909032,0.6652059,-0.1620978,-0.2974397,-0.6570033,-0.20346268,-0.43331206,0.24055707,0.080669455
protein|CCDC55,0.17430884,-0.32892683,-0.35693568,-0.38604885,0.14319661,0.28947043,0.5393969,-0.31030312,0.17367129,-0.12402927,0.05544172,0.37523523,0.29671532,0.25924277,-0.26133436
protein|PSMD10,0.2219245,0.122589044,-0.109418884,-0.16398099,0.02551874,-0.17110714,-0.15071689,-0.26897135,0.19572058,0.29496643,-0.0673121,-0.27984044,-0.11760752,-0.18893547,0.21009544
protein|WDR91,0.043446932,-0.2553877,-0.40912375,0.1077516,-0.37036574,-0.07444037,0.13649301,0.033173494,-0.1897868,0.041648533,0.20768623,-0.3517974,0.1304714,-0.16282307,0.006025181
protein|M0R2S1,0.25291184,-0.2598645,0.14110495,0.025613535,0.09350494,0.22147857,0.10381995,0.25842324,0.059338108,-0.22295228,-0.52496594,0.35652933,0.23890051,0.054805033,-0.33921486
protein|ITGA6,-0.11731973,-0.06884774,0.01975406,0.17505847,0.10467835,-0.016334552,0.13785918,0.21155113,-0.5641821,-0.07983067,-0.27564672,0.056764428,0.124338135,0.20508571,0.0033675167
protein|HEATR1,0.29146323,0.36021328,-0.63504195,0.11531482,0.18635547,-0.3428902,0.39907476,-0.3635072,-0.11825338,0.23067741,-0.026785586,0.013896238,-0.19701822,0.32176566,0.25248057
protein|METAP1,0.40122184,0.3145701,-0.20897943,-0.05119211,0.36560765,-0.27345145,0.2055568,-0.3981572,0.20424841,0.20228286,-0.3487872,-0.048619334,-0.18739212,-0.15854773,0.15743831
protein|EBF1,0.29720095,-0.1800579,-0.28948972,-0.094911404,0.37182838,0.058225557,0.29823855,-0.36115143,-0.23106399,0.32962975,0.055360552,-0.09731478,0.22928023,-0.15226918,-0.16266732
protein|ACOT2,0.20108877,0.11565016,-0.05694982,0.9084963,0.45528215,-0.3759098,0.19878277,0.42244616,-0.30219513,0.015317709,-0.56636524,-0.002101685,-0.34926796,0.11133523,-0.03730795
protein|IDH3B,0.052439004,-0.14154297,-0.43852058,0.18777229,0.12642834,0.08308401,0.2834887,-0.34959868,-0.14270231,-0.17348336,-0.11518639,-0.2922314,-0.16619438,0.06604079,0.18141216
protein|BTK,0.47500217,0.20582864,-0.3822506,0.05749031,0.17496471,-0.40690458,0.00070698594,-0.33524835,0.25617656,0.29758576,-0.022537556,-0.022294734,-0.14515552,-0.19509666,0.19102591
protein|PLS3,-0.2764343,0.24065767,-0.023337442,0.03556328,-0.5814565,0.15345867,-0.28257036,0.32707065,-0.34067187,0.14928551,-0.039879203,-0.5797161,0.060614176,0.01106434,0.0841606
protein|VTA1,0.142357,-0.19703297,0.14964774,0.27688387,0.46077657,0.07243332,-0.109790154,0.006113732,-0.07490072,-0.094179,-0.17404613,0.13166694,-0.056736503,-0.2661469,-0.22190833
protein|DNAJC10,-0.01155375,-0.096346386,-0.55488,0.15453395,0.27315938,-0.12707485,0.29492992,-0.100217834,-0.08575671,0.3492833,0.13970706,-0.626549,0.118221365,-0.016114486,0.03573453
protein|INTS10,0.060212873,0.15677153,-0.03336358,0.081915,0.078006774,-0.27212182,0.1936778,-0.40944752,-0.1976442,0.24711327,-0.048497897,-0.28246385,-0.19869976,0.1890983,0.1701127
protein|HMBS,0.32554024,0.33644846,0.108141944,-0.19231193,0.099647105,-0.34959534,-0.16534077,-0.3715862,0.09740797,0.17877316,-0.006293119,0.3148535,-0.16426109,0.12188043,0.16995578
protein|GSPT2,0.37353215,0.30289742,-0.15023458,0.07457164,0.27511528,-0.00900504,-0.24889578,-0.2255566,0.09466061,0.24583867,-0.33489892,-0.12838013,-0.27861825,-0.24651355,0.052098196
protein|PXK,0.26956177,-0.042223603,-0.10733958,0.011916224,0.36539242,-0.12131056,0.2262931,-0.40585896,-0.015110087,0.13591091,0.0955392,-0.09067162,0.06883416,-0.32938224,0.025533887
protein|TM9SF2,0.24121259,0.31681845,-0.3339054,0.202463,-0.14447811,-0.35813007,0.006495218,-0.14197369,-0.27735084,0.08193757,0.03260909,-0.25946796,-0.24762532,0.19876623,0.28273943
protein|TBC1D2B,-0.18411227,0.02683526,-0.051699396,0.14217438,-0.07178583,-0.11886223,-0.11970504,-0.1617516,-0.15388644,-0.073771045,-0.013332594,-0.19303069,-0.18979454,0.06290949,0.02796733
protein|SEC24D,-0.18157104,0.08340329,-0.4264136,0.07122806,-0.24593031,0.018004475,0.09226956,-0.14737591,0.0026005204,0.03795595,-0.20361465,0.049349267,-0.35189763,0.26905987,0.18911771
protein|EOGT,-0.09874185,-0.11174339,-0.18924911,0.22746556,0.091244735,-0.31444624,0.14303084,-0.36457226,-0.37182435,0.10439573,0.1255937,-0.31049266,-0.2507001,0.055329055,0.13549787
protein|RPN2,-0.018995713,0.25790507,-0.4310111,0.3588652,-0.23842406,-0.36215693,0.14177996,-0.14176695,-0.05476217,0.23142111,-0.019357933,-0.5223606,-0.39937127,0.31101012,0.6379844
protein|SFN,0.28728592,0.13072388,0.039408475,0.025509797,-0.22158773,-0.37079066,-0.3843811,-0.1519898,0.09613676,0.22347292,-0.45042256,-0.019058123,-0.17771041,-0.6563347,0.1310357
protein|HINT1,0.2978238,0.18901747,0.5064141,-0.122156434,0.48124635,-0.10393716,-0.08907503,0.2333516,0.36114475,-0.09403936,-0.55742854,0.16328025,-0.06832182,-0.15167357,-0.074698694
protein|MAGED2,0.22603115,-0.23952319,-0.15054914,-0.25197285,0.38270077,0.11841524,-0.12160562,0.12422467,0.05488592,-0.02141445,-0.17037487,0.021940025,0.13106568,-0.12920769,-0.1614839
protein|RBM47,-0.30740765,0.04167025,-0.08267933,0.5211243,0.15853441,-0.2592671,-0.10112175,-0.24273792,-0.39234775,-0.031485956,0.16937108,-0.018518355,-0.49703896,-0.070187606,-0.00054365996
protein|DHX29,0.21371128,0.04173253,-0.37441346,0.20639898,0.3826028,-0.31127408,0.27943063,-0.50100553,-0.2709099,0.08639317,-0.09193548,-0.12766612,-0.26516026,0.041020583,0.03382711
protein|CASP4,-0.23779637,-0.20683159,0.14095666,0.18953715,-0.18831347,-0.45018774,-0.21346058,-0.5767463,-0.07485409,0.05890996,0.024515534,-0.07852243,-0.40030405,-0.009694009,0.1538884
protein|PREX1,-0.22617555,0.0037993228,-0.048645347,0.28934568,-0.23453769,-0.22947855,-0.15332662,-0.33830467,-0.28043523,-0.35224885,0.121964484,0.0084643485,-0.32777387,0.004380002,0.058314145
protein|ARL1,0.08100083,0.35903916,-0.30820188,0.2968668,0.063825935,-0.49754077,-0.021556828,-0.28909552,-0.28518936,0.16604604,0.23077197,-0.1250338,-0.30933005,-0.05271379,0.20097162
protein|B8ZZA8,0.04983062,-0.2826326,-0.24722596,-0.05654844,0.30328605,0.16014047,0.20517083,0.005811305,0.011198817,-0.1950348,-0.24311392,0.35208678,-0.07638499,0.14537068,-0.3664451
protein|TOP1,0.4024195,0.26439342,-0.26048598,-0.6787549,0.40074697,0.020353295,0.21726768,-0.7308502,0.3340133,0.024701286,0.009554393,0.20654833,-0.1516637,0.112422965,0.23257245
protein|PSD4,0.02267371,-0.10279953,0.440879,0.14589587,0.12461061,-0.32332516,0.05080615,-0.09153917,0.07007823,0.027584998,0.21456216,0.119198754,-0.10037041,0.07343749,-0.081469506
protein|TAF6,0.0661139,-0.016782427,0.33002454,-0.0695347,0.30325305,-0.17378569,0.54641294,-0.63757294,-0.30276313,-0.014647568,0.047912057,-0.16293128,-0.12276339,-0.106228895,-0.12243374
protein|MOB1A,0.5796067,0.3673476,-0.08465308,-0.1553622,0.03833477,-0.2989328,-0.13527253,-0.6789799,0.10358403,0.12547466,-0.00069970347,-0.13030405,-0.21080485,-0.53836405,0.025448268
protein|EIF4EBP1,-0.0952026,-0.15362963,0.15760656,0.07969507,0.20160007,0.19456184,0.2886118,0.11344748,-0.23126195,-0.18634671,-0.15027164,0.34292388,-0.014595525,0.17856301,-0.27443713
protein|CLPTM1L,0.18482994,0.14861333,-0.38723215,-0.08252589,-0.06339907,-0.195904,-0.2554658,0.29970238,-0.072311886,0.034149006,-0.24558266,-0.1979399,0.04674036,-0.11550531,0.48934075
protein|RRP9,0.15609862,-0.15271197,-0.71160704,-0.09780937,0.19592668,0.16859163,0.5343882,-0.3731004,0.040699136,-0.045225874,0.14350289,0.3341133,0.029737255,0.6443806,-0.06896837
protein|TMEM256,0.12332837,-0.3704416,0.088016056,-0.1509971,0.11073724,0.3129337,0.27480924,-0.24634631,0.27586225,-0.18838486,0.17749,0.08105688,0.08968496,-0.037515312,-0.021906033
protein|SERPINB6,-0.017828505,0.018379366,0.079280846,0.086078815,-0.34497106,-0.26595724,-0.46793252,-0.277856,-0.3648817,-0.011497657,-0.090164304,-0.20423351,-0.39946795,-0.22362038,0.11764971
protein|HCCS,0.193928,-0.39338267,-0.46796876,0.10753192,0.31100735,0.116894625,-0.042922925,0.013481142,-0.09153005,-0.08970691,-0.5308891,0.22203161,-0.12534188,0.03100368,-0.303067
protein|IL18,0.03577502,-0.10107898,-0.18403186,-0.235967,-0.11422733,0.076467805,-0.71557957,-0.24201727,-0.15293561,-0.18965168,0.118772395,-0.12094401,-0.35983628,-0.505472,-0.07806254
protein|NOC3L,0.09527945,-0.026330164,-0.47701773,-0.19948287,0.10889666,0.05100312,0.1611075,-0.32070103,0.27028036,-0.026902817,-0.054731097,0.24490033,0.017092561,0.06242467,-0.005908873
protein|FAM32A,0.09323863,-0.24647237,0.20190744,-0.16010599,0.27347782,0.18564396,0.1463208,0.09257788,0.11971701,-0.4907681,-0.45105878,0.008540517,0.057696354,-0.17059009,0.08728258
protein|FCHO2,-0.3101987,-0.35989544,-0.35852274,0.3553092,-0.24987556,0.05744702,-0.062746935,0.041738927,-0.09022445,-0.25767958,0.21427572,0.1511499,-0.23823276,0.29698253,-0.045902036
protein|MDH2,0.45300955,0.28926226,-0.4653671,0.54486483,0.31836018,-0.278793,0.030073844,0.40520045,0.2632936,0.10975633,-0.5331316,-0.1927605,-0.3941139,0.03579813,0.3953564
protein|SCP2,0.15343152,0.15418042,-0.1468416,0.52169615,0.31962103,-0.198458,-0.008000814,0.71214974,0.08639799,-0.220536,-0.6024711,-0.005843428,-0.328308,0.16339074,-0.12469442
protein|CARD11,0.3094357,-0.13954589,-0.13124855,0.12284071,0.15282482,-0.4119245,0.38295916,-0.52122104,-0.06878281,0.03508267,-0.09265972,-0.018685946,-0.016932206,-0.16090102,0.1200183
protein|MLLT4,0.19289352,-0.01841458,0.0008784806,0.18428232,0.20510954,-0.058287434,0.16117756,0.17364573,-0.29718196,-0.24823727,-0.33577335,0.13279067,0.02901669,-0.06817675,-0.08747238
protein|RENBP,-0.37274826,-0.37437335,-0.13014433,0.14033055,-0.182707,-0.23105365,-0.404119,-0.34165692,0.029383762,-0.052982617,0.2034254,-0.17167044,-0.4601318,-0.21530536,0.09711216
protein|MT-CO2,0.13421084,-0.018892948,-0.2988261,0.7574347,0.23136185,-0.4406869,0.3253536,0.14452681,-0.25071844,0.11661621,-0.3818669,-0.41008618,-0.5651647,-0.02192626,-0.07549658
protein|MVP,-0.23167682,0.06218217,-0.10486648,0.31285828,-0.33906725,-0.23081504,-0.6139952,-0.24683255,-0.2135242,-0.026338927,0.003195829,-0.30153093,-0.51626664,-0.265504,0.08223128
protein|CD68,-0.39045134,-0.2395539,0.060721748,0.10750487,0.11904991,-0.15279825,-0.06759404,-0.062655576,-0.34223494,7.714299e-05,0.4549182,0.23557971,-0.068156235,0.43510592,-0.24639715
protein|PTDSS1,-0.027997985,-0.45858398,-0.31554484,0.0805632,0.04767072,0.3682249,0.13325658,0.09498481,0.038055032,-0.35714352,-0.4299465,-0.20055962,-0.109241515,-0.14842023,0.016517337
protein|MVK,0.34586912,0.13482003,-0.23379637,0.18736552,0.2429358,-0.12073414,-0.108314626,-0.10276305,-0.15697378,0.15483214,-0.19678341,-0.13495001,-0.051303983,-0.19191383,-0.26538217
protein|MRPS30,0.2025584,-0.08792643,-0.34284,0.16325298,0.43864316,-0.3684023,0.38249213,-0.23975623,-0.08398413,0.0746449,-0.23051924,-0.06201817,-0.28575036,0.105148524,-0.18278497
protein|PLEKHO1,-0.061725825,0.13306937,0.48321533,-0.021136375,0.28390458,-0.05181292,0.17225744,0.018240709,-0.1769367,-0.19994932,0.35691392,0.24644677,0.2653818,0.04373566,-0.22832997
protein|BAP18,0.086037755,0.0405528,0.5264272,-0.1367661,-0.050128717,-0.12618057,-0.30634853,-0.13486016,0.30010357,-0.17664275,-0.07115445,-0.37175843,-0.12721157,-0.6156314,-0.14054279
protein|FKBP3,0.39854085,0.17663388,0.1751889,-0.21609336,0.3983239,0.20154981,0.13088839,0.059621066,0.3851243,0.06312127,-0.28281933,0.4652541,0.13046293,-0.3067169,-0.24293037
protein|PPP4R2,0.19233228,-0.25567177,-0.20578532,-0.27094647,0.08665012,0.31718987,0.263942,-0.2854928,0.35701203,-0.16788855,-0.041025117,0.0462087,0.16327566,-0.09939256,-0.14457251
protein|PALLD,-0.2347291,-0.17364672,-0.2710711,0.021011153,-0.5247176,0.47966027,-0.16385221,0.23475829,-0.1777913,-0.15220144,0.1775625,-0.37448972,0.060299497,0.30109635,-0.17276524
protein|SUGP2,0.09634676,-0.10502426,-0.40361413,0.041812066,0.32766008,0.28475237,0.22517325,-0.022748677,-0.19169958,0.15279092,0.047139343,0.29342002,0.24169566,0.033209927,-0.10965525
protein|SMC4,0.28356698,0.20247602,-0.76180357,-0.32167828,0.29039878,-0.048699513,0.12925655,-0.5279711,0.08851727,0.26977462,0.088761255,0.17508313,-0.12120558,0.117577784,0.32368356
protein|ATP6V1D,-0.28597626,0.02760949,-0.08117393,0.34250826,-0.04931356,-0.5328223,-0.47445542,-0.36054656,-0.22340366,0.12594087,0.27784196,-0.10578583,-0.58336484,-0.22802421,0.25566095
protein|IPO8,0.14153767,0.13026987,-0.08261003,-0.22473267,0.25033274,-0.24036118,0.25741002,-0.71443015,-0.16802442,0.18621124,-0.0020498822,0.007874604,-0.20740116,-0.05189131,0.018043067
protein|PYCARD,-0.42792457,-0.43306294,0.2505677,0.3149069,-0.017312678,-0.24256419,-0.20274486,-0.45277417,-0.22779076,-0.08721044,0.023951476,-0.46025503,-0.45415065,-0.1710532,-0.009954802
protein|COX4I1,0.28983462,0.07731633,-0.48720595,0.7123803,0.19732754,-0.3915637,-0.040738333,0.31024414,-0.008696846,-0.0100919595,-0.30428717,-0.25927487,-0.42077717,0.053413674,0.3386194
protein|NDUFB4,0.29908833,-0.042725187,-0.1965474,0.8189026,0.33811125,-0.37013748,0.16076064,0.073727965,-0.4405787,0.023846732,-0.41917577,-0.20729598,-0.5854416,0.04469666,-0.08586531
protein|HLA-E,-0.17724636,-0.33758235,0.32246837,0.16054998,0.20921703,-0.14599462,0.1161258,-0.22163256,0.0066984147,-0.054436978,-0.02864305,-0.08220671,-0.015886856,-0.21988241,-0.43061405
protein|ITGAL,-0.36490268,-0.583928,0.34733477,0.32069188,-0.1468492,-0.32711706,-0.31489325,-0.3887723,0.07444261,-0.33901885,0.37861314,-0.29391533,-0.227152,-0.31020412,0.043099213
protein|ARL6IP5,0.04913596,-0.068707876,-0.29682878,0.41713747,-0.43616802,-0.44773135,-0.3695076,-0.41226977,-0.20870414,-0.07759889,0.13670905,-0.4568031,-0.46425205,-0.21833228,0.30974784
protein|ERGIC1,0.32384196,0.15073787,-0.16662405,0.46247238,-0.24382184,-0.32558477,-0.19455513,0.20842412,-0.11484788,0.12909152,-0.24721584,-0.28053552,-0.15080608,-0.13280809,0.2930692
protein|DLD,0.43955922,0.034508094,-0.73120594,0.5511289,0.1392652,-0.1539616,-0.20829938,0.5790235,0.10659875,0.014095264,-0.4751976,-0.1767101,-0.27931234,-0.07185495,0.16425684
protein|NUBP1,0.25822222,-0.14716695,0.06866236,0.062015727,0.51911116,-0.16720644,0.05140822,-0.15003845,0.048365798,-0.07078855,-0.10705444,-0.14035739,-0.287523,-0.27900788,-0.056883465
protein|PEX5,0.12275861,0.13039812,-0.30364397,0.48298103,0.20829839,-0.25409946,0.44312182,-0.27770793,-0.27622575,0.0860485,-0.24050045,0.061138205,-0.18069197,0.32894194,-0.06198242
protein|SLK,-0.09927527,-0.06742114,-0.07869765,0.0024914662,-0.0823474,-0.00063561805,0.038914725,0.14616929,-0.09667893,-0.0723487,-0.005135677,-0.17468666,0.006525553,0.15463598,0.055701304
protein|DDX51,-0.118851945,0.023572417,-0.5137942,0.10708189,-0.07186292,0.09047001,0.15629615,0.12286522,-0.18516624,0.017535388,-0.055552434,0.0853449,-0.087130286,0.17489931,-0.039300393
protein|FLYWCH2,0.0626208,-0.45098153,0.19410235,-0.15770178,0.105555855,0.30851865,0.138856,0.041009314,0.053972848,-0.35979503,-0.33827645,-0.1536,-0.008249232,-0.19897516,-0.23015672
protein|IKZF1,0.25141793,-0.18474364,-0.43308166,-0.493476,0.070525855,0.066810265,0.37772807,-0.6424516,0.22320464,-0.06863609,0.027950127,0.31983098,0.13129209,0.17727712,0.21917142
protein|DIABLO,0.3158381,0.10916906,-0.56560737,0.48188993,0.057809073,-0.32267725,-0.00092158635,0.19360493,-0.05551824,0.19277519,-0.1223302,-0.2959247,-0.13124602,0.014203355,0.23706946
protein|CPPED1,-0.2194448,0.05277422,0.46751633,0.2166608,-0.3157155,-0.43480635,-0.24276401,-0.31086764,-0.23666725,-0.13866167,0.288687,0.2658496,-0.16147055,-0.08514442,-0.03165426
protein|PSMF1,0.13860048,-0.10411697,0.10263806,0.3109284,0.33252442,-0.09796695,0.43748865,-0.1855648,-0.20105603,-0.1094771,0.17304179,0.13368331,-0.0045841667,0.19317557,-0.12873313
protein|SCAMP1,0.3129441,0.187089,-0.44835517,0.40662992,-0.2508383,-0.036558244,-0.3272726,0.2597324,-0.016252575,0.043147985,0.068166316,-0.14406686,-0.036497585,-0.13665918,0.16779897
protein|MRPL43,0.31220695,0.014138091,0.029160589,-0.010488755,0.62256587,0.0023080278,0.39255777,0.015514431,0.14576457,-0.21920058,-0.50318956,0.20586434,-0.18947054,0.19642164,-0.057250015
protein|TM9SF4,0.076229155,0.27407727,-0.31183475,0.15292552,0.08330286,-0.38619202,0.091015205,-0.117017925,-0.29212463,0.27084053,0.25627172,0.033107847,-0.23243824,0.20756534,0.17259622
protein|STAU2,0.2505018,0.29818934,-0.251563,-0.3669883,0.16014552,-0.22327273,-0.012102077,-0.26105452,0.17228492,0.0128888525,0.22135568,0.2177895,-0.056487292,0.2645235,0.08010531
protein|CNN3,-0.1702176,-0.053745363,-0.053320143,-0.0057450472,-0.2872024,0.4135288,0.13910967,0.2146558,-0.25295493,-0.20438488,0.048058763,-0.42369103,0.23110543,0.2738969,-0.085261226
protein|HPX,-0.0844604,0.46943414,0.1947209,-0.4663785,-0.3267454,0.17789514,-0.06909803,0.03883466,-0.5103231,0.1952651,0.37393776,-0.11459388,0.082901545,0.3614757,0.016924955
protein|P0CAP2,0.016974602,-0.42868716,-0.1075244,0.03062345,0.21570608,0.29344973,0.39023063,-0.03140129,-0.14543055,-0.16887717,0.012046458,-0.055083554,0.12622967,0.1485017,-0.3822912
protein|FKBP4,0.42303133,0.17955738,-0.45370367,-0.23216039,0.20003521,-0.03088635,0.028462559,-0.3383604,0.40891662,0.16511261,-0.09904766,0.11897088,-0.15717956,0.3496629,0.45189062
protein|MPI,0.14171743,0.29979116,0.18598665,0.18584584,-0.010970466,-0.08677503,-0.14537129,-0.2861908,0.19213302,0.05060908,-0.24801591,-0.13337459,-0.43071866,-0.19231893,0.040637087
protein|SAMD1,0.103864215,-0.32406843,-0.033164144,0.059529353,0.47763672,0.023136396,0.33947697,-0.20244531,-0.21618284,0.011196175,-0.010621878,0.26361373,0.051141948,0.15065326,-0.31314796
protein|HADHB,0.26154584,0.106385134,-0.33999306,0.95682067,0.11948633,-0.37676957,-0.09365426,0.58810157,-0.15939698,-0.16983144,-0.52510875,-0.30437347,-0.49602297,0.009520784,0.23890825
protein|CISD1,0.17314783,-0.24304688,0.29860008,0.2672644,0.11827748,0.13428444,0.08634187,0.41204333,0.16304119,-0.26749685,-0.3341762,0.14174876,0.18640687,-0.15167072,-0.17813589
protein|RPS10,0.19585057,-0.17774373,0.08107572,-0.22016235,0.42338294,0.4331537,0.37327874,-0.1912301,0.34195665,-0.37488368,-0.65911424,0.25595683,-0.19848178,0.040525217,-0.31498858
protein|DOK3,-0.048448183,-0.16687661,0.027029252,0.10931401,0.23891224,-0.26027426,0.25613087,-0.49934033,-0.1818455,-0.05824867,0.15114973,0.2394823,-0.007104967,-0.25392035,0.025582949
protein|SDHA,0.23038426,-0.014326424,-0.37510556,0.8842004,-0.020332815,-0.20234148,-0.20179252,0.69977003,-0.045666438,-0.25482365,-0.42129496,-0.19084907,-0.4461544,0.19681069,0.14628235
protein|HSPA2,0.15918791,0.13645288,-0.3560284,0.17203362,-0.46837443,0.26836434,-0.08560641,-0.04437753,-0.2519127,-0.10183418,-0.09004006,-0.22503586,-0.20030166,0.0050098584,-0.027318029
protein|MCCC1,0.2948206,-0.15629087,-0.5403997,0.7847653,0.03782434,-0.22434607,0.24891202,0.22755983,-0.06914585,-0.052963156,-0.42867005,-0.29648235,-0.15797237,0.03996948,0.18408082
protein|EXOSC5,0.25426605,0.21769628,-0.17672494,-0.07907322,0.15288612,0.12904589,0.15586413,-0.23641999,0.2127241,-0.0028423276,-0.29019713,0.07055653,-0.26280987,-0.21014588,0.08710472
protein|PITPNM1,0.15634093,-0.19046463,0.09448466,0.44603738,0.08058188,-0.3834544,0.3046551,-0.5826387,-0.20183034,0.040502913,0.26275647,-0.2747645,-0.21467812,-0.19958673,-0.17644446
protein|TUBAL3,0.12425468,-0.12476011,-0.1311926,0.089707024,0.31565523,-0.27695382,0.3013756,-0.80102175,-0.23181611,0.08137218,-0.07642816,-0.28304753,-0.29456294,-0.15096083,-0.09009196
protein|CS,0.39505035,0.16484676,-0.43354848,0.2750074,0.33385724,-0.48286498,-0.16613309,0.16942228,0.20491853,0.1983469,-0.3743784,-0.30925798,-0.36897805,-0.24617958,0.27488974
protein|HSD17B4,0.15277164,0.15491511,-0.6129814,0.93026483,0.20811214,-0.2896373,-0.14062661,0.54917914,-0.1963399,-0.114160545,-0.37475282,-0.052150335,-0.5201159,0.2592094,0.084863484
protein|VAV1,0.10510295,-0.051934708,-0.2536037,0.29781896,-0.27791834,-0.41145366,-0.45009854,-0.5718985,-0.18148398,0.12669103,0.20215045,-0.26825958,-0.18987958,-0.4793205,0.20321317
protein|GPRIN3,0.14747582,-0.15057154,-0.044752195,0.23613621,-0.1978313,-0.016293447,-0.060443275,-0.25986907,0.115247,-0.05982033,0.29667515,-0.05308859,-0.16666374,-0.10060269,0.09272644
protein|PRKCB,0.32030615,-0.16641423,0.13061339,-0.019736232,-0.3375263,-0.38588816,-0.2158365,-0.3328914,-0.047015443,-0.20099922,0.07081511,-0.36886707,-0.05477352,-0.3509558,0.27825132
protein|NDUFA2,0.039008066,-0.18751718,0.38253146,0.22959115,0.407033,-0.018294979,0.21003306,0.40680724,-0.10256078,-0.22044618,-0.46835524,0.037258975,-0.19034684,0.23128258,-0.32831755
protein|UTP11L,0.050509106,-0.06533855,-0.27242383,-0.10255822,-0.016026396,0.18948077,0.30633497,-0.32022062,0.09526215,0.088062994,-0.091320015,0.20747112,0.21747148,-0.0064805197,-0.21126615
protein|MEF2D,0.0038977936,-0.2353689,-0.26414838,0.15393144,0.22175136,0.31803474,0.42350724,-0.43953803,0.08434105,-0.075059645,0.014222534,0.18038467,0.11419074,-0.09423992,0.18161976
protein|LAMTOR4,-0.050202686,0.1541076,0.35870525,0.06603124,0.22611956,-0.3700037,0.33052218,-0.0056492887,-0.27584755,0.19499457,0.38631842,0.20759799,0.1542082,0.24510358,-0.087406635
protein|SH3KBP1,0.09154384,-0.43934375,0.4984352,0.32754463,-0.124304034,-0.18693216,-0.26529068,0.009970439,0.17152418,-0.032986116,0.15268838,-0.5075502,0.21579228,-0.63339204,-0.11698932
protein|MYO1F,-0.5395276,-0.39110598,-0.06756276,0.3128331,-0.35307094,-0.3676025,-0.4129753,-0.2182038,-0.27235195,-0.17049617,0.18756045,-0.15083529,-0.54194325,-0.17713125,0.16341722
protein|MRPL21,0.24971674,0.06590619,-0.5422679,0.26521316,0.1545743,-0.44168037,0.09090231,-0.045407727,-0.121224016,0.22036397,0.103315845,-0.08437943,-0.070430174,0.15527786,0.1915586
protein|SREK1,0.10208601,-0.20837308,0.09971812,-0.052086666,0.33072495,0.012778518,0.32498893,-0.2065628,-0.14398916,-0.021564677,0.30372137,0.27738753,0.14820324,0.08169649,-0.13033858
protein|PNKD,-0.014901688,-0.055239346,-0.26228693,0.54159904,0.28683153,-0.007179788,-0.059947804,0.18115596,-0.2610516,0.007929594,-0.12565385,-0.106662035,-0.06322855,0.16124618,-0.10904121
protein|CD97,-0.41699034,-0.458376,0.5219963,0.23560546,0.25095564,-0.093129374,-0.06249801,-0.011828018,-0.1526482,-0.3937024,0.23246908,0.30126914,-0.20782386,-0.08569951,-0.5348177
protein|CLASRP,0.3467397,-0.027901264,0.14460026,-0.19519742,0.26263505,0.033783704,0.23367466,-0.16884619,0.3613923,-0.15036349,-0.007352959,-0.0021633266,0.08118769,-0.042185783,0.20144403
protein|NUP50,0.23787308,-0.18566413,-0.08110517,-0.33059704,0.11411845,0.24110031,0.21758732,-0.026405033,0.14810668,-0.2452398,0.08602992,0.18216003,0.07549199,0.25005156,-0.064534366
protein|HACD3,0.19802202,-0.17098126,-0.50352585,0.45993584,0.2934564,-0.1681032,0.029668167,-0.170779,-0.25863796,0.18585408,0.07599881,-0.22051352,-0.14880358,0.24656215,0.248762
protein|TUBA4A,0.385871,0.15801024,0.02123793,0.1438489,0.13601026,-0.3983751,-0.10057861,-0.44370064,-0.07213811,0.19840427,-0.010689875,-0.23514362,-0.1461327,-0.2883799,0.2270616
protein|SRP9,0.32992196,-0.007412504,0.22963971,-0.51083416,0.16943027,0.13295896,-0.0695136,0.094114676,0.59563464,0.0715363,-0.43037096,-0.23352364,0.052034553,-0.3220053,0.17270602
protein|CLPB,0.060713332,0.016822467,-0.30710664,0.23783265,0.24876192,-0.12971821,-0.008432217,-0.017096346,-0.14866665,0.04570573,0.21957204,0.041353516,-0.0533769,0.35794365,0.11710607
protein|PLCB2,-0.022429923,-0.08158896,0.31231278,0.29416415,-0.07181819,-0.22729483,-0.17693631,-0.42649692,-0.12997535,0.049766913,-0.03702183,-0.3409283,-0.27218774,-0.10413405,-0.044755615
protein|MRPL40,0.31739,-0.07108996,-0.058171444,0.08296024,0.2791837,0.08175239,0.085956,-0.0036838092,0.24984054,-0.108153634,-0.53054816,0.38206598,-0.3093264,0.016373018,-0.070081316
protein|FKBP15,-0.3126827,-0.46506414,-0.2533017,0.095637344,0.09920606,0.107796274,-0.24616942,0.18019621,-0.24206527,-0.30812117,0.1966567,0.043047547,-0.0016261116,-0.04454751,-0.16034484
protein|MIF,0.3562007,0.19460411,0.11539209,-0.0115350215,0.5522823,0.03472514,-0.085123345,-0.15990183,0.21947998,0.011061286,-0.32779723,0.2434561,-0.1455538,-0.18684943,-0.18929932
protein|LILRB2,-0.2660292,-0.40501207,0.43790212,0.1276683,0.13329583,0.08220192,0.11168578,-0.10944469,-0.18754831,-0.104017064,-0.10481826,0.20203634,-0.17456442,0.0460481,-0.22525565
protein|JAGN1,0.12444929,-0.4460593,0.04614344,0.03164428,0.19130878,0.10111243,0.32563072,-0.36727434,0.04120467,-0.17547074,0.07347765,-0.15566905,-0.04523234,-0.037010994,-0.2025019
protein|MEF2C,0.42977345,0.2325384,-0.1528025,-0.038452834,0.25126055,-0.0742196,0.44015345,-0.53368425,-0.22661333,0.2504936,0.34570742,-0.0076460447,0.45052126,-0.09988332,-0.34137318
protein|RPL31,0.19930771,-0.20108272,0.13867825,-0.29360023,0.47565097,0.43023637,0.44302103,-0.22668588,0.52119976,-0.35691842,-0.51880807,0.31752294,-0.25585878,0.028666496,-0.30232882
protein|RABEP1,0.25902605,-0.07405189,-0.13725545,-0.10925505,0.3054713,-0.2762498,-0.019756952,-0.06855419,0.21236373,0.17566887,-0.03597817,0.07777222,0.12573081,-0.11851895,0.11761199
protein|BRK1,0.14483699,0.08739165,0.33324572,0.34364784,0.37628576,-0.31344843,-0.11211542,-0.18830267,-0.026726464,0.09207439,-0.24910857,-0.17359592,-0.3706883,-0.33778933,0.00884952
protein|CNN2,-0.013694099,-0.15895176,0.11635882,-0.30705583,-0.3346105,-0.05596051,-0.34545487,-0.023375839,0.23399073,-0.2021015,-0.13874385,-0.33625486,-0.18112701,-0.36510158,0.10933414
protein|LIG1,0.28859085,-0.08445031,-0.34242404,-0.5339653,0.46666312,0.22201097,0.07704353,-0.28445622,0.2835893,0.079112835,-0.08971566,0.36134824,0.18532543,-0.0028228308,0.13287356
protein|PPIL1,0.06950625,-0.05365149,0.37323204,-0.13431816,0.35285997,0.3854964,0.23386939,0.08752598,0.05437792,-0.045750957,-0.2671547,0.41510105,0.22393247,-0.062436666,-0.43892914
protein|RPL38,0.19830807,0.1997101,0.37638128,-0.22232752,0.45016986,-0.024413925,0.3657445,-0.35374463,0.21948564,-0.18776593,-0.53666663,0.08037872,-0.15741512,-0.14354397,-0.17578545
protein|PLEKHA2,0.38154715,0.287767,-0.25853893,0.01457537,0.040043827,-0.33253318,0.10068478,-0.5760707,0.071016744,0.15641059,0.0924392,-0.05275622,-0.19618754,-0.24655236,0.16197205
protein|GIMAP8,-0.2926232,-0.23203886,0.3046214,0.36329016,-0.28053293,-0.29275122,-0.34389254,-0.25825784,0.015477886,-0.334418,0.13084847,-0.17436314,-0.29136443,-0.14070871,0.16903661
protein|TWF1,-0.08855189,-0.14339171,-0.52406096,0.38455942,-0.39864194,0.052672435,-0.44642344,0.075349554,-0.06410961,0.041267373,-0.29973564,-0.33257645,-0.4656497,-0.22314157,0.21536681
protein|MRPL54,0.053462636,-0.07598103,-0.031832777,-0.09740533,0.3016737,0.14563084,0.26400754,0.04837196,0.017363258,-0.18708993,-0.62835705,0.08897987,-0.3341424,0.017937321,-0.20289654
protein|SPCS3,0.15017195,0.050128896,-0.33141062,0.052722946,-0.36576802,-0.21988533,0.05794102,-0.08011015,0.268071,-0.039321724,-0.20452377,-0.28492165,-0.26223126,-0.079015166,0.61819905
protein|SCYL2,0.36667693,0.10572548,-0.13050827,0.26725712,-0.16545467,-0.35486373,-0.13300805,-0.29753485,-0.11133297,0.20491175,-0.13317475,-0.43955478,-0.06247288,-0.46196514,0.23451637
protein|CFDP1,0.4366053,-0.14228974,-0.35996774,-0.15944979,0.12573522,0.20038088,0.18133678,-0.22654419,0.1816092,-0.124794476,-0.11839376,0.07032641,0.03545801,-0.22958504,0.09894632
protein|SMAD4,0.15369292,-0.35547003,-0.384707,-0.28667808,-0.023662198,-0.03341164,0.20511857,-0.21962966,0.18762617,0.11181383,-0.1420287,0.11870446,0.12308479,0.05941414,0.2309065
protein|CASP8,0.060566332,0.061567094,-0.048577365,0.017650377,-0.10715449,-0.48031992,-0.085115515,-0.4380585,0.031897604,0.18923153,0.08307279,-0.14047599,-0.16522764,0.05391407,0.19528967
protein|MRPS33,0.33283648,0.18518126,-0.07524614,0.03716507,0.3096269,-0.15600106,0.13699488,-0.17066479,0.2468682,-0.0112431655,-0.18652323,0.09679739,-0.29721406,-0.012915993,0.17208533
protein|NKRF,0.2726587,0.06562652,-0.53701276,-0.09626021,0.10114706,-0.00979114,0.2213706,-0.37653276,0.21605673,0.07813669,-0.24356002,0.2968139,-0.031414926,0.081237696,-0.037034098
protein|CCDC86,0.11563469,-0.41921377,-0.20698167,-0.45717388,0.33167365,0.389895,0.4487301,-0.2954889,0.2530241,-0.31020197,-0.14679441,0.41275704,0.11756992,0.17195027,-0.0833736
protein|UQCRQ,0.32106113,0.09613912,-0.21790878,0.64182097,0.269149,-0.21499754,0.17418194,0.1576092,-0.2867801,0.07872206,-0.42336637,-0.0940353,-0.28899267,-0.038230743,0.1281977
protein|TST,0.2095487,0.321187,-0.0099017825,0.86991835,0.3754464,-0.22791246,0.14731884,0.5062736,-0.4604054,-0.114015415,-0.3679577,0.04635163,-0.40377763,0.35468647,-0.12902993
protein|RPL8,0.16783169,-0.3094187,0.082619384,-0.16842982,0.49241564,0.38203058,0.5328322,-0.3369095,0.30257666,-0.25029832,-0.3744375,0.4137927,-0.12900597,0.053373013,-0.45898533
protein|TMEM160,-0.13826835,-0.44839734,-0.3322595,0.20474623,0.10274687,-0.15506051,0.52327955,-0.23475616,-0.24200885,0.09598406,-0.21339904,-0.16249026,-0.021640236,0.44931096,-0.11306622
protein|DLG1,0.07455611,-0.25094372,-0.38818946,0.19517517,0.09574836,0.049933456,0.090389654,-0.050306026,-0.34387925,-0.028370285,0.05705296,-0.030846942,-0.14654905,0.2944525,0.0606376
protein|NUFIP2,-0.0958147,-0.17157869,-0.29630506,-0.26379794,-0.027394205,0.22373436,0.036259934,-0.27347726,0.32205907,-0.119742006,-0.19356656,0.45294887,-0.08625936,0.16288176,-0.008733615
protein|SPATA5,-0.008497865,0.05063633,-0.116169214,0.12359664,0.13309884,-0.120196596,0.18835509,-0.5737698,-0.03540574,0.095969304,0.17797273,0.12043549,-0.19599481,0.27308503,0.03136496
protein|HSP90AB1,0.39194778,0.41988027,-0.5701891,-0.27372375,0.022120291,-0.20384973,-0.25372055,-0.5996889,0.26947138,0.3092373,-0.044274848,0.1763591,-0.387043,-0.07126206,0.40715134
protein|LENG8,0.1582621,0.13779737,-0.04541916,0.20625769,0.52502537,-0.14212576,0.25530422,-0.015143215,-0.18277173,0.0805308,-0.2623647,-0.117115825,-0.1601267,0.18369873,0.005018316
protein|LAP3,-0.5771857,-0.43316934,0.08594112,0.3408891,-0.33121902,-0.089874454,-0.69503456,-0.14799489,0.15770352,-0.2240418,0.25739288,-0.075019605,-0.53689575,-0.18392083,-0.059170917
protein|PDK3,0.23685704,0.04254751,-0.46184865,0.25091955,0.14620282,-0.14919932,0.0055425726,0.054912396,0.20830505,0.24989049,-0.09759734,-0.27374867,-0.028634982,-0.060924523,0.18033387
protein|LRRC57,0.090139516,-0.0023945558,-0.20030485,0.14723782,0.12699087,-0.3089463,-0.07658606,0.12482549,-0.11742288,0.16194113,-0.00734418,-0.14808793,-0.007699184,-0.24686974,0.048447046
protein|PHB,0.5263342,0.21762899,-0.8078732,0.5895146,0.16927473,-0.27923903,-0.008091985,0.30138513,-0.066688254,0.109990224,-0.29939368,-0.20566094,-0.35864288,0.11042583,0.37406713
protein|RPRD1A,0.25320765,0.1213755,0.15489851,0.04580039,0.34493962,-0.40442723,0.40891677,-0.59496677,-0.21541701,0.25163925,0.1263351,0.08995518,0.05616553,0.027795635,0.073134795
protein|TJP1,-0.055020377,-0.13416198,-0.16346972,0.37224597,-0.21953937,0.0034684238,0.21346505,0.0033002975,-0.4640052,-0.25268483,-0.077916585,-0.32393464,-0.029484034,0.32967812,-0.017282918
protein|SF3B4,0.29578626,0.014074751,0.042842567,-0.37797707,0.17424381,0.30572423,0.11626128,-0.16024244,0.30122113,-0.07055451,-0.36227444,0.017061004,0.09842116,-0.2312073,-0.13470928
protein|PLEK,-0.045793377,-0.17076609,-0.13190499,-0.05063908,-0.12181404,0.032105863,-0.41500133,-0.25425705,0.15775073,0.08054658,0.301389,-0.18339473,-0.21384759,-0.2632283,-0.105473444
protein|STIM1,-0.073708095,-0.38446954,0.030817444,0.25478753,0.119852886,0.07103729,0.182392,-0.034222547,-0.0502408,-0.27956745,-0.009125981,-0.2547932,-0.06443461,0.30255392,-0.034761604
protein|GGT5,0.032947317,-0.18464123,0.37799212,0.3943385,-0.16232905,0.29713443,-0.049981568,0.1271865,-0.24095342,-0.34828922,-0.10727967,-0.31383836,-0.058560867,0.15559226,-0.11453827
protein|ICMT,0.017796686,-0.095410824,-0.7418913,0.22426295,0.042570442,0.29024333,0.4505668,-0.1294571,-0.0702192,0.05169593,0.22516878,0.030774696,-0.13313645,0.30953375,0.18525141
protein|LMAN1,-0.03581171,0.06738202,-0.44454142,0.32251164,-0.18153486,-0.17127612,0.041689143,0.07795377,0.024235567,0.05809025,-0.06721647,-0.2529824,-0.5049475,0.38779715,0.47953102
protein|DIDO1,0.06538259,-0.5093503,-0.030128025,-0.22275166,0.35906005,0.45589107,0.50849646,-0.25903842,0.15369885,-0.2838242,-0.32302654,0.09424794,0.11733737,-0.01865712,-0.31578994
protein|LY9,-0.07950546,-0.18857099,0.47482455,0.27644143,0.36033612,0.011576841,0.37770137,-0.01044612,0.0010374102,-0.20336673,0.123125605,0.04900924,0.08677624,0.13626215,-0.085797854
protein|GCDH,0.5149018,0.22879802,-0.32757,0.6472666,0.18962006,-0.15797015,0.064746425,0.19414485,0.18348607,-0.12404063,-0.53584933,-0.064385965,-0.44529235,0.12723744,0.055368822
protein|CST3,-0.2749301,-0.11334885,0.31148106,0.2810554,-0.14544845,0.10946219,-0.18669495,0.13984923,-0.3081933,-0.0015165803,0.28955796,0.11295214,0.0014496088,-0.06479259,-0.1938114
protein|ARFGEF1,-0.105030306,-0.1430565,-0.25553074,-0.12638815,0.15621555,-0.23794274,0.11619452,-0.46692795,-0.2279013,-0.0066180164,0.05405667,-0.25485256,-0.15728685,-0.13793415,0.042784553
protein|Q96AE4,0.16894428,-0.50043535,0.1608823,-0.3121206,0.45417127,0.27558735,0.35310307,-0.030011049,0.3534461,-0.34752816,-0.32707378,0.31193137,0.14659701,-0.24124272,-0.39153722
protein|CRYL1,0.1677735,0.066667356,0.023885407,0.43893594,-0.10535808,-0.03987379,-0.21656238,-0.037815563,-0.22602528,-0.067041144,-0.16499525,-0.30726236,-0.5322213,-0.08691019,0.095588535
protein|CTSZ,-0.5003281,-0.5925826,-0.0055671874,0.03231231,0.06400825,0.2705031,-0.053353038,-0.18139265,-0.0480403,-0.37893394,-0.016417155,0.2565979,-0.37579253,-0.005941588,-0.26683787
protein|RPL34,0.2942365,-0.021088528,0.02930776,-0.36838707,0.25649315,0.23198497,0.2837473,-0.38750306,0.6897926,-0.12579305,-0.5141887,0.19750763,-0.30154085,-0.19253656,-0.066015676
protein|SAMD9,0.08159872,-0.038113754,0.10683515,0.02140787,-0.011901827,-0.3472066,0.19341427,-0.5938134,-0.08210096,0.21085845,0.37546152,0.07431282,0.07060894,0.073129624,-0.010796481
protein|STX18,0.2700384,0.29214868,-0.4776338,0.13245517,0.08462049,-0.20245978,-0.039848667,-0.35552892,0.1634445,0.09973459,-0.1004531,-0.120316796,-0.4288405,-0.14059481,0.28237003
protein|NID1,-0.20913042,-0.3615253,-0.2979745,0.1854271,-0.36529538,0.26107746,0.26010355,-0.20077676,-0.3995715,-0.29995018,0.40843403,-0.29408604,0.106996655,0.5543399,0.043746125
protein|IFIH1,-0.16341436,-0.30653468,-0.13890502,0.1942523,-0.016104637,-0.2023112,-0.13087822,-0.42662567,-0.18071209,-0.20406269,0.3018374,-0.2249881,-0.2925893,-0.1237729,-0.16720313
protein|EIF2B2,0.27203673,0.393013,-0.21109521,0.088309765,0.17709947,-0.19688044,-0.05016517,-0.35388848,0.14432545,0.23911257,-0.36699516,-0.24193448,-0.5211411,0.023817819,0.20322098
protein|PSMG4,0.06818807,0.16899511,-0.043789536,0.10815048,0.2542108,0.14552417,0.077287115,0.030754684,-0.3202479,-0.20587604,0.1492187,0.24447805,-0.02743684,0.3155517,-0.19326164
protein|MAVS,0.093216315,-0.291664,-0.1811224,-0.00042161043,0.38433865,0.32446378,-0.013527815,0.14795452,-0.11133192,-0.2776139,-0.37840584,0.039497137,-0.16806503,0.1372404,-0.31103426
protein|KPNA2,0.12849474,0.19966199,-0.6168424,-0.3389238,0.2685258,0.106129505,0.16051294,-0.35395592,0.15182695,0.031097593,-0.02231583,0.62939644,-0.20729259,0.30973226,-0.06535057
protein|MAX,-0.03200498,-0.61367637,0.3606773,-0.007603551,0.078960426,0.2072912,0.46698746,-0.21000533,0.21237224,-0.3543838,-0.08378099,0.11518518,0.27904376,-0.208092,-0.34673646
protein|ARSA,-0.051233355,0.11609728,0.40565974,0.23771513,0.12411695,-0.028648641,0.2034922,0.0019202635,-0.28776434,-0.2754204,-0.23289582,-0.22613724,-0.12999701,0.16172738,-0.20824821
protein|SNRNP70,0.21844672,-0.28931817,0.11125522,-0.48233768,0.3935395,0.2860631,0.55351996,-0.24663864,0.37906665,-0.23439595,-0.2467357,0.27068052,0.08324653,-0.14764132,-0.38645983
protein|ITPR2,-0.095105134,-0.3740378,-0.73919517,0.20467193,-0.19795372,-0.13609868,-0.0033756418,0.030121962,0.13395886,0.08929882,0.08441961,-0.03884082,-0.11328386,-0.13107094,0.19782595
protein|P4HB,-0.37863877,0.31364304,-0.21274574,0.18322748,-0.27165818,-0.10203463,-0.37139392,0.27968186,0.05363608,-0.17877205,-0.251582,-0.02756173,-0.6392271,0.41860905,0.47306776
protein|ALDH3A2,-0.09070266,0.0190012,-0.14756235,0.6545904,0.13094003,-0.28325075,0.09203354,0.30474284,-0.22240803,-0.19122009,-0.42791185,-0.27431396,-0.43951702,0.40932763,0.28820655
protein|SEC61A1,-0.08991129,-0.008063591,-0.45801398,0.25166222,-0.02623042,-0.20894064,0.4108266,-0.35954705,-0.06407405,0.009404212,-0.17479664,-0.42720675,-0.4678649,0.3940647,0.49926737
protein|NIPSNAP3A,0.05969548,-0.013995348,-0.3583391,0.76547015,0.14586677,-0.30767268,-0.028403629,0.34231463,-0.35478497,0.07879325,0.18325461,-0.16383132,-0.08809115,0.22498813,0.08464463
protein|NOL8,-0.011923783,-0.20681544,-0.458747,0.38827193,0.2244939,0.06902023,0.4369172,-0.3427978,-0.06348109,-0.04925589,0.15966888,0.100858346,-0.21523142,0.35610145,-0.17350113
protein|HSPBP1,0.090908825,0.11993246,-0.23082583,0.07807547,0.27012202,-0.34576872,0.26997474,-0.59606004,-0.09452728,0.43351156,0.08467599,-0.03136837,-0.007294975,0.022486812,0.19529143
protein|NCL,0.5301299,-0.07160933,-0.4833265,-0.26753157,0.24011931,0.08188933,0.24236518,-0.31167904,0.6190753,0.03994837,-0.12766472,0.30863,0.17898771,-0.08876309,0.19485016
protein|RRAGA,0.1131539,0.21010192,-0.053653967,0.30858174,0.0537702,-0.34753135,-0.07008896,-0.20969746,-0.1287713,0.14383614,0.5793121,0.27302778,-0.20224741,-0.11059379,-0.12851125
protein|SRSF5,0.2429242,-0.24963096,0.23452692,-0.44928434,0.48980725,-0.015052269,0.33622888,-0.11422854,0.49939525,-0.16060314,-0.37460253,0.1472815,-0.0013414165,-0.17271611,-0.15632713
protein|RALB,-0.34161752,-0.34688953,-0.09064202,0.2890558,-0.24460301,-0.18353108,-0.03303228,-0.27629,-0.24328823,-0.13767925,0.06731068,-0.15724264,-0.4147182,-0.017189298,0.16433416
protein|PRUNE,0.09880221,0.01829526,-0.04613803,0.20696324,0.08192819,-0.35100257,0.10102864,-0.194431,-0.056871846,0.27379626,0.12388155,-0.23316894,0.11937962,0.048309587,0.2642529
protein|BCAP31,-0.057242207,0.015485858,-0.3000439,0.40552157,-0.43132377,-0.21799745,-0.43649888,0.11831204,0.28843585,0.059603713,-0.07483048,-0.34731096,-0.4137652,-0.15498586,0.42591387
protein|PTRHD1,0.18065764,0.18041806,0.38170347,-0.07394653,0.43348145,-0.2100493,-0.054465808,-0.13422813,0.1119427,-0.07744825,-0.42004073,0.033242673,-0.05186531,-0.13877639,-0.10255783
protein|ETHE1,-0.36822408,-0.11900663,0.06903849,0.5868093,0.054637667,-0.17651345,-0.36210665,0.08724979,-0.35385403,-0.21773203,-0.24077217,-0.12585866,-0.6122264,-0.058345757,-0.12423523
protein|PPP6R1,-0.094537295,-0.5017596,0.20594768,-0.080481164,0.23283562,0.032981906,0.19577248,-0.21046159,0.02791433,-0.17570254,-0.011376215,0.044624515,0.21826439,-0.23877874,-0.3879631
protein|EIF4A2,0.20935191,0.08647149,0.061460976,0.16042273,0.02472761,-0.3347219,0.21093562,-0.55458236,-0.041574605,0.16678733,0.052978538,-0.49975345,-0.13423218,0.010140605,0.2349378
protein|SKAP2,-0.25030974,-0.36056495,-0.20910016,0.5096223,0.06308917,-0.13881898,-0.1568372,-0.35736468,-0.40948486,-0.17248902,0.078558564,-0.015510741,-0.46276858,-0.17086951,-0.10244361
protein|TXNRD2,0.013638572,-0.123867325,0.0076418286,0.5229709,0.4731488,0.05471097,-0.15857701,0.41424707,-0.28354082,-0.18126689,-0.30701634,-0.050756097,0.032120515,-0.010157114,-0.029063614
protein|A0A0C4DGB5,-0.11572264,-0.57354224,0.3786964,-0.059845597,0.15900758,0.3874942,-0.16012388,0.1117343,0.045335706,-0.47483036,-0.3048811,0.09800112,-0.0072678337,-0.2686059,-0.40636525
protein|UBFD1,0.3108996,-0.17930008,0.07221377,-0.22099066,0.076502115,0.18105456,0.04480008,-0.17932318,0.5029152,-0.18834653,-0.16435029,0.09398455,0.14829294,-0.1899239,-0.04689363
protein|HSPA14,0.34868488,0.1269779,-0.20545286,-0.2641869,0.29094014,0.19692807,0.1267272,-0.34519112,0.12335537,0.119326726,0.0034007237,0.37026256,-0.12202309,0.08471874,-0.18565479
protein|ATG7,-0.24953578,-0.08026087,-0.14147328,0.065823905,-0.1314101,-0.3292599,-0.3519552,-0.49274522,-0.09518981,0.065968074,0.25540745,-0.2919511,-0.39174157,-0.30810177,0.24794863
protein|MDH1,0.21245302,0.02540048,0.14445287,0.105456844,0.037866488,-0.20919046,-0.06542706,-0.09769852,0.35814694,0.345505,-0.2190585,-0.45531094,0.05850858,-0.5531413,0.078243576
protein|FAHD2A,0.29021063,0.20882551,-0.1714921,0.4906073,0.422501,-0.2584131,-0.04826205,0.11203009,-0.14966905,0.24039672,-0.54485893,0.016933948,-0.1886434,-0.18363506,-0.054209508
protein|MRPS26,0.15251681,-0.14212623,0.10034275,0.23093937,0.40330788,-0.39714816,0.15369737,-0.19046964,-0.27979895,-0.007379949,0.13133584,0.1590169,0.18711828,-0.04943877,-0.058070205
protein|LHPP,-0.016615765,-0.06251291,0.4326624,0.37776,-0.2268871,-0.09352018,-0.06045013,0.155686,0.03934715,-0.19997488,-0.025743287,-0.33526012,-0.09653591,-0.012970449,0.26202154
protein|SETD3,0.08951688,-0.015668258,0.09495722,0.25148293,0.12456076,0.017799241,0.4331289,-0.13325557,-0.35955834,0.07253451,0.05555824,0.0011931232,0.08864898,-0.23006664,-0.23779789
protein|ASL,0.047755275,0.1601369,0.05396861,0.5230949,0.42437255,-0.08713534,0.21677238,0.27786466,-0.31555143,0.0049183816,-0.32317978,-0.32238427,-0.14276563,0.15894593,-0.1333596
protein|SLC9A3R1,-0.22019301,-0.66118205,0.5007024,0.33789945,-0.1031662,0.13570079,0.11000595,-0.046632342,0.07306662,-0.6017918,-0.23726785,-0.17808042,-0.19386388,-0.04358654,-0.05391758
protein|CECR1,-0.25488305,-0.1632005,-0.023859086,0.26194358,0.008652137,-0.3022686,-0.040299054,-0.214667,0.0977869,0.1385133,0.25225613,-0.25400737,-0.30646127,-0.17062649,0.058860302
protein|PSMB3,0.15995656,0.3357712,0.20098074,-0.042483736,0.050403424,-0.3370956,-0.296353,-0.41763395,0.18655033,0.17841427,-0.15571193,-0.3089866,-0.56459653,-0.4182599,0.21182892
protein|CDH5,-0.0125877075,-0.20804656,0.18221168,0.11426702,-0.0015306973,0.19976641,0.45744374,-0.2171852,-0.3718089,-0.22030258,0.17054458,-0.0067798547,0.23960675,0.5111438,-0.057798356
protein|FNBP1,0.3003453,-0.097332135,0.13742195,-0.10194045,0.0139998635,-0.21660033,-0.24214636,-0.38287887,0.18373841,-0.0023142665,-0.018329268,-0.2397499,-0.055699125,-0.7575286,-0.14615524
protein|SRA1,0.0022872789,-0.45171678,-0.017334705,0.07266751,0.2625264,0.49478903,0.2696724,-0.25986058,-0.09821685,-0.1864313,-0.36879602,-0.039442852,0.025943944,-0.19101611,-0.3668575
protein|ASH2L,0.2072461,0.048533015,0.35186142,-0.20196804,0.19599067,-0.05084063,0.29803064,-0.13192546,0.101771325,-0.105097115,-0.18300605,-0.0048329155,0.18178941,-0.100763336,0.012991831
protein|GMFB,0.040759843,0.17169183,0.17897083,-0.04366791,0.13663274,-0.20567544,-0.30264068,-0.30651417,0.0037669914,0.13205124,-0.06648826,-0.3857641,-0.31471562,-0.30451623,0.1370243
protein|RSL1D1,0.27034083,0.07636555,-0.6293024,-0.25175738,0.25407678,0.19820671,0.47883743,-0.2983521,0.21010955,-0.06418856,-0.023312746,0.164864,0.026021557,0.3647654,0.16999738
protein|LST1,-0.41898012,-0.13188092,0.3005894,0.3054635,-0.1045288,-0.19186826,-0.22036527,-0.1722467,-0.29299855,-0.14603327,0.20941088,-0.16367899,-0.37078813,0.014581735,-0.067097686
protein|TUBB6,-0.039950114,-0.2623944,-0.08051831,0.15281822,0.2865001,0.069707185,0.19347692,-0.063034,-0.29959458,0.108574435,0.13274524,0.05891216,-0.048250407,0.19593188,-0.29136977
protein|ZDHHC5,-0.15401375,-0.45983684,-0.11112859,-0.022025406,0.3146188,0.2969899,0.34842494,-0.079053365,-0.22209612,-0.36587232,-0.18172486,0.00027024982,0.10595071,-0.032456253,-0.2829659
protein|EEF1E1,0.4167175,0.31117275,-0.18347071,0.14068547,0.30730012,-0.35331655,-0.026723824,-0.31544113,0.15594421,0.4098363,-0.04833812,-0.033826023,-0.12237066,-0.0712871,0.26769122
protein|RBM42,0.05368841,-0.26269278,-0.0038087403,-0.24422385,0.2498517,-0.14973877,0.38068083,-0.45191225,0.035655662,-0.11486785,0.14056988,0.20216332,0.046410356,-0.0058025243,-0.013534812
protein|ACSF3,0.3199959,-0.07705594,-0.32293943,0.5310775,0.28029498,-0.27683237,0.35761306,-0.012127454,-0.124639936,0.028477315,-0.008225215,-0.16477162,-0.081137836,-0.054868344,0.09162384
protein|PXDN,-0.00038260396,0.20994169,-0.08946759,-0.08496224,0.13343492,0.16654408,0.30067605,-0.17881578,-0.6191091,-0.1448417,0.012644461,-0.051428817,0.06754879,0.36576307,-0.11196156
protein|ARPC2,0.14114217,0.18045677,-0.01759024,0.12709254,-0.17516394,-0.35971597,-0.36511096,-0.40973505,-0.0792032,0.26108345,0.21741085,-0.6381122,-0.19236204,-0.5836306,0.27583027
protein|SAMSN1,-0.12100774,-0.063192874,0.082938515,0.13851897,0.15817645,-0.18026581,0.08440857,-0.23842159,-0.2412532,0.048911713,-0.010455534,0.081554145,0.04398657,-0.115098394,-0.12768528
protein|ERC1,-0.039547585,-0.04832053,-0.21482243,0.13619362,0.26549247,-0.41897726,-0.08484455,0.07979394,-0.506114,0.09015855,0.081879266,0.12577955,-0.0540751,0.24976069,-0.033530913
protein|CASP3,0.0991518,-0.24653047,-0.31626156,0.08920923,0.100509174,0.07760473,0.4031845,-0.4355717,0.07299761,0.0141738,-0.0063617136,-0.03871299,-0.17353588,-0.19986553,-0.28971392
protein|WDR11,0.04510554,-0.23196803,0.14864464,0.24059366,0.54503495,-0.12123947,0.3610286,-0.15387462,0.10084454,-0.09523922,-0.29706964,-0.2251033,-0.09302488,-0.051124725,0.1475569
protein|DPYSL3,0.01784838,-0.09515284,-0.3984882,-0.15494223,-0.49039713,0.5552944,-0.11717101,0.17019036,-0.43259045,-0.20801656,-0.08407822,-0.5780946,0.11534631,-0.19083828,-0.22780634
protein|NCEH1,-0.08888892,-0.34042978,-0.42397907,0.46405193,-0.14145416,-0.09442204,-0.40934604,-0.27464777,-0.4501974,-0.24442291,0.17027573,-0.29196316,-0.33966705,-0.25832456,0.20088914
protein|SCAF4,0.4143478,-0.187647,-0.13581413,-0.13168335,0.3688706,0.29059604,0.18421657,0.12241864,0.29417175,-0.20925303,-0.069705255,0.26910546,0.21062407,-0.28739953,-0.21664065
protein|GMFG,0.019363752,-0.023785077,0.50921804,0.054207318,-0.39020553,-0.4325986,-0.17944373,-0.48605284,0.22747356,-0.08322065,0.068852454,-0.21108797,-0.32768807,-0.31533268,0.2647704
protein|RSF1,-0.0038643193,-0.07040417,-0.024110613,0.13232483,0.012658824,-0.052198,0.15099736,-0.10526816,-0.31359977,0.07147368,0.031220345,0.07907844,0.0939426,0.23799802,-0.18960385
protein|TNFAIP2,-0.6195093,-0.4242075,-0.10199572,0.36919042,-0.17478795,-0.2856113,-0.28407615,-0.43890116,-0.40787706,-0.18155903,0.3948148,0.18489991,-0.38739014,-0.12586904,-0.09799231
protein|SAP30,0.053004924,-0.4520188,-0.37706068,-0.46565187,0.34792662,0.3169074,0.39135456,-0.52141637,0.20788157,0.012397116,0.00488426,0.23492597,0.049355958,-0.26709414,-0.25171158
protein|PTPRJ,-0.16180068,-0.2317633,0.3144596,0.12459641,0.46514025,-0.14964746,0.22559796,-0.2557362,-0.22570981,-0.42253008,0.31654525,0.46239114,-0.055337276,0.38681528,-0.13274029
protein|CAPRIN1,0.1662662,-0.01457699,-0.104973026,-0.46870676,0.15788159,0.3071043,0.12635885,-0.10897712,0.43625802,-0.28844452,-0.25830862,0.5685682,-0.013500263,0.267572,-0.16611634
protein|SYNJ2BP,0.038802773,-0.18062897,0.0384843,0.21693635,0.669174,0.0076091397,0.43156692,-0.068972886,-0.31124184,-0.24830239,-0.2195666,-0.020871306,-0.3164951,0.15134205,-0.36149478
protein|RAB27A,-0.284067,-0.30289117,0.28615916,0.473619,0.009740724,-0.5366904,-0.0005328214,-0.39932725,-0.49351156,0.0054061804,0.26880676,-0.09914641,-0.1932145,-0.23556662,-0.022252982
protein|PPP3R1,0.1800905,-0.03841857,0.40731725,-0.33146074,0.22343235,-0.22219707,0.14861432,-0.27490667,0.17363346,-0.028005434,-0.26759273,-0.45568943,-0.020416554,-0.035400625,-0.035711594
protein|RBM6,0.0015441122,-0.3930216,0.27697703,-0.073373884,0.7074158,0.29852217,0.42015564,-0.028094215,0.018607186,-0.2907739,-0.14972763,0.14364496,0.18045668,-0.02597998,-0.448545
protein|SARS2,0.10835282,-0.26302207,-0.14697877,0.14331274,0.0339333,0.04735986,0.4696516,0.20141983,-0.113858156,-0.15747595,-0.025122423,-0.044651497,0.079258576,0.37618008,-0.06328564
protein|NT5DC1,0.29971313,0.028783768,-0.20198192,-0.22501367,-0.20821834,0.15557298,-0.04198639,-0.307839,0.22824872,-0.003399233,-0.0587273,0.08017543,-0.13106123,-0.12877451,0.28676805
protein|ARSB,-0.01093913,0.3316295,0.29609606,0.12950394,0.16653632,-0.18172747,0.3083672,-0.030467555,-0.27962252,0.25746414,0.065667085,0.04986256,-0.017120002,0.32639396,-0.25615117
protein|CNOT2,0.1224366,-0.28819048,0.0063259252,0.019095222,0.32792294,0.1603157,0.29997584,-0.2259869,0.058397505,-0.19384389,-0.2778536,0.17073247,-0.09266838,0.077858865,-0.18657584
protein|GMDS,0.191644,0.036563702,-0.15408048,0.19070233,0.012477188,-0.17778516,0.05454927,-0.19343968,-0.021529032,-0.017610878,-0.2942142,-0.21326946,-0.25740927,-0.134625,0.27539712
protein|PRDX5,0.23997068,0.37917957,0.5209607,0.23151477,0.3440918,-0.34109837,-0.27061188,0.26375964,0.057325732,0.18453072,-0.42838714,-0.3558311,-0.24416521,-0.36044323,0.041585125
protein|RPL27A,0.27092016,0.10950945,0.15710792,-0.48932642,0.25930968,0.0772132,0.020212607,-0.16017456,0.63392454,-0.27278203,-0.3413115,0.22339849,-0.25856638,-0.07056204,-0.027821261
protein|SKP1,0.21672027,0.18181245,0.08184636,-0.26762417,0.001997159,0.07228995,-0.12785214,-0.26424703,0.16734475,0.097894035,-0.11494026,-0.3202602,-0.07596507,-0.30875164,0.018966382
protein|LEO1,0.20327723,-0.169202,0.29929206,-0.42205393,0.31043434,0.096415,0.21743451,-0.30401784,0.44226596,-0.22118933,-0.26399073,0.29255053,-0.10717396,0.04028326,-0.24292278
protein|TBC1D22A,0.2452837,-0.076287806,0.098166086,0.35773626,0.31904143,-0.22305928,0.38203716,-0.2661815,-0.19243085,-0.008741073,0.13929234,-0.11017235,-0.023400143,-0.15041791,-0.23489171
protein|CELF2,0.11616983,-0.6149894,0.08956484,-0.3692437,-0.10085041,0.02756255,0.20793292,-0.7037333,0.43922743,-0.3542969,0.022597408,0.17152564,-0.069951855,-0.23720641,-0.05900345
protein|NEK7,0.15368146,-0.12166463,-0.05122925,0.17150673,0.0783324,-0.3962699,-0.095402725,-0.2647606,0.028370682,0.043625455,0.14067326,-0.50537395,-0.2451167,-0.36948058,0.20764522
protein|MGST2,-0.16906956,-0.1402411,-0.36980388,0.7174911,-0.30512562,0.07348151,-0.001289188,0.14177671,-0.341842,-0.06418236,-0.10037536,-0.26361594,-0.3397222,-0.0049964935,-0.011135567
protein|FERMT3,-0.08872887,0.10430157,-0.1466205,0.22511765,-0.21543992,-0.4785386,-0.42826474,-0.46037173,-0.06423071,0.27791992,0.298016,-0.2985571,-0.26572153,-0.6202069,0.12656403
protein|PAIP2,0.24747482,-0.30854926,-0.2852085,-0.28091994,0.31178686,0.282528,-0.21569636,0.0007755017,0.2172931,-0.10535217,-0.38309702,0.36112097,0.19903235,-0.08528129,-0.05199538
protein|MOSPD2,-0.14672142,-0.41750777,-0.34855586,0.30569255,0.058147404,0.31900066,0.13835384,-0.10239627,-0.2907487,-0.20732252,0.12902908,-0.05679881,-0.0880891,0.043369073,-0.32173488
protein|GNA13,-0.033086114,-0.11464489,-0.26522037,0.16901743,0.11648176,-0.31981403,-0.16147435,-0.23757483,-0.16076376,0.16838036,0.27314335,-0.38727134,-0.2248465,-0.36955294,0.2708948
protein|NOP14,0.13021092,-0.15094303,-0.51942104,-0.18062605,0.3146995,0.060340896,0.49419338,-0.32464203,0.24839884,-0.1513445,-0.072510906,0.25924814,-0.017944405,0.3966098,0.051474784
protein|CBR3,-0.29903063,-0.15066648,0.46941587,0.40782106,-0.064500645,-0.03226817,-0.06127607,-0.14357448,-0.11147011,-0.21116771,-0.2166672,-0.21323988,-0.5084501,0.30176565,-0.16764374
protein|DPP7,-0.16423526,-0.11140977,0.27023786,0.07649877,0.036192197,-0.11987565,0.47125176,-0.11956978,-0.14191191,-0.011244495,-0.04716509,-0.39314976,-0.0757784,-0.025430296,0.051285814
protein|NMRAL1,0.14491019,0.30908543,0.1685376,0.023039484,0.03559311,-0.37360647,0.01089639,-0.2835398,-0.19572097,0.059957683,-0.071881644,-0.1225372,-0.18160684,-0.1173255,0.1066637
protein|RRP1B,0.25902897,0.02719357,-0.7094639,-0.037749488,0.09378703,0.07893404,0.54947436,-0.40375128,0.057976287,-0.045834377,-0.026324771,0.26285976,-0.0013783498,0.34709933,-0.00069912866
protein|K7EL81,-0.13560542,-0.4839074,-0.09649123,0.20504628,0.10355949,0.52368915,0.34215695,0.18403362,-0.121061385,-0.31416315,0.023591632,-0.023791175,0.0858805,0.056679953,-0.357879
protein|CIAO1,0.21481144,-0.49010646,0.039617434,-0.14877138,0.40775332,0.24660678,0.28846768,-0.28298333,0.19805348,-0.29080752,0.10795877,0.0056749363,0.06839976,-0.029194579,-0.21928976
protein|PGK2,0.10026484,0.007350406,0.048273694,0.05217865,0.27245283,-0.19639872,-0.5095903,-0.16138077,-0.12388504,0.030050755,-0.044971477,-0.0026488455,0.03622602,-0.24620858,0.034653608
protein|AGAP2,0.056743395,0.16283287,0.4452895,0.083342694,-0.14695096,-0.4329932,-0.089417666,-0.16943756,-0.24097511,0.13876675,0.5525289,0.20401134,0.27128083,-0.094567105,0.019040782
protein|PDXP,0.013895937,-0.101704165,0.0102937445,0.06027038,0.24345721,-0.11758944,0.38419104,-0.13497047,-0.19505876,-0.10430729,-0.10564876,0.21621582,0.12112659,-0.07153505,-0.14324635
protein|SERPINB8,0.0051197377,0.002273593,0.2076555,0.19617833,0.07743431,-0.517408,0.044448406,-0.33762112,-0.19643569,-0.05586305,-0.045911107,-0.027928907,-0.35342044,-0.2250878,0.10801158
protein|SLAMF6,0.25876334,-0.43318748,-0.12188659,0.15825702,-0.007963568,0.17278644,0.3333326,-0.10979558,0.02679826,-0.19783136,0.008557584,-0.07148312,0.17211264,-0.13700937,-0.1651529
protein|TRAFD1,-0.17307001,-0.4662224,0.030033045,0.052207433,0.15745491,0.25000125,0.17310992,-0.24069966,0.084467635,-0.35969552,-0.08082374,0.10248716,-0.1444588,-0.10748549,-0.2789495
protein|PPA1,0.11218544,0.1366227,0.20748462,0.05527464,0.23058562,-0.13240597,-0.594688,-0.43109685,0.14686917,-0.18780589,-0.11891441,0.09512196,-0.56142807,-0.032635886,0.0027254163
protein|DR1,0.13843662,-0.44038993,0.4135903,0.017959341,0.25225955,0.14319934,0.32948667,-0.257545,0.13444142,-0.3091355,-0.23712642,-0.14133248,-0.08783943,-0.128432,-0.39266175
protein|PAK1,-0.0059810947,-0.19112861,0.04074387,0.15105626,0.05478232,-0.039803293,0.34793034,-0.13867761,-0.34341124,-0.043646347,-0.19438037,-0.017955521,-0.10128215,0.19146729,-0.42057675
protein|WDR13,-0.27235454,-0.4094519,-0.10909628,0.1001215,0.011015399,0.2496684,0.15382512,0.30172318,-0.35274258,-0.12714984,-0.28847605,-0.016839044,0.11608885,0.40687835,-0.25701958
protein|EXOSC9,0.09681229,-0.3498574,-0.29975343,-0.21155293,0.1576176,0.23022032,0.20337996,-0.15830082,0.37201193,-0.24948137,-0.41004467,0.26047668,-0.06567576,0.007805105,0.22441359
protein|DEK,0.25899234,-0.3540387,0.18311843,-0.47172135,0.52647996,0.028944898,0.20162053,-0.25772318,0.18726617,-0.16984531,0.014961995,0.057031706,0.23722841,-0.34125933,-0.16427274
protein|TBC1D13,-0.0056581255,0.18098879,0.28767657,0.09129695,0.026683824,-0.16423748,-0.20733993,0.046232615,-0.24058376,0.09623037,0.013130233,0.13261761,0.05355797,-0.10496506,-0.17415527
protein|SRRM1,0.21263957,-0.15471454,0.09223154,-0.28406948,0.37634236,0.27298838,0.2562435,0.28144857,0.5422863,-0.30145353,-0.28668857,0.35058025,0.12417269,0.021028576,0.0042688604
protein|GGACT,0.10120573,0.05128572,0.513532,0.15934132,0.23005717,-0.1598462,0.056984134,-0.21100876,-0.31365412,0.22189254,0.20202489,-0.08363545,0.18873017,-0.09044067,-0.26662564
protein|PGM2L1,0.09286175,0.013483346,0.15709487,0.09904122,-0.1484932,-0.20083717,0.07676192,-0.4367578,-0.43504858,-0.0427733,0.14767022,-0.32853037,-0.048457336,-0.0055646556,0.23382647
protein|CSTB,-0.33657092,-0.28044438,-0.032044232,0.043478705,-0.047195125,0.03750831,-0.2980856,0.014206607,-0.08561004,0.036025908,-0.17742556,0.018591836,-0.09249798,-0.41395012,-0.3316411
protein|ELMSAN1,0.14917201,-0.306083,0.094563395,0.07958424,0.49809855,0.03018961,0.14228201,-0.19998753,-0.09212947,-0.2543382,0.10239993,0.19149071,0.19337034,-0.16922404,-0.2032605
protein|ATP5A1,0.45383152,0.1160483,-0.5414003,0.67775506,0.2546283,-0.2733001,0.05783119,0.27472782,0.09929268,0.06668355,-0.493254,-0.19486444,-0.48549512,0.09771302,0.37478474
protein|ZC3H18,0.13659781,-0.43856192,0.1362187,-0.30339086,0.4168154,0.44264808,0.31729457,0.0042247428,0.29809603,-0.36492145,-0.3410389,0.22445722,0.13040018,-0.05687067,-0.34957752
protein|DDX58,-0.005928013,-0.0791122,0.16894941,0.38966286,-0.10021294,-0.50758344,-0.20388809,-0.36031318,-0.37312648,-0.13838807,0.17826521,-0.43397763,-0.27745858,-0.08696358,0.11298507
protein|TNFAIP8,0.217744,-0.16447836,0.29918158,-0.16749288,0.0062074014,-0.118809804,-0.25867903,-0.36463135,0.23974273,-0.40408143,-0.30875248,0.07668367,-0.2611097,-0.26381186,0.07179658
protein|LSM7,0.41526985,-0.10370724,0.2976732,-0.23342013,0.4145322,0.035511583,-0.025098454,-0.31494895,0.33448038,-0.1070926,-0.37233132,0.14904875,-0.15727882,-0.41861346,-0.13871329
protein|NOL6,0.2523496,0.28769344,-0.66977805,0.046643883,0.10690362,-0.21791665,0.4169467,-0.50739294,0.06879382,0.095441334,-0.13491417,0.15431084,-0.17160004,0.24564536,0.12600845
protein|TOMM22,0.35802737,0.27976936,-0.2654743,0.34273237,0.4645206,-0.19930328,0.06673897,-0.010017445,-0.11563206,0.072423235,-0.086119585,0.012163269,-0.1588226,0.35822105,0.18233137
protein|CYB561D2,-0.24267127,-0.44434455,-0.30138692,-0.014856255,0.08251624,0.3668412,0.33814564,-0.20389302,-0.42365915,-0.18567851,0.1264465,0.020532843,0.17555766,0.24301265,-0.18064679
protein|TAF5,0.040699292,-0.08094672,0.36429134,0.021538747,0.35291377,-0.14245798,0.33378842,-0.28826165,-0.29283664,-0.005840834,0.14568083,-0.12931274,-0.0033667886,0.1433309,-0.29054525
protein|LSP1,-0.0013858604,-0.3438888,0.23394331,0.06146292,0.026479121,-0.13220756,-0.0013080589,0.13359393,0.21728563,-0.053985257,-0.03310079,-0.08980218,0.14579576,-0.5868982,-0.1646004
protein|GPR108,-0.06642191,-0.29575333,-0.0027974327,0.19536936,-0.27927575,-0.15947333,-0.56789285,-0.12813692,0.04560749,-0.05957702,0.3266098,-0.13250865,-0.19059777,-0.33337763,0.14208588
protein|SRSF10,0.23360509,-0.38828602,0.11024901,-0.2263938,0.60408884,0.07482964,0.68833023,-0.39896613,0.23937358,-0.17089185,-0.14339222,0.15039091,0.0465485,0.0019762458,-0.3928387
protein|PMPCA,0.3772101,0.17965919,-0.72911274,0.3105084,0.11519576,-0.22776258,0.21921474,0.04726852,0.20208164,0.051790968,-0.22382355,0.06490136,-0.2647725,0.20301129,0.12306451
protein|CAV1,-0.16694918,-0.09800699,-0.16919072,-0.16400409,-0.49413934,0.26737413,0.20330001,0.22639798,-0.066454865,-0.04815852,-0.22507513,-0.32627785,0.13126627,0.42000017,0.1353651
protein|UBE2I,0.2913267,-0.19531104,0.12845714,-0.29733947,0.12650684,0.035496384,0.3810684,-0.24221788,0.32515752,-0.090855576,-0.2187761,-0.03173252,-0.07196215,-0.07751119,-0.17158137
protein|EMC3,-0.08880783,0.17373496,-0.07602545,0.1568588,0.11171099,-0.15535088,0.080076635,-0.10829563,-0.4426098,-0.14420609,0.058028117,0.019019946,0.09290467,0.16216613,-0.011803139
protein|STXBP3,-0.18148431,-0.5057849,-0.24970326,0.22221643,-0.042692438,-0.0959865,0.12904522,-0.2254387,-0.37269595,-0.11124493,0.26884755,-0.23026077,0.18427639,0.069510415,0.04150613
protein|MRPL14,0.18379594,-0.010562451,0.16455138,-0.04111954,0.40816885,0.025750348,0.39247927,0.029384365,0.063070215,-0.08329224,-0.21220115,0.41636267,0.0025316842,0.13126752,-0.3354368
protein|SH2D1A,-0.26374617,-0.5593608,0.11493924,0.49537817,-0.25660998,-0.11452015,0.11687231,-0.25360686,0.052827265,-0.28287613,0.09158499,-0.189051,-0.17393512,-0.22806568,0.0673221
protein|THEMIS2,-0.17813653,-0.27156472,0.060708575,0.2676063,-0.06948117,-0.33673832,-0.13042709,-0.67622876,-0.19919138,-0.23843329,0.069796175,0.013615569,-0.48320752,-0.07973043,0.081489205
protein|ETFDH,-0.13825348,-0.03200161,-0.32069823,0.6796082,0.2019552,-0.035722572,0.32561496,0.31363866,-0.31216612,-0.28707933,-0.5596379,-0.13894153,-0.3149993,0.23552683,0.06968064
protein|TCEB3,0.069331594,-0.097795025,-0.34536722,0.0009158687,0.13541116,0.267439,0.0030653793,-0.07108929,-0.1529941,-0.2564518,-0.042450134,0.0928734,-0.10801602,0.22390819,-0.037501175
protein|DYNLT1,-0.18172333,-0.19848573,-0.24130513,0.111938305,-0.04928618,0.09839425,-0.22242036,-0.18014112,-0.16542757,-0.24559438,-0.020249018,0.05057277,-0.23679237,0.33449408,-0.077503204
protein|PGRMC1,0.1450367,0.27539542,0.18698101,0.25588188,0.34596986,0.24406451,0.16227517,0.29595697,-0.15337653,-0.3801064,-0.6692956,-0.07540764,-0.3686788,0.27787292,-0.1939225
protein|ITGA4,-0.010458975,-0.3064518,0.05598492,0.24190022,-0.13486789,0.111118354,0.26740086,-0.23886737,0.08897239,-0.36731026,0.29686558,-0.23200385,-0.07084917,0.31236655,0.05713632
protein|TM7SF2,0.18286535,0.2298702,-0.11897523,0.26052383,0.25860578,-0.290749,0.1973784,0.06946189,-0.34413663,0.25747937,0.05110334,0.15843104,0.14945059,0.21138151,-0.026135016
protein|SLC39A11,-0.30845866,-0.15821518,-0.26229435,0.025616916,-0.34387198,-0.36007643,-0.066557296,-0.39213824,-0.017049123,0.21037567,0.19535933,-0.08938044,-0.18620619,0.026941843,0.32604876
protein|SH3PXD2B,-0.44902438,-0.39047915,-0.1586747,0.14046478,-0.0023311428,-0.023325408,-0.038074795,-0.40777317,-0.5053013,-0.17716156,0.20602465,0.2856673,-0.34567434,0.040194623,-0.3502276
protein|CD63,-0.30819923,0.07435944,0.15009394,-0.035734374,-0.2706029,-0.03506409,-0.04081631,-0.23752235,-0.26180705,-0.041037243,0.21770284,-0.002551661,-0.19068539,0.24155036,-0.063178934
protein|MAD1L1,-0.043617103,-0.48538482,-0.4882405,0.19773194,0.008674985,-0.034772266,0.36765212,-0.36797082,-0.27926013,0.0076773157,0.22492616,-0.14224036,0.19332881,0.0009343587,-0.089829
protein|SERBP1,0.23201454,-0.21102206,0.100716546,-0.4800335,0.38743976,0.42614275,0.3142518,-0.209585,0.5703607,-0.35155523,-0.45695752,0.4324607,0.014768538,0.008458153,-0.14622451
protein|UCKL1,0.28224617,0.09985439,-0.4063858,0.12802361,0.25938308,-0.32009304,0.100091256,-0.753616,-0.12746218,0.2577516,-0.04707928,-0.10971651,-0.363019,-0.05542248,0.1329985
protein|ACACA,0.047233384,0.021523047,-0.6347089,0.29405898,0.23480922,-0.25209928,0.29119664,-0.28105336,-0.235638,0.14695245,0.12060073,0.10617539,-0.07566101,0.34390956,0.07671259
protein|DAGLB,0.12895694,0.22045107,-0.28909644,-0.026175667,-0.1906518,-0.27518776,-0.00033020787,-0.02686356,-0.051755775,0.10558292,0.19929849,-0.09326935,-0.07094134,0.044365708,0.15808262
protein|BIN2,-0.27744767,-0.6326859,0.44398257,0.09974875,-0.16679008,0.0022157682,-0.08995061,-0.34373784,-0.005782632,-0.38014194,0.20882615,-0.113617845,-0.14667277,-0.2184679,-0.0659185
protein|CFI,-0.10485701,0.37143633,0.027900657,0.03334386,0.06919811,-0.029510852,0.035828494,0.12580596,-0.6990701,0.0554989,0.39336678,0.055685326,-0.06639279,0.40272897,-0.1920828
protein|FARP1,-0.034252692,-0.17996693,-0.08355946,0.2210458,0.15012258,0.16026892,0.19014668,0.0032515677,-0.41090903,-0.1629232,0.15294234,-0.1530454,-0.008673714,0.34902537,-0.27255595
protein|PRMT1,0.34126204,0.3129378,-0.4662805,-0.2211562,0.049337786,-0.3775176,0.06402049,-0.7785303,0.08182189,0.32892296,0.07393524,-0.11459282,-0.1871207,-0.10380812,0.41193467
protein|HIBCH,0.44565472,0.18882294,-0.22359368,0.5715806,0.3491009,-0.12678973,0.003152083,0.6960918,-0.059569504,-0.13636921,-0.42668003,0.09817518,-0.18530858,0.06473251,0.10365536
protein|SMARCE1,0.15249547,-0.2532387,0.2147867,-0.103262946,0.36086956,-0.05180435,0.37622768,-0.35927203,0.10241318,0.059401188,0.1576768,0.09972788,0.17957409,0.028520027,-0.19558935
protein|VPS53,-0.111873515,-0.027947115,-0.19977185,-0.08202988,-0.09043005,-0.10342514,0.29865977,-0.17217372,0.047007196,0.22405566,-0.021159803,-0.11549146,-0.06055128,0.086777754,-0.020695614
protein|CUX1,0.14309089,-0.2574085,-0.39906928,0.059257526,0.23432289,-0.056802522,0.22248672,0.013818817,-0.11911687,0.2683212,0.17355055,-0.084630646,0.09171942,0.037226602,-0.06707987
protein|GABPB1,0.1892629,-0.13090378,0.022575436,-0.112367,0.2984861,-0.09531778,0.055928975,-0.59436804,0.03215294,-0.21973212,-0.3577088,-0.41646913,-0.32134035,-0.38410679,0.072868735
protein|LBR,0.33703822,-0.33904693,-0.10207914,0.007559595,0.12932391,-0.10717378,-0.045421593,-0.21171686,0.23846501,0.2317877,0.27802965,-0.2580809,0.1426533,-0.36395952,0.21879151
protein|CAB39,0.12234459,0.2153121,-0.012921283,-0.056245886,-0.039366793,-0.3603123,-0.19929314,-0.28122678,0.20754236,0.2112371,-0.020858936,-0.45183998,-0.12587647,-0.25081265,0.2450646
protein|CAMK1D,0.03352076,0.050232686,0.24619526,0.05194054,0.18143469,-0.14881058,0.21341458,-0.37945738,-0.03810523,-0.04864681,-0.24827342,-0.13821372,-0.0909311,-0.10828672,0.07089357
protein|SLC4A7,-0.11841626,-0.06251976,0.009195944,-0.1055757,0.24278638,-0.03857529,0.20066983,-0.2069415,-0.31238025,-0.19087419,0.05722015,0.19761917,0.039494846,0.2592953,-0.19423068
protein|ITGB2,-0.4474694,-0.34070402,-0.022013368,0.117475644,0.033652443,0.019731779,-0.39317074,-0.30354923,-0.59995353,-0.3295879,0.39771724,-0.010868457,-0.29233724,-0.31246248,-0.29650152
protein|RBM34,0.13078403,0.039932385,-0.329918,-0.13686562,0.22494368,-0.10518705,0.35512924,-0.39441544,-0.25175992,0.055533893,-0.10044969,0.2468005,0.12832326,0.24064638,0.07224681
protein|IMMT,0.40291673,-0.040745635,-0.8208515,0.60457253,0.0032593093,-0.23982476,-0.0333993,0.29287136,-0.048792936,0.071364984,-0.23585801,-0.2527299,-0.18273738,0.033581953,0.35349134
