,F1,F2,F3,F4,F5,F6,F7,F8,F9,F10,F11,F12,F13,F14,F15
rna|HLA-A29.1,-0.09576619,0.15960833,0.1111255,0.17573656,0.21123424,-0.033885363,0.2151692,0.16029415,0.1869182,0.19766517,0.15196283,0.0741694,-0.024402842,0.23526146,0.21500796
rna|HLA-DRB5,-0.05719092,-0.0852398,0.3081168,-0.32800466,-0.0030507478,0.22245839,-0.04869586,0.030984154,0.37333423,-0.23035021,0.6539496,-0.00548212,-0.38734987,0.14653036,-0.14134023
rna|USP9Y,-0.20442584,-0.30191094,-0.026698258,-0.6064286,-0.049818065,0.26887977,0.319207,0.012560583,0.32435036,-0.41824433,0.6078159,-0.3643155,-0.37126788,-0.08856306,0.39489165
rna|HLA-DRB4,-0.08504107,0.029577393,0.081958026,-0.020951113,0.13516821,-0.066286445,0.03117016,0.62698686,0.18561159,-0.40225837,0.4775741,-0.014317583,-0.08694379,0.123183824,0.29787654
rna|REXO1L2P,0.94204974,-0.9308932,-0.27313206,0.5855396,-0.8525001,0.576288,0.9623687,0.09515136,0.026069691,0.3308085,-0.51668996,-0.6620016,0.37389404,-1.009398,0.8966718
rna|REXO1L1P,1.0803999,-1.004717,-0.35528123,0.5718156,-0.73284256,0.70312345,0.94269085,-0.116688944,-0.023407781,0.33967173,-0.4598534,-0.59821486,0.45592993,-1.080568,0.9701984
rna|KDM5D,-0.30698162,-0.25354153,-0.1803501,-0.3262602,-0.10932194,0.26980636,0.21543477,-0.028808309,0.18751869,-0.43249574,0.51868486,-0.4365541,-0.39591295,-0.032802165,0.3496912
rna|SERPINA9,0.5659249,-0.07067031,-0.12549444,-0.77687246,-0.34174693,0.3273672,-0.12093634,0.2706644,-1.4604946,0.22200273,-0.073519655,0.3001232,-0.5290805,-0.23199464,-0.20132113
rna|GAGE4,0.9828081,-0.9387342,-0.19141844,0.72187996,-0.73483545,0.65397525,0.8521462,-0.016087547,-0.03275093,0.36456877,-0.60642385,-0.48476413,0.4316817,-1.0248094,0.9459423
rna|KRT14,-1.1318699,0.23790094,0.685655,-0.26961643,-1.1919671,1.0694021,1.1117713,-0.98370254,-0.029765626,1.3042262,-0.46036524,0.32325757,1.0183717,0.4274728,0.2953836
rna|DUX3,0.8306236,-0.8628115,-0.31224716,0.54555076,-0.7634391,0.68758976,0.8644768,-0.09487387,-0.11677876,0.16648903,-0.31929946,-0.82751614,0.26419312,-0.9489679,1.0068197
rna|FSTL5,-0.03784579,0.282468,0.23330332,0.057601426,0.4819611,-0.100862436,0.006117623,0.20355849,-0.21119659,0.10655122,0.2841136,-0.10598013,-0.0972898,-0.014658032,0.0023256822
rna|RAB25,-0.20441058,0.3882947,0.18454795,-0.5893111,-0.2204478,0.62937,0.30799192,-0.075599745,0.06789606,0.4641574,-0.09983305,0.19593836,0.119992875,0.11967248,-0.15738693
rna|ORM1,-0.4105929,-0.7032486,-0.028081749,0.27598542,0.037794195,-0.09480793,0.7465701,0.5963742,0.4029759,0.43478867,0.74590456,-0.37293965,0.1565654,-0.16119221,-0.43398413
rna|DUX5,0.8786751,-0.8767822,-0.3226156,0.6280124,-0.7982713,0.5982689,0.79181266,-0.06982723,-0.076875634,0.29761368,-0.45014256,-0.68322986,0.33310843,-0.953682,0.8713598
rna|HLA-C,-0.13129799,-0.11831525,0.20995875,-0.4057288,-0.20216255,0.5252156,-0.1684296,0.09293867,0.5480383,-0.7424974,1.0091987,0.032825343,-0.58221936,-0.01933372,0.58902556
rna|RGS13,0.26288465,0.11716723,-0.24733177,-0.10426105,0.37026596,-0.047007564,-0.08041159,0.28069112,-0.91209644,-0.0053625954,0.06564182,0.4034232,-0.4544133,0.22413702,-0.12690985
rna|FDCSP,-0.0080388235,-0.38475984,-0.51536,-0.033954125,0.011343779,-0.08108412,-0.7183072,0.44482982,-0.096884355,-0.51254314,-1.103884,0.5301271,0.3707361,-0.09131915,0.4277756
rna|GAGE12J,0.93030804,-0.8792355,-0.22081353,0.734609,-0.6636633,0.6607567,0.8323682,-0.0867079,-0.06356005,0.3666332,-0.59103894,-0.49527183,0.42851862,-0.90231895,0.891909
rna|HTR3A,0.3047923,-0.23577578,-0.63319415,-0.4390854,0.131161,-0.33061278,-0.101510726,0.31330734,-0.72579134,0.24104545,-0.3156854,0.22688217,-0.10142271,-0.20809892,-0.2416759
rna|USP17L2,0.9589437,-0.6687031,-0.21404175,0.37590435,-0.7488028,0.73357683,0.88223845,-0.05476726,0.13577424,0.42703393,-0.3540552,-0.7996636,0.4842863,-1.0462557,0.86431056
rna|DUX4L1,0.80074346,-0.87350017,-0.42063233,0.73346186,-0.6602563,0.5052053,0.6849464,-0.26720563,-0.3057065,0.29173702,-0.58123386,-0.6451301,0.41259554,-0.7222951,0.9583549
rna|MUC16,-0.1741617,-0.009053795,0.1228225,-0.7404475,-0.20306377,-0.00063709484,0.05927025,0.68683475,-0.20429553,-0.14568308,-0.14405125,-0.27232125,0.113659985,-0.14617501,0.5081306
rna|COMP,0.29619697,0.035745025,0.59284675,-0.955469,0.06049317,-0.7673175,0.616497,0.33129033,-0.3087519,0.5356582,-0.30390513,-0.25614452,-0.047649093,-0.88236105,-0.14763851
rna|PRR20C,0.95995945,-1.0563035,-0.45098168,0.77241206,-0.6387274,0.69587904,0.8851719,-0.1980441,-0.080701716,0.28259897,-0.52911013,-0.7602723,0.44427946,-0.79200304,0.8890239
rna|TXLNGY,-0.13811977,-0.060306057,-0.05167367,-0.38136718,-0.043036915,0.0034423436,0.114383325,0.08223529,0.16404656,-0.08937906,0.13330492,-0.13779669,-0.0070499694,0.10030685,0.07971222
rna|KRT6A,-1.5703945,0.44722396,0.81585246,-0.3806955,-0.8633538,1.1102812,1.0573896,-0.89327383,0.023103394,1.09584,-0.41828793,0.27296725,0.8573294,0.58597964,0.12713182
rna|KRT5,-0.9365599,0.3562306,0.52202815,-0.12445402,-0.77956843,0.6779626,0.5341842,-0.64382786,0.10454658,0.9209525,-0.513674,0.32564175,0.81481034,0.58083063,0.540727
rna|DUX4L6,0.61611867,-0.84268063,-0.39330024,0.81486815,-0.58855265,0.52580225,0.756861,-0.13702917,-0.38095808,0.24734026,-0.4628064,-0.71527344,0.36707586,-0.77140146,0.8926658
rna|SPRR2E,-0.79112506,0.24373822,0.54413,-0.18565144,-1.0969017,1.1447659,1.0367426,-0.81214345,0.071796976,1.1408046,-0.46920606,0.00024840387,0.96045685,0.2063694,0.33541247
rna|GAGE12C,0.8421681,-0.74441755,-0.048867796,0.60939103,-0.6756291,0.6158655,0.781083,-0.114553295,0.06979983,0.3669383,-0.5028613,-0.55643904,0.48810312,-0.95566744,0.9746409
rna|ZYG11A,0.12502544,0.075680286,-0.014777595,0.52451736,-0.03976159,0.029981308,0.35352254,-0.07045611,0.07384722,0.5806393,-0.15198945,0.27408057,0.112033725,0.0030493897,0.040245544
rna|PRR20B,1.0172777,-0.88514435,-0.42727906,0.68404853,-0.70908135,0.6686435,0.8044668,-0.123018734,0.010793476,0.3759987,-0.5513865,-0.6075753,0.57745314,-0.8871845,0.85091996
rna|RPS4Y1,-0.04678998,-0.15628876,0.09709127,-0.3643007,0.069054194,0.1380063,0.33883023,-0.06260306,0.35029587,-0.07572249,0.23082611,-0.4817793,-0.1978308,0.02894491,0.1409353
rna|KRT13,-0.62687325,-0.10845964,0.1373361,0.2786035,-1.1581368,1.0139579,1.0978919,-0.749834,-0.06829379,1.0230578,-0.52422947,0.06521857,0.6966349,0.44222748,0.72167945
rna|PLA2G2A,-0.16403222,0.08496834,0.74084157,-0.3139447,-0.42538118,-0.27668482,0.60970145,-0.36970183,-0.035963632,0.36887053,-0.34003738,0.01618559,0.37049916,-0.77825785,-0.13910306
rna|SNORA38,-0.24228516,-0.1361472,0.116833836,0.30073977,0.45072296,-0.033181597,0.42938733,-0.33627582,-0.4288097,0.07166777,-0.025522945,-0.23925805,-0.019491743,0.28151283,0.009442046
rna|OR4F17,0.96433645,-0.89443874,-0.40959015,0.6644727,-0.63305855,0.64219797,0.79209167,-0.30293405,-0.092111476,0.3581477,-0.46584117,-0.7986827,0.33011758,-0.66850626,0.9028911
rna|KIAA1549L,-0.0078412425,0.20718019,0.51093507,-0.8000449,-0.108968616,0.04729824,0.14106184,0.18721463,-0.44772896,0.41044983,0.1334421,-0.07174869,-0.1976792,-0.71663296,-0.029842691
rna|MYOCD,0.17079012,-0.023531962,-0.2613485,0.5364305,-0.22995172,-0.010382221,0.40675357,-0.22532545,0.15572856,0.52398723,-0.3609701,-0.19356164,0.41939762,-0.24092287,0.310927
rna|EVPL,-0.65234405,0.43333888,0.31295073,0.005479956,-0.36378762,0.59937125,0.4262937,-0.7133807,0.58345103,0.84648377,-0.4138565,0.11877107,0.9135348,0.22586401,0.059837997
rna|KRT17,-1.6375073,0.45980343,0.76666945,-0.5351861,-0.5355386,0.57553023,0.79897934,-0.6605572,-0.47187567,0.7036929,0.32657972,0.31638363,0.3295694,0.5344303,-0.074442804
rna|KRT6B,-1.4736904,0.48688656,0.62932044,-0.50750583,-0.91709656,1.0165358,0.85725653,-1.01431,0.011169779,1.0211235,-0.18488692,0.23673981,0.6871114,0.72946244,0.17147173
rna|KRT6C,-0.7033999,-0.048205685,-0.0069002686,0.041546915,-1.1195664,1.0846683,1.1925659,-0.8752163,-0.15361951,0.9189808,-0.38566458,-0.17081754,0.48715368,0.43527904,0.60405713
rna|ESPN,-0.23217146,-0.04032335,0.5373003,-0.11175255,-0.46087542,0.77040344,0.6880711,0.06936505,0.20069227,0.1307312,-0.39721027,0.20157763,0.7326635,0.012721206,0.10859071
rna|FCER2,-0.026024383,-0.047123823,-0.36923295,-0.04520185,-0.42120063,-0.21788038,-0.6688913,0.15933669,-0.36721098,-0.3322943,-0.69352186,0.45484743,0.036496148,-0.28750405,0.44662935
rna|HLA-DQB1,-0.2806297,-0.013531971,-0.18186182,0.17514658,-0.18213888,0.045680936,-0.036946915,0.46410513,-0.18193069,-0.33646968,0.13566172,0.11616733,0.1619582,0.15192744,0.35172108
rna|CCDC190,0.6520238,-0.5486665,-0.044039916,0.35362065,-0.6916103,0.7966891,0.81307966,-0.15942946,0.20951906,0.45695126,-0.47768584,-0.6524497,0.41760033,-0.670868,0.9104716
rna|ACY3,0.51730084,0.56715655,-0.08518918,-0.4998263,-0.032672014,0.39437985,-0.04988878,0.30100298,0.027082535,0.41724935,-0.04161096,0.32396257,-0.21868195,-0.080630824,-0.029295342
rna|LINC00885,0.009232999,0.23671237,0.17018966,-0.118713826,0.0020405012,0.3002412,0.10867359,-0.17702729,1.1526259,0.44802395,-0.42410204,-0.08313776,0.8603101,0.46358436,0.0047146315
rna|NLRP4,0.4359086,-0.13208385,0.21908452,-0.26749864,-0.045148417,0.30415195,-0.009711196,0.26608866,-0.4233022,0.22752857,-0.16186765,-0.31262133,0.31975353,-0.097218245,0.023885792
rna|POM121L12,0.6827666,-0.6467053,-0.4583617,0.9233276,-0.55828613,0.6231338,0.5813575,-0.07121942,-0.34288093,0.36323702,-0.49448854,-0.54070616,0.55344033,-0.47096977,0.6650672
rna|CILP,0.13110167,-0.030656306,0.15664808,-0.897756,0.31982034,-0.49400625,0.32419652,0.47355378,-0.9368233,0.29317096,0.3802762,-0.17666465,-0.48993194,-0.92602736,-0.1950912
rna|SPRR3,-0.86859554,0.38136536,0.21210173,-0.25171536,-1.1071235,0.95563537,1.0812172,-0.54772794,0.04185185,1.0627947,-0.36982977,-0.025536537,0.683533,0.5975488,0.40011102
rna|SOX11,0.7090887,-0.5553114,-0.3232877,0.6132843,-0.48850894,0.6845545,0.6523033,-0.38348007,-0.24000105,0.39055884,-0.33832714,-0.39773157,0.26921886,-0.4073075,0.50268817
rna|VPREB1,0.5095034,0.2481,-0.18742627,0.028429685,-0.23712619,0.33826995,-0.028767012,0.038822744,0.01277417,-0.081855536,-0.5537997,0.2516516,0.11378145,-0.33388892,0.051056813
rna|SLC6A11,0.60962903,-0.8459253,-0.1912,0.7094296,-0.8597756,0.60851574,0.778936,-0.41224366,-0.18450066,0.48624527,-0.6983642,-0.24920052,0.5724904,-0.28042525,0.7566496
rna|MT1H,-0.3487438,-0.5114799,0.76639557,0.47666204,0.0686582,-0.087936,0.6058756,0.35948583,0.9697505,-0.115191124,1.1619419,-0.11766799,0.20528822,0.71274,-0.2248299
rna|NIBAN3,-0.03572791,0.7382342,-0.6937916,-0.12269432,-0.13960259,0.6041607,-0.35598376,-0.23460327,0.052666564,0.21585894,0.048394836,0.46104518,-0.17449167,0.08236946,-0.0012328498
rna|CALML3,-0.7888436,-0.024152337,0.49917212,0.09179847,-1.095051,0.9505295,0.8448392,-0.7261774,-0.096215524,0.88267446,-0.55372965,0.14023435,0.7849049,0.3543445,0.42512584
rna|SGTB,0.16059902,0.18528053,0.06899956,-0.09154617,-0.13639547,-0.0712349,-0.28796178,0.006452324,0.08561448,0.12331747,0.118808396,0.14551544,0.096349016,0.02534609,-0.2520522
rna|SFN,-1.0784523,0.5778666,0.6554996,-0.23917645,-0.30500388,0.3941286,0.5862731,-0.5868763,0.4000667,1.087643,-0.28960508,0.28214562,0.8579851,0.47164184,-0.11920331
rna|SBSN,-1.3276908,0.6713991,0.7885514,-0.5772682,-0.8759317,0.51017517,0.63205343,-0.64838445,0.09792785,0.86722016,-0.14984258,0.7174379,0.5420203,0.7171085,-0.25406456
rna|HRK,0.37158564,0.44408077,-0.69576347,-0.24890026,-0.31122068,0.3024645,-0.2737077,0.07695352,-0.13321438,0.046354573,-0.2988654,0.7295936,0.070375934,-0.1558267,0.1039515
rna|UMODL1,0.067675926,0.09012598,-0.24514295,-0.05582721,-0.06586764,0.37577516,0.101225026,0.056590587,-0.42512122,0.40004045,0.022282455,-0.04696215,-0.07545834,-0.21990398,-0.14908525
rna|GAGE12B,0.8154144,-0.7147354,-0.2173122,0.54734665,-0.59467304,0.545584,0.6714658,0.0060076285,-0.05409538,0.18039231,-0.42427453,-0.60854113,0.32841808,-0.85139567,0.9559517
rna|APC2,0.8262516,-0.7309143,-0.5108705,0.8324315,-0.4051119,0.48870036,0.5148327,-0.37040576,-0.4186963,0.4031868,-0.60414493,-0.50790435,0.36126354,-0.2982628,0.7276362
rna|SYT17,0.44470927,0.13365191,-0.0926942,-0.5504486,-0.31674,0.1395912,-0.07349744,0.33650732,-0.0833388,-0.069654666,-0.0016124004,-0.032467682,0.3289639,-0.32409078,0.09204919
rna|PMEL,0.33721495,0.0043929582,0.38522372,-0.07959276,-0.26226923,0.19569302,0.2773083,-0.20746177,0.28641912,0.45814258,-0.15438533,-0.23314497,0.44556236,-0.15855391,0.097583525
rna|CES1P1,-0.4344226,-0.5979687,0.19719505,0.18287131,-0.15954523,-0.153558,0.7319812,0.48379737,0.039700776,0.46588832,0.4747391,-0.09933142,0.2029023,-0.13212514,-0.34051162
rna|FAP,-0.41915897,0.12463029,0.43900755,-0.6979306,0.25473917,-1.2792922,0.41408888,0.43713516,-0.72033614,0.7366421,0.3438409,0.47609144,-0.14401849,-0.5029507,-0.8746909
rna|TRIM49D2,0.90034455,-0.73184085,-0.23230055,0.42327148,-0.6683286,0.6236014,0.658759,-0.17339648,0.07138555,0.5054376,-0.5105013,-0.63117146,0.49940652,-0.69637287,0.78400254
rna|MAGEA9B,-0.03070931,0.2092579,0.23070909,0.056731,0.6006418,-0.22504057,0.21121901,-0.113976255,-0.034207758,0.41206,0.09525003,-0.23789975,-0.08417619,0.28442252,-0.12698478
rna|CDHR3,0.12250229,0.19208576,-0.14870293,0.2060397,-0.25446963,0.13586025,-0.009851944,-0.06162685,0.23228015,0.35437045,-0.43304342,0.21005715,0.63941157,0.22452219,0.027937895
rna|ZNF385C,0.16856854,0.48973593,-0.30102924,0.30920926,0.09976887,-0.034237023,0.13926604,-0.11885642,0.6322596,0.64763755,-0.43785927,0.3655332,0.7503622,0.24332716,0.105660826
rna|DNASE1L3,0.20742877,0.1817938,0.26597598,-0.5866402,-0.8196103,0.23075108,-0.7810125,0.5446968,1.0516557,-0.87590194,-0.46813452,1.0642557,0.3847558,-0.0786916,0.3424953
rna|HLA-DRB1,0.0966335,-0.23393998,0.33477238,-0.28639764,0.3014383,0.064946465,0.131505,0.033780478,0.2384953,-0.12755845,0.5238654,0.08072135,-0.21669328,0.14649661,0.061359685
rna|KRT16,-0.8451488,0.1103292,0.46858197,-0.16764224,-1.0506474,0.8090613,1.0630876,-0.6237905,-0.15442145,1.125352,-0.37737218,0.21040557,0.77113396,0.33980224,0.1675234
rna|ETV3L,0.83697015,-0.720216,-0.455179,0.6680724,-0.4348745,0.39328104,0.6364373,-0.093499735,-0.1204207,0.44756773,-0.446988,-0.63292307,0.282075,-0.4396741,0.5726832
rna|C1QL4,0.8088458,-0.7621633,-0.3965283,0.70455045,-0.504782,0.6166131,0.5938705,-0.2671251,-0.30006614,0.3957413,-0.48724934,-0.45099965,0.30736658,-0.68191874,0.73439527
rna|PITX1,-0.24121685,0.35216954,-0.11958252,0.027186893,0.22767659,0.43654585,0.12188035,-0.06567086,-0.22571322,0.47372448,0.22230928,0.49379295,-0.16280547,0.06724036,0.116375625
rna|XK,-0.10623441,0.31207648,0.00066784356,0.42439604,0.55114675,0.028931938,0.16469145,-0.079036124,0.3433372,0.5066916,-0.22956416,0.060075104,0.37797102,0.26939085,-0.14083223
rna|POU4F1,0.28595912,-0.036518846,-0.00014883344,-0.12591346,-0.2733407,0.2341559,0.1379468,0.07763562,-0.034429047,0.25014552,-0.12934779,-0.08070856,0.3087182,-0.319972,0.06906827
rna|CHIT1,0.22110681,-0.7652886,-0.2130759,0.46780837,-0.03195509,0.24861632,0.19179559,0.62349564,-0.08455405,0.26672283,0.09139084,-0.002346498,0.21200697,-0.055888917,0.17211695
rna|NLRP7,0.21208529,0.3293465,0.18813801,0.29293352,0.4456539,-0.05321453,0.0965222,-0.11491156,0.24817336,0.4672775,-0.1580782,0.34520373,0.25446254,0.06370745,-0.05062404
rna|TAS1R3,0.2162285,0.41696158,-0.060146704,0.4866545,0.1927572,-0.2621304,0.24316172,-0.24490722,0.3009407,0.42316654,-0.5344671,-0.13884702,0.37003776,0.15862246,-0.15035067
rna|USP17L9P,0.91329277,-0.7188415,-0.21069828,0.6108638,-0.51249075,0.7022267,0.7280484,-0.36921453,-0.026239013,0.33952373,-0.42462143,-0.74375796,0.3588704,-0.63250005,0.8756374
rna|OR13A1,0.7177625,0.29020357,-0.10151393,-0.4493124,-0.310677,0.26147023,-0.13228895,-0.1037545,-0.21534254,0.05485777,-0.5541741,-0.09507348,-0.013847035,-0.18352427,-0.012816827
rna|CCDC85A,0.41829926,0.25277013,0.14136307,-0.3288184,-0.05862238,0.2627811,-0.102680385,-0.13000269,-0.4923974,0.063973635,-0.11235912,0.0031372376,-0.32652235,-0.38740015,-0.14490807
rna|BIK,0.3240734,0.30748433,-0.35977,0.2353616,-0.025014697,0.4205422,-0.22455136,-0.14174138,-0.6086198,0.2032857,-0.18725678,0.67169654,-0.14119057,0.6804296,-0.26864597
rna|PRAME,-0.19241387,0.08269785,-0.010363001,0.65707606,0.78143054,-0.037669245,0.32042384,-0.36407936,0.2498032,0.7037884,-0.19856276,-0.04880233,0.24657121,0.22986211,0.024312876
rna|ELOA2,0.84497863,-0.72957903,-0.44677645,0.5236056,-0.6626029,0.8150342,0.61052865,-0.20352839,0.0040526167,0.32888672,-0.24584337,-0.58695525,0.2920635,-0.7870098,0.8256898
rna|MYBL1,0.62375134,0.4815705,-0.1558121,-1.0981228,-0.22078326,0.4306215,-0.4201395,0.34301135,-0.43290016,-0.15801689,0.48294374,0.5285912,-0.80043787,-0.47031185,0.036082484
rna|OR11H12,0.87062347,-0.75516194,-0.17204817,0.4198109,-0.59073305,0.75939876,0.7420458,-0.0653359,0.11762546,0.37777475,-0.42903647,-0.6706473,0.46649474,-0.82602096,0.71184003
rna|SPRR1A,-1.35861,0.43166935,0.6365973,-0.24090138,-0.91655666,0.7834397,0.7781182,-0.88575166,-0.021044413,0.9809298,-0.2699698,0.26911056,0.70642877,0.82764935,-0.09016585
rna|AFF2,0.61359376,0.5442155,-0.34462142,-0.6743728,-0.07553882,0.42831722,-0.19555603,-0.02923157,-0.8147621,0.17842114,0.13423742,0.29887512,-0.7277942,-0.47721082,-0.15207307
rna|CCL22,-0.36422157,-0.28109163,-0.094958134,0.30672196,-0.15133749,-0.09791466,-0.044084813,-0.071284786,0.165209,-0.11314166,0.007046932,0.0044466397,0.27296573,0.08928785,0.30937713
rna|CCN5,0.20258008,-0.16001248,0.85237014,-0.5421894,-0.10556262,-0.59424716,0.50249606,-0.06904538,-0.36556605,0.43857905,-0.30121768,-0.24948357,0.08705861,-0.75820804,-0.31727046
rna|DAPL1,-0.089868896,0.2617997,0.29053515,-0.7019361,-0.4491822,0.3886256,0.024886146,0.25578633,-0.24863793,0.6416197,-0.30068332,0.114086136,0.13466102,-0.3902001,-0.17399752
rna|SLPI,-1.3778325,0.2982837,0.62730473,-0.20705983,-1.1301551,0.2148515,0.60192025,-0.38864708,0.107598625,0.26248363,-0.34116805,0.05093776,0.46818906,0.42095095,-0.25670546
rna|PGA5,0.66044164,-0.67327636,0.09334732,0.44240838,-0.64796525,0.63955206,0.6739889,-0.16287374,0.19661343,0.27307346,-0.4767466,-0.5697032,0.48810437,-0.5763689,0.49757642
rna|FABP6,0.32966968,0.059621908,-0.1389139,0.07961947,0.13645631,0.111354664,0.18184783,0.024751598,0.27837852,0.73432827,-0.24344042,-0.4034509,0.6585866,-0.48710895,0.33642188
rna|HPDL,0.13188045,0.4500456,-0.33039725,0.6191558,0.09942579,0.14711994,0.08602768,-0.30698365,0.5532498,0.56593686,-0.0791342,0.33558652,0.10720919,0.0935078,0.16897537
rna|GAGE2B,0.5855306,-0.7113962,-0.09277015,0.59875685,-0.37617236,0.6655114,0.6028453,-0.1537142,-0.1493013,0.0582346,-0.14789584,-0.7206997,0.08026504,-0.80072004,1.0027059
rna|EEF1A2,-0.3465269,-0.12377535,0.2782839,-0.23945652,0.035419032,0.5659403,0.1347984,0.1284891,-0.29475152,0.23481953,0.37308228,0.10161726,0.15144178,0.07793061,0.17802764
rna|PSORS1C2,0.16603048,-0.288857,-0.19092694,0.66593236,-0.22017689,0.45075285,0.4453623,-0.60151374,-0.15900369,0.59000134,-0.39387047,-0.44856167,0.4136296,0.01272444,0.22455966
rna|LAMP5,0.12499076,0.031105729,0.64284897,-0.40802723,-0.56422734,-0.19304043,-0.1963249,0.6458423,0.70607585,-0.014563514,-0.28909257,0.45452097,0.11514443,-0.5151643,0.2403457
rna|SRMS,0.11263567,0.2028421,-0.25025335,0.20596844,-0.061837982,0.26473215,0.3078008,-0.16213278,-0.053449206,0.6456245,-0.3304522,-0.1808116,0.519934,0.34257045,0.20278537
rna|CST1,-0.077463344,-0.37856826,-0.05136202,-0.36128026,-0.08438315,0.17580035,0.596108,-0.007489874,-0.58964175,0.7942831,-0.2585621,-0.3338345,0.086264014,-0.62926084,0.06423401
rna|CIDEA,-0.025266748,-0.1385117,0.7201737,-0.02811067,-0.22927713,0.062428355,0.122361474,-0.19664668,0.2808843,0.36742058,-0.36242357,-0.12956648,0.2637288,-0.5029205,0.15529089
rna|RERGL,-0.08199965,0.0142939,0.6344399,-0.026628692,-0.6830736,-0.03396186,0.11406324,0.030347854,-0.043401703,-0.18019569,-0.5211595,-0.044773944,0.29319164,-0.86331004,0.25997347
rna|APOBEC3A,-0.8449705,-0.5117993,0.85581714,0.30403408,-0.30639932,0.21479623,0.46356148,0.15364946,0.5973603,-0.21662678,1.3147728,0.17888038,-0.11754532,0.21530728,0.27862567
rna|ORM2,-0.14568523,-0.6329558,0.040916886,0.28353694,0.005662398,0.12723194,0.77431065,0.61618936,0.4592542,0.23695675,0.6564185,-0.5901494,0.24615479,-0.09392421,-0.28655067
rna|CRYBA4,0.1727457,0.12482408,-0.1168071,0.34366077,-0.26633662,0.28759292,0.038914472,-0.24980131,0.7430481,0.3533687,-0.257436,-0.009835124,0.68740445,0.015321131,0.33292392
rna|CIDEC,-0.0050700568,-0.020771118,0.5217456,-0.090854116,-0.02056277,-0.073673315,0.040426258,0.107203536,0.38309038,-0.13371502,-0.36011007,-0.024012143,-0.062173475,-0.62401134,-0.016051054
rna|TUBB2B,0.29449597,-0.050355025,0.11649607,0.21761967,-0.5086966,0.43230084,-0.21667011,0.15942495,0.11306363,-0.03941554,-0.43383467,0.69527143,0.18494992,-0.44730034,0.13551112
rna|PRND,-0.17862488,0.21073247,-0.1251641,-0.37735173,-0.11710054,0.106310554,0.08343387,-0.19010687,-0.4353726,0.29260045,0.0490563,0.24689464,-0.6791006,-0.9374306,0.08333193
rna|SCGB1A1,0.40614623,-0.5052354,0.021331795,0.36100563,-0.68993324,0.7508652,0.76776433,-0.32375568,-0.08032204,0.5199263,-0.43013185,-0.4272465,0.66432303,-0.46198195,0.6526168
rna|MMP1,-0.6666568,0.04792808,0.43255287,-0.428443,0.038791887,-0.30315888,0.54924375,0.0067198304,-0.042629294,0.7170818,0.6330474,0.48064968,-0.061168954,-0.27651757,-0.15985075
rna|CLEC4G,0.15576142,-0.5343862,-0.053530615,0.7081245,-0.78675,0.23979601,-0.25691107,-0.23572157,0.059297327,-0.7672728,-0.6653177,-0.066082194,0.38582245,-0.19169132,0.32934263
rna|VPREB3,0.6477208,0.53038764,-0.58343107,-0.4409906,-0.35509503,0.37436703,-0.3097585,-0.10168759,-0.89326966,-0.0033731898,-0.4804063,0.4965542,-0.4120156,-0.2340096,0.013044621
rna|CD1C,-0.022269104,0.2065227,-0.6814129,-0.17299439,-0.1540832,0.41402543,-0.4862629,-0.16359606,-0.34517926,-0.3241076,-0.35549155,0.3523474,-0.21578158,-0.27140656,0.46749723
rna|NRG4,-0.13750252,0.58535135,-0.03704505,-0.48345116,0.21258242,0.15694271,-0.006376687,0.1438966,0.13761243,0.5129652,0.18879795,0.32205766,0.0290405,0.0033527482,-0.44528085
rna|TBX10,0.38809025,0.25234872,-0.1482235,-0.3025859,-0.22049904,0.46365702,0.052938767,0.14927678,-0.23859297,0.40501225,-0.11233767,0.003298044,-0.085252,-0.12666066,-0.05226321
rna|FAM216B,0.19384474,-0.4457003,-0.20416796,0.26337117,-0.7614076,0.288072,-0.4227963,0.14899795,0.12396702,-0.3899479,-0.93585676,0.0403178,0.40680572,-0.19313481,0.6189549
rna|OR10G8,0.99846023,-0.7014592,-0.31870484,0.39160305,-0.5073584,0.49061882,0.6559689,-0.13918899,-0.018586019,0.43951595,-0.45024687,-0.54850584,0.48367894,-0.5839509,0.6603644
rna|SEZ6L,0.7835292,-0.7180495,-0.23728533,0.4419717,-0.5781989,0.33971444,0.4255782,-0.27890968,-0.20473817,0.34600806,-0.5780451,-0.47586623,0.61381155,-0.5162122,0.57616353
rna|TAS1R1,0.0029210546,0.30358496,-0.4299105,0.5718416,0.110148676,0.18166552,-0.0064917207,-0.4253447,0.35409883,0.3006673,-0.25171295,0.10268081,0.18724547,0.20436962,0.020623568
rna|CA8,0.02669609,0.17515528,-0.34807718,-0.46279213,0.07094133,0.1497331,-0.0393364,0.19393182,-0.23057051,0.012249123,0.09072525,0.1543149,-0.27732703,-0.22849777,-0.10466414
rna|CAMK2B,0.5483329,0.13257854,0.10651448,-0.45549765,0.011646451,0.23090348,0.31086764,0.42633206,-0.28448698,0.6411578,-0.072471485,0.05322871,0.20145132,-0.36088952,0.1846219
rna|PRSS1,0.46790507,-0.58560616,-0.45961455,0.788297,-0.4978013,0.5828951,0.6035307,-0.29813457,-0.21480414,0.408086,-0.4564867,-0.3256774,0.456769,-0.30358082,0.5248516
rna|MSLN,-0.73605907,-0.09264581,0.10489208,-0.23266852,-0.42036667,0.18577397,0.26383582,0.49730334,-0.11300152,0.1717363,-0.42568097,0.0069191093,0.12050229,-0.17171545,0.32086396
rna|LOC440570,0.8899603,-0.5831359,-0.07343636,0.43953812,-0.4875641,0.5461948,0.5990794,-0.24481727,-0.097629145,0.39991528,-0.585591,-0.58212626,0.38457805,-0.5817394,0.65552545
rna|BAIAP2L1,-0.10743035,-0.08898684,0.2145208,0.15661341,-0.105795145,-0.36315122,0.33134052,0.14452204,0.0377183,0.17967048,-0.088804506,0.5058136,0.4590615,-0.13401128,-0.3191215
rna|DEFA1,0.4578905,-0.6524773,-0.05827359,0.5169087,-0.79597396,0.017088557,0.44371027,-0.31844988,0.07478034,-0.15571563,-0.49991626,-0.454186,0.5580314,-0.41983134,0.111152984
rna|XAGE1A,0.7400623,-0.5292683,-0.018052759,0.5285637,-0.37856436,0.5795389,0.604188,-0.096495576,0.0058971443,0.21661568,-0.3665035,-0.37660414,0.47904083,-0.8071504,0.8088036
rna|CCL24,0.09556905,-0.41262367,0.25417405,0.6317726,-0.17945506,0.20376371,0.086146556,0.08127254,0.17484698,-0.27950516,-0.61560893,-0.30647302,0.5488543,-0.16893075,0.32179195
rna|IFNL2,0.80723834,-0.53046733,-0.48502976,0.5805934,-0.4950056,0.63758713,0.60563266,-0.2229247,-0.21419713,0.4508596,-0.3296478,-0.65750706,0.28206748,-0.4605661,0.71382236
rna|SERPIND1,0.61724585,-0.64967936,-0.42552105,0.47095582,-0.40480635,0.6520293,0.8426134,-0.25288686,0.070054255,-0.042041738,-0.31573755,-0.57889,0.32840997,-0.6261701,0.49994805
rna|CEACAM6,-0.6065829,0.20040394,0.39727747,-0.26365596,-1.1299978,0.7107662,0.9886147,-0.52835023,0.2614876,0.7889943,-0.43593636,-0.16054793,0.76537985,0.2534699,0.014044037
rna|CYP2C19,0.5481773,-0.56612474,-0.32961997,0.5799349,-0.60499203,0.6120209,0.8431493,-0.28399247,0.21045318,0.12075902,-0.44885153,-0.43445453,0.51019454,-0.3956014,0.5776593
rna|NLRP2,0.16371734,0.27056527,0.315552,-0.026366767,0.47882828,-0.23020704,-0.13231751,0.12505144,0.40420756,0.29699633,-0.07952409,0.13394244,0.2658476,0.14278631,-0.2641695
rna|MME,0.49506757,-0.046186566,-0.2833832,-0.47551134,0.059636094,-0.071776025,0.17344336,0.05651572,-0.7641547,0.5118612,-0.23057704,-0.030619988,-0.060775496,-0.2717699,-0.54453474
rna|OR13J1,0.7459788,-0.8141426,-0.4561628,0.6835814,-0.34608403,0.50905204,0.5002787,-0.27636772,-0.22461782,0.5308103,-0.5118745,-0.44426218,0.45004112,-0.58209443,0.61721545
rna|LIN28B,0.37526715,-0.115154505,0.07516119,-0.1519931,0.44086927,0.22848435,0.46349615,-0.0033668876,-0.044681165,0.18937255,0.101231955,-0.6670983,0.03185701,-0.19529702,0.24601778
rna|ALAS2,-0.05643121,-0.1865787,0.36278364,0.47468147,-0.38420618,-0.083996266,0.20705654,0.15369606,0.29964042,0.09272358,-0.3822542,-0.0061715418,0.18872549,-0.63677543,-0.056017928
rna|LAMC3,-0.3453374,0.23869517,-0.01767806,-0.26615652,-0.08869677,0.030304236,0.31484193,-0.14377114,0.24092856,0.3641942,0.13326496,0.2623345,0.093076974,-0.2975467,-0.3736123
rna|S100P,-0.9928887,0.17822157,0.67836833,-0.33792454,-1.1953144,0.23338355,0.6081111,-0.0986741,0.52406335,0.47990733,0.08728335,0.035993177,0.46764958,-0.14447616,0.0017070657
rna|ALOX12B,0.042905614,-0.2017971,0.20210136,0.12774426,-0.91507024,0.66132015,0.45201534,-0.41321623,-0.11104507,0.68449414,-0.50112563,0.18320622,0.67995626,-0.0548118,0.39442214
rna|SPINK5,-0.6095492,0.1958825,0.42891362,0.080504626,-0.78705585,0.9282212,0.75956583,-0.5857546,0.082057565,0.91464096,-0.632365,-0.08695252,0.8563337,0.23792712,0.3247889
rna|CSN3,0.7337938,-0.5115927,-0.2939937,0.40297386,-0.5459685,0.66097957,0.34841725,-0.17967694,-0.020375594,0.27154085,-0.6181291,-0.6463938,0.50446236,-0.6501688,0.5814352
rna|CCR10,0.2779917,0.38623706,0.0296648,-0.13861421,0.18767256,0.065243274,-0.12744932,0.011224755,0.70233214,0.49182597,-0.23441933,0.2520574,0.33744457,-0.11897363,0.013011943
rna|ACSM2A,0.6787791,-0.4954642,-0.27918816,0.3413826,-0.485949,0.5694121,0.82846963,-0.08382494,0.24277225,0.24975319,-0.46787795,-0.66439813,0.6216315,-0.6048824,0.28664815
rna|FAM90A7P,0.5696459,-0.56871414,-0.2165959,0.31634882,-0.41721788,0.70000666,0.7253879,-0.26208138,0.0053314427,0.2262709,-0.14803004,-0.9058656,0.07355521,-0.8490893,0.7721983
rna|NAT8,0.6635172,-0.6740818,-0.36070195,0.6892414,-0.51047015,0.71777534,0.60382915,-0.23385859,-0.07153594,0.2013663,-0.48019975,-0.41156217,0.4554161,-0.48012665,0.51210356
rna|TCL1A,0.45949432,0.33693108,-0.6303511,-0.54253215,-0.4031495,0.44411334,-0.4187532,-0.2947564,0.0692137,0.021640085,-0.17792581,0.35970008,-0.15064412,0.15748669,-0.04369396
rna|PROM1,-0.12800092,-0.103518635,0.29348886,-0.316888,-0.66647345,0.5245409,0.68629724,-0.11831555,-0.025402714,0.27208892,-0.13444981,-0.39966777,0.19261879,-0.76524484,0.15133823
rna|CT45A1,0.66566306,-0.37003452,-0.37767643,0.5560181,-0.2150469,0.6608026,0.5941297,-0.13521099,-0.032012094,0.59179336,-0.19914643,-0.3534577,0.35402405,-0.69898707,0.73592806
rna|LY6D,-0.987752,0.2580464,0.57753736,-0.22923996,-0.85110515,0.723182,0.62437886,-0.75767773,0.08736285,0.835883,-0.40387112,0.36953208,0.6506014,0.5891558,0.11797524
rna|POTEG,-0.28250396,0.13647497,-0.19278733,-0.08582911,0.44041967,-0.2841274,-0.021190604,-0.20557053,0.31178692,0.25171497,-0.085887805,0.30055845,0.23465261,0.36413667,-0.07834257
rna|IL17RB,0.048110418,0.47219506,-0.3277918,-0.1694669,0.07026268,0.29616436,-0.071868196,-0.060653344,0.21373372,-0.06006163,-0.027124958,0.19039418,0.026981726,0.008663009,0.0864858
rna|RNASE7,-0.7015995,0.36252505,0.36389625,-0.18219747,-0.9374017,0.656503,0.7372561,-0.6683007,0.072982065,0.8394038,-0.40633813,-0.18814152,0.8702555,0.32367074,0.24838713
rna|IL6,-0.39670065,-0.27036715,0.097359605,0.27560732,-0.44476,-0.80456084,0.285016,0.34906536,0.12468899,0.27080402,-0.26766017,0.4182747,0.62049675,-0.30883357,-0.18472892
rna|RASSF6,0.23101538,0.42311555,-0.13585244,0.11801526,0.1754369,0.14102553,0.12660795,-0.256853,-0.4200174,0.4251284,-0.18618444,0.24175766,-0.10127338,0.3272937,-0.47657013
rna|AQP7,0.42670184,-0.39303294,-0.019726438,0.42020637,-0.4060121,0.25974646,0.31275222,-0.22479388,0.22999033,-0.04593327,-0.7444781,-0.47190383,0.3270266,-0.7641685,0.10847962
rna|ACP4,0.65775,-0.5985929,-0.3500555,0.9342469,-0.5083252,0.467663,0.4794205,-0.30620852,-0.46987268,0.2958338,-0.47207892,-0.3481535,0.37781593,-0.19978839,0.60569304
rna|OR2G6,0.5209321,-0.44598892,-0.5163714,-0.14153701,-0.3895093,-0.03447308,0.24116227,0.28015494,-0.7393725,-0.039452378,-0.46559352,-0.5496644,0.16087581,-0.27125892,0.37159136
rna|SHD,-0.20710848,-0.21639593,0.47662032,-0.16891181,-0.3658171,0.0047267633,0.016584648,0.45570993,0.38644218,-0.78700036,-0.24509345,0.16295594,0.25944817,-0.39886257,0.6457684
rna|KRTAP5-2,0.49660802,-0.15444268,0.114692055,-0.43364578,-0.19781426,0.362065,0.27110493,0.012227606,-0.54474694,0.1885995,-0.14969516,-0.6747051,-0.122218855,-0.35651326,0.0404049
rna|KPRP,0.115000136,-0.17873542,0.3481813,0.2586563,-0.74847496,0.9045727,0.6571076,-0.53833264,0.030556154,0.64226204,-0.5144377,-0.15271953,0.8160157,-0.10316694,0.36360273
rna|STK31,0.59467643,-0.70492685,-0.42466033,0.865164,-0.28860974,0.45317847,0.5999011,-0.3857533,-0.6739232,0.14891998,-0.58156395,-0.49284038,0.3256372,-0.27386278,0.6159802
rna|ASPDH,0.6757075,-0.64003956,-0.429106,0.629423,-0.4046753,0.5132005,0.7035695,-0.28541625,0.077158205,-0.13774185,-0.40946513,-0.3033648,0.49142626,-0.5087436,0.33787256
rna|CLEC4F,0.7473864,-0.43832314,-0.025415473,0.21232632,-0.70170075,0.24521926,0.049988065,0.07678572,-0.06601231,-0.093512304,-0.8331295,-0.44024885,0.46662638,-0.41159257,0.61247706
rna|PNMA6A,-0.13422228,0.105566,-0.09262613,0.47094944,0.17383596,0.12930447,0.36705077,-0.43370357,0.34729734,0.36459717,-0.212069,-0.13027368,0.32141122,0.11803032,0.01677641
rna|KIR2DL3,0.49044237,-0.7028116,0.14643887,0.39263645,-0.49540937,0.3598876,0.36110163,0.18680944,0.30983278,0.009706661,-0.15481797,-0.40350097,0.5225671,-0.37517238,0.5789727
rna|LTF,-0.6657164,-0.2676565,0.010009409,0.0024679275,-0.6220239,0.3114919,0.15627773,-0.12219683,-0.16897306,-0.33775568,-0.798264,0.119544946,0.4058702,-0.35265818,0.16411915
rna|KRTAP3-2,0.7647751,-0.7863071,-0.42405453,0.58040684,-0.6105223,0.642931,0.5497991,-0.17838672,-0.0202153,0.34993905,-0.3910644,-0.39753875,0.5181043,-0.5978554,0.58967245
rna|CNN1,0.23796445,-0.065397255,0.45855772,0.009025661,-0.5249868,-0.6372846,0.52594095,0.09972194,-0.15088467,0.4578576,-0.46249583,-0.21816018,0.1375138,-0.5825936,0.024015486
rna|PRKY,-0.12778768,-0.2709232,-0.01167092,-0.23924135,0.053222187,-0.02864758,0.22008187,-0.003295592,0.06893972,-0.26119953,0.18748145,-0.56819534,-0.15131137,0.20611662,0.23100531
rna|HAND1,0.5510425,-0.6049708,-0.43943018,0.55635774,-0.391362,0.3154687,0.5756465,-0.21668799,-0.11733912,0.2540734,-0.3439316,-0.4790998,0.33301303,-0.5341438,0.62281823
rna|APOBEC3B,-0.12910488,-0.40936297,0.36692736,0.28666282,0.04460686,-0.14260508,0.14735806,0.5631656,0.42090335,0.24996288,0.07307582,0.47238114,0.18434066,0.15281644,0.036412675
rna|SAA2,-0.8366799,0.2523464,0.77225804,-0.31615633,-0.22926764,-0.06259818,0.470948,0.16953775,0.41353908,-0.07899751,0.14942817,-0.28030905,0.09336922,-0.5247414,-0.24814913
rna|MT1M,-0.36475468,-0.5022945,0.6425223,0.3779481,-0.064780824,-0.48755288,0.71599734,0.157047,0.4094008,-0.0330927,0.50027585,-0.43390587,0.3881347,0.49778798,-0.22126952
rna|TMPRSS6,0.11840302,0.06113206,-0.31104034,0.53031653,-0.097092375,0.25378317,0.57701445,-0.36387646,0.6212595,0.38174808,-0.29661518,-0.28497243,0.4899718,0.095476285,0.21125668
rna|C7,0.39227307,-0.09375362,-0.01898766,-0.08619756,-0.5324003,-0.09040042,-0.9068363,0.5647287,0.58101624,-1.3034445,-0.4461507,0.3139955,-0.22846848,-0.36511746,0.34953943
rna|LINC00479,0.64212835,-0.7431638,-0.32745257,0.54321235,-0.5201304,0.6612513,0.5468092,-0.22219078,-0.17278074,0.31878608,-0.42846423,-0.4784747,0.2677909,-0.66021633,0.45985577
rna|GTSF1,0.06505357,0.46475267,-0.0737391,-0.22639695,0.58271307,-0.17051984,-0.32285672,-0.00820593,0.16106421,0.3124412,-0.042515337,0.4498339,0.0362452,0.30463943,-0.33100426
rna|DEFA1B,0.65376836,-0.5965708,-0.15924013,0.35013273,-0.79179144,0.35846567,0.5874475,-0.18162237,0.17487499,0.055712182,-0.40933523,-0.55605423,0.65966666,-0.7248559,0.3911429
rna|VTRNA1-2,-0.4298705,-0.50528085,0.13140808,0.67348987,0.20087263,-0.7773102,0.39015242,-0.17354485,-0.4408426,0.22277398,-0.15058923,-0.14479934,0.106284626,0.24815832,-0.45105195
rna|FCAMR,0.22081451,-0.4036719,-0.5074628,0.11584179,-0.61856383,0.2703835,-0.33639106,0.03473173,0.0975921,-0.5762114,-0.83662987,0.05138092,0.105371535,-0.3648985,0.4167125
rna|SCNN1A,-0.8843153,0.24335659,0.86515355,-0.5736564,-1.0725731,0.52943134,0.8198097,-0.31746864,0.47349915,0.4286872,-0.15985064,0.33738354,0.69184613,-0.03539469,-0.11003833
rna|MBD3L5,0.75465626,-0.55555314,-0.109569244,0.35241887,-0.56348723,0.7331265,0.5883901,-0.18832405,0.09100859,0.37316832,-0.19830987,-0.7132215,0.39617208,-0.9045368,0.7701009
rna|N4BP1,0.121239275,-0.14894214,0.49875164,-0.05820834,-0.45687413,0.01843949,0.010508672,0.08617173,0.53154224,-0.050790016,-0.22970852,0.09194879,0.013826241,-0.21731223,0.23893635
rna|SNORA80A,-0.085964255,0.4859632,-0.30307338,-0.13477719,0.0998212,0.0041571893,-0.1227446,-0.3688699,-0.0037302468,-0.1290099,-0.042268448,0.00065783976,0.42515987,0.10848611,0.034627434
rna|NLRP11,0.5168425,0.18106459,0.16040727,-0.118690684,0.05075593,0.12999737,0.032134667,-0.04765664,-0.17505108,0.309722,-0.058949266,-0.0030609658,0.06560822,-0.24553688,-0.11230557
rna|PRAMEF7,0.8313256,-0.44119886,-0.07660324,0.30710816,-0.5165379,0.64927083,0.62981397,-0.12667753,0.105590075,0.36034933,-0.33426365,-0.68107665,0.45171267,-0.74065506,0.7251101
rna|PDGFRL,0.15469784,0.009534033,0.6653341,-0.29099697,-0.29922524,-0.6079614,0.6114351,0.013243016,-0.3563505,0.70836127,-0.38944098,-0.272077,0.121899314,-0.76164055,-0.22551489
rna|MIXL1,0.54539543,0.2083778,-0.40778652,0.041931752,0.019448753,0.17084238,0.15778522,-0.3939473,-0.4905819,0.40846944,-0.45785347,0.058804445,0.20743334,0.25028265,-0.18539867
rna|LORICRIN,-0.024121556,-0.22513121,0.088604815,-0.3102397,-0.60595435,0.3760747,-0.21199788,-0.012708734,0.24478026,0.19096069,-0.656657,0.114721246,0.5058126,-0.3158754,0.5305314
rna|SLN,-0.242254,-0.064789996,0.19611622,-0.13528703,-0.41719735,0.3730424,0.4587889,-0.25165823,0.13671465,0.49930355,-0.09762091,-0.23542465,0.42946976,-0.35882223,0.26643634
rna|ANXA8L1,-0.4348699,-0.058381885,0.45967153,0.036134668,-0.7842763,0.90273356,0.99210286,-0.5269404,-0.0052470146,0.82904065,-0.42729068,-0.01275965,0.7526892,-0.1840845,0.38809806
rna|KRT78,-1.0350571,0.28822994,0.45495847,-0.23447897,-0.95262045,0.84991354,0.75659513,-0.7149615,0.04354657,1.0047052,-0.23914245,0.39817846,0.8244051,0.5067296,0.05648242
rna|SLC8A2,0.76086134,-0.43457365,-0.24194719,0.253765,-0.38581988,0.36606508,0.371919,-0.030249063,0.07029639,0.43930534,-0.46813384,-0.505879,0.28894702,-0.4580016,0.47655126
rna|POU6F2,0.77303946,-0.54520893,-0.25676495,0.5947761,-0.27424404,0.46200505,0.75042814,-0.15864694,-0.21762234,0.40683165,-0.413283,-0.5535938,0.45233217,-0.41461533,0.5769114
rna|ANKRD30BL,0.50640815,-0.40023002,-0.16114789,0.32982427,-0.20949732,0.6467405,0.48870525,-0.21330126,-0.035459965,0.459775,-0.24436602,-0.40617824,0.38305306,-0.6874886,0.4976655
rna|ZNF215,0.28186786,0.6853345,-0.024661532,-0.32157677,0.009313732,0.59105104,-0.17801055,-0.1297945,0.16503154,0.1955259,0.20916809,0.7182909,-0.30339435,-0.16483273,-0.14580193
rna|MMP7,-0.288389,-0.23320323,0.24650393,-0.5806939,0.27200282,-0.104301795,0.31985417,0.18304022,-0.5285383,0.3130074,0.42814395,-0.18180124,-0.029276032,-0.20241304,-0.11594607
rna|TNN,0.611875,-0.71050966,-0.38013428,0.5755061,-0.54565966,0.30481672,0.6405887,-0.16507564,-0.5271263,0.41409653,-0.5372041,-0.4592365,0.34812945,-0.33965766,0.5101581
rna|MT1G,-0.58429307,-0.3725317,0.6333087,0.44803336,0.24964884,-0.21780284,0.4985619,0.19044396,0.8709288,0.056435995,0.9451273,-0.07177168,0.17604549,0.39411733,-0.26970062
rna|MST1L,0.82979435,-0.45686644,-0.10618459,0.1708867,-0.38367236,0.6881619,0.66337407,0.10744652,0.382168,0.2791421,-0.36201617,-0.5022106,0.4553949,-0.82547945,0.620095
rna|SIGLEC16,0.059042867,-0.33217555,1.0100938,0.34529904,-0.1912684,-0.19189548,0.30597183,0.27156812,0.992248,-0.3881426,0.51035696,-0.31412986,0.31963226,-0.23680691,0.24122562
rna|ODAD1,0.53570426,-0.53214836,-0.46780598,0.4861946,-0.16282894,0.32501793,0.42253056,-0.3830445,-0.3700889,0.5145661,-0.46491444,-0.5041979,0.42280135,-0.4254678,0.5731734
rna|KNCN,0.6967009,-0.7340065,-0.3733266,0.8219159,-0.39733464,0.52981967,0.49568594,-0.28442618,-0.20059896,0.34713963,-0.5924516,-0.528194,0.2657127,-0.38438267,0.6330236
rna|IGFL3,0.57421464,-0.42821214,-0.17636201,0.29341373,-0.36364248,0.53338397,0.6623375,-0.34966344,-0.291098,0.5069075,-0.50422764,-0.4974429,0.3245331,-0.6492941,0.28025943
rna|ADH1B,0.028684733,0.111211516,0.420736,-0.19247139,-0.6465566,0.020729521,-0.18677995,0.27986696,0.48878253,-0.7369638,-0.4034203,-0.0632728,0.14540674,-0.7306183,0.018594177
rna|FAM81A,0.3731833,0.26989368,-0.4395842,-0.40003607,0.24057236,0.57223254,-0.11356839,-0.24095999,-0.4489806,0.5752315,-0.07495036,0.00094578177,-0.2930774,-0.12374821,-0.10915995
rna|MAPK10,0.25580817,-0.14551863,-0.056675155,-0.2944971,-0.21887296,-0.32124487,0.13824646,0.17867418,-1.005024,-0.002020694,-0.37315702,-0.32401225,-0.06791368,-0.23470475,-0.14955898
rna|OR2T3,0.5374174,-0.43147376,-0.5743564,-0.2970217,-0.2926126,-0.063451275,0.13031909,0.20394301,-0.7587525,-0.099175476,-0.24058886,-0.40604958,0.028236046,-0.2483837,0.40545753
rna|TSPY2,0.5130029,-0.17913799,-0.14814016,-0.27822655,-0.41647315,0.16571523,0.5519105,-0.056239422,0.2427038,0.31133452,-0.2555185,-0.6982409,-0.11029341,-0.37305412,0.26917753
rna|LOC90925,0.122953475,0.5216797,-0.6089246,-0.080050975,-0.016219147,0.32268637,-0.29962465,-0.05165067,-0.82821774,0.08174014,-0.15406482,0.5413876,-0.5755487,-0.06030212,-0.076041356
rna|ANKRD1,0.33435094,-0.12982492,-0.098623864,-0.06652964,-0.43936735,0.47670946,0.51763886,0.059685186,0.3179311,0.55312806,-0.027909646,-0.50025517,0.3784283,-0.7209537,0.41082892
rna|MYH14,-0.48152298,-0.14765805,0.50708264,0.20133515,-0.68355566,0.6335888,0.9517956,-0.5407027,-0.13227405,0.47111344,-0.4862519,-0.21090855,0.7320733,-0.03903896,0.092767745
rna|SCARA5,0.053751316,-0.07865762,0.00588368,-0.7541378,-0.3452411,-0.28670755,0.018334102,0.49000797,0.14891177,0.37765107,-0.28784063,0.2559798,0.18946882,-0.8133814,-0.064930834
rna|OR52B6,0.7337953,-0.5475558,-0.3003246,0.5295239,-0.4373014,0.62948495,0.6303354,-0.29311034,-0.20882519,0.39505157,-0.4218371,-0.46470493,0.47998446,-0.5000392,0.5829801
rna|SLC6A5,0.6952323,-0.5884399,-0.21572335,0.41266865,-0.33306292,0.5712024,0.3991657,-0.13721018,-0.33382472,0.24021499,-0.17454831,-0.69000095,0.18697543,-0.37328902,0.4101281
rna|RBMY1J,0.5306669,-0.4203794,-0.12316241,-0.0068291863,-0.28463933,0.2239228,0.61639565,-0.18715124,0.18007572,0.1878703,-0.14389564,-0.9254184,0.03653671,-0.352877,0.39798185
rna|ELANE,-0.5892119,-0.22160278,0.58678114,0.12814805,-0.7838738,-0.06625061,0.31251112,-0.35397795,0.042270735,-0.6199575,-0.2319676,-0.31364638,0.28144127,-0.29667163,0.09414344
rna|KLK13,-0.57219553,0.108641766,0.30093506,-0.17976674,-0.8724293,0.7479154,0.7806451,-0.46518856,0.13384393,0.94262576,-0.28080267,-0.0771525,0.57423717,0.1456671,0.34048873
rna|SPINK2,0.34299076,0.08072945,-0.15795371,-0.44157952,0.187327,-0.06292214,-0.05571193,0.5379057,-1.0051223,0.15953416,0.061596863,0.09090459,-0.124742836,-0.025421461,-0.16142073
rna|KRT15,-0.915786,0.26635033,0.56748766,-0.18091018,-0.6665211,0.7555404,0.7860011,-0.5109567,0.15229759,0.79071,-0.3483127,0.35265195,0.73467296,0.25036302,0.29482397
rna|CAMP,0.05404049,0.1663596,-0.1011685,-0.24672996,-0.24373929,0.53169996,0.012055876,0.16607206,-0.05650106,0.15691938,0.19453208,0.11128973,-0.21133387,-0.3571788,-0.08638405
rna|CD163,-0.40737632,-0.23515974,0.99729276,0.4657017,0.11111774,-0.5095015,0.27171952,0.19685526,0.41405433,-0.21538983,0.74643177,0.047453057,-0.019120654,0.3040015,-0.29807848
rna|POSTN,-0.44405758,0.14790562,0.40119922,-0.5319357,0.5450487,-0.841156,0.64397395,0.11371598,-0.8620791,0.5798105,0.6142827,-0.16164744,-0.5762572,-0.7105077,-0.5280785
rna|ZNF750,-0.2564326,0.13751604,0.33099037,-0.13911067,-0.93582803,0.8056494,0.7353389,-0.61844707,0.16598657,0.9018266,-0.35212472,-0.12486106,0.8652076,0.063269004,0.32098147
rna|CTSG,-0.5921323,-0.14957826,0.5192751,-0.070415474,-0.9045361,0.15441564,0.022664916,-0.2454011,0.02052791,-0.38184282,-0.5003456,0.52021784,0.39397076,-0.59743816,0.33171687
rna|IGSF21,0.37005904,-0.05622659,0.62960184,0.1881801,-0.51191694,-0.15398236,0.59601957,-0.14343461,0.29861844,0.33122015,-0.35893217,-0.1470036,0.4984255,-0.74565643,0.19555844
rna|SNAP91,-0.18447147,-0.35707638,-0.33172625,0.07101312,-0.36539507,0.4471415,-0.6050811,0.183051,0.023656087,-1.1244231,-0.5459137,0.2480473,-0.39528042,-0.21436279,0.7767918
rna|LOC101928841,0.4688073,0.34326303,-0.1377192,-0.1960439,-0.029472781,0.24162908,0.27709174,-0.016601091,0.30347204,0.5841688,-0.20727564,0.10594617,0.27474436,-0.10239249,-0.09877928
rna|ZBTB32,-0.18069176,0.19670582,0.43479565,0.3716812,-0.17736974,-0.09792099,-0.06982388,0.005565808,1.2375424,0.06171134,0.103658035,0.49379727,0.3924653,0.29245594,0.38273486
rna|ELOA3BP,0.54738635,-0.534127,-0.2012921,0.37458372,-0.21607244,0.77467513,0.5692718,-0.36071697,-0.027523683,0.3328602,-0.18103479,-0.57500863,0.15382235,-0.58971053,0.61414135
rna|GSTT1,0.042530585,-0.045994975,0.31657255,-0.1478909,-0.22517586,-0.20663947,0.026469823,0.11050844,0.12022154,-0.05323324,-0.19696015,0.16416712,0.2953759,-0.10159018,-0.1648177
rna|GPR152,0.72992593,-0.6080818,-0.27098903,0.5391389,-0.39064294,0.5511117,0.50194055,-0.14724453,-0.1361876,0.36831617,-0.3089644,-0.3933297,0.49841943,-0.5840582,0.48581114
rna|CD52,0.09168564,0.07809292,-0.21803807,0.124376334,-0.17992118,0.022784682,-0.17264241,0.120519735,-0.09175879,0.04534985,-0.46814704,0.53017294,0.32273787,0.21334875,0.10645938
rna|SPAG11A,0.6496609,-0.4380356,-0.06219816,0.41377372,-0.35132155,0.5065035,0.44462103,-0.24914493,0.0411489,0.45190734,-0.35089102,-0.73059875,0.3827225,-0.6823088,0.4585338
rna|MAGEB2,0.016266953,0.01948725,0.07568844,0.010316374,0.39802516,-0.09499332,0.11583875,0.33167624,-0.16315949,0.29282525,-0.09182899,-0.08425422,-0.11260819,0.08533518,-0.13326773
rna|IGDCC3,0.7404304,-0.5306922,0.009712178,0.10320564,-0.539414,0.4255806,0.48402327,-0.043185715,0.1985337,0.43163842,-0.41122225,-0.63749593,0.5335239,-0.7723741,0.48475912
rna|CD207,0.40376544,-0.52161187,0.01828649,0.12884016,-0.64855456,0.5416184,0.35999227,-0.13887228,-0.23461522,0.3359406,-0.8076704,-0.2632553,0.620033,-0.4544259,0.5287193
rna|GDAP1L1,0.57591796,-0.7744544,-0.48199585,0.6340438,-0.4378056,0.62708956,0.57466316,-0.28082007,-0.27167013,0.27601117,-0.32014635,-0.51361686,0.16650417,-0.48176605,0.6852444
rna|SLC12A3,-0.024158383,0.37839487,0.017256781,-0.4905416,0.042192623,-0.27500963,-0.22255976,0.22372949,-0.23871991,0.2838918,-0.4030435,0.22416636,0.5215367,0.43361035,-0.014237191
rna|SLC36A2,0.6488815,-0.3518086,0.07279011,0.019651469,-0.51759475,0.44430095,0.6096853,-0.12493088,0.22635217,0.5636592,-0.32056758,-0.62836933,0.5187824,-0.5549745,0.4577962
rna|NANOS2,0.6758731,-0.70721805,-0.49352527,0.5981631,-0.5150253,0.55541825,0.42468923,-0.32112274,-0.35550964,0.3334101,-0.34433982,-0.3225901,0.2783469,-0.5240444,0.40077576
rna|SIGLEC1,-0.105677605,-0.48457643,1.0796396,0.46101484,0.0015820208,-0.4190818,0.38810426,0.06844398,0.59602386,-0.3635015,0.3514573,-0.1875399,0.28769884,0.6601059,-0.099398084
rna|MIR548I1,0.6887049,-0.41504145,-0.2824632,0.25262454,-0.44102973,0.5817307,0.51059616,-0.17761369,0.08492322,0.30728394,-0.34969163,-0.7640163,0.30060354,-0.3912933,0.677254
rna|TFRC,0.010655201,0.67376375,0.35477063,-0.5270775,-0.014902572,-0.07124225,-0.10775981,0.43961808,1.1139925,0.6530997,0.66223294,0.72172266,-0.09624428,-0.26521337,-0.27831012
rna|WNK2,0.3120031,0.18026035,0.027780494,0.24561866,-0.3540247,0.5016692,0.1872578,-0.35212538,-0.01736916,0.18309245,-0.4783701,-0.0007509807,0.34400737,0.063542925,-0.17790145
rna|CYB5R2,-0.062414777,0.57843673,-0.04124776,-0.2671417,0.22774772,0.01801557,-0.056726497,-0.17133142,0.8291481,0.53167987,0.30985534,0.36165655,0.22856961,0.091190204,-0.124621786
rna|DEFA3,0.42398065,-0.60869884,-0.10365909,0.4209184,-0.6949542,0.11661933,0.45768785,-0.3537559,0.03546034,-0.25580427,-0.35847825,-0.61170036,0.38600105,-0.44779477,0.20933992
rna|ACTL6B,0.69943255,-0.6714466,-0.38273472,0.5614708,-0.57243276,0.6487193,0.49950662,-0.09049413,-0.08160562,0.40273476,-0.3192303,-0.39368227,0.41989365,-0.5794345,0.63312984
rna|STAB2,0.42308998,-0.4286872,-0.10691052,0.11245165,-0.8769523,-0.030550333,-0.3721283,0.15868878,0.43225193,-0.7022926,-0.72023034,0.21196753,0.36028674,-0.5282932,0.2508868
rna|TGM3,-0.9269893,0.21287796,0.37071106,-0.20225392,-1.0681983,0.65222263,0.6544719,-0.7236493,0.0800654,0.80799574,-0.23912424,0.1733452,0.67297363,0.3667661,0.14859577
rna|FCRL1,0.43165872,0.14743252,-0.66855395,-0.39578602,-0.67457443,-0.0695228,-0.5826029,0.1271882,-0.7433161,-0.3479491,-0.7771669,0.5752582,0.035534263,0.030930528,-0.028381858
rna|SIGLEC14,-0.10320635,-0.012623535,0.039118923,-0.26826027,-0.41723806,0.0409567,-0.0702747,0.28360674,0.41842484,-0.12394594,0.5201554,0.53633535,0.0031296208,-0.26289007,0.12166425
rna|STPG3,-0.12709193,0.110873766,-0.21827233,0.24984881,0.4236032,0.3069467,0.13611081,-0.12655897,0.16406983,0.34354392,0.24717803,-0.27490747,0.16009821,0.31810766,-0.04267056
rna|MYRF,0.17024714,-0.01897159,-0.18698947,0.34133807,-0.15749592,0.016557744,0.30587262,0.12782954,0.32741022,0.24838142,-0.057562742,-0.4074545,0.38355893,0.1724583,-0.15260549
rna|POTEH,-0.25155106,-0.06840342,-0.2862559,0.034308136,0.3895057,0.14623307,0.25514337,-0.20402475,0.3397209,0.2178701,-0.0333848,-0.134365,0.10112446,0.13599287,0.31929392
rna|PRAMEF6,0.6906926,-0.53231806,-0.111920394,0.37188792,-0.46563944,0.62290424,0.5756407,-0.07017133,0.17553493,0.3147988,-0.2345326,-0.6995224,0.35513395,-0.83020234,0.70141
rna|PLXNB1,0.08605589,0.13104907,0.71357095,-0.8540188,-0.56263137,0.0775753,0.27334175,0.5088436,1.1918848,0.07081277,-0.3094418,0.34558278,0.4509751,-0.51039773,0.17817979
rna|CXCL9,-0.009737425,-0.37371117,0.8597272,-0.045209736,0.18012275,-0.13695535,-0.25453866,0.83514106,0.45118162,-0.56844634,0.562273,0.10547984,0.14137527,0.6342392,0.121801145
rna|UGT2B7,0.4300172,-0.02079318,-0.24014314,-0.2533058,-0.38980722,0.43116584,0.702942,0.06601586,0.39801866,0.16754477,-0.09295456,-0.38104758,0.31920642,-0.6417925,0.18504955
rna|CD209,-0.088203155,0.06195371,0.8247143,-0.0036971688,-0.64337575,-0.10713085,-0.15222484,-0.030620037,0.56432337,-0.62668234,0.26644117,-0.18274175,0.11580431,0.06169457,0.26446652
rna|ZNF804A,0.2691751,0.2962798,-0.45986763,0.06307866,0.01301673,0.2664855,0.078038834,-0.30670488,-0.39416292,0.546854,-0.15379839,0.14905918,-0.0019983915,0.48441365,-0.22168437
rna|SULF1,-0.38333952,-0.06287787,0.22190763,-0.46265694,0.1243721,-0.96363807,0.43494362,0.36972335,-0.9912028,0.5552137,0.20436645,0.24952827,-0.3129535,-0.5778524,-0.6306364
rna|KRTDAP,-0.84281397,0.49171954,0.6760198,-0.4227924,-0.7777239,0.71408474,0.51459765,-0.77355427,0.046954405,0.66901225,-0.32205772,0.5216341,0.5408075,0.45705867,-0.010255246
rna|ADGRG5,0.12241355,0.0858476,-0.0019317577,-0.43536633,-0.26841938,-0.20175706,-0.3822736,0.4536409,0.53782886,0.14347044,-0.20020734,0.93734103,-0.0601162,-0.5078383,0.028793955
rna|CR2,-0.0719404,-0.0113020055,-0.70676225,-0.33386004,-0.04750597,-0.07168585,-0.56503445,0.0953548,-0.4735026,-0.4990898,-0.35050035,0.31199223,-0.4809937,-0.10924462,0.11325339
rna|NUP62CL,0.076502,0.11091083,-0.16650052,-0.38483545,0.2516479,0.27756077,0.02390697,0.12606363,-0.067805625,0.06799892,0.2686114,0.3965335,-0.3284536,-0.40823746,0.20702109
rna|SIX4,0.37023878,0.3080307,0.11849186,-0.46341679,0.029616527,0.044880237,-0.06568542,-0.020720592,0.033970363,0.40415996,0.17004685,-0.11460382,-0.15413493,-0.45580477,-0.15543991
rna|CRNN,-0.84592247,0.42539805,0.28728157,-0.11202193,-1.0636342,0.75835925,0.78055346,-0.48728323,0.12869062,0.9057164,-0.249951,0.041775964,0.6209005,0.44521475,0.31358662
rna|POM121L4P,0.6641045,-0.5693899,-0.11667843,0.37057254,-0.4993231,0.33924112,0.7373104,-0.060886476,0.11328662,0.32878938,-0.28308457,-0.6266364,0.47666687,-0.5599736,0.50819343
rna|GAP43,0.13136715,-0.3044921,0.1750339,-0.043374244,-0.35592335,-0.01770234,0.7050023,-0.12634404,-0.12534924,0.4758342,-0.25175563,-0.2547442,0.23733912,-0.9142875,0.48536956
rna|AKR1C2,-0.29551408,0.13238908,0.6761314,-0.5253626,-0.8558154,-0.055742398,0.16248599,-0.22057861,0.32766742,0.14639199,-0.4410919,0.2714509,0.40501982,-0.7386751,-0.141101
rna|MARCO,-0.26237342,-0.53732616,0.76545054,0.5499426,0.15508544,-0.17138705,0.3990685,0.19824535,0.3730801,-0.23506525,0.5642512,-0.31508732,0.28959447,0.34184092,-0.155643
rna|ABCC8,0.35968333,-0.04650079,-0.101677544,0.052554913,-0.46647805,0.31085834,0.24647936,0.009951345,0.624689,0.4056711,-0.44955447,-0.019839492,0.34631887,-0.3487679,0.37551564
rna|SPRR4,0.46951285,-0.6628493,-0.24892111,0.5557003,-0.48114863,0.6786416,0.51505685,-0.5455323,-0.4333071,0.3264839,-0.44205567,-0.6181246,0.18549623,-0.12424235,0.5341819
rna|JSRP1,-0.16900347,-0.061056733,0.07779864,0.25891295,-0.14008291,0.032618742,0.12643804,0.27566344,0.20668203,-0.07248298,-0.43302906,0.08725048,0.16341391,0.14863409,0.44594538
rna|OR6M1,0.6925433,-0.63508123,-0.20170923,0.41379663,-0.3931753,0.58012426,0.61197215,-0.1703655,0.04478666,0.52703846,-0.34659898,-0.5967506,0.46904448,-0.45189884,0.5076263
rna|SPON1,-0.16632019,0.09729412,0.73884517,-0.6432533,-0.51404476,-0.7791769,0.28023794,0.30288285,-0.19308417,0.14979362,-0.015277466,0.116636224,-0.12491265,-0.7625997,-0.2159202
rna|BTNL9,0.27140096,0.1864323,-0.12218128,-0.5115396,-0.13012396,0.072911255,-0.2053969,0.25202256,-0.5465259,-0.33600366,-0.1488685,0.36241594,-0.26449022,-0.121647604,-0.06352041
rna|CCL17,-0.3354374,-0.011959169,-0.13529879,-0.22605945,0.11379291,-0.22248521,-0.13246241,0.05695828,-0.22968271,-0.06840982,-0.054051593,0.115714565,0.059270624,-0.19304591,0.21357597
rna|OR2A1,0.6284555,-0.5569238,-0.011563748,0.42042089,-0.48267257,0.39458558,0.5744501,0.028712392,-0.022394264,0.34239924,-0.55335593,-0.54167855,0.24689974,-0.72924805,0.5793002
rna|PCDHGB2,0.60082126,0.047990482,-0.4415417,-0.7217874,-0.068081826,-0.33510974,-0.16843966,0.5296017,-1.1372488,0.3174,-0.4864824,0.27595642,0.084555216,-0.3833342,-0.29990068
rna|C2ORF66,0.64015824,-0.43936136,-0.16460125,0.4795056,-0.37789282,0.37668008,0.5609528,-0.040942248,-0.03560762,0.350872,-0.44693863,-0.5101765,0.60379064,-0.40632805,0.4483514
rna|SELENOV,0.7310029,-0.41089642,-0.18768217,0.3854446,-0.36519685,0.5806603,0.58042055,-0.29897898,-0.08131077,0.520262,-0.36515087,-0.5126904,0.30496123,-0.49097914,0.56809676
rna|GLDN,-0.22436406,-0.17895824,0.955288,-0.17805833,-0.31410003,-0.06213547,0.27570418,0.21617101,0.7326946,-0.03539811,0.47419032,-0.23733132,0.16621202,-0.24913158,0.098517865
rna|PODXL2,0.59113216,-0.026660856,0.21055302,-0.30703562,-0.3276422,0.4347617,0.063309394,0.061264306,0.26357093,0.29381776,-0.28571436,0.17343865,0.4203933,-0.4489087,0.21259771
rna|ST8SIA5,0.6114729,-0.06870301,0.04041734,0.19026259,-0.07748744,0.26723665,0.31450248,0.16203497,0.38834155,0.449702,0.08702467,-0.1624212,0.27520669,-0.4311914,0.19681343
rna|KRT1,-0.119542696,-0.17587772,0.41743168,-0.09209841,-0.60376406,0.63803196,0.29582644,-0.5702742,-0.034357738,0.49123037,-0.42437482,-0.096116096,0.6155336,-0.014406381,0.16273534
rna|MTCL1,0.0655557,0.012000208,-0.5091804,0.42463472,-0.045736734,-9.493393e-06,-0.013314953,-0.482818,0.23070544,0.4633079,-0.6833782,0.07022696,0.52548873,0.039685592,-0.052112084
rna|RAB17,-0.105387665,0.05638699,0.53096735,-0.4940606,-0.38547158,0.06395677,0.45833048,0.21903689,0.47267425,0.20894653,-0.013803276,0.09357862,0.34576127,-0.60419357,-0.32291868
rna|OR52R1,0.6732568,-0.6972713,-0.15616143,0.48853704,-0.41049996,0.4779058,0.5582401,-0.18988596,-0.13452311,0.3000234,-0.42918542,-0.67329973,0.42752537,-0.46827874,0.59563226
rna|TACSTD2,-0.81979764,0.2466836,0.70523894,-0.68481445,-1.0499682,0.5031117,0.50300896,-0.24602902,0.32086387,0.3258828,-0.095412016,0.39559022,0.31205925,-0.2351379,0.1736634
rna|ZIC5,0.3392001,0.1581393,-0.22327235,0.41064504,0.2647406,0.39407995,0.0184637,-0.03596011,0.21960852,0.5820682,-0.33603963,-0.21472198,0.35547882,0.031051628,-0.2202346
rna|KANK1,0.37580925,0.22288264,-0.24541195,-0.47248986,0.13280839,-0.14687511,-0.20641565,0.14439076,-0.783227,0.17453234,-0.22276063,0.3128326,-0.18465418,0.10098881,-0.30172136
rna|SERP2,0.46302277,-0.25897598,0.6325703,-0.4211453,-0.68876314,-0.09559917,-0.14564213,0.9176629,0.61216444,-0.41966152,0.09056107,0.50146145,0.1166319,-0.33279622,0.3320544
rna|ALDH3A1,-0.9662293,0.5036323,0.4312565,-0.14014794,-0.55074865,0.737201,0.5101798,-0.47405654,0.62284344,0.40507823,-0.12683666,0.8338825,0.52620614,0.24059683,0.11342323
rna|KRTAP8-1,0.6600513,-0.40160373,-0.014835706,0.3395447,-0.31931376,0.5552224,0.5200329,-0.21943231,0.048031192,0.26273638,-0.3493615,-0.70401484,0.47375372,-0.62439513,0.58596313
rna|LRFN2,0.6367935,-0.74394965,-0.590249,0.5399319,-0.55489874,0.41515675,0.4237847,-0.17165922,-0.20752636,0.34304392,-0.39414364,-0.49043888,0.2901755,-0.42504847,0.60700506
rna|CLDN6,0.7881748,-0.64892036,-0.37782684,0.46491104,-0.5768694,0.45138034,0.4698314,-0.15477069,-0.013052509,0.38023573,-0.36335084,-0.32796565,0.45180064,-0.3830974,0.5310295
rna|P2RX1,0.3567122,0.038784306,0.23388806,-0.34366396,-0.83931214,0.047548402,-0.12397018,0.012659496,0.61592627,-0.045966964,-0.45193702,-0.07648204,0.5848597,-0.17850244,0.4358986
rna|CA9,0.36933687,-0.22436562,0.120188355,0.17831247,0.14758976,0.28470436,0.37747422,-0.12440623,0.4030723,1.0064772,-0.06072892,-0.30190393,0.5223252,-0.33770126,0.14078946
rna|SPP1,-0.3778042,-0.20246153,0.4186163,0.27551824,0.13845553,-0.7469438,0.69606405,0.09783328,-0.029296044,0.6386414,0.46786112,-0.01104821,-0.07704771,-0.16936815,-0.39240777
rna|CTCFL,0.36117452,-0.23400903,0.17367099,0.2050669,-0.0022763107,0.25213274,0.29932243,-0.06839499,0.34218132,0.38035804,-0.22539857,-0.4537759,0.34412432,-0.3844678,0.170359
rna|UBTFL2,0.6391761,-0.482559,-0.12106591,0.38675743,-0.47409666,0.47100362,0.6194196,-0.2538177,0.10881616,0.2953791,-0.32499635,-0.65545183,0.41031322,-0.66394156,0.6680314
rna|CFAP251,0.11744577,0.35548463,-0.2650139,-0.2569569,0.26964146,-0.2430676,-0.37655398,-0.0037032568,-0.027854048,0.32851285,-0.0028303098,0.3409699,-0.035820514,-0.10039433,-0.39653456
rna|TMEM119,0.25839567,-0.21643981,-0.08040456,-0.90526825,-0.36735776,-0.65202373,-0.26105165,0.8603545,-0.021839544,0.3121439,-0.14517392,0.63381016,0.106897645,-1.1344224,-0.039393537
rna|S100A8,-1.0196267,0.06309194,0.7199421,-0.37747055,-0.59430134,0.12972018,0.48746347,-0.023909366,0.5746126,0.05229801,1.1297519,-0.16224064,-0.07738426,0.5230498,0.05117274
rna|OR51Q1,0.7783008,-0.5564304,-0.40627003,0.49752647,-0.56035817,0.41283923,0.48433298,-0.24573883,-0.10016585,0.34001413,-0.2946759,-0.56918925,0.40029848,-0.3645115,0.5260798
rna|SLC16A10,-0.4857439,0.16104066,0.23564984,-0.061755992,-0.216665,-0.03173798,0.34346777,-0.21649495,0.25597328,0.24018477,0.18181524,0.29145908,-0.031618133,-0.73062253,-0.03499612
rna|PWRN2,-0.02311549,-0.39470163,-0.7966697,-0.19444183,-0.3070125,0.0057378206,-0.6148526,0.32778656,-0.35759726,-0.26703903,-0.80109906,-0.01573923,-0.14713685,-0.4242758,0.11110293
rna|CUX2,0.26015505,0.20463073,0.13017382,-0.70006174,-0.3608063,0.3147272,-0.03321851,0.14786276,-0.37229928,-0.06389585,0.15316068,-0.035853736,0.033558752,-0.19555756,0.0048462753
rna|WNT3,0.22636424,0.40917978,-0.4485775,-0.20149562,-0.28627342,0.60962826,0.026511472,-0.3924792,0.4910921,0.30709746,-0.3548079,0.11265117,0.13764015,-0.17942216,-0.14922258
rna|LTBP1,0.38015437,0.24227515,-0.18209015,-0.019705588,0.08618919,-0.11889226,-0.05834005,-0.01533139,-1.1010667,0.1677716,-0.2783194,0.51324177,-0.21715438,0.097076364,-0.44910458
rna|KRT27,0.5070598,-0.3967359,-0.17671193,0.24700056,-0.37138465,0.44941702,0.4080928,-0.4429591,0.15514494,0.48318878,-0.57204336,-0.49695775,0.6540505,-0.38650778,0.2969715
rna|ELF3,-0.532538,0.095445484,0.50150645,0.0575006,-0.4699787,0.35823303,0.7637431,-0.06746144,0.24504487,0.7181811,-0.23418787,0.025956066,0.6709581,0.28811353,0.010204394
rna|RBFOX1,0.6411189,-0.62306964,-0.19434485,0.5441092,-0.42069152,0.6179972,0.5176486,-0.14079295,-0.23313582,0.43806085,-0.43651494,-0.3342161,0.45876607,-0.3512587,0.56571585
rna|CCL21,-0.14138347,-0.5274127,-0.04756616,0.3831264,-0.5426772,0.05956021,-0.50653386,0.11106178,-0.02306184,-0.8968455,-0.9613739,0.21626228,0.34113568,0.028893828,0.45014256
rna|CHN2,-0.18423793,0.13305207,-0.18238787,0.52310276,0.18148787,0.017264387,0.13578211,-0.16703199,-0.1849744,-0.15486638,0.19687325,-0.021756377,-0.103802994,0.4391629,-0.033196658
rna|FBP2,0.55554223,-0.33340877,-0.03691283,-0.019888991,-0.30049258,0.416132,0.41690758,0.10340401,0.009067959,0.39681074,-0.16853699,-0.5431914,0.16907474,-0.5655028,0.4563342
rna|OLR1,-0.13762695,-0.096914575,0.41650856,-0.40749636,0.08471738,-0.4562239,0.53061444,0.1256936,-0.5995523,0.4532372,0.71223134,-0.19013299,-0.32243398,-0.6284089,-0.33107916
rna|ACR,0.4911099,-0.6797424,-0.4367707,0.8058651,-0.2592775,0.30504242,0.5151444,-0.39956525,-0.5294739,0.12854663,-0.41316894,-0.6654284,0.12291768,-0.075227685,0.5753681
rna|CES1,-0.30078226,-0.2812022,0.48199293,-0.3967458,-0.06280938,0.04750666,0.65159094,0.4383761,0.34550256,0.2395078,0.7013211,-0.10443098,-0.012719856,-0.42357168,-0.22480233
rna|GDPD5,0.58562434,0.30292442,0.56177217,-0.8351912,-0.2347614,-0.18295291,0.090036795,0.6040918,0.39033723,0.21397237,0.15036547,0.03059357,0.23243976,-0.27481952,0.09794638
rna|GJB2,-0.9975747,-0.2603244,0.5045764,-0.07075116,-0.34107256,0.1480387,0.6739843,0.24561983,-0.040293414,0.19589391,0.7348782,0.17633624,-0.10265579,0.32869798,-0.06512095
rna|DUOXA1,-0.678117,0.15506144,0.5667866,-0.41590762,-0.7807265,0.38213265,0.7411649,-0.4467507,-0.18140323,0.94197726,-0.39507085,-0.023681212,0.5159788,0.090742454,-0.09991546
rna|LOC648148,0.6088169,-0.25512317,-0.08005289,0.35683492,-0.41822165,0.46075252,0.4659805,0.26979613,0.12844601,0.40242305,-0.5186849,-0.14745057,0.51625663,-0.89255154,0.578894
rna|C10ORF99,-0.22876865,-0.046949845,0.12933737,-0.016776124,-0.6064545,0.6160264,0.6706806,-0.36732474,-0.10467202,0.76822555,-0.08099173,-0.06540631,0.74788415,0.065830365,0.1841146
rna|CGN,-0.20706417,0.49129853,0.42945045,-0.38221413,-0.39325675,0.3042032,0.23529953,-0.093531065,0.67357063,0.50535953,-0.2786432,0.40051636,0.5028534,-0.41003808,-0.17055704
rna|NDP,-0.29686382,-0.60554683,0.33599815,-0.065342054,-0.33832434,-0.38720712,0.20769641,0.5021755,0.060171507,0.21251416,0.09280677,0.3012591,0.1728579,-0.44451457,0.15003036
rna|COL3A1,-0.780899,0.042567037,0.3317388,-0.40800822,0.31455025,-0.7218655,0.65061337,0.04116249,-0.9505892,0.1876516,0.5941331,-0.01027484,-0.779123,-0.6400894,-0.26607233
rna|PPM1E,0.3002821,0.10174485,0.13823695,-0.30331463,0.4322709,0.14152364,-0.02783613,0.01614877,0.10323259,0.24653377,0.08709114,0.08897279,-0.07819303,-0.19741513,-0.074436374
rna|APOC3,0.50570077,-0.40168187,-0.31127173,0.4326152,-0.2366898,0.577435,0.67954516,-0.13565874,0.00021490474,-0.11029856,-0.22412291,-0.6398892,0.24958086,-0.40772286,0.114061415
rna|ELAPOR1,0.17789845,-0.42528868,0.2614865,-0.380304,-0.8537621,-0.10304493,-0.47420177,0.71074045,0.1752561,-0.5118992,-0.1744249,0.4762438,0.3311268,-0.17228985,0.46946046
rna|GNB3,0.20120011,0.38170847,-0.223683,0.49380046,-0.10421444,-0.2018066,0.20164895,-0.4134098,-0.3310097,0.429473,-0.42221308,-0.112454206,0.24817364,0.2838404,-0.24442576
rna|H2BU1,0.11467366,-0.32076672,0.24691227,0.43285856,0.17391676,-0.2634089,0.10501617,-0.0068540364,-0.026611181,-0.055354364,0.048271883,0.17838523,0.16117013,0.37913647,0.047307726
rna|APCDD1L,-0.17745367,-0.08113055,0.475547,-0.23033305,0.07804641,-0.5261773,0.7021159,-0.09100604,-0.2950318,0.69121885,0.04526233,-0.52833116,0.08796679,-0.71542263,-0.20187388
rna|PLA2G10,0.38727716,0.30032092,-0.1733018,-0.4753813,-0.021548895,0.25469795,-0.016909426,0.20220312,0.057309534,0.5031057,-0.4857762,0.3163481,0.3906554,-0.67135745,0.082921654
rna|SUGCT,0.21535687,-0.004531292,-0.003592563,-0.6056672,-0.2322018,0.06657664,-0.099017575,0.3183788,-0.47376636,-0.18997993,-0.2554129,-0.23505747,-0.5243145,-0.6316305,0.039215878
rna|PI15,-0.5711782,-0.15685435,0.27387246,0.018477278,0.040201005,-0.683786,0.58654374,0.083012976,-0.1445733,0.37370265,0.8947948,-0.120344125,-0.15454417,-0.3835564,-0.16556604
rna|PRAMEF18,0.6535795,-0.5841923,-0.09600859,0.4187828,-0.58742476,0.51699054,0.4961904,-0.17855899,0.075054385,0.27972928,-0.32978836,-0.5293676,0.4930057,-0.6263071,0.5599692
rna|CLSTN2,0.23421629,-0.1883072,0.46352115,-0.32722372,-0.50097924,-0.4953964,0.10691157,0.22070311,-0.19150077,-0.14721207,-0.50040483,-0.34882823,0.0938845,-0.3592197,0.097104974
rna|TUBB4A,-0.114603914,-0.11288734,0.18200077,0.39291057,0.3168106,-0.058757782,-0.12286672,0.196625,1.0461787,0.17560752,-0.023704203,0.02807476,0.60739917,0.10525412,0.3186027
rna|MYH7,-0.31216335,0.102785274,0.5143435,-0.2945593,-0.3437773,0.14971076,0.12816665,0.15924984,0.24717188,0.44833553,-0.034196105,0.26522577,0.42814824,-0.15987498,0.2046272
rna|GDF7,0.23815322,-0.10340715,-0.5504345,-0.021630703,-0.23004474,-0.23064199,-0.08229043,0.12610285,0.29227307,0.16753052,-0.5197835,0.4214814,0.7299033,-0.07677421,-0.0661495
rna|CGB5,0.66625816,-0.59824824,-0.13498595,0.43469822,-0.3139792,0.5110051,0.7110467,-0.09389704,0.04250741,0.38695118,-0.18873699,-0.52807266,0.34455058,-0.6019109,0.725711
rna|FRMPD1,0.4748944,-0.049912397,-0.10859296,0.23916006,-0.39651054,0.25876173,-0.03109358,-0.101288475,0.074521534,0.14920203,-0.39191356,-0.23013222,0.28737432,-0.1196953,0.26793325
rna|CCL8,-0.34549847,0.030051768,1.0934732,-0.010797116,0.0013422598,-0.0067647044,0.24695529,0.32632965,0.66766167,-0.30137432,1.3209972,-0.2048179,-0.36993322,0.1928149,0.28069007
rna|LGALS7,-0.8264727,0.26035687,0.5929597,-0.28907025,-0.44853655,0.37946165,0.41462094,-0.39332435,0.24733494,0.56335413,-0.38854516,0.58601856,0.7859333,0.56711715,-0.1687353
rna|KCNQ2,0.58695996,-0.5002237,-0.012199669,0.28922957,-0.1131457,0.29728276,0.26384154,0.23652872,-0.14423166,0.40696773,-0.016725617,-0.23103406,0.47544914,-0.3353525,0.34484845
rna|PIGR,-0.39633322,0.28647152,-0.25553492,-0.117801055,-0.14258032,0.30427885,0.21473233,-0.0757219,0.47377,0.19215754,-0.0015679027,0.028617812,0.482753,0.2990664,-0.07668985
rna|LILRA2,0.11074097,-0.037577204,0.81214684,-0.24234775,-0.5225418,-0.011275745,0.08937599,0.3677697,1.1178316,-0.026118096,0.6823107,-0.091304734,0.119267225,-0.29580387,0.07820701
rna|SLC16A9,0.13991164,-0.014891374,-0.3884701,-0.28553855,-0.5674363,0.18210699,-0.1914104,-0.07404796,0.45890602,0.029537322,-0.37644473,0.14312579,0.4022238,-0.5122615,0.035514515
rna|AQP9,-0.44491035,-0.23325881,0.5717986,-0.10183847,-0.19965698,-0.21788184,0.5315125,0.20363191,0.60479915,0.10322898,1.3017386,-0.25626436,-0.15008102,0.073541604,-0.27372724
rna|MIR128-1,-0.08542997,0.19452693,0.06462466,-0.16707627,0.26147282,0.59378165,-0.16757925,-0.074199796,0.081655204,-0.22006243,0.4571558,-0.30114442,-0.3072559,-0.3636817,0.2786853
rna|VCAN,-0.25716093,-0.04321885,0.516074,-0.7607733,0.032430246,-0.98555535,0.591367,0.17679302,-0.3148899,0.48233047,0.3737445,-0.26725468,-0.27824143,-0.6071758,-0.52355564
rna|GPRC5A,-0.39513814,-0.14102261,0.3359576,0.07328792,-0.5850888,0.10510023,0.8527929,-0.6280291,-0.40142265,0.59134245,-0.37537375,-0.38213167,0.31794715,-0.16208763,0.30228707
rna|GOLGA2P11,0.037990246,-0.013362221,0.11068573,0.092359066,0.27346703,0.08213,0.17597564,-0.019530775,-0.119231425,0.28904983,0.16061036,-0.3395573,-0.11524892,0.023462558,0.1158835
rna|DBH,0.8839642,-0.51481086,-0.032955762,-0.034508247,-0.48082557,0.27221945,0.5158586,0.12436121,0.211863,0.041909177,-0.26218414,-0.31924647,0.6856336,-0.63840735,0.2960438
rna|PGBD5,0.46596876,-0.6704456,0.29268637,0.2783795,-0.5189545,0.14760017,0.35724792,0.38695604,0.18755257,0.20328854,-0.19800268,-0.16946748,0.49100164,-0.12102276,0.20066749
rna|PPFIA4,0.1936085,0.037378374,0.31926438,-0.59181887,-0.28426415,-0.21603413,0.29228717,0.18972084,0.34783942,0.8465032,0.42384213,-0.085273996,0.24514438,-0.5409299,-0.22015212
rna|PTGIS,-0.16623692,0.05911278,0.46020097,-0.692867,0.02745752,-0.71443415,0.47013518,0.008986376,-0.60974634,0.40999365,-0.10917131,-0.5185514,-0.24922116,-0.7995162,-0.4123554
rna|ADAM33,-0.22195661,-0.41283488,0.6070528,0.22738162,-0.46637404,-0.3032552,0.22041091,-0.342945,-0.081738845,-0.156366,-0.8076995,-0.2714031,0.67367876,0.03532726,0.23020968
rna|CHDH,0.18558715,0.5078639,-0.27061844,-0.2115927,0.018518824,0.23384644,0.115514286,-0.054929286,0.18422371,0.057439372,-0.32498497,0.13313107,0.24831976,0.14493701,-0.066738166
rna|CYP4F22,0.23899043,-0.44798195,0.2070515,0.1254887,-0.74181306,0.36918882,0.26025915,-0.014081721,0.07719032,0.29126278,-0.38335797,0.013423896,0.6595562,-0.22034188,0.073527634
rna|NOX4,-0.094360046,0.27166158,0.6627459,-0.87542003,-0.029630898,-0.55025834,0.62451947,0.36724687,-0.25451383,0.61008996,0.49265388,0.12993544,-0.27930906,-0.96219003,-0.24217841
rna|CALHM1,-0.19469064,0.1736915,-0.10178463,0.32458785,0.11247927,-0.09598553,-0.045726813,-0.2101272,0.30334863,0.32077262,-0.10603295,-0.019588256,0.15620406,-0.037974086,0.049701404
rna|PNCK,0.096844375,-0.39026248,0.16863938,0.23724774,-0.1386014,-0.013949764,0.19094384,0.062253878,0.4827023,0.2553355,-0.04056081,-0.22401771,0.34819558,-0.16440806,0.10468722
rna|OVOL2,-0.015913995,0.102945745,0.061017446,0.061753925,-0.12883802,0.22915469,0.40865755,-0.38441944,0.22245342,0.45004243,-0.21543796,0.029573753,0.43171075,0.12903132,-0.10322645
rna|RAMP1,0.41364455,0.009279819,0.26192003,-0.627414,-0.10118147,-0.2527382,-0.109256804,0.51013255,0.28453365,0.24617212,-0.35322234,-0.1793621,0.16257687,-0.8080262,-0.05662724
rna|FFAR2,-0.20449512,-0.46292585,0.19745456,0.6364138,-0.43481606,-0.20798312,0.599706,0.06614551,0.31538808,0.28139353,0.12541524,-0.2954489,0.63951117,0.38722456,0.052501913
rna|IL1RN,-0.58503574,-0.36999106,0.64181364,0.31839105,-0.62613064,-0.28378874,0.5950184,0.013117819,0.3291919,0.16509143,0.47842228,-0.15871681,0.554009,0.52269346,0.024772435
rna|ELOA3P,0.6672011,-0.32152632,-0.11779569,0.22026269,-0.516388,0.43364677,0.4011378,-0.03477101,0.21547927,0.3184499,-0.20887038,-0.5168537,0.3510072,-0.6342228,0.44566908
rna|CPNE5,0.09875674,0.18839256,-0.55462915,0.1858057,0.09612011,-0.2226265,-0.24052987,0.11505044,-0.7863962,0.09674627,-0.4666548,0.6496004,-0.0016042327,0.10833657,-0.1289103
rna|RIMS1,0.45740706,-0.63381517,-0.30813903,0.5193799,-0.39635208,0.18599959,0.5164753,-0.23747888,-0.14667365,0.14568527,-0.39666212,-0.5580913,0.3261699,-0.25924098,0.5274968
rna|LGSN,-0.03306788,0.02811776,-0.1276074,-0.15056184,-0.054014,0.24677847,0.15150715,-0.056240465,0.34571442,0.071192525,0.11234965,-0.5873217,-0.08189756,-0.3011498,-0.2143222
rna|DNAH2,0.014396668,0.17223912,0.22550087,-0.41691834,-0.040757004,-0.029826319,0.40000358,0.25197363,-0.18326537,0.19626234,-0.13504073,-0.13331045,-0.03349257,-0.6571495,0.025767908
rna|SIGLEC15,-0.015708294,-0.51247615,-0.48806491,0.0403653,0.08036212,-0.019059293,-0.14596032,0.64464927,-0.088039435,0.333947,-0.36891252,0.19710554,0.06403293,-0.28327587,-0.2381025
rna|HAS1,0.3787723,-0.16330935,0.12593119,-0.11038187,-0.40649682,-0.36949873,0.4368494,0.082751326,-0.10711846,0.64176494,-0.11461366,-0.32786557,0.19315797,-0.98044455,0.12181296
rna|POU4F3,0.64811915,-0.4493584,-0.17911592,0.27414703,-0.22615536,0.31870565,0.4066031,-0.09301156,0.27549654,0.5390605,-0.40723556,-0.6511817,0.5529873,-0.39945507,0.28275555
rna|SLC7A10,0.20510043,-0.22994205,0.16687667,-0.16476995,-0.34130722,0.044528022,-0.20810008,0.20342605,0.0076075825,-0.42438358,-0.6282532,0.3055631,0.008635491,-0.4742379,0.52253646
rna|CACNA2D3,0.15352634,0.29994914,-0.05212067,-0.7792274,-0.2967971,0.08676837,-0.29785585,0.40069997,0.04623021,-0.011347217,-0.33667904,0.56318456,-0.10811273,-0.82925093,0.3715071
rna|MIOX,0.4885858,0.026201606,-0.46458662,-0.10426407,-0.09670172,-0.028872417,-0.17285568,-0.00029106927,-0.01776604,0.5756749,-0.51160353,-0.18273436,0.4012505,-0.100265466,-0.17070362
rna|HDC,-0.3369298,0.028844407,0.7712541,-0.38382486,-0.9203847,0.0026818202,0.076337084,0.0360124,0.53223455,-0.12996066,-0.44667533,0.3617449,0.6216476,-0.6575997,0.3987496
rna|MIR221,-0.26095393,0.04931208,-0.23624922,-0.18347506,-0.5498448,-0.25913143,-0.019186975,0.40737486,0.56761795,0.291792,-0.29948956,0.3799332,0.74042875,-0.06958101,0.1446285
rna|LMOD1,0.1654274,-0.55729264,0.49802524,0.25443265,-0.49075162,-0.5117754,0.573702,-0.13836004,-0.12234911,0.11081998,-0.52264065,-0.50015223,0.50216913,-0.30157667,-0.0617473
rna|MAGEA4,0.23299834,-0.05225362,0.30322897,0.07116421,0.10733361,-0.254347,0.3721955,0.16644947,0.16544268,0.122606255,-0.07145808,-0.2660258,0.2793639,0.21538004,0.1434111
rna|SPACA5B,0.5949432,-0.3726519,0.009917481,0.46538424,-0.234782,0.6629503,0.45445043,-0.18184975,0.043410413,0.39977247,-0.26412284,-0.4026589,0.3284405,-0.65818316,0.49127656
rna|LINC00268,0.4990903,-0.36544645,-0.24877384,-0.0784467,-0.28853604,0.7246636,0.51020676,-0.14186051,0.024340898,0.0153039675,0.04193982,-1.0373843,-0.10814561,-0.72203344,0.8939032
rna|OTP,0.6545816,-0.6693852,-0.33259115,0.5991753,-0.29095125,0.40133336,0.39825976,-0.24504656,-0.05878021,0.31994325,-0.54829127,-0.47549567,0.43720284,-0.50803685,0.36180115
rna|TNFRSF13B,-0.28955004,0.059859827,-0.32440856,0.30358812,-0.13616255,0.28417832,-0.26081362,-0.11239869,0.56961125,0.11262574,-0.27742577,0.24286242,0.3579963,0.22605255,0.31728664
rna|GRB7,-0.050015926,-0.13369402,-0.057168975,0.120102614,-0.3189977,0.6407787,0.66816586,-0.31413105,0.13467577,0.6887143,-0.24616173,-0.17033333,0.5714911,0.029640516,-0.025023201
rna|MLPH,0.061935455,-0.26299456,0.25310627,0.053403534,-0.46473107,0.53843474,0.63417155,-0.08869448,0.045077667,0.1996521,-0.13119102,-0.42195886,0.4752131,-0.4254109,0.43063703
rna|PMAIP1,-0.13254967,0.6724865,-0.39506727,-0.4389471,0.093427345,0.7337757,-0.27170858,-0.075144246,0.15155785,-0.16417442,0.99453837,0.51986057,-0.7660281,-0.21294583,0.37184128
rna|CREB3L1,-0.35084984,-0.35696217,0.19957028,0.25211075,-0.1794202,-0.46779752,0.7711224,-0.022358622,-0.8393902,0.5764872,0.104231946,-0.06661831,0.02760299,-0.644454,-0.25864583
rna|HOXA11-AS,0.04104066,0.2293529,-0.22029255,-0.33616856,0.21467753,0.08852261,0.1751516,0.07563702,-0.45809063,-0.053504184,-0.060379885,-0.13138098,-0.1381506,-0.19239347,0.23879391
rna|CSDC2,-0.23932424,0.016929,0.45307547,-0.12557206,-0.41438562,-0.36441618,0.5676584,0.017413206,-0.334412,0.28657812,-0.27099016,-0.34838286,-0.16483793,-0.626556,-0.18978739
rna|IFITM4P,0.20529981,-0.5200034,-0.5186433,0.7276078,-0.3050029,0.46170607,0.20434967,-0.0192783,-0.49986058,0.019286338,-0.15200981,-0.19964275,0.25653228,0.009296938,0.52549124
rna|DHRS9,-0.25943485,0.027661486,-0.007778401,-0.016821014,-0.035884514,0.15719678,-0.13216755,-0.02718816,0.5119217,-0.11783537,0.25328588,0.24906415,-0.022916824,-0.040083256,0.29774362
rna|GCNT3,-0.35456148,0.059860338,-0.21682152,-0.47421578,-0.5191982,0.05886066,-0.11694801,0.71706545,0.58056873,0.119940594,-0.2529723,0.42536363,0.30328348,-0.4062511,0.13137022
rna|CYP2J2,-0.2550114,0.043298975,0.07776021,0.1936157,-0.33165765,0.33018324,0.69576734,-0.12131591,0.42192647,0.07941695,-0.5032177,-0.08939893,0.37814692,-0.50064284,0.015852924
rna|KBTBD12,0.30732056,-0.11289637,0.089441046,-0.19651118,-0.361197,0.33517435,0.20557666,-0.06085823,0.21128006,0.35060146,-0.11876955,-0.028294181,0.49383208,-0.21718235,0.41117227
rna|OR52W1,0.69462144,-0.6812172,-0.3335782,0.50405383,-0.39334303,0.5775976,0.4395479,-0.13629779,-0.1188467,0.28617817,-0.28520912,-0.37854892,0.38424823,-0.45687088,0.4722121
rna|OR52I1,0.68764335,-0.543845,-0.21630277,0.4341659,-0.54293925,0.5143611,0.4477002,-0.33733216,0.019150365,0.3656554,-0.32182235,-0.51272357,0.3934817,-0.6190579,0.66482604
rna|VWCE,0.2882015,0.4644675,0.12188822,-0.10212625,0.045228552,0.13654557,0.12716262,-0.12829903,0.6446522,0.583248,-0.32012,0.32351276,0.4908682,-0.05165856,-0.49317023
rna|CLEC18A,0.7204913,-0.53354174,-0.113973714,0.2655783,-0.32317102,0.52743566,0.45816836,-0.12166195,0.2589446,0.47775987,-0.49090734,-0.4624166,0.52521986,-0.5526299,0.53968585
rna|ACTA1,-0.46335074,0.28300372,0.14038818,-0.18938805,-0.2661143,0.18556795,0.06302992,-0.16425271,0.12305475,0.6562266,-0.18062171,0.15736216,0.23379433,-0.10317037,-0.031563494
rna|OR2B11,0.85622287,-0.4948841,-0.23545417,0.13930675,-0.52096385,0.5543666,0.4173389,-0.049977306,0.14598759,0.47671333,-0.3677538,-0.5256229,0.2709135,-0.5554858,0.44797137
rna|CA4,0.14671436,-0.14493592,0.40361208,0.17050818,-0.6467167,0.24238573,-0.017953975,-0.20545429,0.32161075,-0.04895529,-0.20869707,-0.18099946,0.30432233,-0.2581556,0.06388409
rna|EEPD1,0.37481892,0.13014598,0.02213741,-0.42287815,0.052140314,-0.3061308,-0.10307153,0.25284675,-0.41266012,0.3930588,-0.14743043,0.2521065,-0.00018909553,-0.29135692,-0.29950798
rna|OAF,0.22688638,0.069816366,0.658108,-0.6780225,-0.3531576,-0.35542727,0.06744813,0.52800304,0.80304337,-0.030026352,0.07645206,0.54639155,0.20287538,-0.7927963,-0.32072002
rna|ADAM11,0.64693755,-0.53353417,-0.31136796,0.44770262,-0.39271644,0.33093444,0.39110625,-0.13220845,-0.04602222,0.5148189,-0.39908674,-0.21565068,0.27221057,-0.464114,0.5264299
rna|TPSAB1,-0.4305177,-0.07914211,0.14471011,0.05867226,-0.61924833,0.0114225885,0.20392527,-0.27062815,-0.42092022,0.12537076,-0.60768884,0.21279912,0.27065554,-0.20624588,0.17539822
rna|S100Z,0.4321459,0.31281048,-0.4023291,-0.78403044,0.11250057,0.09230652,-0.30319297,0.0848243,-0.8265444,-0.006667949,-0.029274942,0.18659921,-0.5932508,-0.15742108,-0.2976087
rna|ASCL1,-0.057516895,-0.3903863,0.36782253,-0.09393335,-0.022351407,0.21995606,-0.30224225,0.737227,0.67056906,-0.31913656,0.42891657,0.17494354,-0.0036038954,0.00082800677,0.4427161
rna|HOPX,-0.37041906,0.20645131,0.021248018,-0.70553833,-0.3997758,-0.21618791,0.047705404,0.3845746,-0.7065343,0.15470064,0.20858106,0.19052102,-0.02865004,-0.057228543,0.01815337
rna|PPFIA2,0.5999616,-0.45580938,0.059963614,-0.032471083,-0.6085427,0.08579544,0.6898136,0.08437762,0.015830936,0.7008951,-0.14815506,-0.34228817,0.3910988,-0.75685805,0.021466536
rna|MYBPH,-0.07375739,-0.50004035,0.4191993,-0.045563314,-0.6237264,0.14926869,0.12699585,0.502159,0.45672983,0.43863133,-0.06141047,0.015616709,0.53462064,-0.4713549,0.2562035
rna|RADX,0.3180881,0.104579754,-0.1219928,-0.1802976,-0.12490846,0.009049004,-0.28771642,0.35311306,-0.34260803,0.19357136,0.13524173,0.26002556,0.016831487,-0.050975908,-0.18021625
rna|STX19,-0.4025181,0.16463944,0.37595716,-0.36373857,-0.5823294,0.5934554,0.14127067,-0.3046594,0.3689687,0.2541741,-0.018715637,0.09621906,0.15672103,-0.3180071,0.06615501
rna|CHRDL2,0.29138547,-0.35541832,0.13545656,0.07191342,-0.69449896,0.06842646,0.6868419,0.034146667,0.112101376,0.39574993,-0.30101427,-0.070225164,0.5592971,-0.52575916,0.08531774
rna|ZNF804B,0.66310626,-0.555119,-0.38891307,0.36513034,-0.56727505,0.53950363,0.31438056,-0.17606147,-0.047641587,0.19000818,-0.4668654,-0.47204396,0.323462,-0.35217273,0.53464687
rna|MED12L,0.45250383,0.2972306,-0.19272551,-0.40221828,0.3971807,-0.23465738,0.012411139,0.31195626,-0.48494694,0.5380256,-0.026161639,0.30287364,-0.045908023,-0.14399286,-0.38709626
rna|DPEP3,0.09156126,0.14244312,0.3490708,-0.22696878,-0.36735073,0.017072339,0.02761728,0.46381104,0.32914028,-0.19209373,-0.032670822,0.25640407,0.23200059,-0.17203768,0.30606335
rna|PLAC8,-0.12669204,-0.36760873,0.41087598,0.29755154,-0.46953794,-0.06978722,-0.23222353,0.08666431,0.48901948,-0.7311337,-0.612257,0.139929,0.5982391,0.42556483,0.41800788
rna|MYO18B,0.33798486,-0.056732673,0.18156186,0.23680963,-0.11624265,0.34930366,0.6655892,-0.2790463,0.40656507,0.6377587,-0.35148695,-0.67443967,0.38934213,0.032362286,0.3084922
rna|IZUMO2,0.66539174,-0.46470872,-0.057759207,0.33289704,-0.30522114,0.4415964,0.37751505,-0.0014250363,0.0038250145,0.3041579,-0.29901606,-0.6601088,0.41541216,-0.6867238,0.59530234
rna|HCN4,0.51647586,-0.36335945,-0.07433486,0.40713212,-0.35719982,0.3814715,0.39360574,-0.20890415,0.048770357,0.38483876,-0.40518123,-0.45917642,0.49359575,-0.5492016,0.5231198
rna|KRT17P5,0.45310873,-0.28192443,-0.1960986,0.497698,-0.26042137,0.50848615,0.472914,-0.17808707,0.121500805,0.057793856,-0.2841122,-0.52066797,0.33669183,-0.4978571,0.25626227
rna|NFE2,-0.41177553,-0.42156938,0.5245066,0.06225648,-0.8109667,-0.2873942,0.23220795,-0.08225683,0.6138756,-0.11092204,-0.025869349,-0.207745,0.52367485,-0.3687704,-0.021021195
rna|NOG,0.54155797,-0.3945334,-0.07546547,0.30333,-0.6268385,0.22941093,0.13329518,0.06258032,-0.0271857,-0.07535918,-0.75377214,-0.35466108,0.60973763,-0.35929438,0.5924093
rna|SH3GL2,0.36993927,0.05800499,0.30510062,-0.2027556,0.19133995,-0.004529348,0.24496208,0.1590387,0.21129307,0.4056291,0.27599427,0.08292048,0.25338367,-0.60891116,0.07655901
rna|ZFY,-0.3446082,-0.16251485,-0.038115162,-0.35925895,0.11476867,0.05737583,0.037855256,0.022294365,0.05440227,-0.43127158,0.5137754,-0.19730137,-0.37727994,0.03507743,0.18741167
rna|RAPGEF5,0.6879955,0.4934873,-0.04420238,-0.7124425,-0.2638044,0.14484762,-0.11743882,0.394213,-0.44671512,0.27694812,0.041334137,0.44054103,-0.18169847,-0.37639296,-0.4633814
rna|FCGR3A,-0.40907755,-0.3660636,0.9779988,0.18304887,0.084648214,-0.10441139,0.57805073,0.04372757,0.32378548,-0.46660134,1.137927,-0.6041128,-0.14373715,0.3333315,0.17657042
rna|IL18RAP,0.0223812,-0.34430674,0.2936674,-0.6276831,-0.67580575,0.04540596,-0.29919478,0.51460665,0.68735147,-0.2693401,0.38733935,0.20329562,0.2224755,-0.38452122,0.31765443
rna|SYBU,0.14328961,0.14638868,-0.11583506,-0.4257003,-0.05548849,0.08754624,0.09299896,0.18702066,-0.11854958,0.07584521,-0.37711775,-0.05516111,-0.0711564,-0.32459015,-0.21680853
rna|ESR2,0.60602087,0.43201774,-0.601325,-0.54190135,-0.13759874,-0.056469187,-0.23117872,-0.05490434,-0.8624765,0.4314165,-0.40131995,0.34745714,0.24535887,-0.004060314,-0.4041501
rna|KLK1,-0.19871779,0.16683169,-0.06637661,0.25040165,-0.060411815,0.35451058,0.13367505,-0.15091917,-0.042055912,-0.16510846,0.10060112,0.26895532,-0.31212485,0.06966569,0.37094197
rna|HLF,-0.50451034,0.2082578,0.13816325,0.24821833,-0.37829828,-0.033801384,0.14861205,-0.109705694,0.20312457,-0.25842848,-0.58393914,0.44687122,0.55949277,0.043287393,0.11441101
rna|KCNT1,0.1444896,-0.23920724,0.66486585,0.15217917,-0.27543443,-0.17532237,0.3368852,0.08760834,0.41548583,0.10038989,-0.16021183,-0.13635048,0.48081765,-0.42575118,0.09164136
rna|CHST6,0.559798,-0.39683488,0.35420784,-0.23972829,-0.22621885,-0.018739713,0.40903518,0.4949814,0.31643963,0.61746955,0.034951176,-0.35348022,0.4277109,-0.74747825,0.008714971
rna|FCGR1A,0.06051238,-0.29569268,1.1926684,0.05011638,0.012125978,-0.09178971,0.45657662,0.661444,0.7929176,-0.12952308,0.90345126,-0.43859047,0.21773411,0.16780488,0.19526878
rna|CCL4L2,-0.29467914,-0.30408534,0.13534185,0.027285721,-0.10385242,0.5276489,-0.08933958,0.090939544,0.24903582,-0.56649655,0.8428378,-0.096358195,-0.7733458,-0.20003812,0.62667036
rna|SYTL4,-0.10510408,-0.18414186,0.019791977,-0.62165177,-0.19038083,0.061970986,0.33839726,0.20249294,-1.0392659,-0.014255678,0.15908252,-0.1533621,-0.38605008,-0.6786826,0.016653921
rna|DDC,0.39397812,-0.16601075,-0.18017672,0.29038057,-0.17841025,0.38479215,0.7210284,-0.17764375,0.49231106,0.15664563,-0.43659312,-0.3445116,0.48932266,-0.28870723,0.1268747
rna|TSSC2,0.2973455,-0.5894434,0.19227321,0.34228247,-0.20632204,0.050161257,0.3441792,0.04657331,0.0010542718,0.18368903,-0.51009816,-0.18269634,0.5914,-0.5178487,0.3650611
rna|OR2L8,0.71142465,-0.4481223,-0.12942716,0.200537,-0.5860669,0.26545918,0.27396002,-0.027153201,0.09840227,-0.04399067,-0.350061,-0.63751435,0.41868573,-0.5242999,0.74775934
rna|SSX1,0.64453304,-0.28766015,0.04616546,0.25817788,-0.33257774,0.48388302,0.39402953,-0.1458874,0.09375432,0.24775694,-0.33133376,-0.6353763,0.21017739,-0.60506535,0.4421564
rna|CCNO,0.20766947,0.21427014,0.21920216,-0.38757822,-0.1318943,0.005573441,-0.200234,0.29878747,0.5712221,0.36129162,-0.15890379,0.3890931,0.24057333,-0.38287625,-0.26843414
rna|KRTAP3-1,0.58010405,-0.62086517,-0.39705464,0.52698046,-0.42162752,0.75591147,0.471226,-0.29376736,-0.10023642,0.21966425,-0.26609138,-0.5988502,0.3688491,-0.46395057,0.6741479
rna|CHAT,0.71350586,-0.41028365,-0.065339565,0.25729564,-0.21524242,0.18818037,0.4176148,0.04833616,-0.19952062,0.42539433,-0.15182617,-0.5439374,0.41829693,-0.3075565,0.12700404
rna|LCN2,-1.1569558,0.34029374,0.41763362,-0.25189346,-0.9969445,0.32752576,0.587618,-0.35906038,0.16443019,0.2885414,-0.121898614,0.090117194,0.5042842,0.47182882,-0.031690653
rna|PSCA,-0.16297907,-0.26008826,0.011549961,0.32149452,-0.60371685,0.55817515,0.67655194,-0.30567256,-0.27871898,0.51293385,-0.5328735,-0.35069305,0.6028119,0.17398402,0.3744603
rna|ESPNL,0.06620021,0.1495412,-0.14720128,-0.2506904,-0.26825476,0.27978092,-0.092454575,0.1488589,-0.070122816,0.1013917,-0.13742886,0.22703727,-0.041130047,-0.33317304,-0.049791154
rna|GFPT2,0.022817228,-0.02027983,0.1397198,-0.35907176,0.10256497,-0.73542124,0.4352471,0.52013725,-0.37485385,0.63455474,-0.01936096,0.15549493,-0.025158834,-0.55961436,-0.42881638
rna|ALG1L,-0.08025496,0.06259237,0.3289275,-0.013298805,0.15606976,0.27051932,0.40059906,-0.04567171,0.42055044,0.004453824,-0.48529232,-0.19963099,0.32817605,-0.0077706054,0.32299435
rna|MAOA,-0.3782512,0.17271024,0.74212915,-0.3858949,-0.6908346,-0.11344496,0.25842237,0.28295073,0.45706484,-0.19605012,0.012144514,0.39234444,0.03743991,-0.9573323,0.15540849
rna|LCE6A,0.43017194,-0.40074894,0.21085854,0.16366576,-0.44556546,0.5899242,0.46621394,-0.58304477,0.061259825,0.4684798,-0.43009356,-0.5142911,0.5491461,-0.39761156,0.2448678
rna|NUTM2G,0.67870134,-0.41710433,-0.052276846,0.31577995,-0.32740805,0.48326215,0.58491856,-0.19677983,0.15147625,0.33295554,-0.33380997,-0.6016743,0.49211955,-0.52076644,0.47408575
rna|UCHL1,0.07941918,-0.22933985,-0.19252402,0.042478573,0.22440809,0.07315068,0.1806304,0.094281085,-0.72156876,0.14700173,-0.024687579,-0.2654571,-0.25864244,-0.47048557,0.08897233
rna|PON3,0.25131887,-0.06365115,0.33800235,-0.6989399,-0.6794998,0.109553,0.49499223,0.13801253,0.46194977,0.24227792,-0.26767677,-0.22592835,0.3931299,-0.8799269,-0.034676664
rna|GDF3,0.6913808,-0.57167405,-0.23024456,0.2938835,-0.45551592,0.48305005,0.41493857,-0.22093548,0.16572551,0.31160656,-0.40945646,-0.6145967,0.4086174,-0.39122003,0.6357236
rna|FCRLB,0.30835047,0.44501877,-0.37995625,-0.2761342,-0.23967488,0.20562312,-0.29316324,0.048139185,-0.084894344,0.043105703,0.10285028,0.7332286,-0.32635862,-0.074035175,-0.1753997
rna|CACNA1I,-0.07583388,-0.40707687,0.29799375,-0.20285249,-0.66385925,0.03470498,-0.31929004,0.3152314,0.25565517,-0.88240165,-0.65297794,0.41404632,0.30330876,-0.06944893,0.69347167
rna|INMT,0.20782392,0.25118607,0.8643263,-0.6476352,-0.39277148,-0.16925664,0.07897079,0.5752667,0.6572059,-0.16380857,-0.30962613,-0.061577912,0.38567007,-0.6326321,0.037955843
rna|ZNF322P1,-0.014201071,0.34291667,0.14535889,-0.24553473,0.06613952,0.0787823,-0.23543414,-0.04092992,0.30510226,-0.07339561,0.2561971,0.48904413,-0.10178787,-0.22900996,-0.06059264
rna|RGPD1,0.37233356,-0.16595383,-0.206548,-0.06697428,-0.39577436,0.14223604,0.0077300495,0.22444634,0.10876232,-0.052219193,-0.29890963,-0.13545333,-0.000497216,-0.23157118,0.43519863
rna|MB,-0.26378298,-0.11204481,0.07285208,-0.005981268,-0.45445955,0.46011174,0.5067619,-0.21019192,-0.059132416,0.63134515,-0.32751328,-0.43248683,0.42073786,-0.26294726,0.23091106
rna|OR2T10,0.18565224,-0.16280614,-0.41374892,-0.37561458,-0.2052627,-0.25505644,-0.021278178,0.39013416,-0.711034,-0.18852042,-0.23992859,-0.18376671,-0.041881796,-0.14375831,0.08153162
rna|SOX8,0.13213925,-0.35798877,-0.23898572,0.015084667,-0.4804545,0.14341149,-0.66307956,0.44423985,0.011318076,-0.8485973,-0.53453505,0.64562833,0.059252743,-0.33229595,0.49472076
rna|FAM133A,0.28649175,0.0922219,0.30277005,-0.08018703,0.08439037,-0.026624497,0.14947829,0.36895022,-0.1827244,-0.013397051,0.1280422,-0.20706722,0.17797436,-0.39284554,-0.029714812
rna|WNK4,0.3283431,0.37342072,-0.20791015,-0.36994106,0.11083974,0.20044094,0.070796065,-0.1382119,0.14767541,0.5211744,0.13480069,-0.05267954,0.08750218,-0.19938572,0.18955714
rna|CCL11,0.084144205,0.046368483,0.1712701,-0.3030891,-0.3746336,-0.43336543,0.52012414,0.02618169,-0.38378546,0.46162435,-0.18246232,-0.06623536,0.077432476,-0.3122641,-0.26567215
rna|CASP5,0.18539457,-0.33293,0.6874026,0.20117639,-0.24668303,-0.09167859,0.08550224,0.45007005,0.8575531,-0.23053104,0.56191015,-0.3263172,0.52071875,0.16940226,0.2310042
rna|MMP2,-0.00995885,-0.055808492,0.4727879,-0.28079224,-0.004288928,-0.88189983,0.714101,0.27334273,-0.37051576,0.89067644,-0.11253194,0.04263016,0.2127483,-0.78150225,-0.41838792
rna|MFAP2,-0.056211706,-0.30475292,0.17901863,-0.11293131,-0.32518315,-0.7706852,0.6127605,0.19598818,-0.76424307,0.8566875,-0.20974226,-0.05858877,0.14353646,-0.8508085,-0.21113971
rna|LOC441956,0.6142504,-0.677671,-0.40675706,0.25315225,-0.46348512,0.54708344,0.483865,-0.11133463,-0.068686284,0.25936282,-0.39979032,-0.5084601,0.32409456,-0.674694,0.6393236
rna|IGLL1,0.05057826,0.4157446,0.05701138,0.22979185,-0.3356763,0.16131799,-0.02758843,-0.27519423,0.13477898,0.12165661,-0.5944629,0.35788566,0.12181141,0.11586379,0.11162348
rna|SH3GL3,0.56235856,-0.26334143,-0.096240595,0.24445477,-0.64141023,0.21577998,0.46419233,-0.043552615,0.1487226,0.47120628,-0.40905142,-0.26161468,0.45970425,-0.39668176,0.15863316
rna|RASGRP3,0.3995926,0.84638083,-0.15213013,-0.9487181,-0.11609532,0.11402806,-0.30117664,0.5011093,0.398727,0.2995658,0.36820364,0.9202293,-0.13006125,-0.5793172,0.14645782
rna|BEX2,0.20725833,-0.070270926,-0.07479199,-0.4523526,-0.12838398,0.079050675,-0.29906464,0.35712704,0.45094743,-0.33931544,-0.02711247,0.5848151,0.018891454,-0.25985834,0.25156936
rna|CDH11,-0.08585441,0.38058612,0.28497887,-1.1341877,-0.44666666,-0.44551322,-0.26299375,0.7623423,0.053615052,0.07596276,0.513894,0.43195146,-0.6544851,-0.94904196,-0.12176603
rna|OTOL1,0.6375428,-0.250435,-0.10785612,0.39536935,-0.32168007,0.57138044,0.5556396,0.01137756,0.06733599,0.4269054,-0.3316698,-0.2119788,0.4937908,-0.690589,0.50944346
rna|CR1L,-0.2435395,-0.30413473,0.03598478,-0.04637925,0.20747487,-0.5155669,-0.14130007,0.4077152,0.1258168,-0.07149027,0.09494163,0.42353103,0.005521799,0.41357577,-0.38426116
rna|BCAS1,-0.35559383,0.14895764,0.08152695,-0.04954761,0.19224419,-0.09233605,-0.17284451,0.05372235,0.075348325,0.11654402,0.02548075,0.009271973,-0.15715154,-0.13526674,0.1398858
rna|WNT10A,0.39314827,0.2570698,-0.011193519,-0.33982545,-0.17119865,0.1880889,0.06476061,-0.08783933,0.3192716,0.43713853,-0.2855057,0.019772833,0.44462997,0.4174908,0.32132062
rna|PCDHGB3,0.37969252,-0.009275125,-0.72878575,-0.40380576,0.09989164,-0.49031425,-0.18260698,0.31388417,-1.2857332,0.22335663,-0.61176765,0.3236817,0.06070354,-0.000108628374,-0.3836703
rna|FBP1,0.30659974,-0.39098573,0.5564203,0.036181603,-0.14982618,-0.15007928,0.53219473,0.7021768,0.29611954,0.040552124,0.4833674,0.048040703,0.1956579,-0.045954008,-0.04150554
rna|LRP4,0.18946396,-0.46576524,0.122251004,0.4172781,-0.37923187,0.21513961,0.5455132,-0.22902916,0.10798312,0.62763786,-0.3185007,-0.3768479,0.6953923,-0.32085142,0.24133196
rna|RPL31P57,0.43986934,0.023266857,-0.14620923,-0.10274656,-0.40832955,0.19881104,0.08610824,0.017147832,-0.20838013,0.51226264,-0.4095717,-0.36709684,0.23759434,-0.5168453,0.16655466
rna|PNLIP,0.34546188,-0.41176447,0.032680307,0.34358105,-0.21395381,0.6221645,0.5414896,-0.14586233,0.08772223,0.24923299,-0.017899683,-0.72050107,0.19449747,-0.5790468,0.5624288
rna|MYOZ1,0.0050439173,-0.32346895,0.28735805,-0.039918497,-0.71834165,0.14319463,0.37536037,0.038877726,0.16081901,0.46607822,-0.2770847,-0.067284755,0.5139448,-0.51349014,0.3255237
rna|LOC389832,0.5973544,-0.40333828,-0.18431531,0.30581087,-0.3046695,0.622306,0.59846294,-0.15626875,0.14154418,0.32322365,-0.25732118,-0.72004294,0.20845842,-0.8249065,0.56053275
rna|HSPB7,-0.15326002,-0.2850466,0.29553545,0.012441225,-0.43132374,0.0014435225,0.41553143,-0.04419055,-0.0626862,0.5800707,-0.2637951,-0.43044645,0.21614411,-0.368094,0.12366422
rna|SOX2-OT,0.2854329,0.12321687,0.061390042,0.13950436,-0.06548003,0.2782404,0.19592355,-0.25220838,-0.04741529,0.2390451,-0.19210272,-0.32344362,0.16348171,-0.6461567,0.28730148
rna|ODF4,0.49137744,-0.59260577,-0.28164962,0.59672296,-0.39519256,0.5068422,0.49302277,-0.22818981,-0.34408435,0.19855028,-0.25589654,-0.5241778,0.21383971,-0.22578369,0.67572224
rna|CYP4F12,0.19074203,-0.026980786,0.3343269,-0.36333722,-0.63591206,0.2543356,0.0907909,-0.08561216,0.39364913,-0.10886917,-0.68293977,0.10827975,0.60247624,-0.55536944,0.24302658
rna|SERPINA3,-0.25279754,0.09217641,0.3743003,-0.36994115,-0.31636128,-0.33632454,0.46267927,0.11660196,0.27212554,-0.03635062,0.10552462,0.16183046,0.08823715,-0.5645363,-0.31172717
rna|KCNJ3,0.61614966,-0.34313178,-0.037094966,0.13222656,-0.19838661,0.41883042,0.42125323,-0.1075592,-0.02737678,0.36180514,-0.27358142,-0.54805297,0.2993796,-0.4259026,0.33319864
rna|AFF3,-0.110310264,0.34906894,-0.8698779,-0.16341676,-0.1380568,0.28705907,-0.5879345,0.08381244,0.50426424,0.008053281,-0.18917103,0.81994015,-0.21292545,-0.15063581,0.00010264403
rna|HMHB1,0.3945398,0.13497606,0.051040355,-0.58453894,0.01722778,0.057418376,-0.022750128,0.3236368,-0.3060033,0.20619246,0.06778254,-0.11466232,0.116349556,-0.12559105,-0.069354504
rna|HEPACAM2,-0.12766123,0.21416356,0.007090393,0.0021553875,0.31152803,-0.10638265,0.14066407,-0.22189566,-0.20102587,0.27185374,0.023031324,0.06903435,-0.1815185,0.03957304,-0.08659465
rna|MYL3,0.17533006,-0.42055282,0.34887215,-0.012027805,-0.75406045,-0.077231295,0.1640454,0.1850411,0.2958201,0.16185825,-0.593894,-0.1388119,0.64217716,-0.5896504,0.22768323
rna|CP,-0.20800029,-0.37817407,0.5334495,0.03830767,-0.47360274,0.06557847,0.13166355,0.5550942,0.771094,-0.58025444,0.31545675,0.19553019,0.4238119,0.1125783,0.16987179
rna|OGDHL,0.3043117,-0.1241571,-0.1413272,0.3219746,-0.114495,0.30841008,0.3873417,-0.16339514,0.0937629,-0.0731724,-0.19663881,-0.5193335,0.21114627,-0.24799873,0.026343368
rna|BARX2,-0.33256018,-0.24673647,0.53371626,-0.46555504,-0.5695585,0.18407618,0.17222674,0.21146163,-0.042213462,0.05388803,-0.2741233,0.24460877,0.19286005,-0.006753454,0.36479056
rna|CCDC187,0.29693016,0.0021453784,-0.2015211,0.09543594,-0.060955815,0.06874643,-0.010860519,0.24686813,0.14714612,0.30573717,-0.38337266,-0.15135819,0.21357395,-0.40733272,0.08684648
rna|PCDHB17P,0.49056792,-0.66674113,-0.21358934,0.5110064,-0.29550004,0.29244795,0.58464134,-0.12013312,-0.12119608,0.28057843,-0.49415743,-0.43806243,0.37550512,-0.52446187,0.4602554
rna|PASD1,0.6148909,-0.197195,0.00392664,0.21986055,-0.2453976,0.33175677,0.5317981,-0.14847615,0.058607183,0.35651267,-0.29440576,-0.6401807,0.2714801,-0.26049238,0.49089184
rna|UNC93A,0.45500484,-0.37721893,0.057326775,0.19408192,-0.5454952,0.7462014,0.5803921,-0.24445732,0.2872877,0.49711514,-0.49979785,-0.39809817,0.55277336,-0.51890606,0.3640965
rna|MUCL1,-0.03534816,-0.38014024,0.5310872,0.15670393,-0.33077973,0.17921877,0.5686129,-0.20029038,0.11441143,0.432892,0.078805186,-0.20397186,0.40130377,-0.3854113,0.13849585
rna|GLDC,-0.19208348,-0.31691182,0.10050829,0.2424151,0.12788737,-0.20243151,0.024073817,0.52245396,0.2105456,-0.35256094,0.0064546755,-0.05080248,0.35423487,0.18538637,-0.085912004
rna|SPOCD1,-0.38707703,-0.09516689,0.30136797,-0.21708031,0.07611672,-0.54966235,0.6399403,0.050798506,-0.05859329,0.5689604,0.6720653,-0.14975964,-0.11410034,-0.49434438,-0.27483764
rna|BEND4,0.25950906,-0.0112535525,-0.40633622,0.26012033,0.19314225,-0.043809317,-0.2718169,0.02649845,0.04755062,0.18506832,-0.1738535,0.42176193,-0.0036487044,-0.08362385,-0.15811007
rna|MMP3,-0.78446954,0.15055074,0.50963676,-0.41219258,-0.17400382,-0.04547724,0.6385572,-0.1905003,-0.15812121,0.5765909,0.43124583,0.020752197,0.15165962,-0.0048094527,-0.14254132
rna|KRT9,-0.020979766,0.06737699,0.1713541,-0.2889995,-0.1007053,0.35581493,0.26297137,-0.15959674,-0.37322578,0.7525939,-0.3287258,0.06564312,0.22808608,-0.3234247,-0.19666554
rna|C6ORF15,-0.10462825,-0.29600632,0.054690864,0.407019,-0.64093655,0.76133025,0.48039967,-0.39494562,-0.23352034,0.32636562,-0.437954,-0.33568186,0.4079991,-0.025495775,0.51599467
rna|FAM3D,-0.1966454,0.24205245,0.16026124,-0.40732545,-0.5651193,0.5386053,0.41265532,-0.03554801,0.07220269,0.45132327,-0.31956056,-0.27850464,0.38499233,0.025769444,0.5480239
rna|LCNL1,-0.04516517,-0.3387632,0.34177825,-0.34540263,-0.18715467,-0.15203494,-0.30213746,0.81804824,0.5237156,0.042438693,-0.22791046,0.29584196,0.5242502,-0.46006188,0.14337769
rna|ADIPOQ,0.5765438,-0.3575264,0.3479836,0.2695784,-0.14408365,0.1727486,0.36662477,-0.19992884,0.2757657,0.31458244,-0.36030725,-0.57150775,0.350754,-0.6071358,0.19951038
rna|IRX6,-0.5168653,-0.20753649,0.47840875,-0.1673674,-0.29965678,0.091339715,0.0972378,-0.04174439,-0.13823746,0.37398934,0.07050087,0.14293489,0.30774018,-0.40181133,0.014811682
rna|TPSG1,0.3055596,-0.399376,0.29441792,0.17279556,-0.49482378,0.60789114,0.39128038,-0.2760674,0.023147186,0.4220871,-0.48590615,-0.41884223,0.6110486,-0.33595148,0.48086414
rna|ADTRP,-0.18733984,-0.15417379,-0.07472114,0.23747657,-0.09531671,-0.27698252,-0.1767778,0.31568286,0.78377753,-0.0070754536,-0.20740806,0.23800775,0.2911676,0.45263615,0.044039596
rna|PLD5,0.07454841,-0.14847238,-0.111598425,0.22318403,-0.440042,0.3012331,-0.5765369,0.17889476,0.2184979,-0.9635273,-0.67660373,0.20095822,0.14662372,-0.20709752,0.71266735
rna|CACNA1E,0.010005294,-0.21919008,0.24261904,-0.015352567,-0.06476987,-0.11530588,0.08196861,0.51346457,0.09262018,-0.08738602,0.5885928,-0.2895756,-0.00014512285,-0.11461063,0.30970016
rna|HTR2A,0.26408327,-0.3251997,0.110443234,0.04551594,-0.523897,-0.14456774,0.7189915,-0.028668687,0.15312281,0.6309862,-0.2305586,-0.5894737,0.5122027,-0.4584597,0.17857683
rna|UBL4B,0.4982137,-0.5840189,-0.0006744018,0.44382152,-0.28124508,0.5284278,0.67622715,-0.28071898,0.14394425,0.40364477,-0.23172855,-0.5721031,0.52843606,-0.35175115,0.43719172
rna|RAB7B,0.14409673,0.1267537,0.9024765,-0.7195771,-0.611507,0.040746417,-0.26410744,0.6780575,0.5955987,-0.204271,0.049480055,0.4276348,0.21932417,-0.7397291,0.42064604
rna|EIF1AY,-0.16105655,-0.04531299,-0.016839815,-0.40535504,0.018185526,0.23018607,0.05332957,-0.027638217,0.2225101,-0.21397781,0.5302022,-0.15072551,-0.2890377,-0.077013604,0.18305956
rna|TLCD4,-0.2894444,0.12099839,-0.02557723,0.15959947,-0.10607278,0.22593415,0.2514139,-0.17798659,0.47098204,0.052593615,-0.32445103,0.07720753,0.17432167,-0.33969402,-0.18458468
rna|GGCT,-0.14421602,0.4027208,-0.0924212,-0.22074261,0.18301474,0.10854701,-0.0068708984,-0.16515818,-0.055490814,-0.16275142,0.43550965,0.44649512,-0.40714195,0.12233005,-0.27419823
rna|H1-1,-0.008381633,-0.100597076,0.05662217,0.38617852,0.0018064152,0.01022295,0.3692776,-0.20229366,-0.33627325,0.242535,-0.24898589,-0.046432342,0.33534858,0.5353009,-0.22390898
rna|NAT8B,-0.03826851,-0.20754851,1.286638,0.21163139,-0.051697914,0.023394331,0.3060655,0.48884916,0.7578046,-0.32663283,0.65334255,-0.003377564,0.14387794,-0.20266727,0.14303099
rna|KIR3DL2,0.266889,-0.68762296,0.005771662,0.57582766,-0.31780478,0.34057522,0.3823597,0.043034438,0.0541004,-0.107849024,-0.20461293,-0.51367545,0.3685785,0.08531816,0.61277604
rna|PXDNL,0.051948834,-0.105271146,-0.058400348,-0.3608287,0.2201938,-0.13814114,0.17141728,0.42534643,-0.6650512,0.21212052,-0.020722853,-0.07114468,-0.21401258,-0.31813094,0.07249331
rna|SCN2A,-0.17965676,0.19907334,-0.25503862,0.24125972,0.33427647,-0.09184974,0.15290907,-0.27987587,0.21408385,0.34352258,-0.18540895,-0.22928974,0.103138305,-0.08146452,0.08471002
rna|VEPH1,0.5453908,-0.5040514,-0.06485911,0.3661545,-0.27081648,0.4340771,0.4708494,-0.21205148,-0.08171741,0.3337769,-0.2844359,-0.6603633,0.40495783,-0.60557544,0.4148089
rna|MIR125B1,0.27475747,-0.24468026,0.23280104,-0.06629817,-0.3901008,-0.24512519,0.37857747,-0.08202993,0.17430945,0.536967,-0.49715516,-0.38593954,0.52645534,-0.45326498,-0.07469208
rna|FAM155B,0.4386378,-0.4462534,-0.1788537,0.36021933,-0.15344623,0.48483828,0.12518346,-0.02019409,-0.35761493,0.0932857,-0.15684928,-0.0075793033,0.0291983,-0.41947547,0.45934147
rna|EPHB1,0.20245314,0.05761475,0.2739217,-0.104671255,-0.072470605,0.28195858,0.1181044,-0.14049852,0.20416917,0.07618611,-0.2530697,-0.16132168,0.19921555,0.044844024,0.17814198
rna|GNG8,0.24703744,-0.013601733,-0.034052324,-0.4655429,-0.025128027,-0.10935161,0.0826109,0.43566492,-0.36026758,0.077777,-0.23757608,-0.019575572,0.16664633,-0.09458239,0.14549798
rna|ACP6,0.36189935,0.4436388,0.23492914,-0.56876886,0.19964862,-0.29389852,-0.069705226,0.37238657,0.7087687,0.4048724,-0.099425934,0.47429037,0.18576089,-0.27759054,-0.45576778
rna|KLK4,0.20723365,-0.1291263,0.3175692,-0.09799706,-0.100212686,-0.0015251305,0.4950621,0.19584815,-0.40527952,0.467442,0.03612489,0.061009318,-0.07212088,-0.5548533,0.0053634774
rna|GAS8,0.19805588,0.15484092,0.34881896,-0.7277979,-0.5163098,-0.23340651,0.120821014,0.47026184,0.85026795,0.3527328,0.027818076,0.19784115,0.4229902,-0.6407578,-0.054522015
rna|HACD1,0.34091362,0.25208685,0.04418484,-0.07870308,-0.5927917,-0.21621825,-0.21911006,-0.16216128,0.4053481,0.27180344,-0.42305064,0.3851397,0.6276143,-0.1608198,-0.0810758
rna|CCL13,-0.12354351,0.07310315,1.0756826,-0.13374785,-0.10542441,-0.0068064956,0.1382495,-0.09704483,0.40307003,-0.15255454,0.118501864,-0.06824188,0.41228542,0.018973865,0.092706054
rna|TNFRSF17,0.15034403,0.46522766,-0.2678824,-0.030402098,-0.032691468,0.36167747,-0.043370795,-0.20490329,-0.32724193,-0.21042636,0.096466,0.33154315,-0.24732748,0.25958163,0.19671841
rna|PBK,0.24846199,0.73301375,0.022881586,-0.46557662,0.33468452,0.41700485,-0.36747098,-0.02669929,0.34062156,0.47126156,0.7167615,0.7089348,-0.591678,-0.45462254,-0.2704167
rna|DNER,0.07190318,-0.05621588,0.16141973,-0.28728974,0.0726351,0.16997668,0.035314318,0.06172892,-0.6662675,-0.034692716,-0.09692578,-0.18969105,-0.14991951,-0.20204554,0.13109419
rna|JPH1,-0.13387078,-0.20586753,-0.11274229,-0.23072776,-0.46906614,0.25973803,0.53511685,-0.11901818,-0.1538855,0.44633907,-0.5358024,-0.11360377,0.13403329,-0.1177837,-0.068228416
rna|CD1A,0.28457773,-0.26327267,-0.2965261,-0.15875773,-0.45318994,0.32346156,-0.17759524,-0.07469603,-0.6807773,0.01122039,-0.7301086,0.1538172,0.23203914,-0.16683038,0.1807892
rna|ICOS,0.103593044,-0.39297295,0.4188794,-0.6547161,-0.47605163,-0.051466916,-0.47767112,0.6359875,0.62155366,-0.8828198,-0.26361877,0.5273335,0.0076200278,-0.3304556,0.71752906
rna|CPLX3,0.40050918,-0.16595797,-0.5375794,0.28456458,-0.1839059,0.20525019,0.09406674,0.06951757,-0.25044078,0.42855063,-0.29620063,-0.4464242,0.20861287,-0.07686621,0.34044605
rna|TM4SF5,0.44245404,-0.18328713,-0.08485092,0.23186688,-0.17864074,0.55152565,0.7576435,0.18300804,0.23202212,-0.08465997,-0.23433426,-0.43107846,0.330625,-0.687034,0.23003924
rna|CLDN23,0.2256594,0.31651464,0.3068512,-0.45921233,-0.5586873,0.13665402,0.09867684,0.5192533,0.66974807,0.2031346,0.5210462,0.5630055,0.0391274,-0.61748534,-0.0849231
rna|POU4F2,0.6879624,-0.5918497,-0.39019135,0.28229424,-0.5314433,0.41694075,0.51926905,-0.07327735,-0.060004752,0.3619432,-0.25504756,-0.626234,0.22682129,-0.4621619,0.51665896
rna|SYT1,0.60247993,-0.35462698,0.02039774,0.15954654,-0.3730819,0.22574587,0.45739353,-0.11095021,-0.030544791,0.14378549,-0.33767128,-0.5093768,0.18402474,-0.48495322,0.40540808
rna|CARMIL3,0.2948429,-0.2628862,-0.3177849,0.54506296,0.029784625,0.04486218,0.25719675,-0.2090452,-0.21966201,0.44399345,-0.43673202,0.03124464,0.30162305,0.12047826,-0.016110515
rna|SCML4,-0.014073789,-0.53517556,0.32947904,0.05814886,-0.72498214,-0.32705176,-0.20069973,0.46744633,0.24234958,-0.78413874,-0.70008534,0.22058234,0.46458498,0.16304618,0.17700286
rna|OR2T11,0.13898827,-0.2985362,-0.50124156,-0.1865055,-0.24936217,-0.079159945,-0.09559846,0.27648348,-0.79900044,-0.20099731,-0.20654601,-0.37973508,-0.119901456,-0.12557605,0.2632637
rna|KLK11,-1.2043535,0.33501688,0.5377278,-0.24700104,-0.5440453,0.68405586,0.54527533,-0.5507022,0.043591738,0.5275761,-0.23509116,0.41954312,0.40939426,0.35927284,-0.10872131
rna|IQCD,0.498078,0.0008907798,0.09987926,-0.3840366,-0.03525905,-0.08542952,0.138754,0.08393356,-0.41411954,0.49183503,-0.17316154,0.23788293,-0.09376279,-0.0880443,-0.20509572
rna|DIO3OS,-0.011080719,-0.16298044,0.16011514,-0.023718648,-0.7788516,-0.06670558,-0.37487912,0.16906622,0.36274257,-0.5276588,-0.8187667,0.24313098,0.36037952,-0.37298772,0.27268702
rna|OR7E91P,0.61755836,-0.2984568,-0.13589045,0.14848876,-0.4605044,0.38280907,0.42033714,0.011596795,0.3993292,0.4132831,-0.34047788,-0.3124364,0.5182997,-0.70108694,0.55988806
rna|NOS1,0.5184458,-0.62901545,-0.36147726,0.1698009,-0.36920902,0.4757053,0.425836,-0.2742585,-0.3268855,0.32203373,-0.38768113,-0.53468955,0.11122067,-0.40056562,0.41416046
rna|HBG1,0.4473578,-0.3954148,0.39574358,0.16056,-0.2552683,0.07985363,0.2975709,-0.17425008,0.5044415,0.16830747,-0.14908901,-0.45161137,0.2330849,-0.57946855,0.33623186
rna|SCAMP5,0.4653721,0.18535982,0.32847098,0.037810586,-0.062696226,0.09051609,-0.012605134,-0.11520326,-0.018615926,0.16091008,-0.43460125,-0.24799144,0.36104694,0.18049195,-0.09076871
rna|PRR36,-0.3440069,-0.4759865,0.30356786,0.0029834323,-0.16895568,0.05694812,0.13417049,0.25465792,0.39997855,-0.43602163,-0.1932033,0.04880085,0.28574505,-0.14500219,0.45488697
rna|IL17F,0.45302805,-0.32687283,-0.028508175,0.16103648,-0.43990406,0.5417911,0.41165173,-0.078484744,0.21817185,0.4009927,-0.3145043,-0.5502388,0.4447981,-0.5914072,0.34866083
rna|OR52K1,0.72807556,-0.5617879,-0.16637827,0.50789684,-0.52024156,0.23877726,0.48350483,-0.2379309,-0.09167375,0.293023,-0.299514,-0.4094467,0.4317479,-0.3479531,0.5314928
rna|CDRT15P3,0.6644868,-0.45277193,-0.18019119,0.3584557,-0.38670048,0.5848966,0.5105197,-0.08462803,0.07107195,0.34553486,-0.26735857,-0.5934122,0.31565294,-0.6788081,0.71303
rna|GADD45G,0.15405402,-0.23082955,0.60131675,-0.3994969,-0.17650728,-0.22737053,0.15696011,0.9833748,0.40289515,0.08482956,0.60351926,0.36661884,0.188295,-0.52325696,0.06548753
rna|ZNF839,0.048054863,0.16826706,0.036297955,-0.108791724,0.052911125,-0.17958175,-0.17183647,0.22452624,0.1538748,0.058294125,-0.23745203,0.42554247,0.051908877,-0.122538485,0.06014361
rna|F10,0.37640777,0.016406504,0.43008795,-0.41392672,-0.66783667,0.27027738,0.06828907,0.13157888,0.40616322,-0.017747026,-0.35005713,0.06037096,0.5739188,-0.7326838,0.04982714
rna|MFAP5,-0.3159229,0.13423772,0.34554115,-0.6683803,0.047636695,-0.42213297,0.08939055,0.13999501,-0.038605917,0.38255215,0.32348782,0.26446962,-0.3776578,-0.82827735,-0.057425626
rna|SSBP2,-0.09758018,0.32775688,-0.2346239,-0.61767447,0.048097044,0.28522655,-0.280135,0.16803958,-0.4876267,-0.3742031,0.51227874,0.35176516,-0.9697799,-0.61764276,0.16581851
rna|DEFB118,0.64378005,-0.47759816,-0.2958602,0.18677796,-0.3792949,0.46533638,0.5597821,-0.09818067,0.23985054,0.36396468,-0.26246786,-0.49493828,0.38099226,-0.55032545,0.407495
rna|KRTAP17-1,0.5775091,-0.6473827,-0.37404355,0.281085,-0.4712461,0.21823254,0.2395162,-0.2106094,0.04768649,0.26471922,-0.28269133,-0.34771505,0.40626097,-0.39818868,0.47063902
rna|FRG2C,0.58795816,-0.39769223,-0.07088464,0.48227385,-0.33935404,0.65021247,0.5301972,-0.1332195,0.14697412,0.30301395,-0.27449706,-0.339611,0.39681968,-0.63469267,0.5633947
rna|CCDC9B,-0.345113,0.045246378,0.02708126,-0.22608523,-0.23039037,0.2542212,0.009675973,0.09929881,0.087336436,-0.40078333,0.346421,0.0368379,-0.058631893,-0.1429318,0.3113964
rna|CSRNP3,0.2610557,-0.01444176,0.4615141,-0.47303078,-0.39119732,0.07228031,0.17308718,0.047784433,-0.3550751,0.2797404,-0.253082,-0.14718975,-0.061455484,-0.68643373,0.020195713
rna|CNTNAP2,0.37529758,0.073065646,0.050840773,0.07877141,-0.41079628,0.23483756,0.20276286,-0.00998454,0.025034212,0.09173068,-0.5875796,-0.09797246,0.46263376,-0.21348871,0.1761323
rna|CLIC3,-0.230319,-0.22586322,0.9421504,-0.42880312,-0.86402225,0.03968058,0.26654613,0.395758,0.3210278,0.08965446,-0.36446944,0.40752017,0.61231315,-0.3020028,0.3353037
rna|THG1L,0.5214373,0.7390925,0.17172283,-0.35727596,0.044970937,0.030708514,-0.13124856,0.3761922,0.35499084,0.32389113,0.039193682,0.59810704,0.04141678,-0.13223213,-0.022999149
rna|CTRB2,0.39671987,-0.1428838,0.037271865,0.3486483,-0.15094693,0.56379855,0.35840708,-0.13252907,0.10729411,0.5113188,0.025898056,-0.09844794,0.39950413,-0.056477353,0.14817216
rna|ASMT,0.22376557,0.068506524,0.11543102,0.26365662,-0.07127295,0.25247303,0.23267876,-0.13708507,0.25172,0.27637768,0.071588114,-0.22641969,0.2139519,-0.23338114,0.29824424
rna|ZNF608,0.20156363,0.590875,-0.50663424,-0.92295235,-0.004743365,0.33988926,-0.43303147,0.30746055,-0.4618471,-0.09657109,0.5313409,0.26778615,-0.74867445,-0.45534658,-0.04521255
rna|EPCAM,-0.43817952,0.3473639,0.035926152,-0.05582239,0.24807209,0.4711257,0.0123598,-0.13804625,0.20095763,0.023186307,0.13646902,-0.15150101,0.09629528,0.07148937,-0.055888575
rna|SCARA3,-0.32951027,-0.19765803,-0.15071338,-0.33218175,-0.4982831,0.13038896,-0.59939826,0.2797677,0.21479951,-0.7810219,-0.3374503,0.42293394,-0.23916155,-0.49109286,0.56216085
rna|GPR63,0.33360407,-0.2009118,0.068131685,0.20463012,-0.10850091,0.16237019,0.323514,-0.11188761,0.277893,0.24191873,-0.42936927,-0.40210387,0.44019607,-0.12849954,0.08231527
rna|ARL14,-0.0945813,0.23930074,-0.09862209,-0.46283823,0.02351985,0.28023636,-0.033331007,0.10698804,-0.46549052,0.19570135,0.14418972,-0.027313277,-0.32268444,-0.29522574,0.030522339
rna|NPFFR1,0.111676455,-0.84179735,-0.15897433,0.3747428,-0.31776953,-0.16318442,0.254307,0.40162587,-0.06454418,0.14899181,-0.18303205,0.11819339,0.5780532,-0.060124543,0.23111308
rna|NCCRP1,-0.8562769,0.11855079,0.21426196,-0.3406608,-0.68152696,0.59338546,0.122159205,-0.39445215,-0.02629245,0.36220512,-0.23330045,0.5463663,0.18687288,0.08706107,0.2060439
rna|KRT72,0.5180731,-0.24949305,0.18043429,-0.18699428,-0.31784272,0.1846327,-0.23543876,0.15163675,0.26159927,-0.30738047,-0.6316492,0.015740002,0.4502484,-0.38760036,0.5105696
rna|ITGB5,-0.2183427,0.29454738,0.89594305,-0.7184477,-0.25008914,-0.34509182,0.5936128,0.47118476,0.30220112,0.4235401,0.5078206,0.078842536,-0.077143386,-0.9762197,-0.18182683
rna|CTAG1B,-0.018334122,0.16317508,0.39457965,-0.02123318,0.59347194,-0.057950567,0.1521705,-0.08931624,-0.08940493,0.07559434,0.29244983,-0.5144745,-0.15260862,-0.035930447,0.19686995
rna|FCRL2,0.2553182,0.48190886,-0.6530537,-0.1672675,-0.06909752,0.2929941,-0.37933108,-0.25774094,-0.3916713,-0.18954648,-0.31522024,0.50717634,-0.20901857,0.2593267,0.036067836
rna|RNF165,0.20591211,-0.32262364,0.27258754,0.07342947,-1.008741,0.17205381,0.046326175,0.10142095,0.41867217,-0.38075885,-0.5887486,0.102458395,0.6170091,-0.35764807,0.29680115
rna|HOXA13,0.544931,-0.3365013,-0.5390746,0.33596444,-0.25488767,0.50519514,0.37677798,-0.039335195,-0.20480472,0.4815027,-0.37645483,-0.26700622,0.1828556,-0.25666997,0.17316258
rna|S100A9,-0.63041836,-0.2866215,0.8588272,0.30148128,-0.39853272,-0.20597161,0.4673198,0.117051885,0.55768126,0.25593644,0.56110823,0.08648648,0.5022122,0.4799717,-0.14880863
rna|THRSP,0.15438797,-0.098816626,0.31959736,-0.08378447,-0.26505744,0.16919544,0.16066438,-0.12870714,0.45921227,-0.07042569,-0.12462614,-0.31606376,0.24872096,-0.3575051,-0.16343705
rna|RTL4,0.41260177,-0.0609621,-0.1709077,0.32258415,-0.25090903,0.47239333,0.437873,-0.25930923,0.18142994,0.4432288,-0.21638544,-0.17494722,0.48078442,-0.42574736,0.2798187
rna|TP73,0.20931537,-0.04033346,-0.2644609,0.21201223,-0.14482029,0.106329806,0.11236445,0.05211473,-0.082390115,0.3788633,-0.14908136,0.23665388,0.5011469,0.3234032,-0.052868035
rna|GAGE5,0.33530667,-0.3904599,0.1267123,0.052881274,-0.19705959,0.41672805,0.3259944,-0.08940233,0.12946205,-0.17097697,-0.040868755,-0.61435616,-0.036260456,-0.67440414,0.8442518
rna|SLAMF1,0.09541117,-0.24264239,0.20256624,-0.61433583,-0.20731887,-0.22929037,-0.26490194,0.8701636,-0.17714325,-0.30956784,0.097613916,0.38584167,0.17644092,-0.29289693,0.15708178
rna|NAT16,0.63098276,-0.28233612,-0.07746699,0.26511258,-0.29276428,0.4559515,0.67758733,-0.12275548,0.16631086,0.38340235,-0.23819068,-0.47919536,0.22073223,-0.6594031,0.47912726
rna|ASIC2,0.6570051,-0.43889207,-0.03726573,0.07403677,-0.49054486,0.48937553,0.45566958,-0.20555988,0.10471047,0.44318283,-0.23634602,-0.48146847,0.35917833,-0.38852063,0.47726882
rna|FAM241B,0.3341015,-0.1882873,0.547992,-0.5243408,-0.5879136,0.093165144,-0.2293108,0.7766145,0.92885983,-0.21630748,-0.13579822,0.07418546,0.4087149,-0.41729826,0.39997578
rna|HBB,-0.2044704,0.13641015,0.26480994,0.03659463,-0.47518015,0.0219377,-0.0888461,-0.17278115,0.40416658,-0.2071926,0.18692003,0.17132989,-0.43375203,-0.6145827,-0.042196337
rna|PCDHGB5,0.0034701442,0.019525962,-0.74633825,-0.41797954,0.0222331,-0.15600584,-0.20214424,0.18148133,-1.3743073,-0.0059932894,-0.29893374,0.30782834,-0.38517582,-0.15765211,-0.24381344
rna|KCNC2,0.61893684,-0.55709726,-0.15904546,0.22969534,-0.37763032,0.6103295,0.49017373,-0.2016124,0.08630395,0.202203,-0.34386525,-0.8016415,0.26335463,-0.50527567,0.57428515
rna|KLRB1,-0.105380684,-0.18717693,0.32545662,-0.42667463,-0.57000667,-0.14744629,-0.4008596,0.5808854,0.4443159,-0.72281164,-0.3147466,0.3706228,0.22819492,-0.3172973,0.40671766
rna|PAX8-AS1,0.3577582,0.014130399,0.06500416,-0.2572816,-0.33068925,-0.16902302,-0.1073516,0.04187181,0.13394956,0.35374013,-0.14518452,0.121486954,0.40196612,-0.13381122,0.08872604
rna|CGNL1,-0.011268767,0.08266511,0.39874214,-0.98792136,-0.5404783,-0.20546417,0.03810945,0.4858359,0.14389192,-0.06552319,-0.09234771,0.23932764,-0.06984189,-1.0003206,-0.034351453
rna|LILRA3,-0.028176744,-0.07088248,0.45591682,0.44185123,-0.12097619,-0.070821345,0.30529395,0.03441431,0.60521907,-0.06046716,0.41915724,-0.18589897,0.35797602,0.28720042,0.14989142
rna|GUCY1B2,0.20339477,-0.21685849,0.14753956,-0.19427948,-0.26801467,-0.020444307,0.29027638,0.42216367,0.35171026,0.43846062,0.11097762,-0.17745714,0.17732954,-0.39268878,0.056571137
rna|PI3,-0.9009401,0.118861586,0.31630442,-0.10656593,-1.0219285,0.28435192,0.54655606,-0.23279636,-0.039210718,0.57447594,-0.09380543,-0.024482427,0.36584726,0.292001,0.18860202
rna|TMEM139,0.56781864,-0.4094876,-0.17349812,0.24152169,-0.43744284,0.5488575,0.5372702,-0.10813087,0.018935774,0.17480788,-0.20042993,-0.41871876,0.31302133,-0.23202243,0.56926817
rna|HLA-DQB2,0.061556377,-0.046137635,0.24830699,-0.5071856,-0.079057366,0.34271967,-0.12316891,0.37119567,-0.29499882,-0.20976175,0.06266919,0.26771584,-0.007811879,-0.0960361,0.33880955
rna|GPR142,0.51805305,-0.70262855,-0.26308176,0.52231354,-0.35615215,0.45754787,0.25720054,-0.25623193,-0.15873708,0.07614783,-0.48820245,-0.46801025,0.44303924,-0.28589118,0.54924345
rna|OR4D6,0.6296559,-0.52436924,-0.20989625,0.41694194,-0.36169773,0.5491844,0.4462157,-0.31333536,-0.19752954,0.26791587,-0.32547036,-0.4393342,0.3509348,-0.41532543,0.55656093
rna|OR1L4,0.74947494,-0.32076904,-0.13005486,0.10992315,-0.40410304,0.40855113,0.42732835,-0.17053133,0.23318115,0.35856897,-0.3803677,-0.5287553,0.36241403,-0.57767975,0.4429085
rna|UPB1,0.42092398,-0.238768,0.08494269,-0.44172993,-0.87540686,0.04551023,0.25386968,0.32399207,0.518153,-0.03858789,-0.16344744,0.37461096,0.57760346,-0.40627337,0.11489529
rna|RSPH14,0.31853577,0.6076151,-0.12674078,-0.06683181,0.16023853,0.18433045,0.080087855,-0.03010443,0.5019045,0.47914773,-0.053238004,0.256466,0.36441565,-0.1263101,0.0038850754
rna|NEFL,0.48903608,-0.5033848,-0.06057171,0.41786557,-0.5229391,0.3556373,0.5200167,-0.15855187,-0.081078656,0.28088608,-0.46682766,-0.2884511,0.6058795,-0.3186681,0.57826144
rna|FXYD7,-0.14610241,-0.28710255,-0.38058496,0.48381236,-0.4216719,-0.031233003,-0.16729173,-0.017907303,-0.19211873,-0.16051878,-0.55825186,0.03224022,0.22781298,-0.05413854,0.33820987
rna|FIGN,0.3288605,-0.2818315,-0.025274646,0.5287325,-0.4268888,-0.1169157,0.2692038,0.0059715123,-0.12704644,0.00998861,-0.5786307,-0.3221092,0.32910877,-0.55636847,0.24090365
rna|ADRA1B,0.090465054,-0.17777126,-0.34277144,-0.027678257,-0.319096,-0.043125685,-0.34611747,0.15807326,0.3098843,-0.5939894,-0.36032674,-0.050197423,0.07346634,-0.5903717,0.21305758
rna|MRC1,-0.33491275,-0.107838705,0.6672086,0.22822918,-0.12916978,-0.18638869,-0.020727372,0.002338671,0.16445081,-0.6765302,0.42230842,0.0012984744,-0.15741424,0.15213838,0.12378077
rna|RBFOX3,0.49512637,-0.32865995,-0.06838194,0.017997261,-0.2619408,0.32677758,0.3399577,0.085250124,0.25174955,0.44060835,-0.27660808,-0.5052248,0.4881733,-0.48450214,0.37997687
rna|BHLHA15,0.16463076,-0.08969043,0.027979007,0.49690598,-0.12359175,-0.09707563,0.40399465,-0.27928594,0.3216745,0.13800165,-0.4008943,-0.1269558,0.50701594,0.083920375,0.22636701
rna|PDXDC2P-NPIPB14P,-0.2211787,0.22600946,0.25848672,-0.5836908,0.22820984,0.19203477,-0.1843741,0.09554572,0.3852435,-0.35137352,0.42317632,-0.13819228,-0.24468635,0.033718552,0.18051647
rna|DAZ2,0.3224679,-0.47529054,-0.017502861,0.22435355,-0.13423456,0.28039813,0.42415354,-0.27675205,0.12165419,0.049415108,-0.15891576,-0.8497242,0.07825066,-0.22781117,0.3370184
rna|INPP5J,0.31813,0.13392183,0.15072438,-0.33083788,0.20906167,0.08304077,0.25404206,0.08217673,-0.08896743,0.27311173,0.07022603,-0.28150007,-0.06334742,-0.14597522,0.26266757
rna|OR4F4,0.65852994,-0.3864164,-0.2390398,0.23222671,-0.20661587,0.542037,0.50694305,-0.18867852,0.071790606,0.42499298,-0.32103822,-0.86880857,0.2955334,-0.4624749,0.45557404
rna|CXCL17,-1.0479271,0.34965527,0.30603814,-0.15110639,-0.55485547,0.6156293,0.7657366,-0.446729,0.12390805,0.7099901,-0.22773561,0.016807808,0.25215912,0.30593416,0.12498824
rna|LIN28A,0.68542916,-0.26876032,-0.19135687,0.23023091,-0.14758457,0.5304811,0.44945514,-0.16522531,0.29252994,0.4957331,-0.3218479,-0.6242242,0.28565404,-0.6473486,0.5794174
rna|DAD1P1,0.20448832,0.16389367,0.009165217,-0.40219817,0.26861617,-0.41698855,-0.06712906,0.49316242,0.38263175,0.4821543,0.35613447,0.28584567,0.11077913,-0.22757675,-0.34455568
rna|COL9A2,0.29044384,0.21017656,-0.0032602404,-0.5538975,-0.14040095,-0.08172284,-0.1325694,0.38886413,0.4921675,0.55712223,0.14178796,-0.0018234911,0.43204394,0.022190876,0.21748145
rna|PAMR1,-0.06890312,0.31132668,0.59549415,-0.33269745,-0.5750526,-0.19478217,0.26644918,0.062008757,0.2958928,0.50074506,-0.17670698,0.24860543,0.4923464,-0.8832691,-0.16587959
rna|TFF3,-0.4707344,-0.034151793,0.26671013,-0.10421966,-0.33856952,0.27162156,-0.14342825,-0.1731818,0.04353069,-0.82246226,-0.49493977,-0.25626698,0.05666111,-0.034058817,0.5196928
rna|RPS6KA6,0.29977158,-0.41484228,0.0053980406,0.3055196,-0.08925482,0.26339266,0.07873395,0.055954162,-0.13057505,0.042361528,-0.32095003,0.049366914,0.39080626,-0.31434014,0.24199933
rna|APOC2,0.15736453,-0.09341717,0.33963388,-0.46538448,0.100182824,0.15009055,0.20198855,0.8939027,0.50976676,-0.011035762,0.5584786,0.2944625,-0.15359284,-0.7052973,0.05856213
rna|MGST1,-0.37115985,-0.15523143,0.13416375,0.44389823,-0.098687686,0.16288444,0.7262824,-0.38248965,-0.11211942,0.05562899,0.2569002,-0.23596913,0.037119333,0.048488256,-0.29993266
rna|NLGN4Y,-0.04842101,-0.036970224,0.08933708,-0.56134725,-0.16055337,-0.012536259,-0.04156672,0.12929381,0.33726493,-0.105681784,0.40259168,-0.15625888,-0.15634552,-0.13565677,0.062210564
rna|OR52N4,0.32252344,-0.19820005,-0.094740674,0.061407253,-0.7114668,0.068930425,0.0059426175,0.26626843,0.37313247,-0.26856565,-0.31792992,-0.10290475,0.5525842,0.037726276,0.34758717
rna|FUT8-AS1,-0.013259928,0.25327143,-0.1003756,0.054554675,-0.37310416,-0.0981045,-0.061172735,0.021882234,0.8213492,0.45415148,-0.22724664,0.59248596,0.386562,-0.16414903,0.1125872
rna|CLRN1-AS1,0.66057897,-0.41073662,-0.14568947,0.38172892,-0.29953045,0.6390134,0.53202933,-0.17187507,0.029545859,0.22170728,-0.27642936,-0.69269854,0.24655601,-0.4277518,0.5375128
rna|PCAT18,0.44359776,-0.310647,-0.080540925,0.2336624,-0.30380163,0.49563724,0.4640325,-0.09173147,0.1604355,0.33895963,-0.31342787,-0.482019,0.5824792,-0.58544445,0.4583676
rna|USP2,0.20585978,0.1016273,0.5040376,-0.07320037,0.1549625,0.11300346,0.25595576,0.008853598,-0.54053503,0.22744398,0.27989325,-0.16089322,-0.1034792,0.24905288,-0.39624572
rna|B3GNT7,0.206194,0.0026372625,-0.20531936,0.38017383,-0.021212935,-0.33535048,0.31396982,-0.06228185,-0.21082549,0.40469956,-0.49816614,-0.14296223,0.6756395,0.37814015,0.014314583
rna|ULBP2,0.47263026,-0.43952972,-0.025668232,0.22849624,-0.35387993,0.41051298,0.5497482,-0.13162482,-0.010650823,0.43261597,-0.40207115,-0.32453108,0.56328416,-0.34938583,0.28023833
rna|PRPH,0.058134105,-0.011744166,0.41117468,-0.04565291,-0.44560125,-0.018358085,0.032067444,0.3692834,0.41127113,-0.05423332,-0.42019466,0.25424942,0.31552905,-0.46865225,0.3779925
rna|H2AC1,0.71782416,-0.41067362,-0.092821956,0.31844714,-0.2569343,0.5172676,0.4637842,-0.036119666,-0.0041940957,0.33537313,-0.22491615,-0.38831034,0.4938469,-0.5292315,0.48709092
rna|GSTM5,0.4813284,-0.13933495,0.28268036,-0.050065078,-0.6948381,0.07546406,0.13693963,0.058015503,0.2540284,0.23246534,-0.5218019,-0.24937168,0.45092413,-0.7117318,0.3648963
rna|SGCA,0.35035166,-0.14132583,-0.14763616,-0.4409827,-0.49072668,0.20825127,0.20633355,0.18959302,0.10239341,0.1871744,-0.37444967,-0.27516064,0.4821255,-0.34096593,0.21198155
rna|CDH15,-0.33895856,-0.014965683,0.4953161,0.043153312,-0.12633027,-0.36980787,0.38707784,0.13797514,0.51058596,0.285227,0.03643394,0.10499033,0.20749034,-0.6445879,-0.12552121
rna|GNG7,0.4398946,-0.142824,-0.009643056,0.19657043,-0.76049757,0.27076903,-0.2534126,-0.0033202004,-0.027182985,-0.44585654,-0.7048062,-0.29929683,0.009927078,-0.33001843,0.6210721
rna|MDGA1,-0.08459447,-0.58889294,0.019151613,0.38424382,-0.21945971,-0.104056366,0.074771,-0.0040198388,-0.09458046,-0.3692776,-0.37122238,-0.15413497,0.10623693,-0.19587135,0.35724255
rna|P2RX2,0.029466325,-0.5399275,-0.34767166,0.06846933,-0.51629555,0.32357627,-0.5113225,0.10370424,-0.01702068,-0.6921904,-0.4661769,0.13567835,0.13212155,-0.2459755,0.49112946
rna|TNFSF11,0.08977954,-0.38627782,-0.14380983,0.63166475,-0.18412292,-0.0166652,-0.60464865,0.054676857,0.141099,-0.60836565,-0.5470448,0.38937578,0.16902567,0.2192459,0.19102074
rna|DSCR10,0.59691626,-0.50517744,-0.31302878,0.6986014,-0.24890734,0.487253,0.37968284,-0.38504714,-0.11261677,0.34172326,-0.39470908,-0.39352712,0.4550899,-0.3363915,0.4864475
rna|RASL11A,0.04582815,-0.23228419,-0.071924314,-0.3652225,0.029893607,-0.33218977,0.022040628,0.26520205,-1.0260504,0.119567364,-0.44355214,-0.24662738,0.06975873,-0.34545195,-0.13109146
rna|RSPH1,0.2045706,0.38635707,-0.044462167,-0.047465213,0.009457908,-0.06875014,0.20224579,-0.27452332,-0.37700135,0.2988474,-0.30836487,-0.23232217,0.20059946,0.1653106,-0.10842522
rna|CAPN9,0.60511017,-0.45350504,-0.15303834,0.35264474,-0.5742585,0.38686138,0.4656538,-0.031488106,-0.07554193,0.39066434,-0.3933639,-0.42622122,0.65406567,-0.45639402,0.49031365
rna|TRIM36,0.48840204,0.21547604,0.053052846,-0.09018574,-0.0098564755,0.05736079,0.050283015,-0.13072911,0.42084354,0.30072522,0.17195581,0.3387027,0.26058218,-0.008808691,-0.09205373
rna|CTLA4,-0.08374198,-0.3239994,0.47211808,-0.61220807,-0.65391225,-0.004190389,-0.45642838,0.72597677,0.5370539,-0.6617201,0.007555432,0.6989652,-0.057370044,-0.32266873,0.5202574
rna|ERC2-IT1,0.5696369,0.13399297,0.22536342,-0.13484687,-0.37975544,-0.07355943,0.08316954,-0.18658502,0.015709452,0.33220717,-0.034911063,-0.39026886,0.1749566,-0.24061853,0.16843571
rna|CPT1C,0.43832126,0.2001576,0.54255176,-0.899544,-0.28943437,-0.41009396,0.14199066,0.3497924,0.796836,0.33580652,0.08494245,-0.15766525,0.31345603,-0.86022377,0.10163026
rna|PI16,-0.03435056,0.19727172,0.5611901,-0.6107433,-0.2517538,-0.014720787,-0.06435215,-0.30215645,0.21894005,-0.040352277,-0.427435,-0.22866167,0.21194315,-0.3012091,0.13315557
rna|PAX9,-0.31970787,0.22116378,0.09492009,0.17756934,-0.20228235,0.3323124,0.3026767,-0.39613503,0.22376192,0.4851887,-0.1100494,-0.1522903,0.29245383,0.5072827,0.15990528
rna|CD24,-0.13660559,0.18158497,-0.46791956,-0.19610134,-0.36155266,0.17167395,-0.37774736,-0.20230725,0.17521556,-0.042311985,-0.7282525,0.6320314,0.23794141,0.08378384,-0.099913314
rna|OR4F29,0.75834817,-0.27725178,-0.16580509,0.024278514,-0.32585648,0.42701277,0.42733824,-0.036548715,0.22241323,0.4229757,-0.357679,-0.6055094,0.46588957,-0.60875624,0.42273998
rna|FAM90A1,0.6107394,-0.3528067,-0.061858267,0.32960534,-0.09052383,0.31380484,0.5658194,-0.04524342,0.21168604,0.2786833,-0.26648295,-0.4825767,0.34102544,-0.6270992,0.36164188
rna|ADRA2A,-0.411738,-0.30160132,0.18166105,0.114468835,-0.40019348,-0.57683,-0.008369667,0.11658908,-0.41641375,-0.26750264,-0.7753849,0.3163269,0.27908564,-0.086640865,-0.0018737024
rna|KRT73,-0.00983431,-0.42457744,0.057574395,-0.15735495,-0.50238174,0.2348108,-0.40759143,0.076841265,0.28187367,-0.3526501,-0.5653863,0.32601377,0.4979657,-0.334784,0.5831674
rna|FAIM2,0.08906122,-0.5621157,0.30332568,-0.11693204,-0.67295885,-0.09399733,0.07916635,0.56716835,0.5122457,-0.13040228,-0.22157633,0.058426812,0.42769694,-0.106967054,0.4540678
rna|LINC01854,0.654606,-0.56744236,-0.34121427,0.49935958,-0.35841656,0.40829644,0.4047956,-0.19763507,-0.21737829,0.2605273,-0.35745558,-0.4214912,0.32018176,-0.42251983,0.48857427
rna|FGD6,0.21310692,0.14616108,0.15920185,-0.18376026,0.010962655,-0.20988896,-0.2656463,0.27765366,-0.44235444,0.11668876,0.23307614,0.6126594,-0.29555392,0.19929574,-0.4312919
rna|SLC7A11,-0.35438186,-0.17786048,-0.012125578,-0.0771255,-0.11423711,-0.38994998,0.2879875,0.35696965,-0.012772634,0.8035223,0.26071596,0.27523336,0.20151877,-0.19046257,-0.39677298
rna|NLRP6,0.2363203,-0.55067176,0.276565,0.13628952,-0.19297951,-0.18099485,0.091687605,0.17939055,0.5971779,-0.16204514,-0.46686807,-0.2574917,0.7963815,0.24381919,0.15583418
rna|H19,-0.1882202,0.19010818,0.4587521,-0.012394071,-0.062083494,-0.50404,0.4756118,-0.26976675,-0.26383337,0.15593551,-0.38832632,-0.124465354,0.006083813,-0.17150737,-0.37622485
rna|LINC02203,0.6616237,-0.37885606,-0.14904724,0.15945716,-0.40347943,0.50622624,0.5173461,-0.118797906,0.09343978,0.46420944,-0.20476413,-0.7933827,0.30917975,-0.32050937,0.33019668
rna|SPIB,0.26682582,0.35227755,-0.45710614,-0.030079873,0.21764995,0.2341327,-0.14207804,-0.009583688,-0.001284089,0.45475543,-0.14031558,0.4015188,-0.09515516,-0.059434123,0.20772041
rna|OR4F21,0.61340225,-0.5230534,-0.3150519,0.30311364,-0.37157318,0.48942533,0.43134293,-0.120559126,-0.07242922,0.24061742,-0.30393854,-0.6943967,0.2539002,-0.47138435,0.5153798
rna|XAGE1B,0.55764043,-0.38064533,0.01357267,0.6193499,-0.114070795,0.6083162,0.52473843,-0.09978439,0.011776842,0.32369804,-0.4752825,-0.36761728,0.44414282,-0.6278361,0.55205274
rna|STXBP6,-0.2457526,-0.08553301,0.013261381,-0.24014375,-0.00073440454,0.1527959,0.27350852,-0.27366126,-0.52881646,0.058626425,-0.007969136,-0.36384588,-0.44352892,-0.33089373,0.10174729
rna|CYP27B1,-0.15128195,-0.40132207,0.20186496,-0.11731767,0.088906474,-0.17273505,0.09276403,0.6804712,0.45385402,0.46961153,0.5240608,0.21245697,-0.12494831,-0.19231369,-0.10829674
rna|LHX3,0.41167098,0.12675007,-0.19379039,-0.08769177,-0.17195573,0.4178856,0.066154785,-0.07584631,-0.41796723,0.030428214,-0.07994996,-0.19000049,-0.1914143,-0.067075856,0.17656435
rna|OTOF,-0.1999716,-0.5092476,0.6185529,0.045004856,0.07873446,-0.17892401,-0.1104895,0.47730264,0.4993877,-0.18849228,0.050992224,-0.102560095,0.39139515,-0.11182524,0.43758532
rna|JCHAIN,-0.07835966,0.45028642,0.19079535,-0.023407659,-0.4874915,0.3442989,-0.30733865,-0.2018699,0.17026967,-0.44490597,-0.34080705,0.086689785,-0.42098063,-0.08168564,0.20660293
rna|COL11A1,-0.20298198,0.063668504,0.2933121,-0.51587486,0.23947725,-0.7814496,0.48890677,0.3159953,-0.65267515,0.46474168,0.50214005,-0.3196408,-0.540244,-0.650492,-0.3359638
rna|SFTPB,0.35663006,0.0914077,-0.09788882,0.38375995,-0.09303482,0.5113405,0.4098787,-0.36625764,0.42276874,0.30073255,-0.21431452,-0.37179795,0.27468652,0.022245996,0.40507737
rna|SIX3,0.3815643,-0.4438168,-0.15569165,0.14463255,-0.4537533,0.54411733,0.3942552,-0.18357167,-0.15146214,0.004647235,-0.06293601,-0.7150394,-0.032129325,-0.31251293,0.59884346
rna|PPP6R2,0.039834365,-0.03144506,0.37482935,0.39195025,0.19000249,-0.29366985,0.22324698,-0.06665655,-0.17037883,0.39546213,-0.50372195,0.23211783,0.4036006,0.5013741,-0.47231886
rna|SLC24A2,0.75864595,-0.4860416,-0.21799445,0.38045996,-0.3559895,0.34183568,0.37015507,-0.2463257,-0.0190229,0.29179037,-0.37227,-0.61960775,0.37530613,-0.3402956,0.57891893
rna|PCDHGA2,0.65726477,-0.11167653,-0.35917336,-0.2461231,-0.37752888,-0.13296616,0.06624279,0.20795886,-0.307067,0.55139667,-0.56092125,-0.3266404,0.5233036,-0.41383952,0.062075336
rna|MGC70870,0.0057002828,-0.274725,0.013936328,-0.030894086,0.12327546,0.17909822,0.12428615,0.014670341,-0.2397656,0.36724982,-0.06384684,-0.34550905,0.14480142,-0.24664508,0.110819854
rna|VWA7,0.5420069,-0.26454657,0.0319013,0.50911915,-0.08449979,0.16828527,0.50380296,-0.20600152,0.09570114,0.36425325,-0.4486086,-0.34649342,0.48309568,-0.027398892,0.17242767
rna|SLC25A27,0.01979875,0.07431258,0.069579415,-0.21419202,-0.056148835,0.11196072,0.15158075,-0.15744358,-0.7155979,-0.02432206,-0.2839416,-0.1058265,-0.31017074,-0.08085978,-0.3584072
rna|OR5B21,0.15651405,-0.45161086,-0.310175,0.8468884,-0.2025567,-0.15020405,-0.1204543,-0.009236947,-0.2640665,0.08911645,-0.55018926,0.35056666,0.07750934,0.08917085,0.010493683
rna|ITLN2,0.42565912,-0.5740987,-0.31203973,0.31900334,-0.4306967,0.3924813,0.49466944,-0.109823875,-0.10607006,0.14613007,-0.21414994,-0.58775264,0.09282065,-0.6060758,0.52521247
rna|ZSCAN10,0.3373922,-0.25801054,0.2706703,0.22225289,-0.30157235,0.15013908,0.12189063,0.016381867,0.46090215,0.13399561,-0.37663868,-0.37600252,0.39214307,-0.19707894,0.27224588
rna|COLEC10,0.5597707,-0.5575986,-0.36001325,0.27654064,-0.4341774,0.40371272,0.5621869,-0.13799469,-0.041756183,-0.04852159,-0.3259123,-0.69801515,0.31834245,-0.4169776,0.21118772
rna|CT47A6,0.6142009,-0.46006933,-0.20529138,0.5720204,-0.361281,0.5213633,0.49375623,-0.19112977,-0.17829332,0.3007864,-0.28882957,-0.3668457,0.27732888,-0.5971399,0.6637715
rna|STAG3,0.29481244,0.07252428,-0.26968068,-0.7080708,0.041040447,-0.18474664,0.12649514,0.07672632,-0.9210289,0.08919035,-0.1911374,-0.121588945,-0.11984597,-0.005696179,-0.10489263
rna|DPCD,0.5668916,0.6332794,0.27500764,-0.55009174,-0.18445799,-0.063554965,0.07074129,0.19742125,0.84859574,0.659956,0.07702295,0.3682147,0.20558234,-0.25737265,-0.2596074
rna|MAP1LC3C,0.27631807,-0.5658473,0.017202988,0.29459307,-0.6097375,-0.051551823,-0.0583835,0.048344195,-0.16397403,-0.29996842,-0.7395261,0.07318674,0.44357002,-0.13229446,0.44614398
rna|GNAO1,-0.037591122,0.023020552,-0.16790728,0.0052723507,-0.20007883,-0.30413058,-0.13714576,-0.14237162,-0.30873364,-0.031387404,-0.3485247,0.20216542,0.4532648,0.21678527,-0.15186073
rna|TLR9,0.28865877,0.41416356,-0.30382067,0.030533576,0.10371355,0.40523276,-0.30978686,-0.06839714,0.21808156,0.35756803,-0.065687925,0.5783361,-0.02343028,0.103335,0.0155886505
rna|FLJ46347,0.54196644,-0.47535005,-0.26099202,0.3525124,-0.23341244,0.41628593,0.46549538,-0.18958125,-0.1604711,0.4476303,-0.04997507,-0.38056606,0.012547018,-0.54336774,0.40310514
rna|PIANP,0.5825568,-0.40963414,-0.32348576,0.31433707,-0.47570142,0.14892334,0.06428388,-0.24583016,-0.30368164,-0.017602038,-0.68254936,-0.2317753,0.47339797,-0.28460976,0.4101731
rna|MST1R,0.21060203,-0.42913875,0.3568374,0.0038765392,-0.18763468,0.009735117,-0.04789952,0.24305911,-0.22616424,0.47782823,-0.31796673,0.074998304,0.4505243,-0.023609675,0.11965139
rna|FRMPD2,0.51485056,-0.324989,-0.06749286,0.26824787,-0.25235268,0.38300782,0.33772108,-0.2795368,-0.02082101,0.26699555,-0.35721138,-0.5628115,0.40262628,-0.45107752,0.523449
rna|LIF,-0.14832601,-0.5973617,-0.09555309,0.7028186,-0.41577908,-0.4205953,0.3251645,-0.07947202,-0.34071466,0.018838992,-0.57520026,-0.25822872,0.45155707,-0.07202833,0.02006533
rna|UGT3A2,0.5072278,-0.22625682,0.056549806,0.21963559,-0.25008434,0.3308529,0.3848105,0.09539606,0.3694623,0.24090727,-0.25926387,-0.075435445,0.39542568,-0.6151022,0.28021073
rna|ZNF300,0.19386606,-0.111775815,0.15317677,-0.36816356,-0.152085,-0.22752108,0.074345656,0.37677684,0.054357044,0.086450435,-0.2680743,0.079507254,0.16621326,-0.4634445,-0.1319157
rna|MYT1,0.6199018,-0.15579525,-0.10734516,0.1577022,-0.1539558,0.3558184,0.3221866,-0.08034408,-0.08205435,0.5050471,-0.09721282,-0.20914954,0.29194233,-0.23175465,0.040931564
rna|CLCF1,0.36929554,0.035831545,-0.28377193,-0.5562577,-0.2440888,-0.5168747,0.0067363647,0.20987771,-0.016819973,0.40102056,-0.22312872,0.15638112,0.37614578,-0.20138419,-0.2968909
rna|CD6,0.16466507,-0.53921264,0.8030996,-0.41310242,-0.47567394,-0.09682033,-0.15494445,0.7997911,0.71213365,-0.7566791,-0.18474424,0.060355272,0.3239423,-0.02403571,0.6426728
rna|CMTM8,0.14362037,0.40381032,0.3265417,-0.3218672,-0.12824583,-0.16359001,-0.17363666,0.33287078,0.84098727,-0.14571425,-0.19551721,0.8077153,0.29960665,-0.21137679,-0.13108763
rna|ERRFI1,-0.16525328,0.037071887,0.36666697,-0.122414805,-0.27909043,-0.5611313,0.21221946,0.435225,0.19503562,0.2653574,0.30078173,0.43468544,0.1902826,-0.49910656,-0.47489616
rna|ELL3,0.4083166,0.46493968,-0.42273924,-0.5990043,-0.023132725,0.0822615,-0.35087082,0.19182838,-0.43065366,0.5317808,-0.10579148,0.6333465,-0.1297021,0.15172718,-0.49555483
rna|RIN2,-0.1676901,0.17398755,0.6387378,-0.8520611,-0.2524972,-0.25625262,-0.06656716,0.8202744,0.3411062,0.0001321542,0.731998,0.4261043,-0.3554993,-0.62805504,-0.0913693
rna|GAL3ST3,0.49995244,-0.46843517,-0.24759057,0.412836,-0.27842903,0.4383433,0.21985193,-0.042934477,0.07121032,0.3014649,-0.45285037,-0.478928,0.28696162,-0.4351255,0.5207964
rna|TMPRSS11BNL,0.1962859,-0.050059598,-0.009576451,0.24151576,-0.7855629,0.6040006,0.50301987,-0.26559862,0.008681806,0.47821492,-0.3758039,-0.3782531,0.45602307,-0.17985089,0.53892535
rna|TNFRSF18,0.05365823,-0.8202104,0.32411897,0.305835,-0.33403835,-0.30028087,0.026174035,0.22868976,-0.19044966,-0.12071257,-0.5615991,-0.057294,0.5878748,0.550215,0.27538836
rna|VIPR1,0.12216835,-0.21195188,0.3316352,-0.21955808,-0.6967796,0.055304177,-0.14543734,0.17813677,0.63711286,-0.54067725,-0.6712896,0.41128317,0.4795468,-0.35575917,0.42579806
rna|RASL10B,0.001188209,-0.07002993,-0.076278955,0.5002272,-0.030196453,0.37030777,0.40934426,-0.43048483,0.17052525,0.18443593,-0.01504261,-0.17408963,0.010582261,-0.35416618,0.32125703
rna|YBX2,-0.24448916,-0.20468812,0.2392425,-0.13611065,-0.5827541,0.55015254,0.20808488,-0.13454717,0.30766976,-0.25852436,-0.022172859,-0.12956144,-0.12803687,0.10758719,0.21398957
rna|GOLGA6L5P,0.44044778,-0.21423656,-0.32791656,0.61097294,-0.028927052,0.18583344,0.47833595,-0.18995503,0.08248091,0.67843616,-0.69128966,-0.26664826,0.5018703,-0.28899205,0.10509527
rna|COL5A1,-0.5685487,0.11854932,0.29737908,-0.5284302,0.16639914,-0.555991,0.5403645,0.10713577,-0.78712857,0.19201702,0.77785987,-0.049097866,-0.73753256,-0.6307141,-0.30421674
rna|BORCS8-MEF2B,0.30389133,0.30668995,-0.3170193,0.12668113,0.43245807,0.20384333,-0.21386057,-0.26698253,-0.8579009,0.20295532,0.03795775,0.37895742,-0.22403315,0.50622433,-0.19845438
rna|SLC19A3,-0.3370205,-0.35241106,0.30122778,0.0744015,-0.39695558,-0.2287846,0.18484676,0.057938162,0.18645617,-0.2882873,-0.35797656,0.04121041,0.103860736,-0.7716268,-0.07596649
rna|RGS7,0.46639207,-0.2250314,-0.34670722,-0.06030196,-0.19547196,0.10403117,0.19672115,0.051879622,-0.62069184,-0.16101447,-0.2464157,-0.44185245,0.19898283,-0.152814,0.35334924
rna|CLEC20A,0.59616005,-0.59763086,-0.36020896,0.4469178,-0.31890225,0.5273961,0.46536496,-0.31653675,-0.2889119,0.13222031,-0.19641778,-0.6246593,0.13861297,-0.28932446,0.6288009
rna|PLA2G4F,-0.57236636,0.010402054,0.45143762,-0.008997624,-0.652386,0.6888729,0.407588,-0.67282075,-0.081617355,0.5718084,-0.23085938,0.09396341,0.56271505,0.14910327,0.08903812
rna|APOB,0.22704735,-0.1871595,0.12526128,0.17996697,-0.3924982,0.48176742,0.6418998,0.040732604,0.30374765,-0.1619225,-0.1571553,-0.33583465,0.36449394,-0.71892387,0.12716222
rna|SPOCK1,0.085042045,-0.17473578,0.5123238,-0.08680324,-0.1100752,-0.6447339,0.58567405,-0.18824425,-0.5553129,0.50723183,-0.065968074,-0.26576206,-0.043645922,-0.52654135,-0.36063427
rna|ABLIM2,0.12609589,-0.66703045,0.27834013,0.45201057,-0.57413995,0.20783776,0.59157413,-0.14509541,-0.15881673,0.2527775,-0.4795791,-0.05983853,0.44278514,-0.169294,0.320716
rna|SMIM19,0.4469537,0.5907941,0.17196609,-1.1269308,-0.15346742,0.14632219,-0.3229231,0.6466912,0.82941556,0.057254385,0.41390932,0.5208537,-0.14352271,-0.42868936,-0.06734628
rna|PJA2,-0.26846153,0.1250873,-0.1148222,-0.3895359,-0.22720006,0.52389145,-0.21339785,0.18438424,0.19235525,-0.66445106,0.8661039,0.2119419,-0.9166068,-0.5981241,0.49893904
rna|AOC1,-0.22505783,0.18134698,0.26225367,-0.4267403,-0.44139028,-0.23442627,0.11402785,0.04255479,-0.02694492,0.14029086,-0.4806968,0.22316025,0.12900779,-0.39405522,0.18154
rna|GPC6,-0.2220043,-0.20550816,0.3830772,-0.036894467,-0.053808104,-0.6764677,0.74684626,0.121827506,-0.54428995,0.58918434,0.09545733,-0.16125979,0.060315646,-0.6356263,-0.42357698
rna|GBA3,0.1829162,0.043825887,0.16636132,-0.2837281,-0.11971082,0.15472023,0.35627192,0.12107546,-0.18406785,0.030258691,0.10836904,-0.21189484,-0.0107712755,-0.35703436,-0.12046783
rna|KRTAP1-3,0.5704307,-0.42914066,-0.0741974,0.38925543,-0.2812069,0.63017017,0.4488262,-0.11012599,0.12021024,0.36791953,-0.3365153,-0.5352161,0.31313998,-0.6554353,0.5662989
rna|SH2B2,0.20554106,0.023585819,-0.5030354,0.27698916,0.052493382,-0.015121401,0.025929043,-0.2637674,-0.78651106,0.21626768,0.0038709017,0.2950633,-0.14162461,0.30691212,-0.08537573
rna|GJB7,0.1390748,0.022529356,0.08386158,0.012047689,0.24301529,0.2745258,0.3183568,-0.1094545,-0.09179591,0.2838582,-0.14061332,-0.2858377,0.032750003,0.0066531743,0.029168563
rna|OR1C1,0.59098417,-0.47798222,-0.32478538,0.43407848,-0.37767988,0.47922352,0.438875,-0.23371363,-0.18707417,0.38556212,-0.29905078,-0.56540996,0.38845026,-0.3080349,0.5945616
rna|VENTXP7,0.6816857,-0.44705725,-0.075333826,0.44781536,-0.24784875,0.44495302,0.4163586,-0.094227105,0.09615341,0.2585891,-0.4233735,-0.4089481,0.38933074,-0.5564835,0.56750643
rna|FER1L4,0.13009156,0.2115118,0.28551698,0.12190809,-0.39585164,-0.0006208162,0.16216512,-0.2980629,0.61892,0.1497747,-0.42374521,-0.14477846,0.47561783,0.14067234,0.25500295
rna|KIRREL3,0.24822149,-0.44163132,-0.50489855,0.31363022,-0.4153602,0.048138794,0.18810219,0.016648602,-0.44759092,0.03129317,-0.75135607,-0.34532124,0.4130408,-0.12614894,0.24511136
rna|TEDC2,0.5288161,0.63810956,0.1918156,-0.3819978,0.30282015,0.14737104,-0.12937117,0.20292658,0.8704427,0.67537796,0.11112207,0.46878713,0.26344123,-0.39819565,0.09611337
rna|MUCL3,0.39781702,-0.13246739,0.124481685,-0.12534775,-0.08631063,0.13580485,0.12199897,0.12691092,-0.38535094,0.2604082,0.21568555,-0.06450401,0.012880334,-0.16048332,-0.104404375
rna|CNFN,-1.0245484,0.57352746,0.45216772,-0.18663462,-0.4840015,0.37751326,0.34083462,-0.287251,0.139912,0.6129346,-0.22870953,0.65824294,0.4712582,0.54124117,-0.10303782
rna|MIR937,0.26713577,-0.22386341,-0.29485393,0.71216494,0.052990533,-0.010262677,0.29202083,-0.56872743,-0.49793926,0.4881779,-0.66140395,-0.12141381,0.37853464,0.17346677,-0.27973473
rna|CXCL13,-0.3566815,-0.25772423,0.12939703,-0.2808398,-0.057383485,-0.2763915,-0.3642576,0.755171,0.23483752,-0.43152195,0.11710328,0.4185107,-0.032722767,0.01317744,0.19557905
rna|TEX14,0.4466983,-0.3281759,0.15622325,0.011224928,-0.105266415,0.14451739,0.21959828,0.24174063,0.48281345,0.52415264,0.0015863067,-0.49934843,0.3628834,-0.12654603,0.3020098
rna|PRAMEF15,0.50812477,-0.49392688,-0.18831661,0.19309613,-0.31699464,0.6208049,0.5157841,-0.24973537,0.07976644,0.17267168,-0.15644152,-0.92769754,0.0716539,-0.6110251,0.71575797
rna|PACSIN1,0.20539632,-0.20387179,0.4167047,-0.32771915,-0.31928262,0.29931673,-0.43863478,0.74975616,0.28928265,-0.76211894,0.12630618,0.41419286,-0.2394441,-0.19837506,0.5389685
rna|CYP4F11,0.075822644,-0.41331223,-0.16787383,0.26105306,-0.6530456,0.6188252,0.119884506,-0.003988473,0.31896567,-0.33160618,-0.41972998,-0.08795612,0.4172538,-0.12658639,0.25340167
rna|EGFL6,-0.6743117,-0.23760903,0.4433676,-0.16394277,0.20707951,-0.4919289,0.40129238,0.38637838,-0.20338184,0.18659914,0.80233675,0.14253166,-0.3966738,-0.49288696,-0.00433796
rna|UBE2Q2,-0.083207615,0.4641955,0.0729335,-0.76331604,-0.22297955,0.32910985,-0.27008238,0.36275756,0.66193795,-0.32967913,0.7731742,0.7319632,-0.7182288,-0.7128124,0.42882335
rna|TP63,-0.5266525,0.3696753,-0.19410445,-0.5077229,0.09483209,0.118500754,-0.1076348,0.149308,-0.23092797,0.50932485,0.19206241,0.37579545,0.08907263,0.050864227,-0.07783766
rna|TENM4,0.16068074,0.19180308,0.29686683,-0.88657117,-0.3372876,-0.4498165,-0.17651992,0.4974446,0.13905047,0.47328484,-0.025229713,0.41371807,0.04536894,-0.8213196,-0.11837268
rna|LINC00926,-0.28674275,0.28294986,-0.39112958,-0.36085096,0.20107877,0.114716195,-0.4578984,0.09971081,0.017882625,0.07041081,-0.027019497,0.12232272,0.07853665,-0.024449868,0.09872858
rna|CEMIP,-0.58939296,-0.02784872,0.2644342,-0.21445632,-0.07233237,-0.46217805,-0.0975494,0.26532146,0.0025280952,-0.3825553,0.2746836,0.22100127,-0.5211469,-0.4511901,-0.01438076
rna|BCRP2,0.50451833,-0.26575866,-0.09474872,0.35086107,-0.38686526,0.43584654,0.58359265,-0.012988733,0.045397058,0.34260386,-0.23564516,-0.3826846,0.41712138,-0.69179386,0.44609022
rna|GLIS2,0.011767998,-0.5562167,-0.004710807,0.50337756,-0.32967514,-0.6210846,0.27231064,0.0122758895,-0.7986249,0.24620642,-0.6910651,-0.016403023,0.2245215,-0.19407508,-0.20136018
rna|OR14K1,0.58062553,-0.52259606,-0.23350707,0.37171435,-0.0902701,0.28912294,0.4058591,-0.24467425,-0.14713167,0.35488185,-0.40893233,-0.6448224,0.3128448,-0.26791912,0.47058573
rna|MMP28,-0.19135517,-0.21750763,0.49519572,0.095718026,-0.15285751,-0.27751872,0.41801667,-0.30331936,-0.4692771,0.41437078,-0.6140393,-0.04086774,0.4696912,-0.37451515,0.0655919
rna|HS6ST3,0.6613175,-0.44701245,-0.16111185,0.28511855,-0.43230078,0.45521405,0.38186973,-0.28571784,-0.013169853,0.22606501,-0.25528872,-0.36843702,0.42075944,-0.5741058,0.5564552
rna|ATP6V0D2,0.052557927,0.0045653055,0.37894785,-0.11715071,0.122778304,0.24218659,-0.26523703,0.43527424,0.67696446,0.15670124,0.57707787,0.31656757,-0.19861968,-0.35814777,-0.19524384
rna|CDH10,0.61657846,-0.4270177,-0.17829618,0.31143528,-0.46636143,0.49492306,0.48008573,-0.2493369,0.1251751,0.41021967,-0.1444149,-0.6449929,0.30790922,-0.34510425,0.45942903
rna|MIR1208,0.48333377,-0.046122126,-0.0992734,0.2335325,0.25122508,0.35105366,0.29000327,-0.03435569,0.044826366,0.6614614,-0.39417288,-0.19587284,0.38968155,-0.35050768,0.05466107
rna|PFKFB4,-0.019062012,0.07944434,0.48005545,-0.3700816,-0.15343808,0.003189493,0.1292989,0.47750065,0.66868365,0.40538162,0.92339313,0.3316396,0.03586245,-0.42800108,-0.0093625365
rna|TRIM51,0.40170586,-0.45018148,-0.096647136,0.26768926,-0.20405535,0.60154307,0.45875803,-0.25455183,-0.058059603,0.28590032,-0.077067815,-0.8080017,0.1611039,-0.48552892,0.6139786
rna|GZMM,-0.029514465,-0.73444176,0.28985196,0.40283987,-0.5562297,-0.19932291,-0.19749407,0.44773924,0.22152792,-0.5651635,-0.53150296,0.027685104,0.49829066,0.43440977,0.21607879
rna|KRTAP10-3,0.61462766,-0.5350171,-0.16806786,0.45177197,-0.32560447,0.47469717,0.46131662,-0.11394951,-0.13291216,0.3752893,-0.421781,-0.3126102,0.4711911,-0.61385775,0.4559025
rna|F13A1,-0.11364307,0.18854213,0.37577382,-0.32824212,-0.17178339,-0.43703106,0.13705021,0.098680675,-0.0612758,-0.11335243,-0.10246248,0.095670015,-0.050396807,-0.20934688,-0.045627266
rna|TMEM163,-0.12159627,-0.19253972,-0.48448575,-0.0023809252,0.057611022,-0.33554763,-0.24142654,0.34847626,-0.38105404,0.4727313,-0.50731534,0.6879963,0.13618603,-0.17129955,-0.3280228
rna|SLC29A4,0.10973493,-0.2748721,0.3396331,-0.05754517,-0.37040612,0.21904297,0.29747874,0.15279047,0.20992659,0.38844696,-0.15702021,-0.28763753,0.4768214,-0.5350285,0.02529906
rna|LOXL2,0.25801644,-0.053882062,-0.18655139,-0.055754878,-0.20394596,-0.16088393,0.2625245,-0.19310717,-0.42375296,0.764009,-0.347011,-0.024574213,0.3301561,-0.078041576,-0.22839275
rna|KCNS1,0.4173219,-0.4659235,0.042756166,0.091596,-0.3921703,0.32180527,0.36280864,0.07647735,0.16116022,0.42104572,-0.23669884,-0.32488793,0.38197732,-0.4397938,0.37319997
rna|MAP2,0.22551139,-0.15502453,0.2659525,-0.34692937,-0.18558241,0.006022286,0.2377154,0.015348749,-0.12575491,0.26705277,-0.20071568,0.036086474,0.15031818,-0.35590804,0.10974524
rna|PCDHGB1,0.3754776,0.058390427,-0.48478308,-0.5325835,0.11806733,-0.16954055,-0.119621545,0.32701874,-0.7354651,0.19050534,-0.42725584,-0.17174399,0.05877398,-0.23069432,-0.2230933
rna|TTC36,0.5435515,-0.62492,-0.22909066,0.5022398,-0.18811695,0.29913002,0.36988828,-0.19605848,0.027259687,0.17237261,-0.30973113,-0.27209222,0.2871323,-0.39391246,0.2074787
rna|TMEM132E,0.53592235,-0.44650033,-0.32203683,0.38851076,-0.40529463,0.17322163,0.42043886,-0.23322341,-0.09115287,0.21675621,-0.46580726,-0.5408941,0.5737569,-0.28255963,0.44440305
rna|PRLHR,0.6170391,-0.39034206,-0.15199497,0.21072125,-0.21025626,0.31272063,0.3604669,-0.2769472,-0.005207151,0.37591657,-0.29282865,-0.52640355,0.5406215,-0.56007993,0.41483372
rna|OR10V1,0.728198,-0.42907646,-0.14366737,0.25239524,-0.48219886,0.4882643,0.38790542,-0.07906943,0.123708256,0.32593098,-0.27748826,-0.6169875,0.39488897,-0.40692517,0.440157
rna|NEK2,-0.3486626,0.3534957,-0.30747086,-0.004815724,0.6449308,0.67694145,-0.2175741,-0.29527506,-0.1944339,-0.055018228,0.9834711,0.20823574,-0.9203787,-0.2623136,0.28291363
rna|FRMPD2B,0.5645284,-0.48216334,-0.044668872,0.42004645,-0.31445548,0.5861821,0.4806814,-0.1279573,-0.0454822,0.30677179,-0.24523251,-0.5749037,0.24248224,-0.68596923,0.5163615
rna|RFPL1S,0.66249734,-0.4312473,-0.0430887,0.41819686,-0.37586436,0.41437757,0.44452187,-0.14996924,0.22594391,0.23166361,-0.20353973,-0.66516614,0.44567356,-0.5639561,0.4881419
rna|IGFBP6,-0.1010237,0.098379284,0.4332583,-0.044896696,-0.100565515,-0.50917417,0.6513256,0.045984097,-0.45748347,0.5393647,-0.35810733,0.039520364,0.35355082,-0.33881873,-0.20959584
rna|HOTAIR,0.26833296,-0.15628703,-0.113197416,-0.10778737,-0.11570218,0.03633662,0.16194536,-0.08987932,-0.07899406,0.26062286,-0.25354567,-0.23585008,0.34841073,-0.32525724,0.121757254
rna|SERPINB13,-1.1274171,0.35941687,0.49181518,-0.26147905,-0.8715226,0.64440155,0.4875702,-0.5939788,-0.07511191,0.59773546,-0.17662203,0.34311935,0.40424913,0.52273273,0.05715306
rna|XYLT1,0.07298873,-0.0887507,-0.08793995,0.06183964,-0.17256226,-0.3021066,-0.040495604,-0.18228146,-0.64430046,-0.053106934,-0.7386915,0.14514755,0.08673589,0.21447067,-0.21040855
rna|BTNL3,0.57292604,-0.46441457,0.119476974,0.23649357,-0.3754748,0.45849133,0.33180103,0.060976412,0.13506372,0.060049303,-0.07121541,-0.71528935,0.3359581,-0.1187872,0.5029125
rna|HOXB13,0.6924001,-0.34990564,-0.15760984,0.40486687,-0.31022388,0.4375086,0.4688405,-0.24877432,-0.011433093,0.27060062,-0.40927678,-0.2707144,0.43802145,-0.44256008,0.5040828
rna|TMEM171,-0.10456677,-0.32757223,0.34238005,0.34185702,0.2902437,0.047280304,0.24178241,0.088388704,0.23913614,-0.04783128,0.13908385,-0.13211842,0.3321945,0.3607896,0.101837054
rna|OR6C3,0.60550135,-0.58717537,-0.19976859,0.39150423,-0.38077796,0.60647726,0.4530285,-0.17697202,-0.017607091,0.30504984,-0.22744283,-0.5216091,0.45561117,-0.380765,0.4051106
rna|RNF43,0.38023067,-0.04173443,0.19627653,0.124139704,-0.3953194,0.5514582,0.33661133,-0.0909655,0.38168013,0.24571583,-0.52960384,-0.1354955,0.5002315,-0.3797506,0.41519463
rna|DNASE1,0.64377445,0.428679,0.102540456,-0.7586999,-0.14094579,-0.11112227,-0.43186167,0.31537896,0.38030076,0.32799327,0.23737197,0.4302386,0.21953855,-0.25347888,-0.32413822
rna|IL9R,0.3916204,-0.31397697,-0.032731503,0.14065242,-0.45324638,0.26511806,0.4587736,-0.09481413,0.06765229,0.38193297,-0.25398335,-0.3562041,0.43010622,-0.56967247,0.44116655
rna|PSG1,0.6262727,-0.31087735,-0.15921435,0.25715417,-0.36914566,0.68090254,0.4848203,-0.19946317,0.12396167,0.22414856,-0.25645772,-0.59961003,0.27603093,-0.75666916,0.47580352
rna|ROR2,-0.2971259,0.067396455,0.32153487,-0.6443766,0.042661265,-0.60887855,0.41304728,0.5347679,-0.1072969,0.43283993,0.460856,0.31818655,-0.31106842,-0.76622075,-0.34027612
rna|WASHC2A,-0.30812955,-0.25947586,-0.05787303,0.050974824,0.1347785,0.075130284,0.05495188,-0.11063208,0.11456984,-0.1586706,0.21866168,-0.4786106,-0.052447315,0.20286237,-0.04615376
rna|MBD4,0.44148663,0.40678138,0.06563599,-0.49251404,-0.15016785,-0.0016505115,-0.1239137,0.21252559,0.4832962,0.29312176,-0.07049283,0.5279734,0.068748884,0.003592823,-0.1269277
rna|STAP1,0.16617507,0.40682155,-0.5738325,-0.5541956,-0.1468123,0.4161727,-0.4401557,0.06718109,-0.61196166,-0.18913966,0.20849141,0.72106415,-0.6394492,-0.3561222,0.17598552
rna|KIF1A,0.123307414,-0.04088379,0.28783447,0.075075366,-0.27163497,0.13282223,0.28642,0.012605782,0.305148,0.21523596,-0.14364947,-0.12514685,0.24984099,-0.30932158,0.09399116
rna|IGSF9,-0.15756665,0.13157773,0.43775168,-0.18700588,-0.2623122,0.2147223,0.3727399,-0.15654314,0.47087097,0.40189084,-0.30925363,0.07570083,0.5272116,-0.071782745,-0.13813089
rna|CLDN1,-0.3024785,0.36680067,0.47525254,-0.4152479,-0.65257555,0.21959206,0.57864046,0.06332258,0.112731494,0.28344485,-0.14135593,0.17995322,0.48630384,-0.26392037,-0.2502623
rna|LYPD6B,0.38915655,0.024158146,-0.030627782,-0.49645057,-0.019406447,0.11502162,-0.025485694,0.12825073,-0.39122605,0.2980681,-0.1335223,-0.29880545,0.31565008,-0.3867709,0.045039408
rna|DMD,0.21331213,0.13273014,-0.244309,-0.38084307,0.10619072,0.09608488,0.15866505,-0.12477997,-0.47501692,0.32878125,-0.08461616,0.09441803,0.07658341,0.045618724,-0.21203774
rna|ASGR2,0.2662512,-0.42576733,0.6843155,0.12671275,-0.30447334,-0.013140821,0.7258901,0.021805933,0.48739406,-0.034128286,-0.07404974,-0.43608177,0.69005203,0.021470703,0.030263463
rna|DSG2,0.04343844,0.15813908,0.3567136,-0.058133952,-0.3484851,0.17705964,0.43100485,0.1640352,0.05758142,0.23387213,0.07735955,0.24619266,-0.0317913,-0.16296943,-0.14334843
rna|PTGDS,-0.04792462,-0.36681327,0.05032595,-0.5560341,0.010356814,0.21028224,-0.40948483,0.8914454,0.26239482,-0.52771163,0.3675049,0.14138256,-0.32665625,-0.38257045,0.49181083
rna|CD28,-0.1840959,-0.5513008,0.41509238,0.014577011,-0.504082,-0.19334391,-0.47620523,0.70537513,0.40765613,-1.1293432,-0.12888843,0.62189317,0.0778905,0.008229323,0.61938393
rna|PHEX,-0.0045932024,-0.008449655,0.047082506,0.08819503,0.0067461017,0.14167438,-0.059503343,0.17872646,0.36831808,-0.23614399,-0.18722422,0.048306994,0.16689657,0.10621128,0.15377943
rna|CLEC5A,-0.31565726,-0.304074,0.5372606,-0.22121896,-0.21203215,-0.09451912,0.6045262,-0.07675579,0.06481545,0.049692053,0.89806604,-0.4119766,-0.04601823,-0.25805598,0.23762748
rna|MIR1324,0.6155539,-0.5965522,-0.14020094,0.15842393,-0.34566042,0.6389455,0.46036264,-0.22171071,0.06465513,0.2000849,-0.23326035,-0.76238215,0.10398933,-0.58485955,0.6244543
rna|PRUNE2,0.101320975,-0.06388116,-0.035274033,0.048810057,-0.38583454,0.0045519304,0.09881647,0.016172392,-0.036337238,0.17636086,-0.51313967,-0.056076296,0.09802796,-0.590347,0.07693499
rna|CLEC12A,0.1261442,-0.17951843,0.88537216,-0.3767448,-0.11822667,0.1814627,-0.15755782,0.5878592,0.80787534,-0.4066921,0.9309606,-0.09551221,-0.006397659,-0.07843933,0.28778836
rna|DIO2,-0.5534531,0.032320566,0.6792002,-0.04537775,-0.41673315,0.24812116,0.9019962,-0.36188942,-0.23475529,0.66093946,-0.06180643,-0.1376021,0.27327225,-0.077991,0.12805897
rna|PDE7B,0.18944582,-0.08606431,0.2849488,-0.19640134,-0.8830634,-0.13965218,-0.009511886,0.33952227,0.48620865,-0.19142248,-0.40695623,0.024352465,0.31114203,-0.49399316,0.22264683
rna|RASL11B,0.5224955,-0.056386728,0.39853215,-0.5662264,-0.20886032,-0.59861195,0.05920021,0.26663336,-0.16880603,0.18487258,-0.22433756,-0.16394667,0.21404569,-0.6756231,-0.25717166
rna|KRT4,-0.7050057,0.3213326,0.1681127,-0.10477086,-0.8844886,0.69598323,0.7288775,-0.35279307,0.033996735,0.76697636,-0.18902743,0.031075858,0.3740291,0.35501704,0.36679193
rna|FCMR,-0.31894204,0.0033277276,-0.36937037,-0.02786278,-0.18433894,0.41505897,-0.37429667,0.17104304,0.5095925,-0.6557028,0.056041364,0.055103295,-0.14815766,0.08686783,0.782373
rna|CCL18,-0.49395862,-0.249098,0.7724951,0.34898633,0.34203666,-0.20366158,0.1244389,-0.08447665,0.28657854,0.09270027,0.34141314,-0.008220127,0.1049143,0.53664476,-0.10745566
rna|CSAG3,0.75570136,-0.5138246,0.17112555,-0.051988486,-0.14717199,-0.03437815,-0.13305144,0.5571234,-0.023776427,0.008881214,-0.4058157,-0.19224414,0.24580958,-0.112958744,0.25720444
rna|SELENOP,-0.2531241,0.21561952,0.21553855,-0.31366438,-0.17826939,0.36813942,-0.15022132,0.0024259519,0.006474423,-0.86286426,0.0026575406,0.19545111,-0.5147432,-0.76847017,0.4613871
rna|MYOM3,0.08399122,0.09400811,0.38790068,-0.22105181,-0.45892677,0.26215288,0.51634794,-0.14149319,0.25897896,0.71103567,-0.15982161,-0.15560222,0.18628918,-0.35522103,0.08035885
rna|PEG10,0.2537898,0.25011644,-0.36009237,-0.15723403,0.19224629,0.08955567,-0.19000813,-0.44334134,-0.18476439,0.30613008,-0.16927697,-0.069291465,-0.122708865,0.075505845,-0.17221
rna|CNNM1,0.24787955,-0.1337334,-0.04891245,0.117605105,-0.5103222,0.2638644,0.29611456,-0.04710998,0.042182975,0.3422838,-0.44427943,-0.35311186,0.4078759,-0.24266188,0.3109157
rna|ASB13,0.48419085,0.1886746,0.15584555,-0.68686056,-0.0021669932,-0.23888955,0.14539064,0.62560594,-0.52300256,0.15665852,-0.1977367,0.12667301,-0.02723712,-0.45184594,-0.25411424
rna|OR51S1,0.7692769,-0.33537006,-0.19821462,0.20776619,-0.5391957,0.27862725,0.33339503,-0.03675143,-0.00024759836,0.29946154,-0.27277264,-0.49445942,0.3528663,-0.3894034,0.42019463
rna|CD300LD,0.65963244,-0.55736893,-0.3316246,0.27722457,-0.45346415,0.32445556,0.48020643,-0.18166266,-0.03664793,0.36618447,-0.4053774,-0.524085,0.23075858,-0.4093518,0.48634052
rna|C5ORF46,-0.13825357,-0.352755,0.21460055,-0.39307946,0.12128552,-0.55274814,0.65982246,0.23185322,-0.41944644,0.50119156,0.29060656,-0.29554066,-0.10861562,-0.4887007,-0.3207993
rna|CRABP2,-0.14948837,0.20219862,0.77239347,-0.7910385,-0.46330866,-0.3526137,0.20923956,0.2699808,0.20510735,0.5554612,-0.012010559,0.5800189,0.23861456,-0.59192455,0.030840259
rna|DPPA3,0.61734545,-0.22683232,-0.029568957,0.42562848,-0.23875676,0.5468949,0.47096166,-0.24518825,0.041591674,0.2429505,-0.17518842,-0.5386103,0.3774463,-0.55607307,0.5123484
rna|TOX,0.46917558,0.07285209,0.0032298823,-0.6805829,-0.28254166,-0.25722003,-0.46670878,0.55203444,-0.12450903,-0.34956583,-0.06589054,0.3637929,-0.055536773,-0.17157246,0.059414785
rna|SLC4A1,0.59279406,-0.55946064,-0.27379215,0.35500392,-0.5483637,0.35750657,0.41563132,-0.17264731,0.008535597,0.1382306,-0.33349773,-0.36400154,0.41431814,-0.34102178,0.40512857
rna|AKR1C3,-0.256367,0.2681625,0.33856815,-0.77586144,-0.7377323,0.09023782,0.112544484,0.11937207,0.254282,-0.16294834,0.17870983,0.506839,-0.26311398,-1.0489138,0.05206986
rna|H3C14,0.049307894,0.0053065065,-0.2208281,0.45722088,0.7222033,-0.14865562,-0.024900615,-0.29571545,-0.26320228,0.7120952,-0.35206679,0.2517479,0.37398455,0.57687366,-0.17732304
rna|TTC27,0.46142933,0.6546036,0.09749915,-0.85644877,-0.23071021,0.08115818,-0.26963803,0.5423461,0.8766504,0.21355061,0.40097597,0.6037364,-0.08263623,-0.5989135,0.09903534
rna|JUP,-0.12355463,0.13375641,0.057873353,-0.01162001,-0.26827282,-0.2736467,0.124291845,0.024242988,-0.71033674,0.44901863,-0.63518137,0.6087981,0.35759002,0.16747482,-0.5025918
rna|STK11IP,0.44634432,0.41654813,0.35364035,-0.8378686,-0.2255352,0.0014709615,-0.3876426,0.4475952,0.85761786,0.22244935,0.12869132,0.48535624,0.37011915,-0.4241744,-0.10473869
rna|REC114,0.47839662,-0.36347786,-0.18578544,0.16084263,-0.3835582,0.34669334,0.34835792,-0.047535446,0.17832632,0.27361202,-0.3665678,-0.6274125,0.23195878,-0.68594664,0.3863918
rna|H2AB1,-0.15208848,-0.108287826,-0.06359924,0.28736657,0.4783744,-0.25038606,0.098953426,-0.07275361,0.2435885,0.3636832,-0.119424336,0.028658029,0.49283022,0.1072616,0.08506588
rna|SNORC,0.10980128,-0.025444109,0.20189065,-0.03554743,0.17450516,0.096262656,0.18557921,-0.2115632,0.5020039,0.27150378,-0.35080007,-0.06311424,0.6310547,-0.008922267,-0.20180437
rna|DYNC1I1,0.41052613,-0.19200319,0.100651234,0.12031976,-0.20193149,0.24139379,0.22061501,0.04358303,-0.105724335,0.43564847,-0.25025707,-0.0010816403,0.07098129,-0.49014542,-0.037469354
rna|SALL1,0.5095214,-0.27282578,-0.27586558,0.25695395,-0.36098322,0.47697052,0.6075517,-0.038280483,-0.008984222,-0.03591152,-0.15270805,-0.3790785,0.19243999,-0.3890348,0.5287012
rna|LINC00273,0.56475985,-0.48909536,-0.14248587,0.47839004,-0.41814733,0.54883474,0.4094052,-0.089378655,-0.035526183,0.33689722,-0.27215922,-0.59219724,0.3737372,-0.43620113,0.48039627
rna|NEU4,-0.20255944,-0.42134556,0.74791926,0.284146,-0.22042449,0.056131635,0.41688085,0.49954733,0.30044526,-0.19379018,0.024977248,-0.02590228,0.43919256,-0.17765762,0.11525638
rna|OR4K13,0.52728385,-0.6134543,-0.37478593,0.49650598,-0.40164608,0.40101698,0.4702005,-0.25628006,-0.15179084,0.14680946,-0.27501327,-0.47168413,0.084890954,-0.39063862,0.55350065
rna|AP3B2,0.4199537,-0.5576539,-0.1301476,0.5428849,-0.24638672,0.28985065,0.5018201,-0.11836319,-0.26075432,0.21039303,-0.36573687,-0.56970567,0.32070538,-0.034758117,0.32061732
rna|C15ORF48,-0.6026161,-0.46005246,0.25752148,-0.10074176,-0.19582345,-0.13492288,0.36503115,0.23261334,0.01553497,0.3069638,0.970571,-0.23077695,-0.15415871,0.019646455,-0.10516606
rna|CCR4,-0.23147789,-0.29832134,0.07113569,-0.14098087,-0.36937177,-0.34879872,-0.33712953,0.38128284,-0.13476242,-0.43875474,-0.4302724,0.42971396,0.096173435,-0.21811023,0.32494703
rna|SEPTIN7,-0.25307366,0.43969414,-0.20162651,-0.5140679,0.21194689,0.5873174,-0.4131047,-0.025318649,-0.04718016,-0.5249219,0.9102525,0.082426466,-0.97002876,-0.15473261,0.3682336
rna|OR4D9,0.47691795,-0.5161825,-0.11754933,0.21390098,-0.49310648,0.47057772,0.4569094,-0.23344189,0.11644828,0.4123287,-0.2957742,-0.53223866,0.38537976,-0.5391353,0.34335613
rna|ARNT2,-0.13153481,-0.012188407,0.31851175,0.22093017,-0.045725163,-0.32586414,0.14087756,0.32889932,0.78643626,0.25089777,-0.119484805,0.19223118,0.3392567,0.13638258,0.12017156
rna|SFRP5,0.5023293,-0.34607732,-0.1682532,0.1528687,-0.49132487,0.37500143,0.4966384,-0.08254075,0.22166674,0.3146114,-0.31106672,-0.33100563,0.18603319,-0.27046797,0.4039531
rna|CARNS1,0.18507223,0.19219458,-0.15662047,-0.51899374,-0.6849799,0.49095237,-0.44173273,0.327883,0.5822183,-0.3326565,-0.18264519,0.0040064757,-0.07313402,0.042677563,0.5104886
rna|DNMBP,0.18214935,0.49435902,-0.14912061,0.06608138,-0.05052647,-0.10110095,0.15997489,-0.29160503,0.23391144,0.5896403,-0.26179692,0.09188892,0.35044268,0.42695713,-0.4283217
rna|OCA2,-0.044629816,-0.0055403896,-0.31601954,0.25347888,-0.24817392,0.2400326,-0.47929636,-0.23307098,0.15268844,-0.45740354,-0.42168495,-0.10876243,0.048835613,0.058101844,0.4381709
rna|PDZK1IP1,-0.4744026,-0.12004263,0.1822135,0.049208142,-0.8273513,0.6530561,0.68966585,-0.39188525,-0.041051533,0.47195488,-0.29654405,0.021932542,0.47503617,-0.004730334,0.22449978
rna|CD300LG,0.011262073,0.114632964,0.25266847,-0.11898367,-0.15720786,0.021331375,-0.3215423,-0.15913227,0.116760455,-0.45259526,-0.14303105,0.048137825,-0.31090868,-0.7381738,0.15859988
rna|LGR5,0.5391336,-0.3721973,-0.017590275,0.32911694,-0.36711007,0.4372436,0.30630443,-0.11583242,0.054460123,0.3697074,-0.5016088,-0.35869262,0.4683537,-0.47373027,0.31796142
rna|LOX,-0.24063334,0.14721254,0.48895565,-0.5360048,0.07260019,-0.572278,0.40814257,0.15761523,-0.32899767,0.21417445,0.49982902,0.13767058,-0.40980747,-0.82460314,-0.25459814
rna|FAM110B,0.19100194,0.18330131,0.61239856,-0.59011257,-0.5090247,-0.4213162,0.22879814,0.5675336,0.6508569,0.36362457,0.040948667,0.23095445,0.4258894,-0.7700257,-0.13045223
rna|ARMCX2,-0.3409428,0.10551985,-0.39518312,-0.5126566,0.10877246,-0.017365446,-0.18580627,0.111869,-0.33332467,-0.2008483,0.50474966,0.10990311,-0.6851729,-0.062077705,-0.028375223
rna|FMO1,-0.049643658,0.30345535,0.43726635,-0.72215694,-0.040814143,-0.32916558,0.36078516,0.28914684,-0.030492457,0.6191994,0.3421215,0.22562332,-0.110128045,-0.45320004,-0.2779449
rna|CXCL14,-0.41166905,-0.1798932,0.042679206,-0.34679282,-0.6860077,0.14935718,-0.4610756,-0.04489031,-0.1973756,-0.6698746,-0.5576597,0.32007837,-0.067807294,-0.3132033,0.3416301
rna|ANGPT4,0.6305779,-0.37764528,0.14783554,0.34883326,-0.2823001,0.26691452,0.33068585,-0.1471981,0.020438392,0.3340112,-0.38132772,-0.3695948,0.45286915,-0.5323037,0.35490185
rna|SIGLEC12,-0.073915824,-0.34823924,0.12865041,0.25908676,-0.27914447,-0.20100705,0.06778859,0.0585522,0.0214262,-0.22509365,-0.008403841,-0.08529807,0.09453336,0.017656205,0.18708085
rna|OSM,-0.3193889,-0.009775228,0.44878057,-0.30827188,-0.39946708,-0.46035036,0.4222218,0.30174318,0.06270112,0.5087524,0.72574556,-0.18232784,0.04260457,-0.23540351,-0.21649072
rna|SLC30A4,0.24710251,-0.1715134,0.084186934,-0.5531521,-0.38931707,0.020076578,0.114313915,0.20400625,-0.2258036,-0.077637896,-0.4922191,-0.24194576,0.11271956,-0.27112237,0.090638764
rna|INSM2,0.31594115,0.07309211,0.028849073,-0.094852455,0.057075355,-0.033803683,-0.0484804,-0.14561337,0.27826524,0.3735264,-0.44818643,0.028675975,0.19247669,-0.38803655,0.11725453
rna|MYH11,0.36047846,-0.014532433,0.47761068,-0.5073775,-0.5709305,-0.1878796,-0.08261527,0.3550426,0.21965216,-0.071423136,-0.5952105,0.060265683,0.28641137,-0.6722603,0.15262116
rna|CST2,0.6399706,-0.37243015,-0.15719631,0.23031987,-0.40790993,0.28327233,0.40514162,-0.17134653,-0.13931976,0.42901063,-0.2908439,-0.42037046,0.36669874,-0.6285535,0.33525527
rna|GPAT2,0.03125513,-0.026965259,0.37563652,-0.119348824,0.13921772,-0.34273732,0.027661707,0.1469701,0.05354128,0.11616747,-0.04773687,-0.032234706,0.46500355,0.2568971,0.019482613
rna|PDE4C,0.512198,-0.12289696,0.37476358,-0.27087972,-0.13982555,-0.21206841,0.33218294,0.15642492,0.15190245,0.17889924,0.12551412,-0.24599811,0.23812868,-0.39797178,-0.07397993
rna|CAPN13,-0.093032755,-0.019682588,0.11876123,-0.16409251,-0.25628388,0.36290848,0.4909228,0.06389946,0.1084136,0.46053115,-0.19374251,-0.02475615,0.2922295,-0.29787463,0.3161736
rna|HCN2,0.33175138,-0.38585958,-0.32945293,0.572113,-0.30579048,0.05437569,0.21944407,-0.15169416,-0.1073952,0.35900766,-0.47960964,0.021938236,0.58231986,0.15112603,0.08440393
rna|MIR567,0.041844215,0.27474344,-0.27855948,-0.29824904,-0.013398183,0.6084148,0.31886256,-0.51479596,0.17539117,0.24378447,0.2039423,-0.45878053,-0.22057734,0.03381129,0.2436003
rna|HBQ1,0.34162545,-0.31405488,0.36640808,0.4210556,-0.5366045,0.07461712,0.18192455,-0.007954829,0.38319495,-0.0496055,-0.39692575,-0.24918823,0.610888,-0.31406,0.34062245
rna|TNNI2,-0.22702242,0.12914796,0.2055604,-0.60655147,-0.46868217,0.20888136,-0.097979575,0.09326213,0.5898584,0.10531628,0.19606557,0.0050355494,0.16728514,-0.2314253,0.25219956
rna|PRR5L,0.10488493,-0.1647069,0.607779,-0.28037754,-0.55522525,-0.047924824,-0.29478452,0.8039316,0.46293446,-0.5865178,0.25646672,0.79994756,-0.13201723,-0.50238806,0.33193675
rna|MIR874,0.35135874,-0.19367968,0.03763998,0.18568814,-0.21626218,0.04959524,0.27040845,-0.17309606,0.08402441,0.31378096,-0.52016675,-0.49865216,0.47138423,-0.16528569,0.11907833
rna|CKB,0.22871701,0.27493155,-0.042633392,-0.33236942,0.020244341,0.033402573,-0.121919714,-0.085137725,0.42380494,0.68097955,-0.05097986,0.11558492,0.16334008,-0.16497017,-0.39585075
rna|TDRD12,0.5547293,-0.32927945,-0.00407146,-0.049659938,-0.44391638,0.09705644,0.0688234,-0.07534497,0.10773822,0.31757885,-0.28954986,-0.37739003,0.38731673,-0.28191373,0.24659026
rna|SSTR5,0.5386433,-0.42695948,-0.2793913,0.30935705,-0.39894992,0.4178436,0.3949374,-0.23632163,-0.18091321,0.1610952,-0.1568384,-0.5341737,0.2736546,-0.43147948,0.36868
rna|BLK,0.030064043,0.45450708,-0.85802907,-0.27343282,-0.18395442,0.3191045,-0.34995437,-0.1141187,-0.46468934,0.3309815,-0.19634306,0.42681557,-0.27515712,0.008773373,-0.24880014
rna|EFNA5,0.006908672,-0.4203132,0.25161147,-0.13045532,-0.28381708,-0.096635014,0.15043011,-0.13179152,-0.34362033,0.22253041,-0.40431368,-0.19867077,0.45829204,-0.26742727,-0.013980743
rna|CITED4,-0.16628002,-0.69790035,-0.26978442,0.8545357,-0.6651626,0.22609566,0.1936997,-0.22105841,-0.22673823,-0.19865581,-0.59254396,0.21596023,0.29754692,0.06290801,0.15743566
rna|SRRM4,0.7231996,-0.35737535,-0.07637137,0.20880367,-0.368809,0.39131466,0.42319718,-0.093428545,-0.067281954,0.3772201,-0.29820064,-0.61991274,0.45676017,-0.36236048,0.4234293
rna|GFRA3,0.3566179,-0.1645441,-0.061790876,0.27777076,-0.04877232,0.3638604,0.36066324,-0.264597,0.18164012,0.32847401,-0.27884522,-0.41281727,0.26035663,-0.30340034,0.31155312
rna|JAKMIP3,0.5088847,-0.2045097,0.092229456,0.36809987,-0.13662173,0.4822957,0.3622145,-0.16405632,-0.016444841,0.19499972,-0.2724721,-0.30260056,0.30910066,-0.40497276,0.39387056
rna|MYH3,0.3394272,0.43444702,0.4464787,-0.6692988,-0.29908785,-0.029463634,-0.22217034,0.544545,1.0377115,-0.13742034,0.03440753,0.58515096,0.24836046,-0.41316956,0.17525622
rna|FGF21,0.45466644,-0.36644405,-0.043644316,0.4840786,-0.15384619,0.5182344,0.75128645,-0.018387148,0.049316157,0.1453723,-0.2576134,-0.3638522,0.38816357,-0.4575781,0.39924437
rna|ARHGEF5,0.22871323,-0.011046169,0.45222288,0.06459056,-0.2614808,0.10099533,0.18411425,0.1920755,0.2921676,0.059572052,-0.35452458,0.07796823,0.5506425,-0.18169464,0.18716644
rna|KIAA1217,0.11280222,0.29105276,0.32354158,-0.5817845,-0.31061113,-0.5110973,0.2264281,-0.009257477,0.14713156,0.5976555,-0.10093343,0.09914242,0.077189386,-0.38573542,-0.33366263
rna|HES6,-0.104698464,0.25929087,0.16643313,-0.2726494,0.0684332,0.44231182,-0.21660064,0.3634476,0.4798507,-0.02973833,0.35772562,0.7625757,-0.35472766,-0.59991467,0.13492264
rna|GATA4,0.26598465,0.25091338,-0.44545022,-0.0745313,-0.03723819,0.044140216,0.083222024,0.17157984,0.01947106,-0.2311374,-0.12215115,0.17170194,0.030034147,-0.19151105,-0.04792676
rna|MAGEA1,-0.04734299,0.039022624,0.20232894,0.25874916,0.4688543,-0.014699534,0.30628657,-0.12317523,0.03495241,0.16346306,-0.032242306,-0.261905,-0.13556018,0.042868666,0.11282226
rna|C17ORF50,0.57779115,-0.35846248,-0.20898938,0.26593372,-0.20599233,0.35602957,0.30029628,-0.20235996,0.06583034,0.34177065,-0.5478313,-0.53041035,0.4830302,-0.37477013,0.3061704
rna|PFN1P2,0.6706485,-0.24650176,-0.09728343,0.08981248,-0.3737092,0.38780624,0.426814,0.08022211,0.25622597,0.31222102,-0.22813135,-0.4115407,0.37093765,-0.72403246,0.44187
rna|ENDOV,0.3091527,0.031293802,0.1239974,-0.47344726,-0.5743462,-0.06401098,0.05974267,0.35337225,0.80872715,0.16901812,-0.20296082,0.1981888,0.5029653,-0.6470213,0.103536054
rna|ADGRV1,0.43362126,-0.24008237,0.04990312,0.2101944,-0.32521376,0.5166037,0.6821455,-0.23127753,0.113587044,0.31961316,-0.38073522,-0.46579087,0.3327477,-0.52881545,0.22116499
rna|SBSPON,-0.03910329,-0.06545088,0.4224036,-0.033269923,-0.42123526,0.11862583,-0.1894701,0.056115206,0.30032372,-0.23577614,-0.43835506,0.31851518,-0.010730162,-0.5257241,0.23589613
rna|SDS,-0.08127333,0.12767035,0.74224365,0.048392456,-0.0467929,-0.19611712,0.42629993,0.38060495,0.3324509,-0.052283227,0.5577275,0.41180223,-0.082121566,-0.43955854,-0.2358938
rna|IDO1,-0.2005217,-0.7334608,0.9394275,0.18989159,-0.02284342,-0.224584,0.08038304,0.743817,0.21893759,-0.4604313,0.581703,-0.00490134,0.075157985,0.5675409,0.38078386
rna|PSMB11,0.71741194,-0.5407189,-0.25838214,0.22330338,-0.4134884,0.39388114,0.41947514,-0.07301194,0.048745945,0.38984865,-0.38898245,-0.42335987,0.30043507,-0.41756383,0.39527592
rna|PAX5,0.3084835,0.21614043,-0.5502387,-0.02520909,0.21923342,-0.15426318,-0.020768281,-0.014261951,-0.4881063,0.68972486,-0.7018467,0.52453315,0.3474906,0.37262252,-0.39642927
rna|TMEM145,-0.19308543,0.08942364,0.040585384,0.3254677,0.71128863,0.29759443,0.19658126,-0.29723436,0.14642628,0.1958543,0.38724583,-0.023284832,-0.20865704,0.21985184,0.20703363
rna|SERPINB5,-0.84294283,0.2515297,0.40263933,-0.122177765,-0.68908525,0.65668464,0.5230644,-0.6929249,0.107980266,0.69886535,-0.31597775,0.266917,0.5500816,0.39625,0.04094802
rna|KLK8,-0.10986746,-0.09130133,0.2785451,0.13076994,-0.47591573,0.7043767,0.68774927,-0.35952544,0.023907507,0.4436217,-0.30868345,-0.14934334,0.593544,-0.12092755,0.37877837
rna|MAL,-0.43439233,-0.4273167,0.19968353,-0.18568443,-0.6343449,0.18754132,-0.1681803,0.2749904,0.10346275,-0.5914384,-0.32732975,0.38929743,0.153057,0.20380284,0.7542463
rna|MYH6,-0.16996612,0.033861816,0.23910448,-0.091163844,-0.018165039,0.029038483,0.11914804,-0.0050636423,0.07229819,-0.23964764,0.25628296,-0.104588516,0.19762819,0.009025779,0.47019437
rna|MGAT3,0.33237004,-0.092994936,-0.44593042,0.20676006,0.23599613,-0.26679674,-0.025214808,-0.12988384,-0.54834896,0.55839074,-0.52612036,-0.10218127,0.23419745,0.33309215,-0.45366588
rna|SLC1A3,-0.0945453,-0.030306494,0.64379936,-0.41108477,0.06947881,-0.03357996,0.039228685,0.7315002,0.5402559,-0.08647618,0.91710293,0.42155132,-0.32110164,-0.45151007,0.13998213
rna|TMEM102,0.13608356,-0.54814637,-0.33294544,0.8048749,-0.12107215,0.3048981,0.22066715,-0.26043314,-0.48371926,0.07504816,-0.44465122,-0.34641168,0.09533229,0.10886077,0.1574573
rna|TKTL1,-0.08269821,-0.049345717,0.17963073,-0.030832037,-0.28357646,0.07858643,-0.16579214,0.024478212,0.45580244,-0.11479579,0.24607627,-0.23749624,-0.04062223,-0.1868605,0.3711628
rna|SLC47A1,-0.1813422,-0.23611142,0.57267,0.05177626,-0.12756832,0.23519239,0.13747865,0.40266636,0.7353055,-0.21796134,0.21850991,0.20643888,0.12781091,-0.40472817,0.07358703
rna|RUFY4,0.37206966,-0.417814,0.39699566,0.018771846,-0.40165952,0.17010705,0.078733385,0.23864038,0.5149149,-0.08199716,-0.13209112,-0.047075287,0.46508586,-0.124002,0.67733216
rna|HDHD5-AS1,0.2762039,0.17684793,0.17050704,-0.16021231,-0.22989398,0.1400076,0.0082713375,0.37614933,0.45129675,-0.025779013,-0.0539429,0.44724265,0.28999838,-0.5519283,0.34180024
rna|ITGA10,0.65383047,0.32588604,0.2409021,-0.61705226,-0.34286323,-0.096650876,-0.10064347,0.5192628,0.890139,0.32361427,-0.18278266,0.6008909,0.37964913,-0.67981136,0.121482246
rna|WHRN,0.23078176,-0.010528114,0.36438596,-0.23917933,-0.127428,-0.026145278,0.0938942,0.09606845,0.28902248,-0.09622033,-0.13018729,-0.42428967,0.36285177,0.8132545,0.11641992
rna|CRCT1,-0.9153471,0.22270942,0.3266505,-0.08184816,-0.74944735,0.64315534,0.58078086,-0.6058765,-0.15830766,0.5631133,-0.1871251,0.18091682,0.48663175,0.6330105,0.14154787
rna|NSG1,0.26818877,-0.0880888,0.30377206,-0.15153868,-0.47335047,0.24379608,-0.0045442143,-0.14523922,0.12384855,0.122496724,-0.48038802,-0.07483158,0.5435077,-0.20436333,0.21455318
rna|EBI3,0.092195496,-0.17313962,0.01314557,0.07737925,0.2321912,-0.4765657,-0.146702,0.3744775,-0.037127502,0.12701535,0.039919086,-0.08101706,0.17858106,0.28766856,-0.12847768
rna|THBD,0.16114411,0.008817803,0.57928205,-0.40823826,-0.61334705,-0.23261783,-0.10339754,0.1842549,0.5828716,0.06207235,-0.111491285,0.06172844,0.31258103,-0.7143417,0.0680728
rna|PHLPP1,0.6257359,0.16415705,0.02276692,-0.5351511,-0.15733127,0.07723619,-0.065461434,0.117134385,-0.043911345,0.3157144,-0.13940588,0.38149986,0.2167978,-0.12315169,-0.3103988
rna|NEUROG2,0.409581,0.32893038,-0.0020684116,-0.35949957,-0.045063704,0.06195271,0.13286056,0.030637724,0.014780842,0.53417605,0.0040465146,-0.15020843,0.12885822,-0.40137753,-0.0015330145
rna|HEY2,-0.030973839,0.25928524,0.44580972,-0.10647439,-0.21445307,0.044436958,0.25016308,0.12883422,0.31555924,0.13576056,0.0951486,0.55399215,-0.058361933,-0.63843375,-0.14371224
rna|PACSIN3,0.013101282,0.08420009,0.69532794,-0.07837072,-0.25003135,0.13259105,0.39542,-0.086486794,0.40885523,0.4862586,-0.3110657,0.17475039,0.6233427,-0.22546723,-0.12909456
rna|TMOD1,0.116482675,-0.016420519,0.432971,-0.41773793,-0.35007417,-0.23776443,-0.024084788,0.54565704,0.4292682,-0.20248997,0.01488418,0.33681786,0.17195393,-0.48182988,0.08268341
rna|NGEF,0.01818552,0.14171469,0.28030503,-0.27251285,-0.11471703,0.2496163,0.4385017,-0.14603123,0.23253548,0.3810278,-0.17610984,-0.19307147,0.42578116,-0.2907556,-0.2111799
rna|AIRE,0.26549798,-0.47650602,0.12430356,0.13485873,-0.4059701,0.4963854,-0.16580386,-0.025522254,-0.03227827,-0.31977445,-0.097541936,-0.28981733,0.1704253,-0.22561285,0.60609436
rna|MTTP,0.12853932,-0.31394994,-0.14295365,-0.047688972,-0.055831995,0.8803505,0.48493844,-0.06391564,0.07267752,-0.48501638,0.34928176,-0.8076353,-0.25152418,-0.3269622,0.48310542
rna|MIR9-1HG,0.3132588,-0.053997256,0.018414883,-0.6320453,-0.12170129,0.2245483,-0.14010547,0.4399942,-0.086644255,0.11731267,0.099956535,-0.09713106,0.02158312,-0.102539554,0.23548876
rna|CENPF,0.3387599,0.5039883,-0.06968098,-0.11393663,0.16843389,0.15738386,-0.28079078,0.10567061,0.16087446,0.6180615,0.25167993,0.9177003,-0.09887077,-0.28004092,-0.4270039
rna|FAM171B,0.37077338,0.08310801,0.13409553,-0.2736349,-0.056272235,-0.020129053,-0.06422333,0.2933471,0.1783531,0.5321481,-0.16938157,-0.07439872,0.33698595,-0.66612375,-0.024584353
rna|EEF1A1P9,-0.13033885,0.6102224,-0.095673114,-0.5007082,0.1826934,0.2556198,-0.38865602,-0.04985405,0.1424451,-0.32485154,0.6437172,0.051822398,-0.7149633,0.017265677,0.02071082
rna|NPHS1,0.39302674,-0.47748426,-0.34203428,0.21283662,-0.35760146,0.3076929,-0.20882681,0.068527155,-0.035290092,-0.0889215,-0.58024144,-0.088284865,0.05949747,-0.24184431,0.38457328
rna|CPA6,0.43789676,0.02451764,-0.05841372,-0.2470163,-0.07723486,0.10226849,0.25764707,0.17257698,-0.25490385,0.32034576,-0.02533079,-0.1637647,-0.06476265,-0.33304486,0.108235754
rna|UNC5D,0.5503476,-0.42075843,-0.267625,0.33362776,-0.44136074,0.41766617,0.5553071,-0.13773681,0.037658222,0.28508684,-0.3141933,-0.5079142,0.38673973,-0.3000099,0.44198298
rna|CLEC10A,0.2484841,-0.23421663,0.7883224,-0.18828814,-0.2983687,0.0945511,-0.23881525,0.42272213,0.7070165,-0.40385336,0.19112647,0.06910288,0.12730883,-0.13662782,0.2320716
rna|WNT7A,0.41834354,-0.47524014,-0.13129336,0.45318997,-0.4345157,0.5403948,0.35212964,-0.07173499,-0.21656993,0.22081073,-0.4240139,-0.29113775,0.21974845,-0.13887441,0.41877666
rna|MPP7,-0.16796927,0.18728992,0.011153947,-0.3624625,-0.27150452,-0.30226108,-0.17672685,0.4206898,0.20810907,0.1650934,-0.2031509,0.6833313,0.33842686,0.01898155,-0.17507409
rna|GRHL2,-0.12361388,-0.08595218,0.25232893,-0.1243053,-0.54725665,0.7997527,0.50111765,-0.4280458,0.08731811,0.5222993,-0.3386056,-0.20461011,0.46729493,-0.15314946,0.36168692
rna|CACNG5,0.59895533,-0.44426566,-0.58644766,0.21455199,-0.50211364,0.35455278,0.10386301,-0.041859984,-0.18264686,0.28426597,-0.5856134,-0.20468298,0.14287315,-0.36547908,0.27966344
rna|SLC22A17,-0.031008057,0.04177825,0.58779776,-0.5322623,-0.69436353,-0.33390412,-0.115228854,0.71625924,0.5139978,-0.17906615,-0.3262289,0.5985515,0.19293533,-0.8142956,0.07665975
rna|C19ORF18,0.17804645,0.24087285,-0.06133854,-0.47867444,-0.4630633,-0.16944107,0.022316813,0.28737268,0.33324057,0.10237396,-0.4655112,0.35241264,0.49637341,-0.3145793,-0.12735578
rna|KIR2DS5,0.38225052,-0.5489034,-0.03541363,0.28130114,-0.2955276,0.5020924,0.38145092,-0.059041925,0.14916278,0.048450112,-0.1695168,-0.67723304,0.22814137,-0.20405367,0.5627308
rna|PDCD1LG2,-0.16293564,-0.4357809,0.56275415,-0.0595799,0.13175915,-0.7381847,-0.11474144,0.6155075,0.20944518,-0.07354692,0.16343042,0.5229704,0.15667869,0.3416261,-0.17591746
rna|OR56B4,0.37155783,-0.49105534,-0.1856229,0.47907257,-0.38718972,0.39083335,0.47021464,-0.12875174,-0.17324726,0.21344028,-0.18788558,-0.438381,0.31937668,-0.31227863,0.48467222
rna|PGK1,-0.30551547,0.36316743,-0.027790736,-0.5227935,0.14424488,0.38146892,-0.39850783,0.16228102,0.06853247,-0.24151392,1.167637,0.17976852,-0.9073789,-0.25271034,0.2405352
rna|FAM83D,-0.15930024,0.3673016,-0.3392289,0.26641205,0.39820904,-0.05303133,-0.28876862,0.034894753,-0.13089369,0.39708632,0.09067611,0.8556453,-0.1809512,0.037659742,-0.48026916
rna|EBF1,0.4225598,0.51480067,-0.2340499,-0.7368912,-0.3511283,0.008096838,-0.34711793,0.3394197,-0.41602808,0.25246295,0.14757584,0.55484724,-0.48352316,-0.47265857,-0.2776138
rna|FAM167A,0.10097935,0.22128774,-0.35326356,-0.50371253,-0.066706955,0.05393372,-0.22853045,0.31164622,0.016338082,0.2088589,0.074053966,0.26932812,-0.25859442,-0.40841734,-0.0854404
rna|VCY,0.46425653,-0.2884622,0.07482475,0.45112112,-0.02572741,0.36400476,0.53075814,-0.14343765,0.05117909,0.14330316,-0.3157901,-0.4731058,0.2555289,-0.41002277,0.6194349
rna|GPER1,0.450466,0.08889468,0.05088985,0.12779084,-0.017655367,-0.06413012,0.16959012,-0.05069932,-0.016881974,0.3606066,-0.08432029,0.22753485,0.3194059,-0.025271168,-0.42552897
rna|KRTAP5-10,0.5877792,-0.5269108,-0.182282,0.35193482,-0.21156287,0.35160947,0.32852504,-0.25099465,-0.08676158,0.24756168,-0.31921095,-0.5494289,0.4132254,-0.24684419,0.47397503
rna|PRSS27,-0.46299952,0.12127621,0.07742806,-0.12365699,-0.8901294,0.19720674,0.19962536,-0.03091939,0.24811172,0.5134583,-0.21606044,0.67559445,0.49952546,0.08538228,0.22937386
rna|MIR1289-2,0.6633914,-0.27757826,0.020714166,0.16883293,-0.4716573,0.49448746,0.346669,-0.20367527,0.18675594,0.42712593,-0.2646773,-0.50449115,0.4982501,-0.5521016,0.34662783
rna|FOXQ1,-0.61477524,-0.02381343,0.25863212,-0.14335191,-0.7298047,0.61706376,0.6231602,-0.41923136,0.20413016,0.39625257,-0.3602603,-0.12298696,0.29156184,-0.011074509,0.048442125
rna|SLC25A3P1,0.559178,-0.42693114,-0.14100152,0.28919524,-0.42285556,0.60276955,0.40441185,-0.014900737,0.041640338,0.3498583,-0.3450998,-0.6149518,0.29202145,-0.5191168,0.41091576
rna|XIRP2,-0.10575523,-0.0820134,0.06044641,0.10055104,-0.33200294,0.37887493,0.45599517,-0.24386698,-0.11508087,0.5309016,-0.25306976,-0.3226427,0.37054855,-0.23378068,0.15290675
rna|CDA,-0.10045381,-0.70363295,0.42578268,0.35151824,-0.59638834,0.1331579,0.58945817,0.42673904,0.3053643,0.16180322,0.2771152,-0.0057223258,0.4229009,-0.14728989,0.17347842
rna|METTL7B,0.30534637,0.047370892,0.13842575,0.2872115,-0.09739717,0.1753468,0.17196675,-0.00036003703,0.7254272,-0.07848892,0.19586262,-0.34681585,0.32002425,-0.029469231,0.02837326
rna|TCEAL2,-0.27054122,0.20031159,0.22925907,-0.08309413,-0.5442356,0.12949301,-0.15251304,0.21775597,0.16224946,-0.03429127,-0.44646725,0.46542332,0.20263046,-0.3370596,0.00957466
rna|GHSR,0.6609178,-0.5781254,-0.30820972,0.43233275,-0.35135552,0.44428593,0.43040463,-0.27075565,-0.132934,0.26975015,-0.37038484,-0.6261839,0.38813037,-0.32948902,0.5130841
rna|BYSL,0.62229496,0.51378953,0.076092444,-0.4236079,0.046277672,0.18636821,-0.12996846,0.25115642,0.7600007,0.66237783,-0.009390326,0.6840965,0.23433597,-0.29879034,-0.22119641
rna|PPP1R14C,-0.16501103,-0.073775515,0.14211169,-0.13091953,-0.13609491,0.12152596,0.2373193,-0.09053895,-0.01558891,0.59551543,-0.25064376,-0.2191844,0.3412329,-0.17547579,0.028624874
rna|TRIL,0.2150676,0.081437506,0.5798758,-0.4232558,-0.30932367,-0.32881126,0.02937179,0.42154256,0.037845477,0.19140439,0.023437245,0.051087115,-0.15561244,-0.9376466,0.008559571
rna|LRRN4CL,0.12442816,-0.058130275,0.46238968,-0.079440586,-0.30824864,-0.35624555,0.10200141,-0.1221071,-0.12682606,0.56621635,-0.61488277,-0.055117045,0.46855006,-0.3639544,-0.09067829
rna|LOC402110,0.38577372,-0.22807807,-0.23356168,0.13048133,-0.21332462,0.74480474,0.54240024,-0.24907094,0.08880105,0.20400609,-0.017773407,-0.83039445,-0.07786688,-0.5485228,0.5720805
rna|PLEKHA5,-0.22147857,0.40076858,0.34361586,-0.8257696,-0.2379212,0.021405488,0.066736095,0.36011025,0.2520351,-0.037253063,0.5855951,0.3234609,-0.39903426,-0.83702457,0.07321497
rna|C3ORF20,0.61695206,-0.15584677,-0.0015082186,0.05785947,0.14665513,0.31364974,0.07767126,0.021361602,-0.4190591,0.29987907,0.11570604,-0.20535542,-0.07514982,-0.09456887,0.12678026
rna|NOXA1,0.37787354,-0.0822144,0.43784514,-0.20978266,-0.8049321,0.013645921,0.2754351,0.35401258,0.3779073,0.09758044,-0.22229715,0.15060993,0.42971313,-0.55482817,0.1327536
rna|CDKN2A,-0.14402294,0.35431546,-0.27133477,0.1217845,0.45299074,-0.16533063,-0.3043736,-0.0034511292,-0.24111062,0.27662894,0.049574032,0.18341935,-0.35408095,0.05647212,-0.29506326
rna|CHST13,0.021895537,-0.16003339,0.79067725,0.045329154,-0.18715625,-0.10423947,0.5279654,-0.07665773,0.42986134,-0.058847167,0.16725719,-0.10907222,0.21061763,-0.4473996,-0.107355475
rna|TSPAN10,0.042319655,-0.17744055,-0.35508162,0.21669436,0.20412023,0.45264614,-0.52616066,0.38999876,0.15750852,-0.3054494,-0.057790563,0.504405,-0.4263263,-0.3511934,-0.009729116
rna|CCL14,-0.1760061,-0.060012907,0.45562154,-0.12855378,-0.42372394,0.18142751,-0.13055886,-0.14020301,0.3289241,-0.9516659,-0.2567225,-0.19081293,-0.26509672,-0.29455575,0.38492697
rna|CCDC80,-0.18547875,-0.07014684,0.44954613,-0.47372952,-0.21092442,-0.91726327,0.4566082,0.17918976,-0.41529062,0.37898636,-0.3613233,-0.16005458,0.1568643,-0.65387446,-0.3157459
rna|BOC,-0.007120343,-0.14173532,0.57219344,-0.19188039,-0.25452852,-0.42531404,0.31239423,-0.058477525,0.2233141,0.44038334,-0.44173267,-0.066596895,0.61525667,-0.3003867,-0.1527623
rna|LINC01554,0.18798722,-0.0870702,0.30573243,-0.09590744,-0.2545595,0.16571775,0.5135443,0.14160784,0.468348,0.19912665,-0.16947271,-0.3037384,0.42893073,-0.6308675,0.024561703
rna|IL1A,-0.47696227,0.032580778,-0.14783834,-0.28766692,-0.5263996,-0.107102685,0.27595192,-0.10813647,-0.18929295,0.4494404,0.20261042,0.13396399,0.07028375,0.12553301,0.06664218
rna|BRDT,0.48166656,-0.30810526,-0.122674435,0.40847716,-0.22064254,0.31414863,0.37272695,-0.12813382,-0.024891144,0.3115138,-0.22875102,-0.5017476,0.4328034,-0.3183733,0.46031386
rna|TRPV6,-0.036090963,-0.07157841,0.5113554,-0.029311582,-0.23642991,0.4708666,0.5146661,-0.028551547,0.4466201,0.34670633,0.018492086,-0.15505496,0.49243298,-0.36231878,0.24340573
rna|SERTAD4-AS1,0.17107804,0.22988494,0.30614397,-0.4969967,-0.14188518,0.010426898,0.2128993,0.06503379,-0.35051873,0.298509,-0.16063763,-0.053134684,-0.03630588,-0.29509464,-0.15739991
rna|BCL11B,-0.19085188,-0.92430574,0.20654136,0.38827044,-0.4841982,-0.3297109,-0.24659312,0.34489924,-0.21033436,-0.99238455,-0.5437373,0.20090824,0.2192211,0.50503725,0.4719113
rna|FNDC1,0.08284035,0.13955559,0.10172778,-0.7816487,-0.1084281,-0.71572703,0.053156838,0.5470459,-0.63443124,0.17246963,-0.046977848,0.11904616,-0.44202977,-0.6888,-0.21572952
rna|OR2J3,0.47972095,-0.2774191,-0.16179873,0.10753263,-0.26293188,0.47008482,0.5200009,-0.076509096,0.1613961,0.4434933,-0.31504458,-0.55462104,0.26904774,-0.545934,0.44798002
rna|KCNJ8,0.38946825,0.41857538,0.4553331,-0.5479292,-0.2315315,-0.19092464,0.079410054,0.3808416,0.67502594,0.41778734,0.0811547,0.24808484,-0.019672533,-0.9914867,-0.1621749
rna|COL22A1,0.05142862,-0.10543554,0.41419625,-0.5109853,-0.54658896,-0.22500983,0.046299353,0.7492213,0.24113293,0.35346848,-0.07997076,0.18653162,0.21022166,-0.6229288,0.16150951
rna|ZMYND15,-0.108283035,-0.17078365,0.8922672,-0.41631305,-0.2803385,-0.012753011,0.2069974,0.59661514,0.8516804,-0.14314038,0.7837112,-0.2883092,0.13140638,-0.17991652,0.21167928
rna|TMPRSS11E,-0.7113445,0.3358372,0.15313986,-0.32939145,-0.5890834,0.49847433,0.47825637,-0.39212433,0.016381042,0.47606164,-0.07069813,-0.15985437,0.37652066,0.26843825,0.16553907
rna|TBATA,0.38915128,-0.37426305,0.07598426,0.16651773,-0.42474675,0.3153325,0.118723385,-0.04379836,0.18422389,0.11725496,-0.5488097,-0.37740362,0.4659343,-0.22413385,0.19809593
rna|SCGB3A1,0.006423768,-0.3709223,0.079727486,0.11277926,-0.5539746,0.42584324,0.5160722,0.024350837,0.19814485,0.22983842,-0.18194449,-0.33450404,0.30927172,-0.49572408,0.43789682
rna|RAP1GAP,-0.4367439,-0.023921203,0.06820859,0.07696814,-0.5549759,0.21592702,0.035378367,0.17796507,0.42714927,-0.26573488,-0.34608155,0.5220535,0.15318474,-0.5491751,0.049140587
rna|MS4A4A,-0.40676945,-0.041392297,0.59918565,-0.042694725,0.07485802,0.14570034,0.02450281,0.1173509,0.311924,-0.6556302,0.8638493,0.14101276,-0.6393536,-0.38014576,0.27449864
rna|CD320,0.53301966,0.25967905,0.14464809,0.012284472,0.15878718,-0.14163369,-0.0006909503,0.059065025,0.73296773,0.42487046,-0.35345405,-0.16227156,0.56348443,-0.20864353,-0.09745003
rna|PVRIG,0.070824325,0.07543198,-0.017913064,-0.53861046,-0.040024053,0.5406889,-0.49150828,0.275684,0.16913208,-0.79052275,0.5007416,0.07020771,-0.67666715,-0.23353061,0.6759441
rna|LRRN2,0.02528474,-0.19094014,0.13738927,-0.29229462,-0.5674362,-0.21121234,0.32087776,0.2311491,-0.3773942,-0.15527178,-0.27039275,-0.6457977,-0.1927604,-0.69062805,0.30973065
rna|PROX1,-0.020515937,0.1493219,0.11803329,-0.5296269,-0.29143193,0.16503382,-0.12590408,0.4340343,0.19676328,-0.5356155,-0.12671916,0.25393447,-0.14259173,-0.47582218,-0.054938387
rna|S100A2,-0.66922706,0.13592725,0.47871637,-0.11016584,-0.5608199,0.69832903,0.67284405,-0.31350234,0.22494593,0.6485217,-0.27024543,0.028831575,0.5120736,0.086692855,0.18839648
rna|CCDC102A,0.19488308,0.2731651,-0.14357807,-0.23183358,-0.27691182,-0.24642079,-0.18707608,0.3152927,0.26265272,0.08964332,-0.15054923,1.0273083,-0.10650077,-0.6190452,0.09633232
rna|NEUROG3,0.4815259,-0.58411515,-0.1851847,0.33869812,-0.39896885,0.4677467,0.39727747,-0.16680652,-0.023310196,0.30662474,-0.2589164,-0.48570475,0.3185012,-0.28709334,0.5547406
rna|FOS,-0.041486308,-0.14985889,0.11201967,0.022025287,-0.5525348,-0.60983396,0.043705594,0.26516995,-0.1404819,0.10598357,0.042607065,0.45432758,0.02395614,-0.21934608,-0.057514876
rna|UNQ6494,0.33171633,-0.24139202,0.18305126,-0.5818087,-0.017239539,-0.0898319,-0.24015969,0.7990579,0.16673651,0.0062949928,0.21382135,0.26756853,0.08679269,-0.532743,0.32957855
rna|PCDHGA8,0.35081425,0.015468842,-0.554879,-0.39260006,0.11980265,-0.44840977,-0.10698587,0.23855798,-0.94263554,0.1790489,-0.50868744,-0.14274685,0.056633264,-0.09375277,-0.27147278
rna|FCGR2B,0.14511168,0.11562272,-0.1748988,0.24877127,-0.23060293,0.2039648,0.025440399,-0.21728432,-0.10585829,-0.16323082,-0.25162688,0.2298668,0.2684011,0.15588179,0.0032893284
rna|PLSCR2,0.6670877,-0.01648779,-0.16140763,-0.11619339,-0.5087646,0.054404378,0.22260994,0.010611808,0.40078992,0.21030429,-0.23657528,-0.14345561,0.39156705,-0.30738905,0.29307014
rna|OR1K1,0.5548536,-0.56267655,-0.27322298,0.37798184,-0.34317464,0.41263935,0.43330875,-0.15719369,0.0056389454,0.14427277,-0.30613616,-0.5605743,0.32823467,-0.39625174,0.497577
rna|MAFG-DT,0.27971852,0.05483399,0.2315014,-0.21928471,-0.19348283,-0.06603108,0.25596744,-0.0070389537,0.6923564,0.84600013,-0.05932295,-0.16339661,0.39703184,-0.64017683,0.07497632
rna|PNOC,0.07139212,0.038928322,-0.5949155,0.4542671,0.10641797,0.26127318,-0.11174028,-0.33888686,-0.45709234,-0.16160351,-0.32106543,0.03265444,-0.22766218,0.28410488,0.20556314
rna|NECTIN4,-0.4549386,-0.017367164,0.21136136,-0.35122508,-0.47668767,0.051368304,0.54417807,0.14194736,0.03859382,0.8524881,0.13287923,0.024571521,0.38261247,0.11117277,-0.13881281
rna|CLECL1,0.0040653776,0.25013015,-0.7220666,0.2652706,0.012781529,0.10290779,-0.1595217,-0.0037398692,-0.297916,0.13276684,-0.1669023,0.4709349,0.05693277,0.11846755,0.023688413
rna|CPVL,0.005824608,-0.14425327,0.9640187,0.13571016,0.11902654,0.14616264,0.16754514,0.13762482,0.4338306,-0.596494,0.4147852,-0.07908324,0.0295221,0.21780182,0.36758474
rna|ZNF391,0.09905266,0.14324296,0.066187516,0.076444186,0.09694983,-0.1845821,0.1523658,0.07305373,0.30919954,0.41385007,-0.44914955,0.23293957,0.35236007,-0.19069883,0.10003369
rna|FOXD4,0.16266437,0.010276328,-0.23413917,0.35692045,0.21711412,-0.18283118,0.20236824,-0.42548636,-0.1978775,0.49883473,-0.54327184,-0.4559013,0.2876204,0.26814234,-0.14690955
rna|CAMSAP3,0.14609547,0.068909675,-0.12062026,0.17971526,-0.20971014,0.42090744,0.24795346,-0.26524308,0.015052768,0.35484987,-0.4723758,0.14924002,0.5563343,-0.113821134,-0.27052665
rna|GAGE12E,0.6150317,-0.476328,0.014792791,0.4161828,-0.3259064,0.50561035,0.44104236,-0.04738276,0.048885655,0.21175063,-0.32463735,-0.33171046,0.3916408,-0.63684237,0.5988041
rna|APOD,0.054598723,0.13599941,0.54473335,0.18744063,-0.06052439,-0.11140866,0.053220194,-0.09339184,-0.08762044,0.13994774,-0.12694876,-0.116101205,0.25194436,0.1314817,0.01373223
rna|MICU2,0.19354399,0.67979497,0.0029992443,-0.8112133,-0.2439276,0.31016988,-0.48598936,0.34342968,0.53964555,-0.13772039,0.60984087,0.7103096,-0.6168603,-0.48658878,0.12017716
rna|TMEM37,-0.0979821,-0.23619081,0.5912273,0.512388,0.20441258,-0.45264548,0.132875,0.15523782,0.2571898,-0.2094189,-0.411455,-0.12512961,0.32789785,0.38905963,-0.44740513
rna|SPON2,-0.11136458,-0.330375,0.47227573,0.17068233,-0.017749358,-0.7166622,0.5377147,-0.038130663,-0.13010532,0.3171871,-0.17352025,-0.2645893,0.5102255,0.063389026,-0.4264364
rna|HAP1,0.58266217,-0.2517161,-0.08021346,0.50333,-0.08091824,0.4450107,0.3233769,-0.13222742,0.041537754,0.2259817,-0.46362287,-0.2358864,0.48154172,-0.40210602,0.36611354
rna|MXRA5,-0.2351829,-0.04082297,0.44156253,-0.43061358,0.07510272,-0.6029846,0.3259827,0.48155954,-0.42691347,0.45923066,0.3633193,0.44007963,-0.2841221,-0.54740417,-0.30028164
rna|LTC4S,0.10517199,-0.03682397,0.28239477,0.1557739,-0.23652238,-0.17043269,0.11917197,-0.12415065,0.14422216,0.2023659,-0.5994815,-0.31310856,0.31350875,-0.06525973,0.13571447
rna|MAS1,0.5436295,-0.78051865,-0.10085013,0.40465495,-0.40214503,0.34746453,0.18992382,0.067723,-0.011155102,0.03579161,-0.21210384,-0.50987566,0.29929355,-0.26711303,0.41392192
rna|HAMP,0.1046169,-0.14000708,-0.007052958,-0.17853072,0.19222018,-0.28350705,0.11575714,0.5772893,0.057535157,0.33440414,0.24215482,0.09477228,0.08281843,-0.46782568,-0.35685402
rna|SLC16A2,-0.071881264,0.22740316,0.4408121,-0.14894876,-0.13476023,-0.3420632,0.41695482,0.32603198,-0.112300664,0.1050159,-0.26973936,0.059924908,0.33548766,-0.69956887,-0.1467261
rna|NKX2-1,0.23003154,-0.43979448,-0.18730716,0.4590005,-0.34121126,0.37418243,0.52388036,0.07319455,-0.10738824,0.1496336,-0.20480289,-0.33216223,0.22543618,-0.28906676,0.37750927
rna|SERINC2,-0.39355972,-0.02259023,0.011841271,-0.064097054,-0.23394096,-0.15838647,0.451434,0.104175955,-0.07307046,0.2956147,-0.43625784,0.11289967,0.45376533,-0.12003083,-0.26621947
rna|KNG1,0.48619223,-0.23587511,-0.11891797,0.25273857,-0.30366603,0.52265394,0.5456921,-0.08152366,0.22944394,-0.062134143,-0.13880934,-0.45177627,0.40885043,-0.58874595,0.06507923
rna|DNAAF3,0.35143802,0.085329235,0.47979352,-0.12256574,-0.367343,-0.11477514,0.31396642,0.08731062,0.32226527,0.180738,-0.3975975,0.065860055,0.43276748,-0.46512425,0.019001529
rna|OR2G2,0.62944293,-0.39671403,-0.15019724,0.25437674,-0.5977758,0.5189125,0.3804321,0.007858551,0.16523613,0.35300404,-0.23092401,-0.3693054,0.41834334,-0.5693792,0.32731414
rna|GAGE7,0.19725785,-0.33419406,0.10206986,0.048578482,-0.105237015,0.4392376,0.28065774,-0.12992567,0.07439558,-0.17298938,0.019024381,-0.589366,-0.08010931,-0.5737024,0.7673453
rna|PITX2,0.17118138,-0.3011526,0.2151958,0.22668158,-0.049699903,0.41910648,0.42998502,-0.13492846,-0.55173177,0.26723897,-0.12347273,-0.54190445,0.088316955,-0.22046824,0.31081986
rna|NR4A1,0.12695377,-0.3813798,0.01138188,0.51413614,-0.33243626,-0.300262,0.32317087,-0.22640643,-0.670841,0.21226326,-0.3941154,-0.2294053,0.28433278,0.10965125,0.054420628
rna|CFP,0.16576755,-0.20709899,0.43106893,-0.16644073,-0.2522247,-0.2508243,-0.3384081,0.37194297,0.5738074,-0.14878406,-0.2524705,0.042671844,0.574747,0.26099446,-0.12635072
rna|SEMA6C,0.5227508,0.05631149,0.34538826,-0.3252478,-0.21883748,-0.008592251,0.14630423,0.10317156,0.45818627,0.35469085,-0.3139861,-0.033101775,0.5692894,-0.68173397,-0.05187471
rna|THBS1,-0.4684168,-0.036221214,0.31539142,-0.050854813,-0.03312296,-0.82588124,0.38185862,0.16223565,-0.5267806,0.15156853,0.35967025,0.23208676,-0.31875646,-0.23961397,-0.42939553
rna|PCOLCE2,0.35692206,-0.057781663,0.12000394,-0.40898377,-0.34979263,-0.11013982,-0.32648063,0.10985133,0.3017788,0.036815245,-0.3589928,0.07823013,0.22988363,-0.7030919,0.076842874
rna|ANPEP,-0.21970989,-0.5589302,0.49088112,0.4359441,-0.50537574,-0.5690361,0.44593674,0.07153648,0.047601923,0.08711241,-0.20277353,0.07697432,0.6318972,0.029111786,-0.32980374
rna|EMILIN1,0.056425773,-0.15183364,0.77668667,-0.3798186,-0.028068382,-0.5440335,0.43605208,0.55034655,0.1820638,0.24529967,0.07845321,-0.0025466713,0.11135431,-0.31669456,-0.24698825
rna|ANGPTL2,-0.23299739,0.22421362,0.82769704,-0.8167599,-0.21593627,-0.49527377,0.32085887,0.37406257,0.23512541,0.29556674,0.51336724,0.09025461,-0.10280811,-0.7906004,-0.1651253
rna|THBS2,-0.24017256,-0.15936306,0.33103234,-0.2515123,-0.057925507,-0.8105317,0.6209972,0.2237287,-0.6357033,0.39829242,-0.04555113,0.014391217,-0.05092054,-0.61948377,-0.42544177
rna|PSORS1C3,0.22575292,0.08448831,-0.111265205,-0.04639556,0.10049217,0.061883096,0.07498938,0.053874966,0.216386,0.34911537,-0.22766931,-0.06512315,0.41010582,0.049844537,-0.21831772
rna|ASB18,0.40422392,-0.54613787,-0.46484885,0.29515877,-0.28383172,0.4528665,0.39853692,-0.32387,-0.07981817,0.20250371,-0.2518621,-0.74484324,0.10506678,-0.29964384,0.5211261
rna|MS4A1,-0.2120094,0.33572617,-0.71606255,-0.22472456,0.2466728,0.17973624,-0.48657176,-0.029088207,-0.75289184,-0.079635754,0.07169729,0.5964804,-0.41850936,0.1965613,0.024972716
rna|OR2T27,0.43649486,-0.31463915,-0.22610961,0.21260798,-0.32245728,0.44596413,0.45046473,-0.24584995,-0.0792542,0.2859636,-0.24824445,-0.52584875,0.12709066,-0.47510412,0.542964
rna|BPIFC,0.38609433,-0.22418052,0.060542304,0.14313242,-0.38102648,0.5972638,0.41833696,-0.19722869,-0.0339142,0.39193687,-0.20444426,-0.48014382,0.29615092,-0.58477855,0.3915842
rna|CPLX1,-0.12438083,-0.48268864,-0.09656229,0.87051886,-0.40568265,-0.24690388,0.19697803,-0.059633546,-0.2971603,0.10970596,-0.72395414,-0.045775358,0.31172547,0.013039214,0.019280186
rna|PDE3B,-0.40244406,-0.2379268,0.08369072,0.16168444,-0.24644865,-0.121254005,-0.24621053,0.31297183,-0.1659526,-0.80386066,0.18944159,0.6541331,-0.42339388,0.22630589,0.17388277
rna|IL17REL,0.03327458,-0.3289181,-0.31341824,-0.011938362,-0.13495903,0.107185476,-0.39560884,0.21172896,-0.01025204,-0.07268193,-0.5771826,-0.048946243,0.3964858,0.22698484,0.1030874
rna|ILDR1,0.09196717,0.26434192,-0.21929038,-0.8955083,-0.049573965,-0.008204421,-0.31216052,0.40280405,-0.22801502,0.11450198,0.34163165,0.21655977,-0.449414,-0.410036,0.11499504
rna|PPIAL4G,0.5343978,-0.68032354,-0.13296224,-0.006979584,-0.6504129,0.11401935,0.04615913,0.24983685,-0.05882239,-0.17234111,-0.5530145,-0.206689,0.47835755,-0.36037576,0.7138093
rna|SCGB2A1,0.08104089,-0.22059867,0.08892278,0.11092169,-0.46240816,0.53602976,0.5481757,-0.012059024,0.22086826,0.30936798,-0.24241579,-0.23533487,0.31220984,-0.4907231,0.35721776
rna|PNMT,0.25271577,-0.3417915,-0.20931832,0.40081927,-0.3613419,0.51480913,0.43140632,0.03351358,0.110262126,0.4128558,-0.21172012,-0.3878385,0.25593415,-0.52095836,0.3722166
rna|OR4S2,0.4781437,-0.54122335,-0.17519076,0.3953421,-0.16278055,0.4148644,0.38412443,-0.22502778,-0.01274442,0.29576132,-0.34391472,-0.66845214,0.29916686,-0.2577656,0.46666652
rna|SOX5,-0.28064066,0.078975305,-0.25706825,0.16267961,0.2860394,-0.31371248,-0.08434794,-0.07473577,0.21142314,0.19388011,-0.0058813514,0.20487083,-0.10328954,-0.008625463,-0.1935472
rna|NOL4,0.54863906,0.26881665,-0.02567174,0.039087653,-0.04654538,0.28023946,-0.06189208,-0.28336173,-0.2561555,-0.041262005,0.04992081,-0.06949992,0.054303557,0.05340898,0.1264281
rna|CACNG3,0.4042328,-0.46491924,-0.14131472,0.0059805713,-0.06958193,0.2193075,0.038926773,0.30022615,0.28656986,-0.05293269,-0.19953936,-0.57930344,0.24478915,-0.18614627,0.34403238
rna|NOS1AP,-0.1162959,-0.630941,-0.09493596,-0.06563072,-0.37761444,0.00034081796,0.31814757,0.44319808,0.11110187,0.17320172,-0.16830307,-0.0747985,0.33903942,-0.37938586,0.031435516
rna|SBK2,0.45943937,-0.122756496,0.10926378,0.3251984,-0.13831435,0.4604036,0.40717673,0.0024636635,0.14352429,0.2962964,-0.3385383,-0.35030735,0.39541033,-0.5705128,0.51581347
rna|VEGFA,-0.05847567,-0.42926094,-0.17974623,0.7706617,-0.26434302,-0.317721,0.50043505,-0.1990617,-0.21231997,0.44362187,-0.19811827,-0.25155345,0.4984886,-0.010267453,-0.24248098
rna|FAM178B,0.34354916,-0.39757526,0.069687605,0.28948298,-0.42807773,0.18358336,0.199628,-0.046070006,0.24128903,0.038212437,-0.48343754,-0.4838777,0.3765255,-0.45406312,0.3430649
rna|FLNC,-0.50490874,-0.1020299,0.6407944,-0.43400994,-0.14934544,-0.18318993,0.54986656,-0.19088645,-0.13356103,0.0018543298,-0.007977559,-0.42496958,-0.0959678,-0.54572356,0.19878224
rna|SCUBE2,0.09998803,-0.27674437,0.71905977,-0.3619875,-0.6504323,-0.29669663,-0.23906162,0.2315402,0.48570743,-0.07683962,-0.35914302,0.04673993,0.46576452,-0.4714107,0.080317914
rna|RAB26,0.31153774,0.11419707,0.02801831,-0.24477689,-0.11345016,0.23604845,0.13176492,0.15313931,0.6007065,0.225833,-0.36238956,0.0060214614,0.4255539,-0.2324108,0.11954927
rna|ATG9B,0.25351855,-0.07866747,-0.03936791,0.20025727,-0.50566506,0.042714905,0.17161338,-0.22540571,0.15209843,0.35254204,-0.55443645,0.01511369,0.49813408,-0.031912453,0.19607213
rna|TREML1,0.43243366,-0.31104645,0.020347552,0.2710906,-0.34428433,0.20942546,0.2551002,0.091018625,-0.01572001,0.15747134,-0.47242844,-0.11807521,0.41326398,-0.47446358,0.4230951
rna|SYNPO2L,-0.2829729,0.20450042,0.3102024,-0.061886534,-0.5110632,0.383445,0.27065638,-0.035805054,0.2669702,0.5099318,-0.25818777,-0.07621367,0.2905678,-0.14213568,0.19232717
rna|PSTPIP2,-0.22568794,-0.0617157,0.6903558,-0.2570288,-0.21799776,0.16604361,-0.029743224,0.47312737,0.81443405,-0.27221733,1.2455487,-0.013962351,-0.23764147,-0.017273212,0.17780946
rna|FGFBP1,-0.7226718,0.025536695,0.43184954,-0.16374753,-0.5050869,0.637089,0.6490663,-0.44010243,-0.011421813,0.4800042,-0.12374294,0.15547444,0.31884432,0.30240116,0.26393074
rna|PRIM2,-0.034985904,0.04153234,-0.3364129,0.5294142,0.27430627,-0.12984844,-0.08296436,-0.08809972,-0.46995965,0.15546115,-0.13902625,0.07473505,-0.14555667,0.21728483,-0.349688
rna|GABRP,-0.31755015,-0.008599734,0.14475077,0.04864962,-0.64429873,0.5255074,0.708434,-0.49434412,0.13789573,0.40052694,-0.40196925,-0.22249626,0.37187824,-0.09635916,0.30934027
rna|TH,0.32465634,-0.59657973,-0.053139966,0.3618528,-0.3096855,0.39161235,0.38305986,-0.060229875,-0.0183978,0.21285315,-0.053365614,-0.40565783,0.30958447,-0.5153604,0.41639686
rna|ITIH4,0.50787765,-0.042103972,-0.014757236,-0.5395457,-0.47251812,0.14381059,-0.11096504,0.3488073,0.694226,-0.22347751,-0.31316072,-0.05032976,0.29516813,-0.3895347,0.20727472
rna|LAD1,-0.31307298,-0.35491893,0.041316092,-0.07739025,-0.6374073,0.14261004,0.41647184,0.17632534,-0.06322759,0.47613525,-0.4016167,0.30073297,0.5470006,-0.27976498,-0.13479829
rna|BHLHE41,-0.28380096,-0.26012307,0.3954774,0.15539275,0.0045067165,-0.3841163,0.16685243,0.38213515,0.09544592,0.2352983,0.21974513,0.32822376,0.17103234,-0.38255584,-0.017139371
rna|DIRC1,0.5290283,-0.4623056,-0.22151214,0.3013594,-0.35875615,0.34506753,0.52369344,-0.20418555,-0.046892457,0.30731517,-0.19924836,-0.61228454,0.36062652,-0.4207195,0.3735557
rna|CRYGA,0.5969509,-0.34601822,-0.1270394,0.42287537,-0.40269536,0.52240074,0.3709626,-0.19516137,0.0419557,0.3797176,-0.33278516,-0.4901846,0.4273921,-0.3814538,0.46895918
rna|RAB33A,-0.15482993,-0.008818988,-0.19984469,0.2248413,0.3622758,-0.41011974,-0.1813887,-0.07059578,-0.10016163,0.22015257,0.019500758,-0.012149675,0.01409051,0.25953948,0.07934349
rna|COL5A2,-0.38887164,0.16076064,0.34962025,-0.7213798,0.051922016,-0.5318582,0.348078,0.2599047,-0.33120468,0.27857375,0.745282,0.29061016,-0.65859604,-0.82335734,-0.22328106
rna|SAR1A,0.07314918,0.5376838,0.19010605,-1.0245049,-0.039099153,0.3597797,-0.39361286,0.2677127,0.5420094,-0.31670752,0.8013786,0.12145264,-0.6544514,-0.37926266,0.21261075
rna|FLJ43763,0.46369532,-0.3205882,-0.18764204,0.3017555,-0.25603762,0.34587824,0.37055212,-0.20903425,0.051892158,0.22495541,-0.20920856,-0.7402889,0.3009608,-0.51502794,0.49747697
rna|TOX2,-0.011563764,-0.0063503096,0.14487813,0.23258702,-0.10790029,-0.20254557,-0.31617793,0.36139023,0.697473,-0.1988498,-0.2252145,0.42926845,0.3256018,0.31097594,0.28194892
rna|CKMT1B,-0.12324584,-0.102351055,0.4457086,-0.010397086,-0.30985937,0.70483935,0.6110344,-0.35814548,0.04604942,0.44302216,-0.16045813,-0.42701876,0.21310076,-0.20471673,0.36280245
rna|VSX2,0.32652074,-0.6292956,-0.27364644,0.24923281,-0.273837,0.2444482,0.19120121,-0.078334436,-0.13198857,0.10481852,-0.30101642,-0.50552744,0.1428832,-0.31022996,0.29709077
rna|GHR,-0.22200164,0.08257422,0.381834,-0.397741,-0.5068147,-0.040504884,-0.018379513,0.27891782,0.33021998,-0.4859094,-0.059861906,0.19207788,-0.36116964,-1.0259616,0.093051344
rna|NLGN1,0.16675928,0.05313451,0.07014867,-0.10947197,-0.40643787,0.11747881,-0.058420356,0.13109064,-0.27059144,0.026808614,0.08826752,-0.27536073,0.014077057,-0.2928559,0.16323948
rna|FAM181A,0.22390413,-0.099871054,-0.04201971,0.11124248,0.049173407,0.27488106,0.42614624,-0.121526755,0.3369457,0.51588315,-0.18214849,-0.53413737,0.20265134,-0.139047,0.24380329
rna|MET,-0.2907153,0.18020338,0.15927304,0.1885162,0.38565004,-0.031453233,0.49313113,-0.091661975,-0.18542063,-0.019325241,0.21933752,0.15792692,-0.25177956,0.099532,-0.011027788
rna|LPO,0.3873083,-0.4671297,-0.16971971,0.27389112,-0.4934565,0.37773502,0.44787928,-0.11225452,0.15209626,0.3426047,-0.2386344,-0.5674671,0.3286363,-0.40061358,0.4239742
rna|IQGAP2,-0.16314395,0.12570432,0.1557318,-0.2962234,-0.22255932,0.33530518,-0.2818979,0.20897816,0.5221828,-0.77944386,0.90896004,0.38619593,-0.66892385,-0.19991732,0.39950445
rna|VPS35,0.029487604,0.5872162,-0.17934592,-0.78869575,-0.22750024,0.410577,-0.41122133,0.3306777,0.49015388,-0.15824544,0.76153237,0.48304534,-0.7471285,-0.48839256,0.10503824
rna|RDH16,0.3145735,0.16221234,0.25122562,-0.32034317,-0.34991223,0.22269031,0.089481965,0.3545157,0.7250867,-0.23566937,-0.29554772,-0.1520956,0.34903935,-0.40376598,0.10281649
rna|UGT8,0.1650907,0.10483791,-0.46326935,0.028006032,0.004606414,0.13204405,-0.08371073,-0.2224354,-0.28821996,0.47230744,-0.5031087,-0.05856809,0.056741614,0.16091909,-0.10211356
rna|UNC5A,0.14715582,-0.20077081,0.14922793,-0.1254551,-0.65500975,-0.22386761,-0.1777994,0.46456894,0.56598073,-0.13827609,-0.2121775,0.48225823,0.3315062,-0.5356717,0.12373163
rna|AUTS2,-0.101651095,0.11284982,0.08469951,-0.5461454,-0.24896921,0.093123995,0.010469988,0.3540415,-0.47522613,-0.34726375,0.26775745,0.52940595,-0.44162732,-0.5355956,0.088849746
rna|IFI44L,-0.23488924,-0.18662934,0.60574836,-0.001278097,-0.3104348,-0.22835498,0.05452481,0.4448314,0.09204659,-0.48217672,0.3134165,0.062432606,-0.24241184,0.26700795,0.03441012
rna|SLC12A8,0.033882886,0.09755199,-0.16179286,-0.61217654,0.013721593,-0.5724517,-0.004947264,0.49198845,-0.3703124,0.29542333,0.18582016,0.41167793,-0.029084992,-0.40321612,-0.2684364
rna|A4GALT,-0.1045057,0.070110776,0.30429497,-0.79596823,-0.0072740265,0.28122342,0.04287092,0.21818225,-0.28699636,-0.23278953,0.64288795,0.14097057,-0.6918524,-0.7476238,0.2147254
rna|PTCRA,-0.3000005,-0.14218041,0.6841124,0.05965519,-0.051991414,0.34570926,-0.21372706,0.3519585,0.691413,-0.88913417,0.30273372,-0.03792858,0.111058,0.1017299,0.5850722
rna|UGT2B17,-0.12751122,0.22190663,-0.124926165,-0.35853282,0.23067284,-0.12188071,0.06605066,0.023534883,0.06168183,0.039527394,-0.02646332,0.04356665,0.14758563,0.036416903,-0.23942116
rna|FAM83H,0.1789693,0.023521328,0.423311,-0.05041087,-0.3165703,0.13084881,0.4657651,0.08349583,0.6859867,0.35909587,-0.079862885,0.15418437,0.73766845,-0.26941347,0.08146233
rna|MIR370,0.33170745,-0.098683625,0.13510935,0.009297427,-0.36631545,-0.2229051,0.45585108,-0.03758597,-0.0007753486,0.47444373,-0.2577348,-0.520383,0.45759192,-0.6381728,0.08621004
rna|COL4A3,0.18280534,0.020816926,-0.38103715,-0.1830741,-0.36248046,-0.08639764,-0.09241082,-0.014893896,-0.14166017,0.08067163,-0.6035887,-0.024702685,0.056785595,-0.20879675,-0.13398652
rna|MARK1,-0.21511003,0.10240427,-0.06076724,-0.345241,0.29127905,-0.24849303,0.017395288,0.043546133,-0.6411692,0.18768188,0.10806621,0.21333933,-0.34767842,0.024053155,-0.12622994
rna|OXR1,-0.09438095,0.46309075,0.09560313,-0.47193956,-0.16666088,0.3388252,-0.14243962,0.24016465,0.34678623,-0.39676383,0.6272852,0.68682164,-0.66236734,-0.6525374,0.35588825
rna|CT45A5,-0.04478389,0.13486451,-0.039402332,-0.016717529,0.526383,-0.10493484,0.16552159,-0.11376644,0.11213913,0.2760933,0.18786131,-0.10561493,-0.10813702,-0.011212535,0.20994167
rna|TAFA5,0.198121,-0.4052436,0.046611827,0.30874455,-0.22408243,0.047696386,0.41415936,-0.12985454,-0.2115722,0.4629656,-0.4380877,-0.36011863,0.23061891,-0.3376482,0.20148061
rna|RHBDD3,0.41708365,0.19794108,0.41136596,-0.14118503,0.14269409,0.028336644,0.13653055,0.094577685,0.8542666,0.30422452,-0.28740284,-0.1361092,0.39731887,-0.17292222,0.027103066
rna|SNORD94,-0.099006824,-0.17832421,-0.015212179,0.28524774,0.13022545,-0.35218847,0.25055802,-0.08828295,-0.31032234,-0.054636315,-0.5362165,-0.15045483,0.40307617,0.48254246,-0.116716005
rna|PPM1L,-0.015499999,0.32634997,0.09572771,-0.26859492,-0.024845006,-0.01493532,0.038954157,-0.38886616,-0.12526944,0.18987393,0.02866112,-0.29228288,-0.119061865,0.25959727,-0.06851516
rna|FBLN2,-0.17647243,0.092251316,0.53223073,-0.56485224,-0.19666232,-0.61879975,0.16163068,0.2711148,-0.31233668,0.3594619,-0.12187462,0.5032639,0.14126836,-0.67403555,-0.30371788
rna|GRM4,0.38749716,-0.29340664,-0.20889547,0.3668197,-0.39282656,0.59554356,0.18814953,-0.066645,0.0058508986,-0.005377436,-0.07237609,-0.24894619,0.38118553,-0.12493488,0.30201185
rna|PKHD1L1,0.21824552,0.27769494,-0.209076,-0.23147856,-0.16181292,-0.0069772154,-0.14902295,-0.06714337,-0.4613538,0.07838537,-0.2024171,0.21917489,0.033948634,-0.15339598,-0.0232873
rna|MIR22HG,-0.40082663,0.012907602,0.32128936,-0.32407096,-0.20924893,-0.18638253,-0.16393332,0.35265705,0.2541099,-0.2459581,0.81052923,0.20976463,-0.17166719,-0.30401495,0.0670142
rna|SPRR2A,-0.95179045,0.31595203,0.25067997,-0.19974835,-0.74709994,0.60434204,0.58384126,-0.46696347,-0.10543908,0.67487013,-0.124515906,0.1579564,0.40832946,0.6610314,0.13644648
rna|SPRR2B,-0.37861314,0.13748921,0.2186781,-0.05527323,-0.4947458,0.59224933,0.5785725,-0.31399837,0.15917495,0.7263932,-0.35974473,0.059414435,0.5411327,0.11218144,0.1291817
rna|UPK1A,0.045970935,-0.08001273,0.17691666,0.0020728472,-0.28283173,0.3215804,0.06116088,-0.16369352,0.39751545,0.3761704,-0.29865408,0.16675422,0.2471626,-0.11606685,0.14589295
rna|KRTAP10-10,0.53811896,-0.61937785,-0.24200594,0.48382252,-0.4251995,0.4384016,0.3442851,-0.21629858,-0.1282126,0.32755515,-0.40863895,-0.47489446,0.34153777,-0.40757158,0.4666889
rna|NTM,-0.05894928,0.07057202,0.30515286,-0.7529979,0.0022851587,-0.2827559,0.39739603,0.0982385,-0.45598307,0.4043992,0.18821709,-0.30121577,-0.18076405,-0.8179968,-0.11093078
rna|BACH2,0.10452528,0.29961976,-0.3915193,-0.20744753,-0.068744816,0.22598901,-0.38293725,-0.05953896,-0.554833,-0.29557815,-0.2712703,0.2776628,-0.4147538,0.26661322,-0.08513616
rna|PTGIR,0.11370433,-0.4440777,0.102328315,0.027842816,-0.17728081,-0.41643178,0.274894,0.30694598,-0.3177477,0.14216855,-0.06302697,-0.09792113,0.28204536,0.06948866,-0.055363253
rna|ZFYVE28,0.07120667,-0.27077487,0.6550873,-0.14136387,-0.26486623,-0.33407977,0.056060474,0.5402203,0.35374796,-0.039656203,-0.3620475,0.18719608,0.30343983,-0.017880432,0.22968054
rna|DRD3,0.5262063,-0.36321604,-0.06342877,0.37088072,-0.323704,0.45421797,0.26216334,0.015328253,0.09177231,0.24872856,-0.42770565,-0.4436412,0.43805742,-0.4969024,0.4159701
rna|AEBP1,-0.07861596,0.16715649,0.68628305,-0.93722206,-0.08286888,-0.32130754,0.32687938,0.24652718,-0.12291323,-0.019488256,0.3842208,-0.12578073,-0.3397663,-0.49622795,0.043561768
rna|KLF15,0.3762587,0.015534384,0.28261256,0.15335038,-0.27117684,0.28148973,0.5450164,0.02434638,0.3968621,0.01604002,-0.38452896,-0.33256283,0.15206881,-0.39179376,0.015451898
rna|ACCSL,0.30949104,-0.2338703,-0.11504444,0.39750051,-0.05611524,0.18850997,0.40519062,-0.1953878,0.19604343,0.41755244,-0.16994317,-0.33842123,0.42035824,-0.19233228,0.38146576
rna|SPDYE2,0.53630435,-0.29989287,-0.18498507,0.35728326,-0.16332117,0.49066868,0.53428537,-0.099275075,-0.0030572747,0.26776463,-0.16904171,-0.5855477,0.26095885,-0.59424406,0.49844092
rna|ATOH8,0.30195233,-0.3829276,0.4247578,0.21064904,-0.3459687,-0.10548233,0.06860445,-0.05449467,0.3812576,-0.037074123,-0.5258715,-0.38639244,0.5096117,-0.23347433,0.14675163
rna|PALLD,0.13710096,0.1808931,0.3617995,-0.724798,-0.33408657,-0.609313,-0.2546999,0.7939325,0.11364849,-0.047630016,0.18745038,0.52644825,-0.26781514,-0.54985636,-0.24184017
rna|ALDOB,0.41297072,-0.2215059,-0.18279208,0.05278727,-0.26831883,0.53484094,0.59156835,-0.028567372,0.09717492,3.0753145e-05,-0.12547919,-0.47969943,0.21781023,-0.37663895,0.06252818
rna|ZBTB16,0.1382134,-0.24891612,0.55473524,-0.050494835,-0.14003222,-0.27243578,0.18312535,-0.032438383,0.2801678,-0.22885305,-0.5486168,-0.2135465,0.5790203,-0.12410527,-0.04384492
rna|SLC40A1,0.14721794,0.3140606,0.27598804,-0.12815286,-0.18199785,0.21232893,-0.5531387,0.057977464,0.3609645,-0.8854073,-5.2796608e-05,0.282543,-0.39300925,-0.29742223,0.14551872
rna|CPA4,-0.06951402,-0.19275361,0.084430695,0.11074606,-0.4971218,0.29705703,0.4346046,-0.3143682,-0.058930393,0.23363951,-0.30022755,-0.4550417,0.38490352,-0.022436252,0.34453714
rna|LOC100133920,0.4720398,-0.24004477,-0.22022296,-0.15067323,-0.15987934,0.452791,0.38234684,-0.13659114,-0.2096302,0.20825504,-0.06189431,-0.5566682,0.018492693,-0.5527028,0.4653976
rna|SLC22A8,0.56344885,-0.44522578,-0.2855096,0.44746876,-0.32073057,0.4581446,0.2792401,-0.18468653,-0.15630342,0.14467572,-0.2777588,-0.59599024,0.19898757,-0.32581723,0.6082573
rna|FAM192BP,0.48757413,-0.24343883,-0.2526404,0.1958463,-0.1792213,-0.033946186,0.028853524,-0.11294322,0.41169262,0.281486,-0.41053772,-0.12407019,0.62219316,-0.17039533,0.13779813
rna|SNCG,-0.049627617,-0.22646108,0.38265318,0.15223178,-0.25988546,-0.03212977,0.083188094,-0.18830977,0.2838725,-0.1495023,-0.7270508,-0.25164124,0.37976262,-0.31853738,0.24482302
rna|PYY,0.56830305,-0.4939186,-0.21730717,0.50366557,-0.42753837,0.35845122,0.28853944,-0.24556679,-0.035965797,0.20482172,-0.400545,-0.27463463,0.17576401,-0.39735657,0.37370726
rna|GTF2H2C_2,0.2014128,0.4783132,0.04125453,-0.27466872,0.31739676,-0.42059436,-0.26261762,0.15111682,0.5017481,0.45789635,0.004507604,0.4860101,0.2758839,0.16752718,-0.6637738
rna|SLITRK1,0.3171922,-0.57824004,-0.017400524,0.13355134,-0.2612873,0.42318842,0.38541868,-0.09600054,0.17695008,0.13014057,-0.14344959,-0.6327073,0.22657107,-0.39480615,0.34366196
rna|FAM124B,0.21473815,0.110419594,0.52069765,-0.42250624,-0.298822,-0.27085388,0.2316109,0.21346956,0.4352376,0.44458762,0.048117667,0.034171622,0.23029804,-0.6799112,-0.107103586
rna|ADAM21P1,0.37240422,-0.347177,-0.2512979,0.2563408,-0.34819183,0.38014105,0.37247148,-0.058560085,0.06295916,0.18202406,-0.31874633,-0.6992048,0.1800316,-0.55927354,0.5477415
rna|RASAL1,0.14209911,0.6671904,-0.09098054,-0.3286476,0.054033283,0.57705736,-0.0033090024,-0.234289,0.3224308,0.30549937,0.2211367,0.3980619,-0.08296446,0.19994259,0.09870612
rna|N4BP3,0.14626475,0.29064605,-0.5042106,-0.20533018,-0.2646908,0.042826757,-0.10436876,-0.3112362,-0.79588836,0.22845712,-0.14364295,-0.051993396,-0.14884631,0.20553775,-0.17764096
rna|CHI3L2,0.14882092,0.04334225,-0.15163009,-0.21937817,-0.23714676,0.18829626,-0.59393185,0.35780537,0.44307843,-0.3427077,-0.05937841,0.23031874,0.08015485,0.0873367,0.28654462
rna|RIPOR3,-0.068185374,-0.46048185,0.3421841,0.1182216,-0.51378685,-0.41277087,0.28146106,0.3031822,0.33800846,0.10144891,-0.45302358,0.00014150068,0.7204688,-0.22587968,0.032726195
rna|DBNDD1,-0.38589004,-0.17433806,0.066108555,0.064315215,-0.25374344,0.30807015,0.11360439,-0.0261188,0.14082195,-0.21421972,-0.17710046,0.22682227,0.05605719,-0.11566629,0.24908361
rna|ENPP5,0.08406099,0.25546184,-0.1349875,-0.5398014,-0.15829007,0.13993262,-0.02027552,0.37917304,0.19561863,0.065734476,0.25455233,0.4228118,-0.33764806,-0.676116,0.06401456
rna|KEL,0.43525258,-0.57742846,-0.2700789,-0.030398175,-0.4560981,-0.045180652,-0.50829095,0.8410062,0.06991823,-0.64178795,-0.35997632,0.118374005,0.2323797,-0.25406402,0.40298083
rna|B3GALT4,0.5061444,-0.06820495,0.39656028,-0.5335522,-0.4123819,-0.28062767,-0.19701451,0.6497373,0.3765487,-0.0015881768,-0.038875647,0.47243333,0.450314,0.033637676,-0.0070495103
rna|THBS4,0.055212304,0.19956005,0.38285637,-0.41713712,-0.28290328,-0.31761107,0.00996891,0.08427329,-0.022117022,0.39803296,-0.10451342,0.06436376,-0.07992347,-0.44469684,-0.1526426
rna|RANBP3L,0.087265156,0.19224156,0.14660293,-0.34939736,0.16217804,-0.2475989,0.334688,0.1257573,-0.40346542,0.39873445,0.21454087,-0.16521998,-0.18672147,-0.5922979,-0.3019854
rna|TIMD4,0.16092704,-0.26715004,-0.02793794,0.37098205,-0.03027403,-0.20333451,-0.35652947,0.5112074,0.19503596,-0.73873776,-0.4682613,0.2032088,0.13086054,0.15125544,0.005226663
rna|DAND5,0.3029288,-0.26265082,-0.16258883,0.1287649,-0.33211622,0.5998593,0.40490443,-0.3089672,0.15615165,0.4581711,-0.22412167,-0.42781138,0.22507533,-0.44007626,0.4016601
rna|CLCNKA,-0.24725375,-0.09557386,0.2408424,-0.18778485,-0.009909128,0.051172677,0.23126097,0.1926556,-0.14805585,0.09531064,0.3526343,-0.22989006,0.03061623,-0.04747624,0.1974135
rna|F12,-0.2016139,0.10439811,0.25980106,-0.17747112,-0.067945085,0.21157932,0.22170587,-0.03736606,0.9157552,0.13046537,0.010564688,-0.23285468,0.39564297,-0.15350646,-0.03191048
rna|IL17RE,0.40245873,-0.36323002,0.11383284,0.39157394,-0.20758195,0.34376746,0.34705415,-0.2990364,-0.12307645,0.18807739,-0.60647196,-0.57474613,0.474277,-0.04033288,0.24034539
rna|ADGRB2,0.33762974,-0.10444413,-0.35490617,0.18901555,-0.104121916,-0.13234408,0.32996386,-0.094005704,-0.07510137,0.3598753,-0.17153732,-0.3361504,0.2976054,-0.24638847,0.22691472
rna|CLCN4,-0.015575934,0.21234669,-0.26014563,0.103993714,-0.002467405,-0.09024366,-0.121018946,0.20049533,0.07626362,0.15607978,-0.21526745,0.077576235,0.43218988,0.26560348,0.13576847
rna|KCNH4,-0.10899791,0.030760966,-0.11545697,0.29678577,-0.07639974,0.020941615,-0.014034645,0.079447806,-0.25975168,-0.0843344,-0.1748483,0.25566012,0.09393809,0.09344392,0.274186
rna|C22ORF15,0.25553983,-0.2313245,0.085064285,-0.27610296,-0.32426974,0.18359913,-0.27874613,0.34939814,0.27310047,-0.09987804,-0.11734195,0.096587844,0.07737495,-0.3598376,0.23852164
rna|FRZB,0.27038246,0.2153436,0.30469537,-0.4885653,-0.479034,0.09613191,-0.34443328,0.612722,0.54776853,-0.38857,-0.24567825,0.39279574,-0.027320066,-0.5819888,0.2959005
rna|C1QTNF5,0.055353187,-0.15616079,0.6901709,-0.6129962,-0.13931873,-0.5335183,0.123013385,0.16449712,0.21402308,0.12890014,-0.27245346,-0.1466839,-0.008052636,-0.60839015,-0.08187372
rna|ABO,-0.17555338,-0.4527641,0.07462276,0.5463379,-0.626697,0.23827247,0.3297936,-0.37650886,-0.48991495,-0.038368646,-0.55849546,-0.26735905,0.18297873,-0.19170032,0.41915867
rna|FHOD3,0.31373823,0.09326235,0.04112937,-0.09872621,-0.18289751,-0.15259998,0.039402373,0.0031663845,-0.31605777,0.110600874,-0.44699112,-0.33595598,-0.010081688,-0.16332392,-0.0407777
rna|OR2AT4,0.5015473,-0.4464453,-0.12850419,0.22223301,-0.06556345,0.39863008,0.51446265,-0.012604703,0.16652504,0.30935827,-0.35274595,-0.5940614,0.46343884,-0.32693723,0.43591982
rna|LINC01124,0.35971013,-0.20944498,-0.17479202,0.34792313,-0.28651667,0.36125845,0.30400968,-0.11371928,0.14074744,0.1395,-0.38176316,-0.6151486,0.37108847,-0.10889171,0.14797452
rna|OLFM1,0.00088365655,0.035880543,0.115785345,-0.6293805,-0.8644248,0.124623105,-0.42681476,0.44516268,0.4658716,-0.5798315,-0.06042816,0.7260448,0.06885268,-0.8193152,0.34683102
rna|GUSBP5,0.3620718,0.26140586,0.07511907,-0.28419134,-0.101675116,0.13707678,0.04960262,0.115557164,0.37650084,0.34244448,-0.16998203,0.24569957,0.18258497,-0.28682736,0.08736613
rna|FTH1,-0.51848656,-0.20074517,0.39765874,-0.34530935,-0.04463034,0.25084022,-0.024007216,0.43219665,0.18676162,-0.3460584,1.3197904,-0.1550003,-0.7646889,-0.22339141,0.17424373
rna|SLC13A2,0.5259361,-0.57050645,-0.07756827,0.39703348,-0.30309874,0.5257054,0.37980244,-0.15376538,-0.004577409,0.4071822,-0.26179335,-0.42399558,0.20780163,-0.43882564,0.3574963
rna|DNAJC5G,0.58178824,-0.30349615,-0.19499582,0.3106242,-0.27717006,0.457804,0.32523832,-0.12269154,-0.08195079,0.37157142,-0.2945034,-0.35020912,0.40467036,-0.29135242,0.31592342
rna|TBC1D29P,0.4797825,-0.4049513,-0.20040315,0.15934674,-0.28068063,0.37321627,0.3446614,-0.14312792,0.1368043,0.32440782,-0.3922195,-0.5068836,0.3391922,-0.3873934,0.46884316
rna|SOD3,-0.22436553,-0.38494992,0.19022037,0.2590942,-0.54154545,-0.7090753,-0.04440135,0.2589553,-0.17334066,-0.3232144,-0.7208952,0.24328353,0.3108238,0.08108806,-0.046113312
rna|PRDX4,0.18956141,0.4430312,0.3194445,-0.80867904,0.072764345,0.30338648,-0.015845967,0.24750462,0.94027746,-0.08611912,0.67744684,0.13963027,-0.456342,-0.59196055,0.27421623
rna|S100A1,-0.101823,0.10843228,-0.20050119,0.16195326,-0.45087704,0.41577682,0.16000634,-0.31579864,-0.24215055,0.19962807,-0.1500858,0.015221485,-0.14799044,0.1801145,-0.066542104
rna|GALR2,0.30324468,0.12697706,0.04767941,0.061550956,-0.26559928,0.32344693,0.011249141,-0.024420464,0.8185507,0.3821975,-0.06315809,0.22557195,0.3228079,-0.13420215,0.15807466
rna|ANXA2P1,-0.6525503,-0.06584591,0.15826403,-0.23747186,0.2319836,0.43094972,0.18943498,-0.0037035649,0.13892221,-0.40951946,0.8920973,0.06473871,-0.8189934,-0.4984737,0.4687723
rna|ARHGEF26,0.11687732,-0.051493056,0.019888438,-0.06785015,-0.23356421,0.3944907,0.5063661,0.08827433,-0.11738785,0.39878562,-0.16920294,-0.3306396,0.3532553,-0.40724978,-0.13127407
rna|FGD5,0.32542422,0.0249932,0.6495979,-0.48440742,-0.45405188,-0.4411706,0.11721028,0.36369345,0.16429612,0.439939,-0.22956203,0.11349259,0.3755762,-0.6525595,-0.13139835
rna|RPS6KL1,0.30864012,0.08222058,0.10710106,0.2029732,0.02382334,-0.08383366,0.07922395,-0.03623396,0.33031607,0.20255354,-0.5084538,-0.20131017,0.50792897,-0.31441376,0.03225248
rna|GH2,0.4525544,-0.5391481,-0.22610797,0.34870392,-0.27775604,0.5142634,0.36331397,-0.2771106,-0.026387569,0.37272558,-0.28955832,-0.7271283,0.11729797,-0.39281598,0.42863268
rna|CDK5R1,-0.26901412,0.18186526,-0.52965724,-0.14905065,-0.06424989,-0.1825861,-0.4319925,0.21861678,0.058540326,-0.031905364,-0.112221375,0.5639227,0.08064104,0.0974478,0.026630815
rna|WDR72,-0.21534902,0.31457663,0.19594026,-0.11292443,-0.09596856,0.32039997,0.6176438,-0.23556416,0.45141485,0.100749716,-0.14657412,0.13538744,0.15096517,-0.2530912,-0.20455617
rna|LRRC74B,0.37675676,-0.43036878,-0.09107292,0.13671258,-0.38904583,0.58105534,0.49251485,-0.05984326,0.11251646,0.25938332,-0.19579563,-0.37413228,0.3749506,-0.6036651,0.4864715
rna|GPR27,0.38422552,-0.56231856,-0.14341922,0.48381224,-0.3580716,0.008807912,0.5125918,-0.07890654,-0.05814209,0.18775886,-0.26181483,-0.31302318,0.46739206,-0.1395351,0.3568388
rna|COL4A4,0.061711736,0.23112656,-0.28020847,-0.841133,-0.27760786,0.030543039,-0.40056682,0.34217027,-0.019759448,-0.16784222,-0.060177885,0.17765631,-0.50133127,-0.49049416,0.016855469
rna|PACRG,0.55689925,-0.35443494,-0.13815889,0.3577505,-0.3735412,0.49670762,0.48791742,-0.15241635,0.038162157,0.3604352,-0.32192296,-0.47271138,0.365818,-0.4891372,0.3852171
rna|FNDC8,0.5239164,-0.45064884,-0.30232862,0.50541186,-0.22798029,0.34242877,0.45512235,-0.21442975,-0.14792708,0.3143026,-0.38231793,-0.52171046,0.3643827,-0.37094355,0.39244816
rna|ASCL2,-0.3654284,-0.68355834,0.66336673,0.29009324,0.18905996,0.3486371,0.26116896,0.29016164,0.10068437,-0.7414295,0.53587186,-0.3663555,-0.19497201,0.09827573,0.629318
rna|SCNN1B,0.11806107,-0.21831088,-0.0098686535,0.19197819,-0.46562093,0.42973712,0.38847572,-0.39204183,-0.15882434,0.28947517,-0.30890644,-0.24828815,0.3448651,-0.08829056,0.2697464
rna|PDGFD,0.35822007,0.30835655,-0.13029097,-0.32754663,-0.08782102,-0.19177794,-0.058943626,0.18329358,-0.79859114,0.06264444,-0.11129663,0.12955639,-0.1963771,-0.013402208,-0.2639979
rna|NPY4R,0.5459,-0.39392617,0.07507099,0.37820917,-0.11703025,0.44714522,0.39456546,-0.086050935,0.09062892,0.30803236,-0.20347045,-0.51092076,0.31632587,-0.6178739,0.46219432
rna|KRTAP10-11,0.49056515,-0.5874703,-0.342779,0.5246562,-0.35806334,0.45453256,0.28515214,-0.27032635,-0.29558456,0.21434587,-0.092391156,-0.21932203,0.23416018,-0.18780324,0.42109963
rna|SMNDC1,-0.08568939,0.5049042,-0.12260577,-0.53227454,-0.081077695,0.34848747,-0.41347164,0.23784292,0.355941,-0.25271866,0.73169005,0.78131306,-0.71319795,-0.5564482,0.19985095
rna|INKA1,0.3398743,0.3109455,0.29995897,-0.54843134,-0.23056196,-0.013495305,0.055967614,0.33529124,-0.14085552,0.23790136,-0.14849076,0.3471335,0.17031196,-0.45840308,0.1319067
rna|BEND7,0.49909896,-0.53357506,-0.15799995,0.3550061,-0.34679154,0.4137127,0.45576265,-0.12836389,-0.04305011,0.03148672,-0.40885562,-0.48928815,0.3264056,-0.46982935,0.4472109
rna|MYH16,0.49507684,-0.45669493,0.0664421,0.35423902,-0.11932768,0.493864,0.40075698,-0.043509837,-0.01998415,0.17727143,-0.24154535,-0.36546966,0.2846476,-0.5523405,0.58160055
rna|MIR210,0.060811352,-0.27834702,-0.35579515,0.59876,0.030427452,-0.2873695,0.29011357,-0.33855075,-0.33957782,0.25579646,-0.2372349,-0.3269618,0.29065028,0.0077502066,-0.15479033
rna|SIRPG,0.33357742,-0.38717365,0.46661577,-0.30292073,-0.37781698,-0.18472889,-0.35061985,0.7644704,0.5555431,-0.7811237,-0.16901566,0.14387959,0.32344693,0.09574157,0.53291315
rna|C1ORF115,-0.12012713,0.21331263,0.12849693,-0.5732521,-0.18344155,0.26780462,-0.19069876,0.22020121,-0.04621553,-0.46859077,0.27892017,0.1163226,-0.45470604,-0.52210444,0.13461094
rna|TEX101,0.053360764,0.010848458,0.20581092,0.084454894,-0.5206228,0.6372765,0.46582496,-0.26734254,-0.24859744,0.52076274,-0.098413505,-0.29950753,0.23770304,-0.18247764,0.11726886
rna|CDH23,0.20868357,-0.066289574,0.13307872,-0.20015655,-0.7349905,0.21516345,-0.058675796,0.17710558,0.5468608,-0.056112364,-0.42322814,0.26086888,0.47441286,-0.5678836,0.13663505
rna|MIR575,0.4704239,-0.2158459,-0.18169105,0.1062229,-0.24467431,0.088863224,0.18223572,-0.024287663,0.03344313,0.58929193,-0.48461723,-0.16024879,0.34653643,-0.36499038,-0.11413781
rna|NNAT,0.14993708,-0.3137427,0.40754217,-0.077481404,-0.32742926,0.23107229,0.05659846,0.11396785,0.45903596,0.24199086,-0.1532753,-0.28443095,0.38266328,-0.28906932,0.029765492
rna|TNR,0.62973785,-0.472723,-0.15164688,0.240011,-0.38758656,0.34490722,0.4030563,-0.039254177,0.014362073,0.3633106,-0.2824572,-0.53940856,0.43223098,-0.39681515,0.27722597
rna|LRRC26,-0.32346132,-0.35211644,0.0011751066,0.031325582,-0.23095112,-0.021185167,-0.0026799864,0.2870571,-0.29650068,0.11310355,-0.32161704,0.38597685,0.37060645,-0.32059374,0.17082489
rna|GDA,0.13221964,-0.09822454,0.041979317,0.20143141,-0.072719924,0.24513383,0.4672766,-0.06181268,0.08882614,0.21456441,-0.3165161,-0.18081398,0.32080722,-0.2240574,-0.0021604192
rna|PRKAB1,0.6022163,0.533384,0.28560135,-0.80067694,-0.1853302,-0.17300871,-0.19618554,0.68875605,0.7079044,0.33813557,-0.05553284,0.70916617,0.1912621,-0.4858369,-0.20701341
rna|RTP5,-0.05980928,-0.6055386,0.3869341,0.008952725,-0.4695865,0.10325385,-0.28799492,0.5496625,0.42798796,-0.70612353,-0.22763544,0.36037952,0.23279414,-0.11373163,0.59790987
rna|NRARP,-0.19340315,-0.11555298,0.36221388,0.40477085,-0.032792352,-0.30901745,0.36911625,-0.3142242,-0.12805659,0.60389,-0.3727212,0.026106032,0.53071463,0.2776454,-0.41263852
rna|H2AW,-0.068577945,-0.35006496,0.20482033,0.3988045,0.1791209,-0.25111997,0.054778587,-0.11657083,0.17456448,0.024052585,-0.16793361,-0.006457912,0.2764685,0.5844421,-0.10501107
rna|CEACAM1,0.2625359,0.21990798,-0.2596315,0.089613065,-0.46455437,0.008114315,-0.10727385,0.06432892,0.012616933,-0.021272061,0.07436339,0.6566908,0.27247292,0.08451841,-0.08265864
rna|STAB1,-0.18099886,-0.08413619,0.7488451,0.026240578,-0.2551376,-0.6756873,0.37718505,0.014938708,0.16302831,-0.19586255,-0.24821936,-0.12842089,0.3653974,0.08828767,-0.036097262
rna|C6,0.4139636,-0.2241534,0.05813935,0.13134,-0.6399852,0.19282228,0.17484374,-0.055351224,0.3381649,-0.3148817,-0.50835955,-0.40822515,0.1647678,-0.51171106,-0.1389928
rna|PHACTR1,0.12881516,0.2681693,-0.4212394,-0.0031277507,-0.34037402,-0.30798838,-0.23176837,0.023884984,-0.04993069,0.49990356,-0.22287248,0.5518239,0.33800918,0.15553324,-0.3793523
rna|MAGED4,-0.13409226,-0.030862981,0.054512653,-0.089432135,0.020807523,-0.35239664,0.365428,-0.041539174,0.04664967,0.27416393,-0.27703783,0.055534456,0.39160293,-0.2812321,0.0691122
rna|SLC2A5,0.11789798,-0.067350246,0.14179465,0.22542356,0.17359723,-0.29168028,0.03307766,0.117322,-0.17559138,0.40280822,-0.14826451,-0.091074996,0.012483174,0.25945133,-0.45265752
rna|SPRR1B,-1.091876,0.29268482,0.27214465,-0.07438352,-0.61737597,0.5692306,0.5554086,-0.70984,-0.17171684,0.56433,-0.19391626,0.21761744,0.42653263,0.7462643,0.009597142
rna|DHRS7C,0.32874092,-0.4243308,0.076350816,0.4260196,-0.16306183,0.23398125,0.4170939,-0.115929864,0.15392232,0.20160447,-0.43429077,-0.29792035,0.32253885,-0.32270822,0.40544543
rna|UBE2N,-0.080818206,0.5428423,-0.16606562,-0.5846299,-0.016730612,0.46678138,-0.43023333,0.1755544,0.24777715,-0.35436147,0.724871,0.59024113,-0.8034053,-0.5423677,0.3116103
rna|RECQL4,0.3587442,0.28701237,-0.06869836,0.301477,0.6246818,-0.06895417,0.087250225,-0.3719716,0.08985485,0.8478101,-0.31156898,0.046650887,0.4409145,0.44533932,-0.4833405
rna|HAVCR1,0.13132808,-0.20336612,0.3115569,-0.026469642,-0.11426803,-0.032331847,0.0065133497,0.3985929,0.43656883,-0.3559206,-0.13702294,-0.15745707,0.11614146,0.295339,0.29025063
rna|OR2A7,-0.22530895,-0.60711294,-0.14564641,0.35820672,-0.33685148,0.38896587,0.30401468,-0.21535915,-0.27819923,-0.32039914,-0.3534862,-0.46754763,-0.11963611,-0.13757376,0.3640645
rna|UTS2R,0.058997914,-0.007461076,-0.084343545,0.6573691,-0.011008165,0.40061,0.21710184,-0.27185568,0.064012624,0.49702433,-0.2787474,0.08803903,0.1557491,-0.13762856,0.06280137
rna|MINAR1,0.19571075,0.543795,0.09800287,-0.45180655,-0.04834856,-0.0068086055,-0.22902362,0.31088915,0.5985641,0.058415312,0.06573048,0.16637398,-0.009112886,-0.3588696,0.019106245
rna|SYNGR1,0.07005482,-0.061393205,0.06263733,-0.2071033,-0.5727557,0.012579547,-0.050413843,0.14166296,-0.15326367,-0.08705027,-0.4994484,0.11841989,0.25289643,-0.2747997,0.32364258
rna|TMEM158,-0.4180696,-0.2508593,0.32476315,0.036375694,-0.14747949,-0.31459612,0.39225435,0.5109734,-0.009633745,0.102642074,0.42230496,0.8118457,-0.15735564,-0.52019054,-0.06290737
rna|NTNG2,0.0596604,-0.9885756,-0.20656435,0.7356199,-0.34037745,-0.21068642,-0.09167774,0.37737998,-0.4196044,-0.44563857,-0.4682816,0.022737408,0.31467566,0.15614833,0.3512799
rna|HK3,-0.05051776,-0.34176335,0.6794428,-0.16269737,-0.049856056,-0.43924627,0.15724687,0.5869244,0.47825515,0.15262985,0.61537963,-0.06377652,0.351206,-0.086102284,-0.17002636
rna|LAG3,0.10675048,-0.4948081,0.70993936,-0.22548616,-0.105309956,0.18507841,-0.0889733,0.8243159,0.86372524,-0.45774314,0.28140065,0.1583558,0.09312385,0.24790017,0.43780693
rna|TMEM40,0.017434202,-0.03982643,0.18317246,0.0111991195,-0.41967705,0.5658724,0.53109205,-0.05957358,0.13757947,0.54986143,-0.1727446,-0.45944038,0.43671966,-0.39603543,0.33182362
rna|CKM,-0.14190973,-0.075838424,0.24465294,-0.21770705,-0.46334502,0.25768045,0.3269062,-0.09347385,0.22547589,0.5793663,-0.12260859,-0.2925663,0.27448198,-0.17457868,0.07091604
rna|ALDH1A3,-0.36329466,-0.12397977,0.41178638,-0.13768046,-0.026971506,-0.49244466,0.5211844,0.0808542,-0.15713382,0.6084377,0.20438519,0.21704188,-0.007119982,-0.5567678,-0.4166906
rna|ERAP1,0.02773393,-0.1985004,0.117327854,0.2810158,0.08310307,0.02790595,-0.042968098,0.07423007,0.05796198,-0.006451122,-0.22069757,0.22929771,0.22138132,0.27751714,-0.14777677
rna|BATF,-0.22634348,0.1004958,-0.108167686,-0.19801356,0.11824959,0.06365853,-0.26954153,0.37517068,0.8674759,-0.08823764,0.4323379,0.5142776,0.044897635,-0.12803869,0.47525164
rna|OR52I2,0.6110093,-0.46564353,-0.05117271,0.14601414,-0.4291021,0.39241475,0.31907186,-0.16178687,0.1896719,0.35673887,-0.31379256,-0.6102388,0.4076901,-0.40234408,0.38204497
rna|LOC401191,0.35323837,-0.19278559,-0.19700068,0.16698988,-0.21888441,0.340248,0.17148204,-0.21395484,-0.08716844,0.2877,-0.23652144,-0.37366116,0.20342928,-0.3188729,0.35245004
rna|BARHL1,0.6190002,-0.3521925,-0.21827155,0.17839707,-0.18682942,0.4381178,0.33419523,-0.11158847,0.04019668,0.32645223,-0.11155657,-0.56398356,0.3157631,-0.6098649,0.29723686
rna|NKX3-2,0.19180585,0.16492778,0.040656205,-0.38496763,-0.16491787,-0.47497466,-0.1323017,0.49619573,-0.06675909,0.24763799,-0.021162888,0.38181838,0.0063583977,-0.5173461,-0.18349709
rna|OSR1,-0.43849945,0.19961669,0.54316324,-0.2325142,-0.49306852,-0.13478288,0.20012242,-0.09008573,0.020702094,0.15226397,-0.25530866,-0.07415798,0.0409906,-0.6279324,0.04838345
rna|DPPA4,0.006485058,-0.17936642,-0.028343847,-0.17679729,-0.24534214,0.32739267,0.070417054,-0.15720609,-0.06548836,-0.2245166,0.0047842003,-0.34141392,-0.13994113,-0.23893686,0.32314175
rna|PARM1,-0.23631755,0.38372117,-0.4151078,0.0043605515,-0.029187562,-0.2536194,-0.4346871,-0.07034145,0.065971,-0.042854723,-0.34241515,0.4487849,-0.28190798,-0.12257455,0.04039506
rna|RIN3,0.08363973,-0.19302416,0.57230043,0.36364636,-0.0073740715,-0.45414376,0.18809822,0.25672403,0.46664646,-0.13946973,-0.31802636,0.106331095,0.688488,0.50075185,0.035291657
rna|NKX2-2,0.502811,-0.58089364,-0.10059939,0.375071,-0.35418913,0.35662094,0.26755717,-0.15659723,-0.100656,-0.110428765,-0.3920432,-0.56057584,0.21330446,-0.33732083,0.5215519
rna|GAPT,-0.27681264,-0.14332645,-0.6676485,0.015718365,-0.4477599,-0.10606048,-0.46121198,0.12729988,-0.50171226,-0.2308131,-0.5205138,0.257392,-0.061704718,-0.13742767,-0.03332815
rna|PTCH2,0.5194888,-0.24190278,0.21615008,0.1986811,0.07356921,0.068696186,0.017680436,0.12673752,0.30354792,0.2375731,-0.72712827,-0.28410548,0.40133825,-0.35757583,0.09181534
rna|ZNF135,0.11367693,-0.117389455,0.19372246,-0.10787491,-0.7299538,-0.19095394,-0.08992497,0.24951306,-0.05242025,0.013874139,-0.2627089,0.5657242,0.15805782,-0.34909657,0.05848755
rna|CA1,0.3089713,-0.4555974,-0.11844546,0.23296753,-0.46486062,0.19592533,0.22531086,-0.22428177,0.21545489,-0.11233651,-0.17632718,-0.43068713,0.22575521,-0.33079588,0.13870084
rna|FAM186B,0.2991136,0.24967526,-0.30533135,-0.774047,-0.20137975,0.28519264,0.16718782,0.027985184,-0.23135021,0.18858364,-0.062017296,-0.09505615,-0.040410336,-0.22485702,0.032511722
rna|CYP26B1,-0.0736843,-0.3928791,0.36239338,0.11691852,-0.22587657,-0.38205576,0.15915024,0.17362168,0.08290015,0.17691992,-0.24758083,0.19361512,0.5108237,-0.059272524,-0.17139193
rna|APCDD1,-0.6807587,-0.093241654,0.48129934,-0.044221226,-0.42416835,-0.2647087,0.3148241,-0.14697778,-0.0022781012,0.6332428,-0.038924195,0.15734062,0.15504901,-0.20730229,-0.22487725
rna|OR9K2,0.6786895,-0.32476658,-0.08013543,0.25410414,-0.45243567,0.3786066,0.30950516,-0.11366255,0.004440246,0.25505218,-0.2680492,-0.35730264,0.36485976,-0.4665059,0.42796573
rna|SMC1B,0.46450782,-0.15776865,-0.04220217,0.24142784,-0.06536125,0.16732319,0.20569775,-0.21339306,-0.020400554,0.47887573,-0.2236427,-0.1276085,0.3086136,-0.3095854,0.16816337
rna|CHSY3,0.3115624,0.034573518,0.49955654,-0.4018114,-0.34899542,-0.35675642,0.18687859,0.4407327,0.38278547,0.4597787,0.26273966,0.09921916,0.20080803,-0.9326828,-0.023826404
rna|MIR663B,0.59691113,-0.4662718,-0.1922437,0.3705858,-0.34787592,0.4365531,0.3132874,-0.1555399,0.009153172,0.35091257,-0.3283819,-0.23034438,0.42764908,-0.438437,0.21000226
rna|VGF,0.48742807,0.12931733,-0.3321121,0.091960125,0.02414287,0.23040152,-0.14118645,-0.15294577,-0.06506423,0.39971805,-0.16154097,0.1600838,0.052797295,-0.10780346,-0.17107323
rna|TRIM7,0.118483014,-0.3730645,0.24589853,0.20170821,-0.59189487,0.41879693,0.4060751,-0.27260816,0.030173784,0.27812174,-0.36124277,-0.27501166,0.47974002,-0.23523898,0.33568716
rna|SCGB1C1,0.40214828,-0.24365552,0.039250776,0.322162,-0.36867043,0.32201248,0.30702403,-0.2408909,-0.034712743,0.34629798,-0.23144124,-0.3646698,0.33138978,-0.4394081,0.34995753
rna|EPHA1,0.17534202,-0.10569328,0.43157506,-0.4247803,-0.83527374,0.093217224,0.16490044,0.08717574,0.15942827,-0.07605446,-0.4460547,-0.07376692,0.6173401,-0.27900362,0.2323327
rna|PFKM,0.3356131,0.6242602,-0.026443873,-0.5995218,-0.12818323,0.123989515,-0.24626303,0.34812272,0.44712046,0.2798915,0.29184014,1.0132757,-0.17894854,-0.6308334,-0.04497687
rna|HLA-DRB3,0.14434345,-0.0691801,0.12687741,-0.12976512,-0.03248126,0.14045413,0.15584992,-0.04235244,0.01324537,-0.05695753,-0.02057439,0.16637345,0.08772378,0.06385445,0.01584219
rna|MMP11,0.34355444,0.38540202,0.41998667,-0.65883404,-0.22585249,-0.3352043,0.10062649,0.07113399,-0.21887918,0.37687045,-0.11724429,0.047329087,0.19281188,-0.21871339,-0.23740761
rna|DSP,-1.0106971,0.18889816,0.2660228,-0.15372694,-0.6673453,0.4562482,0.3063995,-0.45889652,-0.2140587,-0.03048063,-0.45180473,0.5580145,0.2146204,0.26101276,-0.15113728
rna|CHURC1,-0.27928722,0.28031978,0.031067459,-0.5458832,-0.049204566,0.46399787,-0.36133975,0.17330341,0.14185487,-0.5352806,0.8254293,0.30000502,-0.84521806,-0.24991134,0.35606894
rna|MAML3,-0.15608437,0.027124265,0.083660506,-0.49907622,-0.3404573,-0.06747729,-0.023565749,0.3071689,-0.79290706,-0.024553807,0.20104761,-0.34264857,-0.45266947,-0.29849595,-0.18094477
rna|MPP6,0.11906459,0.5021417,-0.4371418,0.07745267,0.55593014,-0.25331762,-0.08565904,-0.15189713,-0.37010702,0.4510591,-0.14068237,0.43306863,0.041050006,0.29398143,-0.5360173
rna|AHSP,-0.07704811,-0.17783582,0.22959957,-0.053331006,-0.31529695,0.1878402,0.10357236,-0.21129794,0.088697955,-0.2974492,-0.15734464,0.011968118,0.13379298,-0.12863867,0.16065173
rna|IFNG,0.01810032,-0.17992824,0.65989107,-0.46826136,-0.07990136,0.15377335,-0.32335877,0.6722243,0.8796916,-0.4874827,0.9092676,0.05604736,-0.16067933,0.0014870875,0.40397012
rna|IFIT1,0.4033165,-0.0050432514,0.6848331,-0.27818957,-0.31261575,-0.3481529,0.27273494,0.46613476,0.44597328,-0.098413125,-0.000599756,-0.1508114,0.26792368,-0.06814049,0.05526843
rna|TUFT1,-0.03243978,0.16391018,0.55385333,-0.6793594,-0.44450316,0.113777146,0.15719098,-0.012327807,0.53567106,0.41284257,0.039125144,0.119848266,0.37952465,-0.23733981,-0.06940933
rna|CHL1,0.27001637,-0.31112167,-0.35765186,-0.102128185,-0.25679678,-0.34543028,-0.076336645,0.005997431,-0.24181536,-0.041065466,-0.5030354,0.01473506,0.09250782,-0.15407914,0.05601148
rna|GAS8-AS1,0.53858715,-0.40726933,-0.244693,0.47057372,-0.31863543,0.52337456,0.41330066,-0.1495839,-0.15728407,0.23523498,-0.34424353,-0.32824987,0.42266265,-0.34920847,0.53585756
rna|POTEA,0.3865521,0.09128306,-0.13102631,-0.18092008,-0.03211274,0.2288168,0.06775722,0.07360729,-0.13428165,0.18954326,-0.0032840853,-0.29113948,-0.13434114,-0.11311652,-0.058416016
rna|KCNAB1,0.064094804,0.048477948,0.39143395,-0.30371335,-0.12764397,0.13639924,0.19276427,0.21770346,0.1464637,-0.096453525,0.19153474,-0.24187428,-0.038199984,-0.7457025,0.049407914
rna|PLCH2,-0.17732202,-0.061645873,0.4116115,-0.3319466,-0.7022768,0.3155277,-0.24888723,0.54872423,0.44871297,-0.5531864,0.052508354,0.76781994,0.039991014,-0.27871394,0.54390925
rna|SVEP1,-0.11373353,-0.035811916,0.37981558,-0.19367056,-0.4381318,-0.36929828,-0.33193156,0.46323654,0.17491871,-0.6946531,-0.37444583,0.027257875,-0.01767694,-0.45696318,0.15273775
rna|LMO3,0.4434962,-0.1346866,0.07132189,0.44231144,-0.13355836,0.22122547,0.40696797,-0.30670512,0.043402,0.4192321,-0.4153581,-0.64348304,0.20702352,-0.2438868,0.25648487
rna|CXORF65,-0.055253014,-0.032275997,0.16303964,-0.4624914,-0.2293954,-0.3074433,-0.36164933,0.24824925,0.19524743,-0.030267611,-0.17906614,0.17146365,0.1838549,0.49997142,-0.002102393
rna|HMGN1,-0.19611812,0.19705504,-0.17657588,-0.29636312,0.32625213,0.35139433,-0.30300394,-0.15352285,-0.3028323,-0.2187213,0.54046065,0.113966346,-0.9401621,-0.11610319,0.078894235
rna|SPDYE1,0.45704925,-0.26024812,-0.0600166,0.36464173,-0.18845609,0.43348908,0.40062436,-0.039049797,0.05687998,0.30892187,-0.33499476,-0.4403392,0.33939546,-0.62221557,0.5110905
rna|WDR25,0.6449263,0.14564678,0.5277574,-0.5966889,0.048780616,-0.11275845,-0.08711819,0.5258278,0.75751704,0.10504825,-0.07673105,0.038054284,0.3883455,-0.332027,0.16131414
rna|IGF2BP3,0.16648562,0.55643624,-0.5222829,-0.15301464,0.3324973,0.1777902,-0.21198472,-0.09434951,-0.28445187,0.4025614,0.3056136,0.27757654,-0.36430624,0.1143884,-0.3297309
rna|CD70,0.19596893,-0.08621793,-0.018113721,0.14432359,0.073644444,0.019640412,-0.16814363,0.2295677,-0.14099008,0.10402132,0.21927366,-0.030203462,0.00973797,0.36672297,-0.12611414
rna|AGBL4,0.242905,0.17844975,0.03714193,-0.26556525,-0.09564752,0.19219233,-0.04030189,0.05696973,0.41435975,0.24917026,-0.11026403,0.011515147,0.3246575,-0.2753509,0.23039076
rna|CCDC88A,0.14395662,0.5706511,0.04918293,-0.573646,-0.33624512,0.35788947,-0.29120347,0.17293131,0.34116808,-0.0031709704,0.49933183,0.70649564,-0.5148492,-0.39663932,0.01875025
rna|PLA2G3,-0.3031807,-0.07440391,0.22505969,-0.14405644,-0.6016576,0.6691932,0.3409307,-0.41983473,0.11673556,0.49355513,-0.26981056,-0.04764087,0.58018625,-0.111373864,0.30302337
rna|VNN1,-0.5179506,-0.32679117,-0.5097381,0.13642964,0.2680391,0.21400031,0.051067557,0.2932623,-0.4672705,-0.1937563,0.40604675,-0.32990837,-0.3986134,0.022612961,-0.06988039
rna|BNIP3,-0.102468066,0.20891224,0.23573469,-0.43895805,-0.18140502,0.24005918,-0.14367214,0.2327578,0.38958374,-0.021864025,0.6405938,0.31457752,-0.3604202,-0.45748284,0.011885632
rna|DMRTC2,0.581354,-0.36781454,-0.14896823,0.3398614,-0.25035626,0.18916765,0.37571675,-0.22880179,-0.019244779,0.24595644,-0.3539726,-0.32571742,0.4155265,-0.44217065,0.26343292
rna|SEPTIN5,-0.08135479,-0.12813674,0.31747195,0.021849684,-0.12100454,-0.2637619,0.13065107,-0.111300215,-0.175398,0.06406969,-0.4747677,0.35775018,0.36853242,-0.20080023,-0.054790977
rna|DECR2,0.24597898,0.30371132,0.13041702,-0.18734947,-0.031170625,-0.1468589,-0.15202378,0.10741726,0.66301423,0.26717347,0.07017836,0.2986277,0.21095335,-0.1335224,-0.45429048
rna|TIMP4,0.34842002,-0.1727688,0.40263793,0.3252579,-0.27692932,-0.05300985,0.27735972,0.0501147,0.034527242,0.17317177,-0.29515585,-0.26964146,0.3413012,-0.4549235,0.17248091
rna|MSI1,0.54804605,-0.44927055,-0.2790267,0.43960264,-0.18276115,0.4687224,0.42801335,-0.0557062,-0.13338672,0.2336629,-0.19411644,-0.54077536,0.23688659,-0.48282912,0.48676458
rna|TNNC1,0.05362655,0.074330345,0.25112703,-0.26842436,-0.40269494,0.10238572,0.05025522,-0.0048339474,0.22815138,0.371336,-0.21678706,-0.17935412,0.4611161,-0.30102584,0.18508893
rna|FLJ16734,0.53942424,-0.29190207,-0.24082823,0.25289136,-0.3083942,0.11860174,0.29444155,0.0950422,-0.047587126,0.1567282,-0.60009205,-0.15741427,0.42630157,-0.32322013,0.28564945
rna|HGF,0.19746022,-0.100432575,0.81255895,-0.042437706,-0.26649627,-0.5328018,0.5517179,0.12805125,0.36547813,0.10837851,-0.058837652,-0.13821976,0.4579855,-0.376142,-0.050697356
rna|TIGD7,0.20300823,0.45738015,-0.25629923,-0.7387488,-0.28344566,0.251065,-0.33635676,0.40673253,0.5590599,-0.13683662,0.3201165,0.5170685,-0.4112137,-0.5237624,0.18265803
rna|MMP12,-0.54816616,-0.20577352,0.20957676,0.15184526,0.11566964,0.16185941,-0.16766419,0.05195666,0.21190058,-0.1856513,0.52908844,0.28471005,-0.23001432,0.2403149,0.24406366
rna|LHX2,0.10552156,0.030322263,-0.14696075,-0.24394965,0.10231426,0.15811718,0.03589313,0.2994585,0.041418537,0.2685046,0.060812872,-0.23162402,0.019465724,-0.23631465,0.058116205
rna|SLURP1,-0.26415983,0.092232876,0.27499962,-0.081554115,-0.500694,0.6196888,0.6235634,-0.53054404,0.038464077,0.60551995,-0.19188133,0.07087966,0.31552887,0.07216288,0.31223375
rna|OTOP2,0.41724637,-0.5477148,-0.17287609,0.39318115,-0.3349081,0.41261986,0.24860904,-0.06997078,0.04100163,0.21048462,-0.2067564,-0.44691956,0.3070622,-0.45456275,0.42416057
rna|RNF216P1,-0.036885183,-0.25961894,-0.22196877,0.47980615,-0.14456533,-0.2626622,0.08471355,-0.101654336,-0.263591,0.18642482,-0.53138965,-0.007393786,0.3351915,0.2616697,-0.14908585
rna|HTATSF1P2,0.13760255,0.03035431,0.079392694,-0.027396236,-0.16001262,-0.38159722,0.023832431,0.3585637,0.13419132,0.13244368,-0.12182942,0.21025743,0.027636368,0.14164644,-0.10453611
rna|HDAC9,0.1363718,0.14054932,-0.15492368,-0.09134931,0.1598247,0.16238144,-0.045985874,-0.25767386,-0.58942187,-0.2148331,-0.008027766,-0.21732324,-0.25286937,0.22869132,0.08517354
rna|G6PC1,0.54809934,-0.27510917,-0.34372833,0.17700711,-0.36675468,0.63291156,0.57375044,-0.11865515,0.12224983,-0.0032945888,-0.24196741,-0.6088169,0.24090366,-0.37527218,0.14256102
rna|MXRA8,-0.23171575,-0.26803106,0.5377362,-0.17206231,-0.06146551,-0.7104987,0.24731912,0.12455149,-0.47661385,0.31604743,-0.20320584,-0.058700226,0.24884935,-0.3286331,-0.45480788
rna|CLHC1,-0.0446075,0.4674031,-0.2562421,-0.7690073,0.016839493,0.44174996,-0.35987136,0.18892579,0.3099806,-0.2305711,0.5815867,0.28205636,-0.59443706,-0.65071046,0.23811527
rna|H3C3,0.11619152,-0.08181941,-0.06090485,0.21897358,0.07553526,-0.0047292863,-0.18202241,-0.120302364,-0.1324344,-0.033590373,-0.08307542,0.42289093,-0.022098707,0.42424935,-0.001474899
rna|LILRB2,-0.21243627,-0.2703014,0.826741,0.25083828,-0.27028856,-0.24245223,0.103604294,0.42513987,0.569906,-0.11499551,0.48815918,0.3632368,0.28174213,0.26202023,-0.1040097
rna|METRNL,-0.20378116,-0.5384079,0.6329841,0.22394119,-0.19493234,-0.48235416,0.4078139,0.08158354,0.0069402675,0.34547243,-0.013441815,-0.238112,0.42048538,0.3255809,-0.38575822
rna|UGT1A1,0.10985572,-0.13701697,-0.1546771,0.11363998,-0.41931558,0.5971785,0.5669684,-0.21568075,0.34209758,0.2161514,-0.31721202,-0.47851261,0.51130605,-0.4373339,0.07184607
rna|RUNX2,-0.1441993,-0.6405335,-0.052471083,0.6024152,-0.24456944,-0.27374828,0.35430682,-0.023462342,-0.80850416,-0.0013180249,-0.42614648,-0.12969558,0.23403701,0.08823001,0.16896634
rna|CYP1B1,-0.5260028,-0.21287613,0.27437302,-0.08933266,0.06947883,-0.56807953,0.07796037,0.3674944,-0.46036234,-0.29801095,0.6945911,0.009299267,-0.57766056,-0.13805951,-0.19474737
rna|CD164L2,-0.07590247,-0.35084483,0.06321061,0.16927163,-0.6230139,0.57533133,0.50563735,-0.41661078,0.059550323,0.45942712,-0.27782607,-0.19096175,0.32426512,-0.099547036,0.3058013
rna|C12ORF50,0.59606516,-0.429847,-0.19734839,0.32976145,-0.28470692,0.28367203,0.40360355,-0.19248866,0.08796861,0.24852027,-0.3501913,-0.46962887,0.355135,-0.47856867,0.30061787
rna|LYVE1,-0.48497924,0.033135302,0.41424847,0.092986524,-0.41983658,-0.07476832,0.051446136,-0.22917224,0.18075792,-0.59585875,-0.08789923,-0.0096230125,-0.05215794,-0.46375152,0.13163875
rna|COX10,0.109074965,0.4267541,0.15286703,-0.5399125,-0.112748586,0.27224123,-0.33016875,0.37915125,0.6944751,-0.04067999,0.53529924,0.83012307,-0.3581929,-0.53778684,0.005353832
rna|KLK14,0.41632634,-0.25488195,-0.25969532,0.449967,-0.22360167,0.29706672,0.36473915,-0.095642984,-0.28223038,0.2764257,-0.39227578,-0.43166164,0.37370414,-0.124349475,0.11250634
rna|SLC16A5,0.06873238,-0.0074231788,0.5717594,-0.68010885,-0.46022964,-0.098967895,0.06264401,0.4682251,0.9815078,0.20741837,0.13844383,0.16870199,0.47909003,-0.4840429,0.15679961
rna|GRIN3A,0.205883,-0.29089212,0.81171095,-0.13462792,-0.06793007,0.05601186,0.0077505372,0.8203822,0.90465176,-0.39250147,0.60763884,-0.03160192,0.13082439,-0.015745828,0.3030285
rna|PARD3,0.40068007,-0.14937223,0.5312994,-0.15217784,-0.20806023,0.05039422,0.463221,-0.030660365,0.01694897,0.32078665,-0.35530135,-0.05927733,0.33531907,-0.50517565,-0.0007193397
rna|EXOC3L4,0.14430434,-0.527905,0.06234744,0.07141622,-0.33098972,-0.12677434,-0.36710456,0.4522339,0.3091574,-0.592214,-0.6742626,0.12053052,0.5281876,-0.01749366,0.072684124
rna|C21ORF62-AS1,0.22651438,-0.054981112,-0.044689033,0.25439787,0.051552825,0.16987412,0.06142526,-0.119697325,0.23273128,0.31109765,-0.44019502,-0.4107552,0.39129314,0.123595536,0.08141592
rna|HBG2,0.4227348,-0.3914202,0.3305756,0.282264,-0.16316299,0.09336583,0.2566366,-0.20807761,0.38160327,0.21421447,-0.2154232,-0.35768846,0.28360868,-0.42429596,0.2144201
rna|ZCCHC10,-0.18993765,0.2822473,-0.23140873,-0.42096087,0.13704592,0.61806107,-0.13854487,0.04053189,-0.008743266,-0.42399096,0.8152466,0.23773013,-0.82299393,-0.5633139,0.4979966
rna|PDCD1,0.12951745,-0.33852634,0.3059888,0.062041387,-0.20737983,0.051233094,-0.2088591,0.51916254,0.34189987,-0.3745724,-0.026534807,0.4717133,0.09193576,0.21736729,0.34413245
rna|PRR23B,0.4314891,-0.33572933,-0.10246432,0.21375075,-0.17532043,0.5047391,0.42350054,-0.048284557,0.11028192,0.28998724,-0.15209751,-0.45051932,0.26589543,-0.37198123,0.47032854
rna|NCAPG2,0.097105965,0.46051452,-0.17169458,0.13667707,0.49687564,-0.42820948,-0.25001758,-0.11222917,-0.1959766,0.5390675,-0.013731194,0.5600179,0.03991243,0.5234734,-0.5159286
rna|CD300LB,0.21561846,-0.23962726,0.3670952,0.03011326,-0.30483216,0.090295926,0.25436878,0.3038138,0.30383998,0.12527466,-0.16350667,-0.22201529,0.4166537,-0.60499346,0.22800384
rna|SNORD78,-0.6099435,0.23917691,-0.2749423,-0.12767583,0.56148845,0.2022465,-0.048186712,-0.4876853,-0.2802558,-0.033167638,0.56033266,-0.34324244,-0.59537333,0.40444517,-0.11888428
rna|OR2M4,0.66798586,-0.40148327,-0.18101063,0.3931376,-0.32399723,0.3088764,0.24140768,-0.27052197,0.115105875,0.22929321,-0.45516226,-0.5473593,0.49403158,-0.29790738,0.3339591
rna|PCDHGA7,0.33507723,-0.06472629,-0.5422417,-0.1357611,0.12752756,-0.30433294,-0.01438188,0.06839943,-0.9956772,0.12608576,-0.6521363,0.19754414,0.27436656,-0.109819464,-0.16506335
rna|ITGA8,-0.21646656,-0.0552797,0.4603828,-0.46303433,-0.65126663,0.13110822,0.099296406,-0.021643888,0.25059694,-0.25656518,-0.32696658,-0.38347337,0.22185148,-0.30234605,0.26123548
rna|BRS3,0.34425965,-0.31510413,-0.039084602,0.33271256,-0.20714691,0.41690007,0.40833127,-0.10178061,-0.14457875,0.21276352,-0.08541104,-0.59358466,0.3300841,-0.41454104,0.5080051
rna|MYO7A,0.33135915,-0.084849186,0.3015565,-0.07842183,-0.39805558,-0.20950754,0.1924191,0.30400997,0.04337438,-0.14108746,-0.20428054,0.029233694,0.504256,0.20331551,0.13934797
rna|SLC51A,0.09735565,-0.09952215,0.34201396,-0.34471157,-0.12354279,0.10724429,0.28103626,0.41556558,0.4441259,0.34186122,-0.049749285,-0.2779079,0.2639554,-0.69353235,-0.1472286
rna|HSPG2,-0.34208906,-0.20763735,0.37556407,0.29939055,0.107344694,-0.9967642,0.26865157,-0.092702985,-0.48342708,0.30169976,-0.4379028,0.13735788,0.36683923,0.04396667,-0.5522408
rna|CXCR6,-0.032270357,-0.667878,0.6043405,0.027678538,-0.25437135,-0.2276341,-0.09735643,0.71526057,0.29347336,-0.4166703,-0.16378444,0.15976124,0.19923267,0.27681795,0.2898439
rna|MIR21,-0.32762265,0.056134835,0.2038429,-0.063320294,-0.4620745,-0.6462837,-0.1421926,0.25044072,0.15775375,0.12967701,0.027910288,0.370884,-0.035260133,0.1459042,-0.30663088
rna|SGIP1,-0.07241466,-0.030256221,0.38892695,-0.23751435,-0.045479324,-0.42329642,0.39129397,0.12744981,-0.040410757,0.69758505,0.090207264,0.056907292,0.12433159,-0.53450006,-0.31082067
rna|PLEKHG3,-0.1963328,-0.4844274,0.9165226,-0.023658304,-0.28443834,-0.1498433,0.3116005,0.61529857,0.6405116,0.027850885,0.24906112,0.15490489,0.4332636,-0.22954051,0.11768378
rna|TSG1,0.53368044,-0.4225517,-0.020890202,0.2726288,-0.46385273,0.5147157,0.338928,-0.14935698,0.09784147,0.2939954,-0.23373918,-0.4208907,0.24490027,-0.45766163,0.44873562
rna|ALPK2,-0.20826066,-0.33320236,0.10865995,-0.2189313,-0.48240754,-0.11940768,-0.11541373,0.73689103,0.20493902,-0.5186057,-0.20707174,0.87519616,-0.032318857,-0.5313054,0.27461833
rna|KLHL14,0.1540057,0.6463949,-0.58493465,-0.33754373,0.028870208,0.27323893,-0.2753557,-0.20435339,-0.072929546,0.16428983,-0.0447115,0.254677,-0.3045369,-0.0073629795,-0.1275529
rna|SPRED2,0.19162399,0.26609752,-0.120977834,-0.54530174,-0.16055647,-0.0018786518,-0.090635136,0.17445996,-0.65019655,0.053360887,0.21435378,0.6480848,-0.46628377,-0.26363602,-0.27795085
rna|CYP3A5,-0.82838786,0.19071533,0.43970317,-0.2687266,-0.59334195,0.45071223,0.4970834,-0.28058907,0.22923245,-0.0043097246,0.045863863,0.036791008,0.1731815,-0.18743296,-0.17605017
rna|CYP2D6,0.3761667,-0.33839256,0.04706094,0.17170276,-0.013439158,0.025694884,0.41520813,0.09178938,-0.014090354,0.012184253,-0.69654864,-0.09432627,0.52899027,-0.08517053,-0.17232046
rna|HLA-DPB1,-0.32029358,0.08019844,-0.31640443,-0.38340187,-0.10914442,0.14055431,-0.2818349,0.29957613,-0.51288956,-0.55056286,0.5291863,0.29729143,-0.57096636,-0.06509424,0.3191244
rna|CLIC6,-0.26945466,-0.20080912,0.16836783,-0.29604495,-0.28352797,-0.29970834,0.18936825,0.45018455,-0.1866958,0.36487344,0.047174327,0.51998115,-0.10008919,-0.58221734,-0.101576135
rna|RCN3,-0.011245965,-0.19269675,0.7444279,-0.4337211,0.014029084,-0.55569625,0.5738717,0.2094157,0.28116572,0.41988707,0.19708024,-0.21358863,0.36350763,-0.53466696,-0.23694873
rna|AMHR2,-0.117157504,0.2612931,0.2087483,-0.25183937,-0.48314148,0.41045728,0.30953783,-0.02004353,0.38035142,0.2333323,-0.14646335,-0.11152091,0.35342023,-0.492673,0.10092635
rna|AOPEP,0.016518682,0.029398525,0.23326543,0.03576663,-0.1239152,-0.042447057,0.57897484,-0.09500377,0.04666673,0.29602736,-0.37170213,0.20835124,0.6341264,-0.21767013,0.039895076
rna|DTNA,0.011171222,-0.2443728,0.37155727,0.05097613,-0.3806287,-0.3411476,0.09607414,0.18235803,-0.011216866,-0.19025022,-0.5931261,-0.3601026,0.4608521,-0.24413574,-0.05839541
rna|RIBC2,0.40577817,-0.17912345,0.09545598,0.16767968,-0.04812827,0.018647192,0.30133432,-0.15644006,-0.032390658,0.5158909,-0.2702755,-0.3260414,0.50548387,-0.1461046,0.16374466
rna|MYBPC2,-0.045692667,-0.2775502,0.13629226,-0.13255781,0.10801818,0.15955865,0.0055095023,0.19527711,-0.05138629,-0.16123039,-0.3395794,0.13334376,0.1293646,-0.019526405,0.34576562
rna|FTH1P12,-0.12279298,-0.1530091,0.31038302,-0.082101956,0.056538768,-0.2030591,0.11030335,-0.0068253623,0.17436568,0.1462245,0.5669104,-0.23065898,-0.025043838,0.32311845,-0.23109145
rna|AGA,0.017175687,0.3513164,-0.06332653,-0.16622335,-0.32735607,-0.06231466,-0.31177598,0.43309543,0.30782455,-0.13027987,0.17511623,1.0276957,-0.264742,-0.5168883,0.16230756
rna|BFSP2,0.5365626,0.20400386,0.091967456,-0.48177028,0.1583938,-0.00783201,-0.37415695,0.22379813,-0.058253802,0.09808767,-0.13004692,0.32626057,-0.007980577,0.1362435,-0.09848034
rna|IQCG,0.09980389,0.30957747,0.16582072,-0.47575524,0.11534363,-0.10916993,-0.3183124,0.36989874,0.78306776,0.15132898,0.028099475,0.36911198,0.027934136,-0.24896854,-0.008121932
rna|PPP4R4,-0.051489852,0.09547447,0.036807783,-0.06889166,0.3042058,0.12087302,0.25618052,-0.13231346,-0.0347114,0.22336178,0.21568812,0.024555586,-0.10665543,0.163182,-0.11582731
rna|PCDH18,-0.2884477,0.28475454,0.67789036,-0.71209145,-0.367991,-0.1519123,0.040489607,0.2825875,0.21283285,0.094330885,0.6763532,0.23756956,-0.43989024,-0.767436,-0.0093977405
rna|PROC,0.19106896,0.03900199,0.26209375,-0.40294838,-0.40584156,0.31168196,0.14697786,0.37402174,0.41667786,-0.40117335,-0.13022561,0.33085272,0.30908638,-0.4250352,-0.01612184
rna|NPAS4,-0.09971591,-0.3238431,0.29731393,0.10276321,-0.2237674,-0.15810016,0.06544445,0.28660724,-0.011539944,0.30424482,-0.06156671,-0.0178399,0.24427651,-0.49352187,0.0724849
rna|LOC286367,0.443488,0.44031268,-0.19843195,-0.6773438,-0.32856256,0.13593899,-0.16447975,0.17584506,0.28732985,0.015890425,-0.03036767,0.43037084,-0.05669008,-0.5547422,0.09720297
rna|FSCN3,0.48837522,-0.30750123,-0.07739155,0.20755087,-0.20508258,0.30466005,0.273301,-0.089864545,0.08743218,0.24360962,-0.3106536,-0.36850578,0.3753255,-0.52065545,0.34056345
rna|PTGER2,0.07751901,-0.37124145,0.5720603,0.17948392,-0.13336699,-0.2977975,0.09961581,0.34592593,0.39761347,-0.16060515,0.37194124,0.1767153,0.2768463,0.074460305,-0.06994212
rna|MEOX2,0.19761758,0.23192757,0.2626204,-0.6682676,-0.47742927,0.102496386,-0.51885563,0.23807304,0.41598606,-0.3406966,0.07639615,0.251566,-0.28702107,-0.91018265,0.3712398
rna|ZNF672,0.42402312,0.34632567,0.1515167,-0.8044466,-0.044796597,0.012983175,-0.2816501,0.4936586,0.6957265,0.19795048,0.18895914,0.5485144,0.013133747,-0.21265993,-0.06183127
rna|OR7E85BP,0.55889595,-0.2687237,-0.15027045,0.091076635,-0.14065167,0.60313386,0.46123242,-0.16150291,0.19825545,0.1125044,-0.153215,-0.8084711,-0.027073631,-0.48023313,0.5646149
rna|PPP2R2C,-0.66801673,0.013432226,0.28834325,-0.2678726,-0.7256976,0.35116732,0.008021636,-0.12823595,0.056271825,0.12315759,-0.44120774,0.2921063,0.34933,0.12675749,0.15398787
rna|C2CD4D-AS1,-0.01576797,-0.4279713,0.25760823,-0.090836294,0.19877203,0.019893583,0.21788332,0.32358742,-0.07283714,-0.31117117,-0.25188887,-0.29386702,0.48674387,0.4278703,0.11138411
rna|CPA3,-0.4116217,-0.05237693,0.26522616,-0.1811584,-0.70475256,-0.091389775,0.16153562,-0.13372126,-0.109377585,0.014025555,-0.50889045,-0.07854138,0.27485713,-0.4636508,0.07647804
rna|RNF180,-0.28868708,-0.040308885,0.06980674,-0.33112907,0.06257703,-0.36027926,0.007400728,0.2451872,-0.51290095,-0.16941336,0.22549659,0.14296849,-0.113106035,-0.11514116,-0.0970516
rna|PNMA8B,0.4444719,-0.32152057,0.2288146,-0.027836546,-0.5245423,0.076048434,0.18925516,0.10378016,0.07708061,0.19469547,-0.4477835,-0.32831344,0.38175783,-0.42485568,0.32745925
rna|TMEFF2,0.4376292,-0.0444906,0.0135411965,0.09993681,-0.3812715,0.45687908,0.30712438,-0.17413299,0.14603353,0.46613148,-0.19697608,-0.26414758,0.55428886,-0.53624916,0.44765538
rna|CD40LG,0.06941512,0.0721518,0.062830895,-0.44147745,-0.48196575,0.055148296,-0.5470812,0.4377564,0.3638911,-0.8508297,-0.17124005,0.41187167,-0.02016262,-0.28788885,0.54245824
rna|PPIL6,0.32884783,-0.34669635,-0.06636297,0.057725552,-0.33143288,0.23774785,0.14654294,0.031010982,0.10741865,0.38922393,-0.5227683,-0.2293794,0.18813872,-0.5359914,0.24288252
rna|NPDC1,-0.22309524,-0.56631356,0.39419484,0.50526655,-0.027614564,-0.5657506,0.012421777,-0.09979932,-0.3818486,-0.32848588,-0.51722807,-0.07735651,0.27344772,0.48268265,-0.22855243
rna|PLAC9,-0.042956617,-0.06805748,0.66220295,-0.12773566,-0.12812619,-0.3725421,0.14961356,-0.15853518,0.0460475,0.208891,-0.5701319,-0.13815728,0.54417616,-0.35283577,0.049475428
rna|SNORA71D,-0.22181386,-0.04995829,-0.23301809,0.03569066,0.40517747,-0.1188343,0.4564417,-0.41809395,-0.41479123,0.12309374,0.08541849,-0.5634261,-0.27024698,0.32725355,-0.18094435
rna|MIR181B1,0.4079909,-0.43905675,-0.27766183,0.2654498,-0.28901264,0.38348553,0.47678217,-0.16911602,-0.072120965,0.17021592,-0.18996508,-0.6643787,0.14766262,-0.32060313,0.38481596
rna|FAM20C,-0.37714177,-0.3672712,0.6873153,0.25159922,0.07252024,-0.6661908,0.70138186,0.41348502,-0.1140004,0.28720418,0.30856737,0.09332242,0.2668906,-0.11572553,-0.36805984
rna|FAM184B,0.58874553,0.21510719,0.05979844,-0.18600018,0.07326684,-0.08264694,-0.0111843925,0.057293292,0.48249882,0.2670521,-0.27897707,-0.042201873,0.3390544,-0.19359037,0.0543471
rna|ATP8A2,0.17909437,-0.6714943,0.12379597,0.2786022,-0.31769606,0.042250853,-0.005939037,0.39281222,0.038985148,-0.22413933,-0.43384495,-0.23921186,0.42460024,0.070458405,0.58300793
rna|TFAP2C,-0.73022294,-0.020376362,0.67262113,-0.297036,-0.45621493,0.1260412,0.5936009,0.009818961,0.03004058,0.7196509,0.1804228,0.17697917,0.27272192,-0.14721887,0.024849106
rna|NEUROD4,0.5940315,-0.42844254,-0.1677034,0.3800443,-0.4221252,0.4522034,0.40408632,-0.28780678,-0.00083542283,0.38923663,-0.17756358,-0.39037225,0.27872863,-0.36900392,0.34005943
rna|APOA1,0.24696517,0.072882906,0.35973558,-0.103651606,-0.0739626,0.04392726,0.10097431,0.1733061,0.7748596,-0.12041492,-0.23670243,-0.09561993,0.5375307,-0.3257498,-0.022246411
rna|CATIP,0.5882589,-0.40250126,0.0008401078,0.22361682,-0.20241404,0.31407815,0.23312765,-0.22201334,-0.03361823,0.12514848,-0.36851457,-0.2190863,0.38323703,-0.47617608,0.21437407
rna|TTBK1,0.3728916,-0.34740064,0.040326107,0.0764106,-0.26649615,0.40258467,0.2733442,0.10865154,0.27038476,0.22759551,-0.10825592,-0.36048087,0.48830324,-0.6122716,0.27898952
rna|CPE,0.0032878127,0.2728148,0.32801908,-0.7946336,-0.53709584,-0.19251923,-0.19744018,0.47276562,0.26069406,-0.09288494,0.31401202,0.4827838,-0.36727446,-0.6271427,0.106472015
rna|ETFBKMT,0.427493,-0.3649765,-0.01102339,0.46626446,-0.38170394,0.35224003,0.3151577,-0.09969058,0.08431469,0.2327909,-0.5245002,-0.39848945,0.37062895,-0.23713388,0.21279156
rna|KIF17,0.056760374,-0.7049015,0.151371,0.52743256,-0.24910673,0.13363968,0.16525193,0.037470173,0.018572152,-0.07572849,-0.38862514,-0.297223,0.32869762,-0.024183279,0.15011613
rna|DEFA5,0.6505964,-0.5580416,-0.23460121,0.46732062,-0.33240578,0.29804677,0.31946766,-0.16946757,-0.13273902,0.22577572,-0.3776452,-0.44605777,0.5092813,-0.3638494,0.3508028
rna|TTLL7,0.026228417,-0.13653654,-0.21567614,0.57164174,0.30039302,-0.24843699,0.050581183,-0.24745834,0.15599376,0.258527,-0.35842055,0.00885842,0.28367344,-0.07783982,0.07811419
rna|SNORA27,-0.5320236,0.03430816,-0.40803847,0.18964128,0.48237574,0.18638068,0.27053934,-0.6163459,-0.9316028,-0.14569744,0.21071415,-0.6466346,-0.48267162,0.33942136,-0.006865976
rna|GPR18,-0.050231304,-0.22026893,-0.2035885,0.1020434,-0.07396318,-0.08769151,-0.42520192,0.42659006,-0.0875146,-0.009384064,-0.48216724,0.08317506,0.21523695,0.16801423,-0.030985964
rna|SLC52A1,0.39269745,-0.026120355,0.26209322,-0.035109915,-0.24932851,0.28568614,0.06550059,0.09823442,0.12165835,0.22063032,-0.1407467,-0.05795779,0.5328356,-0.19895138,0.039641853
rna|OR6C1,0.6374464,-0.3555988,-0.104983605,0.14053391,-0.33143365,0.52193874,0.3752174,-0.20425953,0.09443467,0.26825747,-0.22084758,-0.6131786,0.19921072,-0.47787952,0.53817874
rna|EPHB6,0.11798718,-0.31421262,0.5254958,-0.24604692,-0.5032131,0.018132761,-0.09640715,0.2964834,0.54957616,-0.37625223,-0.5588178,0.12394317,0.5034538,-0.03001147,0.5381597
rna|RHBDL1,0.289355,0.5530776,-0.14318846,-0.47717866,0.1313383,0.3950994,-0.18965845,-0.025088938,0.17793052,0.18422721,0.15929994,0.10675972,-0.26551622,-0.14718428,-0.029365966
rna|NCR1,0.080527395,-0.44545367,0.3458376,0.4483712,-0.18237457,0.06422861,0.20691417,0.0016464666,0.1309255,-0.14454046,-0.17884915,-0.41798288,0.3282589,0.105219595,0.36908427
rna|AXIN2,0.08875979,0.19350037,0.42130747,-0.43733796,-0.44752425,-0.18974736,0.014280705,0.32240152,0.34103623,0.15443921,-0.43185988,0.08635122,0.23032102,-0.38653433,-0.15227862
rna|PLAT,-0.28329775,-0.10216195,0.5492921,-0.3125919,-0.24359025,-0.5999567,0.6660244,0.19019003,-0.25092798,0.53669673,0.07872721,0.089185275,0.16802813,-0.37195256,-0.35707632
rna|EFNB3,0.38888815,0.15727858,0.31962833,-0.51536286,-0.4012442,-0.010000807,0.24572784,0.1779551,0.20751603,0.41410217,-0.1893123,-0.14749488,0.36029047,-0.6396992,0.22057149
rna|KCNH5,0.61257386,-0.3111891,-0.08352865,0.27523154,-0.44057545,0.40942204,0.394922,-0.15623753,0.11155298,0.28355715,-0.26844764,-0.5844721,0.43974435,-0.4601793,0.5515908
rna|CD163L1,-0.018710475,0.30419376,0.39191803,-0.2142126,-0.08477868,-0.401936,-0.062001523,-0.15074497,-0.035984308,-0.46130753,-0.3460295,0.06577458,0.030646151,0.1264502,0.045700714
rna|MFAP4,0.03656682,0.062304676,0.5022358,-0.6682292,-0.35997197,-0.315845,-0.13922581,0.5302381,0.0931131,-0.4962171,-0.41976142,0.3797804,-0.06037026,-0.5538687,0.32332346
rna|PSAT1,0.10286252,0.38486037,0.21346398,-0.017041873,0.23083746,0.32248813,-0.041746736,-0.07416522,0.31090674,0.13903284,0.06823475,0.5317337,-0.1268691,0.033085234,-0.34140086
rna|PTP4A3,-0.34821668,-0.28102106,-0.010322187,0.36012575,0.04288847,-0.41752738,0.19022776,-0.28531376,-0.36556897,0.17177029,-0.42528927,-0.04399776,0.3996777,0.2835973,5.414686e-05
rna|COL16A1,-0.18064387,0.050113052,0.58115053,-0.8781467,-0.117785685,-0.38105598,0.2803002,0.39774072,-0.19173954,0.088653766,0.36693498,-0.17347568,-0.41238824,-0.8083346,0.014952186
rna|HOXA9,0.4361541,-0.26413673,-0.083740376,0.04610482,-0.018458953,-0.014157497,0.035741687,-0.08389641,-0.1662848,0.09163128,-0.3432818,-0.29956594,0.4363966,-0.3493819,0.11025997
rna|CYP8B1,0.39677495,-0.26964507,-0.18632758,0.19315939,-0.34697595,0.43111753,0.5452581,-0.033674024,0.043450326,-0.05684435,-0.16404425,-0.49394506,0.3246036,-0.43514225,-0.2149891
rna|GUCY2C,0.33691564,0.5254917,-0.518229,-0.14525028,-0.17260392,0.038368914,-0.15806882,-0.119924955,0.042553823,0.1747694,-0.34197792,0.26216224,0.23045118,0.099446386,-0.023558665
rna|GLI2,-0.040431958,-0.36649534,0.24190986,-0.0282711,-0.25092432,-0.5978854,0.3155079,-0.048620027,-0.48352206,0.21860023,-0.5791581,-0.16484271,0.42266068,-0.47287595,-0.26781148
rna|SNX22,0.33302873,0.0011033464,0.12599026,-0.52089614,-0.2271607,-0.06526176,-0.12754808,0.35913172,-0.25377816,0.15423429,-0.0894485,0.20906661,0.18288289,-0.31742108,0.0057534412
rna|CXCL2,-0.4983548,-0.2039564,0.33232164,0.17970888,-0.39290223,-0.2632561,0.08710382,-0.02766578,0.22974172,-0.47653168,0.5707211,-0.09954628,-0.12499442,0.08107765,0.012628087
rna|LGR4,-0.23021656,-0.094857104,0.09155641,-0.056976106,-0.10096503,-0.35883555,0.38992733,0.052467432,-0.20120479,0.27030596,-0.34387156,0.2729178,0.22394411,-0.26385674,-0.47968355
rna|TOGARAM2,0.06245338,-0.3012719,0.59669894,-0.25237346,-0.49087945,0.0747695,-0.29480556,0.73743,0.80449754,-0.37743583,0.14122213,0.2603217,0.20661631,-0.4263548,0.4967691
rna|FAM20A,-0.22629353,-0.41311675,0.72545767,-0.0538039,-0.104660034,-0.6025417,0.3475976,0.5479393,0.4581571,0.096125126,0.15765719,-0.08774241,0.4649182,0.19870569,-0.29248598
rna|TFCP2L1,-0.03374097,0.16288255,0.3124159,-0.40189922,-0.101111345,0.13049416,0.0024261328,0.018610181,0.3361368,0.53545326,0.17397578,0.09536449,0.20560624,0.0002458408,-0.23456815
rna|DGCR5,0.4019021,-0.33748952,-0.075812265,0.18863517,-0.32857174,0.44709858,0.20285985,-0.08007051,0.13456407,0.042561132,-0.27680779,-0.464396,0.42430797,-0.40479,0.2283878
rna|DRP2,0.52945113,-0.27296078,-0.18834291,0.35154718,-0.024201134,0.16329914,0.26434729,-0.1395947,-0.32778093,0.37116802,-0.21433803,-0.17651723,0.3382268,-0.15728945,0.047441076
rna|ST14,0.08248937,0.22129548,-0.23343222,0.12122316,0.047545824,0.22888488,0.18932128,-0.41627917,-0.38033843,0.5639046,-0.35708034,0.12045357,0.16626297,0.32242233,-0.29049438
rna|FLJ45337,0.47076684,-0.33721083,-0.044290032,0.27939516,-0.35355607,0.48211235,0.39887115,-0.2031413,-0.0061130356,0.2777748,-0.30948424,-0.6292252,0.24142091,-0.2903154,0.25427857
rna|TSGA13,0.5022815,-0.48625842,-0.24697816,0.40115997,-0.18816517,0.32890326,0.39356378,-0.19327992,-0.19150789,0.2707098,-0.24229571,-0.5653825,0.30311313,-0.31508672,0.49639678
rna|TEKT4P2,-0.09727887,-0.33097774,-0.20833914,0.1963063,-0.47078535,-0.08165729,0.34184846,0.10125154,-0.081240125,0.13563932,-0.3193507,0.114100516,0.30124357,-0.21455769,0.1408954
rna|LONRF2,-0.0024319517,-0.32350165,0.03189344,0.24343091,-0.22983015,0.13450918,-0.037857722,0.09568504,0.1604112,-0.04064908,-0.51723367,-0.094081834,0.33839643,-0.25741434,-0.033754468
rna|PKP2,-0.21084139,0.052250866,-0.1582057,-0.11608507,-0.49276364,0.05889965,-0.09346461,0.13493091,0.020036602,-0.45274547,-0.71958053,0.2195436,0.022086782,-0.024037477,0.1544143
rna|CLN5,0.22527759,0.1362049,0.14371002,-0.567779,-0.5331838,-0.18678607,-0.2115437,0.79189295,0.5581439,-0.029491043,0.1937713,0.95267296,0.008135289,-0.5810228,-0.09531863
rna|NKX2-5,0.45441648,-0.21758103,0.16640837,0.263139,-0.060302466,0.1257458,0.42463458,-0.03482187,0.12063969,0.07728775,-0.22809304,-0.36170554,0.5000207,-0.37487596,0.3394623
rna|NXF3,0.15559547,0.16050157,0.31644642,-0.05110763,-0.13371642,0.031251825,0.33273053,0.20592728,0.17531095,0.4107208,0.20716113,-0.025860792,0.14271614,-0.44994283,-0.29267985
rna|HLA-DPB2,0.094899565,0.008094418,-0.2829651,-0.0903022,-0.006974097,-0.05263256,-0.0630817,0.10656365,-0.13370879,-0.06839757,0.05290123,0.069258586,0.26963,0.24412748,0.2693762
rna|DIP2C,0.11151296,-0.12670867,0.19202703,-0.24598806,-0.2829363,-0.3839013,-0.08968638,0.04960227,-0.35875958,0.045535322,-0.49393302,-0.2547556,0.15014625,-0.072486624,-0.39647755
rna|SIGLEC6,-0.25259224,0.13340119,-0.10651491,0.30617964,-0.27544942,0.28546393,-0.21695362,-0.1544121,0.25536266,-0.032882772,-0.30404323,-0.06738357,0.11440627,0.0059716296,0.18673527
rna|ANO3,0.09411684,-0.10760605,0.19007634,-0.18519129,-0.22586687,-0.0126243215,0.05606307,0.2232663,0.16998546,-0.16116107,0.08736977,-0.3291079,0.13115989,-0.5404699,0.22992358
rna|ZNRD2,-0.019154184,-0.043249153,0.014749448,0.41826302,0.6015351,-0.5634851,0.012249662,-0.3089829,-0.19352451,0.19463888,-0.3303992,0.10822979,0.4806723,0.6656763,-0.45349267
rna|ABCA2,-0.09711362,-0.48244137,0.42415583,0.25070077,-0.037513025,-0.2327264,0.2708158,-0.03474088,0.30868435,-0.01065408,-0.3218777,-0.41471818,0.6057591,0.2500711,0.25807545
rna|TNXB,0.29653308,-0.3894484,0.36462623,0.32219878,-0.3659975,0.12869363,0.38082138,-0.20565654,-0.15225169,0.0031623784,-0.7160677,-0.37694675,0.5271958,-0.2834641,0.23287022
rna|KCNA1,0.54499745,-0.48095015,-0.193045,0.10958546,-0.30954,0.4932911,0.25515524,-0.10822696,0.005273249,0.28987792,-0.2401843,-0.56793976,0.21194239,-0.49782965,0.45979795
rna|CCL3L3,-0.041834865,-0.18210869,0.4653512,0.12932296,-0.1885246,-0.10472051,0.00046478733,0.19063677,0.49816686,-0.06422815,0.42238668,-0.05796279,0.09675698,0.0108110085,0.20469256
rna|TMEM8B,0.47195145,0.4768415,0.25278082,-0.7271224,-0.27963415,0.029563813,-0.23453766,0.44339752,0.92902243,0.17592452,-0.11531283,0.54014313,0.34299165,-0.5211511,0.17839754
rna|YPEL4,0.24497332,-0.19412649,0.7503529,-0.26583147,-0.27511147,-0.2255572,0.121517584,0.4366633,0.65001154,0.11945145,0.42343852,-0.13287479,0.34516507,-0.21786302,0.00687043
rna|CIT,-0.14348368,0.44022068,-0.14232643,-0.45373026,0.49025893,0.58846354,-0.23667353,-0.05870436,0.100063935,-0.095228285,0.9136394,0.31024727,-0.7204395,-0.50820583,0.26547801
rna|TLE2,0.14546649,-0.15622668,0.83411497,-0.28513336,-0.63281184,-0.10317536,0.11532144,0.25886953,0.7115323,-0.12823446,-0.2525419,0.231406,0.5967518,-0.57162863,0.17891085
rna|EPHA4,-0.34623685,-0.2213234,0.16733812,0.1495946,-0.019930264,-0.042043783,0.016775316,-0.3064525,-0.47908676,-0.067947805,0.004378567,-0.06422326,-0.16544773,0.053532377,0.070606805
rna|FAM83A-AS1,0.5795032,-0.33913982,-0.064409584,0.2526931,-0.32031026,0.46590054,0.50190794,-0.23340476,0.13024344,0.08074228,-0.2510884,-0.44975382,0.4251642,-0.4222535,0.1404067
rna|APOBEC3H,0.42286414,-0.0887913,0.25524127,-0.3808177,-0.34743655,-0.08261221,-0.18906453,0.6724961,0.4938699,0.03985663,0.252911,0.29704058,0.23836201,0.037201267,0.20162597
rna|BMP7,0.011806999,0.15876344,-0.11452375,-0.43153492,-0.13813145,0.30707812,-0.01788875,-0.0026221552,-0.27485186,-0.14878255,0.14370795,0.097072296,-0.42926544,-0.07110089,0.013525199
rna|FCRL5,-0.00997185,0.28008035,-0.37549886,0.045645162,0.2194614,0.09539899,-0.1384324,-0.08948041,-0.08092448,0.3013078,-0.18689696,0.24043427,0.26257518,0.37384394,-0.04093839
rna|SH2D4A,-0.17774321,0.02198811,0.59319955,-0.36399338,-0.43306756,-0.04425141,0.4551098,0.0072778007,0.2682635,0.24801968,-0.17175534,-0.06047541,0.4857349,-0.63085645,-0.07222364
rna|KLRC3,-0.011836392,-0.3877753,0.67495555,0.3004811,-0.0016156872,0.09712175,0.098423295,0.07976169,0.16028827,-0.22716537,-0.120198265,-0.114454634,0.33217278,0.23093258,0.10088692
rna|FADS2,0.100030355,-0.3066358,0.21750559,0.14974605,-0.056550123,-0.21008243,0.18202215,0.12048618,-0.015459679,0.32030612,-0.3769488,0.099300876,0.54370475,0.059295792,0.046785995
rna|ACY1,0.049164414,0.19584146,-0.15322149,0.40352264,0.33231226,-0.4743712,0.19408023,-0.039697897,0.15060456,0.2531302,-0.34623513,0.42778075,0.43727514,0.5817733,-0.5728729
rna|PCDHGB6,0.11227037,-0.019291647,0.10041527,-0.06430831,0.25357717,-0.54244936,0.19412494,-0.09437125,-0.84421223,0.37682128,-0.57314146,-0.12539971,0.3888567,0.1343787,-0.42741185
rna|WNT11,0.08526274,-0.08978208,0.12941262,0.33010417,0.09542094,-0.064883694,0.11088092,-0.1418527,0.4243274,0.29417065,-0.38484445,-0.04304602,0.48227206,-0.040125947,-0.0006580551
rna|CSTA,-0.8389347,-0.14658423,-0.11491997,-0.3955858,-0.47343135,0.3996651,0.10664199,0.15969363,-0.14685175,-0.0013146772,0.35687578,0.40665197,-0.31943956,-0.34230253,0.22797203
rna|OR6B1,0.4796281,-0.35300148,-0.18624525,0.21955742,-0.30101648,0.29162806,0.45326436,-0.06400104,0.07918556,0.2745307,-0.21525814,-0.6323609,0.26295137,-0.28971034,0.38970342
rna|MT3,0.085159965,-0.08453088,0.47207373,-0.13698609,-0.20366485,0.08718481,0.02481714,0.42250612,0.7374222,0.16450208,-0.02928049,-0.032112163,0.37008458,-0.2435365,0.24550962
rna|DACT1,0.076569214,-0.0075200056,-0.027780343,-0.16019037,0.043741368,-0.6356574,0.30361792,0.19651523,-0.68381345,0.1607662,-0.0855368,-0.10187221,-0.024000933,-0.43036416,-0.096493885
rna|FMO2,0.15301111,-0.1917167,0.53621644,-0.024951322,-0.49432698,-0.1523307,-0.14938378,0.3584331,0.4822459,-0.3621176,-0.3379792,-0.04673971,0.35968593,-0.24609411,0.39117178
rna|PANX3,0.54490685,-0.26202363,-0.26707986,0.25877184,-0.32709783,0.3593913,0.39381033,-0.18636924,0.19740438,0.3451062,-0.24568813,-0.52052325,0.369504,-0.45709902,0.40537494
rna|MCTP2,0.14831163,0.111205876,-0.33638108,-0.09361961,-0.26498342,-0.13859847,-0.22290692,-0.0025564646,-0.6191471,-0.17778558,0.15098596,0.26268762,-0.28661293,0.4308479,-0.18012188
rna|CYP1A2,0.15963972,0.25003928,-0.15953125,-0.15646702,-0.0052205967,0.24526098,0.40624854,-0.15697262,0.21449073,-0.03535389,0.012517547,-0.46786895,0.06157191,-0.22686845,-0.31811562
rna|LRAT,0.44579858,-0.33563808,-0.035248738,0.30547234,-0.53064966,0.49770662,0.47369036,-0.1388881,0.123547055,0.3027458,-0.30336428,-0.35861152,0.49249297,-0.21361424,0.32500303
rna|FUT3,-0.42322096,0.007441954,0.28220648,0.004307728,-0.69436586,0.73161453,0.6367944,-0.25344554,0.1337402,0.5194402,-0.174421,-0.14902636,0.30548477,0.010297104,0.35038263
rna|ADCK5,0.4428647,0.22577912,0.19654149,-0.56267124,0.0061032395,-0.5270152,-0.12557028,0.022546168,0.24328874,0.25938597,-0.26413202,0.063590534,0.33794668,0.39271274,-0.35839236
rna|H2AB2,0.022465581,0.00873955,-0.052904144,0.3335783,0.39151263,-0.17829564,0.16982754,-0.080767415,-0.016036477,0.4906045,-0.28666446,-0.0566325,0.4040882,0.24059822,0.0011153986
rna|POU2F1,0.50997776,0.3548333,0.12401138,-0.62731355,-0.020441793,-0.09614787,-0.18216246,0.21664014,0.32922158,0.45901412,-0.1319499,0.17387603,0.35937542,-0.05596332,-0.21243906
rna|CPTP,0.303612,0.39079484,0.40585664,-0.36121655,0.06394774,-0.001241948,-0.14569455,0.31398118,0.8548968,0.36691457,-0.0075083403,0.31984198,0.28409916,-0.21028787,-0.2441854
rna|ALDH2,-0.13498896,-0.036172032,0.38175336,-0.5888971,-0.15738247,-0.16185065,0.14919199,0.5586244,-0.1605652,-0.18249176,0.6366304,0.32670686,-0.23163605,-0.14475466,-0.12171814
rna|RPS21,0.033121776,0.081787,-0.17038217,0.5387211,0.47950804,-0.46099785,0.024206437,-0.3513856,-0.07695463,0.4187931,-0.41312212,-0.022618044,0.4408628,0.64118665,-0.40902218
rna|DDIT4L,0.08390995,-0.10629545,0.57193446,0.04312521,-0.3626315,-0.015856097,0.2986543,-0.064252935,0.28830108,0.2611736,-0.18529451,-0.13859251,0.29794884,-0.33498517,0.12265841
rna|CXCR2,-0.35315028,-0.2559067,0.16172802,0.33025885,-0.5789913,-0.40010518,0.39249542,-0.23144911,-0.23334053,0.30803502,-0.10813089,-0.3575609,0.45614952,0.13490462,-0.13132313
rna|ENKUR,0.5782756,-0.46156785,-0.15426728,0.27559838,-0.37470284,0.37273377,0.5008403,-0.14652996,-0.07151222,0.42453912,-0.3598986,-0.54117966,0.3648965,-0.4373715,0.34037176
rna|C11ORF21,-0.03516002,-0.44530585,0.17412718,0.28644022,-0.31244215,-0.30082244,-0.027119137,0.16774808,0.12823151,-0.2805774,-0.43739367,0.16053393,0.5501431,0.3670868,0.08862676
rna|CTXN1,-0.4656734,0.16638397,0.17092729,0.18179417,0.15274496,0.00010486292,0.05991636,-0.2598458,0.16862951,0.09371601,0.19014499,0.24260695,-0.20081443,-0.3874371,0.0818819
rna|CELA2A,0.4062552,-0.5027582,-0.06438532,0.52246755,-0.31290254,0.40545574,0.3555498,-0.033530626,-0.11986195,0.20663267,-0.11487339,-0.4544412,0.38213116,-0.33763915,0.42972505
rna|CCDC110,0.20391285,0.39379665,-0.024768405,-0.22524247,0.0933615,0.2713855,0.14611812,-0.16035983,-0.16941404,0.3453645,0.1288391,0.15739249,-0.29326025,-0.09112164,-0.16526106
rna|GABRB1,0.6255652,-0.41213563,-0.1262056,-0.10115888,-0.3455266,0.38195813,0.3925748,-0.11285601,0.24777143,0.312272,-0.27673832,-0.68420625,0.31864697,-0.36359355,0.29620415
rna|IFI27,-0.1043054,-0.16047522,1.0672388,-0.1674207,-0.031667132,-0.21798328,0.42141807,0.4720886,0.3229442,0.12967162,0.33412313,0.0021692177,0.14230885,0.14876407,-0.11962922
rna|SOX17,0.19436601,-0.18266886,0.16721776,0.27102977,-0.43488076,-0.23024239,0.30617535,0.019468961,-0.14605644,0.33690917,-0.47007555,-0.35214606,0.3995457,-0.3027185,-0.036801733
rna|SCD5,0.25424898,-0.21988702,-0.2147628,0.23463899,-0.13646032,-0.4236579,0.1783971,0.14027631,-0.29845765,0.49085864,-0.5549255,0.095990926,0.2840885,-0.4746173,-0.347028
rna|MMRN1,0.09256577,-0.10342747,0.2135114,-0.013771469,-0.61428076,0.03792166,-0.22176053,0.01738397,0.09128763,-0.44534495,-0.63124895,0.046320304,0.1727326,-0.15343931,0.23493731
rna|TNF,-0.3609069,0.102194436,-0.20676129,-0.53689176,-0.14490832,0.12884024,-0.39686427,0.2383924,0.19278727,-0.017581923,0.5971298,0.033142373,-0.40555093,-0.005435054,0.20639265
rna|PON1,0.61026967,-0.31138614,-0.09991392,0.02380518,-0.37168446,0.51980436,0.65474635,-0.13816604,0.33044377,-0.0005613533,-0.28909668,-0.5138301,0.3073683,-0.62914246,0.1957134
rna|HP,0.034689672,-0.019414326,0.0818765,0.34814283,-0.019052062,0.021240689,0.41496176,-0.06407005,0.31206077,-0.5178981,-0.27393022,-0.22993109,0.2795135,-0.21970128,-0.07517949
rna|GEMIN8,0.09489435,0.4057372,-0.17074877,0.01692049,-0.044812232,-0.16811435,-0.08771816,0.11183291,0.109403215,0.17374095,-0.14160933,0.4160719,0.0001707658,-0.18608096,-0.05135543
rna|HOXC8,0.2789098,-0.13939846,0.21168438,-0.052633688,-0.06095227,-0.36965343,-0.3220609,0.34821975,0.07031629,-0.08664013,-0.26933372,0.22911353,-0.07162001,-0.517799,-0.11766252
rna|HIC1,0.1794627,-0.4286726,0.43051216,0.24224482,-0.004114219,-0.44349867,0.20904233,0.011219402,0.084419735,0.056754157,-0.29206905,-0.289795,0.5092213,0.09731074,-0.036530923
rna|MIR34A,0.22188534,-0.34180793,0.074029386,0.13112801,-0.29398894,0.1853015,0.2867265,0.11871034,0.2867047,0.22747704,-0.26611882,-0.2079169,0.5228436,-0.33511415,0.1966927
rna|DGKG,-0.057005286,-0.007395389,-0.116642684,0.0839081,0.28851223,-0.28981173,0.019370537,0.11098438,0.3063764,0.45338866,0.012661942,-0.11686648,0.32448098,0.14568718,-0.010994778
rna|SNORD45A,-0.6345964,0.047623314,-0.42433146,-0.0099383965,0.24505843,0.044709723,-0.290514,-0.26490986,-0.48082218,-0.66026425,0.4040991,-0.306954,-0.692163,0.40718195,0.15163946
rna|FRAS1,-0.12147657,-0.08701617,-0.016872117,0.024125736,0.062263627,-0.4077366,0.21256773,0.064495005,-0.35334644,-0.038124755,-0.3156926,-0.52208567,-0.064529665,-0.33760422,-0.073666774
rna|EPS15,0.17796439,0.56947756,-0.018398307,-0.9192538,-0.11021759,0.267911,-0.4607475,0.39759415,0.22102657,-0.26505122,0.6137479,0.4270041,-0.6451091,-0.37396565,0.189496
rna|TALDO1,0.05696624,0.21276739,0.39883777,-0.27466896,-0.03018231,-0.26158577,-0.05200476,0.5210857,0.69067234,0.22589217,0.30457988,0.30943787,0.25254208,0.13655959,-0.29323146
rna|RNPC3,0.10121911,0.5085228,-0.13219169,-0.71531975,-0.20930667,0.3951527,-0.4155363,0.38321415,0.53379333,-0.34880874,0.5463916,0.558002,-0.6448482,-0.6404237,0.3752144
rna|ARMH1,0.14481299,0.13832833,0.19161525,-0.28619006,-0.3393721,0.04736604,-0.36975783,0.22537173,0.5040214,-0.29400077,-0.2635323,0.40690202,0.43979815,0.14595816,0.2364485
rna|INA,0.53054774,-0.27528328,0.13595638,0.015434142,-0.16306768,0.17117022,0.055315014,-0.019468794,-0.056065183,0.17798717,-0.11049265,-0.25179434,0.16910419,-0.29352677,0.18186152
rna|C12ORF77,0.24086405,0.09772012,-0.11855984,-0.3007831,0.2877533,0.07780168,-0.19596164,0.106540754,-0.5559215,0.26887226,-0.096604854,0.07354716,-0.15228915,0.05498482,-0.3157509
rna|IL1B,-0.5393921,-0.5750633,0.28341773,0.37395042,-0.5404939,-0.3437426,0.25375664,0.08512008,0.13860044,-0.10709664,0.2188159,0.08465576,0.33534208,0.07079293,0.15146324
rna|MIR1203,0.16847059,-0.13520907,0.23489626,0.20275286,-0.59020305,-0.20581084,-0.16067444,0.15881002,0.16608153,-0.18269955,-0.35263142,0.0109184915,0.6078915,0.39622003,0.3017341
rna|PADI4,-0.36043036,-0.1729097,0.12688929,-0.19338186,-0.58379525,0.21121737,-0.06649287,0.2723942,0.3133836,-0.5025223,0.19247568,-0.09870654,-0.0004041902,-0.28332576,0.35374084
rna|CLIP4,-0.3114536,-0.02740139,0.29463443,0.04160142,-0.2188901,-0.4437871,-0.27465218,0.4696005,0.0029437125,-0.21429718,-0.09640709,0.42593926,-0.05157157,0.07074295,-0.12278317
rna|AZIN2,0.11802317,0.12728858,0.21790913,-0.9321882,-0.35338324,-0.5015903,-0.065860316,0.49831924,-0.22662103,0.20800738,0.20014073,0.21072237,-0.25977793,-0.6211002,-0.03961066
rna|CHORDC1,-0.43130565,0.19411597,-0.18739429,-0.30584034,0.33619076,0.37920457,-0.33237484,-0.13877156,-0.16198522,-0.48351827,0.8993207,0.022523617,-0.98074716,-0.074099384,0.20829113
rna|WFIKKN2,0.4421753,-0.48697647,-0.2792094,0.2500517,-0.3664558,0.4561527,0.41198978,-0.2177603,-0.122923754,0.22129537,-0.16717839,-0.61812097,0.18035807,-0.3142385,0.47554314
rna|RAB6B,0.3069219,-0.3225595,-0.32134432,0.12833476,-0.25290427,0.24145529,-0.06389507,-0.11655631,-0.11958151,0.08663721,-0.35092145,-0.20894495,0.21025476,-0.30279368,0.35660988
rna|LRFN5,0.36560243,-0.152693,0.053031154,-0.2890659,-0.26627532,-0.010661189,0.27737567,0.08597834,-0.03415683,0.57326126,-0.18190871,-0.46285164,0.24443834,-0.34304965,0.005492368
rna|DENND3,0.13349216,-0.2658957,-0.06296915,-0.29592916,-0.2157172,-0.5605609,-0.020295165,0.46694127,-0.26248962,0.34985712,-0.16467439,0.14749224,-0.08571722,-0.21482763,-0.18278044
rna|MCM2,0.42694232,0.4547769,-0.14678638,-0.034271788,0.39427075,0.057536636,-0.37037846,-0.0015142938,0.39480656,0.6597109,-0.060618505,0.6193658,0.069339685,0.15823828,-0.38606536
rna|GCAT,0.21497157,0.1930388,0.018127086,0.10734714,0.2258764,-0.047979422,0.16066907,0.12494004,0.45743614,0.4683562,-0.20983794,0.12030675,0.41830912,0.050652355,-0.41229996
rna|OR2A42,0.44362962,-0.45368546,-0.069279514,0.36513928,-0.35581115,0.30731568,0.46818364,-0.05666895,-0.12117865,0.16346124,-0.3873776,-0.5352183,0.14981784,-0.54942703,0.4458263
rna|KRT77,0.40996927,-0.29224405,0.09548691,0.05504624,-0.2526126,0.50961405,0.3698343,-0.41604507,0.018835604,0.31503513,-0.24499258,-0.61138016,0.38678974,-0.27460638,0.1892134
rna|RTL9,0.46826282,-0.23655227,-0.01348047,0.3136713,-0.21722485,0.3710348,0.2725853,0.024055943,-0.057225298,0.39834476,-0.15033059,-0.51834047,0.47508442,-0.3197166,0.37973595
rna|SEMA6D,0.06471536,-0.42329562,0.0053070006,0.5289205,-0.24719517,-0.07367029,0.3268036,-0.21070041,-0.26301003,0.10640664,-0.47729397,-0.33181715,0.3503511,-0.39165792,0.14533927
rna|LOC653980,0.28707734,0.26547483,-0.335584,-0.5694097,-0.046408314,0.11669142,-0.32221922,0.0096876705,-0.5132749,-0.35576174,-0.121884465,-0.14151518,-0.42652902,0.09108206,-0.028704675
rna|ZDHHC19,0.031350736,-0.4947841,0.3090142,0.11389643,-0.52953917,-0.1404456,0.27094063,0.31273466,0.16972163,-0.21668637,0.014459376,-0.21875605,0.37292525,-0.17074282,0.21132459
rna|HS3ST1,0.039302755,0.25580373,-0.14780486,-0.4814905,-0.3058805,-0.18001464,-0.18028383,0.29193106,0.26097846,0.105307125,-0.10895419,0.5040946,-0.042131297,-0.6344407,-0.14503527
rna|OLIG3,0.50815016,-0.38932064,-0.31711382,0.33970225,-0.34520534,0.39679748,0.4265783,-0.16241798,-0.04450563,0.21335185,-0.26055047,-0.6396561,0.22313175,-0.29476616,0.3720354
rna|UBQLNL,0.43701875,-0.48186827,-0.19337033,0.27324605,-0.5766079,0.1713262,-0.048440445,0.1550804,0.07007439,-0.22149181,-0.3300002,-0.22977388,0.18503785,-0.23221625,0.5620239
rna|MS4A12,0.4953444,-0.21316727,0.022158176,0.06419564,-0.19406213,0.45857337,0.23424806,-0.014910941,-0.073089644,0.4068295,-0.014511845,-0.3301847,0.35029063,-0.37086043,0.04598311
rna|CELSR1,0.0043824096,-0.18646957,-0.29213092,0.049216744,-0.3108402,-0.032928664,-0.04252102,-0.026079224,-0.03757607,0.12790051,-0.65855443,0.06877795,0.40206704,0.112681136,-0.10688791
rna|PIGZ,0.18071571,-0.2525126,-0.40878367,0.13049445,-0.26554245,-0.0012490132,0.14010978,-0.021094149,-0.27403247,0.084808946,-0.51373816,-0.26049668,0.2541187,-0.12627806,0.13616692
rna|TP53TG3D,-0.1303554,-0.2555666,0.22734617,-0.095134854,-0.02589369,0.14271379,0.014152931,0.008167925,-0.03755414,-0.20640615,0.22649145,-0.39497975,-0.06539914,-0.39230174,0.4240431
rna|LOC440558,0.65653986,-0.23436706,-0.0056682234,0.16922408,-0.29311177,0.18036188,0.35979754,-0.108193584,0.11243715,0.30015704,-0.20486437,-0.5272709,0.4529508,-0.49118322,0.23344319
rna|TFR2,0.23647514,-0.07804747,-0.28521755,0.24618363,-0.22822899,0.18443301,0.445552,0.036158018,0.2888889,0.26081496,-0.25903794,0.056946512,0.35425544,0.05669794,-0.25528198
rna|UGT2B11,0.46455073,-0.31034374,-0.13753928,0.1750988,-0.45254415,0.46909428,0.54762083,-0.18673192,0.13508113,0.16561191,-0.10959175,-0.45433432,0.30044186,-0.5085575,0.19202001
rna|SLC26A8,0.39610967,-0.52081364,-0.13312407,0.46154532,-0.28822485,0.4354138,0.4576529,-0.180095,-0.0492855,0.20854303,-0.2832843,-0.532187,0.3452224,-0.3856209,0.4102265
rna|ZNF85,-0.1740234,0.18517745,-0.16921422,-0.348349,0.004570114,0.4337404,-0.306212,0.06992583,-0.20444448,-0.36283082,0.49832064,0.6499751,-0.75129896,-0.34283274,0.3608654
rna|GATA3,0.27883357,-0.39230448,0.6461017,-0.2503137,-0.62223035,-0.058656797,-0.23907094,0.48294246,0.5487316,-0.2188939,-0.1935361,0.36722192,0.5409508,-0.19446057,0.3091673
rna|POM121L10P,0.46100974,-0.18669754,-0.1434318,0.07573916,-0.20773563,0.40742785,0.47265533,-0.098300315,0.19540028,0.32279828,-0.25070372,-0.58585674,0.24301769,-0.43640703,0.14238958
rna|CDRT4,0.20262825,0.0051861242,0.4508409,-0.6442726,-0.33144957,-0.18821202,-0.061294533,0.6920409,0.72518986,-0.42260456,-0.028447745,0.2248854,0.10454089,-0.30014235,0.36820707
rna|GBX2,0.600505,-0.44149494,-0.07182713,0.3842072,-0.25678334,0.3006207,0.38807902,-0.117300816,0.036837686,0.33402973,-0.30991924,-0.55220175,0.36473903,-0.33160827,0.26806754
rna|MTARC1,-0.019396694,-0.06191357,-0.10593807,-0.37275276,0.017927568,-0.08706814,0.10071494,-0.043034572,0.01924622,-0.2538369,-0.113932826,-0.49813774,-0.014306472,-0.25709063,-0.0021802152
rna|PKMYT1,-0.009743478,0.0660086,-0.16843072,0.5707884,0.7508619,-0.26605153,0.16023763,-0.45034572,-0.2537136,0.7894966,-0.3521059,0.07575607,0.42361608,0.59067863,-0.493227
rna|TM4SF4,0.096750505,-0.13641803,0.19546008,0.0068562506,-0.38097826,0.23277527,0.3881608,0.024672313,0.39971402,-0.2439362,-0.34554604,-0.38460606,0.24829021,-0.39830753,-0.22379501
rna|ERN2,-0.0744478,0.2534996,0.12059314,-0.08419035,-0.27166566,0.33308777,0.34149554,-0.17776884,0.15699768,0.42949033,-0.28547913,0.073306866,0.25749335,-0.16020545,0.19668546
rna|ABCA6,0.11449638,0.2501602,-0.4047784,-0.5051217,-0.10495884,-0.1274632,-0.19852842,0.2878589,-0.23195076,0.113905974,-0.25588477,0.37215802,0.12600358,-0.14289951,-0.35668004
rna|ZNF528,0.31286463,-0.21312493,0.08880802,0.13173063,-0.4191782,-0.05575896,0.19046144,-0.024632188,-0.05612238,0.06071542,-0.41182008,-0.21800575,0.3931381,-0.21349749,0.161075
rna|DLX1,0.3623453,-0.17200968,0.11166997,0.27878982,-0.24546926,0.32586026,0.40883943,-0.18896236,0.014503506,0.4445901,-0.3199382,-0.54441065,0.44353947,-0.24873494,0.26225686
rna|CLRN2,0.51291573,-0.45189717,-0.15750544,0.3728832,-0.3575271,0.3959243,0.39112276,-0.2015405,-0.05448205,0.37300286,-0.23683704,-0.54598933,0.39893234,-0.39441022,0.34872913
rna|TENT5C,-0.18523087,0.24087858,0.22453818,-0.22475278,-0.23641093,0.15875052,-0.17623304,0.028078377,1.0259285,-0.35377616,0.12642244,0.21495087,-0.07693899,-0.089806296,0.511357
rna|DYDC2,0.30488887,-0.13281669,0.01652949,0.21685846,-0.16307735,0.34079963,0.48054275,-0.15836032,-0.12436466,0.3536319,-0.48884773,-0.43925866,0.4286882,-0.28495952,0.102457136
rna|OR14J1,0.4870666,-0.1813992,-0.26717904,0.27136984,-0.40540618,0.32160854,0.4334884,-0.073433794,-0.04238847,0.33642915,-0.25323266,-0.5138033,0.26154765,-0.28273726,0.3622183
rna|MMP19,0.008216354,-0.21576367,0.26753712,0.1676017,0.068766326,-0.5573043,0.4929399,0.04822657,-0.15791538,0.46837616,-0.08284683,-0.2825644,0.44768646,-0.18067993,-0.28430665
rna|RCAN2,-0.34916735,-0.019101247,0.54211503,-0.6268285,-0.14433724,-0.13957137,0.078610815,0.48002496,0.16617878,-0.07518432,0.36091992,-0.09218932,-0.2122721,-0.3883881,0.15732159
rna|CD8B,0.20208327,-0.6013967,0.5197486,0.4459664,-0.21333921,0.0866852,0.1821447,0.164079,0.14008847,-0.23228705,-0.41981876,-0.2183704,0.52125335,0.1931883,0.52856976
rna|AP2A2,0.085075386,-0.11573152,0.022295924,0.09774171,0.03239807,-0.35941002,0.106711924,-0.1139033,0.038964782,0.114105694,-0.52787817,-0.11744601,0.25345564,0.18939684,-0.17946994
rna|GBP3,-0.40764502,-0.032663163,0.32818246,-0.41841662,-0.12951966,0.31164885,-0.15966067,0.33668363,0.3034728,-0.669534,1.0695736,-0.1489962,-0.635614,-0.21935172,0.5109019
rna|CASS4,-0.019122466,-0.5912313,0.09065829,0.69777,-0.27747908,-0.18001151,0.32114068,0.04942101,-0.08423327,0.022718657,-0.4714036,-0.40194085,0.36035308,0.21819197,0.17809018
rna|NRG3,0.35480982,-0.28793797,0.13362838,0.22400804,-0.08397642,0.06919743,0.33794278,0.20500201,-0.14788285,0.16882534,-0.14797695,-0.27334443,0.16370149,-0.42564648,0.20814441
rna|SNORD114-3,-0.5647894,0.05350565,0.29701945,-0.25696808,-0.025450809,-0.5874319,0.4194835,-0.13337906,-0.6100022,0.23190159,0.026380176,-0.4935517,-0.17184834,-0.1724128,-0.3835126
rna|SDK2,0.037796848,-0.40698877,0.021756535,-0.06414978,-0.5963618,0.09107641,0.07594299,0.2576152,0.27313069,-0.31765643,-0.5529069,-0.10819991,0.4042109,-0.058770396,0.44092062
rna|SFTPD,0.055564128,-0.24868944,0.21460104,-0.050883103,-0.57774407,0.37066877,0.41787738,-0.01848033,0.23326251,0.1878971,-0.27307567,-0.4136103,0.48557866,-0.44977263,0.29783535
rna|ARHGAP44,0.3351389,0.2760747,-0.035540856,-0.24528968,0.019790623,0.11582899,-0.15553781,0.14471634,0.15774685,0.31649262,0.026941247,0.45135993,0.12701158,-0.1815296,-0.0999064
rna|EPHX3,-0.41127157,0.012177964,0.32144442,-0.061995685,-0.74162513,0.37966055,0.2868736,-0.18445513,0.0329483,0.49704498,-0.4368993,0.27124953,0.54271644,-0.117903,0.084328964
rna|PITPNM2,0.13087413,0.14158462,0.15122306,0.18238643,-0.15392761,0.23979539,0.22479026,-0.24229228,0.52286404,0.030954096,-0.22500333,-0.0019618068,0.49036556,0.29796842,-0.102414995
rna|FZD3,0.061087,-0.13668306,-0.10320713,0.68079865,-0.14491875,0.0013815648,0.11694254,-0.25057045,0.10068137,0.14878607,-0.6719992,0.071107656,0.38539758,0.10202095,-0.047933664
rna|COX6B2,-0.5979015,0.062859185,0.5262478,-0.40530178,-0.33970755,0.36769328,0.32103857,0.0011710939,0.030782897,0.085346915,0.2620048,-0.2881509,0.11326911,-0.057046916,0.1893376
rna|SLC11A1,-0.2543194,-0.14872383,0.5271514,-0.08711994,-0.39077926,-0.38081822,0.42980015,-0.06727913,0.34117803,0.32327083,0.79436815,-0.2922625,0.120217115,-0.102278024,-0.11397736
rna|ASIP,-0.01152383,0.079300776,0.62860805,-0.28226814,-0.2829269,-0.008374627,0.11808521,0.46670485,0.54272866,0.20874642,-0.1188257,0.025013506,0.41924194,-0.46122083,-0.050633557
rna|DNAI1,0.45402336,-0.099451736,0.09637881,0.03699373,-0.19291148,0.21700756,0.3916918,-0.0570321,-0.1644015,0.27290115,-0.16464986,-0.32179648,0.24537054,-0.10586549,0.10941386
rna|RASIP1,0.17721993,0.06530159,0.65878546,-0.30243358,-0.3968298,-0.138807,0.21247177,0.24001108,0.6281194,0.17480879,-0.19752724,0.105388395,0.43571085,-0.62892723,-0.035463087
rna|MAPT,0.42286164,-0.4089155,-0.09869073,0.4937219,-0.31626618,0.4216607,0.36244678,-0.25770497,-0.09552667,0.06354277,-0.4157159,-0.42833242,0.31559908,-0.3833067,0.38225737
rna|CD27,0.4440536,0.16160865,0.44163513,-0.79633373,-0.24912018,0.40338153,-0.31441557,0.3099735,0.67578137,-0.43908483,0.16871402,0.009354408,-0.014781146,-0.13528809,0.46702835
rna|SLC22A12,0.4266552,-0.56279385,-0.08501426,0.41163063,-0.24007006,0.5345337,0.43449867,-0.1918534,-0.1091475,0.24596475,-0.28849128,-0.5369403,0.2870974,-0.35155818,0.4052992
rna|TAMALIN,0.09669395,-0.53261286,-0.1893133,0.537695,-0.24044135,-0.1268052,0.3281831,-0.19405004,-0.689713,0.022184255,-0.35014296,-0.40730488,0.12425963,-0.01969603,0.18593095
rna|CD226,-0.2612501,-0.29732904,0.24051346,0.00096067216,-0.19606373,0.08299348,-0.35678977,0.4528154,0.37369996,-0.77959645,0.033095323,0.53224444,-0.009214665,-0.26316872,0.58340144
rna|AQP10,0.2412346,-0.25034475,0.3377103,-0.040188793,-0.5438473,0.060763717,0.18251482,0.0048070285,0.40641567,0.09411747,-0.35062096,-0.20219487,0.5662828,-0.32658157,0.39676479
rna|DIPK1B,0.11272998,0.04294459,0.40332466,-0.28575736,-0.41856253,-0.096090525,0.1467266,0.21416311,0.47917396,0.17549501,-0.31555232,0.45555097,0.35577264,-0.68306947,0.047035623
rna|ZSCAN16,0.46386987,0.5228502,-0.02215485,-0.65442467,-0.31987032,-0.025894398,-0.2665844,0.49446815,0.5085382,0.18904409,0.032715734,0.44125935,0.12125613,-0.20424542,-0.09900777
rna|TACC2,-0.6877214,0.17039645,0.69924897,-0.30627605,-0.41618583,-0.051010214,0.45638767,-0.08615387,0.18348055,0.45284706,-0.011121049,0.2508118,0.42971858,-0.45924678,-0.30057964
rna|TNNC2,-0.0034337763,-0.09148585,0.08797575,0.05149943,-0.38337302,0.3549863,0.36001077,-0.14370859,0.047991138,0.3445171,-0.18665792,-0.44358996,0.17649092,-0.34887236,0.43164176
rna|KLHL40,0.41612417,-0.32195067,-0.06975405,0.14598456,-0.30228853,0.5613014,0.3648139,0.052546818,-0.038479123,0.48806912,-0.23191853,-0.36957905,0.34672907,-0.44521797,0.2521985
rna|DSG3,-0.7392325,0.25630662,0.36359295,-0.039875172,-0.62022644,0.67773205,0.6779831,-0.39552987,-0.14312959,0.49327704,-0.23679237,0.19864343,0.39747643,0.5101339,0.2003119
rna|OLFM4,-0.42375746,-0.25258964,-0.050512753,0.05490754,-0.34565848,0.32779247,0.22125997,-0.27507743,0.004350576,-0.44095722,0.060365256,-0.29318386,-0.14766245,-0.4549571,0.14102969
rna|ASPM,-0.019000385,0.5299655,-0.27973714,-0.44777516,0.23543108,0.49514696,-0.31662473,-0.05657205,0.27856663,0.12432237,0.7826414,0.59457326,-0.67161113,-0.35190195,0.065155126
rna|ELFN2,0.5065602,-0.1486435,-0.007980172,0.2791302,-0.25622746,0.37833008,0.3782137,-0.39341316,0.2936956,0.2344901,-0.16362913,-0.36604056,0.31596714,-0.33281904,0.2521887
rna|PSORS1C1,0.28657243,-0.22254843,-0.26912767,0.14257292,-0.16192636,0.15357502,0.20388131,-0.050851606,-0.066312745,0.35138354,-0.23957166,-0.19219145,0.3366591,-0.25713068,0.18231879
rna|WDR17,0.24580975,-0.07574115,-0.20388012,0.50528705,0.059520755,0.18608868,0.2942358,-0.3756839,0.054620374,0.38711238,-0.40554538,-0.43367347,0.25585297,-0.070376545,0.066443
rna|RDH13,0.40050152,0.42839223,0.44867867,-0.53257304,-0.04855301,-0.029610509,0.0016764349,0.24142736,0.88500947,0.47636977,-0.29874995,0.22673897,0.40743926,-0.27219576,-0.051609643
rna|SRP9,-0.20598222,0.4756071,-0.20204537,-0.4751647,0.21051717,0.46033666,-0.3631191,0.007752408,-0.10211155,-0.3797741,0.87258905,0.2848547,-0.8704598,-0.16013716,0.13092576
rna|SERHL2,0.15583754,0.12703006,-0.33925623,-0.08024504,-0.11659136,0.121430546,-0.24078587,-0.10292281,-0.30392158,-0.100276515,-0.04135603,0.23307662,-0.029003594,0.24630676,-0.079397075
rna|TUBB3,0.009545081,0.10696042,0.24885188,-0.020688176,0.10938473,-0.33710468,0.20265873,0.090370975,-0.17111263,0.57024664,0.1454714,0.22984594,-0.18381242,-0.31706724,-0.25533292
rna|HEATR6,0.27719408,0.22464004,0.19371109,-0.38545287,-0.10748759,-0.21672572,-0.20894243,0.35506606,0.8456669,0.13313383,-0.05467595,0.8191763,0.3116902,-0.12447941,-0.07577687
rna|TRPM6,-0.12446044,0.25564334,0.40298262,-0.120750524,-0.06679895,0.04381489,-0.07337235,-0.06765372,0.6291276,0.39428616,0.018414978,0.06665631,0.29332826,-0.41017157,0.08002675
rna|FGF22,0.44912046,-0.30591917,-0.1203544,0.31378305,-0.083796985,0.35645694,0.40821007,0.1496246,0.078384936,0.3536329,-0.22643298,-0.0690094,0.2486908,-0.29122984,0.37033862
rna|SCARB2,-0.025617184,0.026885284,0.61007166,-0.26638138,-0.18860212,-0.20555583,0.046542946,0.6074526,0.65871805,-0.046251338,0.41136307,0.66066116,-0.08595809,-0.36066392,-0.11802044
rna|NPAS1,0.1758753,0.31725404,-0.33329105,0.19052252,0.16424304,0.16527571,0.046170402,-0.12359012,-0.2741012,0.44487298,-0.29486328,0.20229428,0.12991595,-0.098056495,-0.28985903
rna|FNTB,0.27981928,0.42272052,0.29182878,-0.71897763,-0.24756347,-0.177723,-0.067561954,0.43446574,0.9710078,0.36106274,0.2015946,0.48229668,0.24301349,-0.41442618,-0.11198985
rna|FAM183BP,0.39713797,-0.18137452,-0.17226839,0.20036839,-0.42821133,0.0367763,0.05758551,0.15210523,0.2832388,0.16989918,-0.4896698,0.016773723,0.58439445,-0.032084204,0.15854682
rna|TRIP13,-0.0012690349,0.6268658,-0.15967493,-0.09673855,0.39263386,0.08924307,-0.39437258,-0.050940383,0.28123876,0.57447016,0.28662652,0.7044767,-0.31687704,-0.11527973,-0.31417522
rna|NME5,0.13587083,-0.019851577,0.07414974,-0.23820628,-0.31645593,-0.0832449,0.0980349,0.10025027,0.39975956,0.34268913,-0.3480847,-0.33700165,0.09413391,-0.5642822,0.046107434
rna|STK33,0.11010995,0.08688552,-0.41366354,0.32477906,0.18754676,0.18128859,0.08954591,-0.39545977,0.013243702,0.4620057,-0.18133824,0.08668134,0.1470982,0.038169216,0.06451495
rna|DOCK1,-0.06739551,-0.15723531,0.46627897,-0.31508327,-0.2782053,-0.572877,0.1717804,0.3910777,0.34222257,0.30180368,-0.15608682,0.07930538,0.18375279,-0.44065985,-0.35615823
rna|PTPRT,0.25949657,-0.37042013,-0.07504646,0.07201356,-0.41293696,0.24980132,-0.025183799,-0.003937606,0.021383893,-0.13032167,-0.6701491,-0.264654,0.18656075,-0.17529789,0.33034703
rna|HSD17B3,0.45936373,-0.13997667,0.30362037,-0.21069808,-0.38298374,0.064870074,0.18989031,0.43048435,0.6148433,0.18994783,-0.19095829,-0.22744785,0.5073742,-0.6168596,-0.01810008
rna|C17ORF97,0.27583238,0.009856934,0.14613153,0.0035642309,-0.19019416,-0.040346276,0.059928946,0.12486009,-0.03181879,0.25751987,-0.18818352,0.11436527,0.2546066,-0.1845463,-0.21274789
rna|CPLANE2,0.35688752,0.08504423,0.48635662,-0.40625852,0.0031292194,0.081531644,-0.04602109,0.3826,0.8189131,0.23130788,0.008821296,0.25011477,0.38997123,-0.33693683,-0.057600647
rna|HULC,0.4018239,-0.03874452,-0.11151825,-0.03549572,-0.39993498,0.11976314,0.37330228,0.14926434,0.21172616,0.07632921,-0.36067322,-0.10493148,0.4665614,-0.41803747,0.075462535
rna|SELP,0.23321505,0.10870117,0.46051478,-0.5655458,-0.5090251,-0.009939233,-0.21731658,0.40510097,0.6909512,-0.21438791,-0.27484256,0.6052949,0.17470866,-0.51397,0.43544638
rna|F3,-0.5231285,0.17384735,0.36522302,-0.66411453,-0.20874569,-0.3797371,0.023232644,0.44801357,-0.055636257,0.18398966,0.5428443,0.343072,-0.4253862,-0.44625026,-0.20129095
rna|OR5B12,0.5324863,-0.40953982,-0.13510245,0.29423317,-0.33844143,0.381181,0.29118612,-0.0342086,0.1142585,0.19874364,-0.25945824,-0.36769378,0.30356228,-0.20013265,0.470968
rna|TMEM45B,-0.11078305,0.24040283,0.21819037,-0.41820407,-0.63493156,0.25079143,-0.0035284662,0.019930815,0.38847604,0.2558321,-0.27350497,0.20520195,0.69908196,-0.23113264,0.040254213
rna|OXCT2,-0.05241653,0.10490381,0.22978337,0.040585656,0.18169427,-0.07893222,0.2800717,0.13537963,0.5735418,0.25730953,0.1392968,0.3695332,0.3145174,-0.39932656,0.23867433
rna|IGFBP3,0.285403,0.47492713,0.17243594,-0.77053684,-0.42818388,-0.2801801,-0.1527407,0.1998055,0.40431276,0.35367694,-0.16283691,0.4253673,-0.00265377,-0.5856686,-0.3352968
rna|CD93,-0.1200306,0.058281094,0.50730896,0.012850489,-0.278641,-0.6109221,-0.037367806,0.13675155,0.09376062,0.028713683,-0.05708768,0.4025511,0.07063229,-0.31754106,-0.33172354
rna|PCDHGB7,0.24554105,0.06850223,-0.35148603,-0.24076013,-0.057045102,-0.56453425,-0.38364583,0.12988932,-0.7355147,0.1628064,-0.38175178,0.37132895,0.031693585,-0.032882318,-0.40576333
rna|MUC1,-0.42749366,0.05293751,0.8532469,-0.32796133,-0.21641259,-0.28013986,0.52446336,0.16395026,0.58856595,0.22571799,0.2901125,-0.16875614,0.3293002,0.17786694,0.11967675
rna|DUSP15,0.10210622,-0.11519048,-0.4649523,0.5691969,-0.20638195,0.0583755,0.12952583,-0.29043788,-0.19948083,0.22842543,-0.31291398,-0.064809464,0.24582618,0.22974946,0.17234343
rna|OR2AE1,0.41098827,-0.16062881,0.06156389,0.14475994,-0.32082546,0.17172192,0.24122827,0.065056086,0.1082215,0.23021865,-0.3725853,-0.18473329,0.42185116,-0.16327187,0.20532909
rna|DAZ3,0.37135848,-0.36595973,0.067387715,0.18001594,-0.070844054,0.17478403,0.34188426,-0.16886263,0.15434998,0.14583564,-0.26797262,-0.6446954,0.084185645,-0.21329553,0.269303
rna|MPL,-0.076190315,0.037479714,0.33578166,-0.22718641,-0.4965693,0.073975466,0.12996984,0.009936591,0.2552438,0.030491563,-0.31550416,-0.112943456,0.31970933,-0.5879243,-0.0037841678
rna|TM6SF1,-0.014260526,0.04416432,0.2061073,-0.030036716,-0.07667603,-0.61337787,-0.23313761,0.47177702,0.042031787,0.033848163,-0.019518273,0.6184774,0.017711537,-0.07629023,-0.37224516
rna|APBA2,0.21182828,-0.4421925,0.15894717,0.25609443,-0.25777808,-0.2554081,0.23904969,0.09778716,-0.08643407,-0.10487527,-0.45416272,-0.31323743,0.47596508,-0.2084574,0.3701573
rna|ATP2A1,0.27987662,0.029109444,-0.03641597,-0.072369754,-0.17696127,0.32384297,0.33885384,-0.18404545,0.05021402,0.6520619,-0.20030446,-0.1992792,0.530106,-0.18998218,0.06537773
rna|PTPRR,-0.20670429,-0.1663867,-0.045888647,0.5644941,0.2548952,-0.24309273,0.0028121874,-0.13658796,0.046386793,0.22436553,0.0024079543,-0.17678703,0.12076709,0.035564985,-0.0034148498
rna|HSD3B7,0.12324624,-0.37733692,0.45945525,0.21961123,-0.16759121,-0.15527402,0.31783232,0.0483681,0.31914786,0.21652229,-0.24897829,-0.33014748,0.64411134,-0.028146764,-0.004100935
rna|TMEM144,-0.24952692,0.046577416,0.59414816,-0.4156198,-0.15789501,0.21840417,-0.026441628,0.63045985,0.38557968,-0.29077423,1.0378926,0.058853038,-0.4644867,-0.47365332,0.27656165
rna|BEST4,0.015938556,0.08840628,-0.057902616,-0.11894258,0.15533155,0.09355359,-0.021595644,-0.14698322,0.1198126,0.2870558,-0.3468715,0.06735848,0.49239203,0.09929985,-0.06395224
rna|ADSS1,0.3492099,-0.38207766,0.17225811,0.25773832,-0.3674005,0.20071273,0.34411156,-0.13711463,0.019835636,0.175359,-0.40585372,-0.36015195,0.57572204,-0.094137356,0.22549483
rna|SDSL,0.43660435,-0.19628343,0.84633845,-0.3964024,0.05417877,-0.21561392,0.15044044,0.6861509,0.8666313,0.054169428,0.2381695,0.08291348,0.40254432,-0.60031396,0.0690606
rna|SLC25A53,0.2220445,-0.20966613,-0.10391249,0.4135558,-0.42506936,0.05149214,-0.22975314,0.15726463,0.12583576,-0.18368223,-0.40686238,-0.06433641,0.34444103,0.031188674,0.45343277
rna|RFLNB,-0.121920735,-0.3521626,0.51184654,0.26758188,-0.18033603,-0.4592438,0.24986058,-0.023870751,0.069041595,0.021895312,-0.44109944,-0.29952848,0.58731836,0.13828889,-0.053649575
rna|SNX10,-0.16046606,-0.042770762,0.14718208,-0.31549606,0.04399947,0.07327423,-0.070808664,0.40791136,0.06272044,-0.37273347,1.1648436,-0.013401811,-0.52913797,0.2893592,0.13308513
rna|XKR3,0.35230637,-0.34388155,-0.045321926,-0.07020817,-0.12739588,0.17274831,0.08355556,-0.042734444,0.042943656,0.32726085,-0.13092908,-0.4108861,0.14320119,-0.4160397,-0.037634205
rna|KIAA0319,0.30909964,-0.24560952,-0.20000032,-0.022906423,-0.18412015,0.45364717,0.30487028,-0.15100919,-0.07966722,0.35643327,-0.06618385,-0.52425396,-0.016573338,-0.3316796,0.26049262
rna|CINP,-0.027305944,0.15186015,-0.34778038,0.39699072,0.3467542,-0.6200419,0.055231288,-0.23303032,-0.010806983,0.34188962,-0.30560344,0.19864358,0.38827622,0.53282875,-0.4468458
rna|SNORA56,-0.09127329,0.060155723,-0.37708968,0.5211746,0.41448164,-0.30224726,0.19227582,-0.2835079,-0.408679,0.5749257,-0.26172534,0.047960885,0.2616897,0.42181653,-0.58505267
rna|SNORD3C,0.15235229,-0.12305641,-0.20520815,0.19810759,0.08831221,-0.08078493,0.2520376,-0.19350778,-0.14267556,0.017393742,0.04065407,0.078846596,0.07393444,0.2455886,0.15354997
rna|DNAJC5B,0.06420018,0.06345682,-0.065332524,-0.49345025,0.3914213,-0.37667927,-0.18756868,0.6251055,-0.29262984,0.10414095,0.36281583,0.104834706,-0.26191786,-0.14986193,-0.121387966
rna|HSD17B6,0.3864845,0.036228023,-0.29171804,0.12832792,0.01705444,-0.31157523,0.39239866,0.10925092,-0.063609846,0.408846,-0.21658815,-0.06397088,-0.014283204,-0.40792552,-0.584944
rna|PRDM15,0.044890907,0.23813784,-0.71108305,0.37384528,0.032902863,0.14648135,-0.04519853,-0.28970888,-0.09524446,0.031292412,-0.33944437,0.22320014,-0.0787758,0.34290665,-0.07952735
rna|NMRK1,0.36772883,0.24874787,0.29168716,-0.63360554,-0.49027175,0.00458316,-0.30956638,0.47614086,0.8729135,-0.066033915,0.12682219,0.81094617,0.09259373,-0.59425515,0.10119968
rna|SFTA3,0.4654266,-0.437795,-0.031174926,0.3683576,-0.24346337,0.5503856,0.4214353,-0.13588414,0.08393062,0.1923656,-0.32866532,-0.42544073,0.2206137,-0.4978422,0.40784198
rna|CTAG1A,0.26071274,-0.047215354,0.19984384,0.39108592,0.35004753,0.058831364,0.38767144,-0.08408109,-0.13960102,0.2271699,-0.07581805,-0.29350287,0.14890133,-0.17445813,0.2724458
rna|COL7A1,-0.3150258,-0.22981298,0.319691,-0.24278004,-0.47938672,-0.057804193,0.5111367,-0.06266939,-0.013487642,0.55816734,0.12958531,-0.00025317742,0.42772663,-0.2692456,-0.12255273
rna|PPY,0.3774138,-0.49850732,0.06419004,-0.094387956,-0.40788442,0.37336406,-0.06388476,0.2641526,0.31289545,-0.08816172,-0.09467758,-0.37468803,0.28671145,-0.36169913,0.5185302
rna|FBXO24,0.40272018,-0.395925,-0.13409817,0.41040093,-0.1370683,0.24611641,0.3200269,-0.22928374,0.040914755,0.30682588,-0.38055283,-0.49815163,0.42058006,-0.1549749,0.2850088
rna|SLC1A4,0.39655724,0.40936854,0.09173196,-0.4393718,0.22556359,-0.034893233,0.03768118,0.07313579,0.19641614,0.4745844,-0.13669538,0.0923338,0.2005099,-0.09954853,-0.15377504
rna|AHRR,0.2072453,-0.028621774,-0.091449074,0.1635464,-0.4259808,0.30218825,0.48129722,-0.33119568,-0.019485356,0.30831918,-0.20781542,-0.36264554,0.31964254,-0.23149176,0.18751913
rna|SPIN4,-0.14800926,0.3064773,-0.34851912,-0.30367815,-0.07655688,0.38964576,-0.2680839,0.019006161,0.05890439,-0.13296793,0.5517751,0.76506317,-0.6344697,-0.553024,0.068402104
rna|EMILIN2,-0.010346672,0.1650324,0.45835435,-0.4483945,0.057355225,-0.23486544,0.011998268,0.3864088,0.81743807,0.17014964,0.61205846,0.26125246,0.03448084,-0.18859702,0.0029687337
rna|OPCML,0.51349574,-0.3406994,0.05779898,0.261128,-0.2077198,0.2939253,0.36210802,-0.16178793,-0.14919828,0.25961193,-0.34546906,-0.4462909,0.2942336,-0.29563272,0.3956011
rna|CHST10,0.5137082,0.2576912,-0.15870579,-0.3410817,-0.14661548,-0.051996127,-0.14963318,-0.050146665,0.4917122,0.6525414,-0.24834184,0.122103825,0.41556707,-0.2832408,-0.10981006
rna|SLCO2A1,-0.15897524,0.1532957,0.34583682,-0.6909182,-0.34907958,0.047898732,-0.39179403,0.37599188,0.3559713,-0.39643884,0.38559353,0.4467635,-0.48518172,-0.5692565,0.24275446
rna|MYEOV,-0.023552032,0.092622556,0.04403743,-0.31102875,0.1716644,0.018401425,-0.0007918538,0.023631435,-0.39132285,0.33409572,0.30441767,-0.15777464,-0.21546651,0.017633457,-0.07748367
rna|BZW1,-0.50502104,0.22855219,-0.14902484,-0.32678276,0.28420332,0.49535063,-0.19955726,-0.07058962,-0.07216354,-0.4844265,0.98659,0.089852765,-0.9345323,-0.22750893,0.33148327
rna|ACE,-0.06675218,-0.5041145,0.5062789,0.57930654,0.0495153,0.019985761,0.46524733,0.06542194,0.042462,0.038939327,-0.07774855,-0.38123155,0.36406663,0.3148255,0.087964684
rna|BTN1A1,0.5701383,-0.13256517,-0.43459395,0.14523472,-0.1827521,0.19116212,0.32934657,-0.32300645,-0.03714471,0.1731665,-0.33145803,-0.2548966,0.37254992,0.044516854,0.14841197
rna|KLK3,0.44843367,-0.33431095,-0.044778887,0.38003033,-0.2764122,0.42246288,0.473292,-0.20934404,-0.01909039,0.3572544,-0.2047755,-0.5536819,0.47075403,-0.45810395,0.43401933
rna|SYTL3,0.19342926,-0.31711218,0.51002365,-0.15815794,-0.32879424,-0.23250435,0.019845448,0.3066274,0.54017526,0.010895716,-0.02677103,-0.20294651,0.5276629,0.29170367,0.19034307
rna|LMNB2,0.43481338,0.5485798,0.035100084,-0.5507474,0.058877263,-0.03449215,-0.2946116,0.3209767,0.6793725,0.62938863,0.26927027,0.9015942,0.076634146,-0.31498215,-0.2015457
rna|HSF5,0.0057654683,0.088752344,0.024551937,-0.117358476,-0.29016027,0.27598152,-0.25130334,0.13922064,0.4384137,-0.32808223,-0.07944436,0.28841534,-0.03813114,0.00013461831,0.31013232
rna|SLC52A3,0.3461346,-0.24846588,0.05256702,0.49719772,-0.3098093,0.29142624,0.46186188,-0.10025439,-0.13766679,0.35406914,-0.2293772,-0.03593457,0.19999972,-0.28269395,0.4773252
rna|CHAF1B,0.21627536,0.5474506,-0.08203858,-0.17725487,0.1550752,-0.006522421,-0.23980214,0.24224377,0.5669261,0.51266474,0.18763985,0.92235434,-0.0127758,-0.2260513,-0.14725919
rna|CHRNA4,0.55754936,-0.4909073,-0.10779462,0.33569872,-0.44538584,0.47276276,0.4339338,-0.11207118,0.0017022786,0.13116463,-0.27573246,-0.18405536,0.40861586,-0.40371415,0.20054421
rna|FRK,-0.17592537,0.3659691,-0.114232615,-0.06874698,0.26175833,0.32371542,0.2101435,-0.33616322,0.017014492,0.42816353,0.21666336,0.023706218,0.059657846,0.03903471,-0.32578284
rna|ZNF667,0.008793043,-0.46955132,-0.16642053,0.23685837,-0.44754544,-0.13677327,0.14102103,0.1520914,-0.28136852,0.06803841,-0.3889191,0.33944196,0.2500126,-0.3196949,-0.052905887
rna|S1PR2,0.229662,-0.39493454,-0.0025979257,-0.04050955,0.19910377,-0.28648022,0.19253728,0.13985497,-0.9858258,0.17464489,-0.20049861,-0.19602567,-0.072243586,0.16626614,-0.31144395
rna|GALNT9,0.17784652,-0.05593914,0.14668173,0.07869731,-0.007548174,0.21990652,0.07418163,0.010699712,-0.11325081,0.043094948,-0.09302219,-0.03930481,0.19892672,-0.25979817,0.1411899
rna|HAND2-AS1,0.20277438,-0.20095594,0.09173719,0.19369183,-0.1523134,0.003966209,0.47303337,0.05728151,-0.0022394466,0.26819292,-0.44862553,-0.23589368,0.4132492,-0.44985843,0.13937722
rna|MAPK15,-0.07885423,0.04121207,0.23037897,0.073044986,0.15317096,-0.104707256,0.1749846,-0.056436792,0.40704972,0.19275092,-0.22409412,0.14966716,0.3708634,0.16064438,0.063391194
rna|ARHGEF37,-0.18998897,0.35932806,0.08835586,-0.6386762,-0.23599575,0.09796696,-0.102591075,-0.20548443,-0.4108011,-0.08556339,0.18154323,-0.01355312,-0.26301694,-0.16216128,-0.020568715
rna|IL18R1,-0.22303887,-0.25719517,0.0068426467,-0.20647782,-0.5435475,-0.28020415,-0.3064642,0.22329092,0.053887736,-0.3661013,-0.03908795,0.36526796,0.02083036,-0.059880886,0.11180301
rna|CD244,0.2184095,-0.23689465,0.88290936,0.036322773,-0.2244835,-0.023766257,-0.074523695,0.6210416,0.9162812,-0.30827188,0.1274921,0.0327573,0.4462411,0.06271336,0.16330642
rna|KIF4A,0.19914433,0.1504001,-0.25510395,0.46955684,0.66199505,-0.1700912,0.041587934,-0.12400574,-0.20584078,0.72132623,-0.079086676,0.009667946,-0.15048721,0.30254418,-0.4361737
rna|ZFP3,0.30214646,0.17611049,0.1350838,-0.3164704,-0.50000733,-0.21972165,-0.3822913,0.51912504,0.24772565,-0.10392915,-0.17705362,0.7151139,0.24057902,-0.06862678,-0.022409951
rna|FSTL1,-0.20564112,0.02595876,0.36053538,-0.55406797,-0.13185976,-0.85212547,0.10386757,0.17387015,-0.28934202,0.1756264,0.111875534,0.007872583,-0.20672801,-0.38639623,-0.41568148
rna|GSTM1,-0.40241635,-0.087966226,-0.036242846,0.38029528,0.15744804,0.11748888,0.00565494,-0.1040106,-0.31017983,-0.38855544,0.043425407,0.11195883,-0.10341153,0.107361786,0.13502905
rna|MLLT11,0.053453807,0.09986454,0.11037416,0.0646252,-0.07475773,-0.027493302,-0.007648199,-0.0006082379,0.04342578,0.4278755,0.079029515,0.17093486,-0.07684198,-0.30945757,-0.19243005
rna|SLC22A11,0.49039894,-0.32951924,-0.070128426,0.1917038,-0.41475236,0.27936763,0.3682369,-0.1436716,0.028920455,0.28517243,-0.19263084,-0.40355808,0.39704648,-0.40424782,0.3470511
rna|ABCB4,0.24942917,0.16520981,-0.44908184,-0.58953255,-0.11556824,0.053896185,-0.08234222,0.18983518,0.022873193,-0.25406146,-0.14972197,-0.047222957,0.10203895,0.027142694,0.041137192
rna|ST3GAL4,0.2695961,0.074499466,0.5078364,-0.5909353,-0.4284411,-0.26980028,0.0010775261,0.45274192,0.55772656,0.32954806,-0.12617773,0.3470878,0.47828037,-0.3711063,-0.2082143
rna|GSTA5,0.38042587,-0.19428085,-0.045227148,0.24817824,-0.24680322,0.45237407,0.310482,-0.026410628,-0.015584704,0.26133916,-0.17352404,-0.48339137,0.27623257,-0.6109923,0.39127725
rna|LCA5L,0.5098479,-0.21467392,0.021781603,-0.0365976,-0.32008106,0.15518516,0.21307676,-0.07589241,0.25848737,0.42350292,-0.38016352,-0.57200366,0.49383286,-0.2500257,0.041724827
rna|KRT19,-0.47354272,0.11264556,0.17845334,0.1376344,-0.3869361,0.25251776,0.5222159,-0.39292035,-0.07508406,0.56165,-0.36557376,-0.19474027,0.45436957,0.046446256,0.1774924
rna|PYGM,0.52857274,0.09499103,0.2516291,-0.14496265,-0.5234803,0.038698714,-0.044771105,0.24993049,0.38738474,0.36968547,-0.24042325,0.054935332,0.5611781,-0.19548117,0.18040551
rna|CD3E,-0.15333204,-0.6293391,0.51520646,-0.12477344,-0.2444862,0.060713682,-0.32499713,0.5359075,0.22074986,-1.2119448,0.08173084,0.031091794,-0.17129822,0.19460565,0.7518759
rna|BTBD11,-0.10655872,-0.40638456,0.49255744,-0.22066942,-0.68415135,-0.0019644836,-0.13920668,0.4070336,0.4708968,-0.6513741,0.12918758,0.11610204,0.026880324,-0.11009719,0.589285
rna|LOC731823,0.49396107,-0.49830896,-0.12737301,0.42924437,-0.22670448,0.24548115,0.25750253,-0.17985292,-0.0944258,0.0688097,-0.19209917,-0.42902654,0.17723913,-0.32882383,0.4432851
rna|VHLL,0.38480836,-0.15867388,0.05349298,0.20680115,-0.21277131,0.27850568,0.21494417,-0.20438333,-0.057951953,0.34849903,-0.25893372,-0.3081988,0.17468394,-0.31069228,0.33507285
rna|ACAN,0.2778602,-0.32518992,0.0040348843,0.3484788,-0.3068657,0.20685932,0.5579007,-0.26494288,0.0747856,0.3123987,-0.22208172,-0.23001069,0.17292,-0.4634703,0.29755536
rna|GABRA3,0.3885599,-0.17198648,0.06474495,0.36583218,-0.07521774,0.37317744,0.36336213,-0.070011936,0.13266279,0.41223708,-0.25897837,-0.15527071,0.42499825,-0.46194342,0.35989344
rna|RCVRN,0.080123015,-0.12201818,0.41895387,-0.40284327,-0.26891565,-0.13816707,0.013784586,0.35633042,0.39372668,-0.276632,-0.012833837,-0.11526132,0.1564437,-0.30113423,0.3622976
rna|ARL3,0.008899919,-0.2640885,-0.012960869,0.55233145,-0.24361773,-0.13513607,0.004557082,-0.21290578,-0.027263755,0.33328143,-0.44087884,0.14847119,0.2707274,0.094422095,-0.12958224
rna|CAMK2N2,0.35547566,-0.085176066,-0.03339563,0.26261383,0.031802453,0.019829834,0.06892503,0.25997177,0.28862906,0.44712994,-0.08437501,-0.14144975,0.10653424,-0.36116132,0.07770948
rna|SLC13A5,0.093808204,-0.0018771626,0.022420868,-0.19528215,-0.3288231,0.23454626,0.49927285,-0.019298688,0.27278826,-0.249946,-0.23513556,-0.19875622,0.28226647,-0.333899,-0.12037247
rna|AKR1C4,0.3681535,-0.17751355,-0.15530564,0.18465696,-0.21099949,0.40578112,0.6377954,0.007986489,0.24125178,-0.05973638,-0.2478667,-0.4469774,0.27067667,-0.45870623,0.08715525
rna|ZFHX3,0.40786207,0.26179063,0.47531372,-0.5326669,-0.106203236,-0.16650389,-0.14443913,0.394313,0.11292205,0.35328063,0.025806159,0.19234006,0.2898656,-0.25476104,-0.3819105
rna|RIMBP3,0.48051345,-0.46636137,-0.009112314,0.3330496,-0.15782794,0.2839466,0.26352137,0.07932231,0.19779146,0.24502505,-0.25978804,-0.30575815,0.5968136,-0.3269582,0.22316775
rna|SRPX,-0.19803637,0.21871486,0.58168125,-0.18507935,-0.12795013,-0.2741853,0.18828739,0.13031188,0.07366681,0.095489755,0.10988929,-0.16282015,-0.16726863,-0.7904565,0.06040545
rna|SHANK2,0.31095228,0.050679017,0.05105108,-0.07585129,-0.19518808,0.36200634,0.51855683,-0.06593941,0.046856195,0.17756777,-0.21151623,-0.1166337,0.27013978,-0.31483224,0.07008052
rna|FAM71A,0.3217188,-0.39608303,0.07803167,0.22126979,-0.19748612,0.38596803,0.37624454,-0.016631346,0.06770537,0.3312167,-0.22056387,-0.3122793,0.41099063,-0.49464118,0.37019244
rna|HOXC9,0.1839095,-0.23858388,-0.16054623,-0.14917682,-0.032792673,-0.30011377,-0.19289683,-0.015206623,-0.13292295,-0.18093388,-0.2805023,-0.09174481,-0.3433607,-0.30993313,0.25545013
rna|PITPNM1,0.33929223,0.37820095,-0.012479434,-0.6401562,-0.16253072,-0.074276134,-0.44602036,0.49545375,0.7466679,0.055137802,0.18515071,0.5940595,0.039115027,-0.12174092,0.09538265
rna|ST6GALNAC5,0.043995447,-0.15439197,-0.11142737,-0.30630234,-0.2208897,-0.49903426,-0.07180833,0.7012297,-0.19587974,0.043123648,-0.13897751,-0.16417895,-0.16401772,-0.511279,0.0110344365
rna|IGFN1,0.4529028,-0.2502356,0.012188063,0.20330904,-0.22777139,0.42094252,0.45617703,-0.1588964,-0.048840255,0.32042342,-0.18265447,-0.41586754,0.29615283,-0.350531,0.24160084
rna|SLC22A5,0.28938237,0.43460882,0.032806095,-0.35557276,-0.16731751,-0.31199384,-0.18134469,0.324222,0.36485538,0.24400878,-0.15878844,0.44936144,0.17530032,-0.054482035,-0.31005096
rna|SUB1,0.061267734,0.38451067,0.09650276,-0.3451909,-0.3059439,0.1682611,-0.3866214,0.44684893,0.6692119,-0.45173183,0.5676316,0.59689057,-0.42612404,-0.41230685,0.31608996
rna|GPR82,-0.024576096,-0.08581928,-0.2925823,-0.36510885,-0.023560382,-0.10165457,-0.18371011,0.51902807,-0.34614357,0.093227,-0.15142453,0.27332675,-0.08437893,-0.40846068,-0.10306429
rna|PCDHGA6,0.25021043,0.21034706,-0.5467009,-0.2745442,0.16570476,-0.2263847,-0.015082905,0.14121868,-1.0071757,0.18433306,-0.42352548,0.01783863,0.17060302,0.035916653,-0.1182559
rna|FAM184A,0.2983223,-0.23606993,0.41091287,-0.30197114,-0.17784439,0.07295677,0.042678196,0.5315236,0.2986676,-0.17364053,-0.1650904,0.008323933,0.2603219,-0.039718095,0.17033768
rna|ZNF330,-0.15202107,0.42996678,-0.118473805,-0.68425673,-0.04043487,0.5121986,-0.33034256,0.045740303,0.29305387,-0.38189605,0.8159232,0.22949964,-0.8635449,-0.44655317,0.29035786
rna|SSPOP,0.25691992,-0.3320924,0.042319976,-0.094206765,-0.61659324,-0.15036485,-0.035499003,0.3217025,0.06189223,-0.12844084,-0.3092621,0.21711697,0.28781343,-0.3184,-0.0143639585
rna|CEND1,0.17175493,-0.13151115,0.12381975,0.4957409,0.25738528,-0.12958519,0.0339721,0.09304083,-0.010016092,0.17150925,-0.013081109,0.15617585,0.29364395,0.069267765,-0.07423647
rna|COL6A2,-0.31166357,-0.3589357,0.34009218,0.28574002,0.13092656,-0.9734365,0.34848902,0.07857513,-0.6000115,0.46006483,-0.11694235,0.13362564,0.21276648,0.0067964797,-0.5412247
rna|CRB3,-0.0319008,0.1496469,-0.10647098,0.24445716,-0.032271206,0.21731666,0.31028047,-0.3286922,0.38576737,0.32963935,-0.2429122,-0.06803384,0.44555074,0.32727793,-0.12005724
rna|CALY,-0.15173246,-0.5977236,0.3891672,0.14809415,-0.6064587,0.1569257,0.058753315,0.28260514,-0.0028437783,-0.56400305,-0.3027438,-0.15774105,0.20201921,-0.06012291,0.6196347
rna|MAD2L1,-0.49984127,0.2649347,-0.4661713,0.31179172,0.7285889,0.35497084,-0.1695055,-0.4254329,-0.4930094,-0.11232659,0.6982881,0.20605414,-0.8164028,0.1602454,0.082013115
rna|SNORA40,-0.4628841,0.23047766,-0.46082568,-0.28897762,0.36489594,0.36354697,-0.070433564,-0.29010907,-0.38651845,-0.40063667,0.70435715,-0.2917738,-0.7319179,0.023296928,0.23329677
rna|KIR3DL1,0.3186756,-0.49013126,-0.078364424,0.33127218,-0.19772774,0.556144,0.37642717,-0.1493216,-0.023751,0.03781917,-0.018845886,-0.6965737,0.29509965,-0.10050623,0.46617034
rna|IQCA1,0.19314472,-0.20878488,0.002214883,0.048464093,-0.426077,-0.1500827,0.44655985,0.004238191,-0.15981223,0.27156746,-0.32103944,-0.33121482,0.24800073,-0.48600754,0.13973072
rna|LOC399898,0.42249906,-0.5083782,-0.19131403,0.29684,-0.3613049,0.3522394,0.37404916,-0.17384273,-0.04074898,0.18977411,-0.21630286,-0.6663061,0.21490172,-0.3527567,0.30371886
rna|PARP1,0.19398896,0.5516621,-0.25352633,-0.59377396,0.1842167,0.42265123,-0.30319032,0.23413226,0.111046255,-0.012673184,0.588702,0.59802544,-0.625257,-0.5062427,0.17947981
rna|CDKL2,0.0021741784,-0.35285372,0.01972635,0.06694635,-0.13721777,0.117036894,-0.04878187,0.14620882,0.105470486,-0.3006571,-0.37966427,-0.13625652,-0.02171945,-0.37858576,0.3607375
rna|CABLES2,0.5266598,0.39473116,0.015720373,-0.7167196,-0.4282561,0.055529937,-0.34532925,0.41668126,0.5770858,0.35423428,-0.024901107,0.3022681,0.16131939,-0.3942912,-0.0576677
rna|CLEC3B,-0.12777753,-0.21838541,0.30533987,0.18184406,-0.029777428,0.28036162,0.13580705,-0.40666705,0.10827957,-0.3304129,-0.25226182,-0.40833765,0.18741712,-0.21721624,0.19798009
rna|PCDHGA3,0.37481287,0.105551414,-0.47919005,-0.71234757,-0.096699536,-0.15906887,-0.049678244,0.38267556,-0.6366225,0.24205858,-0.43550566,0.18732038,0.04473241,-0.52210444,-0.17299418
rna|PTHLH,0.031684674,0.40110815,0.17507596,-0.3358578,0.00783162,0.13507082,0.38086727,-0.13440792,-0.13481499,0.55724734,-0.08706019,-0.2347954,0.28004697,0.256429,-0.030520393
rna|AGMAT,-0.066657156,0.29374665,-0.24939664,-0.024443595,0.05952502,0.22241704,-0.22568557,0.1404373,0.22640884,-0.14219435,0.07718277,0.5622041,-0.12200179,0.08192253,0.05013452
rna|LRIT1,0.39503083,-0.16398117,-0.017620897,0.3049722,-0.101443164,0.3641566,0.41471216,-0.018675031,0.22770894,0.32629758,-0.2706602,-0.46627277,0.41515285,-0.50576174,0.38685936
rna|IL34,0.05381348,-0.30414286,0.15884115,0.19393335,-0.28154877,-0.07324282,0.014696908,-0.05723426,-0.046141032,0.26742405,-0.50598866,-0.10888672,0.505129,-0.11459377,0.08329481
rna|ADGRA2,0.14785865,0.056745525,0.6727547,-0.74114907,-0.24457866,-0.3967397,0.029173564,0.5317427,0.42497715,0.023591455,-0.056104094,0.21215628,0.11083217,-0.689309,0.046735708
rna|RTL3,0.3549099,-0.44502982,-0.13567549,0.32229632,-0.17232649,0.120735824,0.4366018,-0.17517558,-0.32156843,0.34589958,-0.31362432,-0.40798417,0.3513969,-0.2758046,0.18469569
rna|RAET1E,0.14226161,-0.22033459,0.044106524,0.09382289,-0.3684187,0.50424844,0.32468155,-0.21527965,0.07759536,0.3114709,-0.23462379,-0.47256643,0.41819447,-0.3514169,0.28768125
rna|ECRG4,0.400405,0.049518157,0.36890185,-0.17779934,-0.6583066,-0.15525071,-0.02068147,0.045227177,0.22716612,0.21445063,-0.5012555,-0.14538275,0.36708266,-0.49620968,0.3086898
rna|LMX1B,0.5313619,-0.31701347,-0.009530162,0.25572628,-0.1062991,0.30223003,0.50469714,-0.13665819,0.057422068,0.24225618,-0.21096379,-0.37324792,0.35434392,-0.52135354,0.43954486
rna|EFNB1,0.24728894,-0.07439885,0.5614329,-0.21860762,-0.245847,-0.16764814,0.29070184,0.26798007,0.44885358,0.5116716,-0.036261845,0.076758206,0.50703776,-0.48892346,-0.109711446
rna|PHF21B,-0.18922102,0.21802479,-0.050933443,0.12054073,0.18166015,-0.101110175,-0.100481145,0.13264051,0.104807235,0.23464583,0.024083007,0.16638896,0.026846688,0.32121488,-0.21068537
rna|RUBCNL,-0.14138956,0.29912108,-0.49891466,0.1546117,-0.10782274,0.14504625,-0.18503712,-0.24454378,0.40032026,0.10461441,-0.104966566,0.2413214,0.056241546,0.39224514,0.010647547
rna|AMPD1,-0.15663464,0.11414072,0.25200912,-0.1637794,-0.36130604,0.21811792,-0.03084045,-0.26825437,0.3549216,-0.106235564,-0.1805307,-0.2229223,-0.07599491,-0.15881795,0.2748726
rna|ASPG,0.13837638,-0.09200492,0.13729931,0.2502207,-0.24561754,0.5206626,0.66026074,-0.19944733,0.14144923,0.2735213,-0.40535423,-0.27245313,0.46783563,-0.3322601,0.21979803
rna|CFAP94,0.49859154,0.21908976,0.17472783,-0.35984012,-0.27522957,0.41123056,0.1183619,0.050972544,0.06808971,0.3576253,-0.03675381,-0.23846412,0.07201001,-0.49959797,0.18625078
rna|SUPV3L1,0.47614816,0.41790545,0.13782737,-0.4535369,-0.12799202,-0.21943016,-0.23202701,0.2594277,0.704303,0.36932188,-0.033589944,0.2799155,0.1619626,-0.03637238,-0.2168085
rna|PGLYRP2,-0.12160304,-0.24893674,0.40953282,-0.14178674,-0.57692057,0.10695836,0.27019075,0.17593592,0.39849964,-0.49258775,-0.3580523,0.014959123,0.45378116,-0.32748303,0.19389737
rna|ADAMDEC1,-0.24221931,-0.39482266,0.22430411,-0.29425827,0.21558586,-0.15245837,-0.20905146,0.8653414,0.040815677,-0.20447901,0.6155516,0.3278703,-0.4393917,0.0023907982,0.12816244
rna|KRTCAP3,-0.16114284,0.35964772,0.24232338,-0.6360475,-0.15474387,0.06762383,-0.029578209,0.084795125,0.3647507,0.06495427,0.010341488,0.26109037,0.24005938,0.1922237,-0.18585409
rna|RAB36,0.37045148,0.34518847,0.23616382,-0.5378535,-0.25219598,-0.12581626,0.12087151,0.20235583,0.43547636,0.368837,-0.1378399,0.0049806912,0.20847218,-0.44677657,0.06175728
rna|BMP3,0.15915461,0.19932674,-0.34497774,-0.046596006,-0.07709419,0.37352255,-0.12742467,-0.34147272,-0.16353601,0.12521313,-0.1786392,-0.03797911,0.023263171,0.015146,-0.19846605
rna|FCRLA,0.3741257,0.41442958,-0.37450752,-0.32556698,-0.19613545,0.3128644,-0.31287053,-0.027841033,-0.34955117,0.14253715,-0.2329966,0.6439318,-0.09146748,0.0091124205,0.029566972
rna|ZADH2,0.3995713,0.36281997,0.13109475,-0.42685837,-0.46192962,-0.35703638,-0.27327663,0.38999444,0.5700213,-0.095746994,-0.1812519,0.40802148,0.15245305,0.032031287,-0.0019711123
rna|BATF3,0.116396554,0.025807213,0.26948336,-0.27690277,-0.28225046,-0.3346935,-0.10897035,0.58703214,0.7738761,0.15174052,0.26973855,0.3379336,0.40874904,-0.5727487,0.26660928
rna|CFAP45,0.25755715,-0.15870662,0.13397543,0.2581494,-0.24176328,0.20015612,0.42426124,-0.07958945,0.1399181,0.58181804,-0.29908276,-0.4380246,0.5351333,-0.30313307,0.20534109
rna|DUSP9,0.45315766,-0.18923631,-0.08180933,0.38668072,-0.1970866,0.41222763,0.27006677,0.00017477106,-0.06904429,0.2844825,-0.20345011,-0.27064934,0.47495148,-0.22604276,0.3769788
rna|PRG4,-0.11525486,-0.1904474,0.1421254,0.13140762,-0.36145154,-0.09821698,0.21581517,0.033770125,0.047460485,-0.19051896,-0.27698413,-0.18941374,0.1486318,-0.28208128,-0.2162553
rna|STUM,0.44029266,-0.16545375,0.29826888,0.10150096,-0.077814154,0.035231255,0.09967059,-0.1276776,0.083416775,0.083009735,-0.39590162,-0.20002809,0.64339584,-0.13790752,0.13496755
rna|ZNF775,0.58959633,0.26429743,0.26721165,-0.4835138,-0.010849437,0.011332373,-0.00023788642,0.35171723,0.5741758,0.3736941,-0.0639287,0.057304364,0.32879537,-0.24280594,0.112787396
rna|BEX5,-0.21142535,-0.074877895,0.015557841,-0.16750582,-0.22790965,-0.0062391167,-0.049772277,0.11033338,-0.26892504,-0.4676614,-0.33565727,0.15884301,-0.017650153,-0.18630975,0.17140092
rna|PLAUR,-0.23450725,-0.56510895,0.5318398,-0.08202671,-0.06179998,-0.59605825,0.4855717,0.49386898,0.10328799,0.48041525,0.63350904,-0.16161884,0.21417607,0.0046360404,-0.1487331
rna|RDH12,0.20550086,-0.192373,0.113295056,0.025009297,-0.4350579,0.52033406,0.59179866,-0.19434011,0.15852861,0.30661243,-0.20081884,-0.32232812,0.38494635,-0.23340395,0.18221033
rna|PRR20E,0.624958,-0.38903764,-0.074584365,0.27047104,-0.32715958,0.38767925,0.44968426,-0.11733114,0.0404217,0.20362659,-0.24524653,-0.53860164,0.2806738,-0.4749098,0.46929097
rna|SFTA1P,0.3845612,-0.37240744,0.17665957,0.029806515,-0.16578485,-0.034414627,0.3514807,0.18794896,0.2862291,0.34498262,0.024205698,-0.29683134,0.1525564,-0.45368585,0.13376199
rna|MADCAM1,0.42197865,-0.57804614,-0.24157569,0.42303953,-0.18524177,0.070205785,0.08057067,0.05401876,-0.21235426,0.083387576,-0.3386156,-0.113306314,0.32102096,-0.30345148,0.27194414
rna|FPR1,-0.49119565,-0.56743693,0.21643616,0.37575057,-0.11373408,-0.6239574,0.07073187,0.42141357,0.07679674,0.0062380196,0.36897168,0.11784356,0.23616539,0.3534891,-0.27215233
rna|SMAD6,-0.11088042,0.079855084,0.2258695,-0.3315941,-0.3007357,-0.012958927,-0.06381926,0.42806607,0.21318467,-0.016035818,0.30360815,0.42854467,-0.06654275,-0.8379522,-0.08990642
rna|KCNK4,0.39704096,-0.43293172,0.01704781,0.32409966,-0.33055767,0.26402214,0.2840582,-0.10892531,-0.1869917,0.3074915,-0.4072076,-0.27325195,0.32591927,-0.4481689,0.3017576
rna|HOXB5,0.048160914,-0.359047,0.21645388,0.3426323,-0.04528556,-0.09082962,0.36624515,-0.022908255,-4.2254527e-05,0.08295975,-0.058508262,-0.41849527,0.120952375,-0.48810047,0.111058585
rna|SLC35F3,0.48785385,-0.27768436,-0.069721766,0.080497436,-0.3388403,0.37126198,0.20232064,0.006375188,0.07585243,0.19559975,-0.32744527,-0.5481254,0.4037451,-0.3363388,0.39273807
rna|DEF8,0.31960052,0.23207967,0.3130643,-0.72439146,-0.11170214,0.089869484,-0.18289708,0.46590766,0.42347822,0.20329753,0.17359248,0.24801572,-0.21318509,-0.4522131,-0.13216408
rna|ACSL6,0.088640496,-0.59678286,0.29208535,0.33453417,-0.4634046,-0.01635776,-0.022729991,0.19101419,-0.005824498,-0.7190064,-0.5505208,-0.3368023,0.43741882,0.1528628,0.56161755
rna|ALOX12P2,0.29405236,-0.3614812,0.13270527,0.13990203,-0.13298738,0.12791847,0.22568199,0.26781496,-0.12387999,-0.022749675,-0.2663328,-0.05966567,0.31898847,0.280429,-0.13921049
rna|SARDH,0.11367552,-0.43783337,0.12750626,-0.14338966,-0.35513148,-0.16407922,-0.045943722,0.40147844,-0.12373624,-0.4966945,-0.5250543,0.2359581,0.35854855,-0.091761656,0.05550804
rna|SSPN,-0.0489634,0.3030331,0.28944856,-0.7092211,-0.5369537,-0.11730236,-0.17193663,0.5953516,0.21680436,-0.19800258,0.24788392,0.4092613,-0.26726502,-0.78725845,0.24607831
rna|ATP5MC3,0.2514459,0.47951916,0.05834242,-0.33303863,-0.18282892,-0.032463025,-0.36398688,0.39439267,0.38569546,0.05047563,0.13889691,0.8419105,-0.04419563,-0.2746118,-0.34701964
rna|UBLCP1,-0.0074655213,0.3549707,-0.09074466,-0.6339169,-0.27356282,0.39322686,-0.3628049,0.26889658,0.40545624,-0.21923593,0.6332444,0.57756835,-0.5878435,-0.6769643,0.2905836
rna|MNDA,-0.4237851,-0.21911448,0.35763153,0.24493743,-0.06292605,-0.52084696,0.077757806,0.068416946,0.41528,-0.089354336,0.36183852,-0.0024842895,0.34247506,0.2885249,0.013752886
rna|LMO7,0.282556,0.31685555,-0.10905954,-0.6586494,-0.0051361737,0.17025514,0.041313156,0.07858094,0.017183552,0.20322493,-0.03908816,-0.0470909,0.06601917,-0.36626583,-0.10882477
rna|SNTB1,-0.17782325,-0.016895298,0.39023826,-0.037397727,0.038534645,0.094691835,0.11569399,0.41590947,0.3173372,-0.4895529,0.8892201,0.33956695,-0.42016956,-0.12119359,0.13507494
rna|KLK6,-0.02688708,-0.11580321,0.103192605,0.37542453,-0.46021396,0.6855261,0.5774239,-0.24473268,-0.09208355,0.5201961,-0.2104891,-0.08682863,0.3800059,-0.13117927,0.46980047
rna|CDC6,0.19312575,0.233101,-0.2401539,0.4029873,0.3317227,0.1135987,-0.15062395,-0.45543334,0.04712669,0.78924334,-0.2055193,0.020599678,0.11011176,0.17920992,-0.38751054
rna|ZNF341,0.4505683,0.26012012,-0.080503285,-0.30204058,-0.097683914,0.06972968,-0.19041619,0.23921742,0.59783614,0.4413922,-0.110567,-0.017858386,0.08521587,-0.2707395,-0.08603003
rna|NADSYN1,0.32255208,0.112413466,0.25314212,-0.51570386,-0.0802301,-0.24131715,-0.40810335,0.4196585,0.55306715,0.1317583,0.035213932,0.50619775,0.31107402,0.052779604,-0.1805179
rna|NTRK2,-0.1827195,0.16857472,0.5474144,-0.622741,-0.31222707,-0.3236129,0.03619078,-0.10156009,-0.12694684,-0.2666399,-0.22792938,-0.25435036,0.053726487,-0.24375832,0.16481702
rna|UPK3B,0.08600088,-0.32941428,-0.026540695,0.40378806,-0.23181851,0.034194138,0.30368164,0.034163777,-0.16163422,0.2127377,-0.4737775,-0.31811696,0.5861058,-0.08465404,0.39276728
rna|HYDIN,0.36557126,-0.43383592,-0.011258075,0.2917437,-0.30042514,0.38730967,0.42574856,-0.07964446,-0.085279934,0.28282046,-0.3463249,-0.65622556,0.31708503,-0.50166667,0.41080627
rna|PKIB,0.16430502,-0.0709721,0.3218078,-0.080467895,-0.20316759,-0.23719151,0.25726864,-0.10207868,-0.1338197,0.1488782,-0.4248002,-0.19417073,0.286545,-0.2514233,-0.058769617
rna|H1-7,0.48726252,-0.27869537,-0.16844153,0.3919004,-0.40005407,0.31582254,0.31068742,-0.09304205,0.011563906,0.21760906,-0.09723822,-0.47219238,0.29426545,-0.29061848,0.36004907
rna|RPS7,-0.014019891,0.08484455,-0.19424516,0.6773296,0.5734213,-0.29103494,0.14304076,-0.49549347,-0.12951213,0.35143533,-0.2173177,-0.24075523,0.24389201,0.54345244,-0.38202596
rna|DEGS2,0.037697703,-0.084614076,-0.021215457,-0.058731165,-0.3108813,0.36919743,0.09167499,-0.21442804,0.13040058,0.05598124,-0.29129085,-0.38233092,0.3412321,0.027929375,0.23239627
rna|MSH4,0.3995485,-0.050381415,0.10032346,0.17490983,0.023953928,-0.10669245,0.0029338838,0.17671211,0.18126912,0.16392761,-0.20736904,-0.0010119305,0.44318727,-0.120906204,0.18112522
rna|CEP55,-0.012315034,0.21450484,-0.43188924,0.25648487,0.46480653,-0.0905968,-0.15874307,-0.17989339,-0.10985425,0.5380849,0.31193647,0.5480938,-0.2473791,0.22388817,-0.36506376
rna|MIA3,0.15900904,-0.31514326,-0.18028863,0.45558146,-0.21243095,-0.6099836,-0.057699613,-0.00424552,-0.31804892,0.006378979,-0.59858453,0.41082498,0.3381473,0.3870981,-0.27917027
rna|NINL,0.20154881,0.26720828,0.14378223,-0.8067703,-0.24993469,-0.11569679,-0.17508177,0.5876068,0.4998812,0.0116573,0.016283492,0.31860152,-0.035447873,-0.2168114,-0.09987765
rna|FAM149A,0.023671731,0.11339186,0.006643886,-0.059726406,0.013891492,-0.05715724,0.14113936,-0.10852058,0.38708168,0.07561808,-0.34236136,-0.046737798,0.26312873,-0.2904386,-0.09469617
rna|SMARCAL1,0.5511922,0.44854382,0.1059316,-0.7614695,-0.27345234,-0.11389501,-0.27882114,0.53392154,0.84575474,0.265688,0.15125012,0.5420891,0.3709676,-0.4087924,-0.021810189
rna|SLIT3,-0.06774077,0.011393513,0.518408,-0.20395072,-0.53667843,-0.28065124,-0.0516959,0.0381354,0.01424282,-0.2798298,-0.61256886,-0.24890791,0.23503019,-0.39896744,0.19673434
rna|H3C2,0.14398816,0.13530381,-0.16177231,0.6131952,0.6113109,-0.20081037,0.069414586,-0.29004362,-0.29460624,0.60467756,-0.34404522,0.39450213,0.32899904,0.51486707,-0.32954732
rna|SNORA31,-0.56465274,0.027599074,-0.28753722,-0.036013696,0.36345428,0.11097498,0.1389042,-0.41112536,-0.41528246,-0.44417533,0.46553406,-0.7173711,-0.6010288,0.35248277,0.19959086
rna|ADD2,-0.00571337,-0.18638763,-0.0077293157,0.20502453,0.13507216,-0.11599149,-0.01430638,0.13273159,-0.121930905,0.09228282,-0.039401155,-0.04456349,0.3396384,0.032068886,-0.019679764
rna|TYRO3,0.24271111,0.106966354,0.2818061,-0.31654486,-0.5595771,-0.13998418,-0.1995844,0.25600716,0.67100555,0.12062396,-0.53607523,0.02415042,0.34987906,-0.40713796,0.031116156
rna|XXYLT1,-0.09877434,0.3106997,0.07669598,-0.25446686,-0.26423195,0.17483248,-0.1460743,0.2574729,0.4648797,0.08503124,0.2104712,0.8808399,-0.20508124,-0.5860876,0.078144036
rna|XKR5,0.48606768,-0.491744,-0.20832922,0.17798635,-0.36729562,0.15327393,0.2282081,-0.2162831,0.047924068,0.32994154,-0.33542368,-0.3338331,0.4218564,-0.32590285,0.2227301
rna|MROH7,-0.012342537,-0.112848215,0.34735358,-0.69126767,-0.27955985,-0.14180018,0.0041452334,0.7059282,0.37236506,0.16163471,0.077468194,-0.0101606045,0.22121103,-0.73290175,0.163452
rna|LY9,-0.012075761,0.23719488,-0.14661391,-0.53085244,-0.32695264,-0.09497524,-0.43984583,0.4544743,-0.1361658,-0.509745,-0.015103384,0.3803571,-0.19182758,0.030198045,0.46223122
rna|DYSF,-0.25552797,-0.6938482,0.23393248,0.7710619,-0.22198884,-0.31357306,0.23741801,-0.037977047,-0.33895957,-0.37690553,0.000395021,-0.36697033,0.0398136,0.4441356,-0.024331255
rna|LGALS9B,-0.06649659,-0.4715345,0.14554083,0.16958685,0.0072408346,-0.23268946,-0.11431876,0.45543286,0.001727974,-0.25201666,0.12211049,0.4963669,0.081572965,0.33242032,0.1754965
rna|PSG6,0.48361433,-0.33663365,-0.19426684,0.3071851,-0.18924366,0.5093279,0.41802162,-0.116981216,0.1053624,0.30448774,-0.3182652,-0.6920297,0.26734975,-0.4211115,0.32892933
rna|MYBPHL,0.31031975,-0.1579865,0.20461039,0.098300956,-0.2599462,0.27234456,0.39983374,0.06992991,0.24637559,0.25429472,-0.04726656,-0.4074889,0.19891044,-0.41457954,0.046158537
rna|ONECUT2,0.40786332,-0.2120559,0.101950705,0.29604316,-0.10950422,0.4291343,0.452023,0.022615183,0.2914578,0.16289538,-0.11975521,-0.17436244,0.2609573,-0.5070097,0.05284707
rna|ATP6V1B1,-0.06259214,-0.19400801,0.7238436,-0.14337705,-0.3276263,-0.28196958,0.3144158,0.040609974,0.18461289,0.38008928,-0.17769179,-0.23213898,0.33341408,-0.53703296,-0.0076649687
rna|SH3PXD2A,-0.1546177,0.16771537,0.25136936,-0.73870546,-0.33262858,-0.008958592,0.0688729,0.37757447,0.22088848,-0.1364136,0.496269,0.5259652,-0.47824648,-0.93952686,0.20962851
rna|PPCDC,0.16800359,0.13320147,0.15414004,0.1348895,-0.084433034,-0.23617585,-0.069314644,-0.11211301,0.36848938,0.3006134,-0.37248236,-0.26665258,0.36469853,0.43082988,-0.15645461
rna|HSD11B1,-0.23699039,-0.5106841,0.45743558,-0.03518222,0.33426267,-0.10449995,0.13162369,0.5673173,0.39961404,-0.37191695,0.84780246,-0.2606828,-0.058365054,0.23863311,-0.12506618
rna|RASGRP1,-0.22379574,-0.03172233,0.070792824,-0.4500808,0.058299992,-0.06425654,-0.37625822,0.5146565,0.09725197,-0.5584,0.5896312,0.40315875,-0.49654606,0.07184596,0.39428934
rna|NTN1,-0.07595635,-0.03321931,0.2849542,0.07306625,-0.3146664,0.21650462,0.36816686,0.018660447,-0.13142115,0.18648091,-0.40230867,-0.1302034,0.4442118,-0.20033199,0.0011461517
rna|H4-16,-0.0707073,0.048028752,-0.4319575,0.5674137,0.6591155,-0.2667511,-0.028266037,-0.40755254,-0.6426112,0.326688,-0.37718055,0.0066399532,-0.034726933,0.5825959,-0.33678192
rna|OR4K2,0.51790345,-0.61924523,-0.19626372,0.3070644,-0.37148896,0.37004095,0.45110583,-0.14375705,0.052297413,0.19658123,-0.25304666,-0.59730864,0.27691692,-0.39017552,0.41069415
rna|NOC3L,-0.24606568,0.35975146,-0.21484551,-0.2893337,0.22200389,0.6149497,-0.19140078,-0.0021950332,0.37925345,-0.31407914,0.70678926,0.5164663,-0.7042526,-0.4955433,0.4092454
rna|DUXA,0.33308166,-0.2963275,-0.09514491,0.2621604,-0.18357663,0.43340385,0.41931516,-0.018907044,0.012740351,0.33906108,-0.17181224,-0.45033786,0.3585409,-0.5373815,0.44893134
rna|APBB1,0.020025427,-0.48324215,-0.037934605,0.53754705,-0.19955395,-0.38294685,0.073195264,-0.20452447,-0.17811608,0.17933139,-0.6857269,-0.12571141,0.65766126,0.21981186,0.090241484
rna|ICA1,0.33473986,-0.28393343,0.32530335,-0.4397988,-0.4106565,-0.2798787,-0.0811984,0.41754404,-0.0885808,-0.33393702,-0.55636805,0.15658195,0.27628088,-0.17500469,0.16905992
rna|TACR3,0.41633213,-0.34583277,-0.16693877,0.384528,-0.40201175,0.4125001,0.3204719,-0.090072125,-0.091562666,0.27884662,-0.2858815,-0.31304392,0.4006039,-0.48978302,0.41508907
rna|DDX3Y,-0.14837147,0.047636133,0.14211115,-0.44058642,-0.037715707,0.27327046,-0.097841665,-0.004796894,0.26260835,-0.2051547,0.63279617,-0.16726336,-0.43391126,-0.12943874,0.1388541
rna|CPEB1,0.14217514,-0.13379951,0.021949815,0.14393552,-0.0796759,0.46033952,0.26616523,-0.22557284,0.06730283,0.23142132,-0.2190159,-0.6261632,-0.047951747,-0.41021746,0.445099
rna|LINC00312,0.29212648,-0.018222958,0.51704514,-0.3057753,-0.42090058,-0.42291453,0.23394313,0.2314759,-0.1287002,0.21691081,-0.11402191,-0.0588499,0.11942441,-0.3400338,-0.25332564
rna|PITPNA,0.5712219,0.17282492,0.36063316,-0.45378754,-0.29985443,-0.27157167,-0.08462807,0.3430748,0.575599,0.40975532,0.022122405,0.29897904,0.5212527,-0.10005757,-0.10667063
rna|SLC44A3,0.01638834,-0.32135212,0.27314106,0.111878686,-0.49793425,-0.03554898,0.51976687,0.117083974,-0.14260983,0.21827446,-0.20824921,-0.27633536,0.15447517,-0.4635412,-0.05134484
rna|PPARGC1A,-0.023553474,0.19005397,0.3462318,-0.09112888,-0.47666705,0.06751049,0.244063,-0.093177915,0.21697056,0.10244776,-0.24231756,0.15852298,0.26794532,-0.5436141,-0.08920074
rna|IGFL1,-0.07817045,-0.13547343,-0.0654827,0.16550398,-0.46597508,0.45484707,0.49831104,-0.4129533,-0.11118586,0.38837498,-0.2222753,-0.5672426,0.4373682,-0.08033192,0.45924056
rna|PTCH1,0.39685065,0.18595123,0.09706302,-0.0064291586,0.23764972,-0.2807575,0.05846446,-0.08828011,-0.077449985,0.22616693,-0.42814952,-0.03553775,0.35286474,0.1401212,-0.09505582
rna|SNORD114-1,-0.52150553,-0.08840619,0.4999592,-0.19312643,0.041446626,-0.6119138,0.50300235,-0.046138432,-0.5008105,0.24731258,-0.01546275,-0.24926938,-0.18113944,-0.32222912,-0.35896942
rna|ALKBH3,0.187993,-0.14942382,0.41939363,0.07101438,0.15368198,-0.2639581,0.18635616,0.22686997,0.38746923,0.07205873,-0.25811437,0.28623092,0.4000878,-0.2304706,-0.06000604
rna|IER5L,-0.26448256,-0.505355,0.54025817,0.35246354,-0.08435929,-0.81312615,0.23529035,0.115020245,-0.3354386,0.23073222,-0.17474273,0.027782787,0.3396173,0.121583,-0.4010034
rna|PROS1,-0.023175972,0.3350998,0.58136976,-0.49734974,-0.44778806,-0.1517215,0.030667063,0.5726144,0.5882731,-0.05278192,0.20212775,0.57789123,0.0440459,-0.8717216,-0.070404835
rna|ENPP3,0.10711431,-0.008955679,0.109379835,-0.4088444,0.031369306,0.06640339,0.011694128,0.16053016,-0.4902423,-0.1001174,-0.1303428,-0.14079483,-0.2968752,-0.1571934,0.019994479
rna|GRAP,0.25390416,-0.1155532,-0.05828736,0.44448164,-0.19432223,0.05240884,-0.14965048,-0.33067465,-0.4100815,-0.005319131,-0.6897539,0.30388865,0.502081,0.27650365,-0.1467789
rna|L1TD1,-0.31317654,0.047715552,0.08707998,-0.18298797,-0.042380895,0.20989314,-0.00029467183,-0.030484453,0.33162707,-0.1840611,0.31326166,-0.12443398,-0.049683765,-0.008057818,0.26476058
rna|TXNDC12,0.1914666,0.39739898,0.35760656,-0.48915657,-0.23620163,-0.18590787,-0.31824043,0.48689607,0.7217894,0.08677213,0.06776473,0.73467654,0.083899975,-0.34367388,-0.16809267
rna|LY75,-0.36637568,0.1235197,-0.22850864,-0.39573509,-0.026839156,0.3186334,-0.29445925,0.30160645,-0.1537097,-0.4086281,0.575895,0.5388289,-0.6573786,-0.3752919,0.4818511
rna|RNASE1,-0.08483359,0.24558479,0.7052895,-0.14624675,-0.20673025,-0.26371813,0.37112626,-0.14140572,-0.03943733,0.112798765,-0.31020626,-0.0024656693,0.1309877,-0.30490366,-0.124470055
rna|FGF17,0.49530247,-0.36304614,-0.075311586,0.19628245,-0.2083907,0.1489637,0.3729308,-0.095734,0.09829175,0.20804742,-0.3853986,-0.43799862,0.44668576,-0.1639401,0.3199308
rna|FBXO15,0.44263175,0.06497808,-0.17092185,-0.07364428,-0.2713604,0.115591176,-0.10914941,0.15947561,0.42917573,0.20056908,-0.3615634,0.14310095,0.38453218,-0.24981657,0.117706634
rna|HPX,0.20564972,-0.13145582,0.0026063053,0.27129337,-0.17860213,0.35450834,0.5207397,-0.21381342,0.11470709,-0.13245359,-0.28256768,-0.26626402,0.36699668,-0.24648494,-0.05264633
rna|BEGAIN,0.37078574,-0.4443307,-0.03937544,0.19783913,-0.45522264,0.30676177,0.108397506,0.10277985,-0.17648555,0.1113251,-0.19056115,-0.22195664,0.19325107,-0.2743365,0.35863626
rna|ZBTB47,0.44137004,0.18387622,0.6138712,-0.6762456,-0.35836244,-0.29703745,0.12152874,0.43526655,0.7443763,0.22215,0.20009702,0.11033419,0.33114082,-0.4631708,0.078096226
rna|ARC,0.23626155,-0.08748677,0.20069966,0.06816005,-0.099905476,0.10813815,0.40549088,-0.0907629,0.03931948,0.21635747,-0.2725492,-0.044797525,0.44738606,-0.2932893,0.15493485
rna|SRPX2,-0.44073486,0.059538804,0.571036,-0.38567483,0.0036728384,-0.5710318,0.59689575,0.07521767,-0.33741727,0.3478658,0.53572124,-0.22987223,-0.12829344,-0.3699283,-0.35473648
rna|IFIT3,-0.23946084,-0.3577929,0.65248245,0.39510846,-0.123168126,-0.3114831,0.49987674,0.18367745,0.071803674,-0.006838531,0.22591263,-0.23699038,0.34817746,0.39556015,-0.12238573
rna|UTF1,0.4944019,-0.25461784,0.021136152,0.2775192,-0.2952164,0.34423137,0.36414587,0.0178608,0.13190296,0.1821758,-0.3070521,0.025946353,0.37629622,-0.4159582,0.42267483
rna|OR8S1,0.42137152,-0.31034017,-0.13179982,0.25653338,-0.23932213,0.35644934,0.3557017,-0.056820735,0.13826318,0.41955438,-0.33014265,-0.6178918,0.44905588,-0.3068251,0.32254675
rna|NPTXR,0.3759692,-0.5431493,0.22249472,0.10838724,-0.4661906,-0.21327339,0.116355084,0.3994656,0.15587561,-0.2428604,-0.26055017,-0.15164003,0.43269902,-0.03331319,0.50143415
rna|FOSB,-0.28870112,-0.16145195,0.26232353,-0.04667296,-0.19698113,-0.08696767,0.09909937,-0.13747805,-0.2242864,-0.13277932,0.2568932,-0.1605412,-0.27467418,-0.29854956,0.39239395
rna|IL33,-0.31179634,-0.30088288,0.058157414,0.31801414,-0.57920116,-0.4135991,-0.1632647,0.035136778,-0.10784784,-0.46476948,-0.43659437,0.40430206,0.044862725,0.050960187,-0.14028044
rna|IRF1,-0.1664268,0.049673595,0.5190837,-0.55337685,-0.17786685,0.26047963,-0.19283107,0.53974164,0.7730342,-0.5205381,0.93716735,0.20826764,-0.37106174,-0.16971222,0.48778456
rna|H3C15,-0.06704843,-0.07614447,-0.28016475,0.51738995,0.5655994,-0.1684622,-0.03087209,-0.2748149,-0.34005448,0.64212793,-0.34495538,0.29173812,0.31102192,0.5421781,-0.20675445
rna|ABI3BP,-0.12349052,0.1955361,0.18930309,-0.6714934,-0.18121636,-0.027984528,-0.26095665,0.48138896,0.24665138,-0.19771406,0.46300825,0.67094237,-0.34574983,-0.5639996,0.20876089
rna|FGF12,0.48473874,-0.21808149,0.020645816,0.23067376,-0.10630696,0.13413496,0.47535583,-0.09079936,-0.047640588,0.21125112,-0.36131614,-0.39828032,0.2429781,-0.2655645,0.25688684
rna|OGN,0.17304207,0.20854099,0.3665448,0.026675565,-0.20637225,-0.23513529,0.1864807,-0.13089165,0.039281,0.51622003,-0.44175848,-0.36077178,0.2321875,-0.48393384,-0.07925828
rna|DERA,0.37452927,0.5411928,0.19011664,-0.71619385,-0.1572755,-0.003779776,-0.21310946,0.48955485,0.71112096,0.13246456,0.2822712,0.86655045,-0.101480335,-0.4817306,-0.103238635
rna|WDR62,0.110858195,0.45833662,-0.23899426,0.13342606,0.5839797,-0.17741664,-0.14984591,-0.33342698,-0.14678676,0.39473173,-0.08931647,0.027060345,0.027154587,0.5263608,-0.35428938
rna|ISLR2,0.12602967,-0.40651014,-0.008543552,0.3338823,-0.16666849,-0.034621377,0.10470269,-0.14942947,-0.29395384,-0.27041644,-0.47199348,-0.35634068,-0.02514629,-0.14277789,0.28019124
rna|GCKR,0.4699385,-0.21550742,-0.14439501,0.36497954,-0.052397836,0.29257783,0.4352211,-0.06916172,0.18531156,0.1701683,-0.3733944,-0.22607148,0.38382262,-0.44880491,0.021782905
rna|CTSW,-0.27516672,-0.3515739,0.5009928,0.24104556,-0.1435966,0.1872853,0.16185693,0.23430124,-0.03379905,-0.51579994,0.1016523,0.2784043,-0.11739287,-0.21721174,0.46740466
rna|KASH5,0.51365,-0.25765368,-0.12936619,0.20810124,-0.14819112,0.44848156,0.33316922,-0.20134774,0.13515507,0.54485255,-0.25864577,-0.45603648,0.303835,-0.33157778,0.25403845
rna|TRIM2,-0.24186037,0.3952028,0.23518091,-0.78134006,-0.27657652,0.2447616,-0.14577359,0.33063284,0.55480975,-0.43074733,0.43964037,0.32753086,-0.34165895,-0.54202944,0.326892
rna|TSPAN13,-0.20555092,0.20007876,-0.38316742,-0.18922178,-0.034442578,-0.2381989,-0.45664874,0.20717087,-0.3068144,-0.26704913,-0.1760133,0.6312631,-0.3367191,-0.22376192,-0.23697613
rna|DMRT3,0.2633941,-0.23609918,0.41831762,-0.07008339,-0.08999253,-0.10724688,-0.30097336,0.3413749,0.49767473,-0.3313515,-0.15815341,-0.010832804,0.11810131,-0.36491498,0.27097702
rna|ZNF581,0.5320093,0.5615371,0.1613541,-0.78793544,0.10835741,0.16079952,-0.29506707,0.118923925,0.5596581,0.2507946,0.25282624,0.3087186,0.019416573,-0.27421454,-0.023851793
rna|KBTBD11,0.17720492,-0.12982814,0.061369885,-0.45184448,-0.43615904,-0.0599619,-0.24704206,0.27293885,0.17436689,-0.3312856,-0.1179529,0.45820248,0.30403787,-0.5680737,0.0814544
rna|GPR160,0.046217218,0.26898506,-0.072785236,-0.43483016,0.077143624,0.4462959,-0.19250308,-0.018731814,-0.15892296,-0.09751661,0.5740984,0.096137516,-0.6838636,-0.12481728,0.013934502
rna|IGLL3P,0.4970609,-0.09069152,0.004682135,-0.022101186,-0.14153375,0.15470758,0.1066272,0.015478093,-0.430301,0.08482094,-0.16896623,-0.39413232,0.11787821,-0.24186665,0.19179174
rna|P2RY12,0.22504571,-0.2038445,-0.044708453,-0.37931812,-0.08907948,-0.25547186,-0.21728835,0.31050414,-0.6016897,-0.39316392,-0.054832265,0.019340325,-0.00890874,-0.036967434,0.02028734
rna|TC2N,-0.46908262,-0.17362928,0.114014864,-0.2504641,-0.17923895,0.0056743873,-0.4066013,0.40648842,-0.106604494,-0.9919474,0.26077667,0.20351467,-0.55183774,0.18718448,0.4745254
rna|FZD2,0.17531893,-0.0012976057,0.5324156,-0.25144446,-0.12634052,-0.40725532,-0.020699993,0.2901832,0.7820301,0.060318805,0.29613644,0.32067013,0.18465564,-0.27206835,0.032361895
rna|MYL2,-0.0042239088,0.42472756,0.03308874,-0.40920365,0.04167669,0.14435497,-0.10174992,0.041275475,0.006444908,0.358082,-0.018542109,0.22222728,0.076851636,-0.06927637,-0.067474194
rna|LOC653602,0.20069416,-0.36187664,-0.05083368,0.3499596,-0.29419026,0.37450927,0.29663533,-0.16717157,-0.08132296,0.20526844,-0.36467016,-0.1384333,0.46074164,-0.21914561,0.24306661
rna|ALDH18A1,0.42521587,0.5959667,0.031019215,-0.63624513,0.079100445,-0.075841606,-0.26402953,0.18879451,0.80204517,0.38808703,0.061190218,0.27721286,-0.01938201,-0.33829808,-0.23223145
rna|RETREG1,-0.053007472,-0.17840661,0.19354407,-0.4390733,-0.25056416,-0.3332111,-0.049290165,0.32331383,-0.3267632,-0.18940501,-0.045498535,0.09318477,-0.009532984,-0.23031604,0.025563147
rna|TMEM71,-0.13594203,-0.2163535,0.10428659,0.0340056,-0.7768139,-0.21393362,-0.11420294,0.22312698,0.06829439,-0.55968136,-0.16179597,0.15678397,-0.02078701,0.32126972,0.22011863
rna|ATP6V1E2,0.35544264,0.1867103,0.113672026,0.1151623,0.25412324,-0.0044881413,0.093521535,0.2577701,0.74803275,0.3979981,-0.2352762,0.15216587,0.47286475,-0.0066847634,0.17081128
rna|GSTM2,-0.39525884,-0.07163343,0.061300743,0.14127387,0.12309347,0.31531572,0.08194934,-0.030788006,-0.13615584,-0.50836605,0.06997757,0.0073381816,-0.18453212,-0.116171055,0.3533792
rna|PDGFRA,-0.60783184,0.049253702,0.41171762,-0.4124972,-0.1515445,-0.5437264,0.30946568,0.21778677,-0.47921458,-0.011599681,0.5066932,-0.03305746,-0.4605249,-0.5945988,-0.21005955
rna|C1ORF100,0.4062866,-0.2349466,-0.018407026,0.28119162,-0.08453094,0.43998635,0.2990108,-0.083126344,0.09104713,0.3119521,-0.18680738,-0.36068255,0.3151445,-0.37895435,0.35021636
rna|GREB1L,0.6894329,-0.23174863,0.034754023,0.24927881,-0.36135858,0.25295106,0.36793596,0.09735305,0.14493358,0.1657609,-0.38336313,-0.34424606,0.23782659,-0.3848105,0.17944694
rna|CD1D,0.14408708,-0.016331583,0.03617592,0.51968217,0.15943784,0.20870066,0.13637972,-0.29086673,-0.10938438,-0.14348415,-0.17284647,-0.34218094,0.10935405,0.11627757,0.07780087
rna|OTC,0.4015976,0.106585585,-0.01577558,0.13950662,-0.24321507,0.32625973,0.4204346,-0.028490618,0.06847962,-0.10689557,-0.25021553,-0.18262385,0.39917904,-0.3817775,-0.060564455
rna|HOMER2,-0.09274906,0.004293467,0.1284774,0.2001814,0.034277227,0.20920625,0.18069516,-0.13481642,0.09967585,-0.0071656676,-0.42942324,0.2548542,0.33888307,0.20544378,-0.057573415
rna|ZDBF2,0.57422715,-0.012807335,0.04676532,-0.13030359,-0.06134609,-0.22396244,0.16292185,0.23537639,0.05949271,0.29091755,-0.3385958,-0.18483412,0.38225305,0.033016432,-0.093663394
rna|FASLG,-0.16780621,-0.5530479,0.53843623,0.12628676,-0.14558437,-0.081604235,-0.29321593,0.50694484,0.1436274,-0.6827164,0.24698493,0.22684962,-0.24119104,0.42508334,0.30150154
rna|GDF5,0.5305323,-0.13997626,-0.059960105,0.34799907,-0.23530649,0.36472237,0.40693375,-0.016875602,0.1466324,0.40086237,-0.18453832,-0.2524635,0.4078645,-0.4280679,0.48898152
rna|DNAJA4,-0.028574929,-0.12175865,0.09786829,-0.014869472,-0.18620646,-0.25470552,-0.109862685,0.20206894,0.3605212,0.072620645,-0.082607225,0.38290906,0.25539768,0.27849504,-0.12619734
rna|BATF2,-0.028413678,-0.2256016,0.7149769,0.2015159,-0.16864908,-0.2883649,0.17287673,0.33050448,0.49041876,-0.287695,0.3967087,-0.20337527,0.3774397,0.5400663,-0.07152622
rna|GZMH,0.014725999,-0.38773134,0.8242819,-0.12615556,-0.14310756,0.24785462,0.11482816,0.49634323,0.8603967,-0.2622047,0.6393108,0.05690982,0.009578919,-0.14279881,0.40928274
rna|CD22,0.0806829,0.26018158,-0.6719277,-0.42035735,0.00036338033,0.075191595,-0.49321175,-0.06300987,-0.57903546,0.20214432,-0.23621276,0.22534606,-0.18164873,0.14643903,0.07632916
rna|ZNF287,0.3051694,-0.11403244,-0.022976277,-0.28638354,-0.36321253,-0.12697722,-0.21796645,0.33230713,0.052445505,0.20216882,-0.51213676,0.068140395,0.2287013,-0.26719266,0.10305064
rna|ATP5MK,-0.189309,0.13162774,-0.025670404,0.38854858,-0.025182895,-0.075648926,0.017510787,0.0018065188,0.057709217,0.18293306,-0.08390281,0.098907284,0.28171846,0.19793802,-0.28664127
rna|MRPL50,0.12806997,0.60743815,-0.03565587,-0.5498322,0.13967194,0.30009142,-0.41151384,0.19693261,0.519573,0.033064675,0.51119715,0.54668355,-0.55533475,-0.37641802,0.03410479
rna|OR10G9,0.55863315,-0.29817733,-0.0743852,0.15901802,-0.21180342,0.31149298,0.27534997,0.04870061,0.01733541,0.25200397,-0.3486847,-0.36171934,0.21650757,-0.5101943,0.32426113
rna|THAP4,0.05275882,-0.15296453,0.008911238,0.5303522,0.5780696,-0.49956703,0.23838827,-0.26672775,-0.23794088,0.32181165,-0.49115193,0.020042807,0.7612612,0.5782811,-0.33322632
rna|SYT12,0.34551564,-0.20141187,-0.15198636,0.116701454,-0.0262467,0.12000913,0.39693695,0.15137051,-0.10518922,0.010081438,-0.35837564,-0.265047,0.26239824,-0.29219764,0.098221146
rna|TNKS1BP1,-0.14067005,-0.09074466,0.34857193,0.091252185,-0.041618448,-0.7678997,0.3430305,0.049860533,-0.008604374,0.3602029,-0.48180777,0.24165344,0.5723116,0.25914162,-0.5410346
rna|TST,-0.20423137,0.23968996,0.3315383,-0.047836166,-0.017159827,0.15614058,0.17381886,0.36494592,0.7235487,-0.04581527,0.31327093,0.6658953,-0.01988296,-0.574152,0.05970796
rna|BPIFB1,-0.20124425,-0.0026657407,0.1862149,0.068845764,-0.44227988,0.32706913,0.4925566,-0.087192595,0.10098608,0.42636853,-0.41051707,-0.35427344,0.39859188,-0.13604066,0.42982838
rna|S100A3,-0.9199807,-0.14438511,0.36457306,-0.22145118,0.045114417,0.17413495,0.24211563,-0.05234494,-0.16025743,-0.11049138,0.6235758,0.27919114,-0.38227713,-0.4378205,0.3110292
rna|MSC,-0.12854613,-0.7203182,0.009762233,0.41863194,-0.29101506,-0.80573696,0.05117741,0.32072872,-0.43672818,0.040228467,-0.36171672,0.25674695,0.38946038,0.17538154,-0.06439055
rna|SCHIP1,0.1275517,0.06783468,0.32447237,0.012813958,0.111533456,-0.3487759,0.37767226,-0.08593773,0.03678147,0.4465588,-0.19393712,-0.081590004,0.25109142,-0.17038512,-0.23617154
rna|SYNGAP1,-0.12835512,-0.1961931,-0.40094146,0.7447622,0.03376704,-0.4688469,0.16444692,-0.28125316,-0.49195698,0.021488467,-0.60409564,0.11738641,0.19489755,0.6774122,-0.21061492
rna|SYN1,0.2205149,-0.28647906,0.22907296,-0.06351982,-0.30157477,-0.21634303,0.35680753,0.2651748,0.23589733,0.40741524,-0.022029074,-0.042671293,0.6013353,-0.66353184,-0.053907894
rna|HBEGF,-0.028707886,0.108546525,0.28375217,-0.1627669,-0.29175526,-0.45789447,0.28082883,0.39179367,0.16023618,0.52924377,0.33793345,0.17461058,0.20861913,-0.29052493,-0.36643177
rna|SERPINB2,-0.7697794,0.11514766,0.34155467,0.017270746,-0.7072908,0.53041613,0.609644,-0.462648,-0.038622625,0.5292915,-0.0118549075,0.0073801503,0.33627346,0.14241692,0.17480634
rna|C3ORF56,0.40548617,-0.3561904,-0.15492103,0.25658303,-0.27519363,0.37419963,0.39899895,-0.19682394,-0.028239017,0.26157686,-0.103435315,-0.41366914,0.24152315,-0.37567532,0.41401726
rna|DPH1,0.028850496,-0.17264754,0.0031943328,0.5932283,0.039664097,-0.42227995,0.2783237,-0.101601645,-0.20241627,0.3308735,-0.6066143,0.11903954,0.35477304,0.53029233,-0.42992485
rna|OR6N1,0.39872864,-0.34948283,-0.130613,0.20193,-0.45370758,0.3051997,0.33886823,0.022656217,-0.0593665,0.2797182,-0.2811498,-0.42172524,0.37471408,-0.44638443,0.33787364
rna|MIR298,0.5051976,-0.0058959792,-0.15308434,-0.046109978,0.072697766,-0.1227893,0.25615436,-0.25984845,0.1853064,0.5460666,-0.3332467,-0.12632716,0.42896423,0.043266322,-0.1452538
rna|NTRK1,0.26654977,-0.15610953,0.5268653,-0.09286775,-0.24238196,-0.02033813,0.2056044,0.14335799,0.45696035,0.48358923,-0.08671166,-0.07497469,0.45894638,-0.36856055,0.23970409
rna|TIAM2,0.29090384,-0.23050505,0.1262019,-0.45832384,-0.20815842,-0.17055523,-0.06897998,0.6351409,-0.2932857,0.030823307,0.004214738,-0.0726972,0.073321745,-0.2149,0.10594897
rna|IQCN,-0.17108047,-0.03900768,-0.15337287,-0.38342264,-0.14385486,0.2676415,-0.10955583,0.05652377,-0.33833382,-0.6252238,0.12816882,-0.13875651,-0.16032897,-0.21419102,0.55338013
rna|CYP51A1,-0.13117613,0.54002607,-0.017700072,-0.5219821,0.33382758,0.46136323,-0.29116422,-0.09047511,0.2680817,-0.15416336,0.87700844,0.17016639,-0.6694615,-0.23709406,0.16905847
rna|LRP1,-0.35739034,-0.25917473,0.63280594,-0.18139736,0.45980528,-0.4665006,0.5560984,-0.005905413,-0.2944946,-0.22971597,0.31940317,-0.68638355,-0.054097887,0.18867101,-0.21268256
rna|ORC1,0.40562448,0.13372616,-0.080154136,0.2538332,0.5362085,0.035441604,0.10771346,-0.21095482,0.38448676,0.7831648,-0.12125554,0.1913301,0.2549136,0.15294707,-0.3784372
rna|CDX1,-0.004757504,-0.14175545,-0.08138569,-0.3308494,-0.22823106,-0.16683586,-0.1228488,0.5084198,0.15182447,0.098711014,-0.34537262,0.35629717,0.33908716,-0.6131532,0.0988569
rna|PPEF1,0.4887247,0.019795658,0.12260571,-0.3494517,-0.18785289,-0.042718202,0.1772251,0.17099506,0.21669106,0.5331583,0.08306483,-0.1390986,0.37965462,-0.6094203,0.116910696
rna|MLC1,0.37694973,-0.34311423,-0.008225125,0.23309207,-0.095356055,-0.04528814,0.10017617,-0.113021165,-0.14336826,0.05236773,-0.29648313,-0.48389253,0.12961338,-0.05530622,0.11200994
rna|FOXA2,0.28496042,-0.1856516,-0.22902612,0.06895404,-0.5001052,0.50917244,0.56316465,-0.030090721,0.20873512,0.0357385,-0.0609168,-0.5253939,0.31983623,-0.57157725,0.06755819
rna|F9,0.3011948,-0.20857887,-0.04233067,0.3596082,-0.07158633,0.5811077,0.63862187,-0.14217775,0.09043618,-0.11063022,-0.22330083,-0.28511947,0.13278362,-0.4102449,0.020271296
rna|C11ORF45,0.50893766,-0.4716058,0.2612449,0.1765313,-0.33992502,-0.053688638,0.26923892,0.14856458,-0.1577574,0.23147435,-0.10216127,-0.26979682,0.46667212,-0.110696085,0.19666088
rna|H2BC9,-0.18419607,-0.16519967,0.02393356,0.25851256,0.35650715,0.28380018,-0.19232193,-0.112539746,-0.095053256,-0.28405893,0.35573712,0.48436528,-0.21529905,0.27728677,0.099797435
rna|GSTT2,0.1797488,-0.24649008,0.05413143,0.15530242,-0.23147517,-0.17714669,0.28938565,0.049319945,-0.11573321,0.19268773,-0.3319432,-0.26163134,0.44027707,-0.41558236,0.0048822304
rna|FA2H,-0.30767798,-0.014871218,-0.13958612,0.35766903,-0.07397921,0.1479329,0.07119403,-0.30610764,0.2214612,0.22227888,-0.22877643,-0.05063415,0.07969667,0.2743227,0.18396671
rna|YIPF7,0.32591784,-0.15183343,-0.08609044,0.28599247,-0.32777002,0.36334977,0.3489737,0.11570434,0.12074331,0.35906819,-0.29230762,-0.5065933,0.30754194,-0.3018542,0.30324408
rna|RALGPS2,-0.11485915,0.4334469,-0.66105276,-0.31043655,0.11343543,0.42550382,-0.280178,-0.35765406,-0.32484376,-0.21618536,0.18353479,0.2425387,-0.5156787,0.080551796,0.053111956
rna|SPATA31A5,0.4005543,-0.2741054,-0.00012733742,0.38645005,-0.24567682,0.59717876,0.40249768,-0.17214873,-0.0640417,0.15214033,-0.19382831,-0.4420205,0.13566506,-0.5916676,0.50972027
rna|UGT2B28,0.38619235,-0.22928794,-0.19072857,0.031750042,-0.4345966,0.5939878,0.5255422,-0.08151031,0.121232264,0.059428077,-0.08276865,-0.5055607,0.057509188,-0.58877397,0.34423634
rna|RRAS2,0.19437778,0.38664335,-0.27771738,-0.6893907,0.122842126,0.31968975,-0.27264014,0.13120261,-0.46854267,-0.012719741,0.4243044,0.18893872,-0.58521646,-0.11262151,-0.07628334
rna|GAD2,0.5847762,-0.15173632,-0.16707684,0.23559,-0.28296894,0.37674052,0.31192338,0.010560248,0.07776612,0.36125797,-0.118468456,-0.38536406,0.31179583,-0.48930177,0.2533185
rna|SH3BGRL2,-0.4038896,0.10800664,0.34806713,-0.34947732,-0.56599844,0.31520653,-0.16154899,0.07856962,0.22992386,-0.73225224,0.013501314,0.25706783,-0.3911088,-0.6727597,0.3911822
rna|ADRA2C,0.3934146,-0.4175031,0.025558615,0.5304298,-0.20959048,0.1282247,0.20483646,-0.19697577,-0.2366989,0.08606247,-0.35498133,-0.31110454,0.25647554,-0.051404,0.36020452
rna|MSX1,0.22548202,0.1167601,0.2326275,-0.8336666,-0.21508642,-0.042729214,0.106530435,0.28009817,0.3054317,0.29674807,0.1582216,-0.013953689,0.09767587,-0.8517341,0.1082655
rna|CCDC144A,-0.04164327,-0.09763093,0.2834473,-0.36285916,0.2225231,-0.06591831,-0.05955979,0.07057363,-0.13143463,-0.39377922,0.49278358,0.040555473,-0.31360415,0.031192092,0.0689459
rna|PRB4,0.35228196,-0.16672793,-0.08243242,0.16442904,0.0674239,0.46722376,0.38811567,-0.21422502,0.06061843,0.11347794,-0.20401672,-0.22317712,0.16319433,-0.26045743,0.17113422
rna|TAMM41,0.23479226,0.44638634,0.2516005,-0.6310805,-0.13035128,-0.015323776,-0.30997053,0.32566816,0.60498416,0.18720834,0.27305502,0.41140565,-0.11585456,-0.20672517,-0.19795085
rna|LACTB2,-0.2965884,0.29800108,-0.021324722,-0.35899413,0.0398982,0.46391454,-0.2160558,0.09569733,0.2379493,-0.41624662,0.8507018,0.18182331,-0.7148417,-0.3561321,0.17373884
rna|RANGRF,-0.33382797,0.194854,-0.10168809,-0.2101046,0.32818538,0.62478113,-0.16689344,-0.12169123,0.0037271532,-0.55137074,0.7738438,0.021303024,-0.81219846,-0.27853593,0.57361966
rna|ELAPOR2,-0.22855614,-0.032113194,-0.03245816,-0.19535556,0.19502087,0.1072987,0.039729964,-0.27783608,-0.44681945,-0.3157037,0.22583187,-0.21833947,-0.47402114,-0.08601361,0.20706242
rna|MIR554,0.14724073,-0.1346458,0.17561804,-0.04019824,-0.19009502,0.44795844,0.44685283,-0.016989464,0.25356168,0.34103918,-0.27604237,-0.105553366,0.46754205,-0.205442,0.21524432
rna|SNAR-I,0.44330716,-0.36644995,0.05829226,0.41370508,-0.1842042,0.33600947,0.24419554,-0.3125224,0.045911904,0.22073904,-0.15102853,-0.30566216,0.14244835,-0.12356728,0.304668
rna|MIR7-3,0.63149965,-0.4111615,-0.14858738,0.27208304,-0.3224499,0.31477538,0.37799296,-0.059594043,0.18614163,0.17743672,-0.21218424,-0.3670784,0.30185232,-0.3445822,0.34953332
rna|OR5P3,0.33925983,-0.3151799,-0.078839466,0.13697623,-0.4448933,0.4822575,0.41090482,-0.0678157,0.0941081,0.33365348,-0.259028,-0.53358155,0.18023884,-0.5258816,0.33329856
rna|FGF9,0.31006008,0.11081005,0.24406412,-0.2894917,-0.41988575,0.25858232,-0.018861588,0.16400082,0.3144667,0.16654065,-0.041122276,-0.24388142,0.07974999,-0.40306434,0.2730021
rna|LALBA,0.5094239,-0.27247873,-0.1632732,0.3105618,-0.31964102,0.44830567,0.32612303,-0.19903134,-0.021310452,0.29903722,-0.35114864,-0.48178318,0.41018388,-0.372623,0.37663785
rna|CENPM,0.38915512,0.18166322,-0.21908236,0.2645715,0.5404756,-0.06845071,-0.14093113,-0.14298598,-0.3264859,0.90365046,-0.23152429,0.25322068,0.3403203,0.47831005,-0.48367527
rna|LINC01548,0.46969348,-0.34457588,-0.025594426,0.31485054,-0.0981232,0.42704186,0.3811444,-0.07071908,0.08105888,0.32678425,-0.25228456,-0.52655154,0.32020167,-0.40697432,0.37072492
rna|CLDN17,0.32352155,-0.089152314,-0.005309868,0.24703136,-0.29240978,0.5277603,0.43157625,-0.24754132,-0.19399914,0.33594483,-0.19279966,-0.5289674,0.4276909,-0.09649679,0.32990235
rna|OR56A4,0.58646554,-0.19187254,0.11740783,0.22055365,-0.25016367,0.38687655,0.24830721,0.0422277,0.02723219,0.42836747,-0.19238618,-0.41733727,0.44128722,-0.52939254,0.24183239
rna|RASGRP4,-0.22841443,0.06178916,0.069038905,0.50303006,-0.16251932,-0.22167566,0.3918609,-0.3295316,0.19727147,0.08101458,-0.0378153,-0.1751543,0.44571757,0.5711493,0.1071034
rna|SNCAIP,-0.039355334,0.08101602,0.24744776,-0.43318617,-0.65154296,-0.20988569,-0.11520285,0.30934623,0.08209145,-0.06548934,-0.18329346,0.37481627,0.006752766,-0.7426876,0.18379517
rna|MEF2C,0.25293148,0.43631545,-0.16925365,-0.66094005,-0.22945592,-0.021934455,-0.45078954,0.29705364,0.03798514,0.051995005,0.13246198,0.80394316,-0.2979358,-0.5370406,-0.04539964
rna|NOVA2,0.2051246,-0.25415954,0.31524524,0.17171441,-0.022079041,0.006066988,0.2547457,-0.3067349,0.051606115,0.05147987,-0.3202911,-0.51854384,0.39583248,-0.27413425,0.033356726
rna|PLA2G4C,0.30305547,-0.013398683,0.37225533,-0.5918227,-0.4740998,-0.023859324,-0.18076621,0.7539827,0.8541832,-0.21653724,0.21275239,0.4890919,0.0987874,-0.6812398,0.23338589
rna|NAA11,0.49377406,-0.2742665,-0.0652392,0.25566268,-0.25497508,0.21762538,0.41274264,-0.22681543,0.11743206,0.15372519,-0.19586924,-0.44734693,0.32576233,-0.25355545,0.48191443
rna|PHACTR3,0.37850764,-0.42216337,0.03260743,0.24136727,-0.4234116,0.30308047,0.29020151,0.045809343,0.11273933,0.068185255,-0.18912876,-0.5005477,0.36563346,-0.5108841,0.44417965
rna|HASPIN,0.24368699,0.18722388,-0.009850822,0.60893947,0.6861726,0.023267804,0.039869085,-0.26156813,-0.13159442,0.420234,-0.10116675,-0.07969121,0.15103939,0.5730649,-0.29313973
rna|RASL10A,0.20578636,0.37407205,-0.12371443,-0.60358685,-0.043212615,-0.024119437,-0.060132727,0.21680695,-0.23707646,0.085896425,-0.014857523,0.19324723,-0.07069214,-0.41664028,0.17809424
rna|APOL4,-0.12838782,-0.36679757,0.76543564,0.29216537,0.12162944,-0.3361687,0.18211472,0.36225885,0.26703927,-0.08981256,0.40972555,0.108194835,0.23359872,0.38952383,0.1443717
rna|CTDSPL,0.13621977,0.08676227,0.8715465,-0.5866226,-0.4366146,-0.019857861,0.12754257,0.31619275,0.4773481,0.17730066,-0.03338833,-0.08214321,0.21852434,-0.3014217,-0.087863594
rna|PDZD2,0.011673201,0.34576637,0.06401655,-0.1003404,-0.07512163,0.21046512,0.110476166,-0.3570106,0.033667278,0.23068506,-0.1736416,-0.26362276,0.18414006,0.13065962,-0.059712972
rna|STON2,-0.40865406,-0.08226325,0.72586995,-0.056362316,-0.19452749,-0.41763094,-0.09965858,-0.06542767,0.20134631,-0.3504774,-0.25712895,0.23336074,0.33118337,0.30804607,-0.2034026
rna|GTSE1,0.3219043,0.3588588,-0.17329985,0.16891941,0.3581539,-0.08629597,-0.18141277,-0.11067002,0.0384747,0.6835276,-0.02179007,0.54751545,0.1378838,0.30110332,-0.5475257
rna|LUM,-0.3961792,0.105588764,0.23991483,-0.5452318,0.08979305,-0.69527775,0.21717192,0.38629863,-0.5662656,0.13292874,0.31829807,0.1896694,-0.52293396,-0.5156577,-0.30110997
rna|PGF,0.19149892,-0.22829415,0.6257063,-0.04406295,-0.23418748,-0.23245536,0.23099856,0.03689201,0.27056015,0.15740058,-0.46192527,0.14175482,0.36476463,-0.32214627,0.12138812
rna|AOC4P,0.36867496,-0.3149344,0.03625678,0.018024947,-0.13717012,0.27344772,0.4442127,-0.087882556,-0.19786745,0.4226372,-0.084756345,-0.5051113,0.14906405,-0.41582084,0.26009527
rna|KRTAP5-8,0.5544357,-0.3251928,-0.113343276,0.22709304,-0.38206676,0.29366282,0.31439155,-0.009362697,0.061208103,0.36813337,-0.26370832,-0.44681934,0.48360968,-0.42598835,0.2705191
rna|DAGLA,0.12683421,-0.27337924,0.54046935,0.036285684,-0.20415927,-0.35538906,0.13278078,0.418117,0.3401133,0.23342559,0.10684429,0.11010335,0.32326993,-0.31908798,-0.13895097
rna|LSAMP,0.17514,0.04142249,0.17246006,-0.29342923,-0.25252143,-0.13015877,-0.025894636,0.016808042,-0.24314119,-0.0005660498,-0.21110606,0.13288854,-0.12788634,-0.12583117,0.111102544
rna|PCDHGA4,0.32051784,-0.048421457,-0.2008476,-0.26134494,0.05707271,-0.058007035,0.08485965,0.30697897,-0.5567931,0.34088066,-0.33577022,-0.31673864,0.2329288,-0.15452488,-0.11969269
rna|TRIB3,0.4622864,0.41401458,0.16200711,-0.7533493,-0.03969729,0.20183018,-0.11614037,0.14958611,1.0403953,0.3009712,0.27240953,0.10750721,0.08716007,-0.2835036,0.01165552
rna|COLEC12,0.104712255,-0.3596503,-0.31600407,0.41338253,-0.2852556,0.021189649,0.121751085,-0.24574614,-0.3141726,0.26174855,-0.599946,-0.32326585,0.2515407,-0.3846933,0.13065162
rna|KCNIP2,0.12079193,0.08174882,-0.25944713,0.0913756,0.24939479,-0.5227182,0.069091335,0.22484183,-0.1596329,0.37542316,-0.38767144,0.038850255,0.50649875,0.25693956,-0.20095897
rna|LILRA1,-0.43281698,-0.22624853,0.24768983,0.30468938,0.038661975,-0.35983193,-0.054689024,0.15611644,0.3778349,-0.57036906,0.34795147,0.021392034,0.20488252,0.4991145,-0.009164704
rna|CMBL,0.2685435,0.043251853,0.2916475,-0.33169213,-0.18162417,-0.29947355,0.12785028,0.31254742,0.37935776,0.08415507,0.04664955,-0.261943,0.24975799,-0.49859247,-0.4291309
rna|TMEM54,-0.13745394,0.15737253,0.5112204,-0.09963243,-0.09634931,-0.19263269,0.29279625,0.14522983,0.5066195,0.46822143,-0.22723763,0.22703025,0.58665234,-0.10101693,-0.18417856
rna|CHD1,-0.24372382,0.37592483,-0.19591191,-0.42545217,-0.14600328,0.38666254,-0.3676219,0.10851367,0.30622864,-0.47023666,0.76532453,0.41884047,-0.7183751,-0.41682538,0.4219903
rna|G2E3,-0.32063714,0.08784534,-0.49841613,-0.047309875,0.032199726,0.4238918,-0.34903893,-0.22482449,-0.43211764,-0.56011504,0.5203736,0.031943653,-0.87479097,-0.051969428,0.26663274
rna|CMPK2,0.05889579,-0.13831533,0.49867177,-0.10768848,0.09746211,-0.17522913,0.15389317,0.23635776,-0.028711444,-0.18011914,0.05965737,-0.23815683,0.268643,0.43203127,0.05341862
rna|GCGR,-0.095886,-0.12700023,0.15135826,0.07340307,-0.21408105,0.19904725,0.13042562,0.09820737,0.4288943,-0.44807556,0.023840994,0.18623152,0.28849617,-0.18021,-0.10270363
rna|ZNF660,0.39165184,0.004676152,-0.1667014,-0.34051573,-0.2783387,-0.2116389,-0.03873839,0.27589947,-0.29000476,0.24198547,-0.30167,0.14727898,0.15342793,-0.16083893,-0.1922038
rna|FCN2,0.26373726,-0.2742014,0.05046205,0.15334453,-0.22557291,0.39759597,0.6239524,-0.031077195,0.36030504,-0.025110899,-0.11233905,-0.3198997,0.43828356,-0.44403788,0.036589745
rna|SNORD9,-0.55431515,-0.19442938,-0.23149948,0.1273543,0.39117762,0.10829172,-0.01581896,-0.3737849,-0.6185897,-0.54116756,0.09432991,-0.6903175,-0.40792894,0.4515,0.23814288
rna|RHPN2,-0.1462431,0.106827825,0.019566419,-0.02312766,-0.025351694,0.52854824,0.008723877,0.08052881,0.3105685,-0.3611197,0.301441,0.38955948,-0.34537905,-0.36622244,0.07439302
