,F1,F2,F3,F4,F5,F6,F7,F8,F9,F10,F11,F12,F13,F14,F15
protein|HLA-A,0.0022770994247747075,0.15970646673821756,0.4150642214084312,0.08823007340083014,0.00013457119561413765,-0.15339726801778258,0.009636428662408695,0.0485866868638033,9.379623723118443e-06,-0.226277023227864,-0.0692852007345771,0.019237803752780513,0.05365046382013537,0.006809290075356951,0.06878084974688337
protein|HLA-DQB1,-0.003476583537122586,-0.08709045208881085,0.12106033123929298,0.02646210355087803,-0.0004152450086713211,-0.0666456845824239,-0.1294850437432382,-0.0006897513320862176,-1.935670384430514e-05,0.06615473000295449,-0.013290618958790208,0.007335760068672486,0.11440131972750517,0.0011792781760187332,-0.05881318964301953
protein|NCBP2-AS2,-0.004910316788178111,1.517168961261735,1.1969681985700398,-0.21801702745401902,-0.00757453158327083,-0.2215884670462187,0.10136035955727465,0.007226476022529392,-0.00014732437095645704,-0.6922550588772153,0.009349670716724406,0.09102315941579497,0.10351887441116203,-0.002633942588633117,0.12279757096538305
protein|CLC,0.01355125087054183,0.30647218429438405,-0.26629269044986,0.5202433752526048,-0.02059871650733432,0.06597116281747478,0.4299109385533779,0.017027311297965437,-0.00031178892863394195,0.19684925632409947,-0.16554325836386885,0.04786506397866187,-0.047343816555575784,0.0006738769099159323,0.0007859246102804132
protein|A0A0G2JIF2,0.004082011315700661,-0.20342284319247753,0.19794767626146856,0.19602866109360223,-0.0067921863185393,0.15962553014395583,0.10029454555244263,-3.4239890744540785e-05,4.4040907470953745e-06,-0.03952394113890395,0.023001735655279985,0.056633947844640736,-0.0821451557423428,0.015348012409268856,-0.07528533347854861
protein|HLA-CW,-0.0012739834159717026,0.11328669537126518,0.12428732534776742,-0.04805036514591509,-0.001653947837375539,-0.030169659730445754,-0.04641534834655278,0.004082217212289431,-1.567604564631952e-05,-0.0059990785327113496,-0.0052001160838984015,-0.00026543189613773043,0.08737746948758714,-0.0016123036045196336,-0.04004928661645152
protein|SCARF2,0.01247531052629464,1.3335332873876415,1.1344528383825476,-0.19542077596990304,0.002279260520416819,-0.2487633588264918,0.08531551170559484,-0.003746482762083267,3.252940084158206e-05,-0.5102251469862259,-0.0397351780953675,0.11655839379267778,0.10993472415684748,-0.0015095641895110793,0.14738172750225803
protein|A0A182DWH4,0.0038589783118808665,0.05859677594987727,0.3094133481894374,-0.08639587967859196,-0.004189569973344223,-0.28683101307983644,0.024449135647672066,0.0004891307126788397,-7.147525773980625e-05,-0.07310712244425664,-0.05468984701692653,-0.010799143508478121,0.1926456143839669,0.00810557102463686,0.09678119633159266
protein|DEFA3,0.003059454597862769,0.48374440103383365,0.0850458280278787,0.27114286598695325,-0.004102598350758362,0.08259586093384645,0.2897602893684566,0.3934680625514813,-7.637697044155042e-05,0.7270003167948275,-0.00875618958488034,0.16324603788643474,0.0003087450572899826,0.02083279636747233,-0.2957680393638023
protein|MAGEB2,-0.003706859715389198,0.04284646912171091,0.333648627580787,-0.09753847957194021,-0.003114202867414701,-0.033880027053348825,-0.13680613959532956,0.008584474432965507,-0.00012143290727240389,-0.057597735024424224,0.049213568309485346,-0.010123282531567445,-0.0708706372575601,-0.007177878933423752,-0.0315599184517878
protein|AZU1,-0.004677124069878853,0.4129962247696814,0.26656855747744423,0.20564912563695664,0.0033009749590582923,0.28379924022153324,0.17114776100250745,0.2745087209274895,2.316708794681036e-05,0.8825222319299769,0.01853025603513196,0.07447051863237465,0.09419941280106424,0.002530979027119895,-0.1316497535569484
protein|KRT6B,-0.005371841147570314,0.2177347764946719,0.48382606694393365,0.016553047144641272,0.001548767922710044,0.05855871671944755,-0.038851079188340625,0.743703066254864,-0.000149426803225697,-0.10188649042638256,0.004976433616621849,0.034069304841492995,-0.0059449233512316145,-0.006173663702215193,-0.04790178068119881
protein|HLA-DQA1,-0.008617329752144132,-0.39366547558206666,-0.20496907472608397,0.12841966826347395,-6.910495922241266e-05,-0.3881402786193341,-0.12218315764180114,-0.00919740693103566,0.00012638014710413664,0.2235970489618909,-0.05311694739716995,0.018982269936679494,-0.30186231975681344,0.0036656896928393135,0.025001750254388864
protein|PHF21A,-0.0035495740997170174,0.6565807038565901,0.5335095759308037,0.0698447501352693,0.0087288962584987,0.2979903618813684,0.0286685895522582,0.000543933230731417,8.368571921781086e-05,0.6514895634261618,-0.16222949702319517,0.01139925924742943,0.011519994140982552,-0.04659858996631126,-0.018426052460070008
protein|PLK2,-0.011067488228727074,1.1537031544315204,0.11179064173394843,0.32433160181402937,0.0033538906881886697,0.03383221270135306,-0.038425191268361955,-0.007347089478963318,-5.563400405773149e-05,-0.43295265406918404,-0.10190052517647848,0.11651088694664477,0.044679791446384225,-0.010962624245391519,0.011824566269425556
protein|HLA-DRB1,-0.008360397165491914,0.05607690973897739,0.10847980986409565,0.1770731663623007,0.004820063081495171,-0.1954500333968877,-0.059300778587002036,0.009906540395428114,-5.057893786289709e-05,-0.0688022917991808,-0.02901838325377688,0.002273002777878365,-0.01865767824177742,0.0005739336864493834,0.0932020416395405
protein|COL1A1,-0.01404680080610288,1.211268448890329,0.9785630146853658,-0.16603003909018288,0.014135378057287101,-0.2856520972419057,0.03341519712679605,0.15112244171329528,7.62766189294963e-05,-0.5329574474279802,-0.08011274032964662,0.13398450103872053,-0.0849732305072789,0.004354199217463476,0.18683826967999143
protein|HLA-B,0.012308172012556741,-0.134156642398668,0.2267631363686903,-0.11563963342247491,-0.0023910161974445196,0.04531979732873132,0.07986660864917895,0.014328319933601393,-0.0001241177189978431,0.008184405426633491,-0.028999037120299487,-0.033258662647177445,0.05458370449660413,0.0025044363014948413,-0.027194860820423612
protein|PRTN3,-0.011826174260619344,0.3521534174008142,0.059746049654112315,0.23582273045798377,-0.004471038742050748,0.16500944519697294,0.17318641046566474,0.2520235345347131,2.0924343227639143e-06,0.7189281389160602,0.1940536911053783,0.08806992949716708,0.044601699069915214,-0.0065887785426860515,-0.21446540754403218
protein|HLA-DRB5,-0.0014763759317955663,0.02733359871440544,0.268116930528565,0.08838086032986507,0.010082275227094359,0.05546476671575328,-0.0922664243542808,-0.011556807753009367,0.0002541728289370353,0.0004325974817933828,0.04396637030643243,-0.006586822295956973,0.24136955081354464,-0.0015872085619529942,0.0188810993430493
protein|ADARB1,-0.0063639241812351015,0.7294896025487065,0.6110289495550241,-0.26473601576404976,0.002479293092325467,-0.05503729314993909,-0.008216399248684024,-0.006932213348837602,2.2994962050642377e-05,-0.09369594700100443,0.050473031959852574,0.03465068124586588,-0.058716100850393846,0.006311855874535082,-0.011362627035580386
protein|HBA2,-0.01692687244964658,0.6866117707426975,0.21723897467591563,-0.039757366521053425,0.0028924528775863267,0.05439798955589334,0.05689005619778075,0.013257422894593909,3.0859618326398584e-05,0.6626337668665362,0.2557411123678403,0.02903290309984457,0.03452417312267317,-0.013395260398362698,0.09592683023691591
protein|COL1A2,-0.0089482391786402,1.2417342392966604,0.9626797649261736,-0.17741413146844806,0.004441499181538101,-0.27432083205248936,0.0071917101813654995,0.012873142019950002,8.389145144813365e-05,-0.5399721502828392,-0.03168544476240007,0.12829350217727134,-0.061895358080970714,-0.0040255159338806945,0.14988971953613253
protein|S100A12,-0.00746420381888589,0.26680418960245245,0.24810664611386213,0.23327804950643774,-0.0006500095898226123,0.25095525991382067,0.13345897949481542,0.3608243695378097,0.00013073734045313462,0.753380168848992,-0.038700373953007135,0.12651308814137524,-0.02219656232597824,-0.0011948930681606124,-0.14808339869922868
protein|CRP,5.184427206953263e-05,0.5912248204325599,-0.2948300478649706,-0.28415379181484945,0.0001896169255736603,0.2625312768376685,-0.0017098185407734465,-0.015788114952821414,4.385335214624212e-05,0.5237580054349501,0.013743354325218952,-0.01630097825495667,0.05204272556658476,0.009463334930402904,-0.4066301399061281
protein|HBA1,-0.01310630291501874,0.6862128390135117,0.1648644609368442,-0.19963178609911683,0.01491164793431851,0.10952579877978665,0.10815156486219511,0.003390320004298792,-2.7297478046217943e-05,0.84650301660048,-0.012076275918952021,0.016159263734966664,0.03556170338088529,-0.0411854297372946,0.14904425660173795
protein|GSTM1,-0.0008407983433170813,-0.14982734668785042,-0.32842413147113764,-0.0006847516100548955,-0.010541396530479002,-0.009690145305363182,0.19076321607752764,-0.0077349006435017496,-4.595194819226528e-05,0.04922148833535788,0.4552728479332853,0.021452396034179765,0.07849284962356812,-0.0011091826376406454,0.014465322054974404
protein|SERPINA1,0.00825509322589484,0.29622248579492755,0.3156731147507032,0.011121901498500534,-0.0015112374010622536,0.11673338750902988,0.11954330925836308,-0.0004213004654977025,-5.55768013351162e-05,-0.04304917836417314,-0.08896057261986985,0.027213632093767343,-0.18257376800009645,0.010991163017312627,-0.03183447676916488
protein|SAA2-SAA4,0.003040538741329823,0.5032827092732861,0.4788584610069371,0.030710649970338056,-0.0014457993190096022,0.09423113666453119,0.032508895493710215,-0.023586962987708068,4.826437619306994e-05,0.45432909871019567,0.02756752930531623,-0.013441123071943098,-0.09767489154134726,-0.0005844604505175091,-0.19370046119214734
protein|E9PMV2,-0.004072026855425958,-0.3884339558183445,-0.03922895067418055,0.05085489477514186,0.0041742872302198706,-0.34885942216332216,-0.2287665167823932,0.0073105687974209955,-3.1350460271959994e-05,0.22572723481616483,0.08616155361724448,-0.026563893488726127,0.0930344416709782,-0.0037080022073617204,0.08809553230080718
protein|HLA-DRB4,-0.005768364183966479,0.024059470370957445,-0.0035380070775418177,0.21882496923582506,0.001758517830160422,-0.16615767918517266,-0.02899794210546285,-0.0024038837653381612,-5.848800102294347e-07,-0.03634679963311564,0.06568465196629793,0.015353178966901864,0.05669494258154242,0.007564804247899826,0.009529674376416592
protein|IGJ,0.010688547585600923,0.1853386834547009,0.4953370476720499,-0.21897899535620038,0.006692882783680289,0.2536198854062914,-0.02861542748281195,0.008483768357902453,6.57670329130725e-05,0.14632520639128274,0.003928059943779801,0.019809447422204977,-0.05649643413776758,-0.005174650209944001,0.038764089828805186
protein|COL11A2,-0.01024153359726234,0.43718852047966056,0.6514935598282234,-0.046815601988794135,0.005799296617252686,-0.07645530869612317,-0.06900728598909348,0.08036963188640049,6.267409428281385e-05,-0.15660159483761227,-0.014080785721739575,0.03694803024032953,-0.07437355331564234,0.0019447042635327631,-0.003816660711750898
protein|COL3A1,-0.010758674347008024,1.1505399621380072,0.8236791851992494,-0.18179304553175285,0.019976655033716154,-0.2820796510487028,0.059527414712697006,0.09590534318286623,-0.00012378647931621286,-0.5000344254681138,-0.07737202073763567,0.09923557057691273,-0.08009562918715553,0.010361055714179784,0.1684590842329729
protein|Q5Y7H0,0.0004386684791609798,-0.4086656819100983,0.026519081786199456,0.16150438835168865,0.0032320838011446916,-0.39306048355063367,-0.2832040676668952,0.008103162109221311,4.219890199415291e-05,0.1757354732765775,0.04413013179782932,-0.002121676552001435,0.024621843587241392,0.015482478643535589,-0.04303604211288375
protein|Q5Y7D1,0.011369864276242246,-0.19540158727642928,0.36777554923073974,0.003934970000921201,0.002759517310237063,-0.171924455570096,0.08272764558795045,0.07966283583202621,-3.560490854859435e-05,0.022232026050040345,0.10724392108521899,-0.03529167992139138,0.038384799785517947,0.008489988456806272,0.006074798835963452
protein|P0DP04,-0.0001528154288188849,0.7938384600219783,0.03659854537266066,-0.17695452217394822,-0.004327439875102804,0.030521356723764742,-0.015353252772705652,-0.0050226331855433405,4.0363703274011654e-06,0.02090159650320872,-0.14190659804216332,0.022210128542941347,-0.14437733881516102,-0.000765269995651784,0.1254092063627357
protein|UACA,0.007153487698053594,0.589504005576408,0.31521207683844826,-0.1645122129230437,-0.003358985665776815,0.26076508766864737,-0.060703179457764656,-0.0038336340710221186,7.316980366168119e-05,0.3775259113193629,-0.00688874336265224,0.038503996645265465,0.1136311328823783,0.010477950738827752,0.059306021899349186
protein|HLA-DOB,-0.0004471126587695208,-0.24991559666020388,0.18838288680076457,0.11617504372213332,0.001587273920830335,-0.6925254378051071,0.10497135499692666,0.0014934192458430347,7.196417461181047e-05,0.05016291188884458,0.20114669093869428,-0.05031214756288522,0.07483899894565874,0.01356458029693872,0.0728618638620221
protein|KMT2C,-0.0024239890083586862,0.002466496661669038,-0.6143386235767653,-0.3240566854513454,0.004552209423735533,0.32441870115771543,-0.0627709804330273,0.004011020979744973,5.68119436490989e-07,-0.24770635776324543,0.07359666688103075,0.0850856327924058,0.2404718476459754,0.009357368085193952,-0.268478920913909
protein|Q5Y7D2,0.005358549650529838,-0.27385129118138213,-0.23397507311678356,-0.005059886590532976,-0.002066071269190009,-0.033805499282667996,0.013530679278503594,0.0026301463771450082,-9.330337290597796e-05,0.11366697810798707,-0.11003058511312476,0.024271392485443577,-0.021442304129901252,0.010891516496448919,-0.017454898918995848
protein|EPX,0.00813346545422429,0.1675075166255827,0.15016674898923496,0.3457755080850721,-0.02720712753227317,0.023815138217694418,0.2817314372502518,0.012072520641455984,-0.0002600338281102251,0.16621217748663733,-0.025994214760262497,0.09436807785334932,0.05719715520206436,0.010794270431527449,-0.024434548921365578
protein|POSTN,-0.0126394400031621,0.9929026717871429,0.04280183507748769,-0.3480861675326801,0.007397672922240479,-0.4647247295981977,-0.11215919636557366,-0.12378561843692529,3.0302990516170135e-05,-0.24678951529340884,0.008893152789232306,0.20397727332914864,-0.13459465323960912,-0.01457530550433393,-0.09426661851070905
protein|S100A9,-0.009688318697731926,0.24787801343785137,0.027232691225219218,0.45278755519045405,-0.002979740613864109,0.5605253824746836,-0.04286321348137621,0.35177596427536834,-3.4048477681589755e-05,0.6125876286457025,-0.05537653173972857,0.08104652381832692,-0.0731720416266373,0.005731513981438853,-0.23663270497889652
protein|EIF1AY,0.005468976301743731,-0.08084407769263714,0.09447715145329319,0.07230002311365327,0.0034964057158888657,0.020113523133249465,-0.029379141194347685,0.0133488147612967,0.00010462524939245796,0.13611879278946906,-0.016592202407452083,-0.03279894255948537,-0.03294720850398867,-0.00833416110668354,0.0527042564127499
protein|ELANE,0.007444499781268809,0.5563858869956357,0.06103311539123718,0.19738703925855924,-0.0018060576514931904,0.19944886921417007,0.20654217508842654,0.08400808070131961,-8.710330279452552e-05,0.8098673575905918,0.01215350530594797,0.11447248661970581,-0.023603906314008754,0.015810252231353735,-0.24981188746765612
protein|CA3,-0.007513266587417829,0.5246505550283853,0.18787265489715876,-0.0802712936483538,-0.004208979670501292,-0.16954922474830916,-0.06959117532761393,0.02871280317252432,8.965814431398992e-06,0.15422181885759187,-0.05780893155942855,0.03435822028786474,0.0056526758231352486,0.0004108643449068008,0.031545313081162527
protein|IGHM,0.007355640632018424,-0.01318557678275269,-0.05912619783798645,-0.4299240547549506,0.009403077582684383,0.18966658787461696,0.021136061152156146,0.00037995787146082006,3.881418880762785e-05,0.1415055652732206,-0.00658507768510048,0.005611377878879948,0.06456739984719372,0.01288126470212945,0.006935024632059809
protein|HBB,-0.018487550746626388,0.6590967304936501,0.1497420723580537,-0.20455939184883687,0.020239060244065694,0.13558423937243283,0.12021028722941236,0.0026338018930471365,-3.2113791652767445e-05,0.790378393107032,-0.016219675456311904,0.003439283613740551,0.020226065100677374,-0.04276340631346628,0.1654208271634255
protein|DDX3Y,0.0019568290966759183,-0.1444432813966184,0.3447420806985628,0.22150663327432607,0.0023496734272239,0.04120285207380693,-0.06601987906565543,0.022024973354855825,0.00010698620668346351,-0.14443195132872508,0.1476234799108998,-0.0186032264538724,-0.08820136497904756,-0.012104711546615398,0.031001437839652195
protein|COL5A2,-0.004922791427395568,0.8578695000895897,1.009822061768708,-0.06094192929218035,0.005789802686083533,-0.17688044600965583,-0.002796238272739478,-0.0002762637386285156,-1.3293342493143775e-05,-0.36938006766657105,-0.015547924461111,0.1579251012001136,-0.052981177142448474,0.0065076720049679964,0.01855258746812876
protein|HLA-DPB1,-0.004754723391498963,-0.15429655347909346,0.11563354051352136,0.15514796259516567,0.009368424629072612,-0.27185209110310343,-0.03329076024778655,0.025912279274393584,5.943741304827887e-05,0.01395277306790213,-0.012556187512420346,0.027650906248725304,-0.062300070030427514,0.007964952509888507,-0.007134124036337532
protein|FGG,-0.005582204227703476,0.8496086325774314,0.03469158053572754,0.057328872708204096,0.01951729190758483,0.3828374592338249,-0.1317120147594936,0.02798728926125287,-7.210661792718983e-05,0.7226323739467664,-0.0774157114122341,-0.06952405676949143,-0.19354724103303417,0.01226055507251702,-0.1589353737699065
protein|FRAS1,0.0010888207944884265,0.29358188773378663,0.7541344853381039,-0.03874167058463152,-0.00158827067358116,-0.04753431904812621,0.02307904178775372,-0.005146461854657259,0.00010628594624713608,0.040805732261301776,0.003908694553151237,0.010745764389985162,0.47189330166049037,0.017254188662456673,0.03249512996198636
protein|FGA,-0.004361905654182124,0.9252886961172484,0.22863454239572573,-0.013748764468133575,0.02444370995741035,0.3369751365830166,-0.12560373893488952,0.02953344741984457,-7.736106966262576e-05,0.6943468821125,-0.042854014893387984,-0.07122008349985648,-0.05446056159259052,0.002596062644425352,-0.13343561139686352
protein|HLA-DRA,-0.003106236530365354,-0.3945701425199904,-0.17367989925094932,0.09768746023235536,-0.00033141457861131737,-0.49411316641825165,-0.3175489610082357,0.010415393365013487,9.82060343246377e-06,0.09587005770458965,0.00023896221167547728,0.002625724380125733,-0.03409040047194332,0.019759569787133616,0.0035259796104244625
protein|LTF,0.009621390006110045,0.3567574328239897,0.12287718353145094,0.2053658869985354,-0.002734977692647202,0.0453792395238514,0.20524076240286868,0.2556103171322631,0.0001040559291584889,0.7494626739585061,-0.007769146978312007,0.11822454435661171,0.057927284273740165,0.004223577469436147,-0.2662363939832612
protein|FGB,-0.0031950332137072146,0.8187002474144619,0.1717947965073255,0.07777613154953929,0.026911838244092715,0.36576951867979796,-0.16612970706048844,0.05979993133073023,-0.00010720512715673917,0.6811137920343626,-0.04363617537231794,-0.06563034025826629,-0.17738041320874529,0.016101975105149276,-0.14309140195710837
protein|Q5SU54,-0.0020510552082563223,-0.2584490482409575,0.03911517283281334,0.08745832161849999,0.0014674715684966978,-0.4919442265214306,-0.2987606012101097,0.0075180614018795925,4.576181199366559e-05,0.06027618635928269,0.010985959742334074,-0.012272382419947237,0.034024230722811404,0.012539093941004107,0.002155918236943156
protein|CMA1,-0.005243862658047555,0.3631364348540122,-0.07504910555598936,-0.06316307318505075,-4.7117855698700614e-05,-0.10987481802001219,0.3253655478424939,0.4790803296439116,-8.596904331653972e-05,-0.2307126652925384,-0.1221098197201878,0.07019653512668063,-0.033967716921742726,-0.0024662221544063645,0.05793856144749453
protein|Q2L6G2,-0.009059975497994675,0.03176745258641254,0.3159710532812923,0.23644522304467103,-0.002714071723218905,0.025467626540595943,-0.04757443277518449,0.08637046304963457,-0.00011076561444134707,-0.06793776606901246,-0.02194148976624271,0.007816429760701451,0.003122765744261571,0.020862162654190327,0.030699701539952693
protein|PLIN4,-0.006818648342539156,0.5629078326747121,0.18479516792711087,-0.07196978909408391,-0.0007632528882435632,-0.13953997494622983,0.04134743039973881,-0.0607210819270216,2.027207531208874e-05,-0.029831415973561985,-0.018021836544161403,0.013833816168784404,0.07832157436104362,0.012889393974306973,-0.0522876446681499
protein|P01911,-0.005330434750420084,-0.3253300251664946,0.11692354493903598,0.09426180764667774,0.0037787241519786786,-0.4147979583773248,-0.2998150180077838,0.008417917314316847,-6.182686866255203e-05,0.12917279383606642,0.027305445543289716,-0.014991402441618503,0.07056803121178191,0.011351504018895793,-0.019388804296890525
protein|CD34,0.003028004345142957,0.6017294237999888,0.9351272853869708,-0.1291711255343415,0.0053229953322556445,-0.0037365642620314347,0.23623885458919547,0.024840646800521775,-0.00020084295669736406,-0.3691001027961811,0.019286608035070475,0.006034708401917095,0.15528642265780293,-0.023994172253642868,0.007499570813250254
protein|Q5EP54,-0.002202359400582116,-0.23522243545113214,0.1671811565636117,0.19540860099909116,-0.0062884360236024105,-0.27794387929300024,-0.181208801573827,0.008765458604140597,5.503490900266087e-05,0.0413270876198608,0.011947058101675453,0.0282734065323792,0.2204445245533612,0.014827699918713137,0.0277054397184578
protein|IGKV2D-28,0.008631526805457318,0.6566583879651127,-0.018218863020294046,-0.07072401308933836,0.011111968135500534,0.1326644850149808,-0.07830909655565797,0.004582001789775053,-8.749868657160265e-06,0.26723412803077395,-0.024459973419316796,0.014560981074097423,-0.04197375877683573,-0.008475281729467278,4.168298267731169e-05
protein|MARCKSL1,-0.0015451239055130131,-0.13940258478006035,0.4548247771474394,-0.1272666574989164,0.004842952081807128,-0.7922413954775743,-0.24155327440522167,0.0010926120022828718,0.00012508308402861505,-0.14156486471110077,0.14629466748538575,-0.0058174512667774625,-0.11521108482658078,-0.0037878747629453355,0.034164050593994535
protein|SPTLC2,-0.012783395982948557,0.5816812419222112,-0.0766041681940517,-0.1378598411460452,0.0035035086057992014,0.22847753483846492,-0.09652183114029882,0.05251403551657695,5.294232676922706e-06,0.39203251927705746,0.00990103726193818,-0.039984085823103845,0.05318451868471454,0.007205146618424335,-0.012756923871350757
protein|TMSB4X,-0.006909701611051174,-0.6617737929456442,0.48563012297112473,0.37913033751044956,-0.014785579890100375,-0.17608497419960079,0.21262622296426764,-0.003128795294343906,0.0002195050304428076,-0.1858252423459869,0.04295340421347766,0.008500327282691397,-0.5586136906195716,0.036030984299573555,-0.16177054841187324
protein|PLIN1,0.0008980395760411219,0.5305965883870868,0.1056699002706398,-0.055140357058508116,-0.0011959594809145618,-0.17070731117299476,0.1013424255142906,-0.027136806132333692,1.0035042724187553e-05,-0.1975254609277116,-0.036953107835502944,0.000358699129929341,0.14615508750695894,0.011575384620184894,0.01840445231656443
protein|COL5A1,-0.010942644115643968,0.8846591445528169,0.9138677920269501,-0.1294686500823699,-0.008065383158138532,-0.19149570862716883,-0.09360780072098511,0.0013765612219486128,-0.00010412831261002854,-0.33211258320715276,-0.07008557683490967,0.0490998775876115,-0.18469418937642754,0.017206260457239112,0.008723130590177052
protein|CKM,-0.00608336517371469,0.20109656824242245,0.13804979066587766,0.015458474054824005,-0.007648336057940403,-0.04916373696273762,-0.04688964976632111,0.3061400820364441,-2.2925656217372604e-05,0.21606620100168464,-0.034509311708561995,0.07397245826483834,0.029925308873294892,0.004911554330347744,-0.007858639816419894
protein|FCER1G,-0.008619347894809273,0.31595751251061116,0.11065466254082801,0.6741917756404936,0.004619270573488319,0.8245193374145784,-0.4098271975789121,0.0044940866950111584,0.00014989664309685114,-0.042883027349569135,0.025875160306246012,-0.01370502346522589,-0.15965681921650487,0.0032371605489997183,0.24290086122451035
protein|P0DP03,0.022990979335321182,0.7118254926930618,-0.14954640062453622,-0.11568424354237362,0.0047080996033250725,0.08754016511586102,-0.01179556677063948,-0.0016365946729330059,-0.00014375194771330037,0.0522890606124923,-0.07277233710460027,0.06075250378922749,-0.13038930170283178,0.018388015048492697,0.002992230478826744
protein|RPS4Y1,0.005445828673546962,-0.03380412828673379,-0.13866971981689094,0.19469905281023148,0.002371134128674293,0.03904838578474512,-0.06363918076441165,0.03521633587471431,0.00025374438027436893,-0.07165832617762395,-0.1184876991993387,-0.014207090196754946,0.0768832515724143,-0.02278446015573883,0.030584941706254937
protein|Q5QT33,0.0014294858205948203,-0.012185376525365652,0.15735898518201535,0.2465008123497868,0.012318046281114171,-0.007192697019734898,-0.1472163142431426,0.0043251707619962705,7.764699122059602e-05,-0.251236115276346,0.14147743853957215,-0.02742614229636944,-0.008055408805311401,0.004771140374598548,0.02228458238939088
protein|CPA3,0.004605304545068954,0.33757243584825153,0.026374835591924543,0.009949604445135311,-0.005655268257324744,-0.08737021504184717,0.3353493857858422,0.4049431987864453,4.881143025356617e-05,-0.29216299945891133,-0.08155911344562293,0.1487631237800044,0.08370918493305883,0.016531684085642442,0.04884333032733471
protein|Q5Y7D3,0.006784333176810374,-0.10787761699758462,-0.1201004266700147,0.14156403515481414,-0.0034173976592694927,0.02023298485109749,0.05011832584748506,-0.00433327232464251,3.0439906131553107e-05,0.025368502781304175,0.023209714514934834,-0.0016962072377543485,-0.07521149569853876,0.015986044716514443,-0.008823207814266666
protein|A0A0D5XQ77,-0.006051998005913446,-0.1786804022431024,0.01697664441005764,0.06766136722359217,0.0032113119979810998,-0.4314994943529734,-0.19600604014226794,-0.001222986898991706,-1.771162478324264e-05,0.19552632932246905,0.02404531312739013,-0.003951901636874423,0.024418087021936746,0.010199246804690367,-0.021965842537404984
protein|IGLV4-69,0.008206036887308131,0.64386601897856,0.5158328003547853,-0.06619687627647794,-0.008587579129301895,-0.0001467320609557211,0.054045664437470504,-0.0009490619315229685,-3.058051360407588e-05,0.16788591850788184,-0.14586248082923106,0.026727024253554683,0.0016024854847348346,0.004725684978339185,0.0734527583079137
protein|IGHV4-4,0.00111938292122204,0.6180706858675729,-0.1892475458028126,-0.06368258311941517,0.0024446944653037663,-0.018762133436161055,-0.0875666140593288,-0.006641659184256327,1.4951924393667025e-05,0.21928704109005118,-0.09382363610838648,0.043307863292989045,-0.11293790993797775,-0.003986333533736667,-0.006711781322385811
protein|ALPL,-0.0077284898964338055,0.4846126978240376,0.5911449888566341,0.0395800571004108,0.0010989299961101887,0.08986533900062994,0.11428653750336767,-0.01711582396064859,0.00019593805056536225,-0.18599550650480895,0.021180435792338217,0.0014813848628116922,0.10035070343885788,-0.011781658864279062,-0.14437266662190001
protein|IREB2,-0.004399681555735078,-0.3164395160776631,0.06048199656046835,0.007874732019150255,-0.0007097929267929252,-0.030850935312865337,-0.03437203055978567,0.14857531448869676,3.8145350005900424e-05,-0.03303364244541895,-0.0160185880836827,0.04017298420950156,0.15287720119176695,-0.011506647517692573,0.01022332571291675
protein|HBG1,-0.0044467351365605114,0.5532013041354651,0.45723075418088505,-0.13575569439455532,0.013365220265637207,0.06190393799831208,0.025616335787527682,-0.005153977630864112,1.918455978026013e-05,0.4020364226590047,-0.031061593344129758,-0.031324712437492165,0.08541915490219627,-0.009930162953062609,0.020495898252092876
protein|D7RIG5,0.0004767477417408515,-0.31858461868937116,0.03312835981257877,0.09935463097399969,-0.008521803641683178,-0.5111670120565969,-0.24682148125126263,0.0020248079333458836,7.566121684506886e-05,0.007896784393214975,0.02827053766088957,0.018005077761552506,-0.12959130488211298,0.0346140153279576,-0.021188740333268213
protein|O19617,-0.003952419821353249,0.2585371879664644,0.41372032286217103,0.19943091964283594,-0.0025854236914037137,-0.07141493262638832,-0.008211207968296441,-0.004966074642987854,8.910413013645191e-05,-0.1834493004314577,0.010046839341206613,0.04238641206429231,0.07344620998766585,0.00017018568658142377,-0.015405654541149413
protein|JMJD1C,0.0019991823791288203,-0.6817233271993078,0.8621032017185936,-0.18535482768345635,-0.02093871560346514,-0.040761175933818374,-0.012145711248608583,-0.005029348378962218,0.0001480264765119374,-0.09125555352009646,0.01796872095274022,-0.003644024669751562,-0.30341949477334873,0.0004155663181806677,0.0020727356666579862
protein|MB,-0.005233090641564116,0.3632592468671218,0.26934799415549737,-0.046179630465976174,-0.009225201217124985,-0.11442091023378143,-0.03853150201051683,0.2364059226873697,-9.552301396214218e-05,0.07482398984808268,-0.1036540951674017,0.05710818436890141,0.12350577176926279,-0.0010356066653578716,0.027550686436123434
protein|C8A,-0.0036469529244994923,0.4656720176052052,0.27364657569037826,-0.11949904367739278,-0.0005276900548128513,0.029426625638693624,-0.07013501265606382,0.44370758559433093,-0.0001669866910242469,0.26827819073720244,0.005268905359823465,0.020005464443757583,-0.1718965498956943,-0.012807995840179732,-0.169077076295619
protein|CHDH,-0.0012612230901982845,-0.3254903219543924,-0.03397981922868064,0.017873671447973274,0.002211685745126701,-0.11436744171476365,0.05744642322532021,-0.0018348855845625688,7.9725306546179e-05,0.01551255216519915,0.19348007762640837,-0.007249944995401796,0.02584456349668841,0.013700993655611485,0.01159253502791051
protein|HLA-DOA,0.008248844001565819,-0.41779775446040923,0.14930623610771177,0.20916100587280442,0.0022301362989314458,-0.5595228297023791,0.04785975294072027,-0.002605560610652274,8.444861120779346e-05,0.23367500503372385,0.2460388563590516,0.007019499980000982,0.14328631866209876,0.03873146702435812,-0.0020308579453990807
protein|SOD2,-0.009145817121662417,0.22748378534661803,-0.2040228177429168,0.6173955523095397,0.01620292740675524,0.6580942893270033,-0.3708772946665948,0.03835631095306598,0.00010942998629962747,-0.2917904209664636,0.3588839155077607,-0.042522027649579304,-0.09527574899803848,0.009314909680544364,-0.34070228389627466
protein|IGLV7-46,0.0016298797037793853,0.4717562187215948,0.031082692682882555,-0.11098642278672825,-0.006134727730849052,0.09524317351169793,-0.010103306604860753,0.002022933081780107,-6.465444234409325e-05,0.1333276685981552,-0.017679338991806123,0.03288723325522773,-0.2327999735239456,-0.0077635487730300465,0.02876911241434729
protein|DCN,-0.013052224414644764,1.0409919078739664,0.3516874387074543,-0.194342610364564,0.010954004586661988,-0.2752720049232478,0.0626515618369744,0.07439000155157498,0.00020985728418791447,-0.4299920489331414,-0.11151116484809126,0.13326512420143377,-0.2965865273947029,-0.005728822157331314,0.029921559854405453
protein|FBXL18,0.0031907018339003912,0.025385523118381992,-0.08025244834796744,-0.09739614920364408,-0.010182148290921103,0.014862988523986306,0.036353094822586064,0.014252823318482322,1.5341811330072137e-05,-0.1430863671925057,0.11922325252716585,0.17493810640244112,0.7662633250554434,0.001726849679771329,-0.05050633497641968
protein|HMGN4,0.022867209053851516,-0.5320435328194796,0.8371935985331476,0.48341324497146787,-0.01469595783246886,-0.20042235610623432,0.36128787153819325,-0.001750877048234978,0.0003553008131251258,-0.19907473675457152,0.009558248505688987,0.018712171585747703,-0.3089984803946358,0.03810058355925173,0.06506958805769614
protein|MPO,0.0037408907314825835,0.30897295168076117,0.22688806225235472,0.30252269226919637,-0.009815129828693767,0.24280733365314328,0.10298268502063335,0.20918138922717944,6.887344827116725e-05,0.7005793780974876,0.04121392167097711,0.13878391971018253,0.09203557678967711,0.014334110774234016,-0.2503529950601637
protein|MCM3AP,-0.000764269345697511,0.22756559674703525,0.13640067477331871,-0.03832403578426438,-0.0010678746969321389,-0.17628611439226252,-0.05495463610236773,-0.0075797677949914774,6.359235491839271e-05,0.12340044796950339,0.05058838724012051,-0.0049083079280073895,0.07636195625001531,-0.02708510072860098,-0.07438875347967884
protein|COL6A6,-0.0022742638474331713,0.49435193823971835,-0.05356727735942818,0.008134157247590307,-0.003077112872560301,-0.057645424640661566,0.20010348616421947,0.03978363254437429,7.418191665694332e-05,-0.04809499427014425,-0.02798678500784316,0.007964545611244472,-0.03805303688970356,0.011558734857442939,-0.031446663781926336
protein|CTSG,0.008399128153912416,0.43469609268000703,0.17035658946965043,0.21333557384558355,-0.019322284485144198,0.02372096418805993,0.31000600819466145,0.35000983152530046,0.00010400196852466078,0.524840957313903,-0.014968642412036536,0.12484708645124733,0.16379823560901988,0.013827554857798411,-0.16241780732247701
protein|TTN,0.0033533125331396117,-0.2894553627848616,0.3913228255321588,0.20247150422763713,-0.004140118363918328,0.1088500796843752,0.03178369193031006,0.18705380327661525,-6.754393407297587e-05,0.008596077424410558,0.027053711949577227,0.04253145239817019,-0.0015617173376958175,0.007213748189007483,-0.14290724023779047
protein|UCHL1,0.011951088691386948,-0.048736324438624225,-0.07187356854195019,-0.0629306834776966,-0.006622308057543752,-0.33462218811443595,-0.10122927332332071,-0.005351340057216064,-2.0696011564351032e-05,-0.10384202532280377,0.12539862466074678,-0.010326250759947708,-0.0941874293661496,0.0024738245943563817,-0.014111308927467862
protein|S100A8,-0.0005805459519163355,0.24151541998099682,0.013923855571510296,0.3746303641141964,-0.0007113999596848698,0.46147796701254395,0.001762624041313334,0.3239572039596202,-6.118033924392733e-06,0.5405361690162168,-0.08568627890901967,0.0790513454876178,-0.006756455917849479,0.011922011070155652,-0.21173363809018841
protein|RECQL5,-0.005605550368605826,-0.5933923492457306,0.6459195154681386,-0.06993779533417119,0.015950733113996855,0.25356178952495206,-0.002352450714309872,-0.0054227444427512065,-0.0004232161119883771,-0.03195200389742618,-0.24739569752741453,-0.03848553947736713,0.12635147860439755,-0.023263448756527666,-0.09409839697495939
protein|CA1,-0.015938166574295805,0.5656944950895647,0.031846931173280225,-0.11398170918534815,0.024504662584129144,0.003821219163060914,0.1269689260430041,-0.000590493278326865,8.733758466521752e-05,0.7108416572838321,-0.019727526147020124,-0.004533462989381158,0.08052752566068534,-0.038450963436907244,0.14986203356053537
protein|FCER2,-0.007567782341630396,-0.015849983562551836,0.11028737566040031,0.015738818633913625,0.00048599861944160296,-0.33887303198665514,0.16769524175164502,-0.004966905072327297,-6.230047080651358e-05,0.02030247892175611,0.015064754220466124,0.022517390980469277,0.17439107613992236,0.00321757546493026,-0.008775726931592589
protein|HMGCS2,-0.007535203722461754,-0.14759383589458341,-0.10062100926373634,-0.023992217639963988,-0.015278184925298659,-0.003977373311239554,-0.04817166123642778,0.0008923968128522089,5.7624151126905196e-05,0.05499321842651788,0.6964094402710578,0.08575616794404473,0.11566762065119063,0.010129646203158637,-0.15498978274822922
protein|FABP4,-0.0007326126403049489,0.4167388868770975,-0.04120047689583353,-0.13525833631786563,0.006652481174371753,-0.04694042235229714,0.18426201924496402,-0.06247687721970878,9.75801484651354e-05,-0.1633032516320564,-0.09630005622561888,0.00895152878525262,0.11240942904087643,0.005614630461790171,-0.07818428617010692
protein|HBD,-0.022218836811467857,0.5425991455232403,0.1821825354155744,-0.11996458579788058,0.022294572862253493,0.1284759033487818,0.09527803564634282,0.002501204542479337,-4.9887461267826674e-05,0.7193861068285975,0.006355194658874678,-0.004398917309402059,0.07311568043107716,-0.04345636622521159,0.19406508425074798
protein|C1QA,-0.0038898074620894616,0.5145871198468145,-0.2634331826875641,0.4305964789318408,0.010269766478010638,0.5135964534048287,-0.3327927084725378,-0.21340608994841828,-0.00014066824048170547,-0.17841209688916837,-0.12322761684179827,-0.021221034389637534,-0.14505360588747812,-0.014334771096831542,0.2318521802498498
protein|FTL,-0.00860355042850448,0.17086918676762156,-0.1274594126754321,0.18062439883105094,-0.00279662802074198,0.4515164692593925,-0.10016043849073272,0.002345405237975516,-4.850671335860827e-07,0.08298142072351182,0.02883654861486499,0.06617672804617528,-0.08891868539625526,-0.030946162369751444,0.012926282859543465
protein|IGHV1-18,0.00996889313817947,0.7251293872319355,0.04128317842426438,-0.14603552594703115,-0.008099016987697757,0.02751198656454917,0.01811631257191582,0.0012404037680888158,-8.25859938909578e-05,0.09298095693415288,-0.14691142953196862,0.11232340877716392,-0.12997419886252903,0.01313047040711412,0.011406736676331625
protein|P80748,0.007553899443216969,0.6224532741197467,0.4520604698886994,-0.003066894098830366,-0.0019450427199362871,0.04840027610813762,-0.18008779928693291,0.0022957070720023543,-2.148517411576337e-05,0.05738505575702347,-0.0943137847460838,0.03419751524334822,-0.05609076238588847,0.0010377856442550801,0.015163049931109613
protein|IGLV4-60,0.0142477078031653,0.5883285754839156,0.7242787923688894,-0.15172478006052575,-0.0014803414886676446,-0.01547603054262719,0.04627860648233927,-0.002253530765621937,3.3850520189453296e-05,0.07658560658283076,-0.08737604438269175,0.03945660353296141,0.13211002388965848,-0.0002968434777001259,0.11247553392599988
protein|P0DOY3,0.012797124505042225,0.529539261666759,0.3633360292159942,-0.19447432758675884,-0.0015074826108010292,0.10436193064245512,-0.02959078954065388,0.0007759610359984696,-0.0003412726596404421,0.3223863878433345,-0.12442182291792762,0.010639862859157419,-0.22727197664681534,-0.0011588337344810224,0.1250041832478233
protein|MBP,0.009520403669569877,-0.26425764236004406,0.591748572140814,0.2689070524222395,0.01527302124612188,0.09232465431004208,0.06774726841297889,0.052070527636273296,-2.7961506485987457e-05,-0.17126063169763003,0.005059693802498213,-0.10559306596895164,-0.3545745592554182,-0.01444074117496188,-0.01691916199472196
protein|PLTP,0.011436377750030018,0.6926291937751846,0.266688047374026,0.09451109612255647,-0.0041141551602184735,-0.028465640744106426,-0.27229735633170715,7.061211485283005e-05,-9.567797721686629e-05,0.029268298339987044,-0.008523481862527252,0.053732641009758594,0.16484282802966232,0.021151030628335232,-0.006237629295043547
protein|AKR1C3,-0.0015069216778900469,0.5236226334011449,-0.1552702139599295,-0.039262124779982616,-0.010171579174032747,-0.01173572216582902,0.23011459060530948,0.04143561731550231,-4.305509866450024e-05,0.06777664441902827,0.5499747193613116,0.01129433412861466,0.09244553935870671,-0.023152800746643012,0.036339738172931665
protein|IGKV2-24,-0.006305316979298024,0.4692356899019595,-0.09511304465234996,-0.053841550483778984,0.0037256578186230273,0.08961667526225485,-0.03520093941490022,-0.002701167152511125,-1.5117224114328635e-05,0.2575694371809631,-0.11024568299448413,0.03673801121731924,0.05432850485889491,-0.008123137528618792,-0.025712784295279408
protein|IGKC,0.014440881258838727,0.5896520415504601,0.12068008585553412,-0.30258890732779864,0.0018565100897409395,0.23398880543393832,-0.019963810093507325,0.001460836969048816,-2.1996523433451175e-05,0.26665509463568376,-0.11254223717026596,0.031203736276008552,-0.35042104523558654,0.0012145599555840882,-0.003287821638248588
protein|UCK2,-0.007006881166339401,0.3851582441404477,0.5152055230152346,-0.15798232128734005,-0.0050619727732579955,-0.015403696554214879,0.04372733862281553,0.02679687045681463,-8.089814358123098e-05,-0.054068640708886145,-0.020389332949932115,-0.014703897598333893,0.22436970402394246,0.0012211567783821928,0.11353456052954444
protein|TUT1,-0.003544127953101765,0.5678044027932404,0.3907840744707232,-0.03118619188193291,-0.0016889003632714098,-0.041014736070192626,0.13148620389569846,0.0071919510839501205,-2.5152735575235768e-05,0.20240462110397817,-0.019849462156954042,-0.034132077158077714,-0.09220107266811871,0.003339059214636962,-0.0051604510147686715
protein|MAGEA9,-0.010152997139639656,0.010019690142163177,-0.009454911779300364,-0.4119782962354337,0.000841550350443204,0.1067879117102177,-0.08833250301661288,0.0015895970135884872,-3.974399747151829e-05,-0.04766244676996877,0.09958451907914587,-0.004854745097741327,-0.01609429392094414,-0.002747309685140605,0.0280410871043458
protein|LCN2,0.002599559175124077,0.26730815008952885,-0.061393250536925965,0.052143458501353726,-0.0027070770816045035,0.09321243932583514,0.08187923545818074,0.2654618784424365,-9.263834839561285e-05,0.6669332063268516,0.04270667504416632,0.11195317365408722,0.04215807389068313,0.00455115399528166,-0.13389617484735042
protein|PTMA,-0.0018001226907208671,-0.4893384115050532,0.8996049388805938,-0.19633963306755156,-0.02441123463958343,-0.024626054673881778,0.00639132241356989,0.0067019407656579485,0.00023843462717731905,-0.14084559768829916,-0.016981067986855378,-0.013949179473293938,-0.4064731296310625,0.0002695353037170492,0.003547088600065189
protein|IGKV3OR2-268,0.013358901554638411,0.5505306138897871,0.13647751601459246,-0.0660234593611043,-0.00764745396521065,0.11680452811566207,-0.01771362535694938,-0.00060424439589732,-7.127345367276164e-06,0.13364093754955456,-0.05184991917357538,0.014475526705587544,0.08050102227755926,-0.008307889028551008,-0.007194398875224876
protein|A0A182DWE9,-0.002386404475714086,-0.0497337383998171,0.05201504994809341,0.04599861363105399,-0.0014373575866453408,-0.3465950873410256,-0.2421106789222346,-0.014032457344529441,1.0637949756939802e-05,-0.08527828972270056,0.011760076425647976,-0.02798484200665725,0.1385248150441693,0.0026673116455825287,0.02559088624576161
protein|ACTN2,-0.002246469328462145,-0.24789920343972968,0.5744411190473581,0.026908430357624347,-0.00946409797812283,-0.14060455761054175,0.1709942963239725,-0.010342184895613213,3.4297798594835924e-05,-0.07244854590517878,-0.1444827882115269,0.042196217121625065,0.2455722655482328,-0.002914268943780451,0.03608453177262639
protein|HLA-DPA1,-0.0016496918365503958,-0.46441507181966624,0.16886827412407748,0.2084544947652987,0.0046755664390481875,-0.387920310686974,-0.2592428585852276,-0.006294773567911068,2.3670676146573073e-05,0.020327832616658097,0.05493893277409003,0.027623715718216243,-0.07536260241943095,0.03121803250467838,-0.03401868469611622
protein|GYPA,-0.004589658801913022,0.4791845687977586,0.4287665881935722,-0.033322371037736075,0.012637051475550718,0.06411434499057726,-0.0003705310861696293,0.0024702839937210917,-0.00017524895617810281,0.5848385122504293,0.008561255649721383,-0.054718717593423304,0.08850727290638902,-0.004132603460260164,0.0523527665415746
protein|MECP2,-0.0033948603532650105,-0.1662593141495225,0.816856234769049,0.3980951262447985,0.000902124994836659,-0.2138730082634103,0.46603829697719756,-0.01009514540162065,0.00047988123092384594,-0.1857829531459012,0.0008400040749548954,0.058549201937368435,-0.13157064199440854,0.040731215650550566,0.028405717080174826
protein|PRSS3,0.009291594956381493,0.1893563225282283,0.5697678991358273,0.08220880306864028,-0.00920614078489848,0.005660457503373967,-0.03135502451765604,0.002142140989991448,-0.00012608671527754433,0.16944743288155734,0.030332508572830125,0.007137698818643347,0.6117039385356878,-0.004023794464817006,0.03616765273990106
protein|HMGN3,0.018295929242420142,-0.37671144548160457,0.8217164035445736,-0.04090638288560133,-0.0019100754015693832,0.0297001640266907,-0.006960361181966996,-0.005164347379278112,0.0004092381661546903,-0.17372439368720213,-0.05111706014110751,-0.03226083545995544,-0.19732523793359502,0.0019757566154425294,0.09202074483550082
protein|TMEM2,0.002714501536901789,0.511610626777702,0.24872104771445222,-0.18536744889513956,0.006107150898034966,0.05799354522671431,0.13045786340690663,-0.00013276337301610852,-0.00011725475956610106,0.24320837134187612,0.060198916149581214,-0.014467765042563571,-0.2616751366605829,0.013355885801044395,-0.12254370343380959
protein|ERAP2,-0.006221987362284937,0.001933424238038531,-0.08645467744074718,0.1651060569256946,0.0013933218332499182,0.15073506186145644,0.008347707196432824,-0.047609930858697955,0.0001701055414058173,-0.06749167996472376,-0.05745990344337421,0.0025875062798444795,0.11287724649123344,0.004400437456525203,-0.02501150221513562
protein|IGHA1,0.003521258088561519,0.6302280611147043,0.2997647401185934,-0.0917325296163458,-0.0023928865530779366,0.09079746135228663,-0.032113645109692245,0.042109867216440215,-0.0002836948322714191,0.3590573321051155,-0.022962715897279263,0.027878373480325843,-0.2127381932673594,-0.01615260433492693,-0.019267631449768275
protein|RPL22L1,-0.0065619676984796085,-0.15804430078836604,-0.13635024656316233,-0.18684458978950352,0.0037752577248848836,-0.014401320150640683,-0.1275405277015338,-0.0007493488024245447,4.839905082578486e-05,-0.07975563360898763,-0.15049967756909735,0.018881940196706644,0.13952201889166072,-0.016872395195386032,0.012631664480244758
protein|OGN,-0.010981751923414454,0.8792947661476163,0.21623442620487623,-0.19982587688367226,0.019734591678008513,-0.1969525595881684,0.15872551080052147,0.03016316274269202,0.00013268218619877747,-0.2843910649029712,-0.009022846570810409,0.14884959055502278,-0.12655949809849296,-0.0026555101661021327,0.239783872627229
protein|RCL1,-0.004382645238063276,-0.16930892573385983,0.5446762895034953,-0.1882968719744766,-0.007345118360773513,0.11161462137260483,-0.005717203224406619,-0.006306175354279093,-0.0002521333975900384,0.03866538570641604,0.04485092360222492,-0.011799155633067321,0.4961516449327509,-0.025272928008481844,-0.01565050862178752
protein|MYL9,-0.0012569706227385572,0.5413355947524446,0.4360426117062083,0.01261587313473127,0.008957916221882935,0.020967122136655428,0.2590800993176723,-0.003095523348483289,-0.0002745024298725554,-0.008497349715547314,0.08018891954909022,0.19268560725387351,0.009705993293612505,-0.0236789931660709,-0.03823571965030924
protein|KIF26A,-0.010412089078576135,0.40294862478462445,0.23386357948962158,-0.09076546761192304,-0.0004935367277035006,-0.00518802888284178,0.0065803127718129205,-0.00010920639739111463,-7.773261711398115e-05,0.0319692667513978,-0.2172784601037149,-0.0063104550312161785,0.0874800161965634,0.005690718662107238,0.15776009011675285
protein|FAM151A,0.006937643647807919,-0.34214679367819173,-0.009105591956531118,0.2286780331451473,-0.004805084933994039,-0.026749872243931182,0.41871559977608486,-0.16389848572308122,-1.6043398225430437e-05,-0.07142801406470184,-0.004560930987570717,-0.13875766387436406,0.12330307531181113,0.010692382948000666,-0.23615470537449673
protein|MYL3,-0.0027325117374015456,0.36622711815981696,0.0324978278393148,0.0005498454346553814,-0.014282648849231853,-0.12158694038797846,-0.016685943129933267,0.008270933328739093,-0.00022911361388374977,-0.021500309359147755,-0.05472324817471807,0.019966325099449494,-0.1436727235280582,-0.004909160226718423,0.012061364761361578
protein|PAWR,-0.007696983897404045,0.11790515352928599,0.5044252681195807,-0.20525641403469483,0.005693609484895626,-0.15416642164875133,-0.049275085133357044,0.011805984643731508,-0.000243790071386493,-0.2990449668418609,0.08002543440777438,0.03973347503902158,-0.11320139877593875,-0.021675702887447364,0.02147706978287839
protein|ACAA2,0.013289249948226006,-0.00359239437966186,-0.4362177587347782,-0.24850152169617692,0.012400972172908453,0.09570234836801121,0.005636185008339027,-0.011390671553679132,2.704762973112516e-05,-0.09845269083796145,0.8120076715273252,-0.11560370502125908,0.21621714961787308,-0.021614075112869596,-0.00041515232015479527
protein|HMGN2,0.02459116604003377,-0.6190509398174519,0.7375660940949013,-0.02825626209312254,0.006393251370308528,-0.05449165834332399,0.18487375655836114,-0.011550936322874135,0.0005174766699568107,-0.08195013133605554,-0.15413306392988718,-0.028041536144514358,-0.29884557405736256,0.009223439362626894,0.07590968576905421
protein|PRF1,-0.014701784094145373,0.2411584997075052,0.22490259209268582,0.1954412258885263,0.002865209943471244,0.26263100241092496,0.08811621402418898,0.0007499179816181675,1.7390536083270705e-05,0.08438657876756306,-0.0692700334257277,-0.020471545768150832,-0.040904199763693055,-0.026293740015812233,0.013402464595230743
protein|IGHG2,0.026130449572354206,0.6937769776795326,0.009218172011696609,-0.11844074580321193,0.0008646974564806169,0.03529924002210321,-0.11441622782828614,-0.004410252435986474,-0.00010254418411951041,0.3571601146357499,-0.16303510922609582,-0.01256994870284437,-0.2218150596165054,-0.008535189020203369,0.02648853228524799
protein|TRAC,-0.007826475727032496,-0.02298187402876532,0.3398460950389746,0.7339383983479018,0.0025956800998644114,0.030993642300527795,0.34707646024051153,-0.006824312445487054,0.00016846162305344517,-0.24483128192028314,-0.12234254520024955,-0.03538170496535415,-0.14426354167544497,0.03098670134505475,0.07380212528765756
protein|IGHG4,0.013907563933964837,0.5211259989347551,-0.034559815801545955,-0.1834832252069073,-0.005037313101176719,0.03343339921222862,-0.0425616605364465,0.003188758579863718,-1.264284841890193e-05,0.1819516890745426,-0.05644189189873496,0.046028706564896875,-0.1089403968560859,-0.008059633153215484,0.07036046042628348
protein|CILP,0.00151807456972807,0.3191480933382719,0.2405625068854129,-0.14186871490945976,0.005106139939067333,-0.37646248528539417,-0.2720183987697648,-0.10462239394733366,6.9897353471314e-05,-0.04132604634284161,0.0604049351316237,0.014193266711383589,-0.14289372696798675,0.005292587872751781,-0.3439224901258534
protein|DSP,-0.005312279866213506,0.21439137968996824,0.3506656588122713,-0.1534118657123793,-0.004323073181352153,0.07115318509331647,0.015431161875450504,0.4975256532557133,2.4638196280342105e-05,-0.013188773646943763,0.14299706173763801,0.018580775607594014,0.007753577963280134,0.002044884808921464,-0.021573317095155708
protein|HEL-S-117,0.008786584492454496,0.4994883548647458,-0.04277035938991291,0.15122349593254583,0.0026149271323705264,-0.018260292015984024,0.3190276962093743,-0.018402125042243547,6.948643418433679e-05,-0.00735348120376861,0.30931117513680534,-0.025490048454890987,0.004828031948488368,0.00033982338324733155,0.0961482162399199
protein|CYB5R2,-0.005537081070899727,-0.1550859966259899,0.18984780581247118,-0.5539044997192593,-0.004823800624838294,0.3539007725850812,0.033660618959489796,-0.006439347446335073,6.919285172697916e-05,0.044571696780509276,0.11501809018210268,0.11076326871518526,0.10835925998839677,0.026067888812365547,-0.009060954420213442
protein|KRT1,-0.014279162889263038,0.3865700934401354,0.18537080914170312,0.041531702945036233,-0.0009396025303012437,0.02476462551565841,0.028073624192939836,0.010011957142088057,-1.1205387095165366e-06,0.059908529091775145,0.08344031822499279,0.0802387310815616,0.36885849427099826,0.016296443813626077,-0.03868371830915462
protein|CTHRC1,-0.006694713373936215,0.6902870212731811,0.014597590009657654,-0.0848475504351875,0.009259522744803718,-0.20638089422742878,-0.2231558456296971,-0.0018034770275857676,0.00024571759383655616,-0.1679087710270906,0.03625273369852498,0.15736221970707076,-0.05670595245543663,-0.014935404042178383,-0.2532775134952363
protein|CXCL13,-0.007290233875604637,0.26351429616412264,-0.0407886586532153,0.04212781569102732,-0.007717329201335169,0.169138205077263,0.20307192499840104,0.0010119280211489448,-0.00014468413108825956,-0.09394177042963985,0.020310992271374378,-0.002327133147045849,-0.054857502530622985,0.010368096124820822,-0.32771629123305085
protein|P01742,0.020084357038570578,0.6996960650439119,-0.0716424182427811,-0.11868900209330659,0.00016700865871032236,0.10206932606584848,0.011849960636140805,-0.002472942961570176,0.0001094476219305162,0.0652912598989058,-0.06550503031320824,0.07345863113157554,-0.0674640805365734,0.0050207969811015465,0.09002873310155986
protein|IGHV3-21,0.012478693274607502,0.6536777178374575,-0.11725784539784795,-0.1458021063705777,-0.005122533378545333,0.03204718890860055,-0.0471857035660748,0.002848388389961329,-0.00022579875857058637,0.026200774563322867,-0.10406004454156527,0.09798532946436093,-0.04246715083819436,0.024871069145564893,0.008107909108258588
protein|CCDC25,0.008657647321940168,0.22120051516080771,-0.17847721374661077,-0.004382228838745156,-0.002856479924299294,0.029991145726274874,-0.04427920375891598,0.0030489782906329976,-8.130087154650131e-05,0.49555086664785514,-0.09043729499920271,-0.0666601668008671,0.029562627286318435,-0.009745414801222981,0.030093337904436718
protein|ITGA2B,-0.004004877798426051,0.5257797567075716,0.231645707328067,-0.06328845126965062,-0.006945384020038644,0.24319141884894546,-0.07649733467279338,0.15016657031845823,-0.0003126582567818205,0.4999418601203545,0.0007897594294117626,0.016719626292517723,0.05694351078760378,0.024338828066878104,0.047821941310367044
protein|COL6A3,-0.012683517715049712,0.7717835973867593,0.023849721023278342,0.18761195343667572,0.005184939348020413,-0.05060292645608453,0.10182994668368946,-0.017188089229776125,3.588400295198402e-05,-0.47140623997176606,-0.12956203045470208,0.007687677097235544,-0.09278021842458226,-0.0019291809207086,0.019323070642656204
protein|FBP2,0.003026712952584632,0.06141387531694417,-0.04345254536019214,0.5781697287765525,-0.004387599855680234,0.2246255411008018,-0.3493580188113414,0.0018856205080866656,6.60837443718495e-05,-0.1506777479479675,0.0252184231476019,0.01641722282762988,-0.03448788966840409,0.005874332222169658,-0.08690734119923774
protein|SEMA7A,-0.008249575836391356,-0.05690444811280312,0.32826788591804285,-0.11015396442465966,-0.007956081204325371,-0.020026358254245556,-0.04292284811482703,-0.008251433884993558,8.864731715362085e-05,0.11355161070176335,-0.034032878952176535,-0.011048880879025303,0.20370291633782284,-0.006581109536203535,-0.31329845219915275
protein|LUM,-0.024375106045530753,0.8781287213405005,0.3348728578612351,-0.1135183264717466,0.016389313489771438,-0.2265599046942675,-0.006431854570251905,1.6939912993221725e-06,0.00024381072354746582,-0.3113930312416729,-0.0680325213368034,0.2165993105764877,-0.3401887347134592,-0.025343773837988644,-0.014502356936070382
protein|ANXA6,0.0066143037692610995,0.19266452347060445,0.07824575264010424,0.19732945231835458,0.0016508346706952907,-0.003279664504236442,0.2682748572215758,0.0014274873090989796,4.655183660834067e-05,-0.2430626629329542,0.012977439728109042,0.004239167658567071,-0.13082898450406483,-0.0009620991280751769,-0.005061394549301043
protein|HP,0.017530046894026773,0.6272786554763178,0.06354844350599176,-0.18809742705563035,0.0018326017662724015,0.004318925878463463,0.054947718331753194,0.030114754086654694,-0.0004620929426335055,0.371432634136494,0.04187395334897277,0.05363912448697693,-0.2922093802848818,0.003912532491091391,-0.2208336122321578
protein|RRAS2,-0.00033377135522624703,0.03909042393096892,-0.16337740124059447,-0.10494219053704636,0.006721383541428388,-0.7692727237336243,-0.19941724597569807,-0.002071580969192216,6.867652671860998e-05,-0.1956548594942154,0.05087387732873977,0.004433017310784169,0.09777543470308703,0.014854773271923085,0.02492172664531062
protein|KRT19,0.0006291438217617735,0.2290404061171712,0.20145629208258123,-0.01078551708593389,-0.010749837308898856,0.014891110186932075,0.03999895978584923,0.4216100728333938,-0.00041448116150155385,-0.08807005172064712,0.11459696065586229,0.11621760056551977,0.012836176715559502,0.00450612909868175,-0.02645443552379164
protein|OSBPL10,0.004457316144101473,-0.07445644979021016,0.0979985342245545,-0.2964558513017252,0.0012794952977405836,-0.26802572371398375,0.18314245904586282,-0.0026516288108875403,3.4648345050813535e-05,-0.051445971601156576,0.07741492952442407,-0.023361622372928055,0.043121729299988434,0.012092903753968933,0.08091583271807092
protein|VTN,0.002353412918230375,0.4482132364750519,0.3598706975963451,-0.024629693256959434,-0.0007235351789078096,0.3471761883763792,-0.22715836502716316,-0.003790382833283,-0.0001106802950412145,0.3979535804146439,0.08344719240060978,-0.09803097818819392,-0.11506280300460098,0.023680816872128706,-0.32370181615261534
protein|HMGN1,0.011504122447771601,-0.48955738167273016,0.6745846200634315,0.09911184429032327,0.012270210050720088,-0.34424546874033163,0.057075897710303566,-0.003304849250671767,0.00041201706384462195,-0.21582768705282257,-0.0030613867239684266,-0.00802108879031536,-0.2434326916823123,0.013519056100506265,0.10027877352488716
protein|MDN1,0.014924740294014844,0.27315648204862414,0.03973802680911318,-0.004216562651917207,0.0021145044859373573,0.07048406905865115,-0.03570755785706672,0.012487935363906374,-0.0004185128740988479,0.5824535877663707,-0.14012286892396214,-0.08253315849902892,0.18082115922546074,-0.039579615021471136,0.0014012279286235443
protein|COL5A3,-0.0140795140780394,0.5904605263966168,0.8904314241483063,0.013174984781189742,0.0007159572687189809,0.014679106670949287,-0.08959120433095652,0.001506156853660095,8.999188521318125e-05,-0.21839782707670966,-0.08033980543953397,-0.039070591353209415,-0.013973935944940669,0.00476745747143888,0.004559817590724189
protein|SOD3,-0.007430060192301495,0.4673482998821508,0.48108787630516936,0.18255116457854464,-0.004770265570402572,-0.19290845802858456,0.31194288289475014,0.031508636512091626,-0.0003177646278735374,-0.2203193342903662,0.07353729964037482,0.037271552617468666,-0.10141580756240635,0.0026824780438292795,0.0066479753975184405
protein|D9J307,-0.0055964439774953715,0.09605606262418875,0.6066240247607467,0.10686346866144406,-0.0032547453299750367,-0.22995260225874042,-0.016665897416591573,0.0002870704834235806,7.824072092831888e-05,-0.05086275999800387,0.017221709629116417,-0.0058206919856529475,-0.053829420538225904,-0.001668046288242781,0.04253929387696458
protein|SERPINA3,0.005342988476494391,0.5947500478152713,-0.02922350030446455,-0.05357582251164525,-0.0003366746844400195,0.18124861107412274,-0.03583248077016592,-0.05505665777012877,0.0002023689034305621,0.6495058214796902,-0.12392261488966551,0.1164302845625402,-0.07598630149860787,-0.0014963283832319701,-0.25137203789771023
protein|GP2,-0.012277056367791549,0.7107813376629452,0.09812004642782741,0.22282353978348046,-0.003622142256725178,-0.042328304598501065,0.03961726022031104,-0.0025107425883814224,-3.351436984594965e-05,-0.3318886269180785,-0.025472083962343215,0.012612576037803764,0.20154634133443283,0.011048327360291973,0.01745572306133513
protein|ANXA3,0.0017133653957313651,0.25544313267061713,-0.19152135553771046,0.25730344423003354,-0.017086096567461198,0.03587663129414448,0.16191555905565266,0.2136284297541271,0.00012664665550025594,0.6217464086430424,0.04111523870792738,0.11053256295230515,0.13949397492781201,0.0280190296177278,-0.20298187147162866
protein|LBP,0.004968770477116294,0.7179574879630699,-0.24816631092876762,-0.0778041288901352,-0.0008371988480794727,0.027217515964578023,0.020021358317041164,-0.03824698705887108,6.45568897068338e-05,0.3353596705535509,0.06274697769972336,0.04866131674301892,0.06612824998571856,-0.0020625891342842314,-0.33351087152275466
protein|CHD1L,-0.013831022767900505,0.30719962094692127,0.3015942650457421,-0.20655514396638083,-0.006739898491870674,-0.17390064850833573,-0.04448365315953435,-0.018758253153190206,0.00023646989165310232,-0.1341865482671944,0.16977078245903615,0.15018444163500602,0.11288898547570805,-0.008832689024684462,0.07574289279368715
protein|CENPV,0.0018758314945111739,0.04902415650411136,0.15818663495154153,-0.06829901416968384,0.004045299608493132,-0.24746381090453756,0.008056139485046106,0.0029112628022967576,-8.578841531709355e-05,0.1498422259400969,0.19390128649644658,-0.08152579844786167,0.007616162871003232,-0.002853657703829396,0.034840736926513106
protein|CD9,0.005134827769225795,0.14999212561038805,-0.282411119457984,-0.029703511236153092,0.0010920258726201874,-0.35607098005548177,-0.07113005909511888,0.28369887628770657,1.7774442017756242e-05,-0.03152550921127243,0.08653405203203904,0.023609493500245674,-0.016127211973249626,0.011224035112792042,0.1959245684047929
protein|LRRC15,-0.011664913502325232,0.3945891492965692,0.09996274152080395,-0.14251374913078652,0.009190476556636165,-0.4511586895397105,-0.163661354267983,-0.001351572591744079,2.0119682996355773e-05,-0.03296778625512911,0.05530629298819621,0.024687423681039558,-0.05977923564937439,-0.0009046675105929927,-0.24509728703102293
protein|HSP90AB4P,-0.004790464371110311,-0.30516112305682314,-0.8068565831669181,-0.475431072694536,0.008911061684099318,0.14308703724414706,-0.040888640926217426,-0.0015918188837864926,-6.319436012021425e-05,-0.084135397792366,-0.22546331446847337,-0.0019379539096063183,-0.2774049733296554,-0.015315480076432804,-0.04786240267219963
protein|HIST1H1D,0.006382132477083889,-0.37340046541889177,0.560755257305001,0.497028145907022,-0.013543003216294343,-0.16234107512263388,0.3195229063450577,-0.08364781867768449,0.00022103986035420094,-0.07284826585940798,-0.20945787130118115,-0.04655447355398983,-0.07032000771758895,0.015840386718120266,0.16409450999862854
protein|CFHR1,0.005996100321854325,0.8047572280114126,-0.010007640857574083,-0.05938608942151833,0.00012989742331680673,-0.12390113761510228,0.11131221674503725,0.0011529595116786765,-2.7484417586800357e-05,0.22078771163011116,0.0010364521016278938,-0.0052873287489506446,-0.05260631683898925,-0.007893407821896719,-0.2656788030731817
protein|APOC2,0.0005292427415582491,0.020753517778026052,-0.2236153146056758,-0.19904413685505895,-0.011482282902066845,0.053414450230522464,-0.000545848698924201,0.0028977229811073366,-6.81783277790555e-05,-0.29631777513423413,-0.1666211279155148,0.1443492808786805,0.5001462680866924,0.01734756276785855,-0.07354048386869971
protein|DES,0.00380623359071888,0.45261457831335045,-0.04487998597298682,0.14099551941370342,0.0009877272436791557,0.005703047135440734,0.23263829406064385,0.0008744460185468464,-7.302035757998856e-05,-0.08077499188418691,-0.0025194934190125385,-0.013629768605966099,-0.024639828710300075,0.004436354458720014,-0.02114666623084157
protein|ZNF185,-0.029912623448883045,0.0964864987376895,0.7432274046471334,0.116381004313417,-0.017395325826606647,-0.2968139337286627,-0.14977098145824483,0.4192454177451116,-0.00047387220251749135,-0.10218439995000275,0.0984808471865728,0.020100836411413883,-0.10656901402107802,0.00039772997847163747,0.030867218405790833
protein|EBI3,-0.007580899017042426,0.06547757545652226,-0.0209649165290621,0.07636609248754996,-0.0020614497496702646,0.11071868250955957,-0.102391671298502,-0.019332069246729255,-8.30048398043838e-05,0.03430744127269319,-0.04971877508041436,-0.027392166798084407,0.03971947959385209,-0.006274513869085784,-0.1849385629353599
protein|HIST1H2AJ,0.03481083628431981,-0.6078870423809698,0.47403796791895997,0.19744129007270805,0.018006848932783218,-0.09575129510634975,0.2601510199514491,-0.013602509831374517,0.000212652217787756,0.16483153638685455,-0.170203043448239,0.00641551488513499,-0.038793289903529565,-0.019901953425823612,0.10880873754846931
protein|P01717,0.001566179983109538,0.26043667152533373,0.3983372793022292,0.027859192860893885,-0.0005510935764101701,0.08795063326939201,6.796963124033944e-05,-0.007879972328100648,-5.67877656234512e-05,0.011821189824834375,-0.02317505160797915,0.03592755261267168,-0.04547116960313718,0.0018657989475987483,-0.010642312253015365
protein|LGMN,-0.014064824865838026,-0.009725082266048913,0.20346263235767215,0.3788994524984425,-0.0019589583357628704,0.41477729037305955,0.06951398682274686,-0.016826896115558893,5.576232606235863e-05,-0.27424273726107695,0.007818274589794451,0.08506256348921937,-0.14034444156575784,0.00026932444228718326,0.3683928921734163
protein|FN1,-0.006274140713421474,0.7743542368494899,0.15189464914510623,-0.12336760217730765,0.03157845262424493,-0.1424465631047081,-0.34463960202668004,-0.013410056471270493,0.0002099395667714876,0.10785781148693033,-0.01580907013723523,0.022382212932710466,-0.12659720469579036,-0.048905521926499725,-0.2682986053945928
protein|TCL1A,0.003936647671965548,-0.10543874948858983,0.22806288014905218,-0.133500318912838,0.007438354666628065,-0.05133654526566986,0.10899557500561129,-0.0026867082342966844,6.517850764406175e-05,0.0314027377362496,0.0038421239349707933,-0.029117370075831688,0.06263812944709969,-0.03226438782569491,0.10441379976863682
protein|SPN,0.03820230006499111,-0.13294594774678678,0.8058197391278562,0.5143001731922007,-0.0026752268110885598,0.051762381285625936,0.059599211666555456,0.024580157940123262,0.00016324616356290985,-0.15445127143857865,-0.05069930199299042,-0.025594311376462058,0.012888440328526086,0.050361024720740236,0.04802188535614064
protein|KIAA0907,0.010848040953083244,0.19828865397423268,0.7870231986988528,0.027594196165821004,-0.00822383340995001,-0.11101331883880336,0.005228388944812983,-0.009662037980357866,0.00018905864006023716,-0.06112729307116954,-0.16328624776679798,-0.07953859544983691,0.4447582292416979,0.007706548380432847,0.0034669217711854514
protein|PADI4,-0.003590151204567141,0.18654605083708503,0.02289030276125447,0.24555992162768225,-0.013335345504484834,0.16784067646113787,0.05379554474370171,0.029379185203115613,-7.048409069496713e-05,0.5654756808271031,0.09232934170994196,0.005304773660387281,0.11702962233550088,0.0008561054089741128,0.006373459770072213
protein|TAGLN,-0.014277710069033379,0.46732952768176067,0.19356410339715321,0.06036285722545234,0.0070594641657507175,-0.11419116394851278,0.3305886319744522,-0.09162277238629724,-0.0001492505097705771,-0.21883698336715116,0.005517852843211111,0.21439710659251024,-0.22056241910162383,-0.024819043912412672,-0.029918201072600244
protein|HSD11B1,-0.004862798865097178,-0.015165826182807467,-0.20003945123065414,0.6278864924446235,-0.01030457772838968,0.46291184630413895,-0.20787859099348385,-0.0029309590511220366,0.0007533461619391891,-0.05855074459282049,0.23268363323614616,-0.07828141672159819,0.027804634949754627,0.00818088656581671,-0.03485647604068534
protein|COL12A1,-0.009030065724883468,0.8111433244956604,0.2758262983818807,-0.07550339049028706,0.013093616695650618,-0.24885297743042537,0.02066608858886401,-0.010950349019787102,5.5954130673908766e-05,-0.2258983556534406,-0.09038179094120839,0.1231053489404728,-0.028408332197349076,0.010371681605698744,-0.005740426886365782
protein|SLC4A1,-0.012731927946186912,0.6464525568494642,-0.010485399660822646,-0.040147300820036376,0.010646474363292987,0.00758192380816417,0.09793292597218692,0.002569269353862804,-0.00019859641967700058,0.6485622317921808,-0.019661527946325762,-0.0067435104896252035,0.13006680814593044,-0.0361017591938891,0.1334416468933601
protein|SNX29P2,-0.00028629523575271406,-0.21563941450651952,0.21615294876323485,-0.12278770684798437,-0.006503732990712271,-0.6269342452153037,-0.0556944396556621,-0.017787249995253523,0.00019830884205548235,0.07223168783018766,0.018413881328052405,-0.034409046393791574,0.1046734834625739,0.0009138827587129671,-0.1420757223521324
protein|A0A6Q8PGN6,-0.002549162116961009,-0.16252064328614696,0.7433286944107833,0.2716712572888922,0.0023649484133488855,0.07926036883988374,0.0030330174838004917,-0.0011700547537975012,-0.0001461602981589589,-0.19543659745066044,0.014571709103257457,0.004496365237488539,-0.028733387309972123,0.03050657088838099,-0.09284740852890529
protein|P01619,0.005974069703737539,0.2860451175279869,0.13424949151119792,-0.020655167611851353,-0.008854225149125814,0.20018653037942655,-0.000254828171003927,-0.01247545878383055,-7.163081645657375e-05,0.17778063078930142,-0.0619319566449761,0.04070197248265983,0.0958273591118812,0.007553174937603538,-0.07029959012746517
protein|HIST2H3PS2,0.012338408585602735,-0.33533879425648616,-0.3742427544587943,0.11299168375093141,0.007015453763020954,-0.2129659159320515,0.24606045130139562,0.0021900812423244734,4.762791504147479e-05,0.0451820004940957,-0.308610537551225,0.15631188151918102,-0.06723778364849986,-0.04488581554557315,-0.0050550246318320355
protein|IGKV3D-20,0.005997372479160526,0.40454157747164426,0.17468535200515226,-0.12797166680721828,-0.0037335734243467427,0.14608672402870193,-0.004849985310705842,-0.0016552321940143569,-4.409816052196629e-05,0.25843657083354304,0.038003497843306526,0.040653698832042444,0.04452004658980563,-0.007962626179753967,0.01190539343852515
protein|LSAMP,-0.00020354678998597839,0.022097695141236367,0.21498154351855223,-0.026323461496514124,-0.007129139944840725,-0.16856786052448608,0.5195929975855247,-0.00901067517529393,0.0002415772200702268,-0.2714105126001446,0.10387373258431613,-0.04946401268162613,-0.08652757657049219,0.007141844708728545,-0.24804527049316424
protein|IGKV3D-11,-0.002937040626216898,0.5280596616368323,0.25989741892727075,0.0003104155807676594,-0.00265041744067772,0.14638252760308523,-0.00650947205345936,-0.030479435869186805,4.859313037214539e-05,0.3933788457370596,-0.031202790863285566,0.010703626731149055,0.07693268065462726,-0.010006027529431034,-0.10112602375664005
protein|S100A16,9.62101817023776e-05,0.5716078538986421,0.6843685894217014,0.007694212994438403,-0.0026041300495903666,-0.13902032590290242,0.03362632192555046,0.2082707139444339,-0.00023210999776271304,-0.2127994087515754,0.06067507948257137,0.09593679588710605,-0.08510146825824028,0.0002297468648676579,0.05167598877530597
protein|HLA-DRB3,0.0142161906925378,-0.3243147642459174,-0.025779793251753443,-0.15088717638398516,-0.008871968394061897,-0.050684250762709576,-0.015630857478683438,0.004005343195383339,-1.0545395648621384e-05,0.019042909171628625,-0.05430765375278253,0.022339143691231567,-0.006114952804408297,0.022678395764740355,-0.03136390329347953
protein|AQP1,0.006538579981640864,0.6343115809995142,0.004053036286855512,0.023146759078613875,-0.004664570878496973,-0.010402819015051518,0.3880579934450943,0.004468489337441456,4.802783936204865e-05,0.1718490786770039,-1.4941837503798116e-06,-0.0165632051080136,0.0910508604469553,-0.022769947600551153,0.3261711862516401
protein|PRELP,-0.013146629064313634,0.6523687029898806,0.43720777224022067,-0.026817856101758703,0.001138116668835117,-0.3289753897708469,0.14575126202577587,0.019577878425106932,-1.9468912663921648e-05,-0.24365115386962566,-0.012059255112912315,0.11296520571432737,-0.10033805911480251,-0.0047148144270939794,0.13577721749452143
protein|MX1,-0.015822498524327183,-0.04994668162128224,-0.15507657580677425,0.3258764637761801,0.009686062449790131,0.1083673321299185,-0.007377770641692392,0.0002448140800990435,-8.31755225086308e-05,-0.043700460305137794,-0.03584372497254448,0.0052219327484958585,0.17211469464544363,-0.006653916126902398,0.05123331582669685
protein|APOA2,0.00917946091055976,0.44160481869083945,0.19553922247838898,0.029814344668051076,0.014762851541603284,-0.038826756955190264,-0.19665273736854785,0.006993558476815749,-1.4125394566103478e-05,0.2969999491586465,0.02155595802934993,-0.011551342071336995,-0.43161136724908333,0.017741667687826812,0.0022827263651739853
protein|IGHV4-61,0.00044657422035700227,0.40802002022236306,-0.031347781356906065,-0.0497867886357629,-0.009812660371624753,0.0716281613008096,0.00883702202324331,-0.002099018594467549,5.246916735688404e-05,0.16280790028858308,-0.03602987344764787,0.017675440364392614,-0.09012079766832452,0.0045967165109255335,0.055801427485756436
protein|MZB1,0.006702132980902749,-0.0380486580681901,0.20738962795159252,-0.17440777072547425,-0.005366533062102124,0.21926352512870997,0.05225183569101834,0.021044573022289553,2.0337942495353323e-05,0.03560580959009683,0.0002017500648380779,0.04149379448321513,-0.03831511806012549,0.018717466933118578,0.21855566190102516
protein|P01714,0.009290099199907092,0.29830805671201527,0.18762052318972786,-0.037204839746491324,0.0013212041965714933,0.19610551818762234,0.024588572559168523,0.011373117375658336,-6.811400107147462e-05,0.28515442267068564,-0.012611295778369237,-0.015601724410990617,-0.05248055895967495,0.015093958398049969,0.1484226795227295
protein|CD19,-0.00571000810213888,-0.15091936399721098,0.34791695691322566,-0.1358776484298159,-0.011919866736235199,-0.3082771017980662,-0.0011150335339183157,0.0007690674397779557,-0.00021475773949760564,0.2772176858964191,-0.15743289417055517,-0.016449282176978396,0.10873571985601582,0.00048463934478666307,-0.14690180303802913
protein|HNRNPD,0.005700589719943571,-0.21535661774142834,0.3493428216882507,-0.24367044884973935,0.008368056815289678,-0.009766999130733074,-0.01503419713207772,-0.018598401631715257,0.00020308627440695387,-0.33261213562061237,-0.275105751287343,-0.012669114655590107,0.15723944160801956,-0.014968888190339395,-0.07820353823939308
protein|IGLL5,0.017840129737309533,0.46103063801851024,0.31196469368684415,-0.07613494763628988,-0.0020885750132831208,0.11999632227744916,-0.0672668185327498,0.0034328101720713317,-1.466741114307265e-05,0.20307003487324338,-0.0442064722821588,0.010193964824354737,-0.2573261308176242,0.003492838301821715,0.08060400289422281
protein|IFIT1,0.00010688297096010668,-0.31095698996879956,0.1701896644127644,0.3195928894383774,-0.00419302142319276,0.019117061049565592,0.11337216043279826,-0.023152218436414133,2.0892318604501474e-05,-0.10554058279499429,-0.0504873772872179,0.15334063106049622,0.05866527383297332,0.002932661741789851,0.07819250236388117
protein|AK1,-0.002109291031135255,0.5164886992937957,0.18014606595453397,-0.014757805262159104,-0.0014397851052612523,-0.0008078997545829642,0.15645860488729946,0.04310907873207823,-0.00026070392664177507,0.4081615706191996,0.10576934731329898,0.11152587690944314,-0.024108798040634993,-0.01731337816858512,0.01781874568776788
protein|FBN1,-0.0029875993163292554,0.602912826639918,0.4248917720260896,0.10564383227195864,0.0022994355100183213,-0.27759815655957454,0.01742389446870249,0.01296326851648194,-0.00024129621167077238,-0.33593665095200476,-0.01120197671726295,0.07551169880114365,-0.2551257425391281,-0.01629839593591336,-0.0716100872163361
protein|GBP1,-0.022673799828206203,0.027445986114004773,-0.2274489984959572,0.8213667441643295,0.020379523263822145,0.5932469590845393,-0.26675272329938415,-0.001779223797908488,0.00014574926215466408,-0.3268849211832529,-0.16134976837079018,-0.12922035516064628,-0.04504346456376095,-0.003754485907333332,0.004466686140393964
protein|MRC2,0.0018187378682455368,0.4739856051787619,0.3047252292837945,-0.12123917070187841,0.0071231550296028895,-0.27874770918608394,-0.14247560804985335,0.00014206393385653884,-8.922686102914672e-05,-0.2970188675745159,0.05935843015966963,0.19669369597346453,-0.1745309309710925,-0.04317944883444501,-0.3280940765877455
protein|SLAMF1,-0.006736371813346318,-0.05945446448918538,0.26416123501743477,0.3702968219793611,0.0019399548473931006,-0.5383418387183272,-0.20352968815154035,0.0013629759103729751,-2.321064064918383e-06,0.07896160469008176,0.12670483373875943,0.005491450023178248,0.021063277784664113,-0.021143104512467828,0.01746910805898924
protein|IDO1,-0.004743048332909413,0.022381461055345372,-0.08603225399948579,0.678952115845944,0.019931591453460882,0.48963566031634215,-0.16818858648373086,0.010430770610859987,-0.00019437923224923832,-0.07727160487953387,-0.08070647207917844,-0.03727299410301891,0.03075276828901244,0.039452849964889555,0.05539182857736072
protein|C1QB,-0.0035561755743440124,0.4137870736862884,-0.1230944797316275,0.4234437662327307,-0.0035243132158339725,0.48025634133128975,-0.30023551164226947,-0.1826205424205122,-0.00012010332333925371,-0.03340270217126777,-0.059744759226960105,-0.0643133426240535,-0.0699752966985637,-0.009074965829567535,0.23536426070727418
protein|SLC29A1,0.014194497192419038,0.12578134120041445,-0.07912691523459181,-0.412949119455308,-0.023314164087881662,-0.1752362899021814,-0.18322479811454104,-0.000411103334843633,-0.00010743662703944515,0.12289454825515038,-0.09330802791381988,0.010699288641541583,-0.01826947643868845,0.01992351738474951,0.001506166622057562
protein|DPT,-0.002927414754061401,0.8699215472342023,0.24446377510364262,-0.07836785790237916,0.008636582553083631,-0.241194001820632,-0.017660296896150732,0.0017306257123295967,2.8485705235838466e-05,-0.32816981970085446,-0.04743253995964274,0.12634494699900595,0.017441984457286706,-0.0008185715699901454,0.040806416370784734
protein|TOR1AIP1,-0.0047052014014446605,-0.10377931858153305,0.3368068001996938,0.17893908270193012,0.001861835486827003,0.09300193254397696,0.02313853360427062,-0.025803408328986956,-0.00014993384682664786,-0.0269659565761941,0.10681078176204398,-0.051143105393205136,0.09146469559622995,-0.008625785358223819,-0.07401430055720215
protein|RCN3,-0.013976044436268266,0.46219520994147717,0.4214657133312005,-0.10843484033584426,0.007664434290986744,-0.05881250429732754,-0.17182350138047828,0.006097194151570895,-8.379475729854594e-05,-0.09084979620119625,0.01874093034615443,0.24537473748664965,-0.013363484046466508,-0.018789140567989814,-0.23455187783310372
protein|FBP1,0.01860885189187386,0.1854728480446968,-0.008678437808529317,0.5388083486531623,-0.004454627546471863,0.15849172407624554,-0.31139097216745454,-0.0001146477365258991,0.0003159865008667683,-0.13226308643807774,0.30894247384447737,0.023149766640632476,0.004778925227704644,-0.0012859175994733066,-0.038862148381757736
protein|HIST1H1A,-0.014893738662365255,-0.08833742859122733,0.3950381942280096,0.013604176427758269,0.0024644673647991654,0.024695543183535538,-0.02566498080441294,0.03686517404099494,0.00011843658860261912,0.012726210831773284,-0.0040001110200002495,0.046075382611427074,0.10478980945122986,-0.04688130572176839,0.16973773187442479
protein|CHIT1,0.011057659558069187,0.08220441981353263,0.02210319890918581,0.397538036128517,-0.00710298441251266,0.034570633856587214,-0.24036133906259277,0.004621222570418074,6.529631111776825e-05,-0.025558346680656308,0.0012238663290285907,-0.03317733096743312,0.1005239874950495,0.012678898864076105,-0.23623705484203672
protein|FHL1,-0.006423542599106845,0.4448077179057027,0.016998027539406005,-0.04271262994043181,-0.002846520824831164,-0.15514892939259745,0.2567203326014392,0.029016521307263208,-3.364366276731803e-05,-0.0053167848253930835,-0.024747859629279088,-0.0039606570226540395,-0.13920006559168463,-0.017220656858898932,0.027301265031379276
protein|C6,0.021198727326335532,0.6960165887029017,0.4037538146920968,-0.04014348948336928,0.009414791941060282,-0.06748206199054564,-0.00031211348064577637,0.0014347340511345875,-0.0011724316720500261,0.33383819947901844,0.028207008921942455,-0.004113752533175079,0.022709051205306474,0.0068334958285080055,-0.08953543434669502
protein|ATP1B1,-0.0004052837483611516,0.0625403369598858,0.25325163575860243,0.16725596541635854,-0.0005881980353764397,0.1686927858245622,-0.2235322284057044,0.026831609438896793,-2.4584280431318003e-05,-0.08130938100948891,0.21102389879774072,0.07322505806394879,-0.08319090536569106,0.0058424064192845885,0.027639356331354354
protein|C5ORF51,0.015353092037392912,-0.20299363560514683,0.5275076940671982,-0.002364361711525751,0.006784347156625979,-0.118416328245897,0.061466625363379344,-0.010172481005519108,-3.814609967188281e-05,0.032036663819149554,0.09511898112469969,-0.0027994263895842167,0.34350873336227356,-0.017592612519494198,-0.05409362876402583
protein|ORM1,0.0009165936361690229,0.0978787405154083,0.22110867263712303,-0.03165680803515008,0.000865346621406368,0.21264986199585129,-0.018065160176330565,0.001160037082954513,-7.378318058912422e-05,0.48576262290273825,0.01945585045901171,0.020136461545387396,-0.2878581702540227,-0.012480543783513095,-0.27114352654681667
protein|DVL3,-0.0012058019220819902,-0.10164671982997252,0.7256563082025136,0.03455604866868121,-0.0022356123382507725,0.026941031060335418,0.038339684226552526,-0.010496633889504295,0.00021133927577110897,0.022987560237181005,0.10668539262243254,-0.008673535698840537,0.4194922993738016,0.013207544797758503,0.0470157614824527
protein|TPM2,0.006569006118100517,0.3748447609894589,-0.03466498774356563,-0.1485720626176197,0.004192327285633442,-0.05347593696763945,0.16528188780956715,-0.004214377500507704,4.554267682118637e-05,-0.0699006552025237,0.014406226900919033,0.00951565973360768,0.04234243323049186,0.036230848516955586,0.17496197026098798
protein|HIST3H2BB,0.037135768416242027,-0.2992071454150599,0.7358771971918417,0.25667815521245435,-0.0028359645631299874,0.006679803661753021,0.050117915678060954,-0.0003934738701525351,0.00011584842580202105,-0.04325981592234435,-0.1417992235046544,-0.0077156910843425,0.3954135594545706,0.015253732235353751,0.02289347235101959
protein|PAFAH1B3,-0.010760684128363647,0.4366279058628024,0.4396858376874959,-0.15581189264922052,0.01117197657713386,-0.049209130086400106,-0.008497795177869161,0.09682728078128854,-2.179556738999424e-05,-0.1957044760179046,-0.01005651694481967,0.13200666112214443,-0.06060966287808294,0.010702117572322768,0.18855580072641148
protein|FAM129C,0.01077536693544612,-0.2622280562579043,0.025828772995702003,-0.34597336967108533,-0.00024037771346219525,0.039017498271811966,0.007945696606152682,0.08359949667041272,-0.00013159258482378403,0.02282635710386316,0.0035947862925702783,-0.005877842253813907,0.1830622470656017,0.02338441227246313,-0.0035617075235897214
protein|APOC1,-0.01156071212076708,0.3856917271056522,0.2685285005526151,-0.019653704681033057,0.012760497405133317,0.03235902233448662,-0.058712914185853754,0.009154956782632551,-0.00010788439930465753,0.22559613021838168,0.13415407115598224,0.09576898660156803,-0.22990963445394583,0.018092188096374816,-0.011081592741311664
protein|OLFML3,-0.0013915938930742426,0.3977132920612927,0.4279082702744162,0.13873625535211587,0.006268788809449476,-0.3721991823890431,0.3445862214234966,-0.0017197429459805782,-0.0001417369417977398,-0.25459948983688285,0.01994465585658801,0.007389750962172073,0.012940215308051988,-0.00863844524831074,-0.04343793137882643
protein|CNN1,0.011558765018342574,0.5592932814836625,0.057240311555453866,-0.0415616486294184,0.010447767666656359,0.004079997468910065,0.145031215859092,-0.001236405912262329,-2.9503570707216205e-05,-0.17043585201486364,-0.004438859835549868,0.15898334873967937,-0.2062316240517351,-0.0007779056447788732,-0.0162375470825569
protein|HDHD2,0.008569772946091878,-0.44742825726712876,0.009683929386855696,0.18233210164468416,0.0038810272585341125,-0.19605144062129765,0.09612300641210167,-0.0068211262119826374,-3.776281453904191e-05,0.1113002142640355,-0.025110140810624362,0.017094277662406558,0.10776665312605924,-0.0027008100162848785,0.1591342932127585
protein|XIRP1,0.004162350004662634,-0.33494189606632335,0.6647175150015798,0.1651287932110191,-0.008154277676676645,-0.19427939632083188,0.18361020501274627,-0.002544401009854978,0.00034105649350026795,0.09736714947876714,-0.12753352451358518,0.007490684607277541,0.607349785381452,-0.0022932943955511526,0.07463127515359583
protein|H1F0,-0.0034414951847217454,-0.0019412382607678473,0.531777219025527,0.4456486322947718,-0.007001154642700419,-0.18858552887349656,0.1640449775784213,0.01829585090159062,-0.00013009590719577577,-0.12717643767298117,0.23034385849842318,0.12552510639163508,-0.15137685724648958,0.061034383969450684,0.1114347668700815
protein|STMN2,0.006503535519125316,-0.37362967592251367,0.113629210049361,-0.4127266175986428,0.010807276618665972,-0.18547736355180322,-0.17815037107118845,0.012601904488916325,9.68271748326519e-05,-0.07118813611265505,-0.205944974560955,-0.06955211309623512,-0.04137915724766011,-0.005530976242877828,-0.046792463539661454
protein|PLBD1,0.018538886868662008,0.1432328306209519,0.004853357080384308,0.0058080804210421996,0.00041630010758512823,0.34138056095085817,0.0009953062918606572,0.009547290262388293,-0.00034954754698392237,0.55127827235327,0.28376984199051647,0.10445473609235326,0.07280741431310088,-0.03583295639649658,0.017853839990471708
protein|COL4A2,-0.03618673542260852,0.762186748132551,0.673609198060614,-0.00022594253526766708,-0.014848038813396672,-0.0016122979747116761,0.031811121512354115,0.009076699168534031,4.948924054607297e-05,-0.2915230616594199,0.002500128269040319,0.016197434605734903,0.016584548277145863,0.003743043174934706,0.15205517089907206
protein|COMMD2,0.011657025469917063,0.013409543737941277,-0.23562038978598557,0.13312258778848562,0.003259869122512281,0.05300622257670897,-0.043266563327981365,0.009802254906363151,3.656152942960818e-05,0.06361886303447721,-0.032211496419096784,0.029820216362359073,0.3530307626785539,0.00032033172202949477,-0.09654289791018328
protein|GOLGA6L22,-0.0064170684340054095,-0.3768761832381242,0.42794253283380684,0.1849314961111695,-0.0060772235480850345,-0.04495552001073666,0.22186030368763632,-0.0024440659598642563,-1.6604624078383117e-05,-0.12821895089842664,0.11607374620947163,-0.002434774820417084,-0.2907904648257156,0.015786014533979004,-0.08136332217265353
protein|UGT2B15,-0.0024614438713329357,-0.27467150679956126,-0.491986379210193,-0.21296250487247367,0.02201070525703411,0.027650759040315206,0.08558573970072172,-0.0027198211016240853,0.00014251802487888504,-0.2679158157866541,0.48334287328954617,0.016177450990091255,0.012774648997698307,-0.01800253289781768,0.057559517268629325
protein|PLG,0.021958197230158297,0.675150352969649,0.39897350223117545,-0.06372076336762092,0.013003108202003504,0.06524056010353499,-0.13660335249108332,0.009178905975097441,0.00019980707738719423,0.5470555732141279,0.006734218270834409,-0.03437129049991033,-0.11612244891146854,0.03324933838479791,-0.15357438967866693
protein|ITIH4,0.00820087843800034,0.30382480348731605,0.7216478873426052,0.021349821325472192,-0.010124905718953284,-0.01218711291369916,0.021387987605040123,-0.009741336445190124,-9.596634435618136e-05,0.30240997364736955,0.000880705723104295,-0.02858392753916308,0.025214268780765617,-0.01076249163482691,-0.04176469515464003
protein|IGHG3,0.027623477446044622,0.7061575413322183,0.06384430808345304,-0.05279005357413112,0.005533745361198322,0.12754933678941932,-0.05589836271850785,-0.003195340824408562,8.956329781242153e-05,0.09853761521279888,-0.03952750922968877,0.012999098104293023,-0.18795475935725692,-0.010192145262663672,0.01223070430151836
protein|GPNMB,-0.006009842278950872,0.10152922831104398,0.30621556279092854,0.17811896050930925,0.01188709334554857,0.16910338100688035,-0.5000663221585406,-0.0020330082141258826,-2.3264439967894666e-05,-0.24951676154873267,-0.06336189165519487,-0.021323027178396473,0.1170003641777384,-0.02364078381781135,-0.24224210277304295
protein|TREX1,-0.0022367800762861747,-0.08622623696995864,0.5128560088339924,0.010387256807091343,0.0010965361181713607,0.00033337641521215256,0.029280999158307484,0.0021423432887695787,0.0002123996657250037,-0.10682087763626148,-0.004502859978257639,0.010245994946506798,0.2364844687907186,-0.0028559330198614386,0.007982091200662246
protein|CD8A,0.027090361975591143,0.17448124159059372,0.22835578325771583,0.44261810647540295,-0.0006042844777949915,0.048517436189514665,0.011640916834567916,0.018533547942875015,3.2701947697283886e-05,-0.11856766856173903,-0.09766383608176374,-0.007458966409564865,0.046353390527897345,-0.0007218632932765332,0.07405073842376325
protein|CKB,0.002827523498853437,-0.04453265949312613,0.1058176511034121,-0.16638787779668798,0.0006173934898704972,0.012785023275799043,-0.13234326001443408,0.0026604868290389322,-3.0586731054113846e-05,0.08480954203171896,0.11601844640304596,-0.005112815894438112,0.16281903548277596,0.030285757667097242,-0.17887976829345212
protein|WWC3,0.003314239978871228,-0.0510599901538047,0.39477525375145556,0.005725800501407871,-0.0007042174885286682,-0.15254240416215725,-0.03269348155977004,-0.000976673847929269,-4.241998586613826e-05,-0.17350233883023233,0.021206014880903606,-0.04208463772464201,0.22590330694799224,0.006871213583428874,-0.06630075110000386
protein|PIN4,-0.0013489074058341077,-0.5095421473044323,0.6170719477830557,-0.19671082997794212,-1.4766994360708857e-05,-0.09555784065315279,0.021409824552461,0.002713880337637706,8.32983134577693e-05,-0.12760291132769433,-0.006299057180459712,-0.018861819133789696,-0.18491162641510198,0.00973897834291439,0.09474025660199999
protein|GBP5,-0.014090354921219713,0.013106978500339102,-0.2136238982892132,0.7619302657341123,0.00976254072330499,0.5628942696962943,-0.2599193857129816,-0.002708708249526439,0.00012628174965610873,-0.23270082696928476,-0.1378117623936922,-0.09761753515615511,0.04129740676538694,0.007794870000788282,0.13815338449916992
protein|FCRLA,0.007661466564660288,-0.16925965014616873,0.12282852576744928,-0.1124177739947959,0.002046567499490711,-0.14025192790790844,-0.12583407025961332,-0.003155358382799185,-7.79985251461931e-05,-0.06424132222463201,-0.08818472003001787,-0.016512013486692553,0.07508615464701707,0.008967621323813962,0.20637965644404177
protein|HIGD1A,-0.02125677775903985,0.3137593958388789,0.0328917191267238,-0.2784951470122003,-0.013098438632622313,0.00556898595901704,-0.044173022251869455,-0.14419527126496945,-7.016534473807887e-05,-0.4273654331877709,0.39894526569872774,0.021191907952250486,-0.09739664637467378,0.012045109015893956,-0.042149771447240726
protein|LIPA,-0.0030876939005350726,-0.04989405248363046,-0.08748017566161226,0.28917863214657763,0.007428375100053983,0.314330249194231,0.12942306763223488,-0.020139575229925034,-0.00013408106892900807,-0.1738854137745909,-0.147347453101662,0.010054881252549861,0.26813231825306955,-0.0016642616449836405,0.16790367962910424
protein|A0A0G2JL54,-0.0030540759543056352,0.5226508685822169,-0.34105846640055243,-0.0037143109381740113,0.014786610683138171,0.014940459465336571,-0.039328957899117535,-0.004581505772819725,1.7097458640538135e-05,0.2834658308722275,-0.008279477631300169,0.032713556883855105,-0.09754470209087591,-0.0010112418685762697,-0.08474607770658009
protein|HNRNPA1L2,0.002094754240869006,-0.24806179926712082,0.41792264941187907,-0.24936636051584185,0.012150923840703718,0.003609546813392768,-0.04523171582082365,-0.003897007313580798,-3.3718923597405564e-05,0.022691306413776268,-0.012879796629150885,-0.013851204521266376,0.6968584123011652,-0.013546206361468596,0.04290179411504367
protein|FAM65A,-0.00379999211900432,0.21281492701857152,0.3538639053638746,0.027328144983452086,0.003729739497238136,0.023252169244200205,-0.025982189050808617,0.03561722804685647,-0.00013365352129445722,-0.15577445210437943,0.33393935677073805,0.015999452070029146,0.18717395249222166,0.020243906064563513,-0.036123118148267665
protein|A0A7I2V334,-0.0007753367197452369,-0.13785303578177746,0.6639210443577271,-0.19304628899115894,0.0048439593719623595,0.032570241974549455,-0.12171290547569316,-0.0024593407280998026,8.456653014208575e-05,-0.09161759737641757,0.04299935537020805,-0.026855163815435366,0.03250759820884717,0.005326012057362303,-0.03880345995313196
protein|CA2,-0.01607248850434896,0.37208867213786556,0.06656066513101108,-0.020973159101430584,0.016797169674324316,0.1484006082902591,0.09064009564796131,0.0047855339554947664,-3.2776662879282666e-05,0.5831596476969448,0.12709170939900274,0.0003155360735274845,0.00018378631289435872,-0.0543150325512412,0.07044307463564531
protein|BASP1,-0.022667897881493485,-0.15006440707990715,0.2662908116318804,-0.18549241045295867,-0.010174120928965275,-0.41189934429162833,-0.20512387628342277,-0.0001264920662800545,0.0002540647171629568,-0.08257001151264355,-0.018571294524996576,0.012162455292574873,-0.42999715406754957,0.02050320004080013,-0.1998574828326325
protein|CLU,0.00029928878652251025,0.3701396015351599,0.40966399991665114,0.0973870711172064,0.001034989679324475,0.23721885474625176,-0.019359958262233447,-0.06962642781903107,3.272467966274618e-05,0.2621084755167361,0.02367645940001134,-0.22922232912374454,-0.155023549121779,0.0052786023409270195,-0.35300690558284786
protein|LUZP1,0.03523126376477786,-0.23779864346434468,0.7313915274329754,0.18605057946451833,0.012233999047138695,-0.01379695897763129,0.0643615849064934,-0.004649300528897166,0.0001295619012621899,-0.13656056273348524,-0.027109868472096187,-0.0031206318401063356,0.4551911360646634,-0.02035286348332087,-0.031662858060979626
protein|CD163,-0.015577178572387843,0.38734902715357933,0.21321190466467743,0.276138591101498,0.014437130991671583,0.6034779292825938,-0.2827075156381648,-0.00016657436688025025,-0.00021215835223301703,-0.15375751423631118,-0.04862134859323089,-0.011323480474193211,-0.10010111172518851,-0.0017769005461358235,0.19596780294382662
protein|LYZ,0.002705256199754923,0.23819639861361502,0.2802740690137605,0.4435664350243283,-0.0010600641808732043,0.3056246902273203,-0.24573192042837078,0.16909999643901713,0.00010108687479193819,0.23131174596102694,0.011633221430349767,0.014914258897490155,0.13469019912220467,-0.018830947035616646,-0.3325710459440755
protein|SERPIND1,0.011950485955907851,0.7624948835389345,-0.17284467349442695,-0.10001572666742338,0.030857740311737582,-0.03325995167957149,-0.020850009257660753,0.12776781562072714,-0.000259352001047134,0.39092451793716154,-0.04044117775776582,0.018573064955420923,-0.18505481623554676,-0.016454737179236525,-0.03678335751383683
protein|MMP2,-0.008623309193635267,0.6277359204253474,0.12775223760125864,-0.05313157353964332,0.00409986148071079,-0.10026952454607516,-0.13149722364319524,-0.002655675055839523,5.562136149893233e-05,-0.05036031309948271,0.01726295099250173,0.04165333889178296,0.04033449862392362,0.00741971491253196,-0.29497351526475696
protein|HLA-G,0.015068664034466696,-0.318711997757119,0.11953071064389165,0.27837057821185596,0.013915427873937987,0.10393276993149397,0.012579849814160339,0.04546376200330297,-0.00010577149878680862,0.049159199497580665,-0.0024965970422759468,0.0078325782645304,0.24753229227918244,0.015069158587293068,-0.03133972599245185
protein|CD83,-0.01315995140905771,-0.36934277775839497,0.25272187023251613,0.026825776363613944,0.0026053964283766396,-0.2056403650131597,-0.25574710745510376,0.0006334749320775075,-1.3283538439980734e-05,0.041606370871697225,0.028834901672618256,0.005397571196974014,0.11301488007943838,0.004764809252501368,0.04339108220074408
protein|CRYAB,-0.003129774349053518,0.15307445126924124,0.2122920775442055,-0.09878652313924603,-0.0060669812633569525,-0.10695198347134108,0.01198607145584021,0.13544394177656696,-3.595397570853923e-05,0.004257812683344368,-0.0003443370743440206,0.0968079074515341,0.03413951545613301,0.0067427414680498185,-0.07546008971930088
protein|CES1,0.003144796794843646,0.27027757592369883,-0.07624494970314626,0.2024558518072363,-0.0007353410421355358,0.14516416211564104,-0.29225449994661146,0.006928747814425854,6.797053381258291e-05,-0.050746919640179584,0.4871312692411976,0.04388622664276547,0.16807088463921852,0.013124915689565968,-0.17624294619572203
protein|TPM1,-0.0011486889655469787,0.7874901249219727,-0.022110717996712183,-0.12745453267778586,0.010198701076530457,-0.22918172804768133,0.3027008740951927,-0.002873541590845699,-0.00011774401186392967,-0.2646250579807487,0.04625549357488949,0.08262650694713954,-0.10074870942232894,0.037467468122115884,0.07601120260169106
protein|CD37,-0.0021170582477323557,-0.17069124330966104,-0.17628489497035998,-0.48416726445800684,0.00854803016575906,-0.34612610093778745,-0.027891080855528237,-0.009968960038728766,-7.732719038453286e-05,0.06290060043578265,-0.11029309666336569,-0.045964153190222824,0.13391718983686907,0.014417822355376001,-0.04997467440572675
protein|MEF2B,-0.001344052711309093,-0.25856722448797576,0.03639698411950356,-0.13281744191565745,-0.013523435809114592,-0.23953862301897308,-0.2534521769317364,-0.000549695304151666,0.00014352227283615388,-0.14715439670510783,0.011917492839528405,0.013135452651470213,-0.04970292663708662,0.03120080228886462,0.0551350280197606
protein|MS4A1,-0.0013039817815115686,-0.13385810339366203,-0.30080779466575286,-0.16473360582775268,-0.0105397839429085,-0.5178343570632153,-0.15583474309064071,-0.0007793136345817474,-0.00011108634759283163,0.013315120762091213,-0.024083758153451002,0.056410055071399685,0.0035883297439394048,0.01841169862230347,-0.023372809840953503
protein|PADI2,-0.0037728061470627466,0.0023669086895336906,-0.2689074607095321,0.3527079223659471,-0.015076149385028124,0.021816973515556087,-0.24612902704366676,0.005969026633272116,0.00010410957727279314,0.1011832741454625,0.003111455336530928,0.0022669025611174684,0.17729705710114138,-0.0029978048749474562,-0.04961070715464124
protein|VCAN,-0.012213380548482786,0.6733933825623803,0.21602791581091546,-0.15549239273292367,0.00015116235945419678,-0.23194296199804035,-0.07893910958264916,-0.049096028057537565,-0.0001276660605988532,-0.06520131708658251,-0.01438130224081391,0.19014702790795127,-0.14583031387254053,-0.04661372796357453,-0.009795683894210356
protein|FAS,-0.012348207030924577,0.34311352241046233,0.06721370441128217,0.0718914663145031,0.004434136595393154,-0.03761526280699284,0.006188587812072097,-0.003519264135517072,-4.226871345136301e-05,-0.06643811716045157,-0.07911224792204395,-0.03293532509061355,0.03801714459789371,-0.0038834549462512524,-0.12162930762651099
protein|CADM3,0.0177395163260354,-0.4438674867454623,0.6797552065147756,0.06301719477670743,-0.0028151047045184407,-0.13861056145591982,0.07701448782485965,-0.004080763791989704,5.638939874955872e-05,0.07920969865095703,-0.031663915356539715,0.07133781117848037,0.06310387262746393,-0.00990803451443192,0.01726183209084167
protein|ARID3A,-0.006729892659108197,-0.1576018404590665,0.35888832981111524,-0.21876211831700543,-0.01147865850411258,0.4428127880751234,0.023200959790948286,0.004606393424977534,0.00010578601522172543,-0.04860750686136109,-0.16345612333425244,0.027903097865025782,0.11977181380473917,0.008970383285925216,0.014494554651068714
protein|PFN2,-0.0012019724113629302,0.22742661747367407,0.3031512298088062,-0.16289475452534036,-0.00020137826001381492,-0.24845111343889187,0.19330033261786414,0.0007809287660055914,2.355679565994205e-05,-0.2705707135384598,0.12433209286356452,0.013418498659775444,-0.007447994674785523,0.003148937689456744,-0.009041971522329505
protein|CD40,-0.009504190936801549,-0.26530388451656267,0.23502820757688145,0.09135102905135654,-0.004441090587622683,-0.18719132022246177,-0.31319928851113304,8.20588075686791e-05,-0.00013038559916976595,-0.03533331345186794,0.03501579279801252,0.010475311092783485,-0.10212047087874339,0.030654943200602334,-0.2075507414864426
protein|MFAP2,-0.002501505738246425,0.6626612585411705,0.27979573594904134,0.006632743853730692,0.006476494262802112,-0.2536882885682915,0.11834915479363832,-0.002370654249905665,-4.546762339503188e-05,-0.2526183689934249,-0.015194658440871887,0.16169525890539466,-0.08930734541860952,0.011958836930313911,-0.015506379078331106
protein|BGN,-0.0356402068252774,0.784812142372796,0.25062785532897386,-0.14136957654147922,0.03276290105240767,-0.2197218842738656,-0.05846626307175768,-0.015539093754622667,0.00037003003051867654,-0.20278060916550975,0.02636472546615866,0.1806198325940084,-0.19062461628796024,-0.012649039750564866,-0.00935577760632952
protein|C8ORF33,0.0049151000926604795,0.03282241733395114,0.2546558934004976,-0.13183519065850866,-0.0032836921428326575,0.02168234003539934,-0.007514908195709398,0.00906405379182194,-2.1534959071558293e-05,-0.11365875050934357,0.2607712941619715,-0.039255699378828515,0.045832755436141535,-0.03392882193500531,0.055525384257857684
protein|IGHV3-72,0.012101988657709551,0.6042005406252995,0.06182635807260825,-0.0970380493031065,-0.006002807949496753,0.03618010554239273,-0.039000406551094116,0.013107566981932857,-0.00026937199400988126,0.038513739894476234,-0.07232883733796969,0.09986601889465979,-0.06841011749604958,-0.021484723947936022,-0.02332821241665514
protein|COL7A1,-0.002938293009769459,-0.017493446061882075,0.5258757165515386,-0.06694388801481457,-0.004487497721007833,0.1175180216654523,0.04024380801282546,0.2341059481021647,2.555739764466155e-05,-0.015457091988654314,-0.011898054567359633,0.07608384477761718,0.20877010197076504,0.009877144850271302,-0.025387601939610333
protein|DSC2,0.014827412061234377,-0.2816478191949958,0.5997286476963765,0.07290552050086328,-0.006797748207690917,-0.013274504754502061,0.025086815808169866,0.0769526199854731,-0.00034992286702561365,-0.027668494780112532,0.03283020845573452,0.11623945484836895,0.1587537036562919,0.007913416756520032,-0.0363291534361374
protein|CD99,0.006379638776445457,0.05776297588570467,0.29448690096967406,0.24182628796253935,-0.0005393310796051318,-0.2133629859161695,0.17316984595108673,0.002905960466214568,-8.528221777835457e-05,-0.3911418546835842,0.03970815848479752,0.013592047281705343,-0.014839743945041046,0.018446263443761924,-0.14914610016697946
protein|ENAH,-0.007123153695953731,0.20143504577821747,0.4996470431242502,0.1384244406241885,0.01225170666923699,-0.06953915131467323,0.09078255045905524,-0.030256254697035145,4.710055824973144e-05,0.04257192052511004,0.19111011809382406,0.14209142304666234,0.1948611519389414,0.00411077434731808,-0.004618485629065283
protein|GRHPR,-0.0034271709425103755,-0.297058065949896,-0.2729295890601898,-0.24469356829395392,0.0065239439038423655,-0.2704247729160856,-0.22103332334679548,-0.0008602701807584725,6.441119566146104e-05,0.07562941634038119,0.16162926061047356,-0.020769969721321595,-0.039493893436043565,-0.018789109044172112,-0.11960181712874836
protein|HMGA1,0.02345628132571159,-0.5350869868873812,0.7285714378431605,-0.15840040749530457,0.006791922750299755,-0.16459384773921368,-0.058525318454242845,-0.0005326685093228837,0.00024968202880281326,-0.005227742058002495,-0.008633308586037393,-0.0005847798593337505,-0.17056267390633312,0.005356623422513078,-0.002230138702859033
protein|FKBP10,-0.007495877683002164,0.22656958296103524,0.13771638537245046,0.042015834198506324,0.003868701018627282,-0.046229858223276486,-0.10967557130743623,0.009327604898628238,0.0003093149387660883,0.053779791673882214,-0.005358245926274806,0.05059736725389497,-0.023605830054433417,-0.0066285763718293865,-0.1889110322407346
protein|KRT18,0.003305810158795679,0.20802514995831867,0.049366744092038055,0.0433087002844499,-0.013920473960288038,0.003968778504284803,0.20470165170562596,0.0029558818509455792,-0.00012124956367989538,0.02912334254427296,0.5954845096310627,0.041431776677525026,0.01583722423771507,0.00017016388134850476,-0.022505202092090035
protein|C1QC,0.0017840085426649248,0.6143129061160594,-0.12143394416987127,0.3079613500484763,-0.003197941003468695,0.3284179288012858,-0.2906959603214189,-0.1762699408942516,-3.1105354780290284e-05,-0.03597628084605982,-0.007535797197980673,-0.09685652138629619,-0.05187733653111214,-0.035487905371015184,0.24508560586835082
protein|ATP5G1,-0.00608080326079038,0.011204578224092899,-0.35111345322742593,-0.06758383888128737,0.015861564051609787,-0.042709915611660855,0.004288048384280728,0.0025429637320677784,-0.0002593567303809344,-0.117588542341099,-0.02069023640589915,-0.15028365269139501,-0.3441242731137206,-0.008199760479678323,0.1114530803184248
protein|CRIP1,-9.97178300144669e-05,-0.39958484610098993,0.3287656811568316,0.17133511856847358,-0.002807900895049993,-0.03342281030849676,0.009018169416266096,0.03656914002411575,5.625245738277656e-05,-0.354365282475843,-0.051757787814929145,-0.001583455444798014,0.0950084031702143,-0.0061687773500056185,-0.23938154074007706
protein|CD36,-0.008767819692006807,0.4458489411053249,0.060933095102049056,-0.07352206616353825,0.006564172980611128,0.017072360589150185,0.09188096394839491,-0.09365971501744368,9.051983913885738e-05,0.24045902779786832,0.011814585559635146,0.015500919540934832,0.03782520601348969,0.013383994629773145,0.0943616181073883
protein|HIST1H1C,0.009219489116041708,-0.27111759996254536,0.5754131150227882,0.1999864796713942,-0.008976136472485597,-0.14857827635405246,0.20187252578609513,-0.008376796878946843,0.00014184608869837674,-0.02199993325821957,-0.20610013342051764,-0.030868899749530533,-0.04800573745210778,0.007097695633142638,0.13663215158980635
protein|C18ORF25,0.007388818421429135,-0.312219525484727,0.6449879516731641,-0.22249728686232073,0.004277984500198815,0.15456873137961463,0.004455815671896165,0.003195949973791416,0.00033045469123389954,-0.020584931267703527,0.031126561558471665,-0.007032999429524481,-0.1623202810092997,0.035372891985951505,0.08949700427296728
protein|LTBP2,-0.017439906259538,0.3961827214064704,0.5093019202601747,-0.098688439597323,0.0028962121959882335,-0.41752497450780246,0.012341550443057944,-0.0046241734580621625,-5.1519838352847856e-05,-0.1516589496735181,0.1360956280786217,0.07322135669137303,-0.15387114715146996,-0.0213116953846216,-0.10404031933612329
protein|FAM26F,-0.00044854288345187444,0.04138792120020298,-0.18917158461010844,0.4639425280764281,-0.00016698242172505959,0.48932695268252413,-0.01053495025670204,-0.003973254111788871,-0.00047932920346600714,-0.16562312034483948,-0.02288541295346287,-0.08799176595237597,0.1936894087801752,-0.009555931712014673,0.03061818281286985
protein|H1FX,0.008296841056649433,-0.25617011411368396,0.6246255623249254,0.6054699728353352,-0.001896799265616567,-0.16140237799963517,0.17087239197978207,0.00048530249138149106,-0.00015560376568163987,-0.047565034586221605,-0.011765631630987337,-0.015250305196255564,-0.014139745171842726,0.025807509362180788,0.14488765307703974
protein|PHGDH,-0.007001703506254746,0.3694070823611391,0.14959910795595918,-0.353754476297634,-0.009774464774280714,-0.1323991158199405,-0.0079314652592113,-0.004080624888637376,0.00038087351071191124,-0.2018194254307805,-0.00888373113573676,-0.029460265555522194,0.15814180586368776,-0.02624342562818584,0.175542219048563
protein|SLC2A1,-0.007488366728161126,0.5633601072740975,-0.28934994146965676,-0.15040553942003818,0.0002544964205716882,-0.09393766234483218,-0.031362100543125764,0.00021968173152140766,-9.781217432842838e-05,0.5092042722672134,-0.06451539712542755,-0.009558369591374544,0.20237079450996967,-0.0057381160566502285,-0.001361218708542492
protein|IGHG1,0.01218268706992735,0.670265410396598,0.032285899202040336,-0.06956251529177335,-0.003964399964746848,0.09698935522816847,-0.07838445871317111,-0.009701588558979044,-0.00013143515799008792,0.20310125319700348,-0.10284567258871326,-0.002878548217078837,-0.1486444701500661,0.007868212419582805,0.021524608426635197
protein|D6RBQ9,0.0016593401575900305,-0.4011921318982139,0.18561813895904872,-0.09349636590724641,-0.0021506471270478686,-0.07394475951243035,0.04659403101716614,-0.0011557615262273238,0.00026945105825667084,-0.2747160002258906,-0.009111973143873551,-0.017834301030128775,-0.7205232715769402,-0.014074334246697108,0.07409180308230039
protein|S100A13,-0.017559715090956992,-0.14622181904020515,0.17013597145216205,0.1494059896565691,0.008262738476868148,-0.05337708066738158,0.4235808876391803,0.0047919650454673265,-1.3694175889075423e-05,-0.12497754065597827,0.0258585870202649,0.06599467335763237,-0.2465676960853485,-0.01018148358301388,-0.128013029646355
protein|OLFML1,-0.01893632693838408,0.6715061811748175,0.017852239018434395,0.041265705430144455,0.009301304633623803,-0.3577957141631781,0.3667837709380167,-0.0019021328571712868,-2.9975763158745898e-05,-0.21376588038959582,-0.0033939735618707906,-0.07345005484271391,-0.03517191170903078,0.003478118395205059,0.020308608276637323
protein|PSTPIP2,0.014533296499905686,0.01912965526606979,-0.15722594404722354,0.5202572617103074,-0.002511664157700615,0.4496430212289897,-0.1924193904146464,-0.031139182835868653,-5.478586711182662e-05,-0.13896620762645615,-0.06330531087782945,-0.06633303653068859,0.015449596852106184,-0.0019980169095435226,0.021930893796569654
protein|APCS,0.009653129695310026,0.7648843904168019,-0.06792550817754696,-0.03993305860063545,0.017540928368599433,-0.09721624365141787,0.12836448282142865,0.029840478391139423,-3.6555712171884445e-05,0.1196697270931218,0.007086987769679633,0.07576921643131647,-0.023713272400775667,-0.016851809373278268,-0.00013403949468972408
protein|RNASE3,0.020427464560442792,0.1112052963754101,0.11636068759864628,0.25754024046836727,-0.03626631195620974,0.10668383303634339,0.19033281194683416,0.010894514867250047,-0.00026021988437361607,0.40654529853463456,0.001306670230546126,0.07257521374700605,0.035722340517953054,0.0059630124121461325,-0.03285564646220829
protein|COL14A1,0.006877478893957783,0.7533481029011293,0.22283621477085594,0.019662362824148853,-0.0051456163268819915,-0.18785333292088838,0.3451407932839019,-0.12675075571283045,5.557398045586298e-05,-0.24892384273993998,-0.0010306996134566025,0.027416325347058318,-0.08745017936993402,0.005298785205187863,0.06043930911926123
protein|GIMAP7,0.0085851653292971,-0.13373172428698507,-0.19410922263135813,0.7179627342655703,-0.009262813659683072,0.18129907008649315,0.30186487864646483,-0.024333563045911222,3.1884200659611135e-05,-0.16171179942413588,-0.13854860928343551,0.0071824321280093565,0.024384767839438843,-0.004880606174320899,0.005728018802578582
protein|AIF1,-0.002752872318281449,-0.08279612512634257,0.21327583976805056,0.5742115034801082,-0.015266031353932077,0.4887259279015545,0.007033146991491242,-0.01659994365265903,0.00016043713411396216,-0.18692497952739964,-0.08439445597095716,0.02620651870386595,-0.12498885945364585,0.028831441006848396,0.027690079888809706
protein|CD300LF,-0.007785967627362899,0.3488193048414353,0.23570982347816144,0.4382161627477367,-0.02862954855680084,0.21471202424467142,-0.14878982151604453,0.0005483186676611104,-8.991285828988257e-05,-0.38750745269469916,-0.015063121684288146,-0.0044088567949561236,0.024898725991929,-0.005729052539703564,-0.08362940681301226
protein|STAP1,-0.0016156561610287687,-0.16063833472722544,-0.054470171321562344,-0.08704708645782913,-0.0009983311446089523,-0.5552043372898963,-0.08826412402701145,-0.002188718765213052,5.114644748323566e-05,-0.05316535784101632,-0.09364206794968147,0.010048564100062536,0.018425790157797124,-0.005716247628572658,0.08647442773196247
protein|CTSK,-0.0008280195869596209,0.2566465468589392,0.08945166712790709,-0.016900784898051125,-0.014293166278047267,-0.3160137118773843,-0.11801000324725654,0.1928886834844849,0.00026481977603351475,-0.3587706027517462,-0.13362224464900352,0.1310903174630031,0.1602485986697715,-0.0005100992478000718,-0.36608086907603854
protein|APOL3,-0.0005569671616541171,-0.05194215327793495,-0.049362345376266936,0.6111697762330893,0.00542318018948063,0.3910448054476625,-0.056833961489058143,0.0015583063291160397,-0.0001836084610164297,-0.2995910555842879,-0.01055606457288278,-0.10481000265877165,0.10369907735169162,0.007569046360200886,0.001517380788056954
protein|CR2,-0.002434145345968798,-0.01517890991930969,0.16604558754209625,-0.01854517675601929,-0.00587527527200436,-0.29836004694501106,0.3179878213310889,-0.021635206135324603,0.0002320827417101021,-0.012141432420788037,0.011158892159006503,-0.08502406024756277,0.11895561382766345,0.009661962968347086,-0.23035189205611478
protein|AKNA,0.01401610387287079,0.3014804208972468,0.13837827094307645,0.002885118043418071,-0.009525100106331551,0.11287380909693749,0.07326759000700082,-0.0011815024087818678,-0.000182352003247656,0.10441982523229756,-0.011532050839421729,-0.032408177146874655,0.05816589248384334,-0.006611486990968248,0.05126564526402948
protein|PTMS,0.007455476509115869,-0.2503906622659895,0.6938148834605593,0.2834830442440396,-0.01455051479966009,0.13027655142599062,0.009862020988302373,0.006840681166819659,0.0002288662479162001,-0.18168064994024843,0.14880092333054523,0.008914262423328195,-0.40282372813678335,-0.020064001586052576,-0.07307058285304537
protein|IGKV1-5,-0.002858939750374707,0.47671620647714874,0.44006020139407553,0.03781346248588236,-0.006369780015166767,0.08600786630270045,0.0010199769462541147,-0.003814968921533563,-0.00010043140950549363,0.09286633990334828,-0.11566695206996737,0.02400633647668457,-0.11688608074923715,-0.004055181759931607,0.013775310483720467
protein|TRBC2,0.012755938025629148,-0.0008453100397577699,-0.1365196796645674,0.6785288166040105,0.008850577449316083,0.008479195736712214,0.32566852311375305,-0.011600531415524595,6.713212782814066e-05,-0.07514842236552781,-0.025018654176733338,-0.013858267675501766,0.1398729706273133,0.0007582773407859829,0.06596695383691678
protein|BST1,0.008287475521354325,0.34289400107561147,0.5116403239117604,0.3771010670026318,0.011810978288248938,0.19531798631397396,-0.015134006580706804,-0.007914587009117654,0.00040795056555341716,0.25911243941738393,-0.027371495623970274,-0.010755425657863011,0.06723335795186319,-0.007446773168896461,-0.0471101986302794
protein|ALDH1A1,0.016351008459643282,0.20189501496083098,-0.433844973628862,0.6376168328334829,0.001222226723278236,0.20024980503307221,-0.22401124496202598,-0.002066136454097797,-2.4387702056855148e-05,-0.16772918276387874,0.2883417766030807,-0.07957048036360964,0.021895632393306927,-0.017761982786544887,0.04521397071747608
protein|TGOLN2,-0.011971523301583603,0.004904297267788633,0.5779087293550073,-0.05002964602832421,0.0076263537874759054,-0.018488779467021266,0.0006072420814190701,-0.0010469941732489765,0.00027497189636793674,-0.19757096048115858,0.030773146615051438,-0.006009502304246938,-0.19430261891793726,0.003974206752387614,-0.11425615722579824
protein|H7BYY1,-0.0006127649975727252,0.7139608812231947,-0.03845782796872672,0.010112534332126617,0.008007164529528736,-0.16985048116671161,0.20316473852691355,-0.008014616705440727,-0.0001833171795507851,-0.02079531773978915,0.24072736864010524,0.038722753647225265,0.04917006362471297,-0.004524674184484826,-0.013241343489683902
protein|GPD1,0.001575559080521865,0.2097553557947652,0.035453363441299554,-0.18483189796841515,-0.0008178679092308627,0.07001359496004556,0.03948064591192762,-0.08258648439220061,1.0132056875818824e-05,-0.05768485656480969,0.3445565526234922,0.011800306840505873,0.16402983104352167,0.01091416647813022,0.01766501806253341
protein|IRF4,0.0002467795125175635,-0.007935279293036768,0.0637421100514196,-0.5588010223502475,-0.01290039115379607,0.3830803291568066,0.0494421284570631,-0.000999129093582869,-0.00013744037145343904,-0.11496408274725604,-0.11719811959478414,0.06628211632701417,-0.09431716587410659,0.008206835329492783,0.017745527010863075
protein|ITGB5,-0.014829794238297271,-0.16105342947969464,0.1453952602746599,0.5069661190650551,0.023672823764879634,0.10901844719227387,-0.008784682445769581,-0.009026755379582219,0.00016537400974239104,0.005110317997976236,-0.04735831620521702,0.002362894920812992,0.11769970339601304,0.007745339537376638,-0.38166297533778165
protein|CDK13,-0.009793363602329352,-0.3654367694217075,0.47619269532640296,-0.008198949599763142,0.00014969038795775534,-0.0488535474044831,-0.14084944485713838,-0.04908956786489929,0.00014818154822649547,-0.1172711397740579,0.015047557301190593,-0.10666271937218377,0.13365574560617563,-0.01436475333148252,-0.0007889966177061183
protein|PLXDC2,-0.007128283596296078,0.340891782376946,0.5769899893538281,0.11964856514336311,-0.008738325790178017,-0.18138064711670318,-0.09550561282911506,0.005719943073293402,0.00026488385858347866,-0.32219534989947013,-0.07424071700916329,0.1965740303011894,0.033281570972608886,-0.03657040503463201,0.007569793470312695
protein|CTH,-0.0035147064414552624,0.16336624650105422,0.15331480407414616,-0.23766308685669305,-0.014421867726694838,0.28433685100091727,0.0103074270899997,-0.051185987045403745,1.0406351738932958e-05,0.13248865916187066,0.34391783067436466,0.0033367409110865963,-0.01282651192946784,-0.022179923097635484,-0.04582392895265027
protein|TIMP1,-0.014594904223599454,0.19076130683266443,0.19477748317525836,-0.03716716269562691,0.0032788741814674623,-0.01374513289771343,-0.20228762386591803,-0.02597486185404514,0.0004141160289523903,0.2938756266756742,0.06387361345564942,0.20475550802606204,-0.014890171353957073,0.03316065141514718,-0.20110201165926525
protein|FBLN2,-0.007429617284530809,0.5427316016187187,0.2005188385322358,-0.02134750438594842,0.015770174164422876,-0.3524458058128533,0.010897921976404707,0.0007901184623830026,-5.4208453153358174e-05,-0.34371935273623294,-0.0046313268050861755,0.040710026929388146,-0.1322644660865635,0.008510415571767618,-0.2701354003959661
protein|WARS,-0.009640764836949615,-0.10561204106656695,-0.257096441399302,0.6596561599541106,-0.005510836141028171,0.49501348383097143,-0.21560298365925273,-0.0005446365760584177,0.0009352646064795968,-0.2463354944610575,-0.1220166488732971,-0.047821443192734854,-0.21545684857820727,0.021501183509613095,0.09788782862123747
protein|TMA7,-0.003021654214326008,-0.6509399882380873,0.5437490151441281,0.00992120635790157,0.00900734386132062,0.005660736383240974,0.15886756295142135,-0.16124943996760335,0.00019435724261824812,-0.0009818854254431792,-0.05822622021403934,0.0035415474769357946,-0.010562822983204575,0.010487435510792181,0.07123879481871795
protein|FMOD,0.0012775769008831928,0.48386092864987906,0.23820665280395964,0.11131448132922754,-0.011486224842043934,-0.2140324085364504,0.11113136767800505,0.00023092125582675074,8.248291050345206e-06,-0.03717772046124006,-0.002225946415318517,0.007270214629821749,0.18102466888098737,0.012146900295905991,-0.09430703290517616
protein|GZMA,0.004061104187709181,0.024364357474892656,0.011078351571214139,0.5659031893629782,0.0035326452324807777,0.22494195025771188,-0.0058491125588311255,0.0024560066112382477,-5.037589628565198e-06,-0.147427599460135,-0.007118830991329167,-0.07641215479389311,-0.029837863958553448,0.0007850607955298822,-0.0012378997837053198
protein|HLA-DMB,0.00472684404844929,-0.3939495540578693,-0.09034710216079442,0.016076477974757954,0.01754537872000834,-0.2712378661011519,-0.11117251724122519,0.0007735719104438321,0.00015925338568635104,0.159360003022675,0.037541947201717184,-0.03475103807441285,-0.06299148481782807,-0.007349073311139672,0.07702882640745355
protein|FCGR1A,-0.006306287434428825,0.19577476084904485,0.043102877274807314,0.5549033711092195,-0.005728693756826658,0.4876015679889619,-0.35138281135159893,-0.00020869948518313614,0.00011578515218394438,-0.11978050040029087,0.013882926190673847,-0.08833535667999452,0.14397616295548119,0.00564566735482197,0.06054952915058949
protein|P01009,0.00844744886235583,0.4318871748731448,0.09247623686477893,-0.05686966635752717,0.0004914518206579841,0.12548200334793663,0.007583426456426469,-0.00667286900702736,0.00037120581067796,0.4836902607081353,-0.08015666597933427,-0.004958815547879373,-0.31469081821057593,0.003467155061045472,-0.22806519190695906
protein|HVCN1,-0.00794867755510541,0.3497024089818346,-0.024911985789765237,0.41653715536609937,0.0002328399271569559,-0.22507912413377745,-0.03802211988503476,0.0027257359993324926,8.718680695253215e-05,-0.003710707143888886,-0.04258770237954947,-0.04383703776807869,0.13398482406528264,-0.014627935290105254,0.03831356053028243
protein|MORF4L2,0.013593740778703458,0.005057514578111007,0.806333546964838,-0.27492763811196774,-0.002740074269722856,0.08439026143933054,-0.006323213871629411,-0.018791750996676515,6.142904348713558e-05,-0.129185074920869,0.04486598894559284,0.0024036890484016578,0.08257120762409371,0.02396434067969388,0.012458137804539247
protein|SLC1A4,0.00744716432567547,-0.0193565100745957,-0.1874801357296125,-0.2741076060406051,0.0007151823051629579,-0.26271006813604514,-0.2067808513274102,0.0009104586433021641,-8.78588735421929e-05,0.03755913309784921,-0.06669522879453814,-0.0030909644130899527,0.1789731105300947,0.0023009671425987233,-0.07586785424530976
protein|XPO6,0.00021777643637697385,-0.08561444881892756,-0.1500256339466065,-0.01868917939665425,0.0002946541663688525,0.07715255001654855,0.03546329074007754,0.006424576122162963,-8.494123185894689e-05,-0.22474803912631192,0.046230222335412754,0.05961246067409425,0.48878274053256304,0.00704949964460603,0.017391475949731363
protein|NFKBIE,-0.008755941228074902,-0.2529460955344636,0.3101432943429346,0.08676582375254592,0.0004871526990580911,-0.18041230058639204,-0.011418527625290064,-0.00038516146712856393,0.0001531474980594921,-0.005846113422633268,0.1602964246702519,0.06061769714383713,-0.17204268643080145,-0.0014789920025085161,-0.04867737499590781
protein|PTPN18,-0.0157974636666254,-0.15737062146021316,0.7598689083333338,0.22973088723343865,-0.025932480727326516,0.08083323804783409,-0.10303947395111837,-0.001679480157297149,-2.6000953210883308e-05,-0.05821204139099327,0.06929302743996739,-0.05300360315111698,0.16466868298724788,-0.006447595408151171,0.008236850564617051
protein|VPS72,0.0038496707407370484,0.09026480185458705,0.5244868656612767,-0.009818453550864676,-0.012666884259889457,-0.04244583093326267,0.010744762081581384,0.00020072949596128994,0.00023939679689261403,-0.16947560845574922,-0.05193421401637069,0.0029114456109084813,0.3287387276805283,-0.025331165258055198,-0.016649505816625835
protein|UQCRH,-0.003497443277521399,-0.2584890514076991,0.3900263081866828,-0.05133266343179163,-0.006436678602837424,-0.008572112122403492,-0.0701742975559513,0.009160623616311397,-0.00017473624951800244,-0.2160074866102579,0.11892715487554015,0.045768713498959515,-0.15875874965966136,0.020992865783355148,-0.04154017479414246
protein|C19ORF53,0.024667334412174505,-0.4476210542481367,0.6916710689634672,0.21426214392732187,-0.013295552839586874,-0.013206418483604494,0.2011637612352319,-0.05786609691917078,0.00022818897153212793,-0.10829436966313521,-0.08584763506566732,-0.08566500821672281,-0.0644916346330889,0.02424640901859375,0.0619643657864681
protein|CNOT10,-0.013235148235597986,0.0022936036977242516,-0.4671988666877217,-0.0723860150853022,-0.011828330633027417,-0.0250669192664864,0.05055325745100686,0.0016008048651844477,-0.00024023733712957233,-0.05094541749297441,0.39589414442466414,0.009243092974011977,0.34753647021130285,0.016532898983924006,-0.004872702591509548
protein|TRIM33,-0.0021276977251007017,0.4620799347350248,0.01773739826140851,0.013861780029713914,0.030044262267039056,0.16739784584106196,-0.028535101223671876,0.0030378372676443904,-1.2864554292389749e-05,0.47393901641530023,-0.05339777945033912,-0.06832444320410228,-0.00620948011185149,0.017234185208409563,-0.03187144827252679
protein|BAG3,-0.006150665063275733,0.16224823854183468,0.5129274148143854,0.034899970822977106,-0.0034833823456761784,0.03108712582816225,0.012373850533051609,0.028625010263342125,-0.0007569249331793042,-0.42800440615237595,0.010038340271394806,0.058586223549821834,0.08699218486224561,-0.01400794617025869,-0.16101466979782114
protein|CYP2S1,0.005076083735759649,0.3980828081953716,0.24117200415441567,0.11811942377269757,0.0015181319538185962,0.09454669453067518,-0.1331372099414722,0.050610379824430125,-6.108418041758719e-05,-0.09457096100370099,0.13012626670849287,0.13171203313434982,0.11912010255787078,0.0004966749420072794,-0.1913404744621369
protein|CD2,-0.007731548375323202,0.0226544677012372,0.3462888282311993,0.6243917255280713,0.027095353420502663,0.01010869156323793,0.1395988030270173,-0.009119886205545914,5.7239976174446966e-05,-0.3465041852599358,-0.1607438242653307,-0.07581538114505357,-0.08153667889323364,0.00041923875967439294,0.05071782585477801
protein|EPB42,0.0011425448913055442,0.4285185465721961,0.003607843968957227,0.07348952982844893,0.0005339960747180854,-0.015635317933986582,0.15549873298105255,-0.0007711976803224008,-0.00011969662859261192,0.5184805509545994,0.09127359640826287,0.03566989430150502,0.104437988285723,-0.003917397567801247,0.11063303724924893
protein|PLIN2,-0.007778341645859773,0.1171752866154076,0.15974856103118878,0.006378597645702239,0.0057998635590939315,-0.017923762382299212,0.047898581358795725,-0.03595907020392109,5.732723118215856e-05,-0.006325364834142072,0.05002364671601962,-0.007050692616561269,0.1546486717441186,0.015029805435209619,0.021169332211824696
protein|PRNP,0.001612354897546102,0.1626660671748872,0.6399670803888369,0.25169481843906266,-0.005695631380695688,-0.01955290438123737,0.04037929830844144,0.0018569292749195808,0.00015842132534611038,0.04420455959586231,0.017900780139966332,-0.004850425155751818,0.038176134624713184,0.006849344678009115,0.08239606479529754
protein|CD82,0.0008526672630315815,-0.01421819933829693,0.2669629311766102,0.030509313735497656,-0.0020046829145045496,-0.17932665338036607,-0.12941166321602937,0.000532614164113509,-8.951785825805544e-05,-0.018731222713156765,-0.014813634215486524,0.025191179868933544,0.1286829287292335,0.033942834942264015,-0.29292022524427486
protein|CR1,-0.005266248210428671,-0.01415882382116451,0.25424767695641454,-0.035501363873332845,-0.01133123886028637,-0.05267921866661462,0.30834967057865176,-0.03187876206181955,0.0001639255900665999,0.08806434511083208,0.014643462592450189,-0.08710768174088644,0.22688297402991311,0.00677162170555098,-0.29587839150952727
protein|FDX1,-0.0048756379473024955,-0.022248799126337926,0.17223280979468988,0.19494306662429026,0.0005644619006957986,0.006857187421500196,-0.2715916355645902,0.01259993968906248,0.00013436276910034056,-0.17117208102506623,0.18530828798350507,-0.040833586535163974,0.0038524344000491553,0.008435546432113094,-0.1160722009030245
protein|PM20D2,-0.003144114474565264,0.07294669247260857,-0.22709227759511147,-0.307337764554294,-0.006731152832414827,-0.06715188082178043,-0.09651520046578468,-0.04888278080915176,-4.618512856478528e-05,0.017114164141841668,0.0604319578263158,0.023357544286348546,0.0954873006279684,-0.0013934097833123143,0.04732796464880091
protein|FAU,-0.0002998471501059371,-0.6835250538596261,0.609071890228093,-0.1898396396956065,-0.00534395225449457,0.18900552960263764,-0.02940233058916615,-0.006861309724939155,0.0002734879822016583,0.013439217042605863,-0.0009420036779760903,-0.007527273153529264,-0.007609542630162042,-0.04584987422205326,-0.03251735854445109
protein|TRAF1,-0.019243997595853997,0.1079570018321735,-0.3551386783531092,0.2290308301781147,0.006908232671735371,-0.3062798920283688,-0.09788168290617306,0.002473040773043545,-0.00025706931538033043,-0.0378140703130807,-0.07662489321332472,-0.013933950829554308,0.19830595199790335,-0.019009573599977535,-0.1358958215110091
protein|GOLIM4,0.011261088909799566,0.2146342819444902,0.6240461105123264,-0.049270820696056254,0.005084217741718245,-0.0032005972830365234,-0.2009901921883683,-0.005488980711396942,2.2772165489396574e-07,-0.10195791067527707,0.16004610586665466,0.02747772791873562,0.018596661825704304,-0.021171801190447183,0.0006083457374149716
protein|ORM2,0.0028381355241156687,0.10220999709859174,0.16381241020525966,-0.06206203555927709,0.0010641452182674918,0.15206936138607463,-0.02320476911324318,-0.0005125001427608779,-0.00015605726271153002,0.2950084183584915,-0.018503646710005338,0.02401477081005362,-0.18535542899456753,-0.01811958309984609,-0.18994253336495395
protein|PPBP,-0.0069456044482109295,0.4949336941637644,0.15663782653378747,-0.090979471594293,0.017346139417087434,0.04141908278756926,8.143791994192244e-05,-0.0019089693107707533,-9.524124084563111e-05,0.381184709861043,-0.0480477648882056,0.018486726899464425,0.0077097166497684015,-0.006535043205334397,0.017382369915237547
protein|PRDX2,0.005366829361104465,0.2283729674593797,-0.31001201060793754,-0.017606840870841464,0.010008465401399578,-0.0006327976383468691,0.19318259324339218,-0.0027824462122728066,2.6372118241546035e-05,0.5167975164842108,-0.01199381010855594,-0.013066661562776088,0.04783503600326026,-0.030531883689497292,0.1114008626359585
protein|GATM,0.011730936494262904,-0.2777428499961945,-0.13392381112492016,-0.1038002446907958,-0.0020235893273944858,0.09661595815750883,-0.02622654955305803,0.004599029428901349,-0.00043119676467631625,0.08689164404812054,0.3093447665201943,0.030138654313573786,-0.023692129428088425,-0.0013482471329207763,0.06926633001802138
protein|RPL37,-0.003534393353942069,-0.4354313724611306,0.7271435792737831,-0.11346249346035646,-0.0035485088212936465,0.049289176347760144,-0.01822242740011537,0.00024945154540591854,-0.0003013963561129454,-0.05049837736802113,-0.11677553643045148,-0.035257964957209724,0.05207127225603045,-0.040823168420704894,0.013955797101048547
protein|SLC43A3,0.02429450630384882,0.10353705452949125,-0.3693708321615507,-0.36084498458589703,-0.017930571181573332,0.14606227033798064,-0.19358768565850623,-0.056068132038683244,-0.0002768076104778342,-0.1923902310203386,-0.4311035676877324,0.015728609680101747,0.020026967998711977,0.015066761051875236,-0.1443670629665646
protein|HIST1H1B,0.029995155736671074,-0.49540576373246514,0.5318771598141178,0.08258757524851276,0.008687675189589033,-0.10466629973809823,0.16745034468416176,-0.05230463214212416,0.00039548036335257863,0.006677938494954312,-0.2642331358311744,-0.07474850576512242,-0.03509911322946112,0.010577605423699591,0.10754320636388169
protein|SPTB,-0.013920192382743436,0.5635152926673536,0.11728919149550054,-0.010682630518777811,0.015909078437638398,-0.00038220711597612174,0.05926415090090531,0.000609708882295289,6.731115280393583e-05,0.5672368829999224,-0.05663526253755212,0.0007052078420286917,0.1690257856885381,-0.019937466095070196,0.10682811485023733
protein|P50579,-9.000612291597193e-05,-0.24953429737474114,0.36515257331422524,-0.14428911372922587,-0.006382181090118097,-0.21997539929096535,-0.10234999923749562,0.007991597660119509,0.00035475877667518114,-0.008484565675866237,0.07694534399160587,-0.011360123317037785,-0.14659255869332471,-0.006784362809147728,0.21654217794883968
protein|NOM1,-0.024700455076576543,0.15034906164014694,0.6820330858317865,-0.3858236712976201,-0.0020758516555266717,0.08276269588877483,-0.05489585451436679,-0.002415576869174463,-3.670391174171896e-05,-0.09232733786488612,0.04105266681394161,-0.01533641500062626,0.16428323611082915,-0.01249193137263521,-0.0021430243435563937
protein|GPX3,-0.0028085371197273464,0.5431693419998569,0.12882035522390803,0.18229580476474586,0.015442635921170761,-0.09443245859060814,0.06555115296608997,0.0023246659970313057,-1.8840337117133406e-05,-0.08645073877095638,-0.07299871106218578,0.06751888602146991,-0.20745731427375308,-0.00027908932471514984,-0.054000737979472684
protein|Q9UN36,-0.006249551221903149,-0.045401870962500625,0.3230403470251286,0.10537589481226434,-0.0015766671940807774,0.0196921325862642,0.19410443302774924,0.007041931938324598,0.0003056263523085673,-0.03805621839010482,0.18942626415867864,0.05880882558166294,-0.08444807892469947,0.000910754419165768,0.03953145900946294
protein|SKAP1,0.0014894939186569903,0.06886365479485171,0.1606479224615411,0.6916377965776684,-0.002747952346670066,0.019306185076436708,0.26522429688732035,-0.0017137016447994517,-0.0004941812530819542,-0.2883609853799101,-0.16958526470782526,-0.013128902166702053,0.11830479440309523,-0.0008723304260869608,0.028768891271909243
protein|ALOX5AP,0.002224904033298716,0.016695093335562603,-0.28939980600736254,0.34260110128816706,0.007545122786743917,-0.34795622392803144,0.002476197619271064,-0.003338395054692365,-2.294494342838861e-05,0.21240398478884018,-0.026251879862321637,0.01757972610497134,0.19543033772191842,-0.004251863517401873,-0.015962725293696415
protein|MLKL,-0.0037962707177846013,-0.07491698343248553,-0.2881762585942243,0.0014258371955291637,-0.001123742927324016,0.1928629515495131,0.05527994416546566,0.0042397930429413705,3.798008835081946e-05,-0.5407990869862698,-0.0024430281041007496,0.03435096507537475,0.08813321206167384,0.006163169930789441,-0.02576422288375804
protein|PRMT9,-0.01309014044920502,-0.14686904694548522,-0.3941138717877032,-0.10991602819952327,-0.00026160679021108445,-0.05261769705211971,0.031021867524280242,-0.0025919401592225493,0.00010696778832377007,-0.1663752632500637,-0.06939161120515205,0.07770539612909554,0.5520845829309201,0.014872526780863071,-0.0011650033586520854
protein|TPD52,-0.007738478753715926,-0.35404254114250855,-0.02372669860579839,-0.11373051838198515,0.011033922085682206,-0.25441121609342704,0.06702088970067308,0.0025857934588590114,5.409360936374583e-05,-0.009120840781691151,0.1298072622354883,0.07775555044653465,-0.08439052739889137,-0.0004406085232748849,0.10618762758259599
protein|FABP3,0.007031007286610471,0.13497923779601798,-0.19734897474528007,0.12507669982216527,0.0051079737317842235,0.0774345807924058,-0.027043280857485384,0.00598295178259289,-0.00014105443223958803,-0.1930521686348949,-0.008489697891720632,-0.015000820994320973,0.0783080132023642,-0.05410091972338127,0.02237074206806442
protein|A0A0S2Z4G6,-0.0001341678632861415,0.6962650955166965,-0.2246446206415916,-0.019934015810835832,0.009074230342947872,-0.2845218067280956,0.18836619262043136,-0.10885909223246988,5.899474785703918e-05,-0.11007148737891513,0.07227967914775195,0.05384777745742025,-0.04536938441166148,-0.0019523153285804624,-0.008572405033925177
protein|NPL,0.00010808067510175993,0.13258768027256507,-0.3573286170455563,0.3513107364207887,-0.004856648878176734,0.14678370359497558,-0.06125077320768861,-0.020794777820189694,6.706853727173234e-05,-0.38367806262661464,-0.020986175384925,0.0029160309241946917,-0.1057841962119701,-0.0018172429142858481,-0.2067802454774714
protein|CD79A,0.01012589233963161,-0.34920947185561396,0.07933486143157381,-0.2903853007044499,0.004403470647460948,-0.3283677657878539,0.01959635936089765,0.0018550356049340383,0.00012982058504229258,0.13053100677197463,-0.0038922849008824283,-0.07555645601018535,0.006275520684511041,0.019040887042528133,-0.025713030257970317
protein|VSIG4,-0.007536060285053796,0.1820776051055265,0.26479330643306803,0.29890429302078864,0.01014432758652676,0.3755080370504111,-0.241340760112709,-0.002411967762838538,-5.251401522892832e-05,-0.007797784396957855,0.06973015720718145,-0.024824927139214876,0.13995533811865107,-0.011499723380764085,0.16943942917772192
protein|FBLN1,-0.014208674409861552,0.7735286128657075,0.1743901498043485,-0.09052875516241639,0.028778233362213662,-0.19093337334792537,-0.0320049268639789,-0.03254358720380596,-0.00010292702587639881,-0.0973479840548537,-0.0016822438959942369,0.0306789246671452,-0.14687287275816677,-0.07367153829872904,-0.13298695713114686
protein|CD109,-0.00579624778946928,0.37271763816873976,0.16531698352469734,0.04751591373618722,-0.001369713486033477,0.004614701829606382,0.028930945653196885,0.00011902314288205198,0.0002120959703429111,0.20101837414988669,-0.011363684364519287,0.1651197082252847,0.11599416893467297,-0.00607979533940084,-0.025190817551249665
protein|A0A7I2V5H0,-0.0026587907985738996,0.40205074868955554,0.563540212409706,-0.1751915091166697,-0.0009865093067761913,-0.07740985199495877,-0.02878999261786671,0.003846407164180352,8.280746017388304e-05,-0.34444372158649755,-0.02284948941218051,-0.008150130516885993,0.11679431799599208,-0.02377505355956232,-0.001508903185124968
protein|PTPMT1,-0.004670598587538555,0.022496261958456384,0.1019264590185719,0.040873745775391206,-0.0025896769399241628,-0.038088621317159,-0.012462026670249631,0.0026379565284621012,-0.00011834164743432155,-0.01772575500692057,0.0022909106282477582,0.013626237172989384,0.3357871337624757,0.022597121799702018,0.18244839042560448
protein|PSEN1,-0.008404454514889373,0.06802676532020602,0.6330137412835333,-0.06694338847224408,0.012919178704285482,0.09598566651326781,0.01385534153651615,-0.008062233569357041,4.68399739265925e-05,-0.27515433637221964,0.15209509517516123,-0.05162999603698398,-0.016067705163808836,0.0020722813927730017,0.0025104473360538916
protein|C10ORF54,0.016893486520082247,0.015311880202744864,0.5653927101305549,0.14536211119426215,-0.020391901745175852,0.0064379289854347745,0.13591885598237577,0.01876582636478787,0.00016531874556568446,-0.16757575674380548,0.08654174520843301,-0.034447530870468625,0.13765426501756545,0.05832681663245277,-0.07004181866967028
protein|MNDA,0.008230821923976946,0.16391469723461008,-0.1912313509705564,0.1470108753925305,-0.003157095805369314,0.3472483074831961,0.018431767714059,0.1407208052494259,-8.32705802446555e-05,0.22254408287601504,-0.09354376280142554,0.024919794959228247,0.059952991764633604,-0.017785419947069885,-0.10863052704559004
protein|TAX1BP1,-0.004636869241018414,-0.42804939156564836,-0.4952610605405333,-0.07334056136995701,0.00027408968567035414,-0.02611409307513466,0.09309116070530948,0.012373038591203582,6.971121630973531e-05,-0.1292417677266509,-0.07658816295244705,0.12379632879762568,0.3315301280595034,-0.023243028494494663,0.004634068006338069
protein|ITIH3,0.003085993717127028,0.5407721809098258,0.08608458403737297,-0.002224338835160151,0.00960067146161511,0.14333280267665469,-0.17619446411435158,-7.873350705435255e-05,-1.847757013098797e-05,0.34538596731003934,-0.0353867703563846,0.00932102507404019,0.03777766147922496,-0.01625613996410477,-0.050439285832861044
protein|ZNF280C,-0.0022598784999466374,-0.3905781342595636,0.28417213693717897,-0.16287877663286626,-0.0018580767122206283,-0.13255617115919385,-0.058392140273218075,-0.007415571026159234,0.00010763070031760259,-0.045375441581930215,-0.01039754136436261,-0.0129658780442028,0.16034030430827165,-0.008414447156261976,0.006402736835226665
protein|USE1,-0.023736859273220355,0.19810150058708534,0.38396238022073054,-0.09603621810758689,-0.017825430942986838,0.04141673466131119,-0.005317476364854716,0.008372919033728776,-6.789711972474743e-05,-0.09345743490593025,0.030666645022672426,0.06257800803762718,0.3824156507134425,0.031037648591932098,-0.006442611884343104
protein|IGHV3OR16-12,0.027843608105656347,0.5722241196819988,-0.16596022742119676,-0.040919738690773165,-0.0020028137294096833,-0.02205731233508825,0.021664857013022162,0.0036889909444913337,7.203548398672072e-05,0.028777232601540415,-0.02038704157259746,0.0414957164683811,0.014799753898264992,0.0067349025120918655,0.00527615017550417
protein|MEPCE,0.0015021593391557604,-0.039908047251201846,0.749454254445207,-0.07942643994199347,-0.015282158482077953,-0.13792412534827098,-0.12169900672466143,0.0016092710927623425,5.2395466362911534e-05,-0.0910573886348165,0.012977506670565036,0.015651942475386867,0.08851393887258381,0.027232983688669606,0.08362615941754091
protein|ALDH2,-0.0009391148229001938,0.18699269580358932,-0.31005692948579405,0.3495323585825754,0.00839499324955327,-0.20733739082565772,-0.41810218257927867,0.11595118856393402,8.483097346502486e-05,-0.14692454814881914,0.480043036623454,-0.023735099904792112,0.07306002092560832,-0.05197161475988143,-0.1420922777792304
protein|MXRA5,-0.010363766818180065,0.4804990700967896,0.17334260761810374,-0.07858211944246658,0.030827013512347096,-0.14975607868892013,-0.33439055520007044,-0.002520056553241853,1.0696937420863121e-05,-0.18414379175923523,0.01385849493323257,0.10186411139738519,-0.003488847609703912,-0.001397635291143731,-0.3174456940892638
protein|C9,0.023208511834834838,0.5773368428844352,-0.026096009292054276,0.03966760793745331,-0.006314162905096674,-0.02628545109529802,0.00977732166728165,0.0008408637572569444,-7.101734613521763e-05,0.43891167075321896,0.001715892871147519,0.0036672360709049576,-0.11603308443838811,0.02127428868153878,-0.20653984390736257
protein|TRMT5,0.01509157451167662,0.13474266117510703,0.2447017821665557,-0.11231292558142716,-0.011688099139390182,-0.00976391306962829,-0.08593583217371,0.003162852182410773,4.44103017433717e-05,-0.03880852360670401,0.030586592977976144,0.02319883201680976,-0.00596884519801904,0.02778941888372009,0.0356433489771658
protein|SEC11L3,0.02013559566129893,-0.1443980913239464,-0.20825278395940788,-0.09236970012439623,-0.007329627814527088,0.07294222683326389,0.05719128638410196,0.08830082265407727,-6.879174335579024e-05,-0.03218509885452963,-0.00436872567393225,0.06202812493640203,0.17742753478932718,-0.012208001402758928,0.039178850972222554
protein|TK1,0.002283362397280879,-0.07751255195522136,-0.2531535419864569,-0.3379798128819181,0.0018477806992503764,-0.06907255963085415,-0.2702768956350117,-0.011500810049757953,0.00016203601969603962,-0.06312420062194526,-0.06622486616632264,0.014714403885957811,0.1428467223842071,0.017513221410058226,-0.08281072554301938
protein|APOBR,0.023168761137051578,0.3507604192046161,0.39049483460737455,0.25770347622592327,-0.012048561733874577,0.1584098217476947,-0.006452149510648219,0.013522022473156651,-0.0002757350669170448,0.0054722610356000645,-0.0005668672281392554,-0.01460683676621341,-0.025829047400585392,0.021960883756887692,0.036602743251773893
protein|SNX29,-0.0051925084935659175,-0.018326504753251704,0.21864627082293164,-0.03697784189883604,0.0018166801880893783,-0.391519090513586,-0.00419460758108138,-0.004991734237036978,0.0002762777875842296,0.03190218021964927,-0.14919528424773124,-0.08735575317760216,0.17955437342552416,-0.008283332732388939,-0.021247365943930823
protein|NUCKS1,0.017842370859689392,-0.45218276017400744,0.6705703735909132,0.02274841037853114,0.006269239222386739,-0.06769964095565052,0.09335063809838519,-0.00016393719483784615,0.00023248378447889983,-0.1285335060338893,0.04992076610833518,-0.0033958830658724188,-0.13463861285648288,0.0048961220021639445,0.04885741344958676
protein|ANK1,-0.0066767291389189035,0.5105933164730038,0.019518936334986504,-0.0023979803616976584,0.018952502249029116,-0.005967537637139934,0.04135989190729224,0.00103219181108194,7.501360049419252e-06,0.6110954951621981,-0.0044486377223790195,-0.01960767961415765,0.14368400444435914,-0.045027909277258,0.10030156367501827
protein|CD79B,0.010682330334403124,-0.252384229778997,0.005405504187488523,-0.30756111571202716,-0.0028592117272602364,-0.20746508707797812,0.03440404445212783,0.00011505378337827333,-5.1241743158339025e-05,0.15873593743001235,-0.008212223711668265,-0.011576687453887518,0.19878168443171948,0.03151444472966905,-0.048510287702636296
protein|TFRC,-0.006212505981498541,0.033569253629260755,-0.17679072185214353,-0.36593192659910334,-0.00017727052491776503,0.2552627705414081,-0.21947517372616096,0.005274008762247201,-0.0003159327082519193,-0.12818256269392492,-0.027136642108837688,0.08602548343770539,0.19383793873206115,0.04889076331329713,-0.27448956602041824
protein|UTP20,-0.004285422758094473,0.20761839953882258,-0.04142532613553083,-0.10175415786935058,-0.0013087719418427787,-0.00771290498900409,-0.007318213327345262,-0.0021325429484714505,5.246833705567067e-05,-0.12093673947923356,-0.040441905744098665,-0.018125504773177654,0.14857121793705078,-0.010943093737852684,-0.04571846746557103
protein|CPB2,0.018475670607932912,0.618715758028949,-0.12092115053702297,-0.036251073200273716,0.0182924298302894,-0.0004970676957503566,-0.03845093892281924,0.004564627955219902,5.9784734070670246e-05,0.4274299010780544,-0.006039014602316134,-0.03755531997320107,-0.017943908138677602,0.010597127502427257,-0.2570505128211603
protein|GCA,-0.00981986590266106,-0.013590036905770535,0.1295543388161868,0.19658762500804092,0.012201927416226954,0.2439366411464835,0.013854805299041586,0.01123145194558617,0.00016626423923193505,0.46761953504075354,0.0021970352382749245,0.09780406385248697,0.1349383299949515,0.0054575939595860245,-0.1874404282397688
protein|TAF15,0.023045338186366816,-0.5334668668926089,0.7420157942159723,-0.07542740672936728,0.0158754291716185,-0.006252145357844284,-0.015281261202951046,-0.0005229250909739505,0.00015608892271617262,-0.045905121247616414,0.01971585938787933,-0.05964384498057925,0.0272917139395058,-0.03331794780991013,-0.05230253694498659
protein|FTH1,-0.009687911831715992,0.17817969756265828,0.13196141010538803,0.17626351626811398,-0.0015983894238672564,0.3136785617955697,-0.04618466287723715,0.1054570564099213,-8.065070777858384e-05,0.019010910687359727,0.007012544834260529,0.053679750591053864,-0.04876162310243356,-0.019549815009815515,-0.055647721354607826
protein|P01889,0.014846805610415906,-0.08066673410819637,0.2928950577481527,0.16163823770579128,0.021277395087018633,0.03030980393845032,-0.0833090523932203,0.005461131961983754,2.4337663837639556e-05,0.01983962250609372,0.003927620028130826,-0.09608084041406,0.10347275947610558,-0.0075972645270910395,-0.008396681027276367
protein|KANK2,-0.0012335884859927808,0.11876739491744742,0.49638587201627987,0.02030002817017149,-0.004649922402266491,-0.07736451856295996,0.015055385518081024,0.0021375872245620424,-0.00029180446390973197,-0.09620316343832903,-0.049382322546369636,0.02034244469407684,0.0901762289404056,0.02744149958675891,0.04635459903777857
protein|C5,0.02394277369312469,0.7781664386673133,-0.03756324119141496,-0.021777149258063854,0.011374303889957272,0.00796252229408532,0.00016760413510425994,-0.0009315166980483295,-0.00041400250760171523,0.2903609566933135,0.010287175228251205,-0.01157210581544371,-0.052555322642151625,-0.006223601199316229,-0.0347476172028379
protein|ITIH1,0.006850756369121868,0.5994945417458373,0.0009012635899889853,-0.007835977739539769,0.0015100528380521318,-0.00040426217476953057,-0.21710617250909692,0.001612572236474536,-0.0002711133873444138,0.31820558341463945,-0.11757670467387714,0.10653297710111234,0.022158093177564047,0.005433874081418945,-0.10620351754272857
protein|FYB,-0.0036931249034562277,0.0054939624712815344,0.018741197921201824,0.6726594931528499,-0.016764417270224024,0.007266593144277207,0.1765437790084436,-0.003832608232087616,-8.284747340051718e-05,-0.4250632122129774,-0.02317545596590581,-0.0313306306503776,-0.031783250627432216,-0.014759582677696944,-0.06916652593123591
protein|HIST1H1E,0.021912392544161278,-0.41887799327436104,0.49103468027594827,0.26435800085061995,0.006023810591401312,-0.1444373015178601,0.26436602214498317,-0.00544400798544491,0.00042644625102696964,0.011992339539363484,-0.19083814150738337,-0.0049225305712881015,-0.040670245398951435,0.018938850818573674,0.16685165502077798
protein|HIST1H2BD,0.00045712577442817546,-0.5079128224785722,0.5235494054683919,0.0633488791927596,0.03372580572347968,-0.02576107750449169,0.23887133362958973,-0.021799504297131008,0.0003869100662320537,0.11828766080656171,-0.20968131062257653,0.061368748018151884,-0.008275733604924736,-0.0008380052150383538,0.12797067817770177
protein|GALM,0.0005418212551161753,0.0015198682641343823,-0.33640398437047453,0.7041482817701289,-0.008785540935802817,0.15930217260055726,-0.006665490182569459,-0.014500365680476307,0.00024920381426285666,-0.1701430351116664,-0.030270021423278358,0.0105089880663616,-0.0773308948733411,-0.01129221565291407,0.06122304431061106
protein|BANF1,-0.014147329506131859,-0.6085077260112246,0.3039556812396418,-0.04163226360866987,0.017656383100437954,-0.007771598672581977,0.03711527486880729,0.0009227771973829514,-9.005180391950357e-05,-0.0057537699778958205,0.024382051509816274,0.1715383375076775,-0.15656359985041096,0.03710721811618338,0.031239861515569494
protein|ATPIF1,-0.0029821324964512505,-0.2659878916451011,0.11739397760275942,-0.052502138252810686,0.02451427867680907,-0.27377098753861817,-0.045447188546533845,0.004101987985210543,0.00023795181438003506,-0.17768364624750774,0.2961076502242524,-0.05293717138154612,0.04874374737969516,-0.0032744956896359973,0.1154454833458059
protein|UHRF2,-0.004218197911885053,0.011196530942540915,0.43737046459234186,-0.18909123986666332,-0.001607275207637802,-0.08466782050873896,-0.0034742926171278266,0.0019584901882408884,-8.538791832764441e-05,-0.09623986615556025,-0.033214462541638325,0.004840201432305148,0.2339247015480698,0.017195374128150247,-0.01350277834293632
protein|TMEM245,0.001645291202540392,0.28880388496154025,0.15225817619228366,0.012170092816210249,-0.009668401124662674,-0.21127972346043097,0.13058096567200098,-0.005499459693197005,-0.00012061366893426106,-0.29121026196098787,0.06455518468536263,0.0030040953750458317,0.2945971524612618,-0.016384014028634538,0.05898930811657359
protein|HIST2H2AB,0.0013024084924430183,-0.535167443343304,0.4221603357787025,0.15647977640159394,0.014270354530919691,-0.19132356858491847,0.13764920124130173,0.00028546676670669017,0.00036144513065356875,0.027982862387289423,-0.07728042753170208,0.13944750419632929,0.20607900966839987,0.010338146380129705,0.09603520310817845
protein|DDHD1,-0.0049854999404571766,-0.5151917164494277,0.49307155789501095,-0.042372492935525995,0.006221512585588948,-0.06830376965558328,-0.08563712175133428,-0.0036018465935002365,-1.1990680223062824e-05,-0.0154482878961749,0.013437573946935018,0.008378619559446989,0.1872972160913825,-0.027612647448383487,0.06642787718460341
protein|MMRN1,-0.0067572302643190965,0.3597832888206934,0.06229828440487007,-0.01270544221643457,0.001513329267434543,-0.07544925262626093,0.2548458606568983,-0.01501514069023475,0.00011035356534754625,0.1756072306575162,0.20116250659272114,-0.03537778840072521,0.10839622846817767,0.015609987531811058,0.01731927429816342
protein|ZFP91,-0.0012140093630937168,0.0007317199003388187,0.6377921530087096,0.033570266491666285,-0.011221426644313017,-0.030958889628470387,-0.033814287102057236,-0.0027409469146004025,0.0003177739165387124,-0.08135250181699423,0.07781987015400037,0.005765419653175262,0.14113027970706307,-0.0304837178828159,0.013109982966291796
protein|SNX33,0.00018062248977644116,0.3180151805050749,0.14713484557530138,0.21039541079343124,0.013220539499917302,0.017315678687388942,0.003620477729908969,0.0032573555094206168,-0.00011377735225959221,-0.011584028076045413,0.025946773376567422,-0.021474643091645994,0.09247684619210532,-0.009844087524901768,-0.21464730802015736
protein|NDRG1,-0.002695509831126719,0.3102594850565385,0.5451207583079596,0.3943062821759435,-0.006999196275232592,0.19343618369023682,-0.0999364024695656,0.12431758296371014,-3.2172176553834035e-05,-0.2808671317294636,0.0036931089686856313,-0.04055126309194921,-0.07608908863555315,0.02282870327147448,-0.25128265062582894
protein|SULT1A4,0.0004750777209454366,0.020034573387712033,-0.00532973641762719,0.26559711011235804,-0.026308974510082215,0.0014620177566219516,0.22028708257419924,0.00026766397922512917,3.3592312738100336e-05,-0.17720325072452658,0.49985767328164393,-0.005159317162919562,-0.08855387808373517,-0.006479591007578714,-0.05856456875059902
protein|IGF2BP3,-0.011975169785932674,-0.31215491222846686,0.019089103579020442,-0.3807656268666558,-0.000597749831302805,-0.11216041702391036,-0.22046493956891094,0.004127975436087862,-0.00012457672993890367,-0.016816135008506594,0.010131487248021428,-0.021191634642041438,-0.02903354240519945,0.0064704368533642295,0.17790066304952867
protein|ABI3BP,-0.01003811208210607,0.30357082750001013,0.35490458045946144,-0.09537639138766385,-0.004142090733793536,-0.22077399251625385,-0.002138208049883691,0.00032554826237717705,5.271376555278872e-05,-0.13716286947356848,-0.0555608039860576,0.052321536519167405,0.04125723225890647,-0.020917652928996538,-0.015872491907316783
protein|P12111,-0.006996365212368068,0.69123065433318,0.15227837900401106,0.14549495741666196,0.003164473647824666,-0.037214173349334224,-0.0010630576532367376,-0.04863231488686779,1.2126590285157444e-05,-0.2881395881660204,-0.0873979897118034,-0.01603324148619645,-0.08830952205947247,-0.012184923300125152,-0.0018288527398346317
protein|ZNF318,-0.006367939131413422,0.1439359040800992,0.508783848538714,0.1374705354039358,-0.00603769012886982,-0.058674160128391675,-0.10135263929434375,-0.0017165733893621871,-0.00010778382506223832,0.0288665567934926,0.002314464144468952,0.03247171965413796,0.25462152518500936,-0.0006099764533279367,0.15225834957329074
protein|CYP1B1,-0.0139824076451804,0.2432754770304235,-0.02364580971584857,0.2609756267335518,0.01179391435407831,-0.008668466611012865,-0.1591984227337341,0.003719739212075836,-0.00041727037483910254,-0.22915334816701438,0.00948204261220844,0.1562955660586855,0.09967068080054688,0.01201994563803118,-0.30274587495196015
protein|GC,0.028097103932007917,0.41793166205546173,0.13894885926172834,-0.04423392561798076,0.019686693788225993,-0.008207815413492098,-0.04739015046009471,-0.000863776595565133,6.202040529462482e-06,0.454058674456773,0.013778412151638537,0.02806699251894719,-0.32097912580547144,0.05170566303879992,-0.17504762552367614
protein|TXN,-0.006475777781269259,-0.23376306871044103,-0.1323054144381801,0.3903021801743879,-0.019659288747825868,0.44610491451279455,-0.23005591956663124,0.00046453525788722896,5.6262999177317386e-05,-0.18385708255120464,-0.014248394291842638,-0.010727498273025469,-0.21898437990527111,0.009667957196810644,-0.14115578988901942
protein|PON1,0.02120661274931992,0.4432163039124488,0.042579214265179556,0.004121898765930525,0.007952146513870266,0.04603866263704327,-0.0484945855721096,0.0008596149429157504,-0.00013282243339581457,0.44697898390193047,0.16594661816753975,-0.009291242038061432,-0.06184004609943008,0.02421833406222916,0.036545011087548825
protein|SERPINF1,0.010125699192541788,0.5841324541517101,-0.029906034314792197,-0.09458980132158537,0.0029306940275230075,-0.28955085457684465,-0.05788714049671465,-0.11762591077257419,0.0005358745500913822,0.08250945941471641,-0.0036697963496561395,0.19688353911232284,-0.14450766906418136,0.0077994945861354515,-0.233107214029563
protein|ARID4B,-0.005756481598274064,0.07612888760266055,0.1990382704769387,0.11195293629805632,0.014906941317771342,0.043891693888065665,0.038795540775023334,0.0003416137192709432,-0.0002542462250508037,-0.01923610547720446,-0.15176825846449554,0.006839126654184393,0.2193347704436685,0.014084267711602495,0.07613956252763078
protein|HNRNPU,0.01657861741190928,-0.31978781444416826,0.06715680750784696,-0.25091784764436237,0.008045346501819683,-0.10329336741284346,0.07866210130706311,0.004318659500391875,0.0001020837881765283,-0.3158050489220408,-0.07515220507295703,-0.03103196863127702,-0.29090391438475754,-0.048441669837819314,0.004085372461532053
protein|GRAP2,-0.0035279586356569363,0.0004715203774850701,0.13205502256711105,0.5772421671261962,-0.01100424448785155,0.01328376616184278,0.23747665923131653,-0.0024896317662626974,7.871201959876192e-05,-0.19308756633467333,-0.06651729697112564,-0.007196542258581463,0.06498416875755297,0.007718613119170127,0.02094093594176874
protein|SLC16A3,-0.007457421542758324,0.1854322618347918,-0.04454933154762641,0.2845600276668929,0.002728091822974224,0.18332086445756154,-0.3591126798635456,0.02499659377752115,7.358208074039866e-05,0.02152480599570209,-0.07828036332607329,0.060057731675331634,0.2504911936139115,0.011617310516838914,-0.14374428934339728
protein|COL6A1,-0.0012207653027032249,0.6058591066166755,0.2960483659879133,0.16335384600672595,-0.0016817113177244722,-0.023662490742606318,0.006024003708665805,-0.03543217956978217,-9.295688602057385e-05,-0.30516507283369687,-0.08620661387923574,-0.015948864618478182,-0.07811279387404588,-0.0056377886528572296,0.0034971272838883434
protein|SLC7A5,0.00640186508952207,0.23445893136228976,-0.1142397235510098,-0.240748823147038,-0.013700274422228258,0.02297671315619376,-0.12247029008344164,-0.014381303775060654,0.0003175604506876969,-0.2694300993428471,-0.17135435844987298,-0.02380151940934588,0.21993152545908698,0.02176719640164893,0.00727797625203905
protein|CD38,0.0011634901035306603,-0.042796351461257494,0.22748425026250008,0.3632964796382583,0.012756033184670642,0.3073998942647714,-0.10982010385447921,-0.05456484211630135,9.349420260493715e-05,-0.19831922174259914,0.06504428072530986,-0.01729369328116856,-0.06290621422210292,0.007309819459855304,0.24611042076302828
protein|HDGFRP3,-0.010216230447470855,-0.22845155689217272,0.477769328342729,0.15089332742091688,0.008776541184153669,-0.0007809077440508455,0.26005900958781014,-0.0018710539300497958,-0.0002795829808698373,0.024258779923316147,-0.00014504637859261542,-0.012548219732738179,-0.16863933114512222,-0.018333080561129336,-0.1698389975048206
protein|AOC3,0.006783294517918661,0.5023665799183988,0.11358086715918594,0.03714012956153964,-0.0005066971063791392,-0.03930437778687719,0.15262531848393293,-0.09244573230038555,9.152251326027332e-05,-0.20737667087822498,0.007138904047762879,0.007086128963257291,0.14327999041733128,0.023813014013925892,-0.007745782172729453
protein|GRAP,0.004878864298581519,-0.042690739944362066,-0.3013587237644017,0.04954757876951201,0.010515557452767386,-0.24726537789496753,0.16845836288701369,-0.0023706193411462528,8.088894044736511e-05,-0.13480670561379535,-0.02677110000899738,-0.016147375328357114,0.1934742648548314,0.021989181439724108,0.15996307217339245
protein|TONSL,0.0044092943997014016,-0.22561047450257404,0.5754999727619219,-0.3337486319494269,0.008285256181128447,0.009652866741154472,-0.1490664832932769,-0.0069367896716720475,7.133943424023393e-05,-0.11968461983372619,-0.00586789962077604,-0.09462590160772924,0.37706773164168006,-0.02939721508716082,-0.0024937211662478345
protein|SLC16A1,-0.0024072098771335,-0.00985495596118573,0.008952124530960297,-0.47035238124731127,-0.005542106808585199,-0.05681407215342246,0.025095013367128983,-0.037496670765103886,0.00011309201643604988,-0.27087503953925,-0.12050590637302844,0.027421818534186074,0.03774728466719349,0.041634535701085156,0.0030885001544023703
protein|SDSL,0.02160384429342681,-0.004042440006917318,-0.13474208549648942,0.2686842149908921,0.002189069811899919,0.22870211056274056,-0.09679360984381237,-0.01952291522793847,8.824576508239016e-06,-0.00962486275499896,0.03290487403593201,0.0025572477161581817,0.10382328745176764,0.004479267846081785,-0.03269659372322696
protein|SDC4,-0.012886544371142575,-0.035570759671423334,0.26216317159900365,0.15859250590469204,-0.006226117210541858,-0.00837089826362279,-0.05464863365944729,0.02041750721769811,-1.3986746155638328e-05,0.05406508193100201,0.21821534736974596,0.047757993853643495,0.2206907835652936,0.016735681967358973,-0.3097560452638818
protein|GOT2,0.013550074984336347,-0.31027322917697125,-0.27833713013884187,-0.26570345074360247,0.01636848979303552,0.008859688707317098,0.015719172321958793,0.0029231822209555194,-0.0004029459493660457,-0.004451555139981117,0.3393641104785478,0.0025534117678600197,0.031191468853434986,-0.0031739080074436785,0.09214228543580469
protein|GPHN,-0.0011247882189197203,0.06533056293003628,0.28575849676850856,0.0038381924704348896,-0.014043874912116812,0.023783192417096963,0.009554724970935,0.024707402472965954,-0.000612192369424604,-0.1367963655538788,0.10280565950914222,-0.006892246715029104,-0.05108699497295166,-0.009398144946732032,0.04085287113032641
protein|MRC1,-0.0153110420296602,0.21764255778624342,0.01735093011544788,0.2799915935585298,-0.006946537063117261,0.2205051965616508,0.0835762843498769,-0.021885923684899857,2.9488293641780836e-05,-0.07312455325417239,-0.018374796321995682,0.03427432409506809,0.21430652081099233,0.011142487144169969,0.18630428032510968
protein|BSN,-0.00231819246507422,0.28524839657510787,0.03225943204652896,0.09936266340077365,-0.008150762401211747,0.002784600012999398,0.11700684308223604,-0.005069299994827109,0.00014794906683513536,0.0398962915408427,-0.13612226586284765,0.033786496658758304,0.11707485570987655,0.018079226764764953,0.004628590522561675
protein|GZMK,0.010381440158840927,-0.013389671448290709,0.2643509603835738,0.6174037785829096,-0.008403613983916527,0.043102408794000666,0.05255605997713159,-0.0010824958656230914,5.8094924074972835e-05,-0.027518255273011962,-0.09558337700076504,-0.05197671895558959,0.1447350062887429,0.02700637654812687,0.023581967042151576
protein|A0A140T9X5,0.0037366189393915976,-0.024903150848109252,0.07463804717330819,0.11832914589035669,0.01585338050973742,0.12620242630621864,-0.05582416956578704,-0.003027889274604482,-0.00010299212492423619,-0.018631345720908295,-0.022024456467028584,-0.0013912566947322203,-0.05656665083050441,0.00249298542380998,-0.008273417545567012
protein|EFEMP1,-0.008899839092745292,0.6920728899427803,0.009880336091532493,-0.027611613122857426,-0.00847629831660386,-0.2561337476603611,0.10232899529242753,-0.04035371540505266,-0.00019462813682039043,-0.09889128140584119,-0.009434585058279005,-0.0031417653449493225,-0.12451872186742027,-0.03358120578795158,-0.0008662871134404937
protein|DNPH1,-0.0056059979408371475,-0.13187819817746108,0.12609134641341876,0.09040076673591323,-0.0013492412481755668,0.07599064324333157,0.013494178945523131,0.0004633888376336432,0.0001502792493136784,0.00878891761714228,-0.02254037860300913,0.07335279313866595,0.046506390004125604,0.004965758883755833,-0.009185143498604864
protein|ARPP19,-0.0057747769566452905,0.007614542035830141,0.3941661210426015,0.047208410691557484,0.00015019704890327395,-0.00858372838837579,0.001974725253053063,-0.0011779558235160232,7.502050830201416e-05,-0.014677835654806022,0.06354030476313802,0.1697463409472302,0.0005336901251762536,0.03766806550675214,0.03821227794561654
protein|C4B,0.018169186971463944,0.6531031536213471,-0.05296958059832771,0.031195690015071137,0.01398564488180875,0.011404295079715274,-0.012080745311109071,-0.004012116784143557,-0.00016511828381650162,0.25265135699480307,0.001695589458367911,0.004175958993421389,-0.09357403184568357,-0.003936383225723302,-0.08042777732405403
protein|GBP2,-0.0034120998124989635,-0.014952628078734608,-0.1934710924355551,0.55518452511671,0.0032092940535973597,0.428514061149813,0.017482150642600638,0.0015900540633609498,0.000307508093554577,-0.27025816170346467,-0.15516541966134503,0.006733765315682433,-0.047689821164401104,0.0463604447783777,0.017294890909377858
protein|DAP,0.002988079042483952,-0.32541622189510067,0.6306617456431506,-0.028017287252492567,0.003805500077854577,-0.02145689470373183,-0.0004191501247744943,-0.019420614606616687,8.768928395141163e-05,0.010454998718230106,0.13232275378824218,-0.03479669667769194,0.028042342514016806,-0.00423753156493119,-0.037834001765768635
protein|F13A1,0.01451726770761385,0.5428017800281816,-0.11741949541178105,-6.61932073814706e-05,0.002944064384781822,0.008514163268679294,0.16064511179210328,0.014842024064522905,-0.0001937341617221867,-0.053469101652880255,-0.02542802249695124,0.10646930708286599,-0.07518246931646944,0.012611021294264108,0.07465895457529358
protein|SP140,-0.006029895761943158,-0.3099502209322623,0.24062566806492916,-0.2743133755565912,-0.003282683247254436,0.1471716937143454,0.09514923274361041,0.002060957683590909,0.00021808187469557456,-0.0306592385461772,-0.08476629969255713,-0.023940698072639002,0.23778107565486,-0.0021726780888223544,-0.16236173328873224
protein|CEACAM1,-0.0006580560951666482,0.05521777748362168,0.26317617636962487,0.1511062824190819,-0.008420865875012298,0.023348339564356363,0.02344295473634202,0.20441683435866637,0.00012210206132532298,0.4095760416307549,0.21028504117516225,0.045324441104643336,0.12475892410404463,0.004213056323492157,-0.0034689807651938705
protein|PHF6,-0.007353231307364091,-0.14843243835500086,-0.006351765359572928,-0.31164981404660413,0.0013208329259198886,-0.2345232438970287,-0.2103210658286203,0.004551124100171183,0.0007282692149667512,-0.13354473672103184,-0.11720126834004362,0.011407082922678714,0.11671499289954397,-0.00866963915562042,-0.011128341980763371
protein|B1AHL2,-0.0018479907021811438,0.5329297292369308,-0.04359246696919572,-0.03139328493178363,0.0015899138352650276,-0.1469626355446537,-0.021306810822111513,0.004273470608346457,-0.00022256390826506608,0.053583753222576004,0.00859994461994508,0.06269908133156882,-0.006237163334394053,-0.02554452883425246,-0.03227030037383896
protein|TRMT1L,-0.005875283610234539,0.20235367496549012,0.1848091973973977,-0.12837871821545654,0.014466753462117132,0.004141294678098036,-0.03528345218493834,-0.00010172707250444565,-0.00019073035969064057,-0.30324165328849995,-0.02377025598600212,-0.00683656817843856,0.15966418478063943,0.005011948463240977,-0.021528182822626436
protein|APOA1,0.0037784800297711208,0.49549996941712837,0.05713726777945987,-0.02425373402995559,0.023119791312081507,-0.030544686469211883,-0.06947365633785667,-0.0003344076242215553,-0.00021079101821165492,0.25503668358968057,-0.05171178561663151,0.001214692984255614,-0.1787104432579506,0.029333947513771615,-0.0094061491728859
protein|RNASET2,-0.007264234612888752,-0.34148426909695573,0.29939729818017935,0.23665387652734926,0.009576121969840642,0.21765689081299036,0.2078852476424116,0.0012084223240542435,-0.00031624712283031604,0.07192402346366233,0.09392190827115657,0.05018509911691453,0.09116113530886773,0.014974822948883916,0.10307724805340229
protein|GIMAP4,0.009773724360571253,-0.09079156448258632,-0.09145371922772809,0.691537629930485,0.005771993451248346,0.14674852408174818,0.23074319838573154,-0.03872516218558847,-5.296415205927297e-05,-0.291219358391101,-0.15991671172712546,-9.26858521550119e-05,0.02378940586307515,0.01353533749938751,0.006958391938493061
protein|E9PGZ1,0.0007646635665404777,0.5539360427470857,0.1475933561056707,0.0031404962444687573,0.005964141301281551,-0.19026987166479092,0.2780511786378423,-0.016558278165996088,-0.00028427331483497106,-0.24913023299140413,0.05712729537849915,0.11414797755653572,-0.17377806334507614,-0.0567196647193809,-0.14453997749481623
protein|MYEF2,0.003410698312046559,-0.2604252790684378,0.3045563618507737,-0.1408703695895332,0.008140216759360346,-0.142614845809119,-0.12025045920635376,0.0010405462276487309,-1.1744079562997912e-05,-0.02214357101615852,0.022566193370493814,0.011763660644669492,0.09703125932119455,-0.04343037242426005,0.004194048382103092
protein|AZGP1,0.014640783841089739,0.2565466880246926,0.6014198350735459,0.0024244944418571777,-0.019128630927215985,0.02084923680984103,-0.03813466967459153,0.08698123536915367,-9.663966510131551e-05,0.024118711162925403,0.048016989622625926,0.015079647110000975,-0.10972264034521693,-0.022189913738807528,-0.01306861178499249
protein|CAMK4,-0.00698912597044852,-0.14481701948216827,-0.014951087796209907,-0.03993166835562502,-0.014454165833341545,0.035415795623200956,-0.052183267632839744,-0.0006574535849293411,1.716486612768368e-05,-0.16963326648765414,-0.04834574066509211,0.015893152787057115,0.04989446037746227,-0.0009794149991148378,0.02285081305290166
protein|APOL2,-0.025112439917086615,0.14930023609574855,-0.14218219723976008,0.3789185249852351,-0.0007272949080158584,0.45343372251689323,-0.15217406020473195,-0.00359975398677304,0.00011698210482900224,-0.10855579049267111,0.08239517934328361,0.008616340082534797,0.20630832088854617,-0.006852958272565905,-0.0076564479736571725
protein|EHHADH,-0.003281139898042509,0.008542309389941802,0.03505740090094824,-0.23386654974384624,-0.00020547581491336538,0.19176712640230706,0.0032470953245868233,-0.0025418703102392803,2.780664269237111e-06,0.057411038708698604,0.37453470345603407,0.0009888627476052814,0.05427266912684813,-0.020378335605301275,0.10494648898735608
protein|ABLIM1,-0.00860887963259567,-0.021754349771731133,0.26115041592481647,0.07263998124212181,0.004231775111378143,-0.33332619955502046,-0.013800240938902092,0.03974391270799962,-0.00011806102847934558,-0.019260579926187682,0.01908766751422753,0.0038715172744805894,-0.0644230269811043,0.018693766040814217,0.029358736850318434
protein|AEBP1,-0.000499135718670868,0.6214719010516402,0.32049925162555354,-0.04059710258270868,0.005544500583777814,-0.22859587203890722,-0.1171278421716705,-0.009876915541104972,0.00021176423051996396,-0.21428571745501387,-0.006657852399550108,0.13478656530084718,0.09042369472975612,0.007217621936415153,-0.0246586490832784
protein|CROCC,0.0013389484495257126,-0.3131369700694635,-0.3403884281461179,-0.012758104148655981,-0.005066623267208781,-0.3340052543069451,0.05026025406444565,0.00035300506104101365,-2.6602402582513957e-05,-0.17121708479853426,-0.05310899294140501,-0.022912918012787557,0.2588373782024478,-0.015352374651668077,0.040862098910628405
protein|ALDH5A1,0.02467105929096794,-0.33254717728681676,-0.1803001574450782,0.009785447619250815,-0.003949345893074373,-0.30636168880208686,-0.00834741638868377,-0.0009613320176894316,0.000350443433834039,-0.12263039048112605,0.4229077292092769,-0.03350728644827187,-0.018379722523690818,-0.015138238483285903,0.11313037659846265
protein|PEA15,0.011894792956918072,-0.2270022399248222,0.1301589317338973,0.2522530186591575,0.0035125706338107673,-0.27458315849205106,-0.0030111430020229105,-0.0015769274560210953,0.00017010534218313828,-0.19491992212292428,0.009497577152807746,0.015350807755526132,-0.3786355692599629,-0.006639898563597326,-0.07999522727466206
protein|TAF9,-0.0036987246435287264,0.36598085937802455,0.08785167510905616,-0.18255387907350384,-0.014375101159508396,0.008941594887241687,-0.016895869923651288,-0.0002611566332649417,0.00011121638700603727,-0.21908867519313613,-0.3748646178266959,-0.0031746840365758883,0.3778940279592338,0.07199248080695371,-0.03138316314380735
protein|CD14,-0.013132765088627714,0.28564515605511454,0.2950362385422754,0.4805112376665627,-0.0035559760222855625,0.4391592290352858,-0.309718368787339,-0.027098246029280838,3.298658383253396e-05,-0.07360789952583091,-0.014174641294209738,0.01375016953911446,0.10903886120308269,-0.011360320340971404,-0.012641906258538069
protein|BCAM,-0.005667167491845617,0.45244585908383983,0.3291298906064136,0.0674124964005107,-0.012186555606226316,-0.040422377403581275,0.32936372943375425,0.0006412267670936046,-0.0002505484096370119,-0.05117186172778451,0.0051480348444228555,-0.007976627176473551,0.060557870131253154,-0.03684847231101173,0.10667391483827288
protein|AHSG,0.044183172264204554,0.03418660904954966,0.38791551977870214,0.07705478431166629,0.014954179422857145,0.00872043291606251,-0.09240092769763184,0.0006305427322218349,-9.553474899632478e-05,0.24893885767995316,-0.13295922479993422,-0.0016374772078600287,-0.3419935406108159,-0.0142481191372176,-0.014677207519304247
protein|RPS28,-0.01951957208713015,-0.40736455185311654,0.7682435149452957,-0.11453559978168167,-0.014688882605975933,0.12598184979746885,-0.03755834068204913,0.000273857290084257,-7.125857155141985e-05,0.06547914503641593,0.08799808207709277,0.12338339738060387,0.06098808826964973,-0.03802148389854978,-0.05982010510854664
protein|S100A4,-0.013734521099705852,-0.06456924666299785,0.07384205662041296,0.39672695405243763,0.007565564672183726,0.20622655403977563,0.14654025621255826,0.22872317963419203,-6.324366577213435e-05,-0.06435165092970148,-0.09092971679803766,0.13629489739705375,-0.015771250995766338,0.003500116896929962,0.00254772295561587
protein|LRMP,-0.005460958083892714,-0.09275631306647185,-0.0955218062815689,-0.08370938631681989,-0.008243374689015218,-0.5509041844448683,-0.21361344392927323,7.7192232613716e-05,0.00017448270404586675,-0.008445442734208426,-0.00045818142401270786,-0.032828372970597076,0.09835902870863784,-0.00013901909820185915,0.07646729822224181
protein|SYPL1,0.0017410886802689677,0.5280994008775867,0.5292870890545811,-0.058924380900567966,0.019147225835207518,-0.2789002637403961,-0.004649760265249974,0.0029320856677435437,0.0006331812558473726,-0.16888697450906553,0.00039588144390076543,0.04610708162559897,0.07063314839617078,0.011719217703382068,0.009655704590850878
protein|TPPP3,0.013451412921939685,0.36480887648240984,0.10991598060416227,-0.06510331160421286,-0.010672789156316451,-0.01018410175236752,0.10995277945732117,0.23998434660434717,-0.0003102969547284986,0.15134157278650381,0.022212002255853916,0.026594118423963392,-0.052806639186772295,-0.0030082013055170074,0.03290483393490505
protein|A0A140T941,0.0013286714551245303,0.0015334674786856711,0.006393201723869741,0.14666892584323907,-0.00756810761509469,0.023493945991305526,-0.022503481537086818,0.012109194075603243,-0.0001525152914721402,0.006672759748714388,0.025260870623907604,-0.04897020162526219,-0.0467539634007929,-0.0030115403468900606,-0.009018656515805462
protein|TOP2A,0.00872762237975396,-0.12564049004480876,0.05100630418795466,-0.5966427724530228,0.006961129397842363,0.16064565009974263,-0.17329032257186053,-0.0019703696666424826,-1.6245558457956116e-05,-0.1574130137476614,-0.21225359272609373,-0.01433796107964227,0.11550595978557834,-0.039285716877672336,-0.0015442694744392527
protein|PNO1,0.004420657247872415,0.10146809012161054,0.26458442323551995,-0.4169941939415353,-0.00755701062517606,0.016130598905637037,-0.05981435554917228,0.0003364231884563819,6.987144999311762e-05,-0.2526517003457314,-0.18025435105269177,-0.026325828492309186,0.19986484931647602,0.011740560760122696,-0.016634269182916238
protein|P01700,0.005973935260002869,0.43544266739743925,0.2638980061049531,-0.10604348874285015,-0.0053238321370022495,0.06324831668248503,-0.07577926945644747,-0.0029468757623005463,-3.282275400013292e-05,0.16249588500561293,-0.009272948789770022,-0.0007059391448667281,-0.05810924119927264,0.0017703146635990542,0.007426688480691061
protein|CTNNB1,-0.005459645767456076,0.29391223690059165,-0.06528548939114799,0.016555973378089686,-0.011654983447590786,-0.019302997040797017,0.06519542548551611,0.011674267163801823,3.475758788186063e-05,0.00039173876606958655,0.2605373843797597,0.013017932926358272,0.15535278203390068,0.051348557449131166,-0.0625665610640249
protein|IL4I1,-0.009566251848669936,-0.03872118507672381,-0.043102982474147115,0.2054787013715595,0.021706614886239494,-0.15479301745319363,-0.4181817725945289,-0.005832906452268339,0.00017514816427092507,-0.05375474210658547,-0.010103963783760444,0.03806914388124888,0.19394179679430162,-0.026818197323450758,-0.11531674365259036
protein|ADA,0.008816624720024558,-0.34997387888487086,-0.0014056055194154968,0.04922926512020588,0.007831462594409947,-0.00030852355301642063,-0.09094298566505041,-0.00047972874765056446,-0.000129146696005884,-0.01237550409890808,0.00739022409492042,0.02230808958317015,-0.1700111543986856,0.0035711709062626372,0.02152129433260291
protein|SQSTM1,-0.014438262543567355,-0.19075836030149634,0.4944486148355485,-0.035162126752066585,-0.005761587776963754,0.09502809235172856,-0.209222954131788,0.0006857358980685446,2.0136592641100563e-05,-0.1460162922028564,0.0065007048608089636,-0.0035203714549949645,-0.1513480465185343,0.009632040539348338,-0.26580741013085957
protein|UBE2E1,0.0018392052379840066,-0.024319150640357234,0.4056213618569806,-0.20031386381784347,0.008142079306869627,0.0008308401699032251,-0.12289600144122462,-0.0032744214271599606,0.00014271918850063055,-0.00801306203914991,0.0053121657309636045,-0.01709688143781078,-0.040024071164079945,-0.01231490019921031,0.00018297154952570777
protein|TNPO2,0.004034700573717302,0.203502003869767,0.13470613706591983,-0.21622837818883311,-0.0027643538219598086,-0.03306047708378875,0.014917812807952398,-0.009974354917488009,1.9573389063816067e-05,-0.35831724973492846,0.14800909018850894,-0.04352512288742159,-0.019403822141146717,0.017907238079507334,0.08255840493234262
protein|SLC2A5,-0.005309426412145363,0.2056148788702522,-0.14355248364107512,-0.12711057269304032,0.004438956921816158,-0.06798662213230429,-0.061721820023959775,-0.051833733075381735,0.00029316029804736917,-0.040402895091751115,-0.01934437334328769,-0.0132313020459972,0.10131529386620208,0.0016664034239374749,-0.005273189067820355
protein|MMP9,0.0020085187786444635,0.22848713303390938,0.18799997023957046,0.22827276769900287,-0.0013641547801871692,0.038273802800248266,-0.030682755888057245,0.12076130757594732,0.0001179589835504332,0.41459468965742047,0.0011883942191321026,0.025911982858172367,0.14720615616149785,0.013761028804666344,-0.33464065159116574
protein|APOD,-0.003279213295455476,0.13815276381229716,-0.0027964018364943543,-2.11731226218666e-05,0.007238602836046333,-0.023870270019313064,-0.13026831699931238,0.00280029362253167,8.970675628516519e-05,0.30842355478141337,0.08330790082897453,0.0023128951570935193,-0.09426066902256054,0.031548280384023644,0.19280690494646144
protein|PSAP,-0.02795454914404583,-0.16516073564691486,0.24151781252271234,0.35259847027541735,0.007733010537773796,0.3524280141034087,-0.1709086433083521,-0.003240788042510624,0.0002757579399265547,-0.14124303826961945,0.0010416484470598282,0.0547224393044286,-0.11525879156334672,0.015684249779804975,-0.02038500947556683
protein|LRRC25,-0.016922807795502575,0.0204961830824909,0.09297099505772488,0.24132635143485484,0.012942168832283702,0.35296174923447915,-0.06207497060135667,-0.11906165513602292,-6.059623028025133e-05,0.16872163736347937,0.06948422957021537,-0.02240643146272035,0.17143269675468473,0.01138711451527096,-0.010617932114036863
protein|APOL1,0.02407541877538349,0.6132334100419443,0.14282181623281934,0.031212278837830017,-0.0007071942470017228,-0.0716627982398121,-0.02098994205883709,-0.005524226719640678,-0.00020154769711933524,0.29348602577311533,-0.014401984116541313,0.024344088437782796,0.05594838629635851,-0.0029286141780100077,-0.0009259710195645897
protein|DPP4,0.005778006776762553,0.36999813655190383,0.025493863719344093,0.01107365034740387,0.005261139630604747,0.11554723584017285,0.14025591612062177,0.012160091193845141,0.00012218961273808285,0.010391062950396403,0.026207702564630033,-0.0003878689289305669,0.03414593856394715,0.0022016614788972206,0.019457137119921756
protein|CD44,-0.004949849158540064,-0.023036592671817877,0.3589910674898602,-0.10225177752566293,0.0002646722812892689,0.36995709485226763,-0.059903886222029946,0.0023821478547089658,-7.351834977646552e-05,-0.13519429153797974,-0.05488017789124462,0.05640904274654377,-0.0784176785295244,0.049386587688880386,-0.3205579107603672
protein|CRTC2,0.010121470097537935,0.013709246384948656,0.2467604104327782,0.016094402105279116,0.0018112292429100184,-0.1987675936110223,0.021624403439324282,-0.006575537842695785,-1.5434968993276763e-05,0.1100336767482961,0.007473564343683156,-0.004831741668644409,-0.0050300764505664414,0.006305697452429895,-0.02157711762988065
protein|LAIR1,-0.003166922185054958,0.12390202043680697,0.4845255769931578,0.4298488760632443,0.002944528896404229,0.21084966597903523,-0.1371736503640429,5.5663915310388266e-05,-8.086163951502972e-05,-0.12544427573060854,-0.003500302074867826,0.04515967971618103,0.13908849531407705,0.011525011401769102,-0.008776470539999363
protein|FDFT1,-0.006444560834869564,0.016855061147157784,-0.21376783912264502,-0.23256114479826073,0.008338416292194645,-0.011212886651640795,-0.012118361545152124,0.001649716524861308,-7.166402571912434e-05,0.10152346706714649,0.015527831246673856,0.08906410109329575,0.4052671640243212,0.042956193492068744,-0.06382348414258995
protein|PDLIM7,0.002312225562315198,0.20999574461268694,-0.08056351257509352,0.06640771173679377,-0.0004827146643743192,-0.13498214250263213,0.04508896747456053,-0.007889809846256174,-1.0032633752978666e-05,-0.14750852818717994,0.1723843707492581,0.05324405316308666,-0.031146404777485558,0.0016143112291582952,-0.15970733885151775
protein|BLM,0.005689270904366904,-0.04618896045179047,-0.45975666557741895,0.06437452432992873,-0.006919229419744688,-0.15151366352384674,0.03227161858095345,0.000453210617813413,0.00011137284660610159,-0.21689036786397328,-0.18759110517833713,-0.008455259718616596,0.24599983762492522,0.010022581020033021,-0.04898043076858244
protein|SPTA1,-0.00853508855973256,0.4773293917619729,0.04839848161400941,-0.033049243429404025,0.021989819700349238,0.01706960387086264,0.06632255558285925,0.0013587211597222671,-0.00017284928648882776,0.5085451309879294,0.05205248538225583,-0.028889134595962585,0.12265350817933296,-0.02875420334836805,0.12662137130626222
protein|SWAP70,-0.025670004217558787,-0.10555214493551998,-0.3512371832085353,-0.18187024825922504,0.0015105108009216852,-0.5331589395853574,-0.1965182179501972,0.0006550158635353472,7.250124434417142e-05,-0.11320355624526111,-0.10424005579058677,0.008232163490238677,0.02632836038690988,-0.007443349203658852,-0.013873062359031602
protein|TNC,-0.008185678397284051,0.4260908780536383,0.17796647090071432,0.10867478703761148,-0.002752200328729863,-0.015562029388267621,0.0014184801444115376,-0.025191456713543628,0.00021708277678237907,-0.1808220494829997,-0.00035923806431628565,-0.11980032904308567,0.009972305069788476,0.006580242648532194,-0.12140524125555602
protein|SLAMF7,0.0017606549631214317,-0.28449659133975463,0.09508061984688754,0.38586698419590465,-0.003341438136617681,0.3006470364047924,-0.14715843371836002,0.0010635565162152225,-0.0001574290621529295,-0.007900183001329957,0.0412006728984845,-0.0170901742303328,-0.10337011186188112,-0.013234838125488308,0.03830368599190415
protein|FBXO4,0.011008340582300057,-0.040610702130770955,-0.018527562930785946,-0.015754561508215158,-0.0011300793057722291,-0.013612382618056282,0.04529842098282785,0.0022489632431109538,0.00013991888589226032,0.025625098255827313,-0.0036890906784665914,0.05609432145072539,0.0667792433857098,-0.009148478647438472,-0.0850235611485368
protein|IGF2BP1,-0.01160769873789196,-0.055444075685506786,-0.01050905091245192,-0.09321141121620187,0.0046488156604833205,-0.018677198973326467,-0.08917899315397042,-0.031246920055496043,0.00012999373152679976,-0.01417738058588785,0.0710940144942768,-0.0002330116687049249,0.0869326056618802,-0.017583698892960742,0.004566767718772918
protein|THBS2,0.006430650396546134,0.4286926184012332,0.14722044802487738,-0.062436140296077663,0.002998524753252718,-0.12323815525450457,-0.003407755810949571,-0.008692134822967445,9.669411045107725e-05,0.04974846018938321,0.0007485139884775606,0.11904210200853507,-0.006644774385015388,0.006541959655061083,-0.031056834998284374
protein|FBLN5,0.001116386706562906,0.5604368973351059,-0.04959181181468737,-0.00919479336222759,-0.005106673850984252,-0.19366680612556889,0.22743148029920246,-0.09826638327686121,-0.0005112224148396588,-0.0217063292863531,0.045760872809041626,0.0004433370650246542,-0.0146618032113594,-0.007607017461105326,0.1469374878346014
protein|RING1,0.009383210413501226,0.2171752601203202,0.6266258826342578,0.08131813319954291,-0.0215132454700321,-0.0987760777195957,-0.0003604003437868052,0.0006689797851067938,8.960849948381805e-05,-0.13500500842569413,0.016097595827679976,0.012024860779247708,0.1534163190067612,0.07809873833299613,0.02143232664456751
protein|EPHX2,0.0019893936897569203,-0.20617549470688792,-0.037141961578585465,0.12741033453127373,-0.010075166208299674,-0.0008582612573499269,0.38139746698758126,-0.0009224907563148131,0.0001423178746411139,0.023547309975386795,0.3035206890905793,0.05912716338961916,0.08085062705277299,0.008039834771862367,-0.004269130575473629
protein|TMEM119,-0.000726082251990492,0.061439756458915536,0.3938265433445061,0.04320526084694971,0.0068800723220654,-0.3358309041920415,0.21142429606942703,-0.1123683529994211,0.00016376271961712058,-0.1271415318898428,-0.014488813227012785,-0.010709538598718813,0.06819342454970846,-0.03902631942361951,-0.355644739886859
protein|FKBP11,0.005739715360046915,0.027134066923396292,-0.05389057881492291,-0.19792720822887472,-0.007410331677399155,0.29916811541837113,0.1413568770751102,-0.0005079117343175362,1.2888225702577361e-05,-0.03568668097361223,0.1308880396374965,0.13188326462949143,0.12972496408228068,0.024972341177047448,0.22200191724894244
protein|PTGIS,-0.0046048190360079445,0.20609125766759584,0.008729172743234762,-0.05870220748441769,-0.0004859612841861975,-0.22999233606664318,-0.016199711175545077,-0.004570930055252948,0.00026788608364759433,-0.04369346357815831,0.030393213977528,0.12174622053231525,0.048715049923181486,-0.007030695402977203,-0.13697902439005522
protein|ALCAM,0.00631989169606103,0.08985414332451287,0.23467079872898872,-0.015152486252983712,0.0020893944755940165,-0.20959637816754373,-0.21952841824191854,0.0021397690038058325,-8.17817168314149e-05,0.042222338116919444,0.003901423879648636,0.007933204028109446,-0.002201928687226896,-0.00477984843347577,0.000791038212286769
protein|C7,0.01198370102059449,0.4547194978340601,0.009849948175577371,0.11190207505288612,0.0004472036842443471,-0.026147217548404513,0.06991561679618168,-0.0006404154222204555,-5.170561449767232e-05,0.4212525794620628,-0.11281901489311996,-0.07746953525659325,0.029914730326873352,0.026013173592813875,0.02598357246054772
protein|ITGAV,-0.012471153735334084,0.497874724723153,0.3143170443482371,-0.043578995985204955,0.004412682776332614,-0.06740576479597968,-0.06953376228882242,0.001278048911839617,-0.0002860729880167429,-0.1597924869846168,0.092629036969299,0.16512025220714713,-0.005664298828664435,-0.04471006177189584,-0.16122622583182036
protein|C4BPA,0.020823168686750073,0.47867169677801574,-0.11059485220568961,-0.07425304479561794,0.017511182278870167,0.018178547444915222,-0.007217250825486884,-0.0006704111138999926,-0.0002853352868511293,0.430696546634699,0.0053330544384125236,0.08758771559684735,-0.04815473976744708,-0.01095898577573678,-0.0457992951195956
protein|LPCAT2,0.013096653895924059,0.16091553014733326,-0.2888336427823028,0.43137370650982354,-0.017736932547126983,0.30745293139900004,-0.11572088868894427,0.002150052013486622,-0.00011400536670134712,-0.0283680891022989,-0.05595605800751269,0.0005294330668188702,0.10593559993530897,0.01210910620623129,-0.007781742040577935
protein|C11ORF31,0.004779720380424089,-0.45210421345917223,0.302515257520444,0.32960383872294646,0.00365999680063123,-0.009848791287588539,0.25114043469713015,-0.0014740124495215851,0.00015936055587251733,0.02305053653670353,-0.029117956318905295,0.08681776650322576,0.058746112159080155,0.012292126231473905,-0.02504036938777457
protein|S100A10,-0.009545272504862859,0.09922325562640338,-0.18582840084624885,0.06724845939302011,0.02828939235607064,0.16855317738562045,-0.005082718412010854,0.23508277809740546,-0.00013572545300134692,-0.12100456473605804,-0.015764817360130547,0.10903375605365713,-0.31763856867368817,0.03713630809500467,0.0016123714343476505
protein|H3F3B,0.014495085417950785,-0.40510770351661335,0.14270913160502186,0.1990913248292378,-0.01193143030979406,-0.18169523162207168,0.31419184911152304,-0.034403661718387414,0.0001475613632430969,-0.05094201544403276,-0.2563426406666505,0.10515622386181205,0.0400952243476113,-0.013412720763732051,0.11404300191827041
protein|RB1,-0.023319247641914783,-0.21353403166820756,-0.23319018316872983,-0.38169339773283556,0.011144556600341799,0.21488579841404767,0.01591881184845633,-0.030089828158884422,-9.42934189349724e-05,0.026602361525389976,-0.26261831022870774,0.07256561520368666,0.09118712734928451,-0.10480872834480089,-0.0445059489626738
protein|ACADM,0.005643133539746443,-0.22025820151175102,-0.3696721210118214,-0.15550552037694693,0.01818240619484952,-0.05761857788770709,-0.019642030374635754,0.0024981740520156745,0.0008551482230672884,-0.1687288894285265,0.261278000972772,-0.014774118843664839,0.004014944955941811,0.014984719675071971,0.13340731888208385
protein|EPHX1,0.009583880692948302,0.23253961830815822,-0.3949498804787438,0.2512470577200262,-0.007504359071322308,0.13737942166870365,0.0813592380272804,-0.004261252785425754,0.00011036975899496308,-0.059931925733716904,0.35129399513909404,0.012623019568078939,0.11548599540710484,0.013581814124585711,-0.0008667827192453915
protein|TBCE,-0.002930755721517125,0.3679440400410245,-0.09437548680103101,-0.11613289039918206,0.009754640322256699,0.0508005677016674,0.02297104001344811,0.10558525803430995,-8.105870309519266e-05,0.09658701541830905,-0.015026123189119523,-0.042859994637447385,-0.0251064284810561,-0.0035016093796564405,-0.004192202292242667
protein|TCF20,0.011528539655874918,0.030403653594993817,0.20280534249270418,-0.24457363412891697,-0.011952255206579688,-0.036810698477162694,-0.005549938782227212,0.0002491840402679463,-0.00015938395233348985,-0.22660046397900901,0.02557246183495594,-0.0416162868806318,0.006372585897590384,0.0032033864516811976,0.017262829188498877
protein|TCF4,0.010634464002227773,-0.2838456027526033,0.1768652711392846,-0.30541783580851406,0.010687700293377053,0.16214520795510384,0.01690710222421621,0.008520929551692312,-0.00013704142940846288,0.037552769401215345,0.028701266274787106,-0.008375738806052722,0.2503701372024547,0.0019830264491356073,0.017024935437251337
protein|CP,0.021183087473198463,0.6233841311746865,-0.018670063870665124,0.0026452815086771674,-0.0020739595240636334,0.10163054365732972,0.008898237190815944,-0.0013554778371666176,0.0002024503930287069,0.3710031362931044,-0.053476410736975795,0.026972891926546425,-0.0140434164856237,0.017684396222840713,-0.1438668487809641
protein|PIAS1,0.020420227570905048,-0.09513504476911483,0.4827867499244408,0.03529192804924033,0.005534634597263351,0.11821645499176459,-0.004340683830768871,-0.012398687601727349,-6.674297167235848e-05,-0.0046645488668609,0.0030871419183299493,-0.10682852035947749,0.3518222606276707,-0.024332850364035825,-0.005864304683160089
protein|A0A804F6T5,0.004651042418544327,-0.20347742619707676,-0.23387546535984932,0.08870840407896181,0.0013006594560020053,-0.08038652854017754,0.005354767154921209,0.0008760015391920486,6.747923307113873e-05,-0.05855645840737638,-0.17999894974727415,0.004134827499232765,0.1035153450190826,0.004787531552068254,-0.032183215393304355
protein|CSTA,0.0008161445807374392,-0.24411637827959162,0.28543033056606093,0.107979804953613,-0.002855969284945979,-0.06154620553477802,0.08325402892449046,0.18023141837986212,7.118119505413336e-05,0.006030756592556,0.11215004697130843,-0.016316238417707952,-0.1423511673330726,-0.035235206749497955,-0.4123741233869007
protein|COBLL1,-0.00627343434511678,-0.2952837610353095,0.05230135942990151,-0.09590693549922115,0.011257564044692716,-0.03694734009974791,0.019617464520484438,-0.012749307350483878,6.484256500426305e-05,0.07449259744707652,0.10180444224751879,-0.0196004632230927,0.02220413583567379,0.001936751783231212,-0.0015663193544373157
protein|EPB41L3,0.0009644757014185787,0.0673192883493461,-0.10799388407812584,0.3822137931514229,-0.005936616316385175,0.2932226388057946,-0.009961701726297654,-0.0002050397021216581,-0.00036636080301459556,-0.3123171625430249,-0.0360582029373246,-0.04851685488162972,-0.09073851578896051,-0.011569007672210519,-0.20649822210752597
protein|HIST1H4A,0.007819521698254473,-0.4801349355644545,0.29942461600197307,0.1298346971929503,0.02621313162390705,-0.14768288766095566,0.23555451629672597,0.000304058448938238,0.0002330212778930482,0.1455174314942784,-0.174466160783043,0.24688833119936004,0.1702413009283138,-0.003681394624790311,0.09623958086248224
protein|LAGE3,-0.01032299916575869,0.3646798453465664,0.6312642905605728,-0.11885820037798639,-0.0032316932453479975,-0.14188904502779623,0.015091843012738065,0.0003964926599511735,0.0002255487350013178,-0.2653472517479712,-0.00097294348829446,0.02352485490540968,0.14864009738910755,-0.02439507653978041,0.08173974511243495
protein|SP110,-0.011677091114735751,-0.2403853787847412,0.43599385820326647,0.06296892801847154,0.010064114645475356,0.14830301033397822,0.10049594336062402,0.0006217650184184002,0.00017451860463324768,-0.02467584889023954,-0.041748676288077366,0.00893046972425394,0.12471140622284584,0.0027954900373825128,-0.0027589998513314357
protein|SCRN1,-0.003767265669119718,0.01415551058244078,0.33340717001428055,0.08636641067691334,0.005212626276874737,-0.30582517890182714,0.012941427722546233,-0.00039360128367750275,-0.00016109213958172413,0.024181174874681334,0.0009958378015861137,-0.009343825773634039,-0.006180776835852043,-0.012428152881379294,0.07645247127491012
protein|C8G,0.01869629458241452,0.59719592695918,-0.035130712168191414,0.024380975018130784,-0.008527946309420314,-0.05350226975996389,-0.0007074029086954548,-0.020340005318614164,0.00012123656843334827,0.3456875531953937,-0.029742044891718594,0.044140600276987185,0.052132680473696964,0.015103615875720615,-0.08952302266243035
protein|EMILIN2,-0.01329262252891636,0.29048480496266804,0.2973550730161274,0.13852890140988927,-0.0005954917691337025,0.39207588844053887,-0.0907156757726838,-0.001375809312654109,-0.0003819265371701688,-0.09326652287301092,-0.05182667889216011,-0.14605381409205648,-0.06294573392586132,-0.03098355898235011,-0.018273771777155903
protein|TUBB2A,-0.002701638891674427,0.1822051210822724,0.03920400460734103,-0.22119740382023265,0.03831598878559939,-0.0010888938748531945,0.02073143612968291,-0.0007614381052688791,-9.179684827306492e-05,-0.026114457931989722,0.01632565291844688,0.012210425230787626,-0.023205192612366834,-0.004957818689051136,-0.019531686672845352
protein|FAM96B,0.0030478570016367486,0.010292802810441709,0.24216042923770253,-0.0350778480672408,-0.018920093424785213,-0.029124689306434616,-0.1684181837673203,0.006337797313756267,-0.00010528323977685068,0.32077499921387864,0.24868844997649045,0.046758724418719776,0.001717092537224578,-0.01772355692569045,-0.002151354655400369
protein|SZRD1,-0.00515463304069914,-0.3050625691412983,0.6441546857584478,0.0577505376532982,-0.0010529085293712356,-0.041129782621874195,0.06507576910351723,-0.0008308675728015856,-1.1868899584599104e-05,-0.15922579918367002,-0.01888904348568242,0.011006101981742678,0.06473834956913106,0.017384430614591863,0.00798899332611866
protein|APOB,0.000654074625497333,0.5805788113401259,-0.08895849794365904,-0.062475798290567444,0.008244815049874267,0.11848406855781128,-0.005104271327981224,-0.0005015380690376799,5.021107615590031e-05,0.27106595291955643,0.003469434811710922,0.01636965381943281,0.019517337725080786,0.010308452411670044,0.0022744175693671545
protein|MGMT,-0.011803879440444953,-0.28054088296709084,0.12564618602707625,0.02998018370887327,0.010071202327807893,-0.30465847373861293,0.018196016056715853,-0.0006981719714369992,0.00027982454473369925,-0.0026425005840009373,0.11670212238655171,0.030836098766388643,-0.08895261923388618,0.01847520869773777,0.037057630779033984
protein|ASF1B,0.003202559160825185,0.034245210994304824,-0.16011528482733786,-0.3030571669890583,-0.002134500219105302,-0.0530692240176227,-0.18615144935012995,1.5104419583794078e-05,-4.678114882149916e-05,-0.052015376402046794,-0.16531688120375396,-0.019986720986229292,0.31864184492656394,0.012710085412423048,-0.0035590091885061635
protein|BANK1,-0.0027468641297976786,-0.1849364677300981,0.0034107173990917707,-0.17912470143494322,-0.0075402211806068885,-0.052421098150470365,0.2504859626078194,-0.0012506776604132588,4.125326588061561e-06,-0.007866683129103415,-0.10859894801284602,-0.0040240071565366495,0.2206207518390521,0.007619699460721308,-0.2247813974165521
protein|HAUS8,-0.007325499310990145,0.15604293660632437,0.4550894966089502,-0.10925517320642537,-0.005429795684591663,-0.006217611397400269,0.02723210610435255,0.0012570436834004725,-5.6617211996461635e-05,-0.11296100427154739,0.003140169052825761,-0.0014639554350821798,0.04427337564190419,-0.0018047202524753166,-0.006635015830111836
protein|CTSL,-0.02235124857406369,0.006234380829646955,0.5982424665463162,0.13772204003960734,0.006111512875299782,0.15579632267017313,-0.12469485206633846,-0.003456065049295013,0.00016331725445358782,-0.11155294389976936,0.05715960319035988,-0.004714715305870788,-0.0654327139637446,-0.02098296607261898,-0.007798118919470538
protein|SOD1,-0.00013994194129079746,-0.3800838068410339,0.5024729883940126,0.024603703208459313,-0.007973277540486328,-0.10855334914849712,0.008930897679296574,1.114686334415628e-05,-1.6867581459804153e-05,0.00740239580198922,0.16258765370749187,-0.10011464621047517,-0.2202024082979888,0.04882397585718671,0.046900667678212486
protein|FAM213A,0.0037306675904431614,0.04608954117060263,-0.4924967582994466,0.2604607134579562,0.0027481613872841733,0.01581228968566181,0.029217332793740333,0.0017888497103063367,0.0001173941583164784,-0.20024689776870383,0.111900688258896,-0.002628241993175609,0.11586723652302894,0.00946040493914407,-0.008796473585092515
protein|PLXNA1,-0.014520099403330175,-0.19022371109263994,0.08593626627415359,-0.04927680809510627,0.008165574258107109,-0.0018098340920338469,-0.03531574052632445,-0.001009941064644596,0.00024329443700306684,-0.00048366547681968696,-0.03164505084841806,-0.0016230993039382355,0.23251219445115762,0.012703333445274429,-0.040285644503473994
protein|CTPS2,-0.00959985299906831,-0.19044052251943996,-0.26688124219048914,-0.10200979468124467,0.002434743434006877,-0.3779042742369916,-0.21793174605596458,6.685821339722702e-05,-0.00039285717313007374,0.09823266475154445,0.01692857702212018,0.020038786432895972,0.024539633810558015,-0.0016661125794445262,0.056829982008847146
protein|FUS,-0.0038282564624545364,-0.4330531934174844,0.5187836065903164,-0.3047221464381447,0.02439452014051412,-0.05775751715186314,-0.0077270876162364105,-0.0012988346784213347,-0.0006392417785659866,-0.13877040263939408,-0.02285434387252047,-0.004408045240312389,-0.1579541119235663,-0.00926490606416782,-0.01261692108332896
protein|H0YAY3,-0.02358914559065619,-0.008344831921439285,-0.3426176984989986,0.23430854262249262,-0.007454322696719343,-0.22170091592435381,-0.1529486321719598,0.004456922861978164,-0.00034007166287467475,0.08054545681877864,0.018839793390153875,0.00629917337602372,0.12002893467971262,-0.03684539576421315,-0.2793998273559598
protein|STOM,0.010988453527816367,0.4762709619226644,-0.17331297162692716,0.3690946190425031,-0.012055744145022675,0.275584073576627,-0.018036129067310617,0.00014987151076712032,0.00048289272725711836,0.2520040463197577,0.0651980310882866,-0.0009633922824911384,0.12603923703948364,-0.014695317409755732,0.008832148286306287
protein|DBI,0.004714463377885345,-0.3628074109254404,0.13640564796484844,0.27255524723312585,-0.005945304825387032,-0.16494293782604824,-0.12130553129435533,0.0305901007587944,-7.173711525039657e-05,-0.05043829822116567,0.0792769884346465,-0.1371476953019145,-0.22640800967059824,-0.02670385280419986,-0.010586586973634094
protein|RTN3,0.00957402022211743,0.23499951503931482,-0.1811422441758066,0.09607617136578785,0.0009135284892819238,0.11768366982214012,-0.019941561056715296,-0.017132362196409377,3.347975298332091e-05,-0.10337521220605926,0.00048455527684726886,0.003499951712617626,0.08459079684724456,0.005203644857349236,-0.03444960727774668
protein|HRG,0.019192524668759765,0.5034892684742427,0.22525509914308176,0.02694477501369987,0.0057909282568371755,0.02804643993522179,-0.08263183302498059,-0.00036237946329476406,-1.81011523010971e-05,0.37057821898311677,-0.002464456543293059,0.06396495172073836,0.05651810070747861,0.01969588670682263,-0.005762540925726352
protein|ASPN,-0.006305151607191475,0.4562205852883072,0.05679036188325498,-0.02695436831946281,0.013465014888874544,-0.031191853742692597,0.02904279041017096,0.0004604732826379881,-0.00014103387090027907,-0.0730789626430502,-0.015440306443301096,-0.0020459462505655703,0.035347314227602435,0.003824322335541057,0.008320671215359393
protein|UBE2F,-0.00968528005004722,-0.28605929328407,0.392158275286551,0.30525090731711463,-0.020367326856263464,0.14317053925730638,0.08469248179100473,-0.046599143780433484,-0.0003254910681900546,-0.13818041797823205,0.16503275624378339,-0.006662820352218074,0.12560570258858686,0.0011338697012963873,-0.0016086811414266556
protein|METTL7A,0.006838080215173273,0.008890991171774878,-0.5020781047209972,0.00514573818844932,0.002169899507261261,-0.24758765619721987,0.23522281257533978,-0.027507638977710677,7.833092978966497e-05,0.0034345018047171627,0.23180391988416707,-0.003417200965279979,0.014064121824994962,-0.030921430640851504,0.10076675815861061
protein|P51608,0.007920599604397302,-0.15801636380240622,0.49746344810606224,0.3704154144093621,-0.0008144086098981491,-0.18303135864257736,0.30507805170869384,-0.01697040387643309,0.00019025738707589032,-0.014440913832060932,-0.03316227142038546,-0.0013989560776002392,-0.09680477248370815,0.046981314992224486,0.039657620721096104
protein|SRSF2,0.021092276038591724,-0.43096879087289464,0.7477977141417618,-0.09536831103700436,0.03292599719390139,-0.005160285389235673,-0.05569339131080768,3.919394377082606e-05,-4.761093027867964e-05,-0.0025302677331473697,0.013598989485014883,-0.0040519383284260396,0.08827734934945708,-0.03407436373729024,-0.04812682069075541
protein|YAF2,-0.002082395808842223,-0.016366336772420855,0.2727431718189599,-0.05983400294420395,-0.0009436486867384637,-0.019579841530805935,0.038172891612564035,0.007446263214998356,0.00013060713083203442,-0.22529061730940844,-0.2646665825777658,-0.04988950645627004,0.08011078173698367,0.022902650298622332,0.07380791964340269
protein|TTR,0.02465477357709685,0.25151520198400895,0.08918503132040265,0.05145296459209729,0.009177107668020582,0.004720477820532495,-0.018102685129741766,-0.0010772890867339264,-0.00010138978318426045,0.27028534006437177,-0.16398062364501068,-0.009143176799058763,-0.2213217608672681,-0.007239012546644529,-0.0019122273246719177
protein|ITPK1,0.003478102763048479,-0.2975678769815973,0.20430379009497385,-0.2219667801828237,0.013400584030438745,0.19398575282188965,0.010627534641689598,-0.007905143036196547,-8.396157896291544e-06,-0.012929866397015342,-0.043505941804844406,0.0066186025435298525,0.16157413835438098,0.015285497416129442,0.08088677467197469
protein|CD300A,-0.011305485693384314,0.31686290068055933,0.3514248778227004,0.12826228692719277,-0.005931245927034278,0.3356944236184656,0.01640281607336064,0.0009686262513038684,-0.00031098796318944344,-0.11772916490807432,-0.12204659835874455,0.024692345262748203,0.1522096847928014,0.04308176388851443,0.10725529596005832
protein|OSTC,0.010132159774772474,0.034532683261173445,-0.5854654950304985,-0.09862013696390945,0.014155929106185246,0.09099341165174687,0.1751514327572903,-0.0069613746090017355,0.0005601126087994144,-0.004297567322974045,0.007498256591274525,0.03212232201771777,-0.04091940810182924,-0.01795971899899065,0.022218705425779695
protein|SNRPC,-0.0012230935557558606,-0.44947291763743097,0.4255012125938624,-0.20051636262775668,-0.008350918883917115,-0.0039776196440147234,-0.0007199554956853599,-0.0006393912594630793,0.00012845886776151715,-0.12565789644951075,-0.0016380994669040188,0.016720490750711005,-0.191402066759367,0.004516916548143818,0.015309939957165302
protein|MRPS18B,-0.007091046276837939,0.00955249523169521,0.38336206612757384,-0.2556885896262748,-0.007156104835555769,0.007486996713967764,-0.004788198983226039,-0.00241552296240066,0.00010547022451713167,-0.22836594946419903,0.19714231514761743,-0.012280365133468286,0.08361039359537951,0.005905101140724077,0.08607090725593369
protein|VPS52,0.005663671938370727,-0.010465616536388033,-0.46553150598398163,0.14432115528852266,0.01205217598506736,-0.1609631913186367,0.0060339214487953275,-0.02773099620740244,2.9618223856542075e-05,-0.09851808714160126,-0.0003217953373537211,0.009357213612538957,0.18811190585911577,-0.002301853888338119,-0.08206734993739384
protein|SERPINH1,0.001558278649552575,0.5007614218869897,-0.09728118802687725,-0.11461834545836548,0.013493988182005565,0.019357203530529433,-0.019375013628772034,-0.004284051042190335,0.0002881747514788476,-0.14481888485290154,0.0030235062105411414,0.21374316297464446,0.138758724834189,-0.020338435309288975,-0.2989669346833636
protein|RBCK1,-0.007533053880917148,0.27654898681677303,0.28599233181617123,0.1569004103196207,0.0029141992071074147,-0.20809347125253227,0.036324750269022425,0.004698553568277118,1.9744756798825033e-05,-0.18280443088997095,-0.2523617904085021,-0.08965029956885422,0.35750965145768254,0.015722654702550694,-0.004974408690217776
protein|MRM1,0.004430375753781592,-0.22344785728767594,0.007491581131763223,-0.1672710742262537,-0.0037848565279251394,0.10211643150275691,-0.06166409186639706,-0.00646127942591525,-3.7732437600912304e-05,0.010468090935521507,0.19639439519495527,-0.013210139458223271,0.28685777088507014,0.014221998483236955,-0.17011975768637355
protein|TXNDC5,0.005302700758150326,-0.0175838451067805,-0.026451496610682138,-0.11595684657086887,-0.0042506495268240475,0.15615719556249413,0.08204559302398566,0.003164043770580354,0.00010293044564485387,-0.032422213329823875,0.09185730603470331,0.04356291970488039,-0.12050975211220459,-0.00980323080060102,0.11470600294948101
protein|SH3BGRL3,0.011665843143190862,-0.24639146365052134,0.4700023250952496,0.39927230100225114,-0.008569980259760851,0.02349725034826222,0.09867631547503189,2.4989865313370583e-05,-0.00016158149835863227,-0.11990932934854637,0.004971676237691111,0.007837694190430051,-0.04847631230979595,-0.043661475555100485,-0.01756550941663848
protein|HIGD2A,-0.004896082940714078,0.028835583461687617,-0.2420372824852701,-0.14743605664414486,0.00567848220701507,0.010703497802021627,-0.027063051465620425,-0.14096088484358643,-3.4915347778887645e-05,-0.07283718100520656,0.2712726478198315,-0.011932326588481854,0.24194454920188596,0.02748709730557613,0.04068727875390721
protein|CYBB,0.009446901478332126,0.20048768375271234,-0.1278775632410102,0.5291709006892137,0.00898807977474599,0.10968060705458729,-0.2821585178256574,0.0009592016139494922,0.00021597337598435964,-0.1413101245857897,-0.005565864694279019,-0.07814950122433033,0.08402873291657159,-0.00103087874251981,-0.14267495696528243
protein|LGALS3BP,-0.0006877313831949296,0.309085182519261,0.27614694172476817,0.22246526621841572,0.006507799488088306,-0.013005569802890526,-0.22495986530427556,0.00017217802816476798,-4.177631517351801e-05,-0.031160168428920675,0.10686271150233412,0.06884794180614001,-0.07659549089307896,-0.006615700835353918,-0.056480539006477856
protein|C5AR1,-0.0031608488828900345,0.2198556563018348,-0.1594963194727588,0.12779501717288697,0.010276542591134266,-0.19692817114237882,-0.00031671429838462935,-0.0008017913396979792,0.00022023932917013468,0.02749775673182628,0.049468235361818366,0.012129070329386721,0.14300402031917925,0.003299031861605839,-0.39346023752168513
protein|HIST1H2BO,0.027090522809845672,-0.4163732686183023,0.5803201466886541,0.14829764983481936,0.025825655458837294,-0.11004339994495166,0.16227590707425907,-0.008134442638079657,0.00013063384915624582,0.14981040819594757,-0.1513834922273517,0.0279604793296918,0.1624110072644144,-0.028101674987206206,0.06364999833706482
protein|HSDL1,-0.02393708364913199,0.017787952021797608,-0.3752025888571313,-0.06279819644036518,0.01713252627619806,-0.17178126676507222,-0.022899803345379922,-0.010905430247301777,3.377578318350945e-05,-0.029320242359843082,0.1748340564559832,0.019612169490647632,0.24004308532094493,-0.06921299057877911,-0.002960194972909857
protein|MYH14,0.0027133294070668472,0.003169049408654914,-0.3976090361767035,0.28787576043710394,-0.012765083796268976,-0.1417782913103787,0.05504187679197149,0.0004509361657366591,-2.8611104610604648e-05,0.0013698211582531432,0.054456555702398414,0.1350589044010436,0.13474103876996987,-0.007384389861130517,-0.06867856069552518
protein|TSPO,0.0251181294514257,-0.02160614597411924,-0.34007913697257,0.3726548023274611,0.005657906024669382,0.17901771880631215,-0.0870837087117174,0.0023631395963382815,0.00023847246824347748,-0.14636809756804287,0.10239963537550105,-0.016126095757883728,-0.09679479768007336,0.04034897678881274,-0.1602560258100236
protein|SERPINF2,0.019165936917669362,0.32365114720727345,0.16078977608670783,0.02607654987034784,0.02524079830505386,0.20178774083309853,-0.030281786569925716,0.004502743076409618,-7.167052401403741e-05,0.34556101314101906,-0.0013996215954284687,-0.01311204100607682,0.031350528240048914,0.007948611143659481,-0.012875551289211529
protein|CD5,-0.0037371370207542613,-0.05112187431274252,0.37257853895553433,0.44070748764008616,0.003675077859911076,0.006806277310284094,0.17786324222077543,-0.015273901839751768,7.67704544053978e-05,-0.12066402264252307,-0.0026568804105057274,-0.03787044270596468,0.12034711306167292,0.0237598300379032,0.01645281780970042
protein|RAB13,0.014073185994043995,0.44288673367725406,-0.0008345688714994133,0.07739869623855529,0.00464746204841155,-0.0005100464401470001,0.015507367207302848,0.0018963264952963914,-4.275571620753947e-05,-0.07947392391187214,0.00691778846490355,-0.04662563843637143,0.04097541989889975,0.050513358205453864,-0.13164245096184463
protein|UBE2D3,0.0019940241025872885,-0.2572155714854949,0.21490088976561392,-0.022277738299262707,-0.01397424988636539,0.029298149470049325,0.0016751105312475532,-0.0006205065660437641,0.00015681783068778263,-0.094586118046361,0.00827716726349829,0.007186407791758607,-0.04663897416300026,0.027716832712388853,0.04623605503148434
protein|SDF2L1,0.007014799935284836,-0.06793405799631955,0.17990322915173243,0.01275593792459254,0.004571325786228929,0.16355036796551736,0.01690908875095751,-0.023309938759232488,0.0003514685848121224,-0.18963825140524693,0.07102982004558174,0.03522256211552005,0.213400996625777,0.010855361833673654,0.028919780805423168
protein|ATP5I,2.648200276269179e-05,-0.022950080942056708,-0.4896178205941001,-0.12867481369192518,0.0007742594839038773,-0.006638484226485795,0.0022609716901737936,0.0005739377705932608,0.00013154669066266767,-0.03843395837735015,0.33537408230422866,-0.03707275359857732,-0.0751892540567721,0.022405781568692787,-0.02003486304520764
protein|SLC25A5,-0.009956990912594336,-0.11846077341155253,-0.5215447189569612,-0.26215207939557256,0.0029454778789693055,-0.01547024562339469,-0.02905685267344928,-0.0032627329288246786,3.421792975466971e-05,-0.12628476500961058,0.1666496520898985,-0.05371711750528305,0.014208203012976726,0.00027114577059163226,-0.010698000194431049
protein|RBP5,-0.014318098234963425,-0.003209414651903879,-0.19137418657437205,0.03136139316935172,-0.008682031151132042,-0.1767393269873637,0.37375160566411614,-0.08952483970607607,-0.00033786476372254793,-0.31342741800659957,0.019425990274670176,-0.014853402803297276,0.023290525332308482,0.026699547380127215,-0.21174635272402798
protein|SERF2,0.036000292761813456,-0.37660107721365604,0.5816911989834235,-0.14257173447317195,-0.01009082499627713,-0.00619083692613281,-0.05744215948851049,-0.0022059323273106186,0.0008863440308124205,-0.04138125467385531,-0.0013556887421388463,-0.02076454498212037,0.02837050356618141,-0.00135721962347136,-0.006116884181531904
protein|ACTB,0.007988712201427313,-0.3487478758176177,0.030720971131484844,0.33586712243844,-0.007235605424199438,-0.20002193265413584,0.00395699733256813,-0.00175538491368906,-2.592244443281037e-05,-0.008302197888126448,0.026689026404463297,-0.10700435124107027,-0.290877857302603,0.025472261806951463,-0.1435358942661066
protein|ACE,0.011473220850254671,0.08298700066292969,-0.07993257707665535,0.3090999107280264,-0.01430822418328032,0.3294731228895456,-0.08553292887466399,0.002798494383844885,-0.00036471339663218984,-0.23072624199778585,-0.0064197022496454495,0.007415311492374076,0.1505396952468082,0.01128786885913789,0.006327706467647715
protein|BLNK,0.00318543809284628,-0.2884455364534959,0.2293224835540275,-0.24906468695546446,-0.007369960056984389,0.012608130053542964,-0.012315621957844474,0.006185476231446386,-6.323229209233478e-05,-0.044533533333190184,0.06494278024573517,-0.04818998077394315,0.07483347127878352,0.016158439120812444,-0.006983855676987747
protein|SELENBP1,-0.008665160923903879,0.2967043189271467,-0.0564035601990223,0.15486736492539213,-0.013341282901823482,0.055792511371238224,0.21450412627295198,-0.002588700557196996,-5.922173034009969e-05,0.34525139741478206,0.2772299261124903,0.004373021031077472,0.11460014046879519,0.0005376440892612028,0.05239516772773735
protein|RAB29,0.0070244648467901296,-0.11485746718996816,-0.36007690160095407,-0.09761777231116602,-7.02620395941718e-05,0.23599778183534628,0.12764442042506327,-0.0011439303572017931,-0.00015975084597484002,-0.0372428444303373,0.0009256653769865097,-0.052695147032050735,0.0002917472089762541,-0.02158102615302411,-0.2274415564120636
protein|PQBP1,-0.003336310737739987,-0.3443806259177384,0.5826704181949335,-0.2467314428302114,0.0038743893967154754,0.12181173479087044,-0.006128328212271145,-0.003237650893498997,6.465798277775069e-05,-0.08991626419185825,0.0680513801610089,0.003652629242131735,-0.18043276235013875,-0.0029654517197077387,-0.0006348857669449367
protein|TXNDC17,-0.00465904705733533,-0.4153880503081373,-0.05286801039245575,0.10448768498422381,-0.013268699325466518,-0.0036054394220470186,-0.024088657351991043,0.0011286655480660169,-5.2458447237488226e-05,-0.004037612674241726,0.001783759090092112,0.0036433901743245104,0.0431765178913502,-0.011083777474290457,-0.002398594840559857
protein|TGFBI,-0.010119518242273123,0.5047763879795862,-0.012549982491844348,0.23407504990960673,-0.0012488972925837171,0.011479846521657918,0.07668701772224032,-0.031200256853266498,0.0001005350309439001,-0.18806035158648512,-0.01742741362710702,-0.041612004231405014,0.05394393003609674,-0.0033043189488574797,-0.009861591946024683
protein|SERPINC1,0.03946191945157479,0.4354027846522463,0.025998498620142006,0.0091991281639396,-0.007100262676475041,0.029537560284736933,-0.005112002723433146,0.002902106382502456,-5.7701897871980896e-05,0.46315357976303334,-0.0003150303542730468,0.005273964852049969,-0.2375678382942132,0.04328593118911487,-0.19560825944513574
protein|UFM1,-0.02347417263094753,-0.5118012403699229,0.34179530326198065,0.038248973060625316,-0.0031678258946125446,0.15723168877208107,-0.008210436071990016,-0.002410839962445679,-0.00034485831980523256,0.10523487282093062,0.14933728964796622,0.15892133781867893,-0.1694546133788518,-0.02148497547532953,0.02050457924795905
protein|H0Y9Y3,-0.0030803658560103206,0.4290820271202616,0.20076352150990934,0.052598572910533645,0.0019459345909458381,-0.0309277787073572,0.22785035865264006,0.002257423763121313,-0.0001287094997830371,-0.09956757250690745,0.021169063598314,0.008974967863871655,0.024609298083860597,-0.011896857224208556,0.02763781257558799
protein|TFEB,0.002710423465696259,-0.3325979244708582,0.30783207000840485,-0.015868518894281435,-0.002514369561906754,-0.1371680005547656,-0.0551223167786874,-0.00010831608974113356,-0.00012513728163589193,0.11900271025971525,0.06570436882611341,-0.021450670395352776,0.25745046281174977,-0.01480591717787107,-0.018952469847685623
protein|GSTZ1,-0.006667959789300608,-0.034831115999122,-0.1707520058962887,-0.04479276873383266,0.004442186592157132,-0.01425291489292908,0.012072005840325254,0.0003962304592693079,8.766575816659528e-05,0.16541133318186593,0.23829763881325233,-0.011020357552450238,-0.03163162079559773,-0.0020491430769824124,0.12940358167408114
protein|PSAT1,-0.00863738445251683,-0.03634260507539274,-0.16751456850619434,-0.2827655132386128,0.01439199625456287,0.18081253498252003,-0.02804382988063385,-0.006983901807457765,0.00014254182071665045,-0.012921337815237311,0.027767689459119546,0.006345478759662527,0.18487099700624512,-0.047956143025482664,0.015163867034479875
protein|FGL2,-0.018702458727346247,0.21728934199158995,0.131430508501866,0.35513180758940804,-0.0016868841521094542,0.12765507051923397,0.05905490520215085,0.001036676504194413,9.63099424888139e-05,-0.1708771607327524,-0.08040412126867923,-0.048517867891155655,-0.07152299236996947,0.01939104569342736,0.05993280563598464
protein|TYMS,-0.022098181273818268,-0.08134756435093202,-0.029155024046121608,-0.3538467675412278,0.0004208867262183626,0.15279870657493316,-0.07075163467746537,0.001240600870111855,0.00022067432217699423,0.023720333296984437,-0.22859149544234858,-0.005082459683675143,0.31206774945507404,0.028507846313682403,-0.008039136430387634
protein|APOE,0.003303401488278304,0.4232251766433272,0.18286259193264484,0.07442635356696571,-0.0001515947548312605,-0.005536862569998526,-0.32837391204902733,-0.14045256456649566,-0.00011602797426978444,0.10064212110034576,0.10690655222820049,-0.014653669230491002,-0.017393150669021352,0.015039369676158598,-0.12171748193841345
protein|CD22,-0.005424791379950438,-0.0035636769144216604,0.08119472331354836,-0.13864696652713318,-0.0022655312881300935,-0.3925739208799674,-0.03811248552446255,-0.0025587119140674827,0.00010802021027682019,0.054879892452906295,-0.03806950781064634,-0.010214762507725905,0.09714262886521016,0.014845851612026673,-0.15381570843598155
protein|ISLR,-0.01734152935232587,0.18548866845804543,0.42821926243108127,0.013996091064040981,-0.005362157827063446,-0.18959251385485973,0.00969419158702209,-0.012313668615866281,4.681188515567256e-05,-0.03546801498647905,-0.009819375263695784,0.12581185783541354,-0.0811714756837706,-0.055957371804969805,-0.09250069253230968
protein|DERL1,-0.015909246105314277,0.3294688458044834,0.2447305387206388,0.11066935004406651,-0.008983042679532838,0.040781448160481286,-0.02360288696923029,-0.15942692535853614,0.00012318543486313432,-0.045619081758257504,0.2403922982204001,-0.01631995197809748,0.20315385705916075,-0.02654598248912235,-0.07707841224773578
protein|CPVL,0.021828123676843773,0.14065591776932432,0.12102641797123827,0.3269635826351359,-0.003484799359697813,0.3078276246880944,0.02045496235462577,0.005258608413025184,-7.28281767457812e-05,-0.15559489946262783,-0.015279840265838882,-9.033843667636148e-05,0.005290757841340174,0.008046178747017857,0.2016807956108563
protein|M0QYT0,0.01472387772368019,-0.16408656699558186,-0.453087055122031,-0.17204887167925542,0.0207515307529451,-0.05508832373222525,0.08158156580549421,-0.059150900622676396,0.00019972848757157235,-0.1461835676554118,0.42830651231014594,-0.008211449436917907,0.12097936997568771,0.016355269113576994,-0.0010477457692240459
protein|COL6A2,-0.010826876810550296,0.502222645590278,0.32208553529375483,0.12914163380176336,-0.0029471383247581624,-0.01673655640337719,0.009675174654515268,-0.030047732126103392,-3.8402236219354796e-05,-0.23773498377203645,-0.04513907116859545,-0.010843103542629557,-0.13603141611252187,0.00347103521625445,0.014749484754960521
protein|RCSD1,0.006786392061164973,-0.1935633380357689,0.4095754052483605,-0.015937905105207144,-0.010494147947288358,-0.21770597538730857,0.09196156539097011,-0.0007138887364280694,0.00027695495935020864,-0.10677029878547845,-0.004605539809054267,-0.10623092505552947,-0.13348670060720963,2.8768952421624247e-05,0.050471459375375
protein|CD58,-0.0018079308044047296,0.0027479633752994816,0.4263046949932141,0.017806697890567165,-0.0023097307754238977,-0.10581723005422301,-0.13336095244388957,-0.0016519739760030305,4.6065910007724964e-05,0.3325764076277435,-0.003558985930128225,0.024079209207126532,0.20405709390001042,-0.048590716631391945,-0.027649165265372325
protein|NVL,-0.0006929216710139519,0.25245905652259787,0.3073002041388173,-0.206777198984651,0.00712854744483878,0.015928918310142162,-0.027182210374732403,-0.0011277894550799801,1.2409211014716208e-05,-0.14848200359948702,0.06508885171981527,-0.02256464076249867,0.32087700275429926,0.015138622566896265,0.0662100161631904
protein|SLC25A6,-0.001344935143351288,-0.16397577363371565,-0.589483037807727,-0.24215600944184687,0.010360648841913131,0.01387031673637638,-0.009093868492818503,-0.007355069320412479,-7.592648579480615e-05,-0.18201697528428948,0.24437900137006074,-0.010445517073896099,0.09666257407627749,0.03951520990741504,-0.023596704883430367
protein|MYDGF,0.007730935173095766,0.12718058789901285,-0.45419353963973585,0.03258444297112559,-0.011571444601426506,0.20636949152060002,0.012086598565714875,-0.007936102933304141,0.00021150142951824173,-0.1997150252511058,-0.009550506976798618,0.008703463249978078,-0.07722336075754578,-0.018984131737314325,0.03993334883406372
protein|LMCD1,-0.0037874723891201225,0.3410558859195289,0.16508352367142407,0.011766298257142465,0.02830207567399717,-0.149327766806504,-0.00838800010545162,0.0028993325568440567,-0.00036710278446330975,-0.1732812220474964,-0.03106338380997369,0.17595184287415636,-0.07994897196471068,-0.0013551552195879076,-0.07672399848213418
protein|Q5SRN5,0.010382523838696063,-0.014668669136435537,0.11262766441781169,0.33611978519688784,0.03628898426838147,-0.002171489029872642,-0.15751253011049596,0.03636188897393514,-9.420423719851565e-05,-0.10787164759880963,0.003375407036159924,-0.10589157532587637,-0.016618776402246304,0.0026658662009907286,-0.024817663945803828
protein|HDDC2,-0.008295814742742914,0.18324906316541248,0.23740886729320523,0.10128506416665381,-0.011048445746879996,-0.23688991063185452,-0.010591113040974416,0.0029779455995818274,0.0001704429759298213,0.3100977708502223,-0.034266053097602694,-0.019473690499948928,0.04715077540797692,-0.0277082479349431,0.10863548764568647
protein|YBX3,-0.004129984836653784,0.11177768702986035,0.5618112103972499,-0.15225707396898658,-0.01793338952873867,0.14660960988828345,-0.0002441016823707036,0.1143425227913494,0.000161283681206486,-0.16704097479222216,-0.012201185470730033,0.016879316490644884,-0.02659923848707127,0.004838683493255674,0.020006297308319397
protein|SYF2,0.02019563235397888,-0.11213506051209389,-0.0511951240163582,0.13320072639273628,-0.020172482964706785,-0.06160005778266238,0.009635742947818026,-0.005758318877843717,0.0001572429207754064,0.43520756665811827,-0.02817801536791367,-0.029017538550956155,0.19073891645292962,0.0326580556989384,0.014688630544485323
protein|SMAP,0.008849910729116096,-0.40262626489589903,0.4857052414687137,0.0023379844124735982,-0.008152720474216965,-0.038226502513656974,0.021113363233670593,-0.006030083827510143,3.419517215761751e-05,-0.026940583251844487,0.0015912157959680378,-0.04431475621341928,0.035389778514086014,-0.018304174973835987,0.005587177261611025
protein|PDLIM3,-0.006282350852685946,0.335239849509784,0.20178751493850453,-0.0187687246916699,-0.0012638691814507183,-0.1764193869164336,0.011599135289198245,-0.0049555909038318455,0.00028912796083944,-0.03291446934680968,0.05414565679584459,0.08442642779734577,0.16574327686582466,-0.0019378370399623873,-0.2066360454282342
protein|CLIP2,-0.01065327347657587,0.013525743171433933,0.10222830617617264,0.16047378948399357,-0.005177006640045971,-0.2669747983740564,-0.0367348093946562,0.003292198814931566,-0.00012694582831137758,0.10160372359125429,0.03871213875014364,-0.0013784812621431364,0.043451112677392045,-0.016900160484899746,-0.07898801037832648
protein|SLC1A5,0.006877673042788482,0.3800226215988258,0.04184121582895402,-0.2789287276259031,-0.01928527975762599,0.10587517533937954,-0.1292325258273596,0.00016722729113580043,0.0002915835982672253,-0.0017530452832877927,-0.13044453583209104,-0.04428284262495464,0.1751952197166662,0.07888180565288704,0.007241889872870446
protein|BCL11A,-0.004499000926953093,0.0008581900972302179,0.3179988297066955,-0.25264559450758145,-0.005643281145964551,-0.21858873597305964,0.06661537991627417,0.003090223744790303,-3.418459719788289e-05,0.04597083347416477,0.043150983685873695,-0.05214016085111907,0.15436477352475908,0.008965937189714904,-0.008522920008731096
protein|FUCA1,0.0005898248391376361,-0.10888988664432947,-0.2746079293914486,-0.04699909290070092,-0.002177974312281734,-0.1682029069493543,0.2712503180685552,-3.814434086878706e-05,-0.00012091491475714669,0.007438056130246401,0.044942410737833165,0.017555397641733413,0.33677938035072463,0.00850079016180105,-0.017585047885601453
protein|A2M,0.0087878238045739,0.6008529785013458,-0.1721086438983723,-0.13230353831691266,0.007834563180855366,0.05829844385145249,0.007070348730903645,-0.00179473163641106,5.76030704296671e-05,0.1985222851876803,-0.07626616847343824,0.005617856183713086,-0.04914772513915984,0.01370625930150054,0.016831369820270004
protein|MRPL34,0.0074303846288318424,-0.29480594480974714,0.5509675615168859,-0.12034068334408464,0.004196968021787069,0.027344776212605053,-0.024634410704502917,0.005255423120153551,-0.00010987271341906725,0.0018245326065462117,0.1338085030938061,-0.00988784119341576,-0.0033318013486521116,0.014460530195084365,-0.025944682649036953
protein|TAP2,0.004080591099810998,-0.08396309926303076,-0.15586085522001641,0.1363875260563898,-0.0047233329820596,-0.044795460245824974,-0.05177149205623513,0.005681873215877441,-0.0003712199711075194,-0.0940420216007337,-0.01533980761609985,-0.07555605332401517,0.04771710812376957,0.02087541482401026,0.017791630731158515
protein|DNASE2,-0.011702813889205278,-0.15645469899278042,0.5090935658123968,0.21281955110964965,-0.0040993161818216614,0.2780130083434153,-0.06086334794340868,-0.038866305094914656,0.0002532423824555254,-0.17952038405487064,0.078856908660269,0.006379599550093195,0.05913862240221091,-0.017841280117226882,-0.050111387595693016
protein|GLRX,-0.024083181375817247,-0.28453104941512514,0.20446967643566935,0.3093582697993085,-0.014442880372875356,0.15078680966351665,-0.10348430724296247,-0.0009885158431205817,-0.00027391835582168836,0.034048447764224464,0.06530813501936025,0.11144135286465831,-0.08619326095659076,0.07322373588058577,-0.025817747653566484
protein|RFTN1,-0.0282225720210894,0.004663859139745057,-0.11695944074932856,-9.613503552756994e-05,0.010168935242782501,-0.5858744829177404,-0.17036437945574895,-0.0005146110315830609,0.00022845811034162707,-0.15824755650135572,-0.003810829139280181,-0.029487916364491874,-0.02621931227310037,-0.025647039083428105,-0.09140656617057344
protein|IGHD,0.01627042639733544,0.19772960332710793,0.18997703638103527,-0.09998778525802535,0.0010888047895256177,-0.11132292762329565,-0.014071832978074548,0.0007941917015357735,0.00014654923201408475,0.10906895029619369,0.14833417277436325,-0.0071747374527443035,0.05049731590733382,0.007234813402743161,0.030706951490789742
protein|CIRBP,-0.006834197773525638,-0.2841393659463928,0.4595421064798913,-0.054805857035009405,0.0202311786298835,-0.2418567665141336,-0.008458603917077555,0.17999896258108997,-5.870314375313308e-05,-0.08063384891119331,-0.06207211839618493,-0.039008283184141,0.05552780323141994,-0.027165276209056476,0.018161027687007752
protein|SPG20,0.00846717309532242,0.30699310252927897,0.3055312206223438,0.1718718633337297,-0.0012801979705138937,0.13734579063631466,0.025129975006855248,0.0019602967399464564,-0.0006317114467648437,-0.36820546992874753,-0.10073793529641971,0.00634090690442879,0.11315172177159409,-0.005121028599857312,-0.0020883301908507916
protein|PRKCDBP,0.011270464414417864,0.32235793607537977,0.30855153078892394,0.017872641454169426,0.012081451794234557,-0.03932073533077034,0.08657256786361395,0.0032062771539040605,-0.00010891366529561816,-0.10136604871017615,0.010301431269078093,0.016521345367054477,0.24321475950314786,0.01585516572773996,-0.02950396081299118
protein|HIST1H3A,0.018380799268257284,-0.37386944523428245,0.04457220703924416,0.06873093510134164,0.01737470193843193,-0.19625280907258694,0.20202319545293468,-0.003980782800351061,0.00014739415556457814,0.05942398634522879,-0.3161270132465568,0.09053116188930224,0.09634166338840847,-0.03459217574834043,0.15546489433021324
protein|LACTB,-0.005057074655548943,0.12718636198289532,-0.3820658975094944,0.2603659585665796,0.03425586176222965,0.16562667313166354,-0.16122438121867033,0.0024647061962705698,0.00018955221762989772,-0.1767936033290895,0.306613531575188,-0.07183883530844348,0.07649220436149581,-0.03798574445076984,-0.04607457094447432
protein|ABRACL,-0.0024811446970026013,0.02797699234272335,-0.09036527912136577,0.1873709895095473,-0.005650898546646033,0.019173418251107452,-0.11363290317193595,-0.009445980449674736,-2.6932649589953675e-05,0.37039723969867144,-0.04890985893471164,0.0005207282325522779,0.12781455444469741,0.028085938645616895,0.023545007073198485
protein|DHFR,0.00580793284727351,-0.09980995803672342,-0.1751671081065388,-0.27654211954656854,0.0003689648850519949,-0.06988436646969756,-0.21296771655708494,0.002005727762567476,-5.970160528320357e-05,0.013685336025672772,-0.04208716181562539,-0.05036431089237922,0.2455035676841296,0.0014869817563604691,0.013085311788065794
protein|ICAM2,0.0013733776635705124,-0.05155894432399603,0.2533438363373391,-0.1356508678890854,0.004234911610616164,0.04416682506939517,0.020820554032925244,-0.008360237697880532,-0.0001359836619685448,0.2937254625318654,0.022728071317182026,-0.02749208686561246,0.16849075637876976,-0.024099332952624463,0.16391060847532746
protein|LTBP1,-0.00413564523726808,0.47722132107683807,0.25582184679316905,-0.0441735732602333,0.003950190833069787,-0.11427326784759621,-0.002245167511000134,-0.006391359336898706,-2.3438883034467638e-05,-0.045458277349657766,0.09102076245142182,0.010271586578273605,-0.03193461066777744,0.005055596709988242,-0.05280674226504752
protein|GSTK1,0.005357019666013589,0.004654356455991269,-0.5020823760475327,0.2345596065465363,0.01199114471783627,-0.12198071395089542,-0.003083690195893177,0.015247608881705661,-3.4720092429282306e-05,-0.1937775005900941,0.3582594769211883,-0.10825523858260705,-0.14579082443538827,-0.02450723772527507,-0.00803049294628158
protein|FBN3,-0.018854768617330733,0.4904990629650542,0.3523104838431958,0.04441920309265079,0.004833197281471487,-0.18857249637745663,0.014191387454348916,-8.158584573696691e-05,3.991357677180417e-05,-0.10110315911926608,-0.0022915321113753844,-0.0174450096865984,-0.007057332248893349,0.0027008971348390673,-0.0009685027085086019
protein|APOH,0.01922477799388203,0.43372127659699417,0.2007058258336846,-0.03645464010445165,0.004199440802929339,-0.07250340892633346,-0.1014386695479121,-0.0014022155970826844,-0.00028071240088407606,0.23495599211325513,-0.0010498062986714783,0.08805152360775044,-0.09754807628076782,0.0035150911459865043,-0.09939924070529184
protein|LAMP2,-0.01885878772207826,-0.06336524996749728,0.47920215454354087,0.15756135028416995,0.024688935407753125,0.13689060470229114,-0.15103835696786583,-0.0006010769880245642,5.7742747505827655e-06,-0.08896564690250004,0.12069238847149859,0.017442165171361643,-0.09424577658302234,0.027544316532065405,-0.1180501654193501
protein|EWSR1,0.022075027718470128,-0.35227794280046065,0.4670796763101492,-0.0034194060289969943,0.025952807289021322,-0.09680335853095527,-0.008468210011340658,0.05090542561420158,3.4914073652359983e-06,-0.14048301702701893,0.016865452386606097,0.006853357733961298,-0.2914649665274353,-0.001802009382984545,-0.07354834029497496
protein|HSPA1L,0.0006644821933619899,-0.347667489147924,-0.35025116580235366,-0.18615113333005556,0.004639461323520216,0.03182851034864278,-0.045566998349572466,0.002711581715863349,0.00015925158384867845,-0.16731478032890804,-0.12162768428543792,-0.008828581984998713,-0.37598241324967346,-0.024935955288517327,0.0018072378198057194
protein|CYP51A1,-0.0024130659127725193,-0.012671205574915302,-0.3030201094228718,-0.22698431405360775,-0.004928275750746611,-0.0007817291378787744,-0.08969526142836372,0.004676101488254248,5.1567988617504724e-05,0.05500178276775893,0.1081533497993893,0.015188122826049765,0.18203005791672883,0.013294701073818747,0.022574860925986266
protein|PRDX3,-0.004749277500245915,0.11957661268987889,-0.36681151406238627,-0.09756277167605343,0.008997676752257938,0.01534285235955127,-0.05819246487780294,5.488137203101518e-05,0.00012522253064202555,-0.2079358682550744,0.4438672455460551,-0.006198672880811075,0.2644183047995721,-0.0057516392499179225,-0.07092114461038677
protein|EVPL,-0.0011311662961628402,0.24198740196342872,-0.04816950669484566,-0.0026453977367199063,-5.814440826671278e-06,0.1366051000385722,0.04440360864971698,0.03641978221344333,-0.00013229264720142255,-0.1388144127118763,-0.03137575283171742,-0.026975362321871026,0.19185839965560525,-0.042493267134907024,-0.07251930209749193
protein|BPGM,-0.009350817820625778,0.22650898152811227,0.025839455174799447,0.07370038981279993,-0.00041355420064730916,0.11491435105465411,0.02287487837720025,-0.0014581531774197833,-0.000223502502189988,0.5011589196331222,0.012249085683974203,-0.011355851630693165,0.10075806215272222,-0.05354070700477162,0.07848584371568079
protein|CYP27A1,-0.0011028530391787859,0.17094234916711368,-0.14316899837608882,0.20359821435968833,0.010389102795784644,0.018847480414345086,-0.17503423498857965,0.002732717015452325,0.000264980267640992,-0.13084315885212902,0.29468762737000453,-0.032742917673263656,0.274755545306143,0.004167688496764228,-0.2137202295313691
protein|SGPL1,-0.0033779420796141977,0.010901713164168911,-0.5729735757372091,0.13311077563308896,0.0011375662662180025,-0.0013071693118087869,0.15769543713609632,-0.004413692135251673,-0.0003499283154326302,-0.33965116543254315,-0.0017708563503342535,0.005471397585572993,0.09905723842777599,-0.017720905359262733,-0.12833254147612017
protein|MPP1,0.010119283750480818,0.302801105143538,-0.26138464886969526,0.2253566240844119,0.0038334524920342608,0.09081580980241569,-0.13546131259550642,-0.01334284192721522,-7.814120644203927e-05,0.27660294502139704,-0.031238855020342352,-0.054705777101174614,0.04303299769229173,-0.0002246443590475164,0.14380949649846433
protein|HADH,0.029462011758706084,-0.17303102989338096,-0.46595346213422517,-0.34482037598381604,0.00037839207900422327,-0.11901082903369223,0.08109574346455208,-0.00041454209567336,0.0001196398221887914,-0.05079893900866178,0.38023573191964016,-0.05687004749505319,-0.005531783356629241,-0.0007862533230708991,0.016931983552569096
protein|NARS2,-0.005672525618510457,0.10537364475692063,-0.05811095991702455,-0.28799936869750603,-0.013960790998727782,-0.09863349308778431,0.008740310327323962,0.005047481185436003,8.097814978934096e-05,-0.2900697075335919,0.3717768565215209,-0.003671565149635246,0.039005005269742474,0.025204638760310476,0.08665815055394936
protein|KIF2C,-0.0021536479774277913,0.06144233858138215,-0.09998422933137069,-0.3597314219442864,-0.002051172812555599,0.10819810928759029,-0.14229406372049658,0.005953713445594351,-0.0001771936133308957,-0.09089631039419202,-0.21926030082555978,-0.006324472003013035,0.23157188879049256,0.031155438965577664,-0.07786608420229314
protein|IFI30,-0.0027260830756544842,0.033369065945749,0.4780634640068523,0.15119722445000058,0.015372943631205678,0.06864948469096208,-0.06017127786279556,-0.0032838921263004506,0.00012513007471117872,-0.11128294669051238,0.004228274558641163,0.0311044025294217,0.25089557049397426,-0.002721549434524516,0.025268673373691253
protein|TMA16,0.026394915969042705,-0.43345245771498836,0.3112808914202601,-0.2795738516398941,0.0026669730845980057,0.12332684922515881,0.007426237662853871,0.007762042952204158,0.00017806775477854851,-0.06745595786318262,-0.07793891936388987,0.0008120168084529579,0.04633393786283733,0.0022851212462547334,0.03699068941116217
protein|GPATCH4,0.013204675896303671,-0.017531145200187986,0.41636993437074704,-0.3842226736050777,0.011549030277656394,0.08090466240419875,-0.030121771602036062,-0.0008220168139061639,0.000607263844618843,-0.1704466694779402,-0.002276473890852915,-0.10446498219355842,0.09453241877225839,-0.030468307277994978,0.013347533656347542
protein|GRID2,0.00035644107027468314,-0.12856118360628527,-0.39882266921510984,0.14540687701090296,-0.01656969762719961,-0.22084733211468538,0.06842490672110026,-0.033405040673221385,-1.4367009942857764e-06,0.2565971728539598,-0.08215544625688087,-0.0066735909728641496,0.2347118389075655,0.03830253799710253,0.08532036304355392
protein|SAP30BP,0.014701888002507131,-0.19863532571731446,0.6508124918340786,-0.1314767866328654,0.01536220143043045,0.0052058532353340846,-0.035468823259372444,-0.002363433222511807,0.00013183339612676362,-0.03309894690128244,0.08931033889670192,-0.0679919431345215,0.060271366611723554,-0.004329188847567559,0.007903828313504046
protein|GNG12,0.02114109747869223,0.38229263154638027,0.14262408500664997,0.06733109076223948,-0.014263437417676984,-0.15938768783757123,0.174243365991313,0.015394082617850304,-4.241222650903738e-06,-0.13183388552463754,0.3071231401372905,0.06843047789363745,0.009422821608909128,-0.0032476225441511975,-0.0007484579634675902
protein|TGM2,0.010407422784696077,0.31443987658413597,-0.2297914750096524,0.3883512664579668,-0.0016631579935367635,0.22765896162683175,0.008644179522906584,-0.031709774378244585,-0.0006062948303845627,-0.12084600580442051,0.007615680900541785,0.059866659159971566,-0.057250721599432314,-0.0065723793922649225,0.0068563627117438864
protein|MRPL3,0.004455316153187761,-0.30447183634771213,-0.025064595954371178,-0.2567132474931,0.012101672699620413,0.07601173990996507,0.05528896698095849,0.008184926217721343,-0.0001427979847927206,-0.05318221053396271,0.14636270830265238,0.024947500724743003,0.26616839499896483,0.005989850371128379,-0.008930837657995561
protein|UBQLN4,0.0022821760024462115,0.3245769252324345,0.5394879990138792,0.029034155131733796,-0.00345601360741,-0.08725637473516606,0.009418373600902483,0.001701020235429263,-0.00016373890629724105,-0.18749533434709126,-0.005724839068061937,0.08541617809623836,0.22613286915787123,0.012979256466347405,0.013148834048900986
protein|HK2,-0.011480723178716635,0.153307438407727,-0.020045341599246196,-0.18881009576209729,-0.005040143631631385,0.27636656423827216,-0.09143945574809648,0.002015422590195706,-2.5092972174735072e-05,-0.039996564691734494,0.04203539026294853,0.01576445980161907,0.08337122197298444,0.08604041794843366,-0.12305099871085629
protein|EVL,-0.005507675933673379,-0.20933425149702958,0.24656665532768463,0.5282474439965126,0.001015676210411151,-0.17827258497750315,0.1616661067371399,-0.0021496861780087224,0.00029112090923409716,-0.1638453707091025,-0.01380746313401173,-0.0985886539967096,0.06796664706986438,0.014046739865522902,0.07585305936507089
protein|UPP1,-0.0062763360156484396,0.13396374632115293,-0.049706711593882395,0.2547793679940134,-0.012742231581842558,0.03158638948323382,-0.16966650279083437,-0.001088680236665328,-6.467534629119842e-05,-0.020525431612891276,-0.060695453470116636,0.03690660787268692,0.12044700037744273,-0.00250333579275627,-0.10629107223302355
protein|COX6C,0.007620112351526077,-0.10665180224503701,-0.32861122119682895,0.07095306887721836,0.007478316965846817,-0.00792662023511874,-0.041637291269068046,0.0018585320934404127,-0.00040823924723407416,-0.041172778586102514,0.42035717097496444,-0.0033936954307680666,0.049780792076917685,-0.004076721583382009,-0.0066623892547264495
protein|C3,0.027757552457094364,0.675280687964155,-0.15693861063356962,-0.06463969061264822,0.010623399151968166,-0.0565275728738259,0.02107124409570088,-0.028690116762233812,-0.0001204473198827242,0.21198850415293663,-0.015479289380077985,0.009275299988107968,-0.0717673610912939,-0.005004512749595231,-0.17660352524417988
protein|NPEPL1,0.026985373047909707,0.39677659056883147,0.324510428962479,0.05363843934604081,0.0068010634883791336,-0.02237887304235629,0.007106961368741123,0.0023023072170460616,-0.00041391851657414277,-0.22050372180673875,0.031940977430948064,-0.021368090366468032,-0.09267996997790744,0.015543952231592616,0.005023561435666904
protein|CPM,-0.012456180874817643,0.07351455395159938,0.03986926146909362,0.42560177669954746,0.01796769836088183,0.2017066221355896,-0.1495319323938472,-0.0038691542097677428,0.00019917300749006377,-0.08635879575295229,-0.030051692030732876,0.008240696281473116,0.08120603276538567,0.004837282794863313,-0.06162315900727976
protein|TSPAN10,0.00839180593198,-0.11598271574425721,-0.021977075089832075,-0.10385783659007965,0.008220351324215143,-0.005013409235839864,0.027123887887786864,0.04580183687384599,0.00016540966377205518,-0.11789727427577908,-0.313075364068277,-0.02039175927544243,0.5633137813415194,-2.7451488772667612e-05,0.011480078076609484
protein|DAXX,-0.006116265425240911,-0.4854819126982171,0.4079055379560626,-0.14374532830688644,0.007642352349300067,0.00128427508268802,-0.0009240987153542772,-0.00035796494769770254,-2.7543525819857027e-05,0.0007490205715234488,0.0103750358455401,-0.07308922176968655,-0.05989806583400363,0.009235672642869217,-0.13419434559299154
protein|EZR,0.00287350582139443,-0.2884460598782674,-0.38997922414896924,0.00856212661402422,0.0016959852410330476,-0.39205792635732795,0.034890572217007296,-0.00013667834501610617,0.00013371790572395717,-0.1463894020701842,-0.04808820351300945,-0.025692603340771916,0.03262351485460068,-0.0274976351552081,0.014967180632036283
protein|WDHD1,-0.004494476087812865,-0.0029158423921496223,-0.1748692874055513,-0.4369514916235952,-0.0013849646580225464,0.04541435931009284,-0.1581730890304092,0.00220477826345628,0.00025433815368266165,0.009852245072042395,-0.23695193282978474,-0.06051372771801973,0.12107268406303359,-0.019348953338047023,0.017904967926314273
protein|ASNS,-0.008000311862055867,-0.032230066514870065,-0.28773495747049505,-0.37237928256471453,-0.01151230233721306,0.04235660182305814,-0.07748902181476852,-0.02827009575175551,3.9450382037948555e-05,0.01638296053420476,-0.004072570619617651,0.025360866270273265,0.14087101040516817,0.012874816773813642,0.009984291495045872
protein|ELP4,0.012673889640792371,0.055426112738957506,0.31729214519955556,-0.14275671090478342,-0.00318586005585192,-0.0503640897436505,0.03223627180546371,-0.012666959827263628,-0.00010725729811948322,-0.102384085641792,-0.032530346695942694,-0.038418889539471444,0.19543942989260182,0.006810555059011174,0.0843209747185231
protein|RPL36AL,-0.002003550444914696,-0.3401503020013713,0.5415961030117725,0.005836187768637498,-0.0023199719353868224,0.09278619667906177,0.06904396312060274,-3.967938414000859e-05,0.00025811217564784453,-0.018089410649942975,-0.01648415247022459,-0.005510733197382902,0.14823949157944796,0.0008990500403829054,0.01657791285394941
protein|CLPTM1,-0.009365189844175193,0.29890138259525284,0.1658502889692996,-0.05016974692882605,0.014107643919302498,0.025501575701311407,0.0021471975296639286,0.08306128640487619,4.0789338193346156e-05,-0.17642136983156298,-0.0017832906081185033,-0.01886393116465743,0.23346104526654152,-0.0034984552567863046,-0.182944886261112
protein|FAM126A,-0.008224226396741084,0.018409319141675,-0.5100444512731953,0.07221680132285756,-0.0034606969419328205,-0.2836737157926045,-0.12999949806392166,-0.003747828056127386,0.0001404021841074345,0.1346587521411783,0.03524012660888913,-0.015033595396969744,0.03795241159512803,0.0008420698870809468,-0.006220010223653496
protein|SUMO2,0.016710312220846568,-0.5193883206156966,0.4357878830386479,-0.014740009861470943,0.020076993545942737,0.053065055445629096,0.014987254430862174,0.00032585588110387785,-0.00031322912201840953,-0.009049444864023981,0.004932849079066677,-0.04094381961609413,-0.2603852246140355,-0.09405660705662414,-0.05370421809376578
protein|MBD1,0.03258918314229232,-0.02439710732210611,0.5353017989357812,-0.07097237378691598,0.008922971601262597,-0.01669822352068209,0.022334744280146247,0.006379781096881565,-0.0004839081365172291,-0.11578677585528202,-0.05563645372719167,-0.03371765045600241,0.16925914035018919,0.012509990768622574,0.02947619592051582
protein|GALNT2,-0.0015602591024362431,0.09609502797114057,-0.014841052949457818,-0.1938032295514236,0.00029261065063332267,0.07789970490518279,-0.0432052264917357,0.0006343898860657421,7.979772586935874e-05,-0.05323497458292704,0.17036465868633363,0.016050178191401285,0.018850945392151448,0.020822685532569014,-0.005204211537224173
protein|ACSL1,-0.011410575686771769,0.2563883115634391,-0.34433835696473986,0.17102371880694722,0.015744171076974754,0.2269068366772499,-0.2346596748295015,0.0014573688379513417,1.3542429034134083e-05,-0.06613607593576672,0.32623225208411877,-0.08705169348198613,0.019633263685147073,-0.03578050986958009,-0.012966564666940154
protein|AFM,0.005181498527649063,0.29012291525377804,0.15148973879379957,0.010055842668280234,0.0028529422972045585,0.032684475533730335,-0.07640555127938778,-0.011110875220536115,1.6881253930939077e-05,0.11987782348767166,0.014600205099462624,0.024072053398024408,-0.1459589239501216,0.008542035359797313,-0.007110056995377187
protein|GYS1,-0.004095547303653853,-0.04308254252207503,-0.10212336685927616,0.11929538008978613,0.010592346331569349,0.07900899406481628,-0.0613893010328017,0.13454926515731583,-8.321788937219847e-05,-0.038606031608551424,-0.00821582703948549,0.019377463899797564,-0.07948834229514322,0.026042159793921573,-0.05848972082212076
protein|RNPS1,0.013853328115294545,-0.42105724157724334,0.471303545987376,-0.1540710934032327,0.021333799615858094,0.03521490803449442,-0.01087037519796484,0.001436649519999179,-9.016372548046938e-05,0.07301164431403123,-0.031194804500538492,-0.11018629306548428,-0.1325702873824903,-0.006068139161595206,-0.016606604869353184
protein|SUB1,-0.01144270841063186,-0.15937773387143997,0.40812698632419464,0.17975134216427263,-0.014697575326191176,0.3145353805183826,0.2539041981365373,-0.01992446320616529,0.00014725417723257105,-0.053009645530746996,0.001936612376716197,0.01209179845941146,-0.008848296121431733,0.002636649373777556,0.033285665677064535
protein|NDUFB5,-0.020719974650698757,0.026240814686615686,-0.5818264067143724,-0.04533359371526374,0.004853556159821729,-0.011288218696361737,0.08431320771962879,-8.761916057736506e-05,0.00014620492347690016,-0.23086011955086094,0.3431904067237422,-0.00430840798173792,0.07947801950300662,0.006697582688807935,-0.001583205364606312
protein|MIEN1,-0.0005694796430939839,-0.05743610346574948,0.2731782885339514,0.04228423897475858,-0.015581789550287843,-0.06071697554461483,-0.012226657287548523,-0.006827925277637892,0.00043663363261119885,-0.13693550964907844,0.18483215778341594,0.0799375689890392,-0.1647299891493535,0.01301717716019811,-0.0028224419609208166
protein|LPCAT3,0.0037462219233657954,-0.034821720354448554,-0.5235255646978291,0.17119548585795732,-0.004410073992608842,-0.005920868956494136,0.0054039332367641245,-0.0023055724540966016,-8.550015812835078e-05,-0.09027130568483796,0.10988520856991332,-0.06695928031071594,0.1387892082049517,-0.05551845786829124,0.0006436068221116337
protein|ANPEP,0.015017508602010161,0.35789031142589905,0.0027533061861112484,0.09323533215324198,0.0018855616082698971,0.08054275211919038,-0.08295801974260787,0.016515650899675847,-8.234091016394622e-05,0.035540508415256716,0.1426298037398058,0.1810394769282081,0.16503270251717894,-0.01896596386130593,-0.0012553705946666844
protein|ANKRD28,0.001866551060401745,-0.0022391570554985713,-0.3321476218263598,0.19170915936741914,-8.430867420224668e-05,0.05438316246271608,-0.14924709411359754,-0.00604186869742726,-0.00016156169720117248,0.1943302363873777,-0.13883875536107698,-0.025554368609080075,0.30550027872698954,-0.031128729610250733,0.0481534285987835
protein|TNXB,-0.020539359110179286,0.36995702955077203,0.3011275819141191,0.02028812187236987,-0.031225152576115855,-0.1278910772158083,0.2053446660642385,0.15340803162721486,-1.4554891017398134e-05,-0.16332725721307453,0.01487105842068822,0.02019610447386909,-0.005422241473577019,-0.006458731106036266,0.1789725243528765
protein|CYCS,-0.004217467224565772,-0.22082304709200945,-0.19831043397667147,-0.08901941152980648,-0.010194560624139525,0.11194239039997016,-0.0846472269822248,0.0010897127713620884,-8.689841770973661e-05,-0.19192685797097825,0.25308922810879203,0.034079933580725884,0.04283180010512488,0.020188560300362417,0.18936595306383983
protein|KIFC1,0.0037305863809380334,-0.21900469928498525,0.2910022440843948,-0.32135769998401553,0.008964609952650774,-0.042806820422316094,-0.10235449434643075,-0.0865137067868332,-0.00013410071446664333,-0.08762660054134343,0.00624919387016769,0.05756818363350963,0.002875809779756345,0.02164775694255577,-0.021645854554466843
protein|GCC2,-0.0002913979201950626,-0.02287219499930332,-0.10046795002730018,0.002011481349581003,0.006503207971215723,-0.08151804741389208,0.006865147943016452,0.010080316582008073,2.159275241504732e-05,-0.013866755596382271,-0.08652834228928959,0.0002558247289698518,0.26451538979999356,-0.0027685073879524335,0.08308574948324118
protein|ITGAX,0.01298179069064506,0.0746552089886531,-0.0842703176509147,0.2384257045144632,-0.007913989487562265,-0.16833675830055525,-0.0016790344923296367,0.0007359665594489665,0.00015829276567751746,-0.1363210460709069,-0.01606691053473555,-0.024654527809772273,0.1365853743747648,-0.02237705432631534,-0.47057268712510897
protein|GM2A,-0.011709301091145267,-0.30563661846210777,0.08839229281961417,0.23524601616490814,0.010314179954457119,0.34374367772185543,-0.17034294654118443,-0.0012345491694096212,0.0006524139108768942,-0.08211316855351031,0.04789599759321122,0.05394870636029904,0.010241672643438742,0.035161109381988354,-0.00451967944152062
protein|LIME1,-0.011654518026551217,0.17430580461794398,0.3966359674834268,0.07657216833560625,-0.008928753013247522,0.051667863952630164,0.02564614672972106,-0.008686450148856866,-0.00023738971965804595,-0.17043573577067217,0.008425461180776457,0.013910192573356272,0.017180912098567192,0.0010537006978613972,0.004026492113742732
protein|CACYBP,0.0012278710111902952,-0.2391341887217081,-0.4375693049792932,-0.260755861722809,0.004226465896343711,0.05553452464652753,-0.029215174714753645,-0.0014768692389746372,-0.0004079726195372965,-0.1462347501019582,-0.22692572211199524,-0.04496901960381268,0.01243969148876132,0.004779713582122613,-0.00791424200511717
protein|FCGRT,-0.017298850335767557,0.18730096886672504,-0.12521118548254892,0.0913563767266945,0.01431583731980466,0.2686408214696726,0.015534318362726196,-0.0023612061755447465,0.0003177611667576913,-0.02308679447256028,0.17330963170909924,0.0914837148324945,0.07763615441469679,-0.010903192558628476,0.20652142530137418
protein|UBE2L3,-0.016543395030072315,-0.513540037774663,0.3843136415381652,0.0024018425241832224,-0.007362024505768361,0.029737652653726458,0.056517482773148484,-0.015164985685848382,0.00048513272355570476,-0.04211959903803094,0.014325293729194827,0.07178260560151842,-0.1648802714045942,0.008568078743866168,-0.0685439533311437
protein|TIMM8A,-0.02452030651238696,-0.15288061402972916,0.17412256939461163,-0.10479654628652224,0.001305026977174833,0.007012876445498273,-0.07933257617515288,-0.001745115567033116,-1.3081256452392693e-05,-0.00031455871721293004,0.37425750975619404,0.012496212905450067,0.0003402329902934175,0.024655660225978503,-0.010269940623966564
protein|PLGRKT,0.0031700594882329803,0.04577545643053561,-0.31159000857641117,0.010966294185733754,0.006070923723129399,0.11660725772675659,-0.12662618553659125,0.0008057256428478958,-6.157260510991514e-05,0.12610130959297108,0.07251163555632804,-0.04461859822369092,0.17948195687331941,-0.015022794776932654,-0.2374867336580877
protein|FSCN1,-0.001301895698480183,0.01791559921890638,-0.16820633325887335,0.030033061713167823,0.002329671530831542,-0.2666848327926297,0.07742376059609027,-0.0006904705441442339,-0.00033100936476712753,-0.02812549890843029,0.0015194136314971947,0.028132397290632924,0.129562811331951,-0.02775500300795468,-0.3827163308205115
protein|MARCKS,-0.00599693622540101,-0.021441999027443367,0.42561315590818977,-0.024624837605045236,0.012166223875794399,0.2456784893000975,0.05259872830312435,-0.0013771894311676572,0.00016072944999465552,-0.14925115299571912,-0.01964753300768704,-0.00010416840216025216,-0.16471252885891424,0.018521149838443156,-0.18659408929582522
protein|H0YKJ4,0.0020714781824920396,0.4633747750137658,0.18422992262798732,0.03472080950946579,0.0055745320442017725,-0.022063358248250186,0.2188185765698401,0.0003877052198520955,-3.225842805206596e-05,-0.005069890440825019,0.24041788537968267,0.006072271128595738,0.1755697023653303,0.025990541181829006,0.0017769257699950462
protein|PIP4K2B,-0.008207480496203389,0.07734231053924903,0.061832919741808996,0.19787591144967054,-0.0024425139913400716,-0.3371672069131875,-0.011786179203287197,0.008133476350642285,3.496623796838107e-05,-0.19070056490965223,-0.23971386866891603,0.025812417959136958,-0.21995847476001792,0.001113328226451446,0.1257000495060972
protein|CAT,-0.020540006521532487,0.2837930374687227,0.22105957809503957,0.12079050352349449,0.014322556337462138,0.027478052163905333,0.08222790698838657,-0.0013325232561712875,-0.00017900802243409967,0.5561419809707453,0.20916886646926935,-0.007198162859748963,0.019480734435568643,-0.06296349297079606,0.10557694192352171
protein|CDC2,0.00546079254413007,-0.008247888341347015,-0.12569807312509426,-0.5221367862190585,-0.0018724701960739808,0.09025205648309717,-0.20185810747194297,-0.0021751109991064123,-0.0004148953109030999,-0.13596614413081198,-0.1890793502248003,-0.009610155398843362,0.19896282840222912,0.006723376646034755,-0.13329436896708094
protein|UBE4A,-0.01611453643223745,0.005279801173601282,0.08780704098221813,-0.07992149754427785,-0.0024720815891112195,0.20674442578648944,-0.1358815007082789,-0.0009218050978851582,-0.00012018953706079702,-0.13790602172053482,0.07180097446398083,-0.002927999184117869,0.17688003198868488,0.03376432879150827,-0.060304051739642116
protein|GLS,-0.006247284820734909,-0.1916381626287979,-0.31171490666051327,-0.27943520361701224,0.008160283121545122,0.017686307154987726,-0.011029116603673651,0.001453173954176942,-1.6728929184546606e-05,-0.14060383771508478,0.025561691503580678,-0.01327580129171984,0.17586885893035342,0.020713706551526434,-0.012237139821955312
protein|MAPRE2,0.019338315391310514,-0.3653146932255982,0.09232331876663794,-0.12095881357861636,-0.014621278458670105,-0.0728433668231884,0.0050882760570098535,0.018197770160180923,-9.36889729256576e-05,-0.04039439300169223,-0.02540149527422485,-0.0041748865509848776,0.014388095162310982,0.015525271776027357,0.013130847403335196
protein|SRM,-8.321709136324699e-05,-0.026428171336233434,-0.16074817786784118,-0.32358628812610746,-0.006764868712174181,0.18771020545713665,-0.03240587657231793,-0.005238761734580234,-0.0002940244063790217,-0.011376768049228802,-0.0311709113609359,0.008527776073751426,0.20993161963822565,-0.007109958563208204,0.011635437221320512
protein|OAT,-0.0025593740813674645,0.16680604303617533,-0.10661161650924775,-0.012563284838336408,0.0016666503564074574,-0.04992330326915129,-0.1554655542080728,0.0028996300568835715,-4.369856975567239e-05,-0.2123388917984655,0.09509389143971143,-0.03135172464322255,0.196489927148119,-0.009181873716363167,-0.030936270413469455
protein|OPLAH,0.0040850157408898755,0.026306316410184133,-0.007082571971531274,0.024061818519273376,-0.021576744006520935,0.06868191044339923,-0.14600561002969997,-0.010144187358114981,-0.0002186554244885917,-0.02473492788609337,0.1989152724785721,-0.007622307858289642,0.18475466717917763,-0.00311614868946797,-0.10642677243592148
protein|KNG1,0.024230738588321237,0.41648063194834395,0.14060324083519649,-0.04341905895159252,0.014974048864142853,0.013027282809676745,-0.09762870636094055,-0.008193089410850259,-2.641656658997171e-05,0.40407455128003383,-0.011701538820655655,0.001734053396396355,-0.190344694678039,-0.004114010480425647,-0.09803652957170435
protein|CD7,-0.0012706519002415192,-0.016701113454768896,0.30125178072049197,0.4433705765828887,0.012771399606091513,0.028743398876553704,0.16439737941631422,-0.005254020313982093,-9.658907045881999e-05,-0.07255229094290847,0.011905239409037855,-0.0005093761697686337,0.1513408313637772,-0.018924398578453495,0.006428424364644843
protein|CBX5,0.022049617387322203,-0.2428882105275695,-0.06799607206475508,-0.2728249910921933,0.03116537177136111,-0.2703081347891297,-0.011797991221155312,0.00015662039223377283,9.358842382933817e-05,-0.025992454841094796,-0.2345444215395375,-0.036839718690956626,0.0795923597422798,-0.02225341833725643,0.00984685305322646
protein|RPLP1,-0.013731281957534255,-0.42637964241779847,0.07025826579314899,-0.20038986882231416,0.007298426166825366,0.23846136779905308,-0.00347663321819787,-0.0034288997723624674,-0.00024150885859598086,0.014526032844233136,-0.028202966836843507,0.06390374652191651,-0.13816037677213272,-0.03987919391963215,0.001464649921781598
protein|TUBB4A,0.005248112701783925,-0.05571321013937032,0.01769905443983284,-0.11513274687827625,0.020031251559217384,0.23215550479136793,0.009937182583674726,-0.0037595259676818566,-0.00013167223559325508,-0.04389881125194538,-0.0543507431131038,-0.07767026381868879,0.14152872198730407,-0.017308064546590916,-0.17998463441940862
protein|VCAM1,0.010767494371262202,0.10486504522131376,0.12737896411935173,0.13864659629320786,-0.013829251561792856,-0.004781417228042814,0.25158979483966476,-0.11049230874839297,4.108756996530964e-05,0.04428531782964457,0.005074958196552189,-0.21037467490862582,-0.02424879108510292,0.01154321493983374,-0.25754088799088287
protein|STX11,0.0007096808642885757,0.06655197646350645,-0.1052157299741863,0.47808518704863395,-0.009173690026601925,0.17252040177961495,-0.1431490347544059,-0.009112169940181509,-5.154498378776952e-05,-0.12116978109117028,-0.27012768231335227,-0.0643228793457527,0.1603940941029565,-0.0349860050531188,-0.0004453093457751721
protein|PTGDS,-0.001153302244288242,0.015352467963773259,0.13767237125703624,0.16646255970593563,-0.0020517007809019976,-0.06846982086529119,-0.03677135324695601,-0.009855804272032441,7.397349669950174e-05,0.1186512458536743,0.016456194640111436,-0.0949105101653894,-0.11748011452575323,0.005118686287840753,-0.34108975327814334
protein|NIPSNAP1,0.004560536106189139,-0.11693757631345347,-0.14824572771560038,-0.022474928006156702,0.0005447467326725717,-0.01718025359899885,0.14245153179052134,0.001663542658041163,-6.0749281002470266e-05,-0.033469918009748204,0.3659820217399796,-0.06116228841848832,0.07101114395399001,-0.016705672319655345,-0.0026385760051572246
protein|COTL1,-0.006200036079950989,-0.22796098062514747,-0.2617743430005845,0.472058511084536,-0.010064145329469898,-0.07851231249454585,0.1680570841655199,-0.00018198367549340251,7.239066191321089e-06,-0.18903746401240912,-0.17237076900859888,-0.030210939661907937,-0.008261242657709432,0.008495426160247734,-0.12165639936294459
protein|NT5C3A,-0.002690437996334671,0.02551629944590242,0.3169114918014198,0.002761343752690191,-0.022173710010707948,-0.18967940836909836,0.013819086288521623,0.017679914780032172,-9.999755924675696e-05,-0.13041101779040323,0.006430135984221156,-0.00020528196035320823,0.012448942025512492,-0.012695501488035346,0.11977712702563156
protein|EHD3,0.0010550389799774548,-0.025625884796641855,-0.12918365201729362,-0.07892303337738137,-0.00812498034015771,-0.04991927236877204,0.06586612213978278,-0.026176198936912844,-8.814207186815902e-05,0.1402133910568539,0.049212663876362354,-0.027412894958777453,0.17912888249160056,0.032398314383835156,-0.0849589671062687
protein|INTS3,-0.002756925816328541,0.02535617365528543,0.12468694691025711,-0.09132110237844612,-0.0045011977376907646,-0.003975405200816095,0.07459216094496163,0.012869003948953375,-8.665784445925957e-05,-0.006507108911308124,0.009969778596305809,0.018037351576940572,0.1328381839516027,-0.004324728474569695,0.021412079886681742
protein|FOXP1,0.006783230821546451,-0.229051299813245,0.11426062564151335,-0.29052958361308723,-0.0010845590636401798,0.04160655304009707,0.052433041802420206,-0.001983891938541661,9.224188636972647e-06,0.01880616891841601,-0.03423255007910579,-0.08614445009856225,0.0755826498701428,0.042724119442308126,-0.027001831104039937
protein|S100A6,-0.014169177262202265,0.16296275001025567,0.05280364037829644,0.2875854005630138,-0.010642916368765307,0.10832663273789364,0.028665194968669795,0.2222590813644276,-0.00035099947312335745,0.04144762893751834,0.10120818115990862,0.14154116050991541,-0.02961398246791553,0.017574287283692546,-0.11889939073791657
protein|ACOX1,-0.0016267202010504737,0.13939469701982055,-0.3370604144226035,-0.15885730184755764,0.007817019921959538,-0.0011706430429686266,0.0023345680320617963,0.0018559283528811542,0.00010385020134753302,-0.07483245528090889,0.45042053366766827,-0.02139217989509466,0.23115473420481364,-0.02402904398069725,-0.04354932915765838
protein|PTAFR,0.003360245185034015,-0.0006700900783522847,-0.09902547798711908,0.259098816144814,-0.006707728024061553,0.04764895379750784,-0.1221621016587722,-0.007022985139905986,-0.00016900196123042428,0.07723003670199438,0.04727247850810506,0.006702167717478605,0.08605729847429279,-0.008921461720947746,-0.2025194794675811
protein|ZC3H4,-0.0007013978034941798,-0.16392063471073387,0.6196801151746879,-0.046735957352376636,-0.02980264803563198,-0.05638248115321387,0.0030681017523313163,0.003522790195629473,0.00011383775053124803,-0.16504586391237974,0.010200289877618549,0.003235041142768767,0.052206645414247306,0.025710765614426638,0.05058066311643714
protein|AGT,0.007097116607578205,0.4019688225931369,-0.06255124907007226,-0.03369426873159163,0.0009913181487866715,-0.020982922957795525,-0.04191761264733204,-0.0022789262249392345,-0.00011763957319564185,0.43313828278952166,-0.04658299837358716,0.0029610240278469817,-0.07580615877730477,0.010111060069687585,-0.015428526351134701
protein|TOR1A,0.00282854832765464,0.19393970822025944,-0.030924079029966533,0.08922414963332398,0.00361571067568118,-0.009474340311319007,0.01346163397565071,0.020885829302139475,2.234718068805009e-05,-0.01318040210960443,0.074718519595426,-0.011667316294686774,0.2838635860692696,0.005227994784567922,-0.0023421700724997117
protein|MYO1E,-0.009551514880642379,-0.014434201688936105,-0.35783230070799116,-0.05161487857182425,0.012220638646108747,-0.2606170230575052,-0.1005903147140242,0.00019134813029682973,0.0006467266706379821,-0.0519618441061327,0.013839003495118385,-0.02816254007766466,0.04147348175071509,-0.012609234358683497,0.006214732253444696
protein|ISG15,-0.01250562215733462,0.007117369273972359,-0.01356976945479935,0.1829216183953706,0.004115801803528911,0.02121850598849749,-0.028701153095758596,0.0017138838215337551,-0.00035485735485477364,0.04242998188348819,-0.012597184721713868,-0.014258121750687894,0.13000562315871142,0.014371526462074758,0.14842004740344067
protein|TMUB1,-0.0022046695305625364,0.1489066314578426,0.3164809838951202,-0.0751668778975173,-0.013759590451545822,-0.02062418406841161,0.008899761462188988,0.0010584793023112676,-0.00010515236891406377,-0.13721694558638192,0.3169169157560567,0.0424598742917868,0.08601943406926055,0.016012353595153062,0.1226760504015961
protein|P08133,0.00625027992462477,0.004133510924237664,-0.3511930925110847,0.3821115432627711,0.0065275134315500045,-0.022932762094274608,0.21818912214494804,0.0013505079383825675,0.000350192209616193,-0.02022588648021108,-0.1409014611493072,0.02518717165519382,0.06504431548779331,0.030969976610468724,0.02951344761414888
protein|HSDL2,-0.019415195912890985,0.07481561694648972,-0.27381963620483685,-0.020180147098975115,-0.002921827831367262,-0.24065694595263554,0.006725721745992017,-0.0036303339627296034,-0.00015594499352957505,-0.16908858297201118,0.3608741889108772,-0.05208747796487107,0.09572121015438124,-0.035568089049213096,-0.0018267343536906005
protein|CCDC50,0.008990636082898804,0.000897671390121099,0.2215440239611551,-0.19695915127543076,0.016275061365890537,0.22946127688037385,0.23613727297588483,0.001014390360326826,-4.1098599875978215e-05,-0.18666473058794533,-0.13552578517693303,-0.05207985166626734,0.13295359881615357,-0.011370834300583095,0.004758630167502103
protein|PRDX6,-0.008674886559087588,-0.17325043078884192,-0.19570004126536855,-0.018697990404220925,-0.005026866650989367,-0.17320996185600773,-0.13733373351020522,0.0007271928141171331,-0.0004473604201896388,0.14504289304155724,0.022480851942870115,0.0558687661353365,-0.046061125091128946,-0.014454188495634335,0.0027177558969611396
protein|H2AFV,0.019631721933889172,-0.5275626444889046,0.29819677914102577,0.0012510156356946456,0.019123851667789106,-0.05669559292185565,0.1357136170668176,-0.0011533570351388801,0.00020644690632791058,0.09585290030711746,-0.14771057502060028,0.2016385030492388,0.17132302683751371,0.01410079898083999,0.01101227910802661
protein|A0A1B0GW05,0.023806159444145995,0.3126176117445617,0.2805072629114408,-0.05642074509474092,-0.016599648338208955,-0.1375080500010119,0.14508299555935675,0.00043489594720290886,-0.0001625506303399304,-0.16002850481275616,0.013359191390029772,0.1914433877193075,0.23501403189352515,0.057551617743134574,0.008704947101261351
protein|CD53,0.009270483661691678,-0.034960322695183045,-0.04783230743428425,-0.0034228849458141624,-0.010549737488136573,-0.24091049745321053,-0.027118284105486005,2.3967817471654658e-05,-0.00013145236204230995,-0.1137941937939022,-0.16850035968503044,-0.05785669004799309,0.026421591424167265,0.016861189269953683,-0.048199846630002194
protein|NGDN,-0.010775866882693934,0.010281300477469437,0.017676018888831753,-0.23759541425074168,0.004805646668137406,0.07662191448834517,-0.0002988224916104588,-0.0334553275897797,0.00011925754702391159,0.029413532774933047,0.00821597849924925,0.012853242764754204,0.38081086993568347,-0.001005345608759794,-0.002172594755756966
protein|MAD2L1,0.0022292874687753705,-0.15608933526231453,-0.25369017590472254,-0.31289278311481517,-0.004921947229200252,0.005262732695151742,-0.0840384312345643,0.00046372696109918214,-0.0002682164768645553,-0.15656541143648584,-0.16396219247479624,0.02192017351854174,0.39671914901914584,0.007536695019419762,-0.05556066758640896
protein|RPL29,-0.006282149558043103,-0.26317198845062145,0.5072961999175525,-0.17550035003120218,-0.004241077683870964,0.07119352243951384,-0.03890621788825826,-0.0006424403784528698,-0.00019181380053705043,-0.07791449303508399,-0.004258388857767215,-0.05219722152606831,-0.030817854596611512,-0.053931135661829936,0.002593394282739975
protein|AK4,-0.020500593971608146,0.07194157557699478,-0.15249066965328273,-0.019595818353256588,0.0043225595125622185,0.10067017787952727,-0.17497059712924035,0.0024152780293382305,-0.00011626524216104119,0.04115285035773007,0.34640600826983753,-0.016099514457378332,0.17772571080041993,0.028540584794295783,-0.011147683863576204
protein|USF1,0.010638315994211995,-0.11445544415449428,0.5118245493185296,-0.05428806758026227,0.01803819986268276,-0.039607256591732073,0.014515015416173227,0.0023322434095514074,-2.9422302030705514e-05,0.07160353095212549,-0.04898960608413783,-0.0010986231708470958,0.22569424861977855,-0.0231270917926639,-0.012741976922087603
protein|FLNC,-0.015580897268745272,0.33162747020816014,0.21538414863602828,0.016307844629325552,0.003998609426775707,-0.010180562534851922,0.0026364020322888915,0.14431916995983388,-4.167009495916341e-05,-0.1123327155943406,-0.029197878071663286,0.08305620677566626,0.12430622446990063,0.01059812121306419,-0.020403670477703285
protein|NDUFA5,-0.007726295916051408,-0.06869447459218238,-0.2380007193087534,0.06709585860979662,-0.0022282246889974416,-0.08864648976135528,0.016312523093252616,-0.04648421021027073,0.00020268076644192585,0.002025884587392013,0.32654570388010246,0.018364360456449867,-0.11764101019523253,-0.006102876474966837,0.0014444437789688336
protein|TGFB1I1,-0.006543782189666766,0.6091044444883414,0.2959066505683696,-0.00829380659955349,0.003708983819328868,-0.06859070943737759,0.1578717603758138,0.0009856246012747635,-4.23951049836796e-05,-0.11465772821514068,0.083183650097169,-0.021561834859922975,0.10583698377228257,-0.024305796123633518,-0.03675485868829573
protein|SDPR,-0.016071315097544454,0.291053831560364,0.06775949138508956,0.013631007916963726,-0.011576189590061075,0.04565263869639389,0.23633912658403086,-0.010119140110843432,-0.00015693923389699908,0.3177827930727795,0.05533645747050995,0.011451888044370698,0.09216640942410542,0.005187882626171905,0.16919680721768937
protein|EFEMP2,-0.01594857007762315,0.4649796076953412,0.13842443199035162,0.04005433098617212,-0.009903560818342177,-0.20797149177934776,-0.0027886560557087866,-0.013584630216488066,-6.992951093592735e-06,-0.20785388793185644,0.015453200003628105,0.0028018221834801454,0.023951451581304163,-0.0008332401202007069,-0.15651393875039707
protein|STMN1,0.00655496254506508,-0.4011775052039086,0.0056676752208779215,-0.3257796808291825,0.003969618718052814,-0.09166166891290951,-0.1176264010911834,-0.0005098631003693099,3.1505222335679866e-05,0.0295349904548341,-0.132781018582566,-0.0338845857980829,0.032846270761809224,-0.015151890499429629,-0.008747491950559252
protein|ABHD16A,-0.004242301751221206,0.11680772724247682,-0.061735186192954414,0.04864348890017453,-0.0026265859435256576,0.11382723451853051,-0.05640978761915315,-0.004624067346880722,8.556612332157131e-05,-0.09511293967428128,0.01867523221611701,0.009973365149831657,0.1688992402425569,-0.0007042527965251094,-0.026328903832481074
protein|CPT1A,-0.0012905836304373856,0.32675968952989703,-0.1086681175046093,-0.11688457035458434,-0.01796693904354354,0.08170976562097573,0.1432125615655818,-2.434304727520316e-05,-0.00014884255108015872,-0.1888042956900557,0.31367552143481403,0.0022944387677082743,0.17830405951421616,0.010635504475968175,0.00937719658704589
protein|DBNL,0.003229015360418391,-0.031573715111039104,0.16934439835319803,0.11716263721983892,0.009083427302044615,-0.3165693562261236,0.0011042925041993604,0.013235063343715124,-0.00015801094065436043,-0.17465978726796846,-0.1472368164343225,-0.1768428116332693,0.17688726405170122,-0.03883415077904763,-0.08190455141352776
protein|APOA4,0.0051270199126635324,0.3878789928372808,0.01144562665718267,-0.003971675074464124,0.007960275819958174,-0.07681335684776183,-0.05529249425781515,-0.002114534870934196,-2.870119246167968e-05,0.19040465211972918,-0.01687382778806063,0.004741344544571309,-0.13794322481415688,0.034883099840314534,0.008587437952577652
protein|C1QBP,-0.017697664730935495,-0.30794485070755157,-0.032569685921157256,-0.20531546220602212,0.0219981294581673,0.09641170283617104,-0.010555304974963613,-0.0006813489690086285,0.00021245034669523192,0.03236652785018296,0.18154046826084846,-0.0003813562061196873,0.006782775290608008,-0.0051640844545613445,0.050624428823725226
protein|BPNT1,-0.016532263566120062,-0.22766943797695216,-0.17308928297935872,0.060882911549673624,-0.01932669168720771,-0.526731210332355,-0.16236652778841396,-0.0006689190015638274,-0.00014879505548506615,-0.008216340701587712,0.04082104796138432,0.002726403257980414,-0.04362213130781153,0.007271307081216723,-0.07132963864628028
protein|DUT,0.0015376996839948222,-0.26629505536822473,0.17335764675540025,-0.3679074567179622,-0.017046378786607235,0.13327989849767907,-0.20580782531953115,-0.0023581501515640376,-1.559406366001878e-05,-0.020676981823419035,-0.15460679789673878,0.016659503303811378,0.17715441337832674,-0.00818321245847403,-0.010354248244381319
protein|MPHOSPH10,0.006608020126494447,-0.004495500299683149,-0.05218482769627473,-0.36814287424151754,-0.010373458274037727,0.040664648054277455,-0.007881640854562258,-0.018595524575633505,0.00010700640412289536,-0.0076131180529768715,0.08855379956408112,-0.0704498076001179,0.14916015149508574,-0.017840045810445102,0.07588518234429201
protein|NDUFB11,0.014034528758943742,-0.11967952313269181,0.1417998769910287,-0.11746974970096373,-0.005264259917780456,0.05401865368779375,-0.0015252928483209562,-0.004734393202974992,0.00020562932002722082,-0.04902809503411141,0.509935440796478,-0.009746558459477103,-0.12877779290307975,0.00582542907638725,0.003640651995393647
protein|TUBB8,0.013845547708793421,-0.23379872660714057,-0.3749677891364961,-0.18660174727245318,0.029575830113426682,0.018640521103386036,-0.12696105070067262,-0.0015591858471147699,-0.0004937019240331072,-0.03368446295934148,-0.014120701136364027,-0.006118954922390227,-0.2814701692214015,-0.004120828926463979,-0.06526479100620351
protein|CD200,0.007007992559088798,-0.10798606991643252,0.10551628494503044,0.17440037630913635,0.020703037624885328,0.056301531539236095,0.17067051574996858,-0.013053406744075405,5.084855658470394e-05,0.008581335857695785,-0.008858071895502589,0.004106208412092491,0.12907500745037367,0.01731633912089459,-0.07713737620905778
protein|HN1,-0.010720046619350252,-0.2051290979651748,0.5264937121506656,-0.17745205698127467,-0.00863399183904107,0.12819055428145296,-0.050697010941809756,-0.010897599473075259,0.00035479870079449695,-0.06317384057382319,0.027273980567263732,-0.033214667977423666,0.08052744199665998,0.003163116042057929,-0.1239686458752759
protein|APOC3,0.0073400231844667685,0.3837903350375048,0.22233420812760055,0.007126910103151266,-0.00796507389455517,-0.05023864467921791,-0.021989306627976997,-0.008815326525921343,-0.0004338362375659981,0.21360773435572192,0.15266484159388977,0.0022821689431555257,-0.08771579760174088,0.009899950954293621,-0.0063761736330058836
protein|FAH,0.010822064787697323,0.06604141147371065,-0.043547333988362594,-0.06938022218296738,-0.010049813008367292,0.05346663876143698,-0.0023642501346976697,-0.05202059692469929,2.334201297403331e-05,0.04124211042550915,0.32373086874351353,0.02262707388947229,-0.07210363414635597,0.0009536560253079505,0.0033720982810144396
protein|CIC,-0.004229012304165215,0.1489247605569835,0.29120546821337184,-0.044942179716077266,0.005439203339796899,0.018674475668434158,0.0037226870786546276,0.00197889563505445,8.252494355575539e-05,0.02509209090768245,-0.013217164889782232,-0.009213994999669772,0.12313199786776408,0.024054340210339475,0.0034280316501051913
protein|ACADS,0.0007815115813153958,0.08254983174709236,-0.19827990212278887,0.206478460853897,-0.013342315380078717,0.1038091928008904,-0.0006534290971325766,0.0028512306150296094,5.1516354157023606e-05,-0.05827817856949294,0.33809479354170413,0.0008930522571845173,0.16159412678712434,0.004068334951311602,-0.0069724889860129655
protein|CD3D,-0.008210408896706807,0.005642441610913405,0.10644917460170968,0.4727964754152893,0.013582412328994311,0.03197448375162733,0.14559310024528108,-0.0004361501688697529,-0.00010368055228294186,-0.059080208920190606,0.007816301294954394,-0.006824606520095775,0.15866135635556208,0.011553604540721428,0.13148613978654103
protein|C1R,0.002519340166697346,0.49152253455262684,-0.07178227684058248,0.020333799351305828,0.009782613124144406,-0.07918325264943617,-0.004243022706716839,-0.010342073822140451,5.8428058819067e-05,0.1494477963361187,-0.0033362834298800888,0.01869265488704225,0.004882126782913559,-0.0025789347919999255,-0.14432549140603268
protein|ANXA1,0.003501832864142229,0.3407443118652559,-0.12973187007108825,0.2860573006218323,0.00042300412977672706,0.08894410199210702,0.00459244140959435,0.2848351242392329,-0.00015813950493665795,0.05925336181728744,-0.10420560614150888,0.1456367731271788,0.031886014442116084,-0.032268642351000694,-0.11642789316297178
protein|MRPS16,-0.021349872823676223,-0.35378550769865474,0.32411788104109845,-0.010600972871394358,0.009699895371895988,0.16532896505932196,-0.012690855332152156,0.10412716096982103,-8.279261237611015e-05,0.029280053133284065,0.20295040054350363,0.06764402884636611,0.02863782203852839,0.004422564092474582,-0.050812198576441356
protein|CRYM,0.011310564051222714,-0.04361907684210057,-0.0024795250275649818,-0.06844600095243816,-8.979877627805017e-05,-0.05984808005630041,-0.0017072130735446525,-0.0014283419354147583,-5.007645166909564e-05,0.23699833115296884,0.048481560241145534,-0.01340757610661167,0.1462664673984787,0.01025416749744986,0.005171712169656912
protein|CD74,0.0014797332551492754,-0.25316923894633847,-0.01989538232065222,0.12409679987815299,0.01576915056308701,-0.27499593637219777,-0.12273231993281504,0.004206612501277208,0.0002774478523937355,0.012310898938132432,-0.000650843653649311,-0.01583067772590582,0.21799438955453201,-0.004434060077955326,0.009172776356290003
protein|DOK2,0.013823240684506894,0.13791592288125862,0.004231175121295486,0.5013447864664374,-0.011937041489364137,0.259370622411468,0.13052481968192262,-0.002208540272468564,-0.0001049483376156197,-0.30391055774667824,-0.11439338431752978,-0.0019837860224084358,0.16375566290984114,0.0029614264475116875,0.08236165723576169
protein|THYN1,0.004928578504180603,-0.41757134795513584,0.4086695557542613,0.06337886623060782,-0.006004306211827663,-0.013991050467818572,0.1616549604935653,-0.00021934458029534677,-6.916732068240845e-05,-0.05567853325562839,0.044116002502064725,0.013388226934649196,-0.15445607353676302,0.0015684842940314975,0.007877200545555359
protein|BCAT1,-0.003267724605475888,0.04088716062274985,-0.07219242371890505,0.10670568692840549,-0.0037327753321678204,-0.014024471414639111,-0.2523942002060817,6.915975698839466e-05,-6.893816011727615e-05,0.15456147117713614,0.009544931016862015,-0.01705999824808477,-0.007480867763836464,-0.017699852558851713,-0.11733360420044799
protein|NCF2,-0.005394782622062482,0.00801432211748881,-0.1425741950793359,0.37587057987930306,-0.0021858976910659124,0.31330250125066017,-0.25124909620361935,0.03212796217757323,1.207084098931035e-05,0.027018484295652026,0.007918425885571548,-0.002295050154190587,0.04534333200610017,-0.03995307943277445,-0.003546198780809461
protein|NT5C,-0.007876118099107408,-0.3505627354007791,0.017607197589131773,0.050969559282754255,-0.0034051671192102976,-0.03821406075494384,0.12973912045063632,0.012108540152033208,0.00019644681459520902,0.14043960782318596,-0.005319991097531293,0.027399598680614524,0.06145400303051589,-0.005074257070008164,0.010835107693145855
protein|C8B,0.01894433072951345,0.5362885159523494,-0.13504083818538026,-0.0012541510749875379,-0.005525273174820871,0.00275193778825868,-0.008266330368664811,-0.003531451785198332,-6.654215477732625e-05,0.3248341143170827,0.020011213756285142,0.006140603607353505,0.09156707406605923,0.03321600012800791,-0.10238602517773975
protein|TRIOBP,-0.01598937076338709,0.5327627297184959,0.18354025269668517,0.04939292084792764,-0.005101274044986604,-0.003825588953724422,0.0137568915479385,-0.001725349558261628,0.00014719814478176993,-0.2150531865323012,-0.00896946011942516,-0.05710526740046248,0.03896353953312743,-0.0014320017950972272,0.009992237023750324
protein|CD46,0.004058818694007586,-0.048470416124454616,0.3769466725792815,0.0728656231371572,-0.008949275035689541,-0.03936710583669555,0.014604929957257276,-0.009976499686296667,1.0669984930914074e-05,-0.17388384114809224,0.24657849865171008,0.023902755797143186,0.1331017997190874,0.009965600125521154,-0.018861267788630526
protein|ALDH4A1,0.01192928281629018,0.05939305567474587,0.04313033526341444,0.028700377416233384,0.006349848446473311,-0.0011119437527537745,0.08984282960352133,0.002044966428731322,0.0002227561985402063,0.018792127170312103,0.5400716532424855,-0.04257880947383666,0.18861346517544963,-0.023090629198677416,0.001508909006376182
protein|DLAT,0.0012852023851714427,-0.005333040837741549,-0.5442950110350947,-0.18963919903149068,0.011211709300665023,0.009341997501959451,0.05719562447673433,-0.0071054616044710275,6.539736762604412e-06,-0.04190920366139583,0.23273937732509542,-0.07314291748096763,0.15713816908662076,0.009048669766090204,-0.02271456686827169
protein|WDR75,-0.017579481785894593,0.17616280648699517,-0.36373959782098103,-0.45831914689174597,-0.014335213633667108,-0.06653959374000365,-0.018450083919865946,0.0043233508801432344,0.00026361265388707484,-0.233032102869809,0.031950513105586685,-0.020457555543498984,0.10995863858145964,-0.014725819951821451,-0.032760353916203765
protein|ZFYVE16,0.0006120320869423058,-0.054738513664883,0.045647607384511256,0.05136214161534524,-0.0039235909270746465,0.09948591447876064,-0.01239483649139993,-0.0007019271063419268,6.354211476515235e-05,-0.03201589766756165,-0.006534293978527808,-0.010816943579373435,0.2811976651399284,-0.025248411945872493,0.061795722185163396
protein|RRP1,-0.010248967839339505,0.005859885244120337,0.472797380593004,-0.2644587194782132,0.009034736402357633,0.06190160614808306,-0.12360396664146092,0.0026769888804867898,9.015763844209319e-05,-0.06845690973659624,0.0006936542115167684,-0.05385010170809199,0.3007142494628823,0.012687176274779074,0.004513840499608469
protein|MPEG1,-0.002598987597459699,0.03024565657858812,-0.07292952548750321,-0.05109138518575499,0.01223906332486007,0.21695462225245166,0.10659261908820539,0.002372406647076287,7.890040107524018e-05,0.013182290697697625,-0.021291180585763854,-0.00782252571863851,0.2995490369210728,0.01893203885294371,0.016360645548451666
protein|MKI67,0.0034379034580102165,-0.1813561187763517,0.17985168666216061,-0.4395182050838976,0.013495240621283941,0.13986703544514736,-0.21473431229051493,-0.009255065474097145,0.00039323952412472884,-0.025894998725387718,-0.1621626933134608,-0.019274416165282755,0.09765115292421363,-0.004720233193092379,-0.015034534104215505
protein|CAPG,0.02141575655763366,-0.014543483280293252,-0.03375637416481992,0.3060301112286398,0.013693606079341674,-0.011409079837142498,-0.25611592184681076,0.025893079511445396,5.9203477921615845e-05,-0.28370998712128254,0.002697594027804761,-0.043944610777025675,0.036903132903477236,0.00964461563182685,-0.4370911941832083
protein|POTEE,0.0031969552600578537,-0.14806724949646216,-0.46359078658575154,0.16465506682281175,-0.009726206582850292,-0.11393691825691263,0.06905644745704105,-0.005010016621178398,6.990059905992706e-05,-0.04052199129181791,-0.1677857841772855,-0.026575062167757065,-0.0730577701444148,-0.053946399062703945,-0.07057321297750355
protein|CDV3,-0.02860951742201716,-0.4400331270280691,0.5201845343234412,-0.06593453775589904,0.01107445781986121,0.0022061413906473014,0.006623206515908288,-0.004504427112445106,0.00013077443409561585,-0.02033066335303382,0.0431406826968745,-0.03278193125248873,-0.07754440272690817,-0.027843901560052012,-0.11585712068381412
protein|TPSAB1,0.008263070406213284,0.10828268248384398,0.09817313434101141,0.051307927991776796,-0.010500099264388298,-0.0771404108881335,0.1644681891028304,0.27218312009494605,-0.00013420384016305203,-0.014171781716254744,-0.0054577513925742355,0.03440408960977602,0.013391323074003262,-0.005318964936660284,-0.020882699576963443
protein|ACAT1,-0.0003561149325671189,0.00958977706546314,-0.19605322557038918,-0.2127311424798935,0.012629423147043595,0.07215509829170214,0.010310224059150426,-0.03319743573638807,0.0001567243340764028,-0.16995166155876576,0.5616673350708788,-0.044431522870968576,0.034559432506958664,0.0003569113838948305,0.11216983005026619
protein|CSRP2,-0.004740624911396085,0.2528392730958705,0.14067663983232948,0.04222630060619517,0.0010434943172045192,-0.2289533632965887,0.4059176921651734,0.001325203429802176,0.00014510637534346572,-0.20655366107528075,-0.005131091782361309,-0.08268054681783979,-0.06029705565576053,0.010067076300664017,-0.15899564753695591
protein|ALOX15B,-0.001293263199811111,0.07967127109123316,-0.08486769756490341,0.3147222420260121,0.003485428656856014,0.19849221257061328,-0.24683240145318067,0.0005775057033971794,0.0004181436773977066,-0.011255535502822076,0.010212544169588325,-0.10942758660211409,0.22915300017114584,-0.026744228341257476,-0.18685067150853393
protein|ATOX1,-0.01243698033581633,-0.4457898886134431,0.26672987366240425,0.18462627111362612,-0.0020753831723974736,0.09952110016952595,0.008770933420400645,-0.05115929038314889,0.00045649930154690135,-0.01899624450326588,0.054775795956121746,-0.0037292521878261597,-0.09673846285231438,0.034967892486040444,-0.17033591296852296
protein|SERPINA4,0.004930903173966123,0.426025240369161,-0.06889438535793592,0.020980485381067945,0.00917581129844227,-0.03837690535990393,-0.10330561012907565,0.0010118146478073275,9.25602327241592e-05,0.21431958603069762,-0.0021019395752477116,0.0075853345055923544,0.026730918879513257,-0.014142452506074406,-0.0009421949690309023
protein|PYGL,0.002432922012455342,0.218442698386249,-0.31430599232428613,0.302646912616185,-0.03150166651154059,0.17652920692527146,0.04224994728564686,0.004617856766793958,-9.917858479139656e-05,0.15425623032734095,0.21387464289356845,0.10328398030023356,-0.026618675934228696,-0.015004284110063352,0.001265270422543586
protein|RBM3,-0.013204107835668643,-0.20470038342919572,0.46794579602072467,-0.06464579008534363,0.0108234701189755,-0.05765386749597044,-0.05894585606045932,0.03456418885040941,-0.0003986072304174971,-0.11925029203757444,0.002695608162713405,-0.06116103901379095,0.09165222323940929,-0.014206824531737947,0.027455543346486103
protein|IL16,0.006396538186202185,-0.4674161367704558,0.25469165565741453,0.003855202531160845,-0.009185401447517366,0.10890885818754495,0.2299196590583394,-0.0032488535974261497,0.0002385781488188304,0.029970062580735465,-0.034424148158695024,-0.007943369472783679,-0.006775518337369007,-0.005521795939182987,-0.12901189456226247
protein|RPL37A,-0.010246888116682012,-0.2930362845455012,0.32220041348820955,-0.20553335792836167,0.010193206334399822,0.06542883356313496,-0.0608887205738445,-8.116478625599266e-05,-0.00010226731479780753,-0.15394704234637993,-0.023501760855535087,0.0027027900465193956,-0.20766397722130328,-0.015583943740240466,-0.00023194766466784028
protein|RNF31,0.006335144784558697,-0.04845545978409308,-0.029785554033050318,0.13608676665301012,0.0036788836852702247,-0.02542346102951667,0.029525891354121876,0.024113062693329995,-0.00021158885028617916,0.045668873483971986,-0.060618297969140124,-0.02633769735428412,0.2991057597534157,0.022934416749578898,0.06270606875472177
protein|CRYZ,-0.0052011588098039435,-0.11882887652580211,-0.15179492498879768,-0.02438113336395143,0.013917807475902568,-0.030663449533922773,0.10638572783965548,-0.01012265116221526,8.123685981241085e-05,-0.03342779386577019,0.26328338640553345,-0.01380378233557847,0.07544613609520052,-0.01578953376995414,0.0062976149828784765
protein|CD48,0.0066700112171141435,-0.2805699742848531,0.12951255450185015,0.3594303971026931,0.00503335223279692,0.15605519545225516,0.0030567553854476525,-0.02864599691120838,7.375026998612236e-05,-0.019618986808183383,-0.016320361980606792,0.011845095089030698,0.043694896858563016,0.0027096241233346484,-0.06167150461081779
protein|HMGB1,0.029402944314694344,-0.5006792357599915,0.2739742355337221,-0.0044471565413303086,0.011874846519187075,-0.12091787442722395,0.11899638518473644,-0.00303372273391126,0.0001133740297974344,-0.021346913164559382,-0.11390820477959696,-0.022240787713517604,-0.09771302928881206,0.024300539362473852,0.09099869258701249
protein|NDUFA9,0.0011148162904430796,-0.06186331401626401,-0.3167770167058832,-0.018305812840318125,0.004375519164878039,0.0011887341407991962,0.055912437670340626,-0.0021115277529174495,0.0001748644788959786,-0.005492636750765809,0.11306986861041735,-0.05668189262294883,-0.05698309253422021,-0.011676291571691423,-0.02942239160734515
protein|PDAP1,-0.00484241173744782,-0.4710122463529262,0.4833250394974836,-0.1194082736036885,-0.005238020450590078,0.0006024966874824435,0.002850583511889674,0.000172035297634903,-1.3385954903643143e-05,-0.0010166715066917812,0.025401832342015866,0.009417678544777541,-0.0953439432519826,0.03502373046738966,-0.0011387102740269461
protein|PLEKHA7,0.015100351409824131,-0.3517684236133668,0.4621473129205754,0.16359315685706893,0.010226111794504427,-0.043129764731868345,0.12894917335275685,-0.001047242116143992,-0.00027719645408967836,0.01638379974867274,-0.1316260937704981,-0.0015945549386060002,0.2696879724494344,0.004503728096856505,0.03156890075451286
protein|ZMPSTE24,0.03413810265814516,-0.0765454196293886,-0.5902159956443109,-0.08428766177156537,0.010837796752510506,-0.0064806930311876645,0.0005044808343764148,-0.0009948592061830347,-0.00042815735458728095,-0.15150858695391983,-0.022452688784880437,-0.024604673451562257,0.08556911487383903,-0.015968405923734014,-0.0075592350784418295
protein|COL15A1,0.002747775268862075,0.4353479516540287,-0.01719039857252855,0.005419517145458018,0.00526569191511971,0.04230098670446657,-0.07469421851549107,-0.001365132130523987,0.0003129592220146284,0.0012201435675732372,-0.1001526302440585,0.17359937353096533,0.1271507050509308,-0.01660742641194308,-0.08193896369601932
protein|GNB4,-0.003045562020554969,0.22818277969138348,-0.08576532470582829,0.3593597180157022,0.01807105844011402,0.09976091159109123,-0.15592990761765085,-0.0015782006049890535,0.0001548131989968745,-0.33211899374750503,-0.02495000780615178,-0.06289389121142397,-0.14572687348957766,-0.05071227297693851,0.0391990495541428
protein|SGTB,-0.00624736650118278,-0.006762593667327158,0.41201520693790117,0.02373618216274525,-0.0001189157614301428,-0.013206171101424044,0.00395146295563972,-0.016262791142105725,0.00027732751445449225,-0.20357825783235972,0.05131562224352801,-0.001540235670323843,0.05591670467338803,-0.009294859721218374,-0.11404412781579927
protein|IRF9,0.0002138691185044384,-0.0514619223660098,0.3057730368778383,0.08349506021059007,-0.008085188336669486,0.05214448844803552,0.007247713244427316,0.0003234401717271899,2.4049880324119146e-05,0.013545042966759896,-0.028068539495235863,-0.020150693746439498,0.35222472967390267,0.0016495401952232442,0.06305179711346401
protein|LIMD1,0.011600263217752285,-0.0037563833461695282,0.49250576864279666,0.0026532122917532755,-0.009077926264164256,0.23097794880709677,0.025797979553406507,-0.0009008720479949745,-8.132953772456437e-05,-0.1802643819155228,-0.005546179058975391,-0.029542633680956675,0.10708483765455531,0.02370976329022021,-0.0030280644417462555
protein|REL,-0.0007170364997855972,-0.060847645815777986,-0.1138777771711268,-0.08222297178885252,-0.00501038534124911,-0.3728302313820106,-0.1697529718240229,-0.001297151351454884,-6.587299486235367e-05,0.022476823887785487,-0.016006968044990907,-0.03492230764086372,0.13040367820940874,-0.022170184570718125,0.04745678553420987
protein|HSP90B1,-0.001784655561400813,0.007252431504735586,-0.3019400385563468,-0.1580664884100829,0.000595089089892954,0.3885929999827645,0.1391545028330303,-0.003301907224852793,4.82754427110839e-05,-0.0668508351661198,0.015365455743834343,0.12255873715217352,-0.029903004693106437,-0.012495382093046542,0.042950771632916315
protein|NOLC1,-0.008355282328333625,0.016036963179360608,0.21471260659328653,-0.5209030055174493,-0.014460571977654147,0.10186580031624162,-0.0008345699000918395,0.0012070193361215084,0.00020201581671472094,-0.21024844030136908,-0.05051654409201446,-0.14359422573021974,-0.08559993460081605,-0.010001169171036007,0.02658785128252264
protein|ZAP70,0.025766645777759493,-0.0018291961061390042,-0.08756522470466561,0.44059415230101284,0.012794889065715508,0.0385273746039358,0.2687219912327233,-0.0007726158577741794,-0.0006717379589577488,-0.24009371044716019,-0.043851778570919785,-0.011938147269499894,0.04139012620215782,-0.010946772728999452,0.0015916952656573338
protein|PAK1IP1,-0.005227228530234283,-0.18990546537541445,-0.11141428597742263,-0.29009528943391094,-0.0010496679401835226,0.043693680271670886,0.021551096827730334,0.002259758255828857,-9.83299062073818e-05,0.1124733963979927,-0.12177937894320934,-0.0045292529102123145,0.10453613027900838,-0.019599449539651204,0.0165078648436903
protein|PCCB,0.011354820440089518,-0.05171077302955466,-0.17399558828699274,0.026295462576392065,0.0008858325525320567,0.01515111527326936,0.10986126209088726,-0.00029807071301625546,-0.00018696160359273802,-0.018567055287329215,0.5183367897253349,-0.009797188764583431,0.1336412730947172,0.02000261737629932,0.004815441623905763
protein|C19ORF43,0.012719187906809615,-0.42524081399611435,0.5309968433671588,-0.035378665095992835,-0.0063701722966533845,0.018163692079582742,0.03807071352755286,-0.014391088501801876,0.00013589974116751813,-0.010341423067984558,-0.00780622266484831,-0.010009847588297678,0.051323887586918956,0.012979397427133915,-0.0029527536681539005
protein|CLYBL,-0.00010415103146545119,0.0532581605513171,-0.0989286770307542,0.11319391855403983,-0.02399001240889666,-0.03841055089983014,0.04186144352158473,-0.0015001417928017357,2.2918712074161957e-05,0.013689510861747129,0.41869019777986666,-0.009057788808387025,0.049685153469370844,-0.024735175920652584,0.14472836269898423
protein|C11ORF54,-0.003319195319234877,-0.248659650471038,0.16519916584374272,0.035291220112667616,0.0028756520055933893,0.05912077354102566,0.12931786278950166,-0.013788808044209724,0.0003329608901441034,0.11046508442444032,0.25824779489042543,0.00011860441908325057,0.06339825442459517,0.006527336339649279,0.00132468156918069
protein|OAS3,-0.030642080135463858,0.09314933792678638,-0.1881427331274077,0.3661215764014609,0.0065017067256840835,0.1427399474129156,-0.02722795525459468,0.0065830250108726476,-0.00011975980681186122,-0.13334460453194685,-0.0665979861586472,0.006110458940732914,0.15979107492744912,-0.004110852092373907,0.11618759345892767
protein|GNL3,-0.025726800242072856,0.14429490275445744,-0.20024018046607703,-0.3194217336234536,0.0017495290737273956,0.15684779809483546,-0.007812622036801841,0.015446872351291953,5.5093388194538014e-05,0.17593453804136824,-0.022900493898086325,-0.04462933233693551,0.1479847158955522,-0.03638446952819574,0.0063901130733612765
protein|H2AFX,0.020530387227848047,-0.40132434025399355,0.4483336115448269,0.12297304307711765,0.02924007981460381,-0.153168770681948,0.16632216422743826,-0.0011190246640899522,0.00023144264837745312,0.06989106693054582,-0.12822056468208815,0.10453976404320453,0.14859627194788982,0.003039805000418646,0.09932754321727437
protein|NUSAP1,0.00396263009522882,0.03004801721210521,0.12030514944448807,-0.3185431996051421,0.0072318391710541954,-0.02932847498305845,-0.0865131372811569,-0.002866038476422632,0.00011286785770831654,-0.02036589390022086,-0.014282607481481874,-0.02565041827134933,0.07325309753783134,0.02094959235811126,-0.012133003538687364
protein|BLK,0.009785142252803867,-0.032067901820314534,-0.22057804028246397,-0.16743148264616745,0.00016386223051885156,-0.27761391856890993,0.001968270360691135,-0.0024367579921723112,3.1932874016798603e-06,0.028774782712656762,0.05127463089852413,-0.048172862200095146,0.10549933725291144,-0.00045792726025409167,-0.006089421872896644
protein|UTS2,0.011771811445980761,0.09985945540432575,-0.2661177545411262,-0.025368158138142218,-0.01632550870445729,0.08261154783131074,-0.0012334327011715668,-0.028761239340405434,9.306691320836957e-05,-0.24043965757797242,0.13771449045447942,0.06960441916267479,0.22505871243825376,-0.02089383783404612,-0.0038018773290454705
protein|DENND1C,-0.003620107617418593,-0.06491331809749354,-0.010387424656327528,0.0902899263931204,-0.0037830632005070204,0.006688153399872541,0.11105896994006498,-0.0028606745858298006,0.00024228908682499869,-0.292022112261373,-0.0318436367368957,0.0063369629013724825,0.07600365513436208,0.04353412546451854,0.0032773132033615702
protein|PSIP1,0.013439259663542908,-0.3253358856570554,0.3723348657588814,-0.013612142646605404,0.016252780578796255,-0.24826250384289825,-0.002106651356108816,-0.0015189055500780238,0.0003795360204564276,-0.03991909388804464,-0.12677253233379315,-0.02376858550151375,0.012929343288702278,-0.012572038940553353,0.009402695253692497
protein|FAM129B,-0.009858420982439314,0.3011094496085639,-0.1567418051324582,0.08490344085056178,0.001540702642799982,0.06341341216891254,-0.11798875376367433,0.15309061121124032,-0.00025860801993852475,-0.01825936536744602,0.006057848690356982,0.15205570333857632,0.11115854598208626,-0.035516170187654204,-0.16107414116258814
protein|Q14624,0.007924667670646595,0.4883409814246517,0.19068757311040643,-0.046340178992458986,0.010347864974671118,0.025764721268184177,0.003373424045660094,-7.685082112663608e-05,-0.0002339716853031677,0.31630350153341785,-0.011705678067056495,-0.001877885270927484,-0.03723879637182108,0.001197117288244148,-0.11086958172225546
protein|TMEM33,-0.02044426638465069,-0.006068362877862239,-0.41048535085391996,-0.04158303495755665,0.015567505929187438,0.162339478321187,-0.025128062058721173,0.00039282999971608983,-4.2685650252797154e-06,0.0020959959096282926,0.010323485946239684,0.03957159390332102,0.3241607724033696,-0.02088965605995853,-0.04954440258118105
protein|CALM2,-0.012697048017453118,-0.4434190759636976,0.3966417765155365,0.1612974239150837,-0.02542827988730082,0.046454054641118396,0.0030399318965873296,0.00012560306350373944,-0.00031071829942414886,-0.0017673348083100055,0.1299703416874061,0.115691246449242,-0.2167333378645744,0.00808108026975781,-0.013407182341079456
protein|MMTAG2,0.005584955339802045,-0.1430880669622521,0.38227870581541695,-0.17314266890735636,0.0068356772646457654,-0.017640896004873487,-0.0051376557502700315,0.001604738143945242,-0.0001282543936437033,-0.09731313635401681,-0.06614900983087683,-0.04921228118440767,0.2688542273099237,0.02023567221071091,-0.01206749716316705
protein|IFIT3,-0.012742719178123403,0.12200120928569602,-0.10658100003709062,0.2765568273992648,0.011850698697747698,0.19738695418798902,-0.010225895382241836,-0.0010490024462052941,-1.7202002324274774e-05,-0.06631190735188427,0.037045786445172556,0.03572073979794776,0.044188040897316476,0.002849557239361893,0.08351403436123363
protein|GLIPR2,-0.002850232519751884,0.3551630160891847,0.2455104843872293,0.46277041006858705,2.440983319667645e-05,0.12739789512988625,-0.02090074198216387,0.03445449499112477,-8.908291366187894e-05,-0.14184551462803965,-0.03631771559199163,-0.03188267360549729,0.10988377628979548,-0.08898462430138193,-0.14882380996833264
protein|GK,-0.007364978447226192,0.16363720409875374,-0.15245464813274856,0.36113733886793037,0.012566101818842717,0.310221847461928,-0.27872291549853,0.0700027206712493,-0.00020009139789826534,-0.17809391207703032,0.011312316722118968,-0.025090500695052205,0.0017443287250428579,-0.00672715881037569,-0.09326535242236807
protein|FGR,0.007349001896840928,0.08181549067260285,-0.1628938730532856,0.30294186967588704,0.0008338811078622584,0.18735893031223158,-0.002251313526851636,0.12991499258568295,-0.0001435661844783707,-0.026006001772195808,0.014487348375283919,-0.005877965040573949,0.25796905724248853,0.012022921698264685,-0.16637440938648307
protein|FCN1,-0.0017976199174804374,0.143542405967176,-0.061858898353970335,0.14555819908334577,0.004151381766343406,0.1875585420270828,0.001976715475126568,-0.006092389508435555,-3.8450417487156905e-05,0.1349588504817786,-0.031728053524736455,0.011232541241849477,0.048483104665535286,-0.02192297353120427,0.06489139731189568
protein|FAM129A,-0.018986222399683977,-0.00044162588830592774,-0.11744515972334459,0.3308129960302349,-0.0011986295981934313,-0.21068125160451565,-0.14819161618840573,0.06119006377158512,-6.329633613911941e-05,0.005438128207193611,-0.00027060246833858454,0.005156617501169459,0.06324012106436477,-0.03519677937625852,0.1502499907008745
protein|NDUFA10,0.017316744828776955,-0.02487525193713061,-0.22219105910502338,0.025752469717017477,0.017866642137282736,-0.054660150620264816,0.10448747076144063,0.008039424750867769,-5.1199986156019955e-06,-0.18986987600907437,0.430679134497006,-0.002931333573760978,0.15635905371563585,0.01786439777133476,-0.00038733274138827174
protein|CPNE3,-0.0065894668647893334,-0.15781729137698913,-0.24400287167540685,0.12919388196940412,-0.0071708199802156805,-0.39492005265032376,-0.12948588005947292,0.0030601644312119656,-0.00012237852955166988,0.02537763149775588,-0.0011827210880723995,0.045911458291364934,0.03258279142400586,-0.0031055782797670575,-0.012675904649146235
protein|RRP15,-0.011260236038381471,-0.006545428453026798,0.1389645499641301,-0.3008327006381307,0.005854037165696861,0.1681544443723661,-0.006996790381874325,0.010804261992874918,3.503019538465836e-05,-0.2227214635271821,0.0018552045834549374,-0.007685884816257473,0.16306163794215256,-0.01471941812304727,-0.09978036931286208
protein|RAB12,0.009574011747176104,0.16391509070006102,-0.012292171277014824,0.30011544322025824,-0.009532619661914779,0.2192202778821577,0.002081344300871172,-0.020519680562682396,-1.0614246677657994e-05,-0.03183625518428622,0.021947094514085257,-0.04134542083692085,0.07914096310844941,0.007961867473382702,-0.05891854351886314
protein|TIMM10,-0.008406179001202985,-0.139143595543362,0.3798240214375448,-0.06216403847434345,-0.0005496783005246075,-0.012200738394288741,0.047412092019202254,-0.003576885206072512,-0.000213061788283422,0.1507983788122199,0.22495566857973176,0.0014470704067866924,0.1369538851330964,-0.008466027780307897,-0.004420570606922996
protein|SYK,-0.01084941156045211,-0.11767930953158785,-0.4072373396086812,-0.11645023360908473,-0.001072736674412547,-0.2508330870840139,-0.0012771168848823365,-0.004798726393926788,0.00019156336875578644,-0.056072363855501524,-0.012730409790435814,-0.051023181179012084,0.030328818224702195,-0.022214197954571493,0.02256883530577387
protein|RNMTL1,-0.015168946556751653,-0.24475198908962287,0.47188399358023353,-0.16327849268703462,0.005946408937626813,0.010519756743908024,0.01834644886774915,0.00011286975508042167,0.0002583966873238756,-0.1640711302743802,0.03038478120488996,-0.010332310675518465,0.15377775295750162,-0.009092362794233285,-0.01069633369356102
protein|MGST3,0.026256087246511264,0.14156498690936173,-0.1725359709457407,0.09203180150583949,0.00703093737287488,0.059609615959694065,0.10325976336342965,0.005970808125931469,-0.0002775241044489624,-0.1534618355744652,0.32343201204903294,-0.01370522970367679,-0.2721103466256498,-0.0024572558674892772,-0.005614389498022193
protein|PSMB5,-0.013337220032424522,0.05493230282465714,-0.012917581432830517,-0.35253788520830365,-0.007043056883817722,0.006224607865373933,0.009810918515328443,0.009012934944988237,-6.105286352974224e-05,0.09767750026611569,-0.007356512923102041,0.06891749600829326,0.1337650713176501,-0.024243720282575557,-0.04317288789945034
protein|B2M,0.002448121896394354,-0.19254424977803716,0.03196017972218353,0.3038563085972077,0.03253495476803299,0.14335100594937564,-0.03225013163912718,0.060852077193139995,-7.109860967507314e-05,-0.10298853883256757,-0.03738976947348349,0.01006349741811182,-0.00760079437432825,-0.010137822360995466,-0.0019927253356132445
protein|MLF2,-0.008107769640498244,0.02594263855399404,0.4086928845149689,-0.06458804135226862,-0.00045809747905964084,0.011202702099313268,-0.016398716567250105,0.15410115674287833,-6.991307877465487e-06,0.09796989578171693,-0.024153504877503864,0.0010743773953595798,0.06838035927479018,-0.016019616458483238,0.0019222470423766536
protein|F12,0.037227513037819265,0.4004570239796851,0.18097152206171,0.01738517230739797,0.0002956141008090389,-0.11820400015030731,-0.06590465773184559,-0.024082329421471812,-0.0004697757189416109,0.21975095865607416,-0.1084824430811462,0.015427420473051175,0.2468098729988827,0.0019287302288535074,0.06010012389825545
protein|DCK,-0.008289926800455382,-0.3062766950680022,-0.3618860635870011,-0.11805796632227887,0.0025907940045948688,-0.2754831815821486,0.02256085784804719,-0.0006590484370810188,0.0004051486972122295,-0.10848071703539638,-0.12247369204345002,-0.0019693720215930213,0.016072398555796126,0.0019473667443621683,0.006519151927890096
protein|POLD3,0.019884809405008523,-0.16964369828359604,-0.18380433833259685,-0.39326588672533835,-0.0058881072528775965,-0.0022669475490527087,-0.0785401998663585,-0.0011403739982855194,8.315289543784565e-05,0.07847635713857544,-0.0277686789817369,-0.009363725550627693,0.09606709801718294,-0.001899677927922909,-0.038421188394780294
protein|RRM2,-0.0011833324959016098,-0.02930788094723881,-0.13640421382176438,-0.32861277526294674,-0.0014500047340484862,0.051803785415598005,-0.14845477558840833,-0.0006074516932035022,2.1651549422252546e-05,-0.06827592191175026,-0.13975873310702114,0.002205359060852361,0.17118606852898613,0.07050826063921953,-0.024097864581766566
protein|PAG1,-0.01610651118679732,-0.03291858264366023,0.3262095623173026,0.23944058821477576,-0.001845855160498793,-0.2492471739271913,-0.13621071355395267,-0.025287939238305652,0.00023336912141599817,-0.09847975752121373,-0.01775554651499591,-0.011649179778238258,0.07337202738235822,0.003529832805042408,0.028586594323658256
protein|EHD2,-0.0024601307104017665,0.4748760188404518,0.050560154252398924,-0.08263345286819362,0.002208604016469492,-0.014195726628708443,0.15665413426959748,0.02500248352529413,-0.00039907687539918055,-0.1255672044078608,0.03974643823958381,0.044100082621106575,0.13148349879209276,-0.0033222425238181893,0.02014488449489304
protein|SLFN5,-0.0014980411736988063,-0.08787027535854428,-0.29329027976595495,0.45311898937553996,0.01100160089418806,-0.0023451868893373355,0.25416684872707435,0.0002502381569081072,-0.00019600957914152946,-0.11487899255737863,-0.15769663394627323,0.03252322972101649,0.14483889203519568,0.0014817556312546564,0.0014137181264934698
protein|LGALS1,0.002938354437104318,0.20608898846086074,0.20548215839871023,0.01718437762905649,0.01977647726700184,0.11417598785081272,-0.16663167190980951,0.15459117049564583,0.0002692044256407282,-0.15353430931238934,-0.057326113481561206,0.13004586360989093,-0.2297241328963714,0.02099147359346376,-0.19639743012798852
protein|TTC4,-0.025363831891221027,0.06359433886255035,-0.02955280667502219,-0.1859988155251692,0.0033467285900782985,0.006111426505876673,0.0012571280349551743,0.0011274319952411446,0.0002323875018232786,-0.03781398000313879,-0.026374821994310106,-0.02080474289087307,0.06437331782627231,-0.026030907728115987,-0.018280214284889504
protein|PTPN1,-0.0014973298194934507,-0.040820998833392595,-0.15517524466131274,-0.24464326046830467,-0.014999591863806344,0.3226205171039521,0.04894863964991794,0.003000474080980919,-0.00017691657130555874,-0.13279258305002595,-0.10752180957502518,0.019134780634719167,0.08023707129162358,0.028587075567273162,-0.19322036451875418
protein|GUSB,0.0038762643471736357,-0.03181074510847823,-0.14185394822477718,-0.06304622806370241,-0.014285632407311183,0.003950247159371151,0.1583482806157948,0.041941470938782366,9.421363969619311e-06,0.06153352882518297,0.2037824568187975,0.058176968999373996,0.16775834683518767,0.030377475692619196,0.19561660272094256
protein|KIN,0.016485108032896472,0.019449217405257953,-0.11105601551102759,-0.0855876701431426,0.004005679864429933,0.03505419693728967,0.02468355460479271,0.10156558255066092,9.917571259961139e-06,0.2578735681303972,-0.06922125787115942,-0.0163326941569249,0.1464458382293829,-0.0013180504275343635,-0.06393618904625464
protein|PHF1,0.007539711901557673,0.21450886239645717,0.42888869227253223,0.12071481629756248,0.002223861655552748,-0.1618954001199053,0.09982723159602579,-7.385025525596241e-06,-6.10965908276427e-06,-0.14758273071060862,0.035173756569096014,0.06344379450034496,0.02731081907065808,-0.008002234795553254,0.08891119481533544
protein|HSPB1,-0.004562004811580026,0.04092594527482257,0.3307797135952833,0.23392714100058504,-0.01716626984449672,0.059474588758609566,-0.007344670563941999,0.10694503828954481,-0.0003957526460359531,-0.15923098652386422,0.16190317617627994,0.0068200969545173925,-0.13960964349466642,0.003281418443979474,-0.257361325708493
protein|TJAP1,-0.0030062060246184327,0.013457269643770439,0.4144860054548914,0.07678868717198953,0.0005656274081367046,-0.13795240973644565,-0.02111100613565287,-0.003790056584864975,-9.156839074808813e-05,0.04706927855283523,-0.10379288720962457,-0.009842783038879737,0.14150457707780312,-0.0033689214709411988,-0.01250699169739483
protein|CTDSPL2,0.0029393339038389092,0.1828866709876323,0.3836171126298177,-0.018903557210165046,0.0039966875202719545,-0.02953980856562414,-0.012881092808639362,0.011402453428554329,0.00046262155363502224,0.24984494083124778,-0.08759244884037395,-0.004021670271695386,0.10054501607301461,-0.005402448716930305,-0.008299064261809574
protein|OAS2,-0.003483859903496822,-0.03096698459705517,-0.3315227917629017,0.27216577973110556,0.0011878000740137094,0.14645251487402855,-0.0007456378313256849,0.0013123400388131779,-9.430729875496085e-05,-0.17129408606663574,-0.04325840712891881,-0.006452222724117139,0.0614064735543765,0.039492326020955114,0.14255901505843588
protein|CTCF,0.018190076122093973,-0.3410108818274118,0.27020026958452986,-0.005666472616331806,-0.00112787611239553,-0.013347971290629743,0.0797679268466892,-7.410167111400636e-05,0.00034578583909983317,-0.008567754645501429,-0.2598201349844292,0.00940450828362125,0.1893242067664031,0.012904081589149638,-0.007243608243961299
protein|SNX8,-0.016840767676123507,-0.04979600037581023,-0.14812307624430435,0.18230726345444578,-0.016776641756862817,-0.19598145300891215,-0.09127687948273652,-0.00027017328768061497,0.0003128369116296098,0.027323789680406958,-0.04753468959217601,0.022991081528532773,0.17875285696336485,-0.02985564324293421,-0.02775650007854939
protein|GSTP1,0.0007091568403563253,-0.1886312994545242,-0.4348706888201604,0.09224130771993162,0.01708857566492749,-0.28834947016106854,-0.11155950183370571,0.06420318369112395,2.4244646590743075e-05,-0.006702279962540667,0.0031869352143024826,0.007848273829440698,-0.013823242912749214,0.0022391921145349246,-0.06832210768696037
protein|ACY1,0.003949398070830411,-0.175102404342763,-0.07422625989568478,-0.04776673493189734,-0.010479831424854874,0.08985991593047278,-0.03310112096022904,0.006139890648580872,9.960477677421462e-05,0.08728641620086892,0.32538259734253805,0.001884440822611173,-0.09653290632899955,0.029212530629871482,0.08394839391873302
protein|RALGPS2,0.0035980105496490216,-0.10189447645890204,0.005259421637809554,-0.07429432806227064,-0.0019872871640925116,-0.2991671276009745,0.0017247773423462382,-0.002597326249804837,-3.0167138613927917e-05,-0.016742247241131544,-0.008511556542605431,-0.05289048347531303,0.2391941302358596,-0.0038978624501042856,0.12003916790105798
protein|CETN2,-0.009002531094041887,-0.22226772965591576,0.06579622202354476,-0.025180127999839947,0.028028156449591154,-0.07551534688478519,0.060288559059585106,0.002295073011898779,-0.0005421303303668878,0.10087907443634529,0.204357539692751,0.0026146695911608963,-0.04927448534577187,-0.013649529687606875,0.021375814070678942
protein|PRKAR2B,0.020658037246016826,0.004909354374929121,-0.035081829012840744,0.05278593575640406,-0.0043342733157268245,0.03249731914531736,-0.00010031955228872749,0.01370204445662684,-6.167328423216693e-05,-0.06525648705275686,-0.04768837157217011,-0.020570746202664386,0.21454524554915239,0.03686147426972173,0.1023437538248391
protein|SUMO3,0.002989640182654847,-0.48995123738993,0.4267761248427286,0.05688527518653533,0.012508365858755819,-0.021991585776340628,0.02270117208115915,0.0006066525158895045,0.00026471972087757954,-0.07506613204080796,0.0385893487790451,-0.010980401353573312,-0.16802073955511673,0.0037280067482429492,-0.10198146997396712
protein|DYSF,-0.0064877030303788375,0.2024448679832106,-0.04112452518082906,0.08879973966051621,-0.0038898624957985073,0.24487864073047183,0.0013524779829251106,-0.0003789116532123399,0.0004257331065266657,0.14322732808916694,-0.009259501714235084,0.0016932844272149958,0.16798474816037046,0.006074627612991112,0.09551638882321821
protein|WDR43,-0.002271052884381189,-0.0022296080197892897,-0.19375693909194783,-0.40588757825231386,0.001414008193224592,0.007415267049913165,0.0013478449253747577,-0.001136651772092763,0.0008728029680493593,-0.23373278117171598,-0.04310494223504692,-0.019965990539067942,0.20260539744240205,-0.01502408201314816,-0.011692748950108658
protein|PARVG,0.0029483938150067714,-0.04865256388997086,-0.2125073300579759,0.3022920420765406,-0.006426439810527447,-0.059146099244464574,-0.06921203529975323,0.006884773203048717,0.0001781265982186987,0.005779398230779116,-0.009074929471476931,0.009477923171534378,0.1549317518221976,0.028739191556622024,-0.0017245845800975194
protein|PAX5,0.007241954820482031,-0.009213077328262865,0.2988224980229166,-0.14860663912476402,-0.010690621736533424,-0.19920669214305387,-0.06640940380387111,0.11678604040811293,-9.609043261087561e-05,0.030330564659894158,-0.13379652417681578,-0.08135087007656049,0.11432610917865867,0.034170580809435906,-0.1263601644375846
protein|NFATC1,0.005835993456807738,-0.03778215033697963,0.09340203263560258,0.003918746680804048,-0.012403297488461936,-0.02524176607571873,-0.04130865820708901,0.0021949665597228887,-3.0529068905237404e-05,-0.0010070351493207306,-0.06010608183089981,-0.14121263195024833,0.1985358226780397,0.03200070926239796,0.10413832074592615
protein|MMAB,-0.015563792917024625,-0.0065106629247287775,0.14713732751435402,-0.07858121584606002,-0.009441690165236901,-0.054673361676769824,-0.026347907279130993,0.0005022456586480004,7.443325564165129e-05,0.12247160371129084,0.4292689978800289,-0.014759637995902112,-0.012409455682758742,0.024744708315478182,0.1273946623014005
protein|NME1,-0.00879573978793238,-0.1226279022422896,-0.016697244765023635,-0.4226325448809923,-0.015261849882652001,0.10046094291756241,-0.047252170238272884,0.0003936926245328649,-7.478274875189346e-05,-0.11801820663381367,-0.059372736344227246,0.0007104306352173416,-0.1570852551168023,0.002947342339151741,-8.509878822898361e-05
protein|PRPF38B,0.009065944882552981,-0.3471942087190764,0.15088994184480636,-0.061174232893221776,0.00637641564529003,-0.0017799240722768223,0.1484258493201766,-0.0024882958134744156,0.0003938750073858265,-0.07475635620132647,-0.23553533804548685,-0.009699708911201942,0.21819063041932243,0.022306969114208697,-0.013419633722091009
protein|SIGLEC1,-0.006199833111229216,0.07423221751247992,0.19492640352520127,0.22276782016169053,0.0004941139905038939,0.27927806968705254,-0.017002245837613093,-0.0832531313986885,-0.00016758070346379892,0.05123626295100191,0.030698561444490177,0.06906144611891105,-0.013095426353098346,-0.06202630323135323,0.16881687511853566
protein|FYN,-0.002832023089153553,0.011074234969771623,-0.21277394817906536,0.2488510480270712,0.011187919007626416,0.09184420967889946,0.1892721177495141,-0.00045946623892491176,-0.0003539683634210678,-0.2107150809299625,-0.022927817719443896,-0.0320014025399287,0.2585895783425268,0.016116545820875114,0.03871992588350876
protein|ATF7IP,-0.00587008836983589,-0.04062386009651658,0.0472634537726169,-0.08418338481646798,-0.015838083749945074,0.004270726746447479,0.0025056508050395666,-0.0030660873537871943,1.1903466292707754e-06,-0.009867296424570784,-0.0012517636727027348,-0.00649547641117355,0.02167049398388329,0.01017756199276348,-0.001866380441764804
protein|IKBIP,-0.00018684915486680024,0.09176194532858722,-0.10998840553786383,-0.13055403595259302,0.011704853485458548,0.09817311365270413,-0.009640841205352815,-0.006758820436938246,-9.962993756683548e-06,-0.10836479864368148,0.006789091866146074,0.11085186592551635,0.15578845770572233,0.014193967953374624,-0.10945997220070955
protein|RANBP1,-0.023608325245343897,-0.46160767788510904,-0.1262302813642684,-0.3524650480853902,-0.0011944469061175413,0.022561176241965054,-0.024456664182317452,0.00024220943486705704,-4.5868096416253205e-05,-0.0008002612046031222,-0.1395144926191278,0.05210129473720945,-0.09165060435411646,-0.0031443248145451956,0.0031994761498659254
protein|HM13,0.009675577822512152,-0.03711886506420293,0.03478212147080191,-0.04263449506755095,-0.009456695523934959,0.34303669067409687,-0.003644397228738247,0.004049163994655179,0.00040903346110018565,-0.32162673638734557,0.16607092814524818,0.05132908687062503,-0.2833821770854188,0.009456806075327243,-0.0881318025851168
protein|CDH13,-0.011858624516230577,0.29058316093255804,0.27953325303341686,0.0007056609530925633,-0.01703470191887944,0.003045550734977356,-0.15165859288479974,0.000969156446956447,0.00014154446383246615,0.07061280126438933,0.006138505200601773,0.014680726835030262,0.19158196197816632,-0.004408924122728302,-0.11157135060576015
protein|DCTPP1,-0.005278376749570312,-0.4125907112170074,0.21170203439300664,-0.23588625319915993,-0.019135286120652784,-0.010223597284463244,0.0005494400312241377,-0.007833952104289206,-0.00016259920963832713,0.11569512410459015,0.046353037030275566,0.12351957201531844,0.13198773838832278,0.0555445129598526,-0.03853193104166505
protein|ATP5E,0.0019898567747260805,-0.2107016410667376,-0.2500769725223455,-0.16847029723744963,-0.015060544645132963,-0.0012252480318045537,-0.001343570029512079,-0.0011681083022949098,-2.4129109401299803e-05,-0.21812139463951907,0.39982693967280486,-0.0033986736034742754,-0.11153505899297762,-0.05929524722031948,0.0013461842518577368
protein|P01594,0.0076981331930792134,0.2374589986429218,0.14964183343301174,0.009704760124425005,-0.00984156484711461,0.08631425863168504,0.048146150558579494,-0.005170426146235964,-8.048504581043643e-05,0.31319925827978046,0.023056095121552975,0.022888629056706224,0.006569690290956818,0.010420580997235843,0.025513737179004698
protein|FAM107B,0.024215737590742217,-0.33139282228233474,0.12686339762152893,0.18820847258532458,0.006278561893063795,-0.22511269333543218,0.02063352082727493,-0.004279146642535152,-1.0575948714590982e-06,-0.03460177346949755,-0.040393344591844405,-0.04781698078428575,-0.049601746405140715,-0.004861274611098299,-0.09450456282455086
protein|ENTPD1,0.0023899615417225253,0.02986139571251711,-0.02888079771747967,-0.03529823507880093,0.0076678090608599805,0.21224609336994113,0.039996464157374755,-0.0002698486480241216,0.00010626489072215277,-0.07896616858894256,-0.039344784831181666,0.03507480459339079,0.08947260710498985,0.012632249135373166,-0.09287837508900106
protein|FKBP1A,-0.011215791952041221,0.1334749466956179,0.5607505756806621,0.07686622384940665,-0.004063329833881644,-0.008147551795679425,0.02610172943381738,0.001613593656049958,-0.0007111442346640337,-0.1463470519167637,0.0018057465066533794,-0.0300972266801317,-0.02347286720350264,0.004336429383712098,-0.002607551929954208
protein|SLC25A3,0.0038242398691138092,0.08265903653625876,-0.5168590659171146,-0.15593284385056838,0.015723419167311785,-0.06994144001889639,-0.0003725171310912656,0.00043437894716097543,-0.0003184902653590356,-0.2783328031946613,0.24365011369923478,-0.03189376748021087,0.12588697782525826,-0.001861429311916794,0.11709513441867643
protein|ITGA5,-0.004404798347715585,0.3075170145840712,0.332483204955388,0.1519262981512461,0.0036441329858505353,0.17474858423968612,-0.2605516430627807,0.15365046918303857,-1.4794018117275952e-05,0.06599244921919635,0.06369493699381261,0.0073802578646937934,0.14369506659381756,-0.0036198445223381347,-0.19449508479607597
protein|HSPD1,-0.006135921780021039,-0.06748193859142179,-0.4174126425811899,-0.39505210193263884,0.023440830958061994,0.08020742016560674,-0.04306028540664143,-0.01494186886968617,-4.7620564725258135e-05,-0.13385679282249238,0.2689026586279071,-0.09673638468032993,0.08348767676050602,0.0042401737369916325,0.003746599958047385
protein|COX6B1,-0.0003376695051534795,-0.28407551067756476,0.2843939840608722,0.07859978842273875,0.001163251096729903,0.08239267324019917,-0.010859802699258583,0.0009339100515494914,-0.00046981952021104786,-0.15571827213732836,0.4091314499584256,0.06542097996884581,0.029616747754564913,-0.00139430193201747,0.002621326847195931
protein|PCNA,-0.0121243623132874,-0.2916041318291979,-0.1384848599052678,-0.44594721983206975,0.008571137332684048,0.0789725722989265,-0.1222713670832714,-0.0004650890931548672,-6.789895448204309e-05,-2.0934415083095245e-05,-0.21152575807474322,0.0035893764971641163,0.10002411807150659,-0.012288379954454816,-0.08367326578690396
protein|AKAP12,-0.0029749563513293753,0.3480041668432488,0.2587872127371959,-0.03371424800469138,-0.014051580805562352,-0.02452786491671512,0.15222339036931556,-0.00043933870276915103,-1.9932122799468665e-05,-0.1422823588274216,0.0381668564420337,-0.02671541179591662,-0.02706175102958211,0.011717890518343996,0.03131239680977764
protein|SPNS1,-0.00014330283753182058,-0.030208726475400016,0.11563106259025423,-0.02788295690625079,-0.002246261668060513,-0.10609945109519821,0.05148369251718157,-0.002823979941218665,0.00024776126965976873,-0.06187215772339784,0.027904334511184452,-0.0026502987897770555,0.2447821611411023,-0.003564145820074008,0.02588967122046888
protein|STRBP,-0.014508666984380829,-0.347260327595724,0.09542114878300584,-0.18326324957919773,0.030754628159596526,-0.25492980073058646,-0.0031199075728813616,0.0002072518615159002,8.600713859603079e-05,0.01145052402632562,0.11257157581957805,-0.002819433683589918,0.13370867217438995,-0.018046321238435675,0.13931667814668647
protein|SLC2A3,0.015410277895194486,0.04031714677971954,0.10674406056397726,0.2771826888050734,-0.021198114412877958,0.04061828069102691,0.022027597771862813,-0.00017600665555816492,-8.039759842873557e-05,0.15819151292054331,-0.16644326423612998,0.00746232947437258,0.13513727333282635,-0.01031969475313977,-0.14541699847480621
protein|TM9SF3,0.0046852445067792296,0.1778382719217391,-0.5264440435839292,-0.05938751206908986,0.012919506675161127,-0.0026325374747426774,-0.009307069721358979,0.00032463160607994207,0.00023693664358305464,-0.15741739202599198,0.041340017953411495,-0.0047152712661727705,0.11044967501364057,-0.013502626903225134,-0.035878890527507756
protein|HABP2,0.0065704705830799725,-0.026005254640717824,-0.34753488689271056,0.30940055090057494,0.005237514736917727,0.031488127734013834,-0.19297217154973956,-0.0015400134287273802,8.398989759252002e-05,-0.13454157974660969,0.05359070065452669,-0.009098137354972146,-0.12662853487270215,-0.024615426852515006,-0.05574793788076266
protein|GLUL,-0.018705396446785094,0.01277118809816763,0.13078566188229784,0.0666324633580828,0.009148254212108712,0.2711765848232753,-0.16930004853368288,0.0031675031345914343,-0.0004137317423788484,-0.006507414027871181,0.0053618246575761995,0.12556926454378903,0.06691795355552918,0.022665791878423946,-0.13000994730378188
protein|HIP1R,-0.0012785060167157147,-0.00482783629601228,-0.19330117527289128,-0.022865972995460972,-0.006923088893061419,-0.21783420090702932,0.03576921766070584,0.0024879691179567577,-4.2532532612892055e-05,-0.05385678032194186,0.029242375851673993,0.0010619587228780428,0.24567928372326212,-0.01402704664562782,0.011371521967912943
protein|PFKM,-0.007888299015095364,-0.02831819097505093,-0.24628800901426817,-0.29279901063408453,-0.025912867884667363,-0.07074123142688452,-0.017272890073575197,0.00042443512044387154,-3.480772064696806e-05,0.04992250627474089,-0.06433910209369235,0.010141283852554464,0.0497303277214936,-0.0025652580827879644,0.12614092903475294
protein|CKAP4,0.03159526782069603,0.3519080259127931,-0.14172401512406987,-0.1883328986943094,0.0032075680131010433,0.1472743423937715,0.03681984078341603,0.0002872154670013313,-0.0001199882217588991,-0.11830886197831277,0.10128431907117792,0.20012615015635343,0.0015782176212872708,0.02138436095376697,-0.020435185467276667
protein|AMBP,0.011366744521177705,0.4433871292278209,0.21221758332824162,0.014437116688158468,-0.0019203097255755764,-0.003439886894343452,-0.03874572432934937,-0.0007651861252504943,0.00011624911842893656,0.17205848604057009,0.04935633627304137,0.0491697882441616,-0.09944195436345632,0.014470823266642105,-0.01357520644383549
protein|PWP2,-0.024918248347498048,0.13684546327198582,-0.3184026625635206,-0.28602795340124754,0.004980035972725636,0.10615021965595642,-0.006331355998666945,0.0009458282007655678,0.0003369445700729294,0.16748139730477962,-0.004954730801162739,-0.03298572788008874,0.2828810909868232,-0.005496925317400649,-0.05204708593518205
protein|G3V3G2,0.02254863833751869,0.2326477208902091,0.45663538558931216,-0.020360815548011973,-0.008087875342649844,-0.0801692324217896,0.15600058219631818,-0.0038387853450791358,0.00015345783341460986,-0.09624429060879056,-0.0730551799641906,-0.04319254838909715,0.08351359043820214,0.031559424712400704,0.0766070075724278
protein|CFB,0.01829805501157321,0.4749710438016004,-0.008327674633626402,0.011790951085911432,0.00443562413656439,-0.014645975462592047,0.009725782064669534,0.0009002144383249902,9.312393037386119e-05,0.21406399434476167,-0.0317177896487488,0.08802468746368146,-0.09687229517873765,0.019843366398644927,-0.1858255752829098
protein|HAO1,-0.004049925311461336,-0.2677962508635595,-0.052876293526922885,-0.16743237327059704,0.01401115963880266,0.04068126880660227,-0.015229318000364298,-0.0012070694279161566,3.6197549928144805e-06,0.006093871768235236,0.28801237926764967,-0.013864002380684871,0.19191733254208937,-0.03782116366221808,-0.006316813959295126
protein|GSK3B,-0.016725535275143564,0.2144386207502315,0.29722139326191027,-0.044530729395625336,0.010622453179394312,-0.0331358887138435,-0.03438526342612389,-0.00338730172875839,-9.45996437150111e-05,-0.10738378376743514,-0.04147528875598558,-0.018669516070225073,0.01117065475450166,-0.01753227792994874,0.010515715821184018
protein|CYB5A,-0.02891908505671707,0.19660141390174643,0.24681161366321902,0.11799536339966421,0.011103704035242244,-0.08904773135281456,-0.02300066280702123,-0.0037854477859917304,-2.4282653769983387e-05,-0.1455836844368446,0.3924428542654025,0.03615783729576244,-0.008149321781818365,-0.00799333992174904,-0.06640107632731194
protein|MTHFD2,-0.006242675736102558,-0.10873926983478292,-0.01118362417506059,-0.29056639230551107,-0.01876276292647305,0.18077894147005777,-0.07981426409834468,2.4108878899693276e-05,0.00030384668998810005,0.098706158352411,-0.031308598785379206,-0.011816696144772813,0.2965099417391117,-0.016912607144744574,-0.09813803113189297
protein|MATN2,-0.012265851176516362,0.19232155619584174,-0.04732477596039082,-0.05648452631897206,-0.007085682694690789,-0.18502539855057318,0.2606455701798695,-0.05913210822701162,0.00038879433612607465,0.007594220010009914,0.05326905076446983,-0.018619943205054355,0.05875504287594397,0.0011105600726090067,-0.0115679115859008
protein|ARRB1,-0.0009835649492594455,0.007163288723703615,-0.19102458145050236,0.31825057777094967,0.021281944339616922,0.2178777281768445,0.06559950666106021,-0.0020607077197605105,-8.15959599468424e-05,-0.13226633073900418,-0.08651416672920317,-0.013920706382372859,-0.030202971922247277,-0.087795612288341,-0.1336316604373154
protein|ITIH2,0.012705084232801096,0.5067586671638672,0.16782573271759707,0.05190061306400202,0.0017141054593136787,0.08991976655045325,-0.15118826674515057,-0.0035750832631317913,-0.0003467484248596716,0.19716698885196857,-0.08078824374529815,0.0022793263394084704,-0.08609710630993353,-0.005655861807382442,-0.010843179536842693
protein|ACBD5,0.005413843600433546,0.22327771369597435,0.33875771344688843,0.11414560368935842,0.009021536470967298,0.13619526965255901,-0.1530846528792437,0.0010532333135031262,0.00011418933611258049,-0.06160682646202869,0.29969045280542167,-0.004553764226818355,0.17157042252004,0.011277172443907489,0.027109231576959075
protein|FYCO1,0.0056040976277320735,0.011363974803545472,-0.15338197287338193,0.14028084436028002,-0.0032058812448265304,-0.004011278976352427,-0.0044323721140079155,0.004593780613268759,-0.00017880500015938372,0.030008118702285314,0.009968830557861972,0.044795912866692315,0.23426584951947615,0.05427853308383839,-0.06295053832101244
protein|BCL10,-0.021633288106271773,-0.2498052052702242,-0.00248567605686743,-0.10128901642061423,0.018827081032020836,0.013550292155588612,0.0042733554886946025,-0.002522560318653585,-5.478465922442407e-05,0.09430946508920615,0.0034014649326244957,-0.01719408816317439,0.19129925942983575,-0.007629076074408632,-0.11671664011574627
protein|SLC25A19,-0.00686507396040587,-0.11685295777349881,-0.2644424287861145,-0.3090002460663729,0.00821011818901304,0.027418423053238238,-0.10817715488817299,-0.0009549124091829359,0.00020078859962314953,-0.12007387634309322,0.10737830268107264,-0.025333263628276342,0.15774344536259557,0.04011501748294637,-0.12125469881215033
protein|LCK,-0.0018710921357369514,0.13650431829831572,-0.23579745134870153,0.42223457563871614,0.017052107299326345,-0.26729429878391103,-0.0037585237948169646,0.0006220208627398514,-3.550444804160219e-05,-0.1812706915494879,-0.004191392064187254,-0.08895607355900567,0.13992860891816936,-0.0022328862936915102,0.09595468820985648
protein|EVI2B,0.007961299302026525,-0.032335909605819564,0.15322238002223204,0.3792371876107351,-0.008509586795849065,0.047383084119793716,-0.00121090321772595,-0.0003701887588310296,0.0004250302093947397,0.06538517350836488,0.10348943427396484,-0.1424324747743889,-0.029237480168400866,-0.013769223136989892,-0.018076982618667033
protein|BST2,-0.005870400286258389,0.12478187241878408,0.3617965165259072,-0.020997713737300475,0.008593503444623896,-0.05174451544867513,-0.03139606523364123,0.0010705312657043548,-6.000817732302509e-05,-0.056388250565933454,0.022214555560810204,0.0008763567354928826,0.07927483141046233,0.0014409146845320775,0.05053044006914286
protein|LIMD2,0.03746354156644296,-0.2194312318018343,0.22222336951669863,0.012302215791437322,0.022934179751826954,-0.2635398250702555,0.07054407679402566,-0.0012564650147200626,0.0005101527042982169,-0.15266965048875278,-0.1408510976534462,-0.04952689330953702,0.03193031362416028,0.011654508067330156,-0.1500301992874889
protein|COX7A2,0.00682236839760846,-0.08904875402089912,-0.31223809818989007,0.17253997696358936,0.0005877979078505408,0.0028215138286328476,0.0011830097488429493,0.0009105337538045689,-0.0002284287921611021,0.05167443987978845,0.36070736904029593,-0.007927761711235956,0.11662530561675741,-0.026997483216145056,0.01084672150605944
protein|STAMBP,0.005954005033441378,-0.008924369418121055,0.03734744812174136,0.04531937805654861,-0.010485271319007157,-0.023063693867589885,-0.018764805282079404,0.013239032679174053,8.140616182175235e-05,0.22817392589715388,0.003866556665440906,-0.1131707737635119,0.11080046976349033,-0.014912995222436375,0.048432653919223294
protein|LACTB2,-0.0046852607257558835,-0.12003174817815959,-0.1522000171721812,0.03253880942234946,0.0156437309951043,0.12139913726423526,0.03495537987510225,0.0018409961098406777,0.00019343302157273886,-0.01434219997550376,0.20489566871300804,0.02251206651199833,0.2545141587161172,0.010806125239487952,0.008937361717742356
protein|NUTF2,-0.00040991934773904753,-0.475229874433324,0.0018137491968134682,0.002826981100101066,0.007765722318728859,0.03875342644016757,0.02006409142953428,-0.0016643196016587613,-0.00048249738214204606,0.2049002960894454,-0.0016550766780698367,0.004833962696070809,-0.20211013592753355,-0.040086332170603624,0.018985903423212176
protein|CYB5B,0.010365131170127303,-0.010320184596209708,0.27879224002428044,-0.12663777946960925,0.012071249864649497,-0.0127730847394294,0.00044383965134877935,0.010129370739841518,-0.00016567407656797889,0.008274283924385157,0.15479023357317886,0.035292649556465536,0.15488426957971166,0.029498966346054662,0.003346008593891482
protein|GRN,-0.002911908495764694,-0.07915674933049267,0.38735290609639916,0.10654204654916413,-0.01853001764983901,0.25840451054919367,-0.1664835654045841,9.304270495051302e-06,6.280718088716245e-05,-0.0434057376757106,0.008657414531234134,-0.01622433264255175,0.03687078842863547,-0.00428823369193635,-0.14151842503765888
protein|POU2AF1,0.012151501502096148,-0.24520501863556488,-0.07571323688130538,-0.4028774158388965,0.0009683968529047792,-0.026600780516313396,0.006297123310532577,-0.01635904108761774,4.181919157631196e-05,0.09449591848909364,-0.03172415540053656,-0.005644396261065093,-0.06500262676781941,-0.013607479901423315,-0.015030581272575692
protein|FERMT2,-0.014158445271568775,0.5272573927798632,-0.32084049060854664,-0.0026692445633627404,0.01652825010362412,-0.07504449366080619,0.15635333626606054,0.0005947698063116616,-0.0004166739240916531,-0.07822974005008483,0.005800818161102366,-0.007611064610703463,-0.04232328980183908,-0.002722378187686768,-0.014035418330693088
protein|NIP7,-0.023789883493370554,0.012776524495468806,-0.1760634611332824,-0.4013963141939899,0.017474550329599003,0.10457362084807448,-0.038742572743330525,0.002128851641521176,9.657742451938805e-05,-0.164922999899125,-0.1407026105723062,0.011090650124511886,0.24968921175927353,0.005340326349280498,0.0012654942362306024
protein|ALDH7A1,0.010680358914780504,0.20435573321831724,-0.043632691481696795,-0.05945858147046101,-0.0032025898710727986,-0.005210392607062245,0.22669356770892557,0.011484383413103878,0.0004976213414958354,-0.15173794125752116,0.3419403541587118,0.006700201252739633,-0.039804325715863564,0.010660886282573336,-0.15192818672480535
protein|NDUFA11,0.02534573748749573,0.024105654256518182,-0.47346931958211647,0.021919455933827735,0.0028049194270492357,0.08430773727575513,-0.012371504753448616,-0.005115708404873599,7.45891945436712e-05,0.008287737221664076,0.2649427296793649,-0.0428576452416763,0.1551740277566935,-0.029942849874838414,-0.0009951882244725765
protein|BCCIP,-0.0004011351331122177,-0.14838713655158317,-0.12092488063516545,-0.22889866936248773,0.015531205005541926,0.06057537866373766,0.07315603246431399,-0.004005195088074542,2.6379309204675525e-05,0.053118709033053046,-0.1056866156656898,-0.011540205852751576,0.11835375347446296,-0.010650929209953256,0.023533679915374004
protein|MTMR1,0.0034155646996306636,-0.19440322302808183,0.13641942651776778,0.03956544976926325,-0.005850057262485215,-0.1366773589652365,0.03409151599368576,-0.09964192030373323,0.0004286822851983952,-0.040092167213358045,-0.020776183884040032,-0.02850170239080018,0.31835976998119014,0.013457187843820138,0.014081277181066205
protein|WRNIP1,0.001925685613688568,-0.22052943626162158,0.3659865299674498,-0.02556545206915748,-0.0029941177597693574,-0.025731292702913314,-0.003806068949717647,-0.004612646251621241,-0.00019811449674060145,0.01578958948312859,-0.002221722752559786,-0.03027873854418479,0.2622758185012602,0.02191799451539483,-0.004142079683284732
protein|FAM195B,0.0020960891535906395,-0.003315923807985537,0.5074852714066489,-0.055442638627884185,-0.006720272459503001,-0.019933451277781806,0.005075208647715437,-5.163810770849074e-05,0.00015058971082961876,0.05384626376370974,0.0514319471757393,-0.020068578635596496,0.012770739273815286,0.007537453784924273,0.00160716657327212
protein|HSPE1,-0.0229658987705189,-0.34993554940660043,0.22035627274670402,-0.36315182567462795,0.011997061568374446,0.1538958584231567,-0.09280069945813903,-0.0036713377971910968,-0.0003559508641531756,-0.06023340852862187,0.30807071683507314,-0.07708202319922536,-0.04805897244686367,-0.009854174774681215,-0.054961012814907104
protein|GIMAP1-GIMAP5,-0.010911274009321579,0.06320417824607921,0.10894196409492306,0.5642284451703607,0.007049817348009246,0.22478775874545995,0.10492254305377867,-0.0048898535239283785,-0.00021711638731242988,-0.2796644596446625,-0.03272809749448566,-0.0082733237304507,0.06699041454982267,-0.021579797786095783,0.01587843144510205
protein|SNCA,-0.02417265211584131,0.21333198387007965,0.13065873670324218,-0.04612471681450131,0.028662104060741708,0.03008149945091629,-0.002063881930060339,0.002875410170512023,-5.0957841697347156e-05,0.37500072163478576,0.036375106884929335,-0.018726916817696712,-0.015536224169948324,-0.016618423172682806,0.04383425161707097
protein|HACD2,0.001761955278270421,-0.06569772879008176,-0.023922112388175844,-0.028355788773837574,-0.006998125407526639,-0.22518362191797814,-0.0049233378626588305,-0.0005087124552219935,5.429695890296494e-05,-0.1648986986954299,-0.02979601556112266,0.013168619824518016,0.3269470958407447,0.04299904902506997,0.09778539908813057
protein|BROX,0.0004526427662823388,-0.01582969217097001,-0.3719809660308629,0.008360195117783093,0.0006256033474597749,-0.07693235991508311,0.058279733893123235,-0.0028076347303588787,0.0008334803927433216,0.04176735191298171,0.3038880655457468,-0.020112315855939315,-0.06653895176106063,0.0026120666330920073,0.12586164844371897
protein|KEAP1,-0.0072518167766633295,-0.26917190266674706,-0.06130538583366764,-0.13540600053529003,-0.004634048864512893,-0.01885008954399808,0.019653584616161384,-0.002582594123316626,-9.178492219975902e-05,-0.11912582899864216,-0.10771214739505428,-0.0054113356389572705,0.11702710297718895,0.025330504004361907,-0.0073340125811399886
protein|BLVRB,-0.017556831444395755,0.34872916658491193,0.21028461319512579,0.15677072346988957,-0.002533908303702324,0.15195020197680859,0.008981370369642604,-0.0017980647092018306,7.803428516475549e-05,0.3562077243391418,-6.776928234206217e-05,-0.029083165341283964,-0.024947025925721723,-0.02951459334203369,0.16321241419961643
protein|PHB2,0.018682113615390784,0.08029119570744625,-0.5094940917396151,-0.2444171180465668,0.006576230513770604,-0.1172700058013753,0.007434992433117143,6.325280602162805e-05,-5.250938059630802e-05,-0.196663966860839,0.27299980500504756,-0.10938222219467163,0.1217681313526385,-0.025682439966712232,0.01177997446598969
protein|F11R,0.010592493456457365,0.048246942870828355,0.25502329022656645,0.07442288580962804,0.010417466507083386,-0.09469573974429701,0.03969424281123897,0.0019665075685992004,-0.0004401102411263729,0.023911875097493592,0.13493878979809587,-0.009624602174655392,0.1435110339495275,-0.012800878614893919,-0.06941005773573869
protein|LMO7,-0.02481742872152052,0.0732501738782547,0.2305796664891345,-0.09177396010898757,0.001470581123370976,-0.18409741867742616,-0.10349345229769834,-0.0002729227450201873,2.88075021563048e-05,-0.013861250716953592,0.10632366024767048,0.006237098083847108,0.08387774798065328,0.018340779667413706,0.008337145356481489
protein|EXOC6,-0.014739572196184523,0.035726885073433835,-0.2063522977110046,-0.07492056521294659,-0.006254018537248365,0.007603191738241918,-0.013835128853829391,-0.0027911809992176477,8.861687499503646e-05,0.023120453248303953,-0.0016190075668697308,0.007469671353221197,0.0937776124291766,-0.022048902444569925,0.00022523769441404006
protein|BID,-0.014254213729337701,-0.014907231064537745,0.2351937157007023,-0.029171181301321257,-0.022269909652164327,0.1114343979524033,-0.12836722881837823,0.002942345429474633,-0.00017294163207416153,-0.057096324589995806,-0.04724155750512579,0.01134794509307256,0.07691191744958487,0.006361762234544375,-0.13402771965228502
protein|PRKAA1,-0.0038829778208388987,0.16019664057646343,-0.2356198818789321,-0.0799980152150933,-0.0010236254809417292,-0.047705189284769835,0.009192044287295021,-9.553340906992909e-05,0.00013826056881949202,-0.13096180653650863,0.055383069503017614,-0.008742674260955782,0.02879493113802337,-0.022305350851823134,-0.09991228348128839
protein|HPCAL1,-0.011507922901043926,-0.05376014188788335,0.11855433859194994,0.25480576238648817,-0.0013431428374504036,0.07426392533385762,0.21540554671420706,0.00020646668518435192,0.00029134898144258153,-0.02780535917943528,0.10827825806115583,0.014758827151550602,0.24982781223165149,0.018996402726887778,0.011950048048417105
protein|EDF1,0.0012936139613446069,-0.41421022118472983,0.5251170724770969,-0.11039270404391026,-0.005313503241251493,0.10624703652448184,0.0004763643453542204,-0.07795289121349551,7.234848129409894e-05,-0.10324058700042398,0.05009272834639633,0.006920553248906413,-0.07277139022607473,-0.017235374603195592,-0.013474016827603328
protein|SVIP,-0.0020452306026704013,-0.005164632099530987,0.22138724401539997,0.1277381032942613,-0.006104624709247897,-0.18591860041760697,0.022868441645006406,0.012468496733245649,-0.00023162562788357343,0.2385591689088112,0.1801112443406304,0.029078069701208055,-0.04616892072088008,0.0228025814100538,0.012252931856905094
protein|ARHGAP18,0.0007804190361212804,0.0468041339019618,0.20795375944081582,0.20420543529042146,0.012140503296648647,0.12671731394378372,-0.009727136503350772,0.0020930755464787024,-0.0007225230835019008,-0.25636138117145546,0.09420159263323546,0.10213398142792356,-0.027683377335585877,-0.027011864466541458,0.007568252798197499
protein|VRK1,7.34647180839828e-05,-0.33091306674206833,0.17656169946564326,-0.2887776841133425,0.005019232930077345,0.0032091234160609586,-0.0034037173431518777,0.10967806187621534,-9.300824421428501e-05,0.00782567412951503,-0.16254794223053382,-0.005968439239262565,0.058908300393476234,-0.016624529880379407,0.005706007231077231
protein|QTRT1,-0.004841667121466197,0.1856696675163971,0.2244788013536958,-0.09343267964608398,-0.004239420920072224,-0.006953965334273363,0.007278614893565035,0.001576305864022449,6.945067174701266e-05,-0.12460701057872509,-0.004620078975427567,0.010004966142022072,0.08937939098752931,0.006328082907018716,-0.021580713011505732
protein|PTRF,0.008327602514153909,0.5087114279577671,-0.08876997769747523,-0.07705242254255618,-1.1643235002868768e-05,-0.0828663058902183,0.14476481717817802,0.0017971876786964463,-0.00013838583340848256,-0.17622562845034354,0.0007554615989721859,0.05226032783385407,0.10751355039225986,-0.013204282276926218,-0.0036192394028588012
protein|NFX1,0.007085385136572693,0.10203855930526129,0.1386553516107339,0.11140757354917961,-0.0034469746484348143,0.0051185578656075086,-0.011860722194246815,-0.0021498299885041434,2.6831624838588217e-05,0.29830419826824905,-0.006484362868738629,0.0015727518569417752,0.14450971365395446,-0.007540591875392328,0.026238852344302344
protein|STK38L,-0.0012227631365726193,-0.203632573094346,-0.3854148782861328,-0.08066106497705969,-0.004632431520563259,0.10217284605482845,-0.004561655068561801,-0.01668171321505798,6.283996954830124e-05,0.019911336211840696,-0.052596503762992006,0.0570039987502067,-0.028526423870464546,-0.006452415968532045,-0.07046024281425375
protein|PAPSS2,0.003376386275574798,0.14956367094855474,-0.3327303388834128,-0.000860853413186328,-0.0030938823434895854,-0.004330558923823222,0.0795123115907918,0.0011132300547216948,5.373308479489841e-05,-0.019993639697240738,0.16805543328288478,0.054191280498376945,0.05846419554655285,0.020147984751069138,-0.33467373699450603
protein|PRDX4,0.006219753264390665,0.24530796548123754,-0.28247810875102725,-0.13025765537596995,-0.008552095341374539,0.15946634844439525,-0.0030502077669604523,-0.007817107126719867,0.0002069236716375007,-0.14873130651436123,0.15399949999392593,0.03695446331832986,0.14564057385809903,0.019193730396458594,0.11475961312976354
protein|TRIP10,-0.005772213777839659,0.2467620661304883,0.35428671634187,-0.03629642999716726,0.018186490196872004,-0.016915698865119327,-0.01125700185384545,0.00020025703612064038,-0.00042830683227426116,-0.0965436173851013,-0.012160103669243463,0.01906518699129424,-0.03198548978727994,-0.002958348682279196,-0.02038540562640681
protein|CD274,-0.006948252786266411,-0.022722382619592755,-0.20570276652762573,0.21960896545343048,0.021606658035008334,0.2809704237222099,-0.13219453640842033,0.0030942863976816367,7.403396066286001e-07,0.0008011308118468191,-0.025432074859035626,-0.0006019712369988785,0.031188639040092073,0.010908288402940496,-0.10209054075098017
protein|MME,0.0038131931263952067,0.00864122432700406,-0.21845606836940862,-0.10021000032248757,-1.4438337704258544e-05,0.0035371002474308506,-0.003998055826561727,-0.0008289897979968531,9.618977485307445e-06,-0.13286920089611456,0.0376255486872249,-0.0020516380989473197,-0.05679770683257947,-0.02253792233704351,-0.10536259057024726
protein|HK3,0.004174804617121183,0.2427170183322808,0.03975795234029521,0.396887723086449,-0.012414127951594831,0.33534941055314565,-0.2126340654701316,0.007037791885384515,0.00025799421423216656,0.0370854676330016,-0.017760725315413794,0.00962028254616808,0.14042482161902567,0.015501430161394747,-0.08441114671181399
protein|LXN,-0.00797064506404105,0.2597308415701517,-0.10563488485067969,0.12714989657859938,0.03702308161713036,-0.11918448680865458,0.1112949994786698,-0.02439289956398409,-0.0002000477612240757,0.007485858823844839,0.007912700822000327,0.09904830216755806,-0.047640439877920826,-0.04603903186554751,-0.19073519773825184
protein|HEBP1,-0.0033971644842684845,0.15809596334689743,0.29651471560609655,0.28769847014148486,0.005905620801393284,0.09379230478845078,0.04621781850584585,0.001692668253123543,0.0003045242670812592,0.0006680068221671671,0.1001304016635146,-0.009656173406142218,-0.031904941060727825,0.018196748810027984,-0.15707620275923798
protein|ISYNA1,0.022854608452527958,-0.02472395037398932,-0.13806404779791645,0.017561652121013918,-0.003296034403619022,-0.0070744313438915124,0.15593533651326852,0.000211706904833324,6.328770572225954e-05,0.02082448476724008,-0.00991759383576594,-0.10156510799904853,0.021860385218338396,0.017841369285688448,0.011165680614393029
protein|LIMK1,0.0168667944105837,0.1646775736935345,0.13283675839375916,0.06783556554356267,-0.014451269427218801,0.041203348766237366,-0.04819952736387793,-0.0033066464366513495,9.262750292261406e-05,-0.02949006558784253,-0.11387011666572726,-0.09155120409049576,0.21815571964095898,0.01554878169495832,-0.03416541052687356
protein|KIAA0020,-0.025752978387871793,-0.08603902248268473,-0.012798870670978828,-0.3736211161538143,-0.001021238483459992,0.07904436934690277,-0.01202594144158543,0.0002892585256776887,0.0002655107952081787,0.10481512468297273,-0.10241608067826288,-0.05252770892190566,0.100388136125188,-0.014052021461774266,-0.03385964919012899
protein|H2AFY2,0.00588215837253275,0.14424916081701455,-0.005545840585958292,0.1919011146274659,-0.0021391238752063936,-0.23860836934187912,0.12647315185237842,0.0004496245965842838,0.0001503917167030016,-0.044216306346962705,-0.007455605477041536,0.0776060548640756,0.07935284446395567,0.008176846362310645,-0.299732207067656
protein|HSD17B11,0.018627423348088673,0.04479085976685986,-0.3767905594674461,0.04520152910553877,0.0046171319630780175,0.04294990419397731,0.11669164580423302,-0.0032837758368370637,-3.1964962283493815e-05,0.012196144395856229,0.24205816149023965,0.009419305923128741,0.09348861166721815,-0.008062992738921729,0.024029155867437344
protein|VPS26B,0.006521866811293542,0.4831637133073563,-0.11437043501555152,0.18381098655697137,-0.026302181452452323,-0.012145499895627196,0.043821029390858926,0.0013168860260127043,0.00022070753264268208,-0.2987599253318499,-0.024733435397641203,-0.003892316553530297,-0.019301352568398596,-0.008621637508332058,0.00644285922509803
protein|MYH10,-0.010471982794547322,0.35101242413512673,-0.04030500682175487,-0.09922162098883505,-0.008361972508322333,-0.1771200349809243,0.1588206476298139,-0.01648871113070911,-0.00020139267698370634,-0.05508642633028901,0.15290329450331022,0.0922221784701755,0.053615017821099696,-0.00810188308744826,-0.005983251081052977
protein|EMILIN1,-0.0008204490671090653,0.44373736734702957,0.4092023525056335,0.10802945464489204,0.011051090961895549,0.0009616680667313178,-0.07802873343728876,-0.08149802687330424,-0.0003302551659917893,-0.09866290034358538,0.04295849679789425,-0.005019377005994325,0.031953113270507615,-0.020914055528617158,-0.17360814116899914
protein|RAB3D,-0.002005371783968514,0.12302364682086102,-0.24850145862263542,0.1363163956920988,-0.014900387405922356,0.026274554908859698,0.006851647994247408,0.14388383720509584,-4.440701477328322e-05,0.23910447034821705,0.040074239379506486,0.013845872468914158,0.13172386600736416,0.015715448073030158,-0.008449225287290347
protein|ME1,-0.000740867024928927,0.03572320520602461,-0.28720830349068405,0.34445714308591885,-0.01480882266494135,0.04829420614571552,-0.01307750446640823,0.00417048018192095,-0.0004099235359006142,-0.016633063260804222,-0.010904549892661245,0.04843615057450241,0.036684679111440306,-0.0016195309619153303,0.09528034908220985
protein|MFF,0.013866358283970783,0.19504526712521159,0.2256699361570231,-0.12556714900239735,0.014072174587050791,-0.011797525262511509,-0.015022870795530949,-0.006641747843717683,-2.4270249477031965e-05,-0.006699144624880895,0.07620725024139448,-0.09722006309300558,0.20118179702202343,0.0015939598113277056,0.028751130559590745
protein|ITGAM,0.009340665282342356,0.24490731281766404,0.1874596202800791,0.21042618364311655,-0.006416606768575416,0.03818098459275881,-0.10702688859435792,0.012463975929930286,0.00019330755292629813,0.322421226844717,-0.005405755690641572,0.01878821939585473,0.11946748050566362,-0.00510351281506774,-0.22213215746627674
protein|ATP5J,-0.0019107476960243445,0.023923105185224804,0.1338143977661923,-0.07350386863416904,-0.005604596339722755,0.008827737029744803,-0.003492480340692291,0.0018474327464596595,-3.41578682965741e-05,-0.22537723447009564,0.4130368553535334,0.01384431183414552,-0.0110010435071177,0.06540228009677973,0.02933014965221023
protein|EPT1,-0.008364278452763187,0.012985469537454436,-0.38906773983003784,-0.18567351903526047,0.0018088796103459814,0.02081333228389268,-0.03034120033087466,-0.15925953748416968,0.00010086033332288636,-0.01590685348207342,0.08261970974817047,0.010559053740121628,0.08698268141570907,-0.014633880066150563,0.022152547818526307
protein|C1S,0.0033269993999741373,0.435988789312537,0.17522993074381352,0.10534315493200165,-0.010869878535085224,-0.08472573452721147,-0.1224983984910839,-0.0051692181892748846,0.00020366169703005396,0.17831625069468884,0.09234709282210066,0.022039311838147117,0.0524787950124083,-0.009504212481701014,-0.19620873928098173
protein|TPP1,-0.008737989803993053,-0.12507221147265699,0.471947389246867,0.21139045010196006,0.014640891081493346,0.07800498261490853,0.007081625646980899,-0.0008935521797217447,-8.263799448241192e-05,-0.011790690714335897,0.08141757864320004,0.06075832931568844,0.06824284172269489,0.01454730460288633,0.10906178673844
protein|HMOX1,-0.009608045233868562,0.0035699933761439173,0.14157129067150645,0.02990417076826564,-0.010688162649156134,0.17896892941049972,0.11469641650796293,-0.0036426120252562953,0.0002609687044722043,0.010050883642402657,0.017910522739495754,0.07509168522547391,0.2241948995332898,-0.02822627971116453,-0.014099281413655226
protein|IRF8,0.006668386546182562,-0.10704731000345367,-0.008580514496157356,-0.03284120834440836,0.0016540174854567434,-0.24949656301591877,-0.023191026775267447,0.012404191879695966,9.374084469968298e-05,0.1862281754779315,-0.10779892705736857,-0.11433373672542678,0.15973574913298136,-0.018905873130135684,0.02021588626183245
protein|PDCD4,0.00719987694685391,-0.33885317189606395,0.216934389082878,0.03711981357193245,-0.007499528742987697,0.03424397884330648,0.15759317463778857,0.021402596948489838,-0.00025896794292445995,0.017770124487604958,-0.022102060560263297,-0.001664524956050124,-0.005537354108021474,-0.012784252081805999,0.20550279433409258
protein|F8W0Q9,0.020548139472329786,-0.3227453416986922,0.39562223193301777,-0.15936156753725852,-0.0026824400718301077,0.0387651669004669,0.030778546081039356,8.167154695811501e-05,5.861152070414549e-05,-0.12378203041194227,-0.0309659831785072,-0.00710927693065989,0.048041143579460155,-0.07471457970031634,0.00415221157607996
protein|PCBD1,-0.021174327840127623,-0.15242119278218913,0.039123052059324065,0.10993226342254712,-0.008450827370261082,0.022576792029611888,0.016532698190222544,-0.009795275697685159,0.00016965698549695495,0.08773988913683889,0.331994725629862,0.005325598008773018,0.013148050407207889,0.02296411994552271,-0.01228419938619822
protein|Q01196,-0.007530891495637561,-0.11696372100184597,0.16700239680515397,0.004220058277256484,0.0031238532835091313,0.1457860225353264,-0.013499071448594307,-0.06204427055079679,-0.00013542704521538463,0.09383702035816167,-0.11115218546451991,0.0335262409498697,0.09824199385151926,-0.06350832204918788,0.013021336085905224
protein|GIMAP1,-0.0199032399885077,0.030874511822084148,0.00848457846320663,0.37459260869072497,0.024694285711107825,0.10475400431938797,0.12599930072392831,-0.004692186523593549,-9.986107532211717e-05,-0.24515112326835822,-0.016323553874803498,-0.0302632110573314,0.05370450444812854,-0.02569712796180872,0.015638800243508156
protein|MRPL53,-0.008009094794876334,-0.2724390791600539,0.3324648015148593,-0.18641616524694835,0.002593469686275744,0.0555907074331155,0.004980959742079478,0.0047626597356093744,-0.0008209049839260461,-0.10051590736076108,0.20115857496578549,0.12450068516086132,-0.08000437545399366,0.00930634391452634,-0.012987271739998715
protein|GSN,-0.011975327019301981,0.10125633762553048,-0.23029058926519114,0.2308154967216126,-0.006921956818852785,-0.12655203461283648,-0.0234300235400899,0.010391789814816659,4.2589200200850576e-05,0.008743558964264672,-0.04551024396272631,-0.07611881518963654,0.07988512702161107,-0.015960504933894143,-0.243898570056852
protein|HSD17B12,-0.008521958614598727,-0.022162652489342148,-0.46335756890514856,-0.011947793294107929,-0.016129938085901664,-0.1582069092382957,-0.008983398559412782,6.384954861111269e-05,0.0001716603319619921,-0.024294178168596314,0.006048607220871207,0.0601713999330391,0.07401983448210818,0.016804736103704726,0.1267889906421408
protein|CCNK,0.00024296361888142997,-0.008317749782441512,-0.1904415885958145,-0.16605750521867552,0.006586816080724967,0.023422365302712387,0.020340477596134415,-0.002373312780040829,-0.00010480054803555169,-0.0081463415571516,0.0011550515382565526,-0.013128722509987811,0.2736522107798908,-0.01238845866234651,0.0985168566620546
protein|TIMM13,-0.007789920018936824,-0.2057850454388387,0.09897991591238535,-0.08139639361533788,-0.0003134662919019371,0.006378506065826905,0.016653367454405918,-0.045922565636077335,-7.520427843245444e-05,-0.05371050331977044,0.2123422131982265,0.023027760536362837,-0.07997519468875011,0.05072971734592716,-0.042461685505710035
protein|AGK,-0.009827951701219757,-0.09831270062159794,-0.2564771609170491,-0.06689045402089606,0.023497562808863733,0.014141118946216015,0.023344385367451433,0.0058890340837264125,-0.0003225845803259655,-0.1477927211045511,0.19310393840703846,-0.019280758407367458,0.0012414421313839284,-0.004738592315648321,0.05685632409666152
protein|SRSF9,0.0013253582049341085,-0.3582802399950168,0.5140104354203777,-0.1807569771540849,0.01830499891621178,-0.0014156992457331316,-0.08202592865128155,-0.0003279958374771667,-0.00013229385580184705,-0.026703400323263585,-0.0049405627830898914,0.018483215294057807,0.08222166203252762,-0.005810012844267005,-0.007638823694607019
protein|CTSB,-0.007209280111569113,0.10180904600803514,0.15093964667963183,0.25535561945002827,0.01530255095864342,0.3985447364777369,-0.28611849170190196,0.0010726257207302795,7.78773813430542e-05,-0.1669885564683945,0.0025403708326359855,0.07775504996561884,-0.056421742718401086,0.004459955862915631,0.0036835290322092
protein|TLN2,-0.005971608207011798,-0.42710454774576667,0.38192454809579135,-0.1795421307297659,0.005214246630210301,0.188311673997478,-0.0250729747181136,-0.0007464211704974184,-0.00014400197287708704,0.0036478553551833773,-0.0027590238071775177,-0.002606040922197989,-0.020423729257020382,-0.025311135346928873,-0.024173143126407837
protein|CWC15,0.041937154274507685,-0.12531606105763746,0.5618096887386586,-0.14384271006178403,-0.008009173238004357,-0.003913982761702371,-0.001488377783849343,0.0008106118648363262,-4.2756990200350116e-05,-0.0799331547085915,-0.011927849259286763,-0.1010240341139994,-0.11066817983491188,0.009598235499249394,0.0007393964280453347
protein|NPM1,-0.01935909701683128,-0.30279449560652916,0.3072081280450482,-0.4211237419147369,0.004517336454041262,0.18024584834848628,-0.008211783761704701,-0.005208795953281306,0.0003908220060788627,-0.09193001341488263,-0.005864529428064482,-0.06855392237133717,0.02589725076052017,-0.033427402154593076,-0.07473919706805546
protein|ACP2,-0.00950328766887358,0.15866710557602712,0.1413355470908937,0.19432933682738093,0.029402227230546557,0.24173682181232473,-0.0944193006400413,0.0013408928034904365,9.593642939853974e-05,-0.30767871434481164,0.025318159698360168,0.007552153557500726,0.12630480238599381,0.009498223545447129,-0.09644831162673648
protein|PFKFB2,-0.007933984009824046,0.14963321378035824,0.1523503769332724,-0.013639933983341727,0.019395083140014206,-0.024164765849317628,0.07680991439266784,3.3129303062940497e-06,0.00018336424970435137,-0.3061400081163008,-0.012621748705322516,-0.021073616458524066,0.21254750091839736,-0.009269283423231443,-0.018760307744254245
protein|TOE1,-0.004779060684097735,0.22736109601134738,0.11649306409129036,-0.03983214217307181,-0.013363527001178996,-0.06847203628563751,-0.0008149420078824135,-0.001977841402779079,-0.00011002592101583691,-0.1507414506298321,-0.0732249436133868,-0.011178280495211648,-0.04057014942802641,-0.009863664150199168,-0.00029634049981384415
protein|ATP6V0D1,0.011093412285213511,0.1670954251832159,-0.5056593587542385,0.18738909648982605,0.0013231651299974747,0.17060094942311618,-0.12668517289606154,-0.0004801025499180273,0.00030157408292469113,-0.1277495590167091,-0.06486933725186753,-0.004787782005879362,0.08327184998784296,-0.019871527737839477,0.0042809158969089375
protein|NCF1,-0.00959450992305765,-0.10064436313116079,0.0042606043806454426,0.2512676644580736,0.02138852799312251,-0.10586102272702583,-0.19678802783890398,0.00588754575306294,0.00022175789467919358,0.0311024203009242,-0.07894313096497417,-0.07980232671800207,0.09728307427326417,-0.0044684647339375255,0.09451793122437771
protein|TSTD1,5.190488544725018e-05,-0.2875894169823941,0.18044514397549904,0.12373517018271572,-0.0093269978776704,0.011941605203245663,0.014385229192793315,0.011932964431295295,1.0567702018005346e-05,0.025088084212809256,0.22540724886590244,-0.0011644950715851742,0.12220228759321333,0.0243377591918307,0.017041116852437456
protein|GAR1,-0.01135707221084221,-0.19347942745397392,-0.011768695019345039,-0.23559161411322507,0.02926909132349222,-0.0004700718966403405,0.031072931349805797,0.002360341071881427,3.363450711761295e-05,-0.007195854114960048,-0.018376951290281274,0.04837685901576897,0.24302216246536945,0.04053907537143721,0.02093341361368005
protein|CFH,0.02318114168924814,0.5937564469982642,0.15365563628725545,-0.05362121117142155,0.030745791812966897,-0.003721070861407131,-0.012387340209494828,-0.0029992549280369197,-0.0001336450102494543,0.11213436803727864,-0.0008379488646442949,0.02119804398036936,-0.08925832997981559,0.014312291985329906,-0.0835702787237409
protein|KAT7,0.008932769624538374,0.008338112207507537,0.25918170952166797,-0.01691527862312401,0.003700968127998029,-0.09597952190508285,0.04634750560139842,0.0020154373457223628,0.00011646143732970149,0.017024512751089717,-0.012177602576112508,-0.04653072768389941,0.04991874564797375,-0.004297471683351081,0.0377916963285993
protein|INCENP,-0.00014501687323254027,0.05226309975843804,0.06064494763214634,-0.2534500139705646,0.0027899400410107784,0.0028481047464875803,-0.01803307582835667,0.008726099402967714,2.724883529020945e-05,0.16157571802001208,-0.03576499586088571,-0.007520992322164669,0.16068092532760556,-0.013244587086785508,0.013500995399627505
protein|DNTTIP2,0.008730337809224683,0.26650175745558274,0.35992463376284567,-0.25341629256763787,0.02147828714892304,0.000790250451720403,0.002949296135977961,-0.0007014206995581721,0.00042552163502294053,-0.11349358112435014,-0.007031344743198294,-0.10102693574627965,0.06312101431055875,-0.001918975619083719,-3.9538996491503246e-05
protein|CECR5,0.006739511999595905,0.014488535281326487,-0.21972509235369228,-0.2281652968109276,0.0031985305584725154,-0.04239469157936735,-0.009320871370612568,-0.0009315840704948406,0.00010175878991806898,0.03362196089431741,0.1839316891070957,-0.06426298441326758,0.13414705669375968,0.07295910702567983,0.05541576170922188
protein|FCGR2C,0.004403102176585332,0.06740111595167178,0.10638689631967618,0.2134465279044082,-0.0039218882010633544,0.22035951299447712,-0.10640419155385956,-0.00021762164943536804,-0.0001782874753669004,0.012250428641483587,0.0014560070534263521,0.0024848764156861886,0.02469705053733293,-0.015132255685253851,0.04428974771441584
protein|HMGB3,-0.0021117722466368507,-0.24420999998080692,0.2582862086468142,-0.2864783133867789,0.010913484969037034,0.002745003422468879,-0.07040150335072122,1.8259511668303426e-05,0.00019655575841755467,0.04020763107589936,-0.015236958996837687,-0.001990177826404737,-0.07833372705114938,0.02258289460452556,0.020336089133822267
protein|MTCH2,-0.007380915598249556,-0.04844204676258309,-0.33244597088924627,-0.09612451806304012,0.015501015418968719,-0.013231966929363213,0.0007195162492647254,-0.008384417385713735,8.614269890829665e-05,0.13191805141011306,0.31234996288129546,-0.059861415831649056,0.10082699991829217,0.002115121778954032,-0.013335427361600184
protein|MYD88,0.0027387962318151282,0.12632555805830242,0.06270441600689355,0.09614175347490508,-0.006197317698091593,-0.01143640147925517,-0.0028202544590728773,-0.00019787418177492105,-0.0002697100521249085,-0.09145217275857756,-0.0023294841785949116,-0.005696576853772116,0.1792259386560222,-0.0016849162376477054,0.05624455542523222
protein|FOXO1,0.003208553942844686,-0.15365460625700952,0.34833947529434056,-0.08313298812044795,0.014583954732614332,-0.13670973737358605,0.17635706415239918,-0.03253459180896436,0.00030360260833695295,-0.18650284395386071,0.006367810551587267,-0.03175227002231992,-0.04230399663287319,0.006970800495586342,0.009040314372985338
protein|TLE3,0.008397879383584054,0.04794612290721059,0.21902750110486324,0.007614932692941141,0.0011586482315460223,0.014487023263613393,0.055320125035118205,0.006132780492860717,-0.00013033444796901013,-0.14854642969963336,-0.1217330668551757,0.005057359601441489,0.0851116638885612,-0.011516919678098758,0.12329575822781541
protein|A0A2R8Y5V9,0.001995031836950583,0.1411435768783683,-0.19742782008950646,-0.002697670831559644,-0.013535889754561596,-0.06504130796561639,0.006153772880879531,-0.004402114102732625,-7.858510025699461e-05,0.008777947595587535,0.002894936126322195,-0.0008141546521496973,0.015800734342628735,-0.0046544174746845565,0.02507012728367398
protein|VKORC1,-0.008229438984093921,0.3025727870827388,-0.12637445038304948,-0.0008424855077488472,0.011867958376777763,-0.03937602813448388,0.006993493832061317,-0.00023136233083730816,6.395538538511304e-05,-0.2495539508256102,0.03849812093497424,0.05839408686144971,-0.1346368409833497,-0.005243536998544084,0.10099642832297237
protein|XPO5,-0.00014437400443873194,-0.0069054950687567436,-0.11555931376432388,-0.18790108992806542,-0.021149456159893117,0.01601560050298309,0.006917448851285889,-0.0018651515973080646,-0.00019032881907178343,-0.12384800552199432,-0.18110574424637835,-0.010369444815364516,0.07689126935571025,0.009098934878090518,-0.024767925137513403
protein|PLEKHF2,-0.02190441653089047,-0.14454965603505907,0.09122861516973457,-0.05199832180880285,0.009753795782250116,-0.4399189661875631,-0.054445324716061866,0.0007171909612612717,6.278207553949307e-05,0.0055893963762330395,-0.007016202220330485,-0.06654992758701155,0.11439519686145071,0.02676380774579893,-0.13213898634892618
protein|HMGCL,0.009386777500939893,-0.005675189439094318,-0.22317088043887037,0.05729282654477727,-0.006774886776432797,-0.019765992714396666,0.06178614906266319,0.0012337181500761826,0.00013810958488242174,-0.14935650798594768,0.5253005632139767,-0.01624674467845007,0.012364009534038241,0.012087251550299449,-0.014083714267391698
protein|P06396,5.662578417463275e-05,0.13631349883319446,-0.000585004729250201,0.2875998288957298,-0.010560434929348913,-0.06874182891836784,-0.04435163050536821,0.009828121528845189,0.000133461021307835,-0.0914994602224717,-0.01744157977092067,-0.0012747005544862162,-0.09366401179007239,0.005705707706495243,-0.3394060194335927
protein|KIF11,-0.0015623203004161595,0.02334557815986714,-0.06250306629338252,-0.27122983961184477,-0.0025507468934490253,0.009382713204052744,-0.1852145984802631,0.0010263679100400618,-0.0002688549220301848,-0.020632452049008657,-0.15543832778658503,-0.024145987546701067,0.27974470205138013,0.010955599056269173,-0.026377431168233947
protein|APOBEC3C,0.0038789098757704837,-0.1630899994451085,-0.03731865509310686,0.05984219071255534,0.017187292060439455,-0.07205347969609378,0.07763274379325419,-0.0036914465822810083,0.0001408985707025584,-0.10260038995900703,0.0005905517144871041,-0.02425995099357822,0.12169937855826474,0.009434652217586362,-0.0022554454003419554
protein|NTPCR,-0.004707008721892919,-0.1897024154427638,0.22706827920954306,-0.07603523888684492,-0.009619538190989626,0.025276502065725858,-0.03994065453632709,0.004872510347880364,-0.00023202573435750456,0.05469288089143468,0.09993157544420124,-0.00035958759545433956,0.015857344589759622,-0.0065618714818350505,0.008708816756537351
protein|CNDP2,0.0023885820617388334,-0.2058977207887863,-0.19988524435007246,0.20185289476256846,-0.0006299650497405994,0.08642471490541619,-0.08588750644471614,-0.0003707680863092817,-0.0004832386278897902,-0.08705765975967435,0.11353985349700954,-0.057893271968119386,-0.05717789403894318,-0.005357674103963943,0.19584205491329051
protein|J3KQL8,-0.017120981417183323,0.22568353995269516,0.019401300279114183,0.3296936919089409,-0.008732788802689505,0.2895310645996634,-0.16869143579010826,-0.00023952253662077103,0.00011072485933663228,-0.38120049098224035,0.005122005695095116,-0.02104546350124165,-0.003912444310411434,-0.009850882622454723,0.0026104851479808
protein|PRAF2,0.01328832406468178,0.06518649845913968,-0.15701715472755312,0.08970708438106148,0.001989686517270965,-0.008567584692687135,0.051314598408798304,-0.02049369677934485,-2.4145265970583946e-05,-0.07789187933486659,0.02365176792655191,0.07443181933293669,0.0899826511026212,0.009766127017589174,-0.06520225385679232
protein|NR2C2,0.006241661921688931,0.18273756045911999,0.2227478423277875,0.016321357620528432,0.0030081921577908895,-0.07515088643242185,0.03486188276275242,-0.009126401652680586,1.83377094358964e-06,-0.02094393222025101,0.005817312434438692,0.018949936625863327,0.022884246949783343,-0.0018690624089433936,-0.02369876436135239
protein|ASCC2,0.0032701485260458606,0.011756351492503413,0.11585312704366114,0.02352481764247205,0.004399299243069983,0.029733966126158546,0.07085141294540061,-0.0011364342708736774,-0.00025497399443792846,0.034207061097018966,-0.017271444060661837,-0.03741674678849827,0.22647561995490076,-0.002089953719788946,0.02836317457004024
protein|TBRG4,-0.008949910535312541,-0.02438612309895661,-0.14312089316603233,-0.3267999927010255,-0.01076389677583735,0.06393096193773119,-0.06783059750212013,0.015909196524942958,-0.00016070382026047984,-0.21841792160939782,0.12881476795421526,-0.006451669762735399,0.1349646573255433,0.02768831698744725,-0.0014511779656445085
protein|CD55,0.008866873556387933,0.13513571378811853,0.12401123832113582,-0.016980761288031967,-0.010068081534954781,-0.04569653536014161,0.041479098933752255,0.004019342371323717,0.0001790862144057107,0.04112133674820652,0.021845489247268375,0.0019623490750476946,-0.00861485860697622,-0.00854584950415287,0.0665193017326248
protein|PCLO,-0.012416497957383128,-0.19635668354706476,0.03487049273162412,0.005768050556119137,-0.009989973068506994,-0.05936294991724085,-0.2221997336747204,-0.0017886852039742615,3.1075577594099925e-05,-0.029227914186881955,0.04242106097119432,-0.038103768388191815,0.08588875538653294,0.0044835816568814186,-0.03198841059162436
protein|GRPEL1,-0.00758818048027648,-0.1261623914323474,-0.18875452468870166,-0.2547205532579257,-0.009295144479107363,0.1543811644423589,-0.0024959618321820087,-0.012751370062239687,0.0003069538845176853,-0.12259074060244736,0.04964815024028219,-0.014174995429725059,0.1434295704759117,0.008451637045014839,-0.09716069807314308
protein|MYO1B,-0.008546554529403344,0.22965693542589485,-0.2491930777519099,-0.029844099916877344,0.0225687972889783,-0.1234824437865616,0.13145636470485417,-0.001215828699157583,0.00010608789452446995,-0.10425344050691016,0.1619560152283381,-0.0016317760534253307,0.059387227895222224,-0.0030875644665260766,-0.055781211647809775
protein|TOR3A,-0.004801428334800221,0.0014483823941383487,-0.22470791037063023,-0.08090346518241372,0.009788527219460804,-0.036938926355446974,-0.00013349846640872554,-0.005828955979328063,-0.00010757763128790795,-0.17132492142315653,-0.06263541012204246,0.015211167230245811,0.24574549503101384,0.009715976406053126,-0.17437820792353045
protein|PAPLN,0.003088203797250311,0.20183603538230635,0.3538932090721969,0.03357804924122657,-0.01355247802470432,0.008106775718672235,0.08988443672732396,-0.019326358151573606,-2.4995280332571992e-05,0.030397487325575987,0.1240341119295993,0.01292922655056795,0.1457717831743389,-0.006147618618155553,-0.005913451948643713
protein|MP68,0.01789731326979548,-0.18230977518631275,0.4276497148826184,0.005946789508431281,-0.008014179885577774,-0.06379438728588788,0.004150101953183931,-0.00034668631232177773,3.33337648060245e-05,-0.11149705903919595,0.17588387381580212,-0.008334712708142678,0.18668871420079805,-0.014246899550890604,0.13319636862301149
protein|ASF1A,0.003538507889241347,-0.14322423397098852,-0.12432279045446974,-0.16710495835151531,-0.01932608421829769,-0.029748157571291078,-0.014917925914916969,0.02379581825544817,-8.859993301333952e-06,-0.2849417568575013,-0.300203273202401,-0.023236660318757527,0.12218761276267658,-0.01944659038324931,0.02546848670991885
protein|EXOC3L4,-0.004050846679906448,-0.08428915454028943,0.17304420450341718,0.043216450392588576,-0.017657668321553417,0.06331025204427647,0.06798795714789554,-0.0004992126892685867,5.2979079414840605e-05,-0.009566183659809737,0.06265833586765263,-0.014456848799522998,0.22531432492194095,-0.007929276054173057,0.0009676534040803665
protein|ICAM1,-0.007405801155723064,0.12098988446888755,0.4168272401400374,0.260304016588077,0.0033399125252476253,0.09087658133915404,-0.24965872304452225,-0.0005359576879877989,6.07469701756243e-05,-0.06770857483889628,0.0022044585914613637,-0.027057521260957434,0.10224196628643314,-0.004402635093497687,-0.20454711064447068
protein|DDAH1,0.011344012890090748,0.05324008004900057,0.04948959625585438,-0.010116639680288511,-0.013675580799958516,0.0033834660362914376,0.005463916385811363,0.004779787653706723,-2.6717302871301046e-05,-0.07598326800745428,0.16976815907135356,0.008857931491964099,-0.03224489743089596,0.006517671096831795,-0.01919288856145917
protein|PTPN6,-0.005234512112774321,-0.24134020018224414,-0.19895149436471182,0.1246609910455902,0.0012196700847021443,-0.004358521562233452,0.09275294746133508,0.06310692620958852,7.724972121304495e-05,-0.008960107483319468,-0.15615775171727156,-0.09032631258528298,0.057978724487097656,-0.015373538541941829,-0.023932497520652487
protein|NNMT,0.0034637774607545646,0.20639507568432178,-0.12782755510709717,0.031012011734099856,-0.0024953777201347947,-0.030196433955482504,0.0030636934450065973,0.000255323694875417,7.720340369516273e-05,-0.16680353359740135,0.2031994749890904,0.24105528380183283,-0.03720368995659653,-0.01754144658666895,-0.1992397218770209
protein|ENGASE,0.00415170365547016,0.04860258796063437,0.0635675529297494,0.11915075932476926,0.011202951079978374,-0.025062626144871068,0.02030631812577179,-0.0024429216743862493,-8.642224921308952e-05,0.05948408352668446,0.06023833909007401,0.044778761819612316,0.13660731553403227,0.01095823752455696,-0.024366750419301027
protein|ECI2,0.013429279229623075,0.10305904200484506,-0.02653715489970952,0.06167058340937317,0.0006598620445330227,0.09112356156671253,0.02248011298900859,0.005229296875049594,-7.851160904949105e-05,0.07741453691630282,0.09209844046541756,0.0049637555040463735,0.01205858764058037,0.008621316494168543,-0.013325427436039823
protein|CHCHD2,0.007184889858930179,-0.32949438037974244,0.2605500802918682,-0.1807951109808949,0.003999403520902833,0.013951382732684753,-0.057286340729584856,0.0010151410789313005,2.807507856119616e-05,-0.11478515902196362,0.0791991127793689,0.14192902245020947,-0.09671938914602052,0.01607563323811815,-0.01096484116107783
protein|RHOF,-0.009492578343946297,-0.15374866905997456,-0.07245836296284947,0.032090650042060874,0.001493965013641127,-0.20915968736384877,-0.004975565934624437,-0.00044716595509477,-9.971474297002922e-05,0.0685266118922606,-0.013165084443056484,0.012028560288282393,0.14219057339903501,-0.040551237796070436,-0.026367578983448915
protein|SRSF3,0.0166114234459068,-0.34662855117732866,0.5569527496761172,-0.09425082880573883,0.007349535154437671,0.002666245335337145,-0.09844482594071122,0.0007106106015049862,-0.0002558533638500779,0.010503475348806596,0.017288238002742762,-0.06844569466505003,0.03357113035807831,-0.008818849482553605,-0.019223629990811033
protein|EEF1D,3.02871467698676e-05,0.2405240109291349,0.30533666746833815,-0.07407391143158143,-0.018012862126189848,-0.07466770178434162,-0.09254812945643995,0.0030328195108953715,-0.0002528474349431376,-0.13171491060571516,-0.013616147928415877,0.036039971918455434,0.0333381367138738,0.003132611950997439,-0.006463111456852672
protein|LAMC1,-0.00599367768074721,0.5127455362324352,0.2348491529205609,-0.022821165653858295,0.019640894307801398,-0.012465211991049581,0.110302599201606,-0.015429739567015186,0.00019009888537560384,-0.18019190806122268,-0.05289302159587642,-0.00574365403622919,0.08287765024518644,-0.0038486393838411672,-0.08866824423562504
protein|PDLIM4,-0.007540364434246709,0.00024966453688177626,0.10334424607695926,0.1565515777977171,-0.011089800481526333,-0.1474261560333575,0.04237064387744104,0.0016557817671870006,-0.00019971329982736638,0.16574449354518334,0.1744500006316172,0.081968689717542,0.05347444519655553,0.04488149285595417,-0.19929843058872493
protein|MYOF,0.013780990829696586,0.3783953871877143,-0.1406372016189511,0.3611352605699545,0.008261188459484554,0.20126149614681935,-0.23339840043368734,-0.0038150685049554195,0.00039329528880368756,-0.12913645032183427,-0.006484409614213968,0.007248806168274031,0.04908768901050962,0.00961845482324839,-0.08742747968472464
protein|BTF3,-0.029503440423143335,-0.5309551829377986,0.30630710683143497,-0.28487231729563417,0.0024465505858889763,0.12339581069850983,-0.02630245269033083,-0.00018430858872959825,0.00031658581594473195,0.0006048180915939698,-0.07518278858951444,0.03989561282157486,-0.04649654529846069,-0.03517894957846906,-0.055610605986621625
protein|MNT,0.0114663514127564,0.11788900144898636,0.14597503380859125,0.053435346927154945,-0.010209698634316143,0.01756396736447866,-0.0024676987395871957,-0.017985753339762767,0.0001530708062552406,0.08038845320077852,-0.015064460191256276,0.026951312888229773,0.16469756164849436,0.003099476448584526,-0.00016753134810156817
protein|LANCL2,-0.025910173348108325,0.06738212229029066,-0.1430905040209209,-0.02525023504585926,0.004509476926056988,-0.07203003322148854,0.024640293352629898,-0.0006775787740844857,-0.0001944486774623464,-0.1240890372521105,-0.008939885756420405,0.10411171578150046,0.1661353636828874,-0.05224520971042223,0.05247844823605595
protein|PHRF1,-0.01498640048486383,-0.06795528229034964,0.3333650317457831,0.0076490234446555585,0.0030253017606977433,-0.01992424974622201,0.0018954759729714376,0.0025952109201093213,-0.00035542117833579906,-0.15317122745389472,0.012404493334905361,-0.0004115638944744197,0.05047967101655055,0.007473019256584441,-0.016023848360641642
protein|HMGB2,0.032729013370486976,-0.356187702112755,0.38147611815289006,-0.025339555114735752,0.01567968783730207,-0.08572838304333343,0.030841752052319912,-0.0008915246903107374,0.00027632767436148054,0.0013657198931330214,-0.10554285982707294,-0.03679437804197985,-0.14637044741814115,0.05755895651194279,0.04008250713565834
protein|METTL21A,0.008607873309487741,-0.2986628891418348,-0.07808898117668156,0.009788344223717667,-0.02188236683785758,-0.07105456062445158,-0.045920381674279184,-0.004285712387817843,-0.0004019990784672384,0.16626074963513346,0.02887992199566397,0.013276301726040336,0.00745821127960023,0.022986833692085967,-0.00010218625258582293
protein|LTA4H,0.010012482138430832,-0.08777879905427684,-0.37841348040590617,0.3268741514386678,0.014658392816074551,0.04987006099646693,-0.18600792393324628,0.0019130252422660636,0.0001990898161205789,-0.11449151162329764,-0.01514293761187418,0.0060587267726071,-0.028423249824203318,-0.033490571531596444,-0.022796918303125746
protein|SLIRP,-0.026849307464675027,-0.2313286492830822,0.35604233875683605,-0.3178754205598794,0.009664249099995354,0.19523681344554386,-0.12140158712424344,0.06591342233041361,-0.000269862954069425,-0.05678057250564914,0.23556642197945699,0.012143861475950632,0.029201698592578706,0.00010451890633360225,-0.00909299155288248
protein|FABP5,-0.011467344511041913,-0.2964601285776214,0.1300463472168535,-0.031504222299872466,-0.000993144782126302,0.3442892040169602,0.013692125393908022,0.007222138829954325,1.1688106780495484e-05,-0.18329471779363055,-0.18814617241624285,0.002362349801518493,-0.0068066057618165095,-0.002296053971353977,0.003044687504212065
protein|RPLP2,-0.04991846314825987,-0.5275501652716176,0.3646571485651109,-0.1767650441828984,0.02004370611313683,0.23448519180365293,0.01051030553002436,-3.618480048335801e-05,-4.047401601281791e-05,0.05118614561444529,0.029195529153742353,0.10387796642547166,-0.1643291421822106,-0.009306964154105167,0.0003960252951662977
protein|ITGA1,0.0020747951842267397,0.2544420841747339,0.12595955266582576,0.03744847779146218,-0.007354627302134022,-0.01714203176777696,0.20975002642344373,-0.033642710611712597,0.00013474837578275563,0.00887152057849925,0.2773345723143656,0.008302994920071345,0.011815408014039571,0.011735799657177729,0.004558388498568074
protein|MANF,-0.0055563670665938845,-0.18152153310656782,-0.19050723934422387,-0.06238839467863036,0.008798764719818358,0.31240872488745336,0.08093726923289038,-0.01051845358208253,0.0004854953210136497,-0.09222233492792832,0.019042346020819632,0.1648285046909698,-0.03539376000934418,0.011920681756973963,0.03175678247505407
protein|RAB32,0.005162092660146709,0.1620076947149346,-0.4224045717964192,0.3010177095380629,-0.004483838813755179,0.1403168531578796,-0.005526667377047914,-0.0005973732209135066,0.00016228435964777034,-0.1442687270417968,0.0033517065122498015,-0.0051752126021077744,0.06255916309122045,-0.014864517591370809,-0.15644562624117336
protein|MCM6,0.0039115014254839766,-0.1065460943944294,-0.17667425741229612,-0.44625928597539133,-0.006627699735082919,0.005058300903781104,-0.12154558005117258,0.003487950016799229,-0.00015704725090518384,-0.07193445811903697,-0.21179455249189624,-0.00016879505445810273,0.23801107484201148,0.01850539629164984,-0.0016340018987711954
protein|MSI2,0.008820288236349876,-0.3067316612617784,0.047107590119264,-0.09190312410842577,-0.0007980317617724045,-0.058566471658763025,0.027877626767535635,0.012591228044272403,-9.23267215105876e-05,0.04649323583747256,0.056374761097455615,0.03114710510557969,0.0050938242476977254,-0.000946811125015375,0.1307319647759313
protein|SEC11A,-0.00548119342511214,-0.029556892511558713,-0.35200213952321996,0.09457247452451364,0.014856470960168114,0.01837468175351571,0.09790527869476638,-0.0019628539403236866,0.00030327338027214787,-0.016720092718114653,0.02974002496975727,0.1203474256123921,0.4181479593092892,0.030319998796549542,0.03524837959476004
protein|VWA1,-0.0045334954414814835,0.1718611008591175,0.3963290188471396,0.05820576879202518,-0.0016079451217598096,-0.0077995850648159715,0.12629555766847353,-0.14067779775847336,0.0002481429876735884,-0.02221535585950658,-0.03337882366425399,-0.0041757386792075565,0.11316315096439435,-0.012547251058973717,-0.18648790382408556
protein|LDAH,-0.021991464299140475,-0.13438545373568375,-0.3424250676783361,-0.09296093922224932,-0.011707736985796809,-0.1248765950783835,-0.01742636364202797,-0.00011002492899423287,0.0001309320155731923,0.03737324863296816,0.015581605841237555,0.0004399333979713979,0.4138489668667935,-0.0044790823807620605,0.017256291694229216
protein|CWC22,-0.004597178831643167,0.11946058885427925,0.02810407733764272,-0.21291196916865096,0.003048896996291526,-0.08699566538019049,0.0011503396164173562,0.033268240846171,-8.92305221197205e-05,-0.332041091664084,-0.16224566048086897,0.09228304422197398,0.2899750513626965,0.031034891949272524,0.020890826825475522
protein|NOC2L,-0.014252484424505565,0.005929357038295497,-0.2767777437888492,-0.3796533346904833,0.002305860107513752,0.1151525238569418,-0.0012584377836161388,-0.0005652459586414573,0.00025376678236667887,-0.10810293349094183,0.0031244633358148413,-0.015427941102056524,0.2558918582556683,-0.010861323987329833,-0.049032927284820095
protein|MRTO4,-0.0171826530901274,-0.04235310303654307,0.02171120813800411,-0.34621069229286605,0.005942654089456687,0.019965211905822105,-0.002741621216828209,0.002399214982755079,0.0002991701675482809,-0.008578875052736112,-0.14487413054183843,0.018770891331730957,0.2444487464317061,0.030380627949156008,0.03809596482442567
protein|UBE2O,0.009292662615536082,0.014403531232099963,0.2715826241726482,-0.008388027190996648,-0.01110056565858158,-0.010524877412542748,0.019215790176933267,0.001792273244381258,0.00029910430400794985,0.004129445016652236,-0.05292019571272726,-0.005117069505932888,0.0646615493097095,0.07328008354053231,0.14757871502370343
protein|NSA2,-0.010582948644477399,0.07933649463745938,-0.07643839042641529,-0.32610230818260016,0.004116663819423164,0.09697367092216981,-0.07255115367580976,0.00044535912611191235,3.836626527853224e-05,-0.18125493767157216,-0.03056740995857053,0.008261464773758753,0.1743465086381232,-0.022769991046342995,-0.00035604718635453013
protein|ADK,-0.001980733910857169,-0.0997100267039565,-0.26441514718038445,-0.048974938404911766,-0.014751101914498046,-0.0883766269809918,0.16398966842278173,-0.005834444575174651,-7.120342176014888e-05,-0.014710972726321877,-0.0037278117837531723,0.01312984121334756,0.017706996404200554,0.027016922620089034,0.08364419947381728
protein|AIFM1,6.175848091345419e-05,-0.03896528890791254,-0.2933612002759893,-0.2053136749082927,-0.007837389157499916,-0.06780047186210171,0.0014725598707722698,-0.002039236546548552,-0.00026794090679575186,-0.21843297659024638,0.4280878464284201,-0.028920653021544097,-0.03496332336323534,0.0059556339094352425,-0.006712335422945074
protein|ARHGDIB,0.01147810701876165,-0.4791441505124604,-0.027111436575577734,0.20730448236686047,-0.020072348970112813,-0.18301946353443285,0.1548413783367194,-0.005371064950907786,0.00043756230981194363,0.0015536146941243785,-0.11535695851375079,0.0021084188315027507,-0.22139746093876808,0.0064972940528186035,-0.0010887631588466628
protein|AKAP8,-0.03953366129445728,-0.0684243418184254,0.4545531955571309,-0.24795502643769504,0.018856309771156675,0.018868178093299142,-0.008089581670968118,0.0018970572269725494,-0.00041295973388215536,-0.20119878523675871,-0.030347999163943772,-0.0006949371199895529,0.051324012802125084,0.009509255170967826,-0.007533138374714243
protein|ALOX5,-0.0012726425481200262,0.14333008275451822,-0.1761762394627554,0.17783710919363369,0.007090465897114522,-0.14962794851039773,0.0034175006390547145,0.015813913673741856,1.613549249220063e-05,0.07395776997586473,-0.0010236757923666243,0.0660135648431354,0.1522391609349196,0.0030374831879473123,0.007415211988833759
protein|LAMA4,-0.01782158029317305,0.47920486489524244,0.08408982247750026,-0.030492227475615464,0.017653533609658868,-0.008192724174787584,-0.004726481098325156,-0.07015618436113392,0.00032411183081401245,-0.10902751471333706,-0.026775718418693042,0.0030411733470578363,0.06837763202242784,-0.01078468423106864,-0.15569433934262036
protein|STAT1,-0.012256018070668942,0.0019557709774957917,-0.2470210723523828,0.5152292636620942,0.0016003019193709621,0.25869712167564357,-0.15930364548879056,0.00024887688872507024,-0.0001234444625410125,-0.2509411029174628,-0.08124733632095822,-0.08905938652078432,0.026816218383391426,-0.020837917889647603,0.0006348044143378413
protein|IRF5,-0.016552450408917355,-0.11640274488915253,-0.11635490491815896,0.08140319733999417,0.009761202838429328,-0.0379708869722605,-0.049005166127222326,0.000619401421983685,8.158744162179824e-05,0.18347269958920895,-0.0819613634225102,-0.0227560666525316,0.23574473214502206,0.010968903007408284,-0.03588154281456475
protein|PPAN-P2RY11,-0.010882850507209703,0.15799147627679289,0.11528268147056703,-0.4036310393472785,-0.011936218309729626,0.008310715847249546,-0.03997535602155681,0.005899307904404287,7.125736155825359e-05,-0.17561812658708467,-0.06562514653146478,-0.05635979704372817,0.2050038018719693,-0.018660067803185437,-0.023115521146472685
protein|MRPS34,-0.00716165850161507,-0.018842423857732764,-0.08072500314161836,-0.15311727478647458,0.009200206942111249,0.07447714595732076,0.023539926780411988,-0.0002483328618770481,7.73679013082285e-05,0.03400803426682936,0.19338965419862636,0.008282133752153132,0.23117937719518053,0.002508620745489288,0.011381643885851493
protein|NOSIP,-0.0018014601878826846,-0.13661054590003965,0.466113315404519,-0.14928009803238254,-0.01589601026822264,0.05261915556594311,-0.0069449884857010905,-0.0013889302884775427,-0.00013178629062341525,-0.008329829948832659,0.07615035015665397,-0.03352952991854562,0.12008610082977603,0.015315769161373935,0.010860597226470902
protein|PRKCA,0.025953012127733637,0.09032478552433235,0.033779106015444316,0.10532708167461474,-0.0016241849331002595,-0.049476862325910885,0.027782185275934512,-0.013833018670901618,9.344636008424774e-05,-0.03258470800047152,0.004803561999304684,0.011218562257038942,0.11897027236328715,0.005935103758268098,-0.09716045491378478
protein|POLA2,-0.0048518182559268465,-0.13145581563309205,-0.0857760051714175,-0.21096409399951954,-0.00045550395793111085,0.0066808262138171,-0.017269756054228935,-0.059316824588673225,0.0001131255060057167,-0.056921696774210676,-0.06813896103883546,0.013233018844525832,0.1259454852894242,0.026020259321562485,-0.019496476213717077
protein|SLC15A3,0.006161783129901876,0.11385274043572059,0.02909343331692184,0.2217894055831246,0.015005582613551031,0.17616689431609145,-0.04563734672021096,-0.0002814540436204296,-4.97609698344912e-05,0.011645335481411723,-0.0016083139430381605,-0.017686605950529462,0.23061351667522784,-0.003407830198586079,0.06413481060384058
protein|DDX60,0.004557602293454649,-0.003896995780533569,-0.0547720284091668,0.2155773702560652,-0.003933579542586542,0.08383330647728397,0.0005367551287113238,0.0016707674273820012,-0.00033217490477879986,0.03194675263350653,-0.006615341601868629,0.005527629158728942,0.13764946349021845,-0.009167347497493325,0.011923353847745673
protein|SORD,-0.0015182634511003378,0.012152302496297677,-0.14526490168924275,-0.062028870685893765,-0.009932930740287919,0.024988364613058044,-0.0459344152232783,-0.0012547358538201308,-0.0007987190939318179,0.17446856543102468,0.22877788370348395,-0.008264974361750336,0.11927054521675239,0.00937576946792966,0.06737721947472733
protein|VIM,0.007448033905374784,0.3671580460132412,-0.21204084864709735,0.18827277293638867,0.0219356489304217,0.061542903849758544,0.1738456459371906,0.018867231322394783,-4.294205043562147e-05,-0.32094778771846605,-0.011143395186926957,-0.07361789705129622,0.03127681608531717,-0.04103880412435803,-0.22726435009090976
protein|HDHD1,-0.010161508263419433,-0.18625592773790195,0.10961839575738638,-0.04030062187491527,-0.002897567102582559,-0.04850677910615285,0.08353303396916976,0.0008688550148469279,-0.00015173937394307626,-0.10622695395572077,-0.0002560188790599655,0.11921359684034184,-0.020711750397428,0.0027243780370386143,0.008491857926324741
protein|LRPPRC,-0.001855892892923924,-0.005415882723575874,-0.3880183991655489,-0.4172824885502707,0.0013144132761330042,0.08416333480720503,-0.05048241786224468,0.0009468082744146777,4.43098346579414e-05,-0.1414210321060524,0.12884434033103453,-0.029888453626418395,0.16709692098022147,0.06670809967510438,0.009535164642935277
protein|GBP4,-0.02445648111941391,-0.0521219524398996,-0.34467079917539584,0.440791838187562,-0.003302592176597419,0.19034464937852083,-0.00015004532773597062,0.004455461787696042,-8.658687679915244e-06,-0.09359983962530781,-0.1220862595929373,0.0019148521452375,0.03920086144051736,-0.0037156143374203537,-0.006017367211308157
protein|PEBP1,0.022300310288655638,-0.39080535302673375,0.23413060608483377,0.03701140885069372,0.039638319237286536,0.004623292340238522,0.10337426415061016,-0.002367986992940265,-0.00019943940969173243,0.012713762345950546,0.2549057891393973,-0.001656929140941881,-0.23065685341607764,-0.015771972260643616,0.1344149159944609
protein|INPP5B,-0.0015631725333731924,-0.07559015373524898,-0.3120380212416711,0.036432635958242206,-0.0035958157130588845,-0.1838073868965151,0.04993870623332478,-0.00029907020237900344,0.00011243107142625588,0.30018111995334573,-0.06988407237647586,-0.025267028338111924,0.1696244374100068,0.024130107862734146,0.008330922190541193
protein|LAMB2,-0.005353399315612461,0.3890524004418404,0.23663379144708419,0.05979028123328423,-0.004369767501976946,-0.13285934004636812,0.28344713334148597,-0.00035521369003879466,5.973362068065466e-05,-0.1430668557330174,-0.0033697904042750237,-0.025285938587207582,0.13668019068003087,0.007399069596679866,-0.0005589108073118518
protein|TJP2,0.018404372690440342,-0.006736712891292192,0.3220007145413704,0.02808679818094257,0.001765511905282995,-0.133531110213662,-0.013456996863798722,-0.001168258217062892,0.0001707650786938832,-0.0395363411992942,0.17862198917461763,-0.05451789498807859,0.1240384129566388,-0.001429478054512957,-0.010314846467950325
protein|IDH3G,-0.004687610711533916,-0.0007254039641283997,-0.39726187385110656,-0.07965018221514251,0.0037295407129235947,0.039878152901505405,0.028245747684629185,-0.015889587767196893,0.0001568873511497252,-0.17591439990339297,0.14586493547918533,-0.0817583430772123,0.16159546399403735,-0.010921945606552982,-0.024085450725221634
protein|RPL7L1,-0.006718586798968241,0.022466251036328284,-0.2579790478225565,-0.2452027523420049,-0.004893177712205423,0.09442387769703475,-0.009340672948777787,-0.03568935417944271,0.0003385472155700469,-0.011788173886023821,0.0078265056777724,0.01670556328097403,0.39722069813818495,0.04174709443236453,-0.04439557907701193
protein|SLC35F6,0.006344741321813754,0.23483713038520956,0.3707524545271222,0.11803348406214499,0.011142369673873206,-0.007624782529056042,0.0022122886072659565,-0.0009536945228980037,6.481392531661778e-05,-0.110712553516756,0.005323817290418704,-0.0064782174461404584,0.2813261269628494,0.014804810637575565,0.07681456685593144
protein|SEC61G,-0.011781871744430081,0.12346775570265835,0.21837679707033983,0.09406469113664213,0.00086425145355095,0.013997833636480191,0.003927458880327508,0.0010911735682450656,-0.000223160011903279,0.05824058602013764,0.06411164861027122,0.026163672426787,0.14793264826680244,0.011644682312718818,0.013090878191197163
protein|HERPUD1,0.0026327162880435237,0.0539966030799163,0.12171714413663431,-0.11646063758597701,0.004580715065360413,0.10447599511256908,-0.030700347649189327,-0.003573523756034404,0.00025095439583972895,-0.038064845527103736,0.10667291819013379,-7.483342698395116e-05,0.05885706771344907,0.005102162593646913,-0.003747880692550563
protein|TUBB3,0.0014490517062704655,-0.02755543357161267,-0.08415902472623514,0.013344939542691867,0.006694223770915593,-0.011944529320832443,-0.0005734653497823309,-0.004191368316469677,-3.2758900198947394e-05,0.013841630332657317,-0.11647254580601345,0.06258032142511205,0.16397884886711014,0.012028999734884962,-0.03406679011068563
protein|IVD,0.005556423297354645,-0.025602960271009844,-0.29915797168164776,0.047039948637116746,0.0020038325981888597,-0.05980033591234078,0.07741800159455896,0.0009861707224304004,1.320321849105067e-05,-0.09407118424120756,0.39666021562330267,-0.0340768227163455,0.11618237203140498,-0.0036565416032601867,0.0446675197645865
protein|LGALS3,-0.003552042001162631,-0.10224378197324913,0.06648054804224532,0.2181439945309375,-0.016621563374735762,0.20375166146864193,-0.23266671628591148,0.03985986929047683,8.979303176376866e-05,-0.16713143787288615,0.047578154500461343,0.06374388931640204,-0.04935279977756774,-0.008358941875633963,-0.18233753606729186
protein|EHMT2,0.014444989977774658,-0.0075830075232181885,0.4219982065001753,-0.06704546568353219,-0.005012748201511555,-0.020075823504319676,-0.030294223656628365,-0.0038338693089390837,-3.44825129185759e-05,-0.008017124481508124,0.007929229102390667,-0.016332159088346416,0.16113039454918307,0.0053947579893138965,0.0032552598488602437
protein|NDUFB3,-0.00573111045833842,-0.17436010431116508,-0.11789046312307723,-0.07885862037490583,0.019608347680548227,0.09600521934949337,0.0009745153516806485,-0.003492684641364784,0.0006942801438086781,-0.1327114982782253,0.2010555457288499,-0.0006901896512044688,-0.07713292897025728,0.014421414605625633,-0.054437173109634245
protein|RRM1,-0.01450915604743085,-0.004689017855219815,-0.16508335631567878,-0.29257698330425785,-0.005287942639281468,-0.026282098321804143,-0.02060486739881953,0.0028987546317598535,-7.438940611289769e-06,-0.053559271548073356,-0.18414443912231723,-0.07892221508920534,0.21388245236958567,0.0069028839169296505,0.0517407294239305
protein|ATP5H,0.0148299826687163,-0.07341169653371765,-0.4378653309040273,-0.16258871040132028,0.00021608137624710345,-0.006612331276150107,0.07479249697786797,-0.0002873324546375192,-0.00011567026066315281,-0.1607383267622339,0.3000695253284699,-0.017301609728659583,0.04001174788425213,0.025670659065558606,0.013673140416856555
protein|BYSL,-0.0007716661383500142,-0.12377520796865359,0.3411885009914798,-0.3113622092321172,-0.0031261467682320325,0.09170735221368619,-0.056803879988339835,-0.0034999500161165685,-1.2809813000926277e-05,-0.2067789198421821,-0.008343764621996022,0.0013921602418777144,0.17501300287744323,-0.03223477929092352,-0.011754777932565309
protein|GINS4,-0.004728889458821942,0.14791707151105124,0.0075838124122503524,-0.019676941686640345,0.0012921248825423482,0.03408246960092996,-0.029753953646682423,0.0025030736513310596,-1.45052836010613e-05,0.1628128931413447,-0.023972239153275444,0.0018360300625556007,0.20291252166529694,0.015483718721593497,-0.00443786380017132
protein|GNG2,0.015387826685077035,-0.08699123173910187,0.2997025814877825,0.07137189956255235,-0.0184713478561359,-0.09346657955598704,0.06669742723213525,-0.0016812057134922512,9.550822717231292e-05,-0.011900582164443629,0.002532262196787757,0.03625884048531491,0.17949896182249014,0.01398663810466513,-0.021059460549155952
protein|CREBBP,-0.004016753641861243,0.04119931693240217,-0.08552429840458764,-0.015055017306793336,-0.006776607943646337,0.03368714777977293,0.03389573497592029,0.0015021334985422488,-0.0002893697997518012,0.03739616135896456,0.031946540097339715,-0.02465810275874424,-0.08279704739999187,0.00503900580808565,0.004918550481065631
protein|ABCD1,-0.005517072869910878,0.236326230636757,-0.11439219129796735,0.08381679529364075,0.017029337548853034,0.12735817300175195,0.04109613498446344,0.0005868039563155297,-0.0003845519362946971,-0.28646851753219776,0.22767820643542572,-0.0007005547897121444,0.14892883426346806,-0.02199304686401878,0.017572407810901754
protein|OGFR,-0.021397769313046714,0.006296276669897311,0.577927607583062,0.0486299194456114,-1.9334495750452288e-05,0.043389557358016174,-0.011938081508460858,0.007896784762488262,6.021059321042565e-05,-0.14777364902570084,-0.01558430699644711,-0.0015438375828669905,0.1304112664807843,0.010487952151514341,-0.01588650096696579
protein|PCNP,-0.0007882719830790723,-0.3680160896400538,0.30676096360414057,-0.22899852047961608,0.00036923444611249267,0.08800719687338317,0.09014434117320981,-0.01155949445319266,0.00012775009144236026,-0.08381470417199048,-0.03668096685174633,-0.10098500866232926,-0.22650659222603295,-0.021105833146707338,0.006564131021101724
protein|IGHV3OR16-9,0.0076519380026917605,0.32630014338629976,0.005449181909057448,-0.07378199798346363,0.004219523890550217,0.01935258516677751,-0.09818238061534945,-0.0031242630185905327,-7.227958009889529e-05,0.23739368160809715,-0.12328381148188046,-0.03711324683238479,0.02683508547757905,0.056104634434409065,0.011401646736396088
protein|RNF126,-0.0004969479072451441,-0.10093526397571195,0.36013549971783926,-0.14493727144905288,0.010032967534567599,-0.017826533594315765,-0.02549462412541381,0.0012786575278971209,2.650301022963264e-05,-0.04542594646476746,0.013133942338947812,-0.002941515105377111,0.0543099084325069,-0.0006579568067439842,0.04317930206017926
protein|DHRS4,0.0047096413528544805,-0.0039348678978489236,-0.41772413849611956,0.06957454086642369,0.015784715840721088,0.0007420746744672746,-0.07562383427813184,-9.360006394215375e-05,-0.0003349379762004811,-0.03949252984697868,0.33600795008775336,-0.10533276715320541,0.1267429117479698,-0.03376721285928648,-0.057218861785115954
protein|C9JYN0,-0.021159551211551456,-0.1682445515174456,-0.1912438377409466,-0.01573074166432736,0.016647894994786208,-0.38837739807465416,0.009886908250028489,-0.020704447893298762,0.0001580476889984088,0.07535103064106101,0.14240634228570448,0.002329665822606171,0.14838188345766337,0.007453341401986595,-0.022060963052331316
protein|AKR1B1,0.019185215825633845,-0.1107938739622334,-0.43082498144448833,0.22568386690744946,0.0029921016623180798,0.011064973345925029,-0.017965538910781658,-0.0009352736593129679,-0.0006750021295760687,-0.2305369539422939,-0.14464675138649227,-0.07728450614004888,0.03628204593845176,-0.020828447566781916,-0.0076215401254586266
protein|PCYOX1,0.002634750127677437,0.06886428911424473,-0.41154754525900955,0.1992524050600309,0.011442522531034666,-0.1188341554482308,0.21122899778467108,-0.009787388252699656,-0.0005985421711099069,-0.039022736931084025,0.16012338759036035,0.007802830548563999,0.009574160104346639,0.003992230610439752,0.021132466226845587
protein|SIGLEC10,0.012303248927596747,-0.13131815667390415,0.24444769755470097,0.13691676854258159,0.005131122482075326,0.20915808086195603,-0.021551223857974297,-0.017750274990728936,0.00011103805503894328,0.03660524803522516,0.0021364161620999154,0.007621839537677938,0.13193604855142896,0.004950411904659144,-0.10936891724438438
protein|MYH11,-0.006159738623169517,0.24222053173605004,-0.17729278778759225,0.00410217234410802,0.009762360743790026,-0.17018852964462922,0.17879114981746613,-0.005224503899417265,-0.00012247193535563965,-0.012865335946989596,0.03568128780076702,0.12241831923531397,0.10863427305449043,-0.009836007133915161,0.0057337119489864466
protein|INIP,-0.011156991477245408,-0.0238403249744606,0.37186182173724563,-0.11452530219837033,-0.010692522027352755,0.032628602306580684,0.0300797039161405,0.0023226846719069105,-0.0002229139011154006,0.02959644401663326,0.05019987292288828,0.015462626199540837,-0.004799468726783815,0.02690155813877263,0.03846877256308921
protein|ITGB6,-0.0023419581022206697,0.2103946087252107,0.1658258913638129,0.0013345943580473905,0.004865296508534209,0.21196881409228752,0.11397074899272651,-0.1368863118774782,0.00014930585094181966,0.007192192875153738,0.11075649784179595,0.03739754923664624,0.010853524895096701,-0.00352721571825703,-0.08415087376314127
protein|LARP4,-0.021443021193157316,0.006415476453805695,-0.0675421248743808,-0.23223323476708685,-0.009776857847053526,0.2183622152793525,-0.03982426761055885,-0.03208504877241619,6.483998801604805e-05,-0.052382222330533565,-0.034880463454283354,-0.023840558525216243,0.22485132441776562,0.005457747450086084,0.011546418612321887
protein|PDGFRB,0.00907950357315784,0.1864210180327641,-0.07182412888711948,0.0135144633821186,-0.016453457377569366,-0.1314836928697691,-0.0021517575626601,0.00966082522894986,-0.0002279092900343668,-0.09350333438213561,0.2866031046455273,-0.004668836193868252,0.043862574976898015,0.0019852698929703544,-0.04597826902749012
protein|A1BG,0.02754797503489586,0.25654375509234983,0.24379615599804974,0.004095290915259476,-0.0065070119388970695,0.1400229321511859,-0.07807681941557595,0.0010692231246855635,-4.0061046193792425e-05,0.2724825190694855,-0.023510098497724178,-0.009425446466840383,-0.09825026505215093,0.02389556763088989,-0.12022433358242174
protein|EP300,-0.013672292388953039,-0.3630405550546919,-0.23168983135614932,-0.01957758562076921,0.016380519665281108,-0.033224608940704385,0.015246197208322269,-0.009069981256874467,0.00021393075674435016,-0.01948392425655666,-0.10648877347613753,0.13985996564510816,0.1722311149246715,0.024183071370147812,0.021780155072745503
protein|HPRT1,-0.011376198901200459,-0.3140262682557882,-0.10466781675049824,-0.02953879891521337,-0.0028338760756966308,-0.041144543083492684,-0.19848405586185686,-0.0001777746397515934,2.108977179293717e-06,0.08058202221013801,-0.005156687830287705,0.006639992818966056,-0.12057757956006601,-0.0021655980360654886,0.007095469709555852
protein|YARS2,0.0022086479240306686,-0.288466990176815,-0.26026604428556055,-0.1189134908811814,0.010348440272162147,0.0584571126772451,-0.019113492389057678,-0.005879690483399649,8.969271489695055e-05,0.01014794436934146,0.13864554007665214,0.06091997184560936,0.12042882545897682,0.010914333798246268,-0.07917014457185269
protein|TF,0.02149347582469007,0.3214367129738825,-0.009379771889899679,-0.06824226733024615,0.004940586702760263,0.02663405237847951,-0.13404820530470465,-0.0010163922338731026,-4.305787725627154e-05,0.15158097706406057,-0.059719971467529616,0.03483710703937215,-0.20996744977621415,0.03137927804150927,-0.07209471883059111
protein|MCM4,0.006367568113808878,-0.25469594647971394,-0.017673830290206468,-0.4334945886721684,0.0011533403310477368,0.08755262806855257,-0.15894854081714596,0.010885544122419679,-0.0002807959297197267,0.012442522306176282,-0.15985286259685927,0.000541298541434052,0.1860770744475683,0.009562991281693228,-0.00350841681715581
protein|DLGAP4,-0.003033776692017061,-0.019110171496984095,0.009750388617554165,0.15232502450715102,0.009591423968731184,-0.008514654916724694,0.07975572275954503,0.1582635306418269,-1.699634601624465e-05,0.02878737092030937,0.015593751237874608,-0.014373129999574859,0.05447624040641205,0.011328274088794797,0.000900167211040567
protein|ZMIZ1,-0.0008026203389585044,-0.06091165765166237,-0.33858724587267913,0.004843831205718498,-0.010165920344010678,0.05223740533276004,-0.008419142321444502,0.004522766433122783,-0.0002676532544767375,0.17382971426040808,-0.20481943018187368,0.0053280972977455005,0.10562038238910236,-0.02593548583113965,-0.022292435067311777
protein|MTPN,-0.012965762995570842,-0.3954533700350356,0.013680819106724388,-0.004737249356762727,0.0038410826094642005,-0.04527203634670919,0.04113568836320392,0.005953165296164019,0.00013710356292528057,-0.027991849001592045,-0.05203703268518356,0.013354197880947325,-0.17339755099020948,0.015570627525332652,0.037645885141496215
protein|BRI3BP,-0.005205222927970545,-0.02111715558469329,-0.04771766192126164,-0.10805088956654844,0.01178768669128927,-0.17980977825989886,-0.02061178310279772,0.0015808275402784016,0.00029953231812400867,0.14096575624763774,-0.11510621642846701,0.019183406135979266,0.1614116208878653,0.0461441457787597,0.07721185231635329
protein|VWF,-0.001915800563450813,0.5289163732884336,0.010310271555594849,0.0074571487928084415,-0.0034212562761436046,0.1050005800020378,0.15688857472513124,-0.010607899772945288,-0.00020900448669415876,0.12376944112243629,-0.07986047688390135,0.0006106415450246803,0.006986770801435404,-0.006314247934931085,0.09142641094827844
protein|LSM5,-0.00050473340629142,-0.5285211305462205,-0.14453800655934812,-0.041601122711679386,0.005851061324951395,0.01991505812531597,0.06951644618235331,-0.09451111487678028,-0.0002806100181830297,0.14715465073324602,-0.11943956348351534,0.1634786159540495,0.033426983346726495,0.0433086011086201,-0.033279648528407826
protein|AKT2,0.0022750324290033955,-0.04307302508791343,-0.0006653613710406874,-0.04382590705776041,0.006934128501591889,-0.10978144580313161,-0.008427101745115307,0.0008600191111818829,-4.020716102498218e-07,-0.21644478368017442,-0.18043756118889367,0.006414235274003178,-0.03175816706825202,0.008464396402840604,-0.03008467843030264
protein|RAB6C,0.003236910386340684,0.1122388294893094,-0.43824240616842924,0.007401161801251513,0.004034834950288997,-0.024132924883030663,0.002689083952941916,-0.0050794244530677985,-0.00016805131880164096,0.22752385511814152,0.008105221741401759,0.008057178609488078,0.06637961456763394,-0.011128854000107831,-0.016866006785996496
protein|ACSS1,-0.007516915410654156,0.001252667499349828,-0.15900548533522105,0.02396721321303545,0.006927520773511361,0.06291064052582172,-0.001005955579897327,0.0074465296953635475,-8.053357927784387e-05,-0.021803983416350897,0.07417126215267089,-0.044704852192046604,0.056079456365435466,-0.022379599381124392,0.1323604471434682
protein|FLI1,-0.00694500796234598,0.40882658063412197,0.3838605551897716,-0.0578885286860924,-0.00587655576996216,-0.14212502417614717,0.02638138161147749,0.0012236822748964218,0.0002328214503327529,-0.11760452514750008,-0.01979476288612036,0.01351936901249618,-0.03888215825608582,0.003189754866997543,0.08248705423871389
protein|FAM134C,0.00076330368813595,0.22048548974261586,0.2195094047320241,0.054952512761191716,-0.02841457698613979,-0.03954999423252293,-0.010222594363151953,0.0009168537175041556,-0.00023881336697329495,-0.0208884642437197,-0.008280159158803577,-0.014350198751533146,0.18137200293402217,0.03376605758326061,0.032317611903280946
protein|MMRN2,-0.0013473542431241346,0.36236359701406445,0.144638455126064,-0.03859364621744458,-0.004434651883284111,-0.0033369878938018073,0.04250151557773683,-0.004160041187310583,-6.117159380438854e-05,-0.1657122298878324,0.009333758450953104,0.014416343895916272,0.22668471749370067,-0.000374247318976754,0.010647270535312106
protein|DBN1,0.01104410972818713,0.06817665310624872,0.12234352934472886,-0.2563525806980434,-0.004360303316329879,0.011147059775229996,0.001778639607978324,0.0014268480185758547,-0.0002479213100868529,-0.10038758505069965,0.005961526106455689,0.008886718678175597,0.10415228768829518,0.01456869880476997,0.0008667426591192928
protein|NTHL1,-0.001510180876334165,0.044865817040630744,0.11579799131771465,-0.11823751544478747,-0.013787055707805324,0.016214829540064632,0.013769846583030357,0.00047770721914597753,7.500456574374738e-05,-0.00780608209680855,-0.020401927630593914,-0.008067967224607174,0.10725960544859083,-0.009540484610624218,0.08006339453770404
protein|MFGE8,-0.0050297272314467146,0.018521818126438026,0.06517596276348629,0.07961170957543662,-0.01706500633636754,-0.2803611393266789,0.02768897264104754,-0.013643914878051217,-0.00027324852691919835,0.0181496854428049,-0.057479710953941665,0.009118196248670538,0.2627877345368448,0.004083439233078244,-0.11141277030300514
protein|ATP2B1,-0.005973762508908617,0.2280197745018601,-0.18800307743148245,-0.12286699520593743,-0.0011855451424014247,-0.2992651860670425,0.012191134933632487,-0.0002778837228011186,-7.508484841731663e-05,-0.0703124411551477,-0.056003633032598796,-0.00916733791376466,0.04319327064753742,0.03356264652713667,-0.018191447763446104
protein|S100A11,-0.01996453991128831,0.10265560765650975,0.14827435411128692,0.35292960370545745,0.005314768012921271,0.22869212590338692,-0.13999721785999242,0.09175749704547273,-0.00020587079654089735,-0.17835655238864512,0.005006581865847229,0.11059865696218774,-0.16037577332352848,0.03470443066800819,-0.09306916251120431
protein|PES1,-0.004965917999502292,0.09802201212474775,0.1192356350715339,-0.3955084948068929,-0.029905910676413096,0.021617021497253287,-0.1152355660939497,0.003693769879926773,7.146648645237072e-05,-0.19170264582660554,-0.1186197210920297,-0.003912394838769448,0.08640463515367684,-0.0010099495046844845,-0.006719396071728989
protein|PRKD3,-0.011234492449170285,-0.0977210993871616,-0.24453625921690017,-0.10502444990138868,-0.010712564336999351,-0.15297917738195685,-0.0126730850041874,-0.0022887275938878993,0.0005086395259141013,-0.0034448946823505307,-0.06743754298715447,-0.00029340054088564224,0.25620472170936237,-0.011687182886595057,-0.0818365345255138
protein|RPL36A,0.002215857694532674,-0.29467441320739035,0.36000592834049966,-0.2543156833523436,0.004629066266171718,0.12104297184402925,-0.03118212809692631,-0.0004934316769866074,-0.00010778623971404277,-0.08936748022328213,-0.08928152799120684,0.005697601237198049,-0.06254932126063567,0.012936923368862254,-0.042213125167781175
protein|SSNA1,-0.012058095982086509,-0.1640987077522578,0.005784261347082661,-0.12838822697873192,-0.007596358791569928,0.035404698874263785,0.11949938953742649,-0.014250732075388562,0.00015517392530614308,-0.01424458847431647,-0.05979212443565896,0.04366846007913414,0.13389669026187667,0.01885802270124067,-0.012966412320328358
protein|PSMG1,-0.001428772182711794,-0.22094368481050075,-0.3332103168117073,-0.3309990789767596,-0.026901986356999006,0.12076128314114731,-0.06002311237951686,-0.009406400245549475,-5.4407828774743463e-05,0.029839400803880943,-0.009300781866831203,0.02547572671389496,0.15191137728777993,0.0562837176343127,-0.06940171163560366
protein|CAPN2,-0.00872236298754598,0.08726191110838363,-0.18103718737223704,0.22991644746893883,-0.008244115052203247,0.1400360384642419,0.13079291285887001,0.0012805695688948412,-0.00023095191926173552,-0.2273967798367749,0.0008489776838852585,0.12076004539601248,-0.07179575783909217,0.0028809441665869568,-0.0647288487553242
protein|LGALS9,0.0018298252007762517,0.08724411038084488,-0.1576406631039374,0.38285193622831903,0.009425413713013916,0.031121217358053056,-0.020581753902241373,-0.0019468204012552464,-0.00017997117672452958,-0.23896810835613452,0.004642455825284078,-0.010698149456320373,0.11170095940857402,0.01869670678220468,-0.044426673209849485
protein|FCRL3,-0.00507462441700617,-0.06876273745939185,0.1132570097730893,-0.19986346251591008,-0.007116063791095765,-0.061895496411855745,-0.025729640943157807,-0.0016743822370419873,0.00018099240725095582,0.020661508658448135,-0.012265624994187417,-0.022081099613709004,0.14032088466874154,0.03722098569486595,-0.00637149199238251
protein|SNRPF,-0.0010014425135899774,-0.17864264428575904,-0.12264508433977797,-0.22062993942748474,0.001512053209360527,-0.006459479609159406,-0.009562642750042217,0.0003511973523942726,-0.0001255835798472041,0.032153960891487254,-0.12503470459008392,0.0844677592469123,0.10917256913417965,0.004598438968150847,-0.00019214176179235148
protein|RGS10,0.010471901571924238,-0.025954368716584915,0.3244799824828243,0.11569011085822065,0.0213501242494582,-0.03105815423900338,0.007110699044980747,0.0010973901024933699,-0.0005842881284860572,-0.17321266481436728,-0.09190054935273777,0.0038411076448956185,0.1267685052325596,-0.0033843368915842656,-0.0483786458908396
protein|FAM160B1,0.006037383292369883,0.005801848844319417,0.10066742992465925,0.12353004712509372,0.0042745120047591595,0.0025233886225089464,0.04253180832706204,0.005820391479324292,3.552741836163571e-05,-0.13163137162503147,0.009212163897543528,-0.007122131182110592,0.23986918051761005,0.007801259939379514,-0.009567779995033578
protein|RPS19,-0.0266640176343242,-0.45372791529277595,0.43296865930782547,-0.19811759491738992,0.0042357600629782215,0.15169882971216567,0.002939763279592315,0.0023603006039323755,-0.0002068980064671142,-0.049563831696866754,0.06489425498514682,0.1415066334346568,0.045098954344439654,-0.051901704627315304,-0.01253809105118701
protein|NCAPG,-0.009309352702615825,-0.09227089579681985,-0.07451139256469676,-0.2664531248771506,0.0033543423680019186,0.07489691312925734,-0.03677948473633922,-0.006921028658362097,0.0003017281330984284,-0.0934899373014511,-0.23045277726286875,-0.00038101150998884684,0.18265587763765484,0.006514397845675309,0.0016687662429467852
protein|HNMT,-0.002359077077237602,0.001140912025427802,-0.07447720662398191,0.37115965683289054,-0.0027088978583005687,0.029451053788752585,0.00499830177909043,-0.0639522409913912,0.00039959359331741257,-0.14359347090598248,0.09934938026416329,0.015041589713772677,-0.12396494489878834,0.005125929201141723,-0.17626986539938405
protein|POLR1A,-0.010808726377295146,0.22161964376465418,-0.013116944621079644,-0.22653319896071214,-0.009838914476273617,-0.03725694126293349,-0.0003237832587740056,0.0009205942946769042,7.421540287580353e-05,-0.05087936587577001,-0.08476188911554512,-0.04005838815230454,0.30855082682732854,0.028522619420331477,0.06167040387587675
protein|X6RM59,-0.029147029557863087,-0.1043482769796153,-0.13662671833119294,-0.026104727259217114,-0.00491613929930936,-0.056092021074714615,0.006254709549555714,-0.002479729986822045,0.00045378304017704716,0.015094657443982227,0.006583799751206416,0.02984528661598671,0.0007563926046028293,0.0020890596151927334,0.020571047782622018
protein|UTP3,0.004314113196916332,0.08506403657163976,-0.021508939894570315,-0.34283929149863424,0.019482767831263622,0.08951502845322797,-0.0027567886444489122,-0.0008649670904623621,5.027897680809999e-05,-0.1318127072651697,0.07084806846139821,-0.13207968071177278,0.16688850554786563,-0.039827429392795495,-0.024493636995589894
protein|POU2F2,-0.0032337356112960617,-0.28723441860067034,0.05498342961182159,-0.37288871967762455,-0.0025492354253351785,0.06569944712540803,-0.027584638110114475,-6.795170087419916e-05,-0.0002782933454774484,0.061037228126296014,-0.10639764021917567,0.011975827795954356,0.08913375689688867,0.03554896505659538,-0.03841407367845217
protein|VAMP2,-0.021969226135170536,0.3479561606569385,0.24761121875529182,0.030745503994469212,-0.01271401265223663,-0.006523986415157016,-0.002962482098034719,-0.00503712820119849,-5.663294245507186e-06,0.0032762787625509396,-0.03170875277722227,0.0045867908996491255,0.043972772348341925,-0.032214812164043344,0.01277192508943656
protein|KIAA1143,0.002113290242503351,-0.30779677839156855,0.3192330087335709,-0.10320622384127291,-0.004551705371621329,-0.0142726315522885,0.04365718624361595,-0.0018466301033076378,-2.8373878677179153e-06,-0.012161489486030947,-0.0033106816325442342,-0.015889240145677674,-0.06321875469310446,0.006257522304554379,0.031309354496114376
protein|STT3A,0.02586333153057108,0.13283570080819807,-0.5002751885014841,-0.09850906511156424,9.414139665118802e-05,0.07457984249080443,0.11760329607664116,0.006980273465132796,0.00020566435519753817,-0.24180259982756744,0.06892677589588128,0.12294298834937237,0.07917760597374958,-0.0029163824698361087,0.04438304372007168
protein|ARPC1B,-0.010984046655204477,-0.38023020769039634,-0.15370495503603585,0.24744628297549484,0.0005438964719044607,-0.07584340673621909,0.008604016805896997,-0.012501180540197498,0.0004666253529956436,-0.01828349583886733,-0.008069998282807446,-0.008344515164726108,-0.2586415080520315,-0.04467064677204773,-0.17531228962808892
protein|ICAM3,-0.004598314199580338,-0.2678184914728565,0.4309129734238072,0.08585677529328903,0.004617878516465747,0.05479422463410255,0.06563678673238271,-0.013884155354912516,-0.0001088860934122382,0.12382966854682179,-0.002317386786048347,-0.0010800854788520686,0.1675696675753822,0.01946788191951622,-0.08993774178070564
protein|CAMK2G,-0.005279771843934929,-0.002053722998128043,-0.12046309345802947,-0.011906370049218039,-0.010851317843623656,-0.17569336301166458,0.1094759994264743,0.002332337957298231,7.167304077783512e-05,-0.04294668435716138,-0.010264035462707344,0.026797656298373537,0.07548620586367562,0.013026205325189132,0.06094627772541686
protein|PIK3CG,0.0015132292663407598,-0.03498702232545758,-0.14767024483523647,0.1839912332922366,0.0027009652110226196,-0.21998499677751923,-0.039642826767136714,-0.003245159517816597,0.00010029378523764934,-0.010896664160357698,0.003577618191346539,-0.016189033523732185,0.21788048903021648,-0.0011050620523665932,0.1185683003379653
protein|STK38,-0.0009731988628951932,-0.08256835803800153,-0.4975028817892127,0.16868811352486868,-0.00906904501289728,-0.06808149081997772,0.10109295165869725,-0.0012463484562505042,0.00021803294137549503,-0.043977972916603277,-0.0845640355355788,-0.006483287870686974,0.058980819939851624,0.04366782747862543,-0.0012748349479193395
protein|PARVA,0.0016335052971010462,0.25062751990613724,-0.3075336350119215,0.10649801216152069,0.011440672696279287,-0.11522795593382561,0.13771921512741775,-0.0020779062448817672,5.056475867232198e-05,-0.10327561980098174,0.09191839852748,0.07175796332074216,0.06722093919948446,-0.079836558600742,-0.10440371751516397
protein|CD47,-0.01354887456501078,-0.03016331411739845,-0.2454107659882334,0.14175903592476846,0.008061227187931232,0.1101654364034476,0.11683576580417027,-0.012183136893371695,-1.9711798890866348e-05,0.20059209647364223,-0.14013722132465792,-0.1015119936430977,-0.10337704250791414,0.029854376053344154,-0.007853664689944638
protein|SERPINB9,0.00561407906489958,-0.19606706557383952,-0.23416562695937146,0.2661213354096227,-0.009860308088060404,-0.02219033021500178,-0.005113557654534635,-0.0012326799937570257,5.7547640062172354e-05,-0.03528414358860805,-0.14301397606399102,-0.01045354709104805,0.08326354660959635,0.04451024558618912,-0.05250376595691255
protein|FNBP4,0.020166756370611272,-0.1486130388932141,0.21615404027052953,-0.1689934793018663,0.0034071416097528917,-0.018700886357632077,0.027349133513359804,0.000538429611666045,-1.6631932037179905e-05,-0.12139263492143712,-0.0017840952999823873,0.007176318312048833,0.11622132375807924,-0.0008044388708514887,0.016511238340760046
protein|EIF4E2,-0.0018687423159106835,-0.011339106341465368,-0.09858281844636031,-0.16096304491893068,0.0007869243561646675,0.00390142374578401,-0.007266749293369749,-0.004945531323531687,1.1004544546717551e-05,-0.33147339288498595,-0.13116960216045148,0.03854924454396593,0.07544533068904435,0.04480502882384226,-0.09791919521938616
protein|ZNF598,-0.0016130099463354255,0.09685749821745494,0.3647550646812129,-0.28480652155002034,0.006236101492521922,0.13953783973210115,-0.03084566067434407,0.0004714536101942366,-0.00023088398853556277,-0.07874285163891444,-0.08135238780698359,-0.09777979615746273,0.14542491998502924,0.0022392097438103404,-0.018864414589518715
protein|SLC35B2,0.01744898655830106,0.4041839855603152,0.004873604858235298,-0.049793802966894674,-0.018485156012520237,-0.12812455049313476,-0.003500990480547886,0.0063713628399342075,-7.008507172756928e-05,-0.15450984436782753,0.1440447483224233,0.0033887612458945253,-0.07403658715672196,0.01441602631041116,0.0277969760757122
protein|COQ9,-0.002740985352953631,-0.03429923841946319,-0.14984838290440275,-0.03779677546294313,-0.008848864356997672,-0.006608322112390129,0.03941290357222989,0.005057846599277216,-0.00012081260889641966,-0.1232780494419511,0.5702546898867182,0.035301919491420405,0.034276705538653855,0.0175966810330127,-0.09733976025343746
protein|A0A0B4J2A4,0.025394747899981474,-0.018616302289308884,-0.22915536300183656,-0.13701703573589608,0.01554586591941938,0.035489932950848097,0.0014381700473974793,-0.0016630433777697763,-1.771526576347129e-05,-0.09204068517750284,0.5266574527793315,-0.10208559849820267,0.014899301141944649,-0.014700155781656024,-0.017586047748311493
protein|HCG_1984214,-0.014589043502377119,-0.18530032771418642,-0.03826884643833235,-0.15944927155293712,0.007243796364945448,0.12101686920134877,-0.033132043119673805,-0.0004954753084855465,0.0002796412293425793,0.002393335409004819,0.027084827504355858,0.013965846520100677,0.16620635332847367,0.006150546131813482,0.0030117530609625725
protein|CLTCL1,0.0056021584614572816,-0.41451976590022366,0.021816327893875047,0.10479335801036967,-0.014925628986916992,0.08932563104908448,-0.00751133942666036,-0.01691194535924458,7.548329750208126e-05,-0.08865100758718747,-0.19467817159052225,0.024700770295802837,0.0534048706564382,0.040759684553973566,-0.12472545766787527
protein|SHMT2,0.00808963900273769,-0.1615408683878233,-0.19707363268874817,-0.3404619037552838,0.009225515690982589,0.025957900482966017,-0.14103215060900565,-1.0904823050725158e-05,5.2688681459837935e-05,-0.007028174252002485,0.18181916302564385,-0.008844392287698241,0.20171480689971405,0.024076193851726862,0.03593395654440701
protein|SET,0.007398802089189849,-0.5303137716079811,0.07337513074943476,-0.22283883082084963,0.007472814698544932,-0.0042129931807792,0.005316515102369916,0.006053148417441357,2.915107231021685e-05,0.0034553475762674674,-0.16332246286039107,0.014531257269344984,-0.09393482559745084,0.012522976609126338,0.0005826071147747895
protein|NPC2,-0.0022528590390338606,-0.08061210251755165,0.3011137020900886,0.19862296479169797,0.0236000515270533,0.10107653908146924,-0.05958819968875396,-0.0005130207950242065,0.0003656694305957482,-0.1952178506812407,-0.007273777186532363,0.05174393301853098,-0.14567483729717712,0.02576526637938574,-0.09039157874612803
protein|UHRF1,-0.0012660828243594698,-0.007935909235133142,0.18045882128791246,-0.38091753963032576,-0.0038001727802985793,0.002630128846625774,-0.11206563125555462,0.0006823173845138217,3.673690525689429e-05,-0.11357726184897053,-0.1730066622587639,-0.005922551147702794,0.23309309568770084,0.015183538151880002,0.015804061065904967
protein|CHTOP,0.009481031729734598,-0.13862527136158675,0.5236751689369741,0.005634122497887111,0.025488263548721257,-0.08377068152178116,-0.0009365227709171328,0.013491453912880381,-0.0006189544628413698,-0.0995234731479568,0.00038879451432600364,-0.01366215096659433,0.16616140772480448,-0.04981299880836075,-0.0024961578207602832
protein|ERLIN2,-0.015614864280648844,0.19794481601194489,-0.4754265826459637,0.09932211543114268,-0.020476461287319392,0.025943121966378192,-0.002415334336387015,-0.0002472299317088124,-0.0005042242677540741,-0.011898597441795321,0.2049552028500168,-0.025404170400398763,-0.01146455048354206,-0.003578741156644946,-0.00161141053151887
protein|TFAM,0.01182620899461894,-0.3153102105765539,0.2590899584712658,-0.23616771956080176,0.041465068385870135,-0.10591568084084121,0.0750372840401093,-0.0031988064050174937,0.00022939700388464377,-0.02985625780947101,0.18711949656380306,-0.008992223862891757,-0.06741365555240716,0.002449814633677886,0.11741999592667048
protein|UIMC1,-0.0026808189804858906,-0.13946009962608544,0.37195909166979485,-0.10183213695286832,0.009857807646767065,-0.06967460434144003,0.02673736116466796,-0.002515071218182677,-0.00011774881583149341,-0.11859516704096366,-0.021567147096056363,-0.024414345477293875,0.13020069736076728,0.06677722987500463,-8.888413308940241e-05
protein|IGFBP7,0.0036632320308094555,0.01995738446952756,0.27604889660782744,-0.12368312998720968,0.002351297309131805,-0.05595106394939184,0.11420972547678698,-0.0038077397114659097,-2.0068546512703773e-05,0.11349805411560575,0.06084740524281414,-0.01608209623453136,0.13158743069167644,-0.028398257498124888,-0.06697119092661329
protein|BUB1B,-0.008367344568724502,-0.04921053555477369,-0.010126620069362836,-0.28611571370417493,-0.005803505052353432,0.0031361639314697563,-0.048225572580935176,-0.0078937282416265,-3.111753666842359e-05,-0.0752477220566504,-0.03301548036432574,0.004815191312042612,0.1474179322516393,-0.0009901711579972969,-0.004442366961636023
protein|CHI3L1,0.012341278659588293,0.11834590999697896,-0.10052481971425267,0.2932842293443578,-0.009871597607457414,0.10719839512684161,-0.22296571491927336,0.027534563514348635,-4.055848890985242e-05,0.06271484943906018,-0.0030863127275362052,-0.015721959415428456,0.15041562370777356,0.043556845135075184,-0.1178180920682569
protein|ZC3H12D,-0.021143417829445864,0.01597522192647969,0.10768419762334462,-0.07122065530901821,0.008984572936473352,-0.15361874370812875,0.0018414313965897163,-0.02529480821024399,3.2991611328177746e-05,0.03817510281293264,-0.09401860750852817,-0.05075987622099072,0.1923372968105975,-0.0027890579304714206,-0.05369067430316867
protein|SMG1,0.008140423169668466,-0.14315552436000606,-0.07207308292637042,0.06505180349038185,-0.009015903820867706,0.005136720044042442,-0.06335272361242607,-0.13740144931395307,-0.0001062086530721357,0.014608632675328585,-0.009881046771624595,-0.028748919313935434,0.34847092379370764,-0.01978180739688818,-0.043871902056595004
protein|GLO1,-0.002698393155876384,-0.4901497878921703,-0.0361930999368504,-0.07910047351826593,-0.008638539390289985,0.13224934724137102,0.0775169689533392,-2.643436602506529e-05,-0.00020486192856353352,0.1736834383695513,0.07783295446053158,0.11895071569612442,-0.05374564687075868,0.013266222359311254,-0.024684768217138924
protein|CTSD,-0.0016800517461628888,0.00764246236968894,0.12591992341331054,0.26225922247229205,0.0074586479896395904,0.1978934360285068,-0.27120250491269926,-0.032101345029917405,7.528023189630214e-05,-0.13915881178899375,0.04587987875975582,0.005903946288833963,0.02414694654367843,-0.03449044128808032,-0.03281477814518602
protein|HYPK,-0.044372907083218574,-0.20951117945143238,0.21758567658889935,-0.1764994614773738,0.004272964034471,0.04377756993871602,-0.00447962313347555,0.009629958281982277,-4.9573915793047415e-05,0.013974738269798469,-0.06071587337068057,0.13009447038306451,-0.1142523007460093,-0.006170922365091311,0.011100108829356308
protein|COA6,-0.006652490788918988,-0.03238586757973937,0.10661637848873631,0.07024964335653566,-0.001019522170627914,0.09116440162105445,0.008920520289859651,-0.015682791877825845,0.00018174002889135353,0.024912371434247096,0.27968054937264003,-0.00037710470383656364,-0.06467186349019549,0.004340170721847495,-0.006721163280147082
protein|SLU7,0.002792289175850524,-0.0012606118345622247,0.3256274764433295,-0.02476375216866074,-0.006259816931497763,-0.04277488912401747,0.02287566418360646,-0.1330732323782731,0.00019820491776413634,-0.02455429994183706,0.00021500763438906257,-0.020252061215964203,-0.0031471171496996442,0.02337131950565999,-0.014491162487765935
protein|SIRPA,-0.0008048183646720979,0.07090948978568981,0.22185680998849616,0.36332107434048005,0.010557807937815793,0.15582017700155795,-0.10506428184491132,0.00020592029257750216,3.454051997399301e-05,0.023396780325112193,-0.006926672816540092,-0.03727954517144924,-0.04567781580748653,-0.06500228319544549,-0.11773498720944575
protein|WDR6,0.002702800252807948,0.06376104691349557,-0.04923015141973445,-0.03768885499900991,-0.006265674852113598,0.04625719847552154,0.2221260520624181,-0.07682821263238879,9.118478795366568e-05,0.17791151630425805,-0.06907700744375676,-0.0018066823811866016,0.0881491400802879,0.025793456122054245,0.030283836641341422
protein|CPOX,0.011249897911498396,0.017873129893592254,-0.17612934617619527,-0.07590602957790023,0.010553176223141775,0.06697086861760748,0.020784989652958254,-0.09778271228600743,-0.00019218493158047091,-0.09579739065464908,0.18415282493744045,-0.005385900236323398,0.09692677612522412,-0.0088800305209676,0.01892263067181004
protein|AGPAT3,0.005943341241323221,-0.08470150146718063,-0.38920928016822665,0.16998524454181144,-0.004316119448695451,-0.0013760697486287006,-0.0015585399414607271,-0.0013062043117733014,-0.0002778444784625579,-0.00046274100368092034,0.1911052641638146,-0.0032842721346313564,0.16643777369325907,-0.02512142125464424,-0.10257181831961942
protein|PDLIM1,-0.001920654082324079,-0.06724655677971092,0.19907830421972877,-0.2700641984371228,0.005992518568050726,0.18712661973290765,0.22956670277361382,0.0004605663318753477,-0.0001127471014787465,-0.016149336046156506,0.07708293575863377,-0.09820671000341054,0.03445304165991961,0.030704646748837626,-0.1457990755802599
protein|MTX1,-0.013516737558231448,0.1833922249092428,0.10651697942129036,-0.1438767631404059,-0.007396972637170246,-0.05458845631619395,-0.030105962315816158,0.009428900950979424,-0.0003264959697469541,-0.24547627093497063,0.15903935853108478,0.029484398107275094,0.2023088413759555,0.02781007102164843,-0.032636675515878906
protein|WDR3,-0.017578272687796617,0.11707016670872504,-0.2923942172019889,-0.30618790663300866,0.015023700833621126,0.027828372465041433,0.013390499288291278,0.017963211486380318,0.00020140111511886196,-0.16961510417030282,-0.012168084095278786,-0.03453147703982745,0.2913423612768473,-0.04697881787094925,0.0006878379128373163
protein|SRI,-0.029035573079680084,-0.2241693103071253,0.17815044300580843,0.10823085735850722,-0.007904900324362881,-0.004962142419033967,-0.15502288317697985,-0.00012965958127308328,-0.00032833402160173804,0.07471145830888722,0.058185962272066606,0.04582926184425243,0.0025999240679498146,-0.017053766951914927,-0.12142662118835389
protein|LPCAT1,0.0011381684348430634,-0.0053349880982533505,-0.22558641824872316,-0.07517590253625206,-0.01503636335647928,-0.1581312276270981,0.007513012849210502,0.0010011170509187533,6.26511218594672e-05,-0.09232864067460397,-0.06440868679005417,0.0010526005430133408,0.20882682265750396,0.03730165931092727,-0.12377253851894085
protein|SMS,-0.012158842980359201,-0.17837942149276445,-0.08711794688347985,-0.1818044033442506,-0.007712576628661522,-0.000542693568939054,-0.058440376942615134,-0.08608085664554087,-0.0002832695611573894,-0.0066972965305376695,-0.019047230419928816,0.00934912980372602,-0.08668432372747797,0.007513518129485071,0.006512630070433473
protein|YBX1,-0.01615725442110379,-0.26055216352490507,0.3352505507426611,-0.3595394187301959,0.01040956574114888,0.15483195699268554,-0.0935616020469985,-0.00015774275332781478,0.0002002362491547017,-0.09216419877048594,-0.0865962314392982,-0.018400717827615515,-0.045062503198023,-0.02179405057912526,-0.07414737175936112
protein|AFG3L2,0.006082411855185594,-0.10639294494193521,-0.3188751914025394,-0.2271071761249756,-0.0013972932692614614,-0.000826864676851724,0.00010646363668674894,0.009417250114494806,-0.00017581100147553145,-0.0944613656668576,0.42057774525701125,-0.05445173102482854,0.09188908360439116,-0.0021820465312440596,-0.010222875273765145
protein|ZNF326,0.00351719555761523,0.055875792270572315,0.322326991142054,-0.2308824934751524,0.0083848464444415,-0.005064500816288566,-0.01346507029705251,0.0005784537164149,-0.0006750993362440066,-0.1458815671859089,0.008442927435494563,-0.01102160358791539,-0.011503143206363625,-0.030215494610768084,-0.0022744840564142914
protein|POLR2M,-0.007649294648873938,-0.004927949822493539,0.34090602396535385,0.15077725736465744,-0.007937638169362804,-0.02281365573325803,0.04801767611674084,0.00045755796693013485,-0.0002112476262924367,0.11084511577788575,0.23052290616001336,-0.026557851499614142,0.014527629038350523,-0.026652666784988257,-0.038190028134944126
protein|CHCHD3,0.01799319781041259,0.09411611415886315,-0.3525372765355798,-0.16590510007065642,0.013390281854667521,-0.11361902348135416,-0.0010709338672546106,0.011126992040216836,-0.00032750672781102367,-0.28110041555763965,0.337784199535337,-0.11010220112143641,0.05303840752540265,-0.016953224535895674,0.004254187610858512
protein|RABGGTB,-0.02046512307666133,-0.026570640318059148,-0.1692962613399578,0.13407060197257958,-0.01744538933702874,0.06105595069335059,-0.011835604261444513,-0.003974554954677783,-0.0001563782266228574,0.001670434561836421,0.011925978530720777,0.013811182864832624,0.18214215433435063,0.018770693231086454,0.001218929559716512
protein|GNPDA1,0.003140748157664218,-0.04464547265850643,-0.5049777644860348,0.19032593992669417,-3.468366347547673e-05,0.015935308974874853,0.04699783592590485,0.0050323115081346,-0.00031420798198767195,-0.0543573430571858,-0.03696026119911742,0.0036336667945592424,0.058416715686476425,-0.001602626788842787,0.0199886907622882
protein|KIAA2013,0.013385548138460254,0.05801313931631483,-0.0032750660920553634,-0.09529384433861934,-0.016031952874557425,0.009419090073885746,-0.024311340076769057,0.005968993504833312,2.350018272813954e-05,-0.12869519995962866,0.009598532946255147,-0.0010179617405933403,0.03217179518440989,-0.004538485391201926,-0.011066850861602143
protein|SCARB2,-0.0068470314276044214,0.1826843446752325,0.2665213346888645,0.2237820040941787,-0.0023209809182752512,0.2894713763382686,-0.01642094165763067,-0.0019013048858504632,0.00020860896521217407,-0.12492043408229038,0.1535109854748872,0.07231671297026993,-0.01202167961535507,0.024461125175212636,-0.01187453587092579
protein|RTFDC1,-0.010933205294456844,-0.009549054727158177,0.08188312251961742,-0.28853368538581575,0.006446142952350918,-0.016839852999158654,0.09440127557240861,0.0037617166826517273,2.3081618175395097e-05,-0.2948856335092872,-0.1405168851016321,-0.008118429378306948,-0.12850452858975997,0.022808610082969978,0.007655806442670699
protein|SCPEP1,0.0024538178777822987,0.01239738181959492,-0.10177443886345866,0.3508105316998582,0.015047111314827612,0.18935364543857336,-0.25464686983326706,-0.002732490795763605,0.0001362955931423267,-0.12385710131528153,0.0003006914964507054,-0.0031257739508265647,0.03341883010518043,0.000531411084575463,0.04568919978432533
protein|BRMS1,-0.007164704983340348,0.013343537542528148,0.26133972905459996,0.1318072876871064,-0.002318896429767887,-0.031097646400675468,0.021570253795272738,0.0006300342971753041,9.06355732569182e-05,0.029204860574777825,-0.1141616082952284,-0.004924450062992603,0.2637724365521728,0.02321967638209367,0.00263414913322606
protein|CYFIP1,0.012787188568913803,0.1490577051672321,-0.32440717593912977,0.33874354276550633,-0.014734530523639794,0.2165829610504661,-0.0011262621551539663,-0.0034773352358250078,0.00014260410924402987,-0.26500245576305137,-0.021204697912060245,0.00550526186563839,0.09448333583480403,0.026062094363251003,-0.06968921995649723
protein|PDCD5,-0.005974652898275111,-0.28162454145975824,0.1763389158773155,-0.07929540832320045,-0.03163729299686782,0.04737977066537796,-0.004528105974525709,-0.001529853280206177,0.00020993417490842815,-0.06982190856950263,0.08654421747705476,0.016721064492718596,-0.13031445420152968,0.031463606912636895,0.009795381782734574
protein|BLVRA,-0.018773882613321524,-0.021567431758219457,-0.41322737228860174,0.255701997283119,0.005514821782525222,0.11957031156828458,0.07152197452294516,-0.010835905004083072,-0.0002337935872304126,-0.05428689293766764,-0.12291049538910968,-0.01974061943936917,0.09996562080889458,0.011832871892058146,-0.17661649374651867
protein|DDX21,-0.006078041864609838,0.00011804270427578357,-0.1902416231232726,-0.47453587573342115,0.010965356936837383,0.16372390090375655,-0.07459527130146844,-0.0049993518536624315,0.0009612500602115716,-0.08840463371857633,-0.13782078630440245,-0.008889059546379698,0.21377935070285514,-0.0021872358711022668,-0.00020120836830519158
protein|NT5E,0.008023908485444103,0.364298681190982,0.15586280146977138,0.031892671916812006,-0.0024478485701655258,-0.006440237536895528,0.142158880474433,0.0018788410110685786,-0.00026650565557715414,0.026207564576870738,0.03077751945997351,0.08115641219589512,-0.014226042659527722,-0.013906723357486911,-0.006234805754681494
protein|UBAP1,-0.002878124964872907,0.17411274855343184,-0.01575027928761686,-0.11990349790238852,0.002267342476165804,0.019422581441141916,0.008742676267586262,-0.013583345644257167,0.0003161314999467951,0.015498046865385098,0.02882321078529425,-0.004121235504466333,0.19911956856089388,0.005230674064878438,-0.002393424716056672
protein|MOB3A,0.008746007159915782,-0.2120250452561791,-0.28762554242318883,0.09591008948944581,-0.0002604514377347601,-0.218473818107807,0.058259601330011374,-0.00284005881751098,0.0008111169986338426,-0.006269716058710581,-0.09085935422361367,-0.0025419250543793083,0.10011895468695475,0.04289461013814235,-0.09364158078396315
protein|PGAM5,-0.011867383890576,-0.17006105830183255,0.03983581360048025,-0.35106709049049034,-0.005167591059828335,-0.009150427790932567,-0.046577046603845956,-0.004260526490110956,-0.00017254115138136514,-0.08930676965595061,0.13523335932807623,0.0264298666997115,0.19136524207561892,-0.001199648633544298,-0.0032641175876719857
protein|LCP2,-0.02501830720766015,-0.14187426883467225,-0.009312924413309763,0.48562220355933466,-0.004963111181420093,0.1719323586488453,0.08017252094282977,-0.005376548388679247,-0.0002195630191045505,-0.14634726958579614,-0.08743851391899082,-0.006972295481549732,0.13490160912696422,-0.057253412251449025,-0.010851028181330427
protein|TAF10,-0.02857797270432974,0.07434198673886473,0.3710792538946922,0.004953256579664637,0.010825395178961006,0.0006568955157803152,0.08601636940737746,0.008070330014669195,-0.00039012505328450887,0.01675451658581433,0.01457170875422518,0.0006875025995958422,0.10590472852132062,-0.015982298983303504,0.023816821192894824
protein|TEX264,0.0028094739888635924,0.1307539354192056,0.35197017071173314,-0.06793473699999067,0.018491967443381843,0.13234176478540916,-0.032982128553429246,-0.0030706948764988,-0.00020100783853539879,-0.24350445381480226,0.012367419956173995,0.005428204086756372,-0.04874692498051791,-0.021143785608848838,0.0046722910305199514
protein|BAG2,0.0001277423889551171,0.023726421450372966,-0.10153746084960975,-0.3991810670883746,0.011136696596364558,0.05315432063535286,-0.005755712040878913,-0.05234840161250709,2.442781186788343e-05,-0.12353417873257634,0.004172935684765867,0.021977291931730265,0.07809857233727056,0.017952982077749317,-0.04020829630200739
protein|MCAM,-0.006897010171881987,0.26657388983461183,0.26690737825178723,-0.1438704118253534,-0.003460244810160332,-0.014785412486342311,0.0190579194715774,-0.0002058890595459114,-0.00042722330205851087,-0.05586153496687437,0.010310007189384714,0.005576859742458488,0.1829209125681695,0.0051745187850616384,-0.10623259289141308
protein|TBXAS1,0.00026784037151125344,0.2344711074317901,-0.09322225704931233,0.2876049617817503,0.0021818180536807433,0.18760692484212446,-0.1029615739128142,-0.0004659085927408106,-9.420551126030678e-05,-0.022245049259225116,-0.008054759248236346,0.02600946596425291,0.20802032394135206,0.046899111723033196,-0.0005529900134062985
protein|BCKDHA,-0.0009796203591059664,0.043726641046090704,-0.13411666577053924,-0.026790006797361772,-0.00934272576522026,0.009175909093096873,-0.0027075000405751347,0.004040487433862376,0.0001037342101997034,0.10994085691915162,0.04798581381713335,-0.1260196413064281,0.04649692631294284,0.004625137914364996,0.016559117330904215
protein|RPS25,-0.02857668752253562,-0.47540166140144163,0.3616296091228869,-0.2111563712397951,0.018348689626632556,0.18035997686386812,-0.0010307861817568356,0.0005632938117330071,0.0002278542838920878,0.06551770163309911,-0.003623213409042532,0.10332372250630453,0.155332489000782,-0.0033564893186459055,0.009151716528390206
protein|FAM208A,0.004732164187002054,0.1111339485152537,0.08989980443740721,-0.05013953981876707,-0.02112706009392407,-0.058038407715728095,-0.0034235698953625784,-0.0005561710494044681,0.0002187306667020819,-0.06081548154050929,-0.022903436603257925,-0.005510447194814336,0.17577116140651025,-0.00040910745427968226,-0.0036614925411033654
protein|RBMX,0.03067045372243955,-0.37241893295294115,0.5031203591643657,-0.13264773136406274,0.0057622943443293275,-0.07804660121637633,0.0001942424924853635,-0.004552878746438819,3.8064430073474047e-05,-0.08480576046628847,-0.04183001373003831,-0.05853262253038578,0.14536571848068136,-0.04688899169160507,-0.0033814529612459345
protein|ECH1,-0.009102985497619212,-0.00970876030161359,-0.42243894431975865,-0.13495087079389703,0.02759668814018771,-0.12110528517208732,0.08581102551515374,-0.00023408903828372592,5.3424437275887234e-05,-0.11304920634296617,0.3136987913949301,-0.055538782220760356,0.0382345744313795,0.0163006580571016,-7.875764994494983e-05
protein|SRSF1,0.023794900192090185,-0.3053707964843339,0.6057129709470648,-0.0914530024175936,0.009070036694627893,-0.0005111131772754868,-0.03143057305420057,-4.701328502187626e-05,-1.8588962950869216e-05,0.0025654160306171465,0.003492948916485702,-0.009181630138137453,0.12647855760852236,-0.013033990607522144,-0.03228769703728191
protein|ALG1,0.0011071863926610634,0.054539788530153815,0.19230649613453782,-0.033718810093975815,0.005209324213668389,-0.07449149528571485,0.06194352322433215,-0.005215641013516273,7.693128013158026e-05,0.31448034691412163,-0.004532538885467458,-0.06380734088594954,0.07750486248714782,0.013700460993441969,0.13542165562877692
protein|Q16594,0.0008357132355739331,-0.1500599749185007,0.1292888536752894,-0.04801915531150642,-0.005101591321696218,-0.02641348790910157,0.013766178538731114,0.0003376726533317788,-0.00023654314340942572,0.018347731377533802,-0.07555091976801438,-0.026609069672719202,0.1678462312450129,-0.0026470764004971636,-0.12070510179101063
protein|PHPT1,-0.010196284157113258,-0.19786262692152345,0.10642743038458803,0.16414838806211657,0.008017692023228867,-0.04683094315013555,0.006956512270778837,-0.0024047426651135325,-0.0004696747403548717,0.019095485603280664,-0.026089598964800426,-0.03093386274633613,-0.22368415771495337,-0.07234233152404948,-0.020468900476019968
protein|YTHDC1,0.01128824547721928,-0.26582758936332956,0.38860160987965314,-0.1048352609396536,0.01160934735964239,0.004762091969921051,0.004424047346273816,-0.0005755520349799989,-0.0002305975974390276,-0.03445002986967291,-0.00911085854559755,-0.07157844057337319,0.16686319368186667,-0.026326109344420683,-0.027444017546248728
protein|SERPING1,0.0019212249915377274,0.4319697989175089,0.058084394032664105,0.14478054383969263,0.009124814500142454,0.16472035763212697,-0.1365538139618112,-0.026881037886919666,4.493147526124252e-05,0.220860699390762,-0.007586821849221411,0.008858466398160129,-0.0328388277427665,0.035916229043577774,-0.05011730257092637
protein|ARPC4-TTLL3,0.010720197957791574,-0.11971772482523069,-0.5082530991896063,0.2349836799102422,-0.019343794505306385,-0.17743113705641106,0.010740935521773956,-0.006408258154678549,-0.00017526132882968802,-0.030835629830369336,-0.11283707250373023,0.010440619509848169,0.1561541178443312,-0.04423437160611055,-0.07646724172168935
protein|TYROBP,0.004973972498149037,0.1420884886522095,0.19405360210797928,0.29379804744183563,0.0027686792505878578,0.20201369989138485,-0.1876652289819665,-0.0022406040724993093,9.443192095835696e-05,0.012014839616098266,0.17721535134309388,0.037350941184911605,0.13361570341170634,0.013557284216567987,-0.0040846852630389355
protein|TMEM167A,0.0038036392802044843,0.02508925558476802,-0.324578874483456,-0.06973718810476752,0.004560055666158966,0.07653178853273543,-0.003336960448868983,-0.0039828152359099355,7.088252493666974e-06,-0.015039548150669203,-0.0005736725490734385,0.06586952989652738,0.3215849005967166,-0.0037347152929968265,-0.010002819557442888
protein|NDUFA4,0.011298157423892077,-0.20575498946711168,-0.17745433198706717,-0.0013060965883337783,0.018171205801572034,-0.0971721462018747,0.13443790800299343,0.046325066662353205,4.073095657843602e-05,-0.13376411020364468,0.27711693709555957,-0.004784023044475699,-0.20408817510222146,-0.0319109218677544,0.006164582110112901
protein|ZC3HAV1L,0.004402422354844453,-0.01800534586205655,-0.03322471461574055,-0.09196108487035237,-0.006178440297052837,-0.07571648341418405,-0.0053690050060276355,-0.02179347190813246,0.00019794054548871054,0.08107863221587856,0.20596104310586938,0.003927008841375337,-0.033350407271722775,0.016860028644563697,0.07423426966841012
protein|TMED2,-0.0019540752465693942,0.34609740438789105,0.05759474501854942,-0.0198498985190786,-0.010128051681831248,0.006296283895452869,0.0947375448912346,0.0011306315383355344,-0.00011167850988001798,-0.3183573407677525,0.03585509562851944,0.0426611127951931,0.12896049466433468,0.007744052150364311,0.10352615464490131
protein|MX2,-0.0105991123778987,-0.0005436150403576771,-0.06803161060303192,0.10367051948225221,0.010200784193692832,-0.06964643392566042,0.10477706387472516,0.011652293995844207,-0.0004056059101300013,-0.03700007266253398,-0.0023827248003800493,0.005621599039334563,0.15736500724800442,-0.01471934113168883,-0.004781253749782428
protein|ITIH5,0.002248588051825697,0.027535158452479228,0.204702730669674,0.01660573780997082,0.006482555856379368,-0.026291010612910705,0.14688142752354735,-0.02641057146340517,0.0003491544057514726,0.033528994715691755,-0.019664002080690607,-0.039122067398062954,0.027247988162785428,-0.009714580503992171,-0.02032416766710983
protein|MCM7,0.0009280472326357198,0.003123834253122722,-0.15731788914729794,-0.40883578650750746,-0.008257989624287686,0.001145026859515577,-0.13342800533374558,0.0032633557521755253,-0.00024238808978361922,-0.10953931810590543,-0.14740367090765838,-0.007176493263293117,0.18182994674131606,0.012706132722068515,-0.0005354726425221344
protein|HEBP2,-0.0022153431650500204,0.05158631760859164,0.2590567386342059,0.07237935554184764,0.0006533172880094969,0.12523570389511335,0.020841636552222674,0.07326272028051804,-0.0003721372589057812,-0.007508765823423659,0.05354810645905198,0.013631480730663482,-0.18659202010356155,-0.008803421818233044,0.004209810327084186
protein|VIPAS39,-0.014680873421662495,0.010791596000300392,0.24300639028454282,0.005959820627325445,-0.009221605692593969,-0.04697605911017195,0.03528430496211525,-0.00022050581813885808,-4.383584677977717e-05,-0.018836962632372427,-0.01996059240619381,-0.026929059429871456,0.2130086798034619,0.03773311471777351,0.0035346030184293313
protein|SSR1,-0.002694141643626801,-0.08272164409279267,0.39194179762734555,-0.05689329411540193,0.013537952956629457,0.2955109673065335,-0.0004626077411514105,0.0005417272274763515,-8.713691500659258e-05,0.019240113280304786,0.12491094695893216,0.05547536357287219,-0.08890313427684564,0.007494810554408099,0.009416123031090276
protein|SSR3,0.015587020627260237,0.03969040667222153,-0.41662856686854904,0.005219412148435041,-0.002129064315842225,0.057900553607338694,0.05606573573509154,0.006102966802635264,-5.415376834527383e-05,-0.15671130367576783,0.01764818679503131,0.027602202152341975,0.1366264336671863,-0.016812553801537036,-0.0033625988906007404
protein|PPIF,-0.012722461104771954,-0.1908788729228848,-0.1286327539345653,-0.11371113900393445,0.03747285023843293,0.1910896717776498,-0.16748103955911112,0.0008306927187679517,-0.00013884979693408513,-0.0905951697136995,0.24026578105711083,-0.04736518424070707,0.0034401073970431,-0.013396577256976211,-0.16565370741077914
protein|ALDH18A1,-0.005912016656700687,0.003075636416139114,-0.16078052736837178,-0.35861746854125104,0.0172026220750335,0.1019058169010444,0.004089435718184218,-0.008494912514555041,-9.667244728616974e-05,-0.008427910612721107,0.0443944985799249,-0.011151260994898216,0.23268435784454244,0.015605459516904082,-0.020392953472405707
protein|KBTBD8,-0.010911057899713082,-0.03245035308112948,-0.045808299014634776,-0.14262163608566725,-0.005455901798439605,-0.0003015271218780916,-0.03218612342477429,-0.0029059223689556018,0.00026764287951966734,-0.06546199778281102,-0.007304779727069889,-0.05133543471588597,0.11498744709181433,0.004747373167466964,0.03238139448735183
protein|MSRA,0.0042725462876391585,-0.026489835183294643,0.04139231774421688,0.149355551042758,-0.01545191088823676,-0.19387792251774852,-0.02075707323249774,0.0014519122838339603,0.0001901909592248408,0.008041569023725431,0.059125842003373216,0.004819386040364889,-0.014045833636903569,0.0022546867958112326,0.06382257736190732
protein|PPME1,0.007835767622692827,-0.08934015140018688,-0.2551819878811018,-0.049037209864506645,-0.01157514909039573,-0.18665925015585452,-0.0689901098248534,0.0018331728296943964,-0.00014910812655765033,0.061390241934724775,-0.03018209454403248,0.004796530439521403,0.20670088826606045,0.007286194792256616,0.022126043093168235
protein|BOD1L1,-0.006569384033792582,-0.1451999061695767,0.30816148498924023,-0.0930763393320482,0.024896496346220452,-0.008106771876131237,0.009308371523914328,0.0009763027147527636,0.00023737999752911806,-0.14135331045690339,-0.015253840182352218,-0.03289108509331761,0.1336347844684741,0.008114780955111684,-0.04123769608172761
protein|TP53I3,0.005339184811904413,-0.003290166725704721,-0.10650535944397505,0.04478250647176972,-0.024357743104881636,-0.011545396497719714,0.10028112733428565,-0.0011228365031946922,-1.1229002544158574e-05,0.0015451886530846856,0.12295537134020051,0.10273618439605485,0.2038590242809719,0.018213657407447514,-0.13070060329864103
protein|BRIX1,-0.000833922118512423,-0.0022416903707715764,0.027922608810872402,-0.26212764974017533,0.0026161052898576558,0.0037839561332282186,0.016975111835964448,0.00044360045517687866,9.05607316733704e-05,-0.040105022243205474,-0.09562706939265068,-0.009806070015928937,0.298327983825136,-0.05571517573279167,0.003617048275080467
protein|MRPL30,0.009872290798590614,-0.319455219225972,0.20069292477620296,-0.19013213500597767,-0.0026837097709771812,-0.006889605823792928,-0.05996249758947646,0.0009730682634271175,0.00014657883943334986,-0.015810154451871086,0.1298821244973188,-0.009628943388385363,-0.19064095706443088,-0.0011809929353470408,-0.015333695779025368
protein|BZW2,-0.01663532468078493,-0.16737192955259061,-0.24983567369745766,-0.41217632294481255,-0.035793678477222736,0.027410231850646092,-0.06170751297969495,-0.0007629919018589609,-0.00020946876930526875,-0.06020750650547052,-0.11535889793097612,0.01670102533777206,0.15161201000799693,0.0394470402377719,-0.08214947869135036
protein|B4DLN1,-0.004469538452197099,-0.37082472334279254,-0.11704082283718942,-0.29062057839491673,0.007116451176339055,0.12350061259995797,0.010962631075696175,-0.001097400248809787,4.1185945090984914e-06,-0.001156087535963072,0.16142146488134743,0.015427803478856509,-0.016663882505415114,0.011215864725553486,-0.0015061463504920415
protein|PARP1,0.019967800765197774,-0.2419222957673045,-0.15015445611144856,-0.11642096172780939,-0.004221460313476498,-0.46352331251244555,-0.08087610632893233,0.001019144856086999,4.9484498762772405e-05,-0.037589076374543874,-0.086617148412395,-0.026096290386207102,0.04732667244175939,0.01644337062106532,0.0472352200815383
protein|RPF2,-0.0119957439347366,0.14542424120681136,0.15764219715991942,-0.28284865284292515,-0.007524179136027464,0.0036183092642710283,0.035884802829453284,-0.0042906457846625615,7.606080756245996e-05,-0.14832516929122613,0.012801785049706856,-0.0573279971195496,0.12916505545551143,0.005294042766708336,0.006836063760269538
protein|NNT,0.021065839121076933,0.015711417288995996,-0.4447572665628696,-0.04545999868606938,0.014243102445117055,-0.08619372036388467,0.003991307929714903,-0.0026169024201296446,-1.52016398267938e-05,-0.09334790299519571,0.38107983567069653,-0.11173509743253128,0.0569905392693697,-0.0022842257016036337,-0.010754933401585728
protein|KCNAB2,-0.0038431760510457846,-0.01579311744770276,-0.3107707664016882,0.36506079954526927,0.022692885315575523,0.01876931233963833,0.04390112190552037,-0.0013536257697426975,0.0004716899864766947,-0.03229773497121113,-0.13744440835227445,-0.006572559276612968,0.10600486483785526,-0.0011589132558495919,0.15074383535691846
protein|TAP1,0.0055150943538284265,0.01570700985173639,-0.2954749747542709,0.3670235143178344,0.005948587307172355,0.060040940730811766,-0.10437102581547474,0.0013720737256061048,-5.241029076956863e-05,-0.19986086676006623,-0.04807733618209879,-0.1054179091990968,0.03547976115502278,0.011384760107654034,0.04658781439146229
protein|ENO2,0.014987058665004164,-0.10306291471467613,0.030118840314760496,0.06114273159354449,-0.007127170661163655,0.007905537817484284,-0.040213895786105104,-0.003957590935435793,-3.545662160438575e-05,0.10579982210447497,-0.040969218381385425,0.005279802848856198,0.003282256067817651,0.03806965006006541,-0.03803865056183196
protein|CD80,-0.005645557541827532,-0.02920750564286101,0.10877950882667417,0.06063108993971056,0.0026708140709500927,0.02276207798727275,-0.21628184008699944,-0.0019077417830441446,0.00011124262457628184,0.06714923162857325,0.007730875429360733,0.003975069862386695,0.06139040835232754,0.0024698517829536974,-0.14388764112199046
protein|F5GYV5,0.007996644058360706,-0.1845081899252461,0.5109470367360153,-0.05254769035462371,0.0002211696562339344,0.014329499083262849,0.015564411747434932,-0.009347182555035189,0.0005003085754015483,-0.02572385415081203,0.05986997928293828,-0.04740049428084766,0.09817459269971154,0.0009055111093949044,-0.0003501700432350018
protein|ECI1,0.028366886064730763,-0.1092126910523467,-0.15134924020690316,-0.017450044633278494,-0.00044505128271640684,0.006848483514505134,0.06551809520273036,0.0014651254916386153,0.00016962136341865,0.00039208091291886794,0.45723418673437416,-0.001540569337342693,0.13597667316362277,0.0364741418557742,0.06949827297222182
protein|RPL17,-0.004194917324964097,-0.43514928072663067,0.3087028682797448,-0.20348423489302564,0.01299708486429739,0.16292918099949744,0.0011121106691628568,0.0003259878356218078,7.623215199090903e-05,-0.05196677701096182,-0.09503921649244695,0.038571182546755144,-0.22373695539661909,-0.021169791157315335,-0.031426977493538504
protein|SPARC,-0.013614419887270333,0.2480465205960066,0.02838398591169141,-0.03159984083356546,0.009960987570257245,-0.06332091868808919,0.021359089101338973,-0.0062894246444515,5.071398492051894e-05,0.0445092217778012,-0.026204656174817934,0.06802213502796871,0.20803401879872935,0.003753418970203016,-0.13203854743281979
protein|DPM3,0.009302376164991468,0.11912388352539074,0.04394242078133689,0.0052386350329908385,-0.01357898966851557,-0.06079075618904448,0.015941877263170746,0.004168739315994593,-0.00014396546365134848,-0.33678913376874303,0.12419425629151555,0.0847409440131976,0.2033020847780614,0.01326765696635556,0.023371098666690463
protein|SMC6,0.0026538200433557646,0.014074904812007676,-0.05956080806755,-0.08904966491664665,-0.01800509471390355,-0.11905641091089197,0.032446764363194276,0.0038163074913101502,-0.00017165098047179143,-0.017618113755418354,-0.12154858447813482,-0.0011348398184506518,0.07476623129614288,0.012341798780059554,0.020047735842232347
protein|LSM14B,-0.016979605839493435,-0.05221930098181867,0.20244293922853676,-0.13367305783936106,0.012565545649082124,0.018205663632320034,-0.034911503022760346,0.01252251960903524,-0.0005321451107892827,-0.014399334951594353,-0.023748558064140612,0.0090824028036036,0.16358005274577656,0.009355377209389032,-0.11637315000570934
protein|AHCYL1,0.02260180553281509,0.004304910108677624,-0.30016354085197955,0.0921675453617499,0.00885325692332514,-0.014149615784287462,0.10914524494949455,-0.0008687401688613033,-0.0002534824294895924,-0.17156437852845433,0.15230733878314312,0.005610845645353557,0.15043828552207533,0.01730973793720963,-0.050163928659978235
protein|TRAP1,-0.006362527910615653,-0.014993297423531012,-0.3412125828506335,-0.36126979003658033,-0.014002196697408157,0.14150512915925056,-0.0021494184672026387,-0.0037645048594604842,-8.595209740944285e-05,-0.1246309985168535,0.18981101614258547,-0.018530121380351466,0.21852716584596857,0.05434203066747372,0.0035452709675074046
protein|ATP6V0A1,0.017329957318957808,0.15109452870824977,-0.3069891988395862,0.1581993179035126,0.004017857509582805,0.2202508316564724,-0.12607414246172116,0.0007013751450663205,4.140222374196647e-05,-0.04991860611379661,0.008944016361765013,-0.0015119620360970715,0.07196668365004041,-0.006429831951212574,0.0431506642156238
protein|AASDHPPT,-0.008866339151108247,-0.2593245321278378,-0.22739330418913525,-0.1377861213969953,0.0015994827300540276,-0.0010810669805797607,0.04572136547769251,-0.002106084685706189,-7.330202408870574e-06,-0.003293902823847368,-0.10511842786618773,0.08262826083066861,0.07825982729107404,-0.0060893491037653244,-0.013897665990647231
protein|PEX11B,0.001367003079483334,-0.144794703136497,-0.025822550897877904,0.1438513485597376,0.000571854632002262,-0.14391392967533093,0.004037732848030392,0.0038148463352809868,-0.0003330288888561896,-0.011017557343079638,0.20268472712614516,0.01938116920407816,0.09372799927784552,0.016355607176322087,0.013238075785889548
protein|UFC1,0.003907190386507595,-0.35854446369222,-0.15944172017719604,0.03185335728715293,-0.011187427046291939,0.08137479556389712,0.11873386179396443,-0.03807819309013695,-0.00037244801877602294,-0.03770942558068294,0.21360691037105808,0.020917558047877958,0.021113343761942856,-0.0037431432171938406,-0.03837933929100188
protein|UTRN,-0.006077635595971325,0.2623074027861448,-0.016555453979382434,0.19973205311692194,-0.006045381656612527,0.08224966552431505,0.002456190910118547,0.14418941334008162,3.208891772118965e-05,0.21407595306367955,-0.02440027631624824,-0.008238396706393189,0.09184584998486696,-0.0048362194220586555,-0.07097474075598895
protein|LMNA,-0.012894190967050948,0.434145285935829,-0.0723400871920257,0.09730681131864258,0.006732950045911602,-0.1517888994200348,0.1488654236803176,0.1469432455826047,-0.0003858624058008772,-0.28943261358793904,0.12130672190766904,0.010442151388171622,0.033137344129608,-0.026273641763507143,-0.2092661135320616
protein|SRC,5.57734286778101e-05,0.04260704341398817,-0.12047291637761594,0.30918199753524733,0.0018168580584003655,-0.001563650931293374,-0.22385474154219473,0.05667394832129843,-0.00041669687946309126,-0.18629805737043398,-0.003792253374605882,-0.009005269776214945,0.07335578350880018,-0.0022620866593915604,-0.04284643139229437
protein|PPP1R14B,0.007197529157206633,0.03851355266345427,0.3574063049403662,-0.09507620726921516,-0.007912229805766134,-0.033688300771685505,-0.021865113466670347,-0.005530406471697417,-0.00012088736813633561,-0.05792357323421604,0.01303471522143209,0.022652150934002854,0.11105894178734957,-0.001978547320156306,-0.004439394951067868
protein|RPS3,-0.02072602703576434,0.014599583939447708,-0.108553548478507,-0.06574166169395035,-0.002560989629774005,0.16878041191775414,0.010114518621868128,0.023257490788393856,-0.0002998175436709164,0.1790731684569018,-0.00548903693225275,0.018008571630938722,0.21465932056117623,-0.006772048481576085,0.011941246172262169
protein|PKM,-0.0018895368599918178,-0.19955209083509412,-0.4219601251754058,-0.003487995599629278,-0.01770435334461314,0.017151499625703514,-0.2183771902828072,0.0011341512877102102,-0.0003820502059802721,-0.03262001516445205,-0.1400211931573104,0.0025603898626034853,0.04839003551215785,0.01536636893366355,-0.12450829349783074
protein|SNAPIN,-0.013643177373098772,0.31346510011289036,0.2860723038372878,-0.029216083304433767,0.01625084506528841,-0.029860413510081233,-0.017213389583483982,-0.011002933147718469,-8.279295019119495e-05,-0.07092107191491999,0.05041700608595042,0.03586940248407451,0.0012226264642828586,-0.004900571465161461,-0.005150538057811335
protein|TNS1,-0.010380624413000174,0.14724334141614998,0.09416065954295172,0.14838385000209192,-0.0036594434119646985,-0.09643384654814069,0.02382665973115931,-0.004275089077030997,0.0004573172829354233,0.1338760295437029,0.031461550800431524,0.009114763474431667,0.14030672594205937,0.008523751046296367,-0.01840864653429792
protein|MEMO1,-0.009334288177709864,0.08086037987053536,0.06502887914452365,-0.2343696777381146,-0.004647961715235622,0.020090311798141792,0.01632155179217108,0.019529826981623116,-0.00010886229643954242,-0.10956900834410575,-0.09041506334161332,0.0065607166893694585,0.13753292719067436,0.0008930434251149614,-0.009901573524833542
protein|PALD1,-0.03718961807597186,0.09976579021089568,-0.178358988975286,-0.02742012776793292,-0.011143191807753037,-0.4138106295670315,-0.04901093276827269,0.0006594488677995346,0.00026089101166333183,-0.02898799094891836,0.0539491061554456,0.04088552840243137,0.19405741524480913,-0.008369591542733937,0.08635717121169799
protein|NOL11,0.0049974537195708905,0.07613854954017521,-0.06542673746195322,-0.2555347528419502,0.0023035834766289634,0.11107467404027575,-0.02280712323529906,-0.0009798007401683759,0.00029179647972547905,-0.11588158895593635,-0.010342498033154882,-0.02631224526539393,0.2735964733470829,0.01946810644195465,-0.009226986851820556
protein|MRPS14,0.007931133790608473,-0.11092529228008297,0.05543162303650848,-0.008156374880936658,-0.0010483392350472812,0.08025263253213094,-0.015500643188267419,-0.0011069699870860149,-0.0001867257328337505,0.1536466125872425,-0.0008407399410794856,0.009528839688141189,0.3087969939550062,0.01851452143082588,-0.01468140304774812
protein|RAPGEF1,0.0012833478347068163,0.0011454068492449737,-0.18741588325258926,0.013272027542212293,0.004712875340827764,-0.017932989434114498,0.0007193850538656654,0.0022149188390269024,-0.00014523480252065643,-0.003869296637965038,-0.08312637020304817,-0.05408395327716387,0.15728492015001042,0.06927829680839803,-0.12197492513553933
protein|ALDH6A1,0.012968919323862568,-0.00396482782473458,-0.17883336306389544,0.0070678603436832715,0.001408380975772105,0.007287705598464843,0.11045025461546866,-0.0006223206838035892,0.0001587277730917468,0.042000255576608844,0.5148951980229963,-0.12065938280253649,0.010495114632953124,-0.004093053930469354,0.02104714874864125
protein|HLA-F,-0.007693783812007497,-0.09141299154639712,0.02669538551141688,0.405509862606336,5.482848107847735e-05,-0.002754619895118792,0.003626776128781235,0.001319220481274033,-0.00010853374721160329,-0.018087126704935202,0.0015213480971982304,-0.010115023550607033,0.22772972814921355,0.029170113881451135,-0.11831231523612182
protein|PDHB,-0.011465038662875276,-0.01816625592140793,-0.4061526116815986,-0.11634600866646898,0.019824048202429615,-0.051778322042370754,0.04578652178384911,-0.0033229308716869214,-0.00028430573287137047,-0.09704022262837422,0.28591151256967734,-0.08162811328749392,-0.010210696486314176,-0.031068194551512718,0.005555359169414976
protein|PSMB7,0.003385243011763701,-0.17161825076215742,0.003826911388112412,-0.3851302509356507,-0.023548533130732238,0.03459729969133181,-0.005612647661811424,-0.0006752652978139364,-4.733796067546131e-05,0.046793982339668194,-0.017899398520755803,0.10069115721382967,0.025685375057534553,-0.015253973021824475,-0.0449359790513768
protein|HRSP12,-0.0021058074549666237,-0.17441739386786245,0.09056631561271547,-0.09526266021470184,-0.025996728675968535,0.03299594430971647,0.016541743684270905,-0.018615576178425457,-0.00016373122556483712,0.10368539833279265,0.40486941892883294,-0.008725042665650051,0.040396272974050254,-0.01105873273989459,-0.10609297199191883
protein|ECHS1,-0.008789887083176967,-0.0011114961307067016,-0.34076973771609764,-0.03085950125603,0.025616516524918,0.024587102096109224,0.07594781154119835,-0.055341415737478396,0.00012959329809851498,0.005606120329697202,0.4481164769193974,-0.00861926311295025,0.06940352359317868,-0.041738025002333666,0.01062050925948666
protein|ACAA1,-0.021642860089559356,0.011114657828738066,-0.005599208979000778,0.10927160203418039,0.014769907298112108,0.07581328580843007,-0.05201601736802657,-0.0003610773102206917,-0.0001822190548951001,0.09266682817630424,0.49397728262403634,-0.12682790241785388,0.1155399849638329,-0.03317535091588171,-0.0058124438986012295
protein|HDGF,0.01791059011114192,-0.33279559322426266,0.4700056513308604,0.011724227394667441,0.009739392866500687,0.0043653676571441995,0.06794201516201742,-0.0006637000121197997,0.0001565639001858207,-0.0280003038822582,0.03393115459153344,0.006503924982667068,-0.1751431202891731,-0.030979246152924723,-0.00410597184499396
protein|DENND4A,-0.01056811566713797,-0.04098715672836804,-0.00041143544110089987,-0.047393540202740836,-0.00395770750066135,-0.10603705242054087,-0.08658633456323565,-0.021444739382316776,0.00031820757066672973,-0.04456476436959795,0.046028180969626235,0.004955024870293814,0.059053770565092666,-0.003619822076948038,0.015980101656510544
protein|TOMM5,-0.01788113085644032,-0.25215009851187026,-0.16109207281298224,-0.18922266204039534,0.012014114522072718,0.06058161512059727,0.006546200889057395,0.0008530692550766237,-0.0003546679750025842,-0.0370388930014399,0.15652325639537057,0.08464297801539553,0.18461184934771807,0.04905367479675817,-0.02682390456047882
protein|POP1,2.6017400360570348e-05,0.06522300617055166,0.19170629346707901,-0.15674779932612876,0.01178225309196295,-0.09853702985229992,-0.025185602621177295,-0.009912561399053338,0.00025909718892165595,-0.029271115640642876,-0.04894086375475943,0.017351351517369645,0.04926820503199241,-0.006175005906889783,0.00017207293016641525
protein|GABARAPL2,-0.00901977361467508,-0.19628118603537825,-0.12694084830503924,-0.040975009809232465,-0.011990283766388714,-0.23837939503805455,-0.2029871436144636,-0.0008859358527763395,-8.094988249447046e-05,-0.03248598461432569,-0.054055816801005976,0.004753343253267044,0.05881937430494383,-0.04436250886928754,0.04271374676288026
protein|F2,0.0026089117768194644,0.2729396200200699,0.2313046979903935,0.008394797803424076,0.007714890432647287,0.045113604557946725,-0.01004242872558337,0.0015960982941649526,-0.0001915187422713503,0.33880218445258403,-0.0023663965175558617,0.09656879690360773,0.006549393060021419,0.03161531042937422,-0.12052574415395985
protein|CDK6,0.012258486239804163,0.08292518783572969,-0.08199415660401645,-0.2090324307603372,-0.025895369678660622,-0.07161379766410882,-0.040299645175175,-0.0016402687220413404,-4.158042322103914e-05,-0.03733848352656737,-0.09374549661408758,0.0043301290880726016,0.03344701676817917,0.019901074002062907,-0.0010051239836292487
protein|TCAF2,-0.012320783398763259,-0.2144620271233137,-0.08524977676158851,0.18298899662628382,-0.004594805174552896,0.04868576816878935,-0.02104047976560847,0.01131760888313597,0.00012706560149106422,0.04002418325077058,-0.024190379957258614,0.03232994586476026,0.1691750407137247,-0.02647221417631753,0.028670925181652988
protein|NOC4L,-0.019326679745835885,0.035888138188432964,-0.05983389645040851,-0.22420193012757977,0.0006303970807142342,0.08732961150250941,-0.022187324434174507,-0.0008886474147338677,-0.00032285505591571426,-0.1426319375110744,0.01415358875871182,0.03516310917406405,0.3683725982422936,0.016731945227012362,-0.013974619624787646
protein|GALT,-0.011646919593856811,-0.002204641538586055,0.2593951862723346,0.18733152763850308,-0.022705523852682534,-0.05404554599978245,0.14345408547261607,-0.00021058967269134985,0.0005944181734695111,-0.10376777379825476,0.2014715773040753,0.07649576256511845,0.08276673465099955,0.05275509004599263,0.007354858099979241
protein|MPST,0.007768459490513642,-0.04759846775278636,0.183601799481438,-0.04542417522517777,0.003035228552501699,0.20526339165168983,0.06462301512361884,-0.006232077994937931,4.502089524004615e-05,0.15360586694408998,0.37945828890067684,-0.009675932464686456,0.012376132211536352,0.01426354163915794,0.003145191793507477
protein|ANP32E,0.0007274338851154667,-0.3455384346190059,-0.2785083479915075,-0.10023383642199557,0.009731348168901288,-0.06033917282565621,0.051166300350568676,0.04149099436832964,-0.00014991757649079833,0.125793109943036,-0.1647812444876636,0.00958346689766652,-0.04188670860368191,-0.02511238574608037,0.1008779570878668
protein|THY1,0.012698097413413862,0.10376971817426786,0.17188823601180533,0.014356155063065947,-0.00623563463747533,-0.05271498309507355,0.13567072792955273,-0.14294717446006713,-9.448734063973935e-05,-0.027483947949921303,0.0034316386860777795,0.04534620923986727,0.09197158276782472,0.013358376989496764,-0.15840889973995745
protein|SHMT1,-0.0227123045860899,-0.006903662276185194,-0.03291575212335543,0.03382036785199933,-0.008080043755893633,-0.017350896180973706,0.007737350625166321,0.0003759940756371718,7.038804957346185e-05,0.19295688116499843,0.2698718225864859,0.00805643816692948,0.12470965449598391,-0.0012606112490442763,0.16764704053589283
protein|C7ORF50,0.0043318730060691955,-0.20614828554566475,0.3893178679207253,-0.14212748627580243,-0.02639214785553528,-0.00939475699148372,-0.006285370887184056,0.002453741469892092,0.00021165348798490746,-0.002087888818282426,-0.01654374731608873,0.0026429624604364247,0.21068433092436312,0.0006404873043634401,0.06023634283602782
protein|PYCR2,0.001502617802659648,0.12043871616411778,-0.10815259138687609,-0.1838027760607598,-0.003239518162728126,0.041894406866869426,0.02059652135917847,0.10550528071857294,-0.0003983869654815231,0.025278112929783096,0.04831626703735581,0.0010687032260440486,0.0697464052065417,0.004856399297159583,0.015905603288177
protein|MRPL57,0.004619134018898134,-0.36262319401768023,-0.006326288097307671,-0.22048507132228684,0.005269005191018187,0.08159115224325898,-0.003918399200905877,0.00015394938327101704,0.00014623967676859634,0.09568203670183126,0.008950399556160215,0.007835159988958255,0.05495889374837582,0.003117476846782079,0.05042299579761411
protein|DDT,-0.0355954050894204,-0.32084372709329584,0.188003629465846,-0.0072701349941321075,-0.015136305530243713,0.003993133705163768,-0.053441803002802823,0.00047309521519960134,8.238609589602741e-05,0.1615655004553389,0.10818677703208565,0.0532411402854775,-0.003716024565301343,0.0023083110563035933,0.0008381929430196676
protein|NDUFB7,0.008213098107059728,-0.3030446447207772,-0.39278506028899896,-0.02583761209499451,0.00913490435923716,0.02128426040924278,0.0660449413306365,0.00882369165728439,-0.0007879061544162217,0.09960179333597087,0.30712781722423615,0.060486757758907814,-0.06951659727595465,-0.0022996021098091266,0.05733607589166457
protein|SURF1,-0.003778393538113281,0.2256653631120842,0.11030671320248776,-0.008326362702503318,-0.0062585011235700904,-0.031156282531801534,0.009227075749135423,0.0005079517645697234,-0.00021857417234925962,-0.056222077307812944,0.029152520797990626,0.006200752324385709,0.1135152740651311,-0.00985796110000969,0.056181479314159524
protein|IGSF8,0.0018358188169651784,0.19664239076437873,0.07971124707589425,-0.07735168412915026,-0.008616295555906005,-0.018922865015943743,-0.0157901788745033,-0.06428371203907278,4.2880126310525166e-05,-0.004292466895836136,0.11295978896705458,-0.03209098393071648,0.0489925496912591,0.013201558862421145,-0.008683644398929248
protein|LDHA,-0.013661662576803638,-0.011780055980741295,-0.4430900064422533,-0.19772137758828234,-0.02236443117849142,-0.08176937253820254,-0.16251956537091136,-0.001076275932104142,0.0002532046648680741,-0.11684502280543974,-0.10700488580767534,0.016554440691628793,-0.02854734886818113,0.06266907559116645,-0.015172511066256323
protein|CLIP1,-0.006040879792440916,0.22054443784238156,-0.14949240228316674,0.16857693521671974,-0.006401735833475948,0.030927477986004814,-0.023842135281682733,0.0007773031958656563,-0.0007528271223512186,0.24894402224165757,0.0049636011470538186,-0.03952143890940052,0.011868709182311983,0.004947242259494634,-0.012385208956257821
protein|ABHD14B,0.008906623226791904,-0.3097111081935233,-0.08975281380200353,0.02885151542272199,0.00959958341590902,-0.1357213195315284,0.08705813988364733,-0.02743528235831322,-1.0461729615511075e-05,-0.013884695194447254,0.16394198392068893,0.02599475230660325,0.043344115276765634,0.029946380661018623,0.06459462477397927
protein|ARMT1,-0.024885249376495736,-0.11965193417233441,-0.20404740014180733,0.00831271404807235,0.008409031421657968,-0.017664405101255838,-0.005397530260521646,-0.0010763759652137452,-0.00011835674036501019,-0.04610578477751819,-0.004498805810113636,0.07814600075212773,0.10766114510160034,-0.01091155891453508,0.06330322533867067
protein|TAPBPL,-0.004234583154477505,0.08448903945911665,0.11822564241082137,0.17713808355574276,0.02129218045029443,0.168466997404219,-0.06299850322750526,-0.0027337170184528626,4.806117597924318e-05,-0.10379329336507015,0.056903481386797766,0.0014708177167003138,0.12324432990557838,-0.03148887262882159,0.018927744457554595
protein|PCOLCE,0.012409248109863928,0.4684576989218335,0.07610101301499114,-0.032630380858893256,-0.00511260751351831,-0.16261747581072694,-0.023767155455361698,-0.010482897838032043,0.0002580118114279965,0.07491279427008926,0.0053327577161535146,0.09182929987932463,-0.009525267835692958,-0.0006083554981494062,-0.07851564329493507
protein|PTPRCAP,0.010245040304176962,-0.14221024801830848,0.37482323216883007,0.10813244073428847,-0.012068102244358492,-0.17029140263756437,0.05462920711411002,-0.0003629033477696925,0.0015514583033599658,-0.06383766989587708,0.1449509365032703,0.07025830786732755,0.09616956366911064,-0.018050062883130314,-0.0022407412059373163
protein|CYBA,0.0019520477224354994,0.2020475745895799,-0.13491093390164183,0.3254445942091541,0.004154332232271294,0.04301601350194104,-0.20420264873325877,0.006283603835430914,0.00030600984781398703,-0.16318355590474934,-0.05223438021133783,-0.06713240060389976,0.04540962246068062,-0.011961146360009122,-0.016149489277654028
protein|SCARB1,-0.014807023742305057,-0.00384290394727219,0.11284870850355856,-0.0282309298041179,0.0011390005692132762,-0.022432292842103768,-0.012826820371595394,-0.017040301720280683,0.00020876120651153703,0.0021522169030196918,0.24680458213974943,0.0022921719357110798,0.1274801608672535,0.003116480081154792,-0.07518161372175167
protein|LAMTOR1,0.01759714772667568,-0.18457932073009398,-0.06219401588697133,0.0637924127703408,-0.005900451719677978,-0.005802524387104769,-0.1281100810775515,0.0013687132886912687,0.00016037115949329406,0.2121721068941749,0.012079048419311804,-0.007150950399532428,-0.13097685746594098,-0.022378251419469905,0.004701664562232017
protein|PTGFRN,0.0033497787188257384,0.12246362843019022,0.31333179926292154,-0.0802527943608745,-0.007627379592448053,0.03172952055733766,0.12345047141345757,-0.0008068047808597852,5.076717510447351e-05,-0.019737448737239982,0.07342684402820229,0.058448667649778956,0.1122400495570772,-0.0318774128118419,0.014851090030053984
protein|SQRDL,-0.0001937460447681853,0.21222979578856238,-0.1962868918212042,0.34512543927238215,0.008324945777620217,0.10831440078999058,-0.1222010984405381,0.03421901755569096,-0.0002744202681642841,-0.19442297522419916,0.25077681210225927,-0.022005553343787614,0.00981834568293033,0.0003568396503799277,-0.1043736923272244
protein|CTSH,-0.01896651637985886,-0.26487290027245675,0.01735625892401736,0.004439300179177262,0.0026832275345508136,0.015852828377239586,0.019483955174955048,-0.0007290616256035709,0.0003757525062575071,-0.07900918916730269,0.002562290962635676,0.009976753451475907,-0.017345445293485053,0.008457401122073075,-0.059451242003197055
protein|TECR,0.02533707353205185,-0.15452686003449936,-0.4119825468640683,-0.03443240842081833,-0.009823254042960378,-0.0017959910063933466,0.017280285138613207,4.862861726360062e-05,-1.9743097302642147e-05,-0.07966774668744303,0.008032998767104428,-1.8499629966426247e-05,0.0449193019621774,0.007476186221259587,0.10829774653956895
protein|PRPS2,-0.006507082948244935,-0.18869616370226377,-0.4470505608148531,-0.06144762072900632,0.013021520420901097,-0.13208367045164507,0.0648291321168803,-0.01868497984182029,-0.0007854527140360075,-0.05912473283780536,-0.038997070586922374,0.009277947963499622,0.06772584436512785,0.04227684548844116,-0.009748281297268391
protein|PTK7,0.011255364747922658,0.3808984780708393,-0.004988866642394062,0.0007343589922168378,0.0007009137153144136,0.002456300590173154,-0.04035025368955791,-0.002151202306043414,0.0001115138331854963,-0.025729190735963765,0.01975733433373306,0.07663159831163137,0.10010494520415421,-0.011905694270288217,-0.03251418365007724
protein|PHLDB1,-0.027516158654262046,0.32690094301689393,0.159530026121546,0.009741380740199004,-0.03165966384882789,-0.047210855747052825,0.002747223196683029,-0.018304730105578614,0.00027597528619295706,-0.019952756299801803,0.17210139041007927,-0.0018890920420105422,0.1779429396669192,0.036704654144309345,-0.07759566501812135
protein|GNS,-0.009148093063459123,-0.003889997245470768,0.5502169744586908,0.1336182414979325,0.012559173559208022,0.21793561891035504,-0.0038568604676485823,-0.0014784486203317118,0.00012043972871442942,-0.008030093372166001,0.024754197522206617,-0.02878384016554301,0.054616939355630785,0.057919779342133874,-0.0031342449835093183
protein|TADA1,-0.0068112212415043635,-0.06786258296344241,-0.12377777606854273,0.10616302525030072,-0.004415005462888491,-0.03142091928627552,0.06153582587005453,-0.0018704473643668753,1.360127691132754e-05,0.012117958816804572,-0.023110416701412385,0.05475314076231882,0.18338638885585815,0.01687440514872894,0.0012323547783102658
protein|C17ORF62,0.009638387781054435,0.017247343509831117,-0.4408027263746895,0.10928578458453442,-0.0018742996328802225,-0.00805245520584911,0.013800781578979219,-0.0001668921362157198,3.948409415066379e-05,-0.1531106945198573,-0.014062943815200313,-0.01271408530625094,0.04245372258733607,0.028771550414300497,-0.03650289536540331
protein|RPS6KA1,0.004143654782531104,0.037423575610577506,-0.24887504337714245,0.15503492052941978,0.004845884320501414,0.05073324878778175,0.0050099652820768045,0.0055862206145222,-0.00012588203581706626,0.21462891944241028,-0.11680879303646104,-0.012719514927687234,0.15962390034281235,0.007233949191670003,0.09179356539383583
protein|DTD1,-0.006536282154451542,0.038982132954338375,0.05886035586666665,-0.17635728011791726,-0.000622809169750721,-0.020026053375705764,-0.03875520056800641,0.0022261645340905744,-9.58816347098511e-05,0.10593704712019995,-0.07704803475632077,0.005612923462931565,0.03920042062526798,-0.01665764256781759,-0.006516437872483818
protein|SAMHD1,-0.007977484026152554,0.00546603612231841,-0.1858391508065141,0.49346801575213234,-0.0013463490345081697,0.13992492482983981,0.11280459153226122,-0.000613471985084801,-0.00018516789016413877,-0.22886643483116212,-0.1341534015907869,0.08416910039718627,0.05557168923759904,-0.005559946302270022,-0.009585072877007494
protein|ACTC1,0.002766887380534492,0.2899969464065945,-0.1622104672351933,0.0048268401002875,-0.02867182963601042,-0.09544814456448425,0.1800414346879305,0.001413071134818182,-0.00033088961419116457,-0.03933767201998754,-0.007751113510346946,0.04998334425730382,-0.07305292583143677,-0.00450512524736074,-0.01155467266227344
protein|UQCRB,0.0008052727965296178,-0.20723108147968958,-0.14932976351679203,-0.06090556402896837,0.02273151331000645,0.011023357561986784,0.00829573365779764,0.02157597063678929,-0.00024029759960956428,-0.1279346156546816,0.380708897713143,0.02129233232706304,0.028708951448924467,0.0027356765565766075,0.009150424177986555
protein|TRAF3IP3,0.002916600532109807,0.00661357561299303,-0.187671178780275,0.21497126388733226,0.0008588640032042524,-0.0705104815649061,0.1345203366969531,0.0032404958116947114,-0.00010592443034632243,-0.03655452328235119,-0.03161530543943828,-0.03429347179887079,0.0810812000194275,0.005061249288206099,0.058943619942820207
protein|TSC22D2,-0.018682333093634585,-0.1808118336059215,0.44126898809167353,0.08507482751918218,0.003044103876820041,0.01723165221194804,0.01718190992155941,0.0029579652849371376,0.00015195611989799298,0.16750323498886316,0.09942869318744287,-0.0192191057052087,0.10644800669906754,-0.004399323456216239,0.004059163343704589
protein|OTULIN,-0.005994200864609864,-0.06487994002558203,-0.12843369305919405,0.0017856130480439396,-0.011236001203727773,-0.29521031343318993,-0.09899568917184128,-0.002890873549196845,-2.5423908070982175e-05,-0.05383896214137414,-0.05901676892790928,-0.015245390404913434,0.00411400636672694,-0.01067038235386297,-0.01813333279339682
protein|PASK,-0.014529020821605152,-0.19957357438768714,-0.14257719354680023,-0.0348144856441192,0.013014150157862354,-0.12197116755938424,-0.01514999129462049,-0.0011313621759102962,-2.0788406896218008e-05,0.059180187839546386,-0.09510659799604905,-0.029052981083675423,0.16078792206917503,-0.05581797743413954,-0.0017389169704941224
protein|BUD13,0.008078948089999483,0.1628450190418508,0.33914820208777574,-0.03084188160019385,-0.019552563808279667,-0.019664822341244226,-0.004220608502947768,-0.0010572633339911055,1.9283509718330882e-05,-0.1882132360800958,-0.005374480715096057,0.002723436955852856,0.12168373076151037,0.007283061471427676,0.0039606827291831315
protein|NID2,0.008730871324917152,0.41821448560474406,0.32022563595397885,0.00039401453421542356,-0.008737596418642652,0.06743948167986198,-0.04106977904402388,-0.10429474155707673,-0.00011938325805636884,-0.11079588558118168,-0.025988594324608223,0.07522712955793634,0.019090887708542194,-0.014082604633707864,-0.04223380576835494
protein|CD247,-0.0042217319684972705,-0.11612924433082585,0.08780268066107617,0.4251277124869407,-0.00022009799997892957,-0.004667493791432242,0.09126830077632742,-0.0009974631488470307,8.267472614655546e-05,-0.022453901142530434,-0.007309728426345529,0.013675998663901909,0.021983459197261412,0.010923927015427682,0.07501629498250202
protein|ATAD3A,0.018975148309561034,-0.033077018013649664,-0.20120324212556645,-0.2555811944916945,0.0012314243302158638,0.005186985414250582,0.0062686588441772,0.009817001740474894,-0.00020230007595534646,-0.21563389848439274,0.17098861006929678,-0.06855369695781868,0.19563529309239322,0.02644267638067785,-0.07701367918666252
protein|PCK2,-0.0020145202385611232,-0.024302416006195402,-0.019423652695700153,-0.00047135496088963983,-0.007424496811096192,0.2622129446057648,-0.0032275610277487194,-0.0006854431726873555,0.0005828037404934815,-0.010338903249459061,0.4769513072056407,-0.003796279306666628,0.1876208208621724,0.004291191222282359,-0.06501707510015449
protein|POMP,-0.013087850270212078,-0.18302741324432245,-0.0033908886710058025,-0.14061736253279353,-0.00020166401997842102,0.06614241214797209,0.00489484018314685,-0.00942546316418939,-5.8303858994795786e-05,0.03717915324215831,0.12230088917046769,0.007668046213529569,0.11739883865529642,0.050259445108083556,-0.04037216195037576
protein|ARF4,0.004163909244528869,0.08947441341793785,-0.5030579246239555,0.02851703829577937,0.015012518008743023,0.014952483971923076,0.006961659386041965,-0.0008218158944773841,0.000422120631581739,-0.10281937976195964,0.002127604278599057,0.04283088860459752,0.0753438330602584,-0.019922268030078866,-0.007353821807275728
protein|SRSF7,0.014358419585394853,-0.38642490220007975,0.4882119910268131,-0.08403790717942049,0.032097043401922105,0.012847486589869173,-0.08221890785576182,-0.00044555024033800624,-0.0002970128039475719,0.08334495986632111,0.030821443353257136,0.007046340970234281,0.045015671253037084,-0.02957336008502774,-0.01865165894241075
protein|PSTPIP1,0.0010095343545542897,0.007578380665517042,-0.18036481759474401,0.3930653182559094,0.015264533657818982,0.11049462487091191,0.00900095311936065,0.013690052471200025,8.975354521401741e-05,-0.08228545487876414,-0.040905558566211,0.006534656934987676,0.07803174675920105,-0.00229943665352876,0.020494956997240854
protein|CIRH1A,-0.0175021045516563,0.15562792808247308,-0.22896969801197675,-0.25887908262160725,-0.006540293412236619,0.005180382279037785,-0.0006377817007778472,-0.008959957296071937,0.0006913136577371671,-0.0054828124876179826,0.13170490652538733,-0.04373118916383947,0.16090217551015498,0.009366135546268625,0.031856805344715286
protein|CD81,-0.015858084373466454,0.037435944592286725,-0.3574528372600676,0.19113510148747673,0.024869406558969544,-0.13882150410228225,-0.030363853033650093,-0.016348901517084357,-0.00012435875894223816,0.04551781100360232,-0.024226280675055455,-0.0654263651259722,-0.10635694037342681,-0.039129256060959426,-0.05204897060889013
protein|SYTL1,0.004132152168407794,-0.09183053411636592,0.28700937684517863,0.03729227551504334,-0.0014890932530871818,-0.11640954521471987,0.1549536987805485,0.0028336270312359067,2.49082752522096e-05,0.05153751764423508,0.026192408155727077,-0.00027521376055634946,0.11762694463232011,-0.032368256329237954,-0.07077330419310576
protein|C20ORF27,-0.012530004477231854,-0.014655042142780279,-0.2482755151743219,0.0456544171219445,0.004033758245467232,0.10397853096767357,0.0076541024476858704,-0.0013130523294420816,-2.945621223591531e-05,0.15998237472874668,0.019682589930534823,-0.04478669075071732,0.1208783225360891,-0.015907933684113015,0.03554207449435515
protein|SSBP1,-0.01179107539272617,-0.2225953047424408,-0.042146549614419555,-0.23859324590900807,0.026528245996730537,-0.0374549520067884,0.0010200311373233717,0.010575803055285925,-7.594787218352174e-05,-0.03542042019479262,0.1890549782136585,-0.0028278541210440327,-0.06566927131207197,-0.005830908135876663,0.025080664770819792
protein|HNRNPAB,0.011139495830373308,-0.41790025545258835,0.22796971255239995,-0.298401939044989,0.0022120272555003397,0.011243959260571822,-0.1089618306416588,0.0003928023283315131,-0.0006551015755460875,-0.07117250487419566,-0.0389552643859248,-0.0006849632262525972,-0.11138943581042846,0.015143676413134018,-0.07365878497334372
protein|MRPS12,-0.008229770217790658,-0.20727859969217938,0.27142393021654815,-0.14967373039902243,-0.0017405974157048171,0.08417038386207645,-0.03641335753788375,-0.0003390524021664715,0.00011369911314028516,-0.011437979480548775,0.01577356055209846,-0.06685919864336928,-0.039043553208062944,0.004940682079826627,0.005498165462356855
protein|VAMP7,-0.018006930127726726,-0.06297938193336555,-0.3168805835945709,-0.0032362785858478078,0.0053523929881401375,-0.183732968281324,-0.00011351277648078824,-0.0025546564935736435,0.00012543310549681524,0.026673850273161544,0.0067932549960976595,0.004651144821712675,0.1121774915810038,0.011482124650809245,-0.09317266942301759
protein|FN3KRP,0.01554778440299325,-0.024019516467340216,0.3536764956190877,0.15399106999940998,0.004236096287162218,-0.06289460526719384,0.0841826965674726,-0.0008607782016505122,-0.00018711889123895073,-0.08283964318401765,0.0007085320473256742,-0.0678941079253785,0.28706321429961856,-0.0006673908532581225,0.05094908338153984
protein|LAMA3,0.004140707294520056,-0.006885185611924307,-0.0031793278290888002,0.06912486703842416,-0.01403991316122374,-0.022314079042351997,0.3179916777905698,-0.00833380122743521,0.00019387367445588053,-0.01753026660449411,-0.002863983241531429,-0.009192551746878106,0.19634815494637128,0.00719136303336674,-0.036881094975754106
protein|SASH3,-0.0007338414026435646,-0.3069698535589325,0.2390566233620571,0.037482690633716384,0.00023409103281727515,-0.17751328866245442,-0.008658879126194919,-0.006834190783960372,-5.957378631812578e-06,0.009424871379327945,-0.012510867655795245,-0.0018696628945703753,-0.08198800758222576,0.015095045747784025,-0.021416064220557238
protein|ITPKB,-0.0005183140580001909,-0.041901186718412343,0.2333051837440614,0.16306170926535515,-0.025293079168046847,-0.2549635407094393,-0.04402265607452556,0.00045730531057170277,-3.409191332357792e-05,0.018434371977149967,0.16545028838048279,-0.008092256257474126,-0.013240686491628309,-0.004962581428908311,0.08447192554665667
protein|ATP5F1,0.004957552665557245,-0.019440118960983535,-0.4109975975669632,-0.10959220144149903,0.014306542909341025,-0.06693169800251372,0.05676069968025665,0.0003969947147522748,0.0003128656788995215,-0.19676964410836145,0.32236905694764956,-0.07064100858457609,-0.028088410862008854,0.060794906736019096,0.009758375171770499
protein|PUS7,-0.012477310423825763,0.010461357687900873,0.07708128865506095,-0.20304466069938726,-0.009410017396451802,0.056965587676470524,0.004369607283193922,0.0010420187953238756,-0.00016666359702930295,0.0183730958016322,-0.016626277068567875,0.0076794170583329435,0.059296057652254805,0.04781736234917649,0.015151181177759085
protein|RPL35A,-0.00678242392186899,-0.3666026233402219,-0.08780972126401287,-0.19380358938328499,-0.011714513628206096,0.09489870986229071,-0.004771578513356902,0.0006609839940850113,-0.0001318466637489467,-0.03445161612419404,-0.0867371311906798,0.18611485721868654,0.1008681102476262,-0.05698818701313457,0.0020496685273462016
protein|RAB30,-0.0073595587267733294,-0.013478118845329413,-0.11822853502188525,-0.31686764685036506,-0.005583024427825045,-0.20323541752998997,0.00737218800638848,-0.0018467325540373295,0.00010038242366984378,0.031881894461977096,-0.006198976665748696,0.00602166723104488,0.004586930234153851,0.01856750356588492,0.011743967879692604
protein|DHODH,-1.4885228924705781e-05,-0.016085016256726346,-0.019102706071238856,-0.12703781421135904,0.012316655329153003,0.1365332540247855,0.007144511130018279,0.031525820692601424,0.00015437665782385242,0.06040735845397896,-0.00762749976686043,-0.019490715656897188,0.07388516068701233,-0.0036377280286569373,0.01597365285667934
protein|EP400,0.0026251587745913935,0.08934420887019155,-0.005574768390471633,0.10636526581707448,-0.008554246984249263,-0.15083920176094603,0.0038462009833123236,-0.0023878442506692315,7.270773100564264e-05,0.053639584313000234,-0.08668149946758207,-0.010613360614579577,0.20065889380228863,0.020090599015405008,0.002430918665979128
protein|PPP1R2,-0.0065332334899717215,-0.3268096794420269,0.3751529582999974,0.06693443831500966,0.00044058756337767685,0.13472832594847772,0.11750767556290898,0.012216284402763126,5.7229422693926604e-05,-0.11480209485914757,-0.0034872547611811845,0.060930487891833474,-0.08479626016981569,0.0002168652173759686,0.005298786425583624
protein|ALYREF,0.006428103806678941,-0.28765740680714896,0.510028598135062,-0.07726631886256273,-0.0015645956037687605,-0.020555890599490166,-0.006538647887777356,0.00029859092779139574,4.1580765624153064e-05,0.009032589800508821,0.010666203068963242,-0.0471022912491298,0.11904799671797732,-0.05912423362664112,-0.03963736639109875
protein|E7ENX8,0.014370683861878467,-0.08715330972915651,-0.31137431251264747,0.3337041384887965,0.007481799147091127,-0.04402727101377547,-0.06782674058328508,0.001553135963541856,0.00012802073903867613,-0.08469565776558144,-0.0001573409729640934,-0.11834048473973623,0.12065531060851888,0.021223672974358315,0.010382264477569694
protein|JUNB,-0.015311845065195959,-0.021933456755958442,0.22396898503505294,-0.008735427019058774,-0.0025807310163670437,0.15488256257582086,-0.025023573834402128,0.003670027356071765,-2.3428903719364462e-05,-0.04849229283298749,-0.10469191582494233,-0.005123454340128847,0.12556840089919433,-0.0012325607724852172,-0.1812829962008498
protein|NAMPT,-0.007305970254256065,-0.14534716263330263,-0.14561546116600568,-0.014736259868155502,0.0048486445398104394,0.3385797918744192,-0.10554423931299851,0.013778107500295627,-3.457427326647761e-05,0.1475752614420039,0.10629606623766578,0.08625891444535846,0.03536105730288866,0.0392176181790931,-0.012663507288913753
protein|DTX3L,-0.008201050133272993,-0.04693801297208409,-0.17205299770689247,0.06258980189518396,-0.011889107696753791,0.14470896887992538,0.016383572141266452,0.0004107118353798067,-8.507003465049898e-05,-0.15592495672061593,-0.012059056771243427,-0.018108864423251488,0.17098165827295753,0.0058814409677071695,-0.040268383831149925
protein|CTNND1,-0.0027442129762928606,0.23108489008670233,0.14283196728254743,0.14704144723263643,-0.009481260481565936,-0.058941699901578284,0.0703308631732273,0.001009966587526185,0.000294021500238298,-0.09803950803425428,0.24623657428532153,-0.005713285808849126,0.09713558547916686,0.008388476199685501,-0.032717805982623235
protein|SEC61B,-0.00479272081266605,-0.13191659343157108,0.1851321676835931,-0.06626815845008782,-0.014471967583004931,0.13719184573705767,0.043269402446315636,-0.0018842716768435114,-6.954336602636011e-05,-0.1452497158559961,0.17159367155247499,0.1188729107241766,0.039868402489942424,0.024523471118756454,0.0009603723102649575
protein|HP1BP3,0.04072242756727172,-0.24373751510348618,0.3545915283684553,0.19018806766338106,0.03901345663439534,-0.17598453685545534,0.2135061352956794,0.00020614837820993366,-2.7872629528089316e-05,-0.05933733468000353,-0.02688904912526413,0.023904924678355956,0.06659583713158104,-0.0032627521412853283,0.09174362828485373
protein|PARP9,-0.00848233624009753,0.01704271896311795,-0.22693549735700402,0.1393829342402975,-0.002503414860308749,0.16572289047341757,0.04205933790322957,0.005233816290870297,-0.00011051830112016992,-0.13085378046680163,-0.000619354162774445,-7.153921523778274e-05,0.21734619441264375,0.016898623276709022,-0.017678952167687483
protein|STK17B,-0.011001295507966599,-0.23549827355400646,-0.036527108911173195,0.11860612734408568,0.019547113700306533,-0.16885392340680402,0.10632372974974626,0.0033359498884171905,0.00018624506463069717,-0.01978341276080867,-0.03182811788964253,0.0013884238782421049,0.09096819387022059,-0.022228662892257414,-0.021582745635998747
protein|ALDH1B1,0.0028374107492236964,0.07630913189394944,-0.16791879029573348,-0.15051542737163365,0.010228386458298096,-0.037982196099757615,0.04177957913919404,-0.01780285412227258,-0.00013864228513756812,-0.02709129413353717,0.21452528934062098,0.03670101907608402,0.1191169895178917,-0.0010977535143244003,-0.0045127502578410665
protein|ATAD2,-0.006238356069534343,-0.012212520024457978,0.14261858155442084,-0.10165758168479483,-0.005114219306209954,-0.016485144460801317,-0.13510976971266003,0.004716374757159638,8.580700300200539e-06,0.02348037141265895,0.0006009832627563413,0.0012839655784633783,0.21544589427404512,0.04173002186021799,0.05397964354779719
protein|NKTR,-0.006442413270299364,-0.19040880123642337,-0.08825301671793753,-0.02541952063636592,-0.001499555947481034,-0.006379278109638969,0.0026775931033965923,5.686784297852211e-05,-0.00013544177236533806,0.06020108816748806,-0.0361505020357811,0.0030227817747748996,0.19824425162981726,-0.015479647411931799,0.050582540368930284
protein|NLN,-0.002954604862555483,-0.07687657477981354,-0.30979768359040577,-0.0917513145497902,-0.0033813837238367466,0.10855582169699711,-0.04174308413006927,0.0006226170153142834,3.403058203067048e-05,-0.04253621766817981,0.14246309152714767,-0.04778329410138137,0.06909047554176384,0.006973443846510006,-0.012314104958570576
protein|PLEKHF1,-0.004473330373324635,-0.00914186535425619,-0.15626216799061224,0.15608463053516552,-0.00500942475756616,-0.2545342303863052,-0.0004418622724633977,-0.002497686280197092,0.0003976490276511896,8.571840697448934e-05,-0.02016668582953258,-0.005470369755185885,0.13942515300125743,-0.004516503349087873,-0.09763303288940794
protein|UBR7,-0.012422271621096811,-0.1083912738770307,0.07535469156683905,-0.03723224998944634,-0.00690322081328009,-0.062377279309475835,0.034892945762886575,-0.002509648576478971,0.0002353969617595948,-0.025158050268594304,-0.15408084390092153,0.014111492539569385,0.20486246482232023,-0.016953517544223546,0.002007809263432778
protein|PSMB6,-0.0001372541688690328,0.08529811927242358,0.07118589861047188,-0.36850619277078966,-0.021091370695426194,0.03799787472379101,0.03571124358882987,0.001003625434001022,7.630263702704132e-05,0.05628754717335344,0.04313563738296651,0.07112341636229329,0.12940706374871616,-0.056118201115401535,0.0043391213770134105
protein|TMED4,0.005560626348653717,0.10317657578110867,-0.08351361495928139,-0.004759386930397671,0.005181540867656143,0.11630064306901212,0.021741974737402067,0.00016981317055480094,0.00013583729085293696,-0.1268580781281785,0.22811964355245362,0.0072226980058177105,0.04365371624106126,0.05243632838843208,0.04285690214030303
protein|ATP11C,-0.0034292094836914934,-0.02840003651383215,-0.3376731675798855,-0.09326426517274827,-0.006000322706632176,0.025740594844186955,-0.006989909975335074,0.0015617600406299802,0.00018372323573679654,0.008834916057348057,0.00417982979882474,-0.010849931392492781,0.1506242798743986,-0.011393187077641398,-0.011509044041953053
protein|UBE2J1,-0.002680740178626534,-0.05509653998471613,0.01157350662339815,-0.07448204264915388,-0.010336073423531204,-0.08681353090276006,-0.008819010752219171,-0.0044409933012599795,0.000783328683410132,-0.07447777505681652,0.01144676470551696,0.005187527373543466,-0.02261261291890108,-0.008904831358615285,0.10449003622866147
protein|DARS2,-0.0046431775395564595,-0.2631968670158858,-0.26774823751620297,-0.12199096333734084,0.006100778694116027,-0.0003037630524992749,0.08423660380069223,0.007971067680959976,-0.00022362294371151178,-0.03044779387649545,0.13546736422691785,0.0027740899157090437,0.10475234631435884,0.0013067229063191896,-0.007306559097270045
protein|CAPNS1,-0.011416440853407718,-0.17923032475859682,-0.0433695662753861,0.17254609036429824,0.01790856689553638,0.0013046119327371835,0.13176924351742322,0.01144950024503231,-1.6768021983630553e-05,0.07901913628226293,-0.011299591895461196,0.14359740926041034,-0.07160729460070321,0.014366669624004768,-0.009010698705278203
protein|GOSR1,-0.0032933949273835556,-0.1476056914294721,0.07132364315428563,-0.020925174060471327,0.007025853724868848,0.0346415360270459,-0.10427440665561061,0.14793745992056856,-0.00016397016714287703,-0.002840180511256329,0.11477620181542185,0.02906587039706108,-0.08851655014043053,7.601170426209356e-05,-0.10085699199642677
protein|LAMTOR5,0.004867645944979305,-0.2735175443258839,0.44979511669947403,0.12964032523991995,-0.007526324321618028,0.053343876041855184,-0.11486739165652787,-0.0008149119139116557,-8.553965374694954e-05,0.06048522837441633,0.16798032570426202,-0.0175910818907697,-0.05368547417813776,-0.010633896356057453,-0.0334469818295823
protein|CDK3,0.001567690807443948,-0.25553096719291485,-0.19212757929300459,-0.018012985620367933,0.008237794256916708,-0.027469630676174413,0.04142918939908927,-1.0445474336693871e-05,-6.737996940076964e-05,0.052505490299154876,-0.03353052249563058,-0.007037701281773231,-0.02362539898897012,-0.02073184983420982,0.037151166199393466
protein|BRE,-0.0037694207927434532,-0.18922098833311943,-0.06294232464400788,0.06511369379054953,0.012975281411234016,0.053580118968096675,-0.012526562887290484,-0.005083390545472687,-0.00013051550258628058,0.15640355633420205,0.10992803533037077,0.0851412127819316,0.1863743195600396,0.01262204919404177,-0.00562108536679444
protein|MCM5,0.004901104948012424,-0.11255107798671878,-0.15788558623870808,-0.3698802714734468,-0.012927250693758795,0.001413299015793389,-0.1204903774384466,0.0001955598391521436,-3.522583659807191e-05,-0.013533318458755932,-0.20128676899899517,-0.02352091361922838,0.2840816407037665,0.023233658155324438,-0.020428237307019162
protein|RMDN1,-0.019358407811013893,-0.1350291861655205,-0.2739658143661699,-0.024184590408701877,0.008263239681905262,-0.07162691023155136,-0.04409918374446267,0.0013940568909470773,7.014366956246936e-05,-0.049827681311676954,0.1756496455748334,0.005639345753337555,0.10409581660925851,-0.014246182503097714,-0.008582200707242716
protein|PPIG,0.001998952647581298,-0.26761620487085463,0.2978303189302655,-0.1310158876511087,0.015848656373840374,0.005424957617642287,-0.00038147083586773366,0.003199147155239432,5.831898947964924e-05,-0.03341684015152349,-0.0481770644982121,-0.03725592884689854,-0.00016653481033154324,-0.02203228454215501,-0.03286407447146112
protein|SYNPO,-0.01630992794526381,0.008003035720067735,0.291750925653823,0.005867931448749658,-0.007367084554179399,0.007286787547874488,0.039379018259302026,-0.0015364223673702373,-9.396749736882624e-05,0.013683964806461222,0.0948575299677766,0.004910003330324551,0.1392711893903923,0.001389006858887189,-0.04041064777505245
protein|SAMM50,-0.011158443353991288,0.047102204439904684,-0.2989927379122526,-0.1169880897379239,0.0007459659935661831,-0.050092890500970315,0.0031089199867080065,-0.0012990426016646994,1.0789081464281992e-05,-0.0963777398177688,0.1828166375576288,-0.10698117083763758,0.09056567331598453,0.019712234795674185,0.011748874303542028
protein|TYMP,-0.0034318720288413172,-0.019102491275984127,0.09316902335139983,0.4656936328195675,-0.01099697609837157,0.21949417390559053,-0.14337507337187738,0.00041850407506258786,-0.0003418511885354582,-0.14799779522206555,-0.07330804166091573,0.04097145178758481,0.07246808795664846,0.003945626167574156,-0.1547542236798271
protein|RRM2B,0.005959845530627037,-0.056083686553129966,-0.17418371431671445,0.025990015137630357,-0.0023061129384545926,-0.26638787044610845,-0.09754716132483968,0.001531039770229455,0.000410225798771965,-0.1139122734227222,-0.004471635772858795,-0.010525547398033871,0.047639669282728885,-0.010844513007996026,0.05702945261662122
protein|SNX11,-0.018072310579959554,-0.11974724029500912,-0.005840606651383548,0.06730794653686978,-0.0010194817131833954,-0.1495160867347359,-0.0803615559251501,-0.00041508028708843556,4.743177055128503e-05,0.11162265758465921,0.0972477206976781,0.015349868459116756,-0.10119606676112872,-0.020352728261424077,-0.01844169117116163
protein|AIFM2,-0.0036078755447861255,0.25734616755637035,-0.1515994790907666,0.10882798755382858,0.01146528100393372,0.18178992477855815,-0.06829042236767713,-0.08459752389303485,0.00018401173453645289,-0.15370894519033648,0.036993258453016174,0.007883123065677518,0.22915123531148537,0.012202409033215534,-0.13261932581743996
protein|DHPS,0.005383282354767543,-0.2146657535904993,-0.0550418662599217,-0.15815623530304193,-0.001913423090607759,0.1570508176597437,-0.005921686007283921,-0.00588918098974578,0.00010738386363558703,0.06099067887663009,0.014092560353151559,0.023676827726805565,0.08970295513244927,0.026907628258281528,0.000176649006132531
protein|LRG1,0.010630362831835494,0.13564815478204226,0.059496854718852514,-0.022448730151054624,-0.010456147506458976,0.07468953372201806,0.004572417731411632,-0.004098614572436096,0.00010634698617549715,0.3639730678008895,0.0012288573473503302,-0.010199070219394627,-0.018159555751089428,-0.0016546829392533472,-0.18580190756636839
protein|KDM2B,-0.01607554926586354,-0.12890279605075328,-0.3418123868527948,-0.18026255106177136,0.0014318783209170648,-0.1066978609027693,-0.017069943302553094,-0.0010939717200390607,-0.00023546937067468914,0.0189646882732889,-0.0425796839291355,0.004317764268758007,0.21505627885854536,-0.031118776182919475,-0.01792269914244625
protein|PANK4,-0.004332101757120301,0.15154957181650267,0.15516830772997167,0.18596985381414377,-0.010101397900118768,0.008301289160203945,0.027910192001867565,-0.004886498193777961,6.627186178672121e-05,-0.21204301780422855,0.0037265639017946823,0.019590723977356523,0.22027404821409327,0.03498379333179604,0.04313022723774738
protein|BRD8,-0.002789673621056876,-0.00223181936587168,0.11427555415003753,-0.06757257897624548,0.00336908151760909,-0.017452228281727086,0.010011630780667588,1.6915747447944375e-05,-1.4638152532780743e-05,-0.056247615933950924,0.07395706495329442,-0.018690184147746862,0.16561627933360334,-0.0031474238589130447,0.011153975782314453
protein|SNX18,0.006306549928368059,0.03094890509587359,0.248845847386434,0.10372147421751089,-0.017124390382904354,0.2013710021325611,0.12719987986330655,-0.027451033528701246,-0.0004907023245012403,-0.14530302753819976,0.036131572637417224,0.009546156256083923,0.13356081861980898,-0.02837729971608022,-0.07666085765041843
protein|SRSF6,0.021313952800923776,-0.3407162460473083,0.12147577574546005,-0.2444692496890226,-0.0005191382998665431,-0.006091163307518259,-0.07861408128527053,0.0005950988162473323,-0.0005586150012155932,-0.01355288768508038,-0.09671350389607952,-0.08287477808308717,0.09010657959415355,-0.08674141883089248,-0.004615400429600772
protein|LAPTM5,-0.0032122153128428714,-0.1626465686976941,-0.10256751087015223,-0.007911789375185146,0.011704519740164222,-0.050736834307257166,-0.10287715935927941,-0.0006641492662395555,0.00014212685903024878,0.039412390384177466,-0.0834007352414957,0.007963321034669514,0.1401667293024373,-0.0075424085788153555,0.0017025840340706775
protein|GAA,0.0037564867730200237,0.16174016145795797,0.10518998507480178,0.19902384809468213,-0.020341813083719327,0.15105252986703133,-0.018611554642650314,-0.002188610736370161,0.00023702467704989758,-0.059952118955420394,0.16781403527045466,0.014441521172667417,-0.04018546259483418,0.006255136292996262,0.02640638021708853
protein|RAB11FIP1,-0.011814140825228543,-0.07913732438789901,0.12357151226997315,0.2218863562950428,-0.014180188226810872,-0.16967965197755558,0.0013318777567389738,0.11038275283838664,5.1724922836659155e-05,-0.18052515131334748,-0.10214206253971796,0.0009580625010396866,0.1270492511542104,0.004176710032714143,-0.0675323633064229
protein|MPP6,-0.014183192767585012,-0.014327955530521859,-0.027804403798334723,-0.15005902559512654,-0.010538887549964777,-0.21003108819543756,-0.22393426794576327,-0.004854263679304898,-0.0001728483875954597,0.010899887518617783,0.014532155334684452,-0.0007705514115065472,0.2163539104289635,0.04640911592490065,0.026886057452593273
protein|SFT2D2,0.01177723848977314,-0.005897902370747689,0.011856127174457014,0.14970897553485715,-0.0035230500525382518,-0.20065252989259197,-0.062390941946689656,0.0020622770417442742,4.507521800099676e-05,-0.17173510082901888,0.08250028794840607,-0.0002624631987762871,0.08673008267903466,-0.008057798055168828,0.01621308676445839
protein|RPP30,-0.013845330974650238,-0.27358218998063716,-0.08292010250383691,-0.059960343407853306,0.002479581724550768,0.06383828179098922,-0.009757544824973029,0.00026162334566177644,-0.00038705622162584034,-0.07405141660156109,-0.047417225685933824,0.10403227358517408,0.2703733614848368,0.010084269019915713,-0.05007438167227065
protein|GPSM3,-0.016171981042854982,-0.19403857253319945,0.1101188891723298,0.35597896507871635,0.0007898343031524575,-0.016529941325531212,0.10236732853500449,-0.0004438979435153693,-0.00016240138775062358,0.08768755268235158,0.13387326033772526,0.07715425411174293,0.21743665910874635,0.01579088498151698,-0.028611077966227055
protein|MCM3,0.010118626608312703,-0.21563059005919738,-0.09556831820903917,-0.4182473225447983,-0.0069095970294190895,0.019348738123653075,-0.12607262359337326,0.0010703683382539638,6.456727752735871e-05,-0.011457115162031429,-0.11264939620689281,-0.014488280107564935,0.1610368695730042,0.0011831976104540371,-0.008034994693777019
protein|AMDHD2,-0.002872446943554169,-0.10924634514213447,-0.29537618077148653,0.12871579869507568,-0.009389627573160213,0.01912510297427196,0.023225815534622586,-0.002812665356950384,-7.210255275597583e-05,-0.0711251873547606,-0.012980331364657975,0.02091854299382152,0.2707744729878791,0.002009303517920463,-0.03292154188321725
protein|FBXO6,0.005988802958231098,0.007563524837732633,0.08789396800808627,0.2691320243807035,-0.01181847571607099,0.02658574040164211,-0.015107586954595098,-0.009857852266160967,5.369839810839629e-05,0.09562945438681787,0.036054018347750794,-0.03446453368051234,0.1211443134822507,-0.018372507905457483,-0.1090602657162468
protein|ICT1,-0.013647993205216822,-0.054368013263919455,0.19716739441559494,-0.2559118325894413,0.009875718969019058,0.05118297418340698,-0.033151599824473715,0.0037740971782699675,0.00029995128787981923,-0.19725067089467307,0.17285015267486975,0.0789087448761035,0.09545419471874504,-0.00306428415601332,-0.034972436607552816
protein|ARMC10,-0.008938833243420255,-0.014896635837330979,-0.32633802932361855,-0.0199845878677125,0.01340508876896249,0.06741791033364407,0.0031637068057248354,-0.00324837028694181,-9.302549023123553e-05,0.0038166354615798543,0.1651350417832331,-0.014050822592748567,0.16278192449052153,0.0015718008815295318,0.05616244089295789
protein|HAGH,-0.009844281538737369,-0.06232645143356409,0.1173110824544786,0.1992539385868558,0.014489541283377502,0.009146468247024728,0.13474248580105186,-0.013178836352622344,-0.00019950037692640073,0.2626405394121408,0.1569247275039747,0.021903194349073965,0.13045280507177978,-0.0100284765858088,0.11789996609556448
protein|LIMA1,0.004843129896577263,0.23746590352785135,0.09672951563112651,0.07122478088314323,-0.005105246134715182,-0.17246765743270923,0.006745104262188609,-0.0006954195321715476,0.00021955219436791055,-0.18769871497699306,-0.0009413315087621719,0.002724254337434179,0.00558942614926563,-0.012057191879763604,-0.04757442465962085
protein|LDHB,-0.0005925166898499472,-0.2790421459965225,-0.3791504407088619,-0.2367642826678447,-0.01006727310632415,-0.014247606080705454,0.006718694838926683,-0.021075410132390376,1.2416927126729234e-06,-0.013913899196785347,-0.16935993435124758,-0.0016767967616912681,-0.04476665666220845,0.0010828898706773974,0.019057804769700617
protein|ARHGAP17,0.012814985161076035,-0.2858964755896025,0.035897536044778196,-0.00651110445746586,0.00890824360358442,0.030671731020430543,0.11583116386225352,-0.00019015954250466453,-5.4589131184250795e-05,-0.0031563865508650317,-0.056444969718435344,-0.00677224768130746,0.041387789904544565,-0.037777152065086486,0.03192877969441793
protein|SERPINB1,0.00996911080959688,-0.06080752303191899,-0.23066935563627683,0.440108283831055,-0.043483119725788284,0.12397111690085666,-0.05912961077566041,0.01298257793395692,1.6698623975668652e-05,0.08126537741952057,-0.0343611331075946,-0.006179343662277932,0.014809996549720629,0.03143966212740461,-0.09858682697690743
protein|SUCLG2,0.010214751814926868,-0.015300755443214766,-0.2731330618311984,0.0211609381321015,0.018510960517745225,-0.09895253596957428,0.12919292175373576,0.0004108796646027991,0.00041415622089638294,-0.15974675838115296,0.4566921475893675,-0.08639546908191169,-0.013341541928208314,0.005802405110463652,0.06052474357409897
protein|SCAF11,0.00975655864987773,-0.17655012640103743,0.31827224691155215,-0.11393424888859714,-4.581300822802749e-05,0.002723929307005552,0.0063688013442889475,0.002909107293321467,-0.00010550733494057204,-0.10223591809729349,-0.1372453619124496,-0.020560273695615004,0.03535887893635871,0.02048592749670176,0.0018204131127404054
protein|NCF4,-0.016742813503608334,0.0041664502095927515,-0.09391137525527135,0.32519933047062355,-0.0009725211379516296,0.13535332517521462,-0.13490599283158,0.1350358486974104,5.2479674836160867e-05,0.02087062548374648,-0.09330989160078187,-0.009784788552309819,0.12787991687567174,-0.052654346697858276,0.08485045725396928
protein|GGA3,-0.01158799517699901,0.03656531023273652,0.021008843319220802,0.033639874387785,0.006698616083347203,0.019060578187506148,-0.011066841295444505,-0.0010188505272293717,-0.00020310959196005374,0.10573042671375867,0.030204563073075483,0.011231348455710811,0.08676494824962251,-0.0026968514798265653,0.0028541818923559018
protein|TRAPPC5,-0.009522341239993912,-0.15139871465393978,-0.28245761433813993,0.04040661356647044,0.007325589479307974,-0.05398379532689446,0.031652258865617,0.009045467087755332,0.00013899195041873185,0.004635294381250869,0.0028296249752452138,0.03690954573970669,0.21565317939654127,-0.02222668671812029,-0.001839555011411672
protein|ENSA,-0.010596548595392455,-0.4183329037002579,0.2572820015947109,-0.014887011365781348,-0.014524930485720918,-0.004806369692038892,-0.009856816790367682,0.0008286815488645439,-0.0001878746430935502,-0.044678987253975455,-0.0061716077274535696,-0.0021617535923424244,-0.16092246132980403,0.033729168360051374,-0.004405772091929379
protein|PXN,-4.514432209068308e-05,0.20984149313766526,0.11920990210149426,0.2149120846373034,0.010756584199172383,0.0281373890681244,0.08755736428572969,-0.0021708271171275947,-3.9262112028547556e-05,-0.12314151977729008,0.03632449255714491,-0.04304875325151958,0.1551954437663801,-0.0015413083410045613,-0.10620007346441106
protein|NOB1,-0.0052464949393383154,-0.1638359208572141,-0.17958174728875362,-0.23381495491111434,-0.02594591446588922,0.0063554606297827835,-0.018490703533617363,-0.0003630600791802055,-0.00010219490847038342,-0.009085279361031885,-0.1669583494142775,0.01024943203696284,0.2613610340225197,0.003830407305007917,0.008726988781031914
protein|ANXA4,-0.003783507179880116,0.15461053042192766,-0.1296201341419508,0.2586248511116194,-0.004456782065785695,-0.07186500308943566,-0.012588917393619406,0.0014145992840167096,-0.00022841141572401894,-0.025207003257427512,0.20216219849124495,0.10770527583869138,0.05563408650714032,0.0016376549658789243,-0.0952804371921822
protein|ACAD9,-0.02095761581968307,-0.008227576190521299,-0.3606458156419417,-0.1834944103943271,0.013311397472074585,-0.0009521320645613138,-0.001970470330859314,0.0013503520034114428,0.0003652927696433612,-0.0411763839398664,0.12778967864775992,-0.02231557844624454,0.18805615661959596,0.0009621746399704341,-0.0028886072745786984
protein|SYNGR2,0.007142638075572062,-0.019283563944580882,-0.14637338268967745,0.04182557373155011,0.008223665974520008,-0.36078683482296575,-0.055956823858873954,-0.0010229927332539204,0.00018127544758416523,-0.037826480579614415,0.01802512911259172,-0.02079615595108772,0.20405405781226305,-0.00842356215868484,-0.06965022708067875
protein|ENPP4,-0.01092294903201141,-0.14991678861614627,0.0384373886979994,-0.06185803219604006,0.010053052019621724,0.15233627752616852,-0.08980818139255277,-0.0026701330326324517,-0.000183273101018931,0.1637753189943776,0.07949290019668843,0.02076515038243357,0.22335211887320722,0.008557890809940055,0.003629944535585572
protein|GNL2,0.03596672800090764,-0.2620727752320029,0.31564445212532743,0.014084436561125863,-0.005404493995075471,-0.09162144054332075,0.015236512965107047,-0.020310207683647396,-9.2268626495882e-05,-0.07236855719395462,-0.002517625165513296,0.008678960863029361,0.11993438411589627,0.013198504815628388,-0.0031913399822637075
protein|FAM3C,-0.007066354161402097,-0.055612260241470216,-0.03564784360221265,0.013243613900804817,0.005313701794207518,-0.01955833099990306,-0.037904254996568985,0.0022620699366603355,0.00022163652310938756,0.028821473671339276,0.17693324299788918,0.05396147219717588,0.06585637986606799,-0.011047427724479086,-0.00950754067468399
protein|SDHB,-0.0008190281520851356,-0.01478580276097021,-0.17997686805566257,0.045881973816196304,0.011471423580378046,0.09806196908367451,0.0991496221378075,-0.001879882876335237,5.8553170527801535e-05,-0.14653961932397447,0.46872156199719156,-0.0819084565695483,0.023966773946342078,-0.007322716810157809,0.048985681706096094
protein|ACYP1,0.005292479950695507,-0.2539316795596699,0.026403685189416444,-0.1665836054167157,0.008545919836298904,0.004917408041937312,0.0015770291890473706,-0.013832696254586217,-8.881577627548859e-05,0.12683545347975658,-0.04153618908868026,0.02656848824667418,0.039294541730113285,0.04158794578274297,0.021286885277868855
protein|GNA11,-0.0086818418093045,0.14321472312025063,-0.09288328953597962,0.06387496037650225,0.0039076988751790085,-0.04178437399147867,0.1523562553090898,0.0024460912192964227,-1.709787162966148e-05,-0.11304053345641987,0.09950710994319599,0.04391559919107741,0.12787387718617574,-0.023867096304410192,-0.011373974730081962
protein|NPM3,-0.01202416920870546,-0.0009965726818739662,0.06299908534789347,-0.20625125142473688,-0.011151583824906794,0.1544133359745472,0.045209866580476404,-0.0029408106438073172,0.0003906952780276974,0.15500467066873586,0.27762988734475913,0.0014805206338693196,0.13400876612041263,-0.019296858792602317,0.015794555190603892
protein|D6RF44,0.018351991999734335,-0.18685810052123206,0.10250744211903677,0.022976233260814313,0.0031261008344980745,-0.0702604970793502,0.01663017677910979,-0.0005806137628459968,-0.0002853460508627434,0.09612627371914846,0.0037339326473578593,0.0009583728610993652,0.4365602331156874,-0.015349300313682783,0.005464586525566531
protein|ENY2,-0.003034875990815312,-0.1019419828560358,0.10400472065905061,-0.08432305337193616,-0.01002546897833137,0.007968247971942802,0.009751281443881567,0.016374786053965695,-0.0002898080681975106,0.3340610419274516,0.13038878464661088,-0.01741247092045841,0.13137433878195964,0.019054243079783057,0.034698659893423904
protein|SEMA4A,-0.010464142620730041,0.02151653117063834,-0.05712137087876443,0.014754337021239848,0.0006162655010116764,-0.1254237326605132,-0.16413423534126478,0.05310370027828366,0.00016688662892789204,-0.0030257110601051344,-0.0712351259092373,0.01396453127404736,0.10684463940455605,0.021900169599549723,9.85709160789492e-05
protein|LAMB1,-0.0021469522256599796,0.4550380229224687,0.08682547934743638,-0.046639916759637655,0.020467351585322355,0.01991893356939202,-0.004474835693463543,-0.07517304872636354,0.00024169374287184663,-0.12709518363631003,-0.06498259160218951,0.007888792014001757,0.12129971250131395,-0.0065993583959587775,-0.11081882309327742
protein|COL4A1,-0.001194261314800354,0.31576242680851435,0.21656613171151057,0.023406380287621886,-0.0050173310974514765,0.00661461740484417,0.021260246958103555,-0.0006085779827487895,-0.00018503893619804929,-0.2173861135062807,0.0030806283601312948,0.06842470230961831,-0.005618403122106311,0.0020794241798979905,-0.004156752933039343
protein|HNRNPDL,0.00286993833136208,-0.28992620193092916,0.3050132574154199,-0.13006330016096285,-0.006274916133538256,0.04629836995100871,-0.008613604193063906,-0.0026685710170586876,5.6121236826662766e-05,0.007088471267089119,0.016937749984884364,-0.05038661586356913,-0.027029850289395623,-0.01476765131265557,-0.04588338176922553
protein|NDUFA6,6.746989890612879e-05,-0.20440586583191464,-0.318196422528837,0.013407286633842004,0.004787217275589588,0.07777622587965177,0.03968431332019397,0.0031866021439107568,0.0001846178259414297,-0.004059148292966707,0.03499177585763845,0.017817303615131116,0.1760354102060128,0.002507707927675669,-4.775725634868357e-05
protein|FAM136A,0.0043464347536997525,-0.02961774345926289,0.07226014866650322,-0.15945579744525357,-0.006204766755115474,0.04907570674553614,-0.004564452428377239,-0.0030203336028463796,0.0003838246248836379,-0.07754607559722149,0.15585113504848958,0.00011790848625144067,0.018006351277302213,0.01678541049954911,0.016883822495836694
protein|NDUFS8,-0.0062550375501782465,-0.20883083258031762,0.06809933552855964,0.08253928787392667,-0.007640341887213781,0.013330585490362756,0.006121385474554734,-4.376753456697345e-05,2.5452002447428907e-05,-0.03128595482312642,0.30466720618129306,-0.0045321217339954,0.06640769088019392,0.02672065710390181,0.06748798541614615
protein|ATP5C1,0.006474720012248063,0.11190897588353424,-0.4381669223694234,-0.1532879361748504,-0.009862859969995318,0.0002390413578659813,0.06845957135266256,-0.0010313440321445882,0.0006347900747269613,-0.07800109579067095,0.23923758153300562,-0.10108602245183526,0.047758116540892306,0.003998973966446193,0.05771332537255261
protein|CSNK1A1,-0.014072327206038989,0.03984566245553722,-0.2121835980040911,0.011043749249777218,0.010040945801733429,-0.12209584443824334,0.03596664254570856,0.007082506874550713,9.661052055146184e-05,-0.00831609101960788,-0.2787400869997053,-0.07518247967014996,0.22119685969122158,0.03340695755465983,0.002045321090038315
protein|ITGB1,-0.010869091057124388,0.29536086460267036,0.2833685593277639,0.004220630395968928,0.00995246092224677,0.1284098650101678,0.07013378034763489,-0.003917310457379339,0.00023923493265602157,-0.008669352542690762,0.07123352821007445,0.012667405649732363,-0.07389047713794984,0.012502378139281478,-0.06249068913115012
protein|CHORDC1,-0.006968822599870593,-0.019447505626566587,-0.3319027273531299,-0.11443343894626018,-0.02779470810182304,0.0016816237373613514,0.0024667301622091184,-0.046658830232305264,0.00017683035844401777,-0.04158304280307891,-0.06738306378530488,0.005826123489557001,-0.011650160629434232,0.021282176465102783,-0.06050304816898244
protein|TAPBP,0.022546903965276876,-0.11325834992933596,-0.1261617991298283,0.360764938990867,0.016545992872936333,0.12535313556981564,-0.1350888458102271,-0.0008773108726979265,2.0763253760698172e-05,-0.10385465792938758,-0.041965865155588714,-0.10810589654092546,0.11309686329337101,-0.005216865538668695,0.010754651977903089
protein|STK39,0.004253580539322832,-0.1405003141220391,0.08225775834689639,-0.02286690226301078,-0.01889683880207379,-0.17399039206092679,0.007285525408524319,0.003000741436382365,-0.0002076493136162562,-0.10034334361114292,-0.030755844346980744,-0.02345269459345488,-0.010363944455576837,-0.02234557075655162,-0.006172194621937676
protein|FCHO1,-0.014733608501172337,0.000560714796689026,0.2001291512956081,-0.008473512637121304,0.001341823996336233,-0.17232680543161322,-0.01435663205906092,0.00872411744505792,-1.8389103415136776e-06,-0.07996117553527331,0.0347478529751577,-0.0001324559236444764,0.019445261327611263,-0.002362334517985663,0.02597834126383552
protein|MYO1D,0.0016181273804333127,0.06895787118973633,-0.1916648131567295,-0.07003293902054526,-0.016934432302352278,-0.20117673195656702,0.01673761975860778,0.10780969936557756,7.690507870759866e-06,0.07342088553047679,0.023379593488405317,0.10517817713256514,0.05028909284930341,0.022257421449903093,-0.0014707933783432243
protein|UBAP2,-0.014708810573987817,-0.20940954282177626,0.12103495319020989,-0.2949562023789771,-0.002772276724549292,0.1538661912245291,-0.11603788101452195,-0.0004175105457804679,0.0003030300139689094,-0.09293273888057584,0.0022821031229390463,-0.020163220378076645,0.1066856567476703,-0.006211834710095714,-0.014777046677531587
protein|NANS,0.006782345888566496,-0.07441119545557909,-0.30334306972820224,0.07311591918267646,-0.007042361649170569,-0.03741680719589941,-0.03775110761596587,0.0002848018290684958,-5.057014623301361e-06,-0.07439619428628222,0.025823665602445024,0.038152388089900006,-0.12532846803846362,0.014602856044759742,-0.04096329449855351
protein|DSCR3,0.010668741433166226,0.02152005486030672,-0.2777400749629207,0.09758933057664461,0.028966255306842808,0.027515754700485673,-0.034089488562410813,0.003978264839888436,0.0001832266355899044,-0.012763255546792182,0.014299101329903497,-0.0249098263004395,0.0860628314999345,0.03383188325634396,-0.007629859937035431
protein|INTS8,-0.009290414223425617,-0.0015190728970801484,-0.2774336404237047,-0.07913780635010184,0.010778008484847966,0.014152801489012306,0.055636196138414265,-0.004850482603404822,0.000246082470047667,-0.030579775567884767,-0.08940195810387126,0.025842179162649203,0.3001122182261424,0.013798899056574858,-0.028406654508057242
protein|HSPG2,-0.005715241930201721,0.5202185319192542,0.26121025858557123,-0.05238645414910195,0.014974116833585313,-0.04298836433966084,0.005095307527929222,-0.045030431328236635,3.990048691600595e-05,-0.1320037985325603,-0.0029301013528684272,0.0027871674318121964,0.06531762050784484,-0.011745352388648454,-0.09906664978010597
protein|DDX20,0.0006736367349114744,-0.0544452773664293,-0.19051250675409698,-0.10463270386670012,-0.0035338286685012562,-0.01721752171682882,-0.023842494456851937,-0.0008554026641980705,0.000284075513872569,0.019392443814563048,0.0813082839261247,0.032151798146220684,0.2600214644632533,0.02566817900958535,-0.01229290873229641
protein|POLA1,-0.012291902527892827,-0.17031823996452763,0.018326666150544898,-0.2509454013227104,-0.004513977104427296,0.016923280765769183,-0.05160329824142415,-0.0033142954447227535,0.0001406349813194079,0.020663488153672596,0.30879520045795095,0.0656497766231421,0.002819531341784055,0.0014744708896403912,-0.01651652206535892
protein|SH3BGRL,-0.0024960855580777575,-0.36935434792856603,0.26299709567466745,0.19851015763550253,0.020696639305214704,-0.16087473843099986,0.002800689871306069,-0.00017164799680609617,-0.00030954750509634205,-0.006022730088943586,-0.0011818449063835034,-0.003562431437818796,-0.07176508370758944,-0.024049306046953333,-0.049374154232337195
protein|FEN1,0.014515794301614903,-0.31723571896029024,0.014554946459940567,-0.29443579274635406,-0.004968531318682575,-0.03348831456611596,-0.18082752130294727,0.005791428158830733,7.049058177385369e-05,-0.007649893669623402,-0.17182674226834815,-0.000145171919949065,0.0768660063452269,0.00799832121757278,-0.0008529229630284486
protein|ANP32A,-0.02686322327693428,-0.5873020424196644,0.0813632307984236,-0.11611331439258955,0.016314247538059545,0.031704146550365665,0.09280738077181071,-0.0038217820476500824,7.347559637097094e-05,0.07797664359399145,-0.004053799999505012,0.08842046356898878,-0.016939394958420038,0.007734619714329987,0.018236984297532666
protein|UTP6,0.007507603123161989,0.14631463647708384,-0.11567114679887082,-0.21450509582978583,0.006723712477324748,0.02863086288810877,0.04216920426631509,0.0031363071219098386,5.811324510419683e-05,-0.041701811855961314,-0.019739115142616084,-0.040186278345437074,0.30333770110416347,-0.007756916849355924,0.05437728782194917
protein|SMAP1,-0.01340354239602962,-0.015445967574323134,-0.07352078648846112,0.019146929477935535,-0.0028536037418569575,-0.01844087512389485,-0.031905492336461415,-0.0004951433461081755,0.00014201965130570708,0.04099231440780299,-0.0024497413482402397,0.020135577931436523,0.18990174875666585,0.04590076474821726,-0.008060783865347585
protein|RLTPR,-0.010883197852101767,-0.20613552630332466,0.3546405482562122,-0.04796391847375902,0.008638599299626373,-0.06088412235780018,0.0617373657552539,0.00039330179868766893,-0.00023055783538397404,-0.012885652923798984,-0.007277695266118591,-0.015949011701938295,0.06289942962222582,-0.022899102241200307,0.027654475088955365
protein|GGH,0.008073445748995585,-0.07324913374860789,-0.08301868181707969,-0.2022225178409159,0.012330244300768532,0.14256762403752163,0.0006175056820021565,0.008620759036244872,-0.00010170482443647349,0.13689016014234828,0.0817436376800963,0.08629765576161737,0.14637307299643154,0.006452531651469602,0.02594023733780045
protein|IGFALS,-0.002036920159460526,0.3173825889271235,0.0776916483153595,0.10486797358542205,0.001978119747229194,-0.03779072606076103,-0.09715251059014118,-0.0317587670438687,8.12564211143044e-05,0.20139612957441408,0.0815823529703746,0.02371563485154654,0.1054916178559738,0.04970155608297601,-0.010532576069659128
protein|LAMTOR3,-0.0052077176590324455,-0.0821917570952981,0.0070539873111985,0.17068439444533964,0.004903735236567113,0.05848199086345601,-0.1336824641219587,-0.00021081834695425123,2.8882469912331658e-05,0.0935978869003905,-0.0008172240648642707,0.06993980193924647,0.21125300571873964,-0.0020851310936775614,-0.022982335021195555
protein|CCDC58,-0.017175171548096092,-0.23969555889646102,-0.09816854848069503,-0.20555611496436502,-0.014420433034015861,0.10599824519061722,-0.08208724452350429,0.0033364611232829487,-0.00022351862555022056,0.004608706041189016,0.10306880462045867,0.007652646556643929,0.039611483027028195,0.017298200700302475,-0.007250808278743688
protein|PAICS,-0.0244054490497983,-0.1503001738682818,-0.2895084888183948,-0.42191082153475723,-0.020847283894071228,0.0629779108756589,-0.09576188939790319,-0.00563118845034812,-0.0005616998653221237,0.0013784373764364234,-0.07446849204277994,-0.0025390062959079964,0.09898255402433385,0.0014877656517197993,-0.0010453629322366537
protein|PTK2B,-0.020730550044770344,0.01767381783385928,-0.24784796109484958,0.1813768564942368,0.0017841061684291393,-0.3160105791924493,-0.0241653528832529,-0.00025082993058235417,0.0001436337010270786,-0.014810853640874696,-0.046746038765973746,-0.018886248579079393,0.11722452222910237,0.0028106149770969263,6.693592073055291e-05
protein|MMP14,-0.0009212268614790481,0.2634638184774865,0.0915001550964853,0.11376291637793412,0.031120527783353828,-0.008257367899820473,-0.16788806583679536,0.0011553069251866407,-0.00012606149223734172,-0.10439024415811644,-0.004068445160311259,0.1002174276807644,0.18669732016829937,-0.007454966648631845,-0.17556912419308823
protein|NPC1,-0.006298430895350467,0.0528549435073734,0.07061865716252938,0.030011591703781988,0.009941157052312334,0.050086185651342686,-0.027197363288042283,-0.00042118843703781736,4.102002671991309e-05,-0.12713160603685433,0.11967942272444639,-0.00251924153900097,0.06660834972158627,-0.008779136245973635,-0.14034151002169037
protein|PAIP1,0.010778052745883962,-0.08923968814034952,-0.25534604729502314,-0.09268172880506687,-0.007077497308738851,0.012183518344920161,0.006603310799471982,0.000443043433484378,-0.0002654961770876373,-0.15526546333343336,0.0014620018057698368,0.02211689933928528,0.31608654535602715,-0.0017710655558560704,-0.11373317861275277
protein|RPL23A,-0.010770134890173602,-0.4700700836360982,0.22962979725842256,-0.19720599479513004,-0.0018967537814359658,0.15714677016813822,-0.000634172726583231,-0.00023359070703646666,-0.0001513730995758259,-0.010274925013299643,-0.038263983807695495,0.0035642355896021035,-0.052854186401246527,-0.05214798826528824,-0.006185086290478645
protein|DOCK7,-0.046050523192355176,-0.3395169793486084,0.19361762184421394,-0.12244350074484028,-0.03186823503230567,0.16927777578880995,-0.00792646486438202,7.235609007857266e-06,-1.336496048869862e-05,-0.07530809368125983,0.0021485101708214214,0.01829527743177734,0.18455022749165667,0.005609480524836368,-0.05746934371920728
protein|PDIA4,-0.007383656382966301,0.006699172524953343,-0.10741780844075002,-0.05836063075741906,-0.007064269339587208,0.0910850439365616,-0.011075329017991069,-0.0025739808144963684,0.00027680838093372046,-0.1475840128967062,0.14743705712299984,0.055569936883909016,-0.10090934144804563,0.0054557046194735346,0.12750722746304124
protein|LTBP4,-0.011423184766701027,0.14837617201224687,0.33595632709383055,-0.015895561345676924,-0.00044776423454811256,0.031354039907780566,0.12425035593113065,-0.0049592273650716,-0.00012539160626740009,0.12733001764827145,0.13546006363554436,-0.03278781994375582,0.09409665387449985,-0.006899191773569775,-0.0012954180314717204
protein|SPATS2L,0.01829418523341813,0.018614428314973668,0.18042518869537613,0.06500201934312708,0.0005068564366926425,0.12697950052886786,0.03137891093499619,-0.03436199660200437,7.141804146660653e-05,-0.04463682767262438,0.057000843792425766,0.023163788688174855,0.06718106496939498,0.006757973510830825,-0.02219893088619119
protein|COL18A1,-0.007088607848842162,0.37399099526639157,0.23238442612359012,0.01641758779796758,-0.0023571628273251688,0.1642018340399156,0.014646427881162223,-0.023168138644853477,8.148959542355769e-05,-0.09603398285750821,0.007622649922770013,0.005191248842357575,0.11528783975791523,-0.017319475816868553,-0.0032928481073490924
protein|NUDT4,-0.007747407420874537,0.07783466251846637,-0.08425574910924416,-0.15810731364498223,-0.004734986047363311,8.41537902821099e-07,0.01366401644963024,-0.005744745425738208,-0.0003254426751645173,-0.02764099410341343,-0.020031227375757965,0.03587603000100875,0.04343603553134083,-0.03202794384964589,-0.05724370363772163
protein|ASMTL,-0.010906953058258374,-0.04424378349937958,-0.16091920731215545,-0.09177520586702743,0.005811595492350404,-0.011617813916852158,0.008738585464367338,0.0009993827844872855,-0.000504173691151809,-0.05260378912546324,-0.019099625180153533,-0.011082056197595202,0.09438420816558722,-0.02448490616986834,-0.10221000432445343
protein|MRPS28,0.004132130836001783,-0.22947902137270085,-0.2052051020610875,-0.17136270180627974,-0.016467356313784615,0.04815507176248555,-0.01024283873878927,0.0007939975144434124,4.799709863145296e-05,-0.0025668082284114966,0.19991454738146874,0.019501743800012728,0.21678662833497972,0.001076876636779545,-0.03255516659149909
protein|SMARCC1,-0.012974896662099195,-0.06164744448914738,0.2256954602198573,-0.17221073907791204,-0.008438777571546851,0.07356677702923113,-0.051233901340424284,-0.0016442845739443512,-0.00014368470346237883,0.054942523165331006,-0.013347215717132401,-0.003689719257752975,0.004756497019233118,0.018532750897612194,0.02132056470060302
protein|CC2D1B,-0.010565488757702069,-0.038844757051128845,0.03481865120012969,0.07336362781339782,-0.002644244243731652,0.02307394634513559,0.02286594821067125,-0.005211425032911791,4.438819106415898e-05,-0.00047309313317386224,-0.0186011547540335,0.0024196722423690605,0.2705595794637747,0.015625981094769727,-0.007974824629087836
protein|FKBP5,0.006280253726664792,-0.13840373570131573,-0.24807477991674418,-0.010346431419813779,0.0036337176142049905,0.04206723478831223,-0.014202750446078787,-0.03707725989894938,-0.00020730908864535058,-0.17539836808327566,-0.1067733438497377,-0.011129391876026356,-0.14334474390428764,0.020222847788963563,-0.0024111967065742397
protein|FAM49A,-0.02043551585177539,-0.06702377362411395,-0.1173834477786846,0.1360513743134425,-0.009531216929403105,-0.13664141526431903,-0.01043812656279642,-0.000911175077870688,-0.00011073434937070236,-0.014312703251185301,-0.0021740575929334294,0.008693634055215393,0.13522177025887896,-0.0265103023553652,-0.10957875398345142
protein|GTF2A1,-0.015242553152887537,-0.0014373072680086893,0.36852726870681973,-0.014418581207102977,0.0021356387603815833,-0.002029362661670475,0.012965820818626766,0.0029107253590258788,-0.00025837423160830737,0.0006204376921394954,-0.019979058257422428,-0.0073397465076941865,0.11828036827178438,0.0070769374682279305,0.0009746328862114226
protein|HSF1,-0.019245322139731014,0.0494280654175714,0.4310133801847003,-0.041046645966477766,-0.012660148894699354,-0.04572480570917451,-0.00698617526564561,-3.262746680224833e-05,-8.807165335670427e-05,-0.04055788502373264,0.03813315829115338,-0.008182074700345775,0.13515841443358395,0.007306565161508462,0.011905418570939406
protein|CCDC88A,0.006942252192448553,0.0868157060408645,-0.07192579454339681,-0.016923641316341807,-0.001758904463085234,-0.013298809110526884,-0.055403393240816834,0.010701323966415042,0.00010654551106498757,0.17300044232406306,0.0011300655317527466,-0.0036726596485876935,0.02853666383556405,-0.013992471180309688,0.04227504900535142
protein|CLIC2,0.008313044680075139,-0.014918126715414022,-0.1268369122071497,0.20349417025133879,-0.014456420453394379,0.006332761940102727,0.1474915774327256,-4.439067464519209e-05,-8.633546797087389e-06,0.023158734527028036,-0.0011407589703953435,-0.02182536077669866,0.14576474677286222,0.008732446908219392,-0.05208862470649132
protein|ERCC4,0.012334745757400347,0.22511581777411835,0.07484893510004377,-0.1252793327895657,0.008612382453680453,-0.009833182862752005,0.04948438325425881,0.0013750482091522017,-2.4061622769042707e-05,-0.10667248721353886,0.018220005040742997,0.004138261039709533,0.17602858867961693,0.05161485216749991,-0.015700575911552557
protein|STAB1,-0.002826214739303297,0.19043496361324597,0.15759751040424494,0.14422469183674735,-0.008283315765689511,0.10401158376485077,0.09023320017868648,0.0034800448010945044,-5.8661416198530256e-05,0.19650315292887538,0.06564519963759184,0.10099252113054276,0.09562242384936578,-0.015212481866133325,0.10459589610593775
protein|E9PQG4,0.010761127674480443,-0.014698564442659113,0.032471285019456335,0.17639305597659893,-0.012093468262034595,-0.16472729943762146,0.019501958004869775,0.010326820903241829,-0.00014041919557470554,-0.17716247864304585,0.09056296546630976,0.0441345553840478,0.40122284944919023,-0.005873198115970604,-0.10493310634189743
protein|REPS1,-0.0043636740951577555,0.07373639980308924,0.05062127730333508,0.017527613675760806,-0.005734261962761405,-0.1172651917628719,0.007749353680631753,0.0016284237821073302,-4.874979635719068e-05,0.2257295500273237,-0.06523009628066465,-0.051984147723284954,0.05623587566554343,-0.023372129036668212,0.015437684785762637
protein|MYLK,-0.012321886876351017,0.2575782163092639,-0.20665874686719912,0.14899167710364636,-0.001382788172918448,-0.0046950913951956715,0.20698884363496417,-0.011399711789247872,-0.0005272138994928413,-0.10438377737153229,0.02083657561984241,-0.03277871290125732,-0.001519189134845079,-0.016121813137790503,-0.12826779892765003
protein|TRABD,-0.004001898267415849,0.1289336889006133,-0.2484979426374464,-0.17634086695373782,-0.009964079692124192,-0.08485662170878885,-0.03140461235212224,-0.005771950832509851,-0.00016450903842822704,-0.08990900750469347,0.15195616371661544,-0.01940584639767606,0.12794751498517165,0.0065885263492739465,-0.05938800604386284
protein|LTV1,0.0021295398541228377,-0.013904668966567946,0.20594671583667548,-0.2185494751707537,0.009198311535203705,0.04893891738244048,0.00700952637432631,0.0004624683962658058,-5.001890471646617e-05,-0.1058027324123662,0.0238783948018731,-0.01684641172301785,0.06286353774565229,-0.01355050570580581,0.007839268820730655
protein|CDK9,-0.015831300387090068,-0.07978782404876274,0.23072900186308887,-0.16017118880042044,-0.008687407120032093,0.02212178915608848,0.013520312789226982,-0.0017121946931632776,0.00016851619657691602,-0.0277864696178892,0.06479828084979836,0.00044599693640206477,0.037071776005815446,0.009127235648676903,0.004868370682999983
protein|PAPSS1,0.003668866971814842,-0.11733708273311969,-0.2438537610873264,-0.10386817447446395,0.01228021335802506,-0.05962968650507297,0.01824800105285135,0.0008375808381486681,0.00011218012090046457,-0.07628816607767665,-0.011216256106444117,0.006112069387606427,-0.0201819311330811,-0.014531572054143353,-0.009620124803608703
protein|SH2B2,-0.01914687234926866,0.0003147388418826511,0.22366675101154135,0.018095925691822383,-0.0001601347668862959,-0.07205995561171703,-0.020066829099308573,0.0006369772480950197,4.061556069915158e-05,-0.06646024519289727,0.014707499834431108,0.04097157493869574,0.22760525792211841,0.012919402063473945,0.07654466765689909
protein|GCLC,0.007212393666112355,0.00918837482010884,-0.2022514813419861,0.16321986454029996,-0.00775031643583457,0.17332379660545277,0.06841053725025854,-0.008381884557982338,-3.833990281480613e-05,0.1401092144059759,0.014445011536686472,-0.005466323045436117,0.10060790531374973,0.024534797965315665,0.10603246223733576
protein|TRIP13,-0.01504382502158965,-0.06620302351525323,-0.04865622773728405,-0.28917475547652954,-0.011879244341182411,-0.019164610935124598,-0.021080336597140682,-0.0060859988019299075,0.0003838426192054637,0.041716649481742425,-0.0032638979407820803,0.008561026400372474,0.20796029070458294,0.025675680917342247,0.06602410270760298
protein|FGD3,-0.0019732061193851545,-0.12892561378067566,-0.023164364777389555,0.06779336608527108,0.0034983218373039505,-0.012421365251675717,-0.027332531406074553,0.0004836575117628308,0.0004108262709629884,0.21642171903039778,-0.02350884436955086,0.001902593135076366,0.21361241713087054,0.011573496940685346,-0.03203318537220009
protein|NADK2,-0.00029991819650843906,0.11775738102752537,-0.14149157919288433,0.004276970770450666,-0.0017718950583479717,-0.00599594531656409,0.020920044900858092,-0.0003076665053821817,0.00012590675256819468,0.16206776759151145,0.3752969653208537,-0.039490234888139485,0.15291680988693,0.0009718443031355438,0.07529968483015126
protein|NDNL2,0.020121530824378505,0.09871568699401459,0.2146251307897369,-0.047738773921284394,-0.01618449562699784,-0.11210547193574848,0.003120684980798166,0.024119565969305177,-0.00017847453817826668,-0.09950368396828072,-0.0150399255783589,-0.03543959827853089,0.15437000847896878,0.001925852304422642,0.06597653119594443
protein|ATL3,-9.176456537127823e-05,0.03273404868592838,-0.3750278234533646,0.011657351316809124,0.0093350977252641,0.04888517587116018,0.10930563066813406,-0.000303194665374629,0.0006593623548908058,-0.0583207549566439,0.021867712952720202,0.023777915361890424,0.05718203365385407,0.04799412903544407,0.019556456901789268
protein|ITPR1,-0.014179234938962575,0.030354977845733194,-0.2557490479555771,0.21775293302957055,0.012083889808815099,-0.14898777075974076,-0.10328183824766925,0.00027293348430283123,-0.00011036248604445155,-0.02369122716937173,-0.026427238871260073,-0.007318993805641771,0.20419986268981133,0.008723348807262863,-0.11671097519137805
protein|GTF2E2,0.006533517366896763,-0.1663519883801711,0.138231079039642,-0.22065280892757166,0.008388917921667485,0.005850674124340902,-0.020945432178543406,-0.0008079889342969689,-0.00017837459303350666,-0.10867047050501796,-0.06437452701221598,-0.02812199207969679,0.079646257089415,-0.013090690570641066,0.016996013878771577
protein|ANKRD13A,-0.005673267850870484,-0.09685141183992828,-0.2508477314519128,0.10020713748353721,-0.010650741564517792,-0.31968061887791355,-0.01536443162335224,0.00010728010745203517,4.1810464771540896e-05,0.00853512867882826,-0.006413258130325263,-0.03381076433787357,0.05235855810828381,-0.0015992573936780307,0.005553759351818216
protein|AGTRAP,0.000136108490058769,0.1279173572270154,-0.06573969375930186,0.13424022662981314,0.008167840589460549,0.15126696932089667,-0.06470862119099781,-2.460846557219835e-05,-3.963788527182743e-05,-0.01155743211085866,-0.006035410594675001,0.02221923176405257,0.17720347684878335,-0.021038958683913977,-0.028722043585886058
protein|PTPRE,0.015062853444414324,0.06665794246814997,-0.19337935334482978,0.22474258267428376,-0.0077458799998270395,0.12850416823173386,-0.03364035428441091,0.0005550219823181881,0.0001854772457648813,-0.020170983978494997,-0.07253345749384943,-0.022134356328717134,0.19799518819665288,0.005674448316074367,-0.009644681908393547
protein|ATP5J2-PTCD1,0.0012904400959080954,0.00010246591151556983,-0.41306933976760585,-0.002969372332447037,-0.01919840932308841,-0.016776292131316567,0.01645742927350485,-0.008366585019769114,6.925265687428967e-05,0.007140139528530755,0.2616342270294952,0.006978418730831053,0.24507972395187463,0.023028072481605214,0.0013466575421188563
protein|PLCG2,-0.006490655369768286,-0.1728447490251085,-0.23139589806555813,-0.24551262737581023,-0.006887030498683972,-0.20417948577201628,-0.024252220699335806,-0.0004323354711312856,-0.00017000089321181762,-0.02455777182729491,-0.0675176667800869,-0.004858789256416884,0.1556307551407119,0.007569737642323444,-0.059310404009993566
protein|RRBP1,0.004328513142729561,0.2594041511580058,0.020148715151415152,0.0032809401299160644,-0.0023212992875838384,0.17629180801917277,0.09950866744047218,-0.0009906564357195391,0.00019339292079564315,-0.30469761208025065,0.12482632440101295,0.11582738309954206,-0.010932023116677993,-0.0036025693410909492,-0.046051421319277544
protein|CTSC,0.01855411302058635,0.08214469676312555,-0.00331717507933949,0.2896189959009008,-0.002057530625151466,0.11058444780342992,0.024843283278590807,-0.00410741105951517,-5.505849965041907e-05,-0.032580193560605084,-0.15370349554148366,-0.032973100230746365,0.057220740520988175,0.011958887239997237,0.01998557352485305
protein|CARS2,0.010763160415502298,0.030620050246417473,-0.16099420584145702,-0.07966748987045043,0.001340641211448827,0.004392417929271882,-0.03604577180626326,-0.005642245744207637,-0.0002515208374480069,-0.07788108798236587,0.2423717318500494,-0.009673911382298709,0.13548688213461607,0.017491203687535404,-0.008447858680828469
protein|ROCK2,-0.0021302035237712987,0.08588972957876088,-0.037994694957514,-0.008448009128940212,-0.013022060557369704,-0.164013145002762,0.007359961556044881,-0.0024620650532452804,0.00042134086846154376,-0.12924358092397228,0.009651415202983077,4.7082765165443295e-05,-0.025062602820182096,0.016485470939043463,0.022108484209405373
protein|RASA2,-0.011426451178151588,0.2444826273892972,0.2563267655545158,0.07770678319187897,-0.012097402005085469,-0.051073471445536006,0.04242595763555321,0.002380949559127719,-0.0003141346702887083,-0.03033326352656597,-0.08179104047571167,0.033186211858388166,0.1643119291881512,0.0005227638926228474,0.003116595031367192
protein|HSD17B8,-0.0077944404204294895,0.0002640667793482275,0.005368459120516817,-0.014621314281108026,0.00432382086843849,-0.016761572339874607,0.09714018058448796,-0.0010222265267462994,-0.00036073105832590946,0.017100739475325245,0.35070649105620827,-0.0327912956623746,0.18262138220312538,0.013380424121467402,0.08120672282646686
protein|C15ORF40,0.005357086712868993,-0.34001495121440956,0.30516975364259424,0.024726463189881354,-0.000461348484424773,-0.023310754904699898,0.008341513494790183,-0.002684998916755495,6.22930528131476e-06,0.09246102337574579,0.10514665368404047,-0.016314243044105933,-0.04003619609694235,0.0122335411492842,-0.03372361787106645
protein|APOBEC3G,0.0016596338794166794,-0.019855940805400145,-0.11204004100593064,0.2466103237728853,0.015563116517038428,0.08532907304219216,0.00656970146362237,0.02225585984506201,8.354215738739871e-05,-0.17393048445951514,-0.13756121710820843,-0.056990800566717945,0.10295516131476244,0.0167247443325315,0.03298774365364085
protein|BIN1,0.010865463575368977,-0.018682376103271496,0.09297817924791911,0.209335334539532,-0.00551021279553155,-0.15140484323913134,0.1947988292740804,0.054127582880737796,-0.00010686847631362532,-0.007248210851697795,-0.00460128741056079,-0.07146714659733974,0.049600420721001376,0.028832827212958472,0.009041998941773542
protein|GPX1,-0.003926670863646157,-0.04502562649924893,0.17446040451558578,0.34465248440192686,0.012747726989707676,0.18291500256584986,-0.1164857604527213,-0.0007374646872609473,6.029408436869345e-05,-0.0786984969570021,0.0838322458759346,0.07451293653057857,-0.051444834000423136,-0.006783916604082451,-0.15583571408784833
protein|TNKS1BP1,0.004239156628796794,0.09563262949099938,0.2899686334616867,0.04202520663318955,-0.02530013709045002,-0.09505047087393122,0.007302947055001521,0.1044614579429237,-0.00011904871184991268,-0.10978188181154297,0.17558425404240627,0.045067572717569754,-0.031588269003650624,0.001872813495794242,-0.07490599535637706
protein|PGD,-0.0005713502607372858,-0.008761184861723417,-0.36156100217285425,0.21913084875305305,0.00979522509871574,0.2536253197625938,-0.12829147280397232,0.0008243174674465456,0.00033459166182481925,0.008058994520098377,-0.012481413267236778,0.006888241616976529,-0.013440228677898174,-0.0037230196627144117,-0.14614710333727313
protein|UBE2L6,-0.01704986022184877,-0.18374263260560694,0.03077853152634032,0.13936431140789055,0.022986405769443097,0.18553494887402003,-0.005968598671072623,-0.0018045079106764723,-1.3861217574181187e-05,0.1295165625459205,-0.12315964458599467,-0.012214127539650673,0.03042848784062036,-0.06749281814225512,0.06205537065377217
protein|CCDC12,-0.010364539489919928,-0.32828837781195747,0.2146279890049974,-0.12768325949781734,0.011268348839248609,-0.007309287450000452,0.08612878750321669,0.012507327442763762,-0.00010446422221051531,-0.21523444364607242,-0.03236897032996272,0.05653611240882076,0.05396825223075834,-0.006483110013028723,-0.010013546827489657
protein|SEC62,0.015296544272615974,0.014804871643264406,-0.20124661097848853,-0.0759767253407274,0.005771336869177845,-0.020722816038897852,0.028834932815601226,-0.00017203856539891766,3.957624692822147e-05,-0.18896888901332448,-0.009064869779817039,0.03267934562913801,0.04361734830277476,0.0030855229029733227,0.1235544008189968
protein|WDR70,-0.006886078383983618,0.006055289233578965,-0.05418938859913132,-0.06705522296548933,-0.0012971461539656175,-0.08453092557366713,0.012940839785737273,0.0011522716108713065,2.3775786214226567e-05,-0.15703120439253174,-0.19550669484123762,-0.021570618590235034,0.15999631124392819,0.02223112970172027,0.028176906758717455
protein|GMEB1,-0.021036246937442674,-0.001672155645453073,0.17412038879685962,0.07018252937327035,-0.00826539354542708,-0.08039109386100521,0.0013060754719957288,-0.0004541475077764279,0.00010141097260249537,-0.001502790584865168,-0.07503154800816708,0.022400338764566898,0.12422991259688648,0.019609475884793122,0.051831474697992715
protein|SEC24B,-0.029887286105019974,0.1604480117913068,0.20839406364043683,0.016122556168351572,-0.011604396628949076,-0.10397659300066087,0.008313548651298484,-0.0029071334383668243,0.0003018453520561286,0.06976605825914095,-0.00858530040559698,-0.0006003627069464339,0.29790837157057887,0.020351697967706837,0.02138747286746151
protein|PARL,0.0006099836576486569,0.13251345552990573,-0.049574687328340264,0.06787219698023908,-0.0035930865921760466,0.08695462470621446,0.020393859557850284,-0.0005510305412282998,-8.530964649209371e-05,0.07669630594895756,0.16599407292862273,0.009574311969608786,0.18244687554031877,0.008203867505845695,-0.03885601613675909
protein|HCK,-0.0021011657218318732,0.042346173525116736,-0.05936712388014427,-0.013120222016447606,-0.003363825318949493,0.20074427148852025,0.0005148113948338674,0.0008089432402979046,-3.2082452041745706e-05,-0.05543586385786785,-0.0016053356364891086,0.022176333695115878,0.06921235483078038,-0.011744350490080253,-0.15359972167534244
protein|MAP4K2,-0.013731377609111153,-0.007653903104110515,-0.04644730471868866,0.01033194372789472,-0.020432294085179947,-0.22276477802795,-0.012998286858836526,0.001888381415119824,3.6264693291736076e-05,-0.023410062730623918,0.02897425082848976,-0.01590101372967716,0.14223317921671394,0.013623071264041874,0.0104610366577666
protein|STAT3,0.006763097858065382,-0.006511623864402019,-0.2908881114030409,-0.036856499694592,-0.03463378082138528,0.2456832709734757,0.006560817579871518,0.0015852428965791262,-0.00019882170739646783,-0.08700131336601954,-0.10400348324983469,0.0033138972292991284,-0.040806579522512376,0.01592553684483066,-0.14883177202470319
protein|SLC25A20,-0.002490564037473897,0.002757602947333947,-0.2650270739024081,0.06209100294635667,0.006179804864301842,0.0014291898411725778,0.06744929751140784,-0.006210117283543994,0.00012843160993355614,-0.05357499649350608,0.3866139085554709,-0.023982992752487116,0.09528700193893418,0.02076038142477822,0.022620501960597037
protein|CHMP7,-0.002599367095011927,-0.23998157328485334,-0.20893370828281152,-0.09729555260688101,0.013286771959413649,-0.012446915540720976,0.12473927384905817,0.0007106664505106422,-0.00011130418091772419,-0.07136296726012945,0.1496167619679688,0.0018537731895695154,0.08472426736589526,0.014937799065700802,-0.007862135499109796
protein|WDR4,-0.011453978031489979,-0.19517821475920058,-0.06112044615550153,-0.22582173208491607,-0.004147804507211922,0.0059436958349624106,-0.050371360363255256,0.0016052201511505848,0.0001469394858058893,0.13100165394090243,0.0069489842049637205,0.0024552897169825083,0.06190014382574552,0.00810354692652289,0.0034508920111097252
protein|TBC1D17,-0.006215640576570511,0.030184300792351824,6.98532428289043e-05,0.09749058022921979,0.0029062264121982287,-0.048457367438443734,0.18169281079901234,-0.0013551316511616436,0.0005951414259674798,0.0393672395931274,0.00609460017618776,0.009495343521018629,0.19416725311833066,0.031066836694424713,0.017473904038393728
protein|TBC1D1,0.0003439286138995081,-0.1683130322419624,-0.3218768945295869,0.1524928598702914,-0.00013650994959431973,-0.1811762879679598,-9.555182642143863e-05,0.0019399319097870048,-4.825301316772326e-06,0.0066818941385817935,0.00047067971290654207,-0.0024133929307854564,0.13702679757619168,0.020888943705428813,0.05933738146665096
protein|ACADSB,0.004037614455343197,-0.016362431482679157,-0.09030752205279931,-0.04544848497221059,0.0020976909752727954,0.012861033068235233,0.07867707442189903,-0.0007627983053806549,0.00010010471699986934,-0.07152050534409161,0.5022108504191932,-0.0016787829130352721,0.07987072137563198,-0.013612621776953654,0.0031877765836239302
protein|CCDC55,-0.00445597844268529,0.028479497102674913,0.3633095545627648,-0.29166097404644065,0.005983030644835198,-0.008519130169833578,-0.006053244905760506,0.0007645177332125,-0.0002075831683858392,-0.05447825203006287,-0.15621736717280482,-0.09990159312849926,0.18421322472204626,-0.018481884474135055,-0.009795601513902862
protein|PSMD10,-0.003664233689506711,-0.12741421340315082,-0.2546452033357024,-0.04691881789993939,0.0003052268312843261,-0.034718814654878,0.00033783909070449707,-0.0009227217872513021,-0.00023709910253075746,-0.08843090360152062,-0.08108973884778962,0.036924765500349226,-0.02245188516211534,0.008088122148679057,0.005003034363915213
protein|WDR91,0.011600739707026997,0.21274974824104112,-0.11659071644299686,0.05580580863624098,0.020762847830829014,-0.19456223185787697,0.07445011567307029,0.0025697963377033007,6.87584821093744e-05,-0.16133191379561462,-0.013696600409983333,-0.043038449896060975,0.07305006838876987,-0.0073418170537902505,0.0023854871433187565
protein|M0R2S1,-0.004626825531109552,-0.1033949036458516,0.3133205854302668,-0.10051361362792244,-0.007958923050462781,-0.004050345958351827,0.025181329064082315,0.04675939649360447,-0.00039867874484788505,-0.01663711301322081,0.14588296577211066,-0.08083403323405988,-0.08539297305828178,0.006373170554313246,-0.0004673765779896663
protein|ITGA6,0.003862537570590041,0.12250134547537281,0.09285235414340708,0.017236805333509277,-0.011340182744978708,-0.014320392904280426,0.01520247424091534,0.0778355668934227,-0.00012191534218551956,0.11428387663008552,0.15845765884839974,0.0003090276940320766,0.11146757709772288,0.02558770032258135,-0.024257696483712007
protein|HEATR1,-0.009593003535421425,0.02644612979462082,-0.2818478134350611,-0.2931797636303283,0.009441918392964961,0.02042318483506531,-0.004286918066059069,0.001184899897742808,6.503742123201037e-05,0.017248766834123047,0.012579030061179605,0.004841794042268738,0.2834135576786676,-0.004412923985890173,-0.005805383887467834
protein|METAP1,-0.010068557440656663,-0.2984174177699353,-0.2020029639421761,-0.20768923415367815,-0.000732331956078774,-0.00818583468675745,0.00015524695068985358,0.0017203653494201085,-0.00012087988394922819,0.001039105148695436,0.0017790706443289565,0.03697328220802489,0.16123814959630273,-0.013668740291077654,-0.019129231650339185
protein|EBF1,0.0018751588736891844,-0.033093445945137835,0.035291801514962085,-0.09444243824195293,-0.013774116244696972,-0.24561926655793798,-0.04465224648317179,-0.0002263331672458574,-0.0003494589587950156,0.004599286810436941,-0.048527830250779745,0.0003893138604717631,0.24457057086023226,0.01581570195934301,-0.012395745524680486
protein|ACOT2,-0.0009858904658190976,-0.08793795587558392,-0.10728481598685542,0.02352333153898092,-0.01667508381799584,0.010861836719997702,-0.009339652855871114,0.030624788313141027,-0.00019431679447300904,0.055731969572539286,0.4495977770898375,-0.00378314089732005,0.182964589039677,-0.004296087644822372,0.022927584294011677
protein|IDH3B,-0.003982865514457471,0.033162087960417086,-0.019009153418185074,-0.03630227350805057,-0.006708111586623248,-0.0039061431647302073,0.045055997627377026,-0.003130785620993284,0.0005586090240297113,-0.16461860581498858,0.0038930620424800578,0.016784489291223795,0.23365986285805032,0.028656439724721428,-0.04407847714011759
protein|BTK,-0.008984942576515092,-0.20346374331365805,-0.3235347599260214,-0.1812459196775441,0.009334664668885714,-0.02471481851860974,-0.013956851381141997,4.5025736479973405e-05,4.1871356350782906e-05,-0.03224121727578747,-0.01565653333733965,-0.020407121984336786,0.1035100780255941,0.0251214426084504,0.031342071672105794
protein|PLS3,-0.017557628957851307,0.2768001492413473,-0.1839163316996085,0.1339216554497552,-0.002630258800819152,-0.12867265558663385,0.09132235593273605,0.0010060428368094797,-0.00011583253821218081,-0.018894742887402567,0.0327038808785466,0.12102111312916164,-0.13247037793660618,-0.017634636609240976,-0.051730654255029755
protein|VTA1,0.0001760405767199518,-0.22270186925877794,0.12719306593175547,0.10052286656293738,-0.020463949412378127,-0.024558499252545243,-0.06008300056001336,-0.004094066737438742,-3.950388615737259e-05,0.009129952599657754,0.11262068106009501,-0.0032661662165195835,0.02644455550249418,0.010924246994920481,-0.003976458098402122
protein|DNAJC10,-0.030795857780295956,0.1061879624239305,-0.1636871399965621,-0.00899208020775693,0.021674301965543798,-0.2789793426598056,-0.0561693207119467,-0.005968324866359697,0.0002202712136626711,-0.10285403806023312,0.003830182178450527,0.05899385623740416,0.2597672161851903,0.009909055214336724,0.06120940280819257
protein|INTS10,-0.004542300564040872,0.01045263654222453,-0.1885865358290298,-0.008579305676446469,-0.005332128023455512,0.027895661920062754,0.016579985891535347,0.000564459570229683,-0.00015296142139228824,0.03873021736993479,-0.0015911890464071065,0.07502143981323779,0.18662724308452588,0.023075823014914544,0.013837982198958279
protein|HMBS,-0.0022687733941508413,-0.1815017833900017,-0.18557786449731425,-0.15234132283915422,-0.0036564028624735175,0.1540750377976737,-0.00164580319400863,0.0006425460789175165,-0.0008029509064026352,0.16372389640397303,-0.10234158137743476,-0.01052681273642063,0.038324292248726154,-0.01119177346620829,-0.017275303665722927
protein|GSPT2,-0.013527899465735394,-0.2612519495937681,-0.2171226726538728,-0.09597286155204195,-0.01622034484990299,-0.01861459471516344,-0.017366279913025515,-0.0024828481525699347,-0.00035188611556966683,-0.012608541648363617,0.024557178132900443,0.04128508344751847,0.0122608386354849,-0.006433016716643983,-0.10455756772334418
protein|PXK,0.0016997370420312966,-0.19808458608551888,-0.04649267389604749,-0.02344606597317189,-0.007479687152310946,-0.14409955632472202,-0.008840017931592876,-0.0010149140631853172,0.00026470361620154967,0.027754352649938693,-0.040154839500620744,-0.0015341242842187854,0.18227048980146612,0.004029757620247375,0.0039588803572057065
protein|TM9SF2,0.0013614340482819174,0.10435836145352353,-0.3557487899237581,-0.08105982747531978,0.013915905718508028,0.010939757623120336,0.10141259128080787,-0.00030999361226272305,-3.144684004504054e-05,0.008759504766508696,0.048086570466035504,0.0021522808869096116,0.1410676485923037,0.005602564493593131,-0.05288885972674389
protein|TBC1D2B,-0.021701876453148233,0.05038787796144778,-0.1060247151394558,0.11413426932698867,-0.0013381380324744528,0.04719214054312954,0.0048650812251956645,-0.001448141163814765,-5.645424103838172e-05,-0.03275381995092285,0.00519770043666522,0.03300088261281131,0.06990569408566481,-0.04236439071089284,-0.04925642574713421
protein|SEC24D,-0.00297578369006225,0.17597755585046945,-0.13370388249915957,-0.11056302607512251,-0.005810574572661422,0.17329201714433615,-0.016202935389252018,0.003526187666306507,-9.081422443535892e-06,-0.15722747176125737,0.01459074304870909,0.01967008204832771,0.04632702090451104,-0.01421191012994345,-0.003810411922893187
protein|EOGT,0.0036597869626192113,0.0654216613970003,-0.1693563207250151,0.12468340532846821,0.00340272404196531,0.0024547369741701403,0.000587322917442674,0.0004721389059255801,-8.639413363365275e-05,0.01585401977828275,-0.005715887757960165,0.0242881125904106,0.2877359852546173,0.012179183356337185,-0.026298521993438934
protein|RPN2,0.013190415955219852,0.15287052117682345,-0.45778775879587974,-0.04356702510033754,0.003931233668656379,0.07188742233796552,0.09205454485934013,-0.0002573237040446034,0.00036871977249467494,-0.09529020223605794,0.050700640267220674,0.09575765445203786,0.17217199054131843,0.034734805816208164,0.08717629213440574
protein|SFN,-0.005110834296543457,-0.30737132407811746,-0.3160775420207742,0.09244196103232331,-0.011221630496497305,-0.056977205939628656,0.011349150540602005,0.17164797072603977,-0.0006154553151434113,-0.029746670387898442,-0.0023442436985273898,0.012641591146343806,-0.0791975218618172,-0.00639748873979469,-0.05369265900431605
protein|HINT1,-0.01256108623095569,-0.392527600905724,0.10567782388521742,-0.07071514239503399,0.005679325360697174,0.05746592224083139,-0.004171602826072678,0.004689207277381361,-0.00012291741741500493,0.10371574000724477,0.1198761220888339,0.011600328018398574,-0.15512757970408805,0.036147696700153,0.010798763447727334
protein|MAGED2,-0.005086133308518402,-0.14774499817783782,0.12601003609312472,-0.08246781544895565,0.016256955472684728,-0.11986021448066414,-0.0566760139866597,-0.000973868613797769,-0.00019856232617859198,-0.047229295363546524,0.00859085736063415,-0.0002543206281789812,-0.03855373838891532,0.07229087193920467,-0.01522588727251552
protein|RBM47,0.0043260151212155245,0.023326372325737893,-0.16201063306747496,0.25721109845534396,-0.010601050753827416,0.12280244177694437,-0.10735908934719898,-0.001133695063361468,0.00029870692705806376,0.04105376057114044,0.078295610341713,0.010164843768084238,0.2244187693659079,-0.032731901649863906,-0.09225486816375686
protein|DHX29,-0.008794629554070605,-0.06915904515747925,-0.16586254756287744,-0.06421250605407496,0.0036228929104540914,-0.0005143625947438813,-0.010464423544737391,-0.00033321567009234407,9.035215740122785e-05,-0.002399059821632173,0.013949457981442483,0.007179736588350745,0.3549019275290995,0.018018163760971404,-0.03259411733624883
protein|CASP4,-0.006890913681990969,-0.003087387681870105,-0.18542917096170894,0.24257785886158875,-0.008951832116983156,0.21633821665970057,0.0030662153559990646,0.010552376865880854,-0.0004386016908470592,-0.031350213218113175,-0.10418416062693857,-0.0025102591292231933,0.13021122614292535,0.010684698578010125,0.0023917315374219865
protein|PREX1,-0.020861210176351952,0.058576412839367195,-0.11909977510468718,0.18366085359256,0.00014230427638713342,0.18699098603045353,0.046153376386758226,-0.0002659835645490318,0.000510952125440832,-0.02079545627540491,-0.0016732591265415206,-0.020439555878745328,0.11481589329948359,-0.07955454948061597,-0.13574849739631395
protein|ARL1,-0.002004148630668886,0.013941067015854984,-0.38900767792732593,0.01683341281991652,0.011210865743069537,0.014541371457707682,-0.013124778348931334,-0.0012722775641585153,0.00042161375408044933,0.06873890695450126,0.012323331957040983,0.0038368147690242063,0.17539523690247982,-0.0061891954785064105,-0.020752392280536627
protein|B8ZZA8,-0.004911430011388158,-0.003572384322048687,0.27784536344135186,-0.11995629963141494,0.010234519748911933,0.054777968864038906,-0.10591627302872526,0.001459101225934512,-0.00021074493589227783,-0.09659641619015161,0.07849248655951381,-0.06618237109385296,0.07231668357498279,0.014653505401721304,-0.034764677561618176
protein|TOP1,0.0027771277140267994,-0.2781331958386608,-0.04357773859863783,-0.3788125051246685,0.012691240204218001,0.11432836516904447,-0.004648021316454262,-0.030339190510783882,7.009201183282352e-05,0.012175985075435634,-0.2382550872182059,0.06247455313099836,0.15087182682188804,0.015496490198133322,-0.0637264325570215
protein|PSD4,0.01054068755359885,-0.07746821711299703,0.035344948704012794,0.1331783050505486,0.005145239202314367,0.10023770533956977,-0.00046575271436315223,-0.001342660406692579,-0.0002853321496665936,0.15116090027676574,-0.007640923420085253,-0.05216467812719323,0.04712459188977994,-0.0037636745615635377,0.10110050717581562
protein|TAF6,0.012027775493904143,-0.19336556834708568,0.091374290143979,0.07257743973630172,0.00130389634313492,0.0027639826051401007,0.0662606288403437,0.0007339520162239306,0.00013529028622976544,0.1751641854027387,-0.09091172747736555,0.12856522888497535,0.300453404261607,-0.004331154999328408,-0.0015227955139183124
protein|MOB1A,-0.015953510676448183,-0.3381389771269648,-0.3008699099077877,-0.06613850543872224,0.007262867342594932,-0.06721380600340432,0.05875308430890014,-0.0007574977127118816,-2.1592390585135767e-05,0.017050943104249615,-0.14213757705039426,0.007770874307037913,0.0942807248585647,-0.03382909107195835,-0.13413044784192757
protein|EIF4EBP1,0.007881046424306162,0.02403522048720135,0.2830605811819492,-0.01279497519322046,-0.0076382634639812486,0.07580153200313691,-0.01581328040791497,0.002792056506754005,-8.658189644592322e-05,0.04795176492301485,0.1139253951593285,0.009242107498295078,0.023006819593207245,0.0026945162383713328,0.0011863450348841907
protein|CLPTM1L,0.007510989962339384,0.013330237402699202,-0.3099404244896794,-0.10676098000662917,0.008339709085600394,-0.09368001178296602,0.022896452046074517,0.008646148677771108,0.00023814434878043327,-0.10269774159585028,0.056496232889880246,0.013598185066147635,-0.10652930759058854,0.05778912879374537,0.0018010088798074632
protein|RRP9,-0.009034275591230033,0.17464330219734345,0.14665351395824686,-0.36229541919143887,0.009174433758698553,0.09160350790520874,-0.034822014395617724,-0.026653066611673784,-0.00010466428584814494,-0.08980779432331398,-0.02708061774501417,-0.061685506114779104,0.2593817215011266,-0.0048760946303194885,0.008128270497383155
protein|TMEM256,0.014097126150323257,-0.1454154113393931,0.253402614758069,-0.022468359106394987,-0.0020484113330785287,-0.0022052758566937065,0.03833318061863987,-0.050721315315474476,4.851888520535816e-06,-0.058072886424074814,-0.12338775030648436,0.0005551359518725383,0.11534160956686453,-0.040022339900852466,0.022820558904645596
protein|SERPINB6,0.00623637030393345,0.0034707410615544966,-0.26740784689771363,0.2160691310153316,-0.004842706082139742,0.08000705079758157,0.06109998528425568,0.014277381554940585,-0.000902906420709961,-0.025359334067141113,-0.006171214256635123,0.0058411892362459925,-0.007582166113246148,0.0326204352020571,-0.1705150480561436
protein|HCCS,-0.0175214017933562,-0.024337042807111808,0.145061505192345,-0.11436579228288575,0.00011711936744356965,0.00014252451060597928,-0.06986735364476912,0.0022042775064753943,-0.00026198484396335525,-0.1890992086679974,0.20400369127610518,-0.02477944778604764,0.08457888974953799,0.04610184971536095,-0.020866268587844638
protein|IL18,0.004133421157530285,-0.10521013169803918,-0.15420120399552037,0.17401483034826165,0.013085603697244092,-0.007539204737157549,-0.026676730208707318,-0.0077133612635989475,-0.0002338340653015284,-0.13822715966797922,-0.09314186109085414,-0.014551652485539508,-0.08242440216469427,-0.00429650849106928,-0.311006751588858
protein|NOC3L,-0.022334774284239776,-0.033627998280984825,0.01938243360107848,-0.20158183605771465,0.0020027636607853052,0.01537968693257548,-0.05996408883862126,0.0006576569652443149,0.00011362332023957958,-0.10581638272829118,-0.06518657253327897,-0.04350662920233922,0.07919919893115737,-0.01853577718290649,-0.03600871666655242
protein|FAM32A,0.007850454279893794,-0.23910483781012412,0.2542866001019536,-0.008144812980360024,-0.00023495933976565484,0.005828900388215604,0.09833884043899027,0.004387020207667395,0.0002875598698328075,-0.06607522644863942,0.07592698167171925,0.016034241045651838,-0.022456840848208676,0.00986162998752772,-0.022131477933070957
protein|FCHO2,0.0004528160980079719,0.31451870279857136,0.03073735146948251,0.09219571751153761,0.0027677210440223035,0.1673445187749308,-0.02819656880007823,-0.005685917798975197,0.00013090735654686979,-0.17844898705437043,0.032469589787236255,-0.12834303958558244,0.050058282826886555,-0.010547975293219205,0.001422527924927151
protein|MDH2,0.004970619302545144,-0.1616175367643919,-0.3361921723547682,-0.18993814257459699,0.0002815714476188374,-0.0054417430344895264,-0.00030274825849386665,-5.091560034963567e-05,0.00019756388982105822,-0.12704439433664605,0.32225735199748073,-0.006531881577618738,0.03829282091797475,0.007720361758614329,0.030136091392408436
protein|SCP2,-0.018651132459205185,-0.07781902963279075,-0.02443566846726662,-0.0360926430812899,0.036838070103979145,0.039497358156166465,-0.03423814334148765,0.0014761779873606266,-9.188453062929326e-05,-0.04897282956218056,0.40861576059707977,-0.01601472118937011,-0.030691060232247606,-0.037792219336904034,0.002275573203640226
protein|CARD11,0.00027458135946243435,-0.1858795640418588,-0.08405267956422503,-0.035634300928475506,-0.0023232502493031396,-0.009332065387473559,0.0784588671259667,0.027315230464652545,-1.4604572734868803e-05,0.007136508671666634,-0.020504649990853864,-0.008297032585327935,0.27418184094656334,-0.01270875458242368,0.00482516546390742
protein|MLLT4,0.007476218339396927,-0.08213785172583327,0.10292546094737191,-0.020312083530996446,-0.00013590083868858532,-0.01667864606192395,0.03843428961989695,0.00828243500362443,0.00011212941867174251,0.03203580851648663,0.18189175807348987,-0.004495676280505485,0.06288642967808354,-0.0038153478756973672,-0.02400251321362434
protein|RENBP,-0.0009799221638591977,0.012548422975548331,-0.15714192253759146,0.2887265051313536,0.008289571107157728,0.1390648718133331,-0.04939763041358197,-0.0015813282761300812,-0.00011671598811731752,-0.16956977861965783,-0.10601431403328378,-0.005247713273117226,0.05548201000232163,-0.0021172406817228486,-0.009342581641258792
protein|MT-CO2,0.003116329955440504,-0.00523221371171342,-0.20780006840264822,0.10495113757545976,0.020899883543835044,-0.01697602089259436,-0.004874426521888182,0.008972176550026079,-0.00030660266897603673,-0.05209345147350065,0.3203590054287918,0.019244318332791964,0.2839319785389936,-0.02352929033660914,0.00526986909760574
protein|MVP,-0.025535319971338007,0.050646799332053925,-0.3411929721808833,0.2923323389248058,-0.004042993150755572,0.09939497315278364,-0.003926961555779903,-9.861787851270678e-05,-0.0002154380459732732,-0.11885528580590138,0.005749251545645594,0.002431374892070337,-0.009217561761396124,-0.008202307096290965,-0.1793933086312276
protein|CD68,-0.001419006581047512,0.24139183711492387,0.10766748440823506,0.12762051646431943,0.007025002961437093,0.12579726445567305,-0.13378459956960978,-0.004273316196650982,-0.00018699804911915922,0.1223164162206725,-0.009278570834295877,-0.06067842344084043,0.12266036626430492,0.01839961754625323,0.011944757172573728
protein|PTDSS1,0.010194966080249751,-0.00801788224894764,0.179707588877646,0.004675096908199375,-0.00014938196061368023,-0.026619455169517428,0.028851231623959684,0.0008589218843781719,0.00013673802884213334,-0.2930622439140763,0.11454374820091663,0.004993580297392321,0.020826032617568685,0.010119372559073544,-0.03240810397322768
protein|MVK,-0.02497179791590359,-0.08865175575663332,-0.12474046662711265,-0.021119123356935988,0.000661691965954241,-0.13918697322669407,-0.020460931412425876,-0.00032290475349990076,-0.00031708027645692573,0.0022858484086811753,0.06260954602718627,-0.008767827755645474,0.08962249914276615,-0.004879518054122793,-0.09213774398478364
protein|MRPS30,-0.010223437778692914,-0.060289462425100256,-0.030004614248358378,-0.08451786147199346,0.018591356990956903,0.008498405750242865,-0.03806989953311058,0.0017243362664957594,-0.00014615256566181714,-0.030064816314446054,0.08529959633473358,0.00508211549551463,0.25850638329074155,0.012136287454696342,0.011080088074326392
protein|PLEKHO1,-0.0032914847222270853,-0.025574828805460127,0.20961514937605108,0.040992133634183484,0.0020173622614680056,0.005338140736267217,-0.0014204126438237415,-0.017354540547734342,0.00043897232620075763,0.24999886604134672,-0.00643611614661064,-0.010316828448026113,0.019159984629160708,-0.047036050681662625,0.013202655557011111
protein|BAP18,-0.024604307019117144,-0.3578382426974519,-0.04267382016031111,0.25708172901380943,0.02972076230037802,-0.050878525989576574,0.09023278454108076,-0.001958019262738448,9.372912130592292e-05,0.006321476336294966,-0.04706880594777574,0.0665212003790054,-0.10888692464583861,-0.08855089426091196,-0.07934507334670507
protein|FKBP3,0.006276597846786545,-0.35561742442406274,0.181420783281991,-0.21004057772552012,-0.018054708530209795,-0.03195903901316805,-0.07644762477738956,0.0010279916975592222,-6.594744382018321e-05,0.07323132939512296,0.003925352798560459,-0.008577550353179851,-0.1015330869258316,-0.02892304263681509,-0.000944341501128456
protein|PPP4R2,-0.007628775725929614,-0.1147771277751541,0.20721131716277652,-0.14220501766222432,0.005613580582470503,-0.03438904154974442,0.009240462852003186,-0.003721662486893929,0.00019906895856896493,-0.1592745581604935,-0.12901387975521686,-0.011253446685999735,0.04616478981505853,-0.007379247873312001,0.005493780084333023
protein|PALLD,-0.01807362723844502,0.3957809476450417,0.074969555582366,0.05283312338536833,0.006902314794759455,-0.05309583551327941,0.07301419943316066,-0.09290141839312947,-0.00046343098466393874,-0.1710973895853667,0.0116696768998473,0.0031124004570261413,-0.07212442027950294,-0.058716181824946714,-0.08936428090305058
protein|SUGP2,0.008418677722188706,0.030350697190038568,0.1271410125805646,-0.16126579584556888,-0.02861593069736831,-0.14627364289227432,-0.13375898980823378,-0.0005912736484133972,-6.135173672811202e-06,0.007435204131519347,0.004850685887460342,-0.020060345343753713,0.16013762628791003,-0.0020539065645404195,-0.003274083108444016
protein|SMC4,0.0038800488884356897,-0.02640976566971672,-0.2242394738308057,-0.3489750826486057,-0.004886751106636392,0.006055352142589776,-0.10910519133834791,-0.003602794701108715,0.0002497347058428351,-0.08645658542122622,-0.1476492611531346,0.008865073849246096,0.16752891895382044,0.04479226432943209,-0.0020366673327886645
protein|ATP6V1D,0.007901081526090661,-0.0009756901530958711,-0.39408321191421286,0.2968853343186837,-0.002248511478655416,0.14683164306346935,-0.10980695274495075,-0.00016914919523473788,0.00017560469629867943,-0.004139850016565561,-0.029011383191919368,0.0031543708438590986,0.10610979838267934,0.01070345234716571,-0.04297857875153702
protein|IPO8,-0.002554356217187768,-0.12713278754566576,-0.09684607387250473,-0.06774751901677639,-0.0010982571570378006,0.025337436987787215,-0.009855490232830277,0.0029751362759569923,-9.391631123943088e-05,0.06629127827575501,-0.1714754136294766,0.07101299115811269,0.25955222341903367,0.015262436998309316,-0.042271767506282
protein|PYCARD,-0.006373987566818813,0.0004520964853207913,-0.05890282974409541,0.4276705180975026,-0.0016009484200457996,0.11619165654392084,-0.000592513496748477,-0.00037151414216801313,-0.0001237519160900996,-0.09998715955704178,-0.010476771650498234,0.06374995949930198,0.14192902039927285,0.06790297608625503,-0.016723554182691988
protein|COX4I1,0.005238347161635183,-0.010603489935138306,-0.3436539276676,-0.014872826366666255,0.007429269339349018,-0.0005537312182150543,0.003691524068976366,-0.000662895111893684,0.00030469520079644036,-0.12969878996966533,0.30506468181972407,-0.05747561625926849,0.1146560023989653,0.01279573179209155,0.021668684868398135
protein|NDUFB4,0.014484424063305053,-0.05209729599924613,-0.17303149215924588,0.09907171878167906,-0.004074807909629204,0.008430153825536482,0.003122524996276425,0.0015336240122487907,-0.0011262558165873325,-0.0002080930452144052,0.35537038332333065,-0.0030736290205314607,0.2771484522864731,0.009075170924906065,-0.04301494670663739
protein|HLA-E,-0.021950335052134395,-0.09576088938799648,0.18662601126224806,0.2125698156549809,0.005579251454511943,0.0025475216722209274,-0.021840706608155836,0.0020594899209330744,-0.00012825434767279215,0.006822083399844648,0.0006731620550326579,-0.01182817598733778,0.09264474352721955,0.00012871281365622143,0.006123394086337402
protein|ITGAL,-0.010403611298702474,-0.02926227913347096,-0.021390441450922597,0.4831380077114303,0.017562641881049446,0.10059980325107509,0.047148318582653725,-0.007963889984796737,0.0006169471398302734,-0.09400669650122405,-0.1278269452733683,-0.11184616878200404,0.08099101449234687,-0.007750802577947345,-0.0007585345229845334
protein|ARL6IP5,-0.0032136563826543414,0.06464780332086863,-0.44112626759022805,0.2390357075014036,0.017189285371340585,0.04259173647119653,0.12453118524871552,-0.00020310759772411107,-4.537400273245614e-05,-0.15143521374197208,-0.004224183889176428,-0.060458715363427736,0.1353688668704742,-0.013403061133270345,-0.1297153911757341
protein|ERGIC1,0.006034309368855577,-0.008551427254367965,-0.35579321115424006,0.031357391710677,-0.0070857486279020405,-0.0760948842705966,0.11479042601469254,0.00806055719963945,-0.00021915747340977732,-0.020617193992651467,0.17062323351350717,-0.012637963601106887,0.005585035925996047,0.025041174002145897,0.008446405389561063
protein|DLD,-0.005471770741068682,-0.0029035287133873716,-0.28896804355565986,-0.12514755299253721,0.019424997084991794,-0.11103658747488993,-0.015215623531651073,0.0002308067997952975,-4.88247539359832e-05,-0.23130191768190325,0.34045000555403493,-0.10829317986296517,-0.02428326915925265,0.027002461228486083,-0.015452921773508118
protein|NUBP1,0.013675099161778987,-0.26787592599116844,0.0040636227303152885,0.05895128676935681,0.011926866338009589,-0.014912546293754297,-0.014724983977263507,-0.003301326870702223,8.408482201087009e-05,-0.002744966620049038,0.03854491069767303,-0.006762833016646147,0.12113763039233613,0.03713758734671381,-0.025000127648152206
protein|PEX5,-0.025309332353121296,0.0173121120742011,-0.0632060000135309,-0.11791667790618976,-0.012916045231955218,0.05710940904916345,0.0007855892222696855,0.00562033045306283,-0.00014508773749622635,0.0627764486464659,0.09962173761905072,0.00959157084831545,0.3454812358892878,-0.012284270538164612,0.0014777025981241364
protein|SLK,0.0019193319597965689,0.14118704449559344,0.003744186156482907,0.009499541367475566,0.010083919647781865,-0.0018882580788257444,0.020181294740977237,0.0003181066659702834,6.277195001916347e-05,-0.04990679165592873,0.021624586491935063,-0.0019289476849272558,-0.01824974415637054,0.020964761396047984,0.004318640211185011
protein|DDX51,0.0023919002608706096,0.20371547386557953,-0.022753486350554446,-0.10816467148613948,0.006112190415589646,0.0020995203967133125,-0.05055830459426493,0.0015611023925918485,7.38465590257348e-05,-0.08733598037329861,0.08337752621703465,0.00211104694885516,0.07396670777288894,-0.025788383534715787,-0.015458553729892712
protein|FLYWCH2,0.011558671073325899,-0.13942137285280745,0.3224480904522476,0.08009630190147357,0.008292074492958167,-0.027132015330539945,0.087392509407043,0.0013188520250017968,-0.0001419660274410382,-0.12623832652625883,0.023216061550497043,0.012821283924678566,-0.016023520618676665,0.005046339912589827,-0.053603477077426194
protein|IKZF1,0.010187816148386136,-0.06339129882934985,0.07977417179492444,-0.3217256646572823,-0.0016840433276908658,0.08113621469578289,0.020829262480883695,0.0015035743764308697,5.282105290158519e-05,-0.11395994255100814,-0.23614879804529998,-0.02240297333501876,0.16840004958967703,0.018843749307654513,0.0021262757412483352
protein|DIABLO,-0.0025509396496257615,0.029182944177865232,-0.3469955879499576,-0.08267548413085105,0.009748166979712772,-0.12507225453050178,0.0041890901556937395,-0.00022231512920687936,-3.234136660018298e-05,-0.10252244917147477,0.19678623739324894,-0.03083525815338335,0.10158402039309494,0.011259949223845557,0.02113356243551907
protein|CPPED1,-0.0011116937343374819,0.0033176816962565848,-0.09448179237347472,0.2665294462351924,-0.0044980538624528905,0.2135557549882492,0.03353879974050553,0.007179758945683825,1.917070033618305e-05,0.16215062732739047,-0.09054727750944462,-0.053060713371769465,-0.00550904115939143,-0.017500445097178824,-0.013589007135786054
protein|PSMF1,0.014202900566896964,-0.018937510854781906,0.13073856981100487,0.004244739860805743,-0.0020324877748123782,0.01368217250581401,0.017814279131239754,-0.005297714214669873,0.00010202232502038968,0.1357412536864153,0.04278528688619178,-0.037893986926382864,0.23488427937021436,-0.019095181218700293,0.03294819045934254
protein|SCAMP1,-0.0010612501598859206,0.02438548919084719,-0.3409691756236859,-0.02588335028924946,0.0022972261545167933,-0.133196092893884,0.017870334374176428,-0.01769171958190979,0.00015395433488349985,-0.09271897501153957,0.1318214714716793,-0.025566302282240123,-0.05763892844076539,0.0012721673574316024,-0.00045312955357075665
protein|MRPL43,0.0015509863051237046,-0.22289799356291498,0.19067196753728852,-0.2122916398838614,0.004618497601810802,0.10651332425008384,-0.0034556057419956876,0.00020456022139426724,0.00010170086070063195,0.0006369499714146563,0.16047364495345282,0.003379025984095877,0.08403810801296807,0.01865979914031588,0.004254990180226265
protein|TM9SF4,0.010942766847934092,0.08874065178009052,-0.28382309882260265,-0.07638048057862486,0.013338122054993514,0.016227919969948188,-0.04129803973329282,-0.0010226711422204958,-0.00013461684719658667,0.11511617377767805,0.009046108133265836,0.008298184713714329,0.1832273513943402,-0.022016458635093505,-0.0060449884255600606
protein|STAU2,-0.011311842539775456,-0.05332554536485193,-0.12157580238082291,-0.24678159276265185,0.03404731513047282,0.09376343035718954,-0.018143667881880623,-0.010921839857803909,5.136164289232201e-05,0.08195640056324,-0.10792651705020125,-0.02563980043944151,0.06485555494551765,0.010226989454024643,-0.03243233082637654
protein|CNN3,-0.016322464384477122,0.3054945473639107,0.1486317900669605,0.010701500530649964,0.0020827905502294746,-0.10648030466638533,0.1403298117439592,-0.015104892169528492,0.0002488716812401487,-0.07025269882123075,0.03623674469922635,0.0264103937441203,-0.023651953275893516,-0.006269005326893332,-0.03512970075344286
protein|HPX,0.030930623641495465,0.28870951102702086,-0.06743180512759896,-0.08874694241498089,-0.0005706479346749121,-0.0022077213979956804,0.062454637044529145,-0.0029910458318926263,-0.0003550529966442755,0.17425531227772842,-0.10261445821971348,0.08471792157069585,-0.1292129403137386,0.03343568606867488,-0.11920082065277962
protein|P0CAP2,0.0016928167671207556,0.04724356586053044,0.34077419075682286,-0.001455459717547263,0.00647358306127717,-0.08114928902177394,0.0008434019561038821,-0.003727040185915105,-0.00016988109847218593,-0.048423903836935546,0.015305381359956417,-0.004943617416510567,0.1779538816743759,0.007075669714782378,-0.005656235001789077
protein|FKBP4,0.0018611407109303463,-0.1184806851652588,-0.1954015370778292,-0.37370145478111466,-0.005882735799373396,0.11828691729670361,0.0005363748368052754,-0.05433193321831442,-0.0003972322272790973,-0.07926177143794504,-0.07654232030401535,0.005925024696283643,0.06854287348576148,0.05084687267770341,0.05609577469314543
protein|MPI,-0.010393976387994691,-0.20849108318857495,-0.16867868345063614,0.029794833807629997,-0.009677125758249796,0.10476917268085807,0.01758792889208537,-0.002266464243818408,-6.356217935221732e-05,-0.012701006138617237,0.013583312719910175,0.031012070837803662,-0.027309691320396328,-0.028077805425842203,-0.03868732518445456
protein|SAMD1,0.004776111695283685,-0.03975842905303299,0.25680819391141924,-0.038921558098960585,-0.005719949289595462,-0.004128986671016425,-0.07236542476165868,0.0003426871029087181,-0.0006596045061459247,0.09712461553868927,0.008949618319411008,-0.04284874182322048,0.25488978744448854,0.01038800806022003,-0.002834338739367943
protein|HADHB,0.0055850549528653716,-0.0020595280003751684,-0.3069526405986761,0.07173651658418793,0.00862717213660753,0.0026034627560826513,0.056801919171443956,0.0008972493940305507,0.00023429105683175647,-0.1281987074966673,0.4496325392366951,-0.0625543237311205,0.056499514605787386,0.004055640085365992,-0.0039618164912160695
protein|CISD1,0.002951701968251128,-0.16275958717784111,0.25491746646090374,0.04372985172673864,-0.007454395858440804,-0.029125965486640357,0.06636158257026087,0.0036440854051215774,1.914832966334193e-05,0.002491819948711845,0.17381408151890565,-0.0634077895527748,-0.08736370414290794,0.000578488365370712,0.03997492054071445
protein|RPS10,-0.014517647135141988,-0.3124511753342148,0.39844414727668903,-0.17594021959635622,-0.005382052938611818,0.12869190168184955,0.0007728586045798076,-0.00014152602281963713,-0.00015103519107841591,-0.1169453812922109,0.07617019750645988,0.10002610314215023,0.05106361088207835,-0.021042155851748973,-0.011557532553475035
protein|DOK3,0.013534626516804057,-0.11582951052127292,0.032822722319882564,0.06440299655520004,-0.01462800965267138,0.024653590715651607,-0.013741107330014253,0.01310307942575298,0.0006009734039352016,0.05361885147525056,-0.10367660950919756,-0.0369145889895254,0.2027237389119757,0.0333047493486037,0.004150431893798626
protein|SDHA,0.0058813425845158415,0.09625506687359486,-0.21592230804716206,0.04225183118361494,0.017303106437233328,0.04644767229204016,0.049060033821452846,-0.0012621071464453777,-0.00011057001310185926,-0.17245175201166169,0.43668162244152303,-0.12429005828341055,-0.024184695950847476,0.0045842380549739326,-0.004842209312762577
protein|HSPA2,0.0026976526304195543,0.18279093015632872,-0.14021413086721346,-0.022089602415602885,-0.00648218535637223,-0.018498073005203265,0.12781851889534127,-0.0021899727054498254,-0.0001205967324665021,-0.1295515826320024,0.041112671566924656,0.0012588226325542843,0.003424261744352977,-0.03867496708532587,-0.15346641977940342
protein|MCCC1,-0.0037627669862084993,0.021570689438383996,-0.18452723932558518,-0.019809304306984243,-0.004345518820214589,-0.07936445737287508,0.08576851218295427,0.004430761431258556,0.00011226202622851913,-0.19516685046787366,0.2912173464307115,-0.04591582371459014,0.17980581058286274,0.021308273689855477,0.06838136113813571
protein|EXOSC5,0.003825115190388039,-0.2794938706540453,-0.060774650704196354,-0.13525882528288857,-0.0046299613312466535,0.014475026586888609,-0.0006952086476300446,-0.00029310221419799994,0.00013003426405141925,-0.04790896135927879,0.010245097556996782,0.10575270981270143,0.018612340713466718,-0.007485402066451758,-0.00892553596922451
protein|PITPNM1,0.0023934752703715055,-0.07785725232083515,-0.08651365364461694,0.20635092014516493,0.003465746372868278,-0.030304558346794977,0.05238991470130116,-0.002780966000873406,-7.205176644035249e-05,0.018872342807735233,-0.01264269359914883,-0.03096145159466821,0.3088968796364904,-0.03345265187521878,-0.003704190588529491
protein|TUBAL3,-0.008692743236385444,-0.1528683667529772,-0.07782369802345927,0.058379341970420245,-0.0020561417861600386,0.001749634215839633,0.004019191231656673,0.0003752128703134269,-0.0001032930615024468,-0.017030102785816605,-0.03442970811599895,0.07683549519929866,0.3562417016114845,0.00993668087813895,-0.020271341364291727
protein|CS,-0.006810427475876056,-0.22632011890204357,-0.38696287092262976,-0.06799399932424183,0.04453228092164622,-0.08262919171999648,-0.04329953667678686,0.0010459193569045456,-0.0001255549127424701,-0.1018754932509512,0.17762701614939744,-0.001393330252424527,0.05759953133763515,0.015930016385551058,-0.0026471185504972953
protein|HSD17B4,-0.017806508160389742,0.10971737750842372,-0.275334849727252,-0.005506719114668355,0.011043996316900052,0.054312947695731556,-0.07365278981902315,-0.0012600049974197086,4.765592204325769e-05,-0.1231984580412233,0.44486100112737187,-0.08852752598420535,0.12570700783525793,-0.026773004691856804,-0.02123622869524565
protein|VAV1,-0.019528688244183495,-0.02577421879811723,-0.4143675050151718,0.20665504412588204,-0.01955588544971732,-0.052354665545679156,0.024690553811510543,0.0005246192481019803,6.5904650036539755e-06,-0.09491816817062536,-0.1183379345693064,-0.06956682379643901,0.10484542023442843,0.00909570006425795,-0.11387297379556724
protein|GPRIN3,0.01567802123828057,-0.061004646782006226,-0.10466673233045422,0.09820027321146514,-0.005455233085153132,0.012551472529490482,0.05227380102323291,-0.049547159486267464,-5.0374495354414384e-05,-0.03189843239474202,-0.04495837904825079,-0.019888693983382107,0.0688626997586123,-0.034672192209961816,0.008981474800115534
protein|PRKCB,0.01071365283723654,-0.1433538600837956,-0.22000004811625073,0.14457078280550406,0.026676057899761803,-0.014841206731635845,0.24523045074948843,0.000916324256158305,-7.502749350346222e-05,-0.028890559751074647,-0.09929875588496961,-0.03566046361404438,0.00843668522575468,0.019288307385225092,-0.05332599497097549
protein|NDUFA2,0.005882101018501854,-0.04452046100263599,0.28196604865708924,0.043687010529041025,0.010745092283049809,0.08804316020092086,-0.001467051793889156,0.0025109866223776848,-0.0005443163767619409,0.029525255052785096,0.257866578188715,-0.006472651634094898,-0.009333966944064156,0.032088433689675594,0.01140365110240504
protein|UTP11L,-0.01714590966154802,0.015919822607120694,0.13293285335530283,-0.18595474048230123,-0.010577967293355833,-0.01941136110890464,-0.014154287214572788,0.0024497599802481107,-1.0704794312137985e-06,-0.11193956464294677,-0.05493241660470111,-0.007647957034945948,0.06541599889078109,-0.021852253267421563,0.006375193326753572
protein|MEF2D,0.003511100924754137,-0.10760196306755129,0.1362876164861206,-0.09373857874311409,-0.03665403504708203,-0.00436357900555051,-0.002268719102147855,-0.005533856001043257,0.0004965451039363392,-0.08681519537634386,-0.05383783908476405,0.01084896703808537,0.17558471684879995,-0.007477531261278942,0.017529345853121343
protein|LAMTOR4,0.013710736188716505,0.04259949578396837,0.031407372069979025,0.004096386209649373,0.006893213451269883,0.01206554174624888,-0.006610764937393708,0.0010731610932796167,-5.4828560668754036e-05,0.3098602954053936,-0.008907294177179627,-0.011769697090711318,0.11258428788925255,-0.007154505639323385,0.07855774267298378
protein|SH3KBP1,-0.010054509115674445,-0.1774651444859175,-0.01136011059096538,0.4056889185891062,0.003060167312278888,-0.2220078826309902,0.11810310298157044,-0.000536170978183644,-0.00012153881867969454,-0.009670529278183702,-0.011175108129255307,-0.0888558922957962,-0.04802937352409419,0.0004628510722837268,0.025656281747149866
protein|MYO1F,0.01827908384349361,0.12867886441714774,-0.20391899509324424,0.40766150475524865,0.014874766261263111,0.18562818384515373,-0.02586360697702682,0.010233449114477183,-4.497834759293107e-05,-0.13745955397262447,-0.018327116320044332,-0.0065564055278234615,0.07864068984874939,-0.010191723203432302,-0.07317083910892214
protein|MRPL21,-0.004087882348336053,0.07656911730234683,-0.29457087840771085,-0.12070635379190524,0.023811014598988333,-0.04549517647492932,-0.01542798701797657,-8.864337240352452e-05,7.182997059321017e-05,-0.0062156511136940715,0.034083162685695126,-0.051770119275096345,0.17569226444171818,0.061717441311091414,0.05341664033793286
protein|SREK1,0.02631854903839809,4.809801724040315e-05,0.1978810820412529,-0.03020037981998001,-0.005263457203383243,-0.005486663858416104,-0.015191560221216054,-0.0011431614582188567,5.91030785539688e-06,0.1238858730319953,-0.07934623215773076,-0.09613738098904515,0.15646236385444845,0.019996836419916647,0.0017037728433663708
protein|PNKD,-0.021365996118384276,0.09142456127074292,-0.025841494789618922,0.033240920853611175,-0.011002742793133947,-0.027740689587015695,-0.0598754330720737,-0.005508186263221883,6.366014457443537e-05,-0.051104365674532685,0.2265982214855604,-0.012648693005378842,0.12911799552012235,0.02731166649450223,-0.001124800173285009
protein|CD97,0.0024385374723995723,-0.0057567278319900295,0.345469100951944,0.3718049703374553,0.025523999906527615,0.1664389056117701,-0.11537639276493464,-0.00015906677510641002,0.00012357504273158,0.10137491294518769,0.013909599844265923,-0.13546721476474874,0.0450215319163229,0.005758540161084237,-0.045530610008310685
protein|CLASRP,0.013259318215179361,-0.2671030384927595,0.07650731588185367,-0.14049944658076707,0.0051232032525281605,0.0020265059193815185,0.08864212823788636,-0.012409200709699428,0.00017939335025292694,0.0064655288516106664,-0.0659308684622679,0.001081236007906925,0.025350890725489496,-0.00939532831771267,0.026309862431455427
protein|NUP50,0.02179514410905218,0.004416044950872569,0.22715249338885882,-0.1806879559622549,0.018867675906619644,0.016771819066111034,0.02476779367625533,-0.010540606713370709,-0.0001533578913332175,-0.03307879937954928,-0.03070102701313155,-0.07545885237969478,-0.0007751697952522716,0.0047378628651001346,-0.007886958713280882
protein|HACD3,0.0028893189794910214,0.08613124833430746,-0.2045762611500475,-0.040711809750133714,-0.014045419666094686,-0.02290754098256138,-0.009236880589411835,-0.02871592128291486,-9.256719035300923e-05,-0.05873448166071783,0.08283937851052857,-0.01636040346547708,0.23078923464502404,0.11178616175403444,0.01648581771410039
protein|TUBA4A,0.003488830966798558,-0.2004243189574384,-0.2944398495870567,0.026195212378102378,-0.010219926660267243,-0.03814300404447231,0.05560149770972595,0.0004453700633434339,9.579017644813443e-07,0.04815427242471182,-0.026475179041435728,-0.005931175824776745,0.1222902699788594,0.07217384071855988,-0.02081846044782267
protein|SRP9,0.009712886610527117,-0.37136395834637154,0.017777175221768023,-0.10830942553636888,0.013065618775604039,-0.09718140761285735,0.034725485270102545,0.0006278013220183488,-0.0003458362588704375,-0.07917511090587302,-0.040545831378891936,0.11022217208433999,-0.17836935577793442,0.014861804447423193,0.04552970623841942
protein|CLPB,-0.00400788097576525,0.14091117321298421,-0.0936238414794877,-0.059160187435865964,0.0004994142588741363,0.009454364341749504,-0.03805558835039698,-0.025116833372999487,7.551622130039375e-05,0.03449673048602617,0.03677769840284859,-0.0664657288931502,0.14560014904415813,0.024920993714919095,0.003639802511736873
protein|PLCB2,-0.012592543060811593,-0.05604430875689908,-0.11851987269137043,0.24552851254072136,-0.013540813944593891,0.07814086245449021,0.050131567902927554,-0.002570638479289387,-0.00034230490628464703,0.0037333184200557964,-0.0002962270462020516,0.020088839643265573,0.09771805660508089,-0.00017214280639056721,-0.0073381727369805395
protein|MRPL40,0.009502508709645488,-0.2505135289371125,0.08467185657436876,-0.16137924342244211,-0.00838814232346249,0.14172000375371469,-0.011862141285095332,0.0016919669231907177,-0.0003501427641499294,-0.0583119296646909,0.11847414087540958,-0.0017687356905530993,-0.0038456365089120834,-0.006407379165789092,-0.0010352709782788904
protein|FKBP15,0.00024392477339257214,0.16512312950658936,0.13492317372371898,0.17939640093851986,0.017199840407445308,-0.00764952837351089,-0.10162035253443433,-0.0027241076479071,0.00032322722020803777,-0.122215503282555,0.018456425383198905,-0.08856938515371643,0.013693525551506644,0.032176862794735625,-0.06349213397925588
protein|MIF,-0.020263484717795,-0.34015642190039047,0.044372484834030584,-0.11114223097233418,-0.015287171819291972,0.012732237022125994,-0.09674109126026677,-0.0022418664384435774,-0.0001073737841104059,0.03749310977577497,0.048806496839453935,-0.0026407399328889527,0.000265104244500372,0.014127720192597322,-0.061237158096989486
protein|LILRB2,0.01702717965991412,-0.009386824857602687,0.27596129054994883,0.18178871456569595,-0.018437947324995218,0.1467051326002447,-0.0074404622655062915,0.0031965041063198754,-0.0003192486050097701,0.04569157736277267,0.010620418305678716,0.006856672077885106,0.0677686568113771,0.006563988297858767,0.005581142475914615
protein|JAGN1,0.004486676708921995,-0.1200398800291791,0.21889228709191189,0.07289612704652713,0.006255561830751998,-0.0149418955128376,0.04189894726124147,-0.007525271054761678,-0.00013542765963661443,-0.0349473226971225,-0.039810456559536904,0.0009188769223103798,0.21499692659981787,0.002276786198570172,-0.0020874154063030862
protein|MEF2C,-0.023304338767244553,-0.0604564841600953,-0.01526452691363593,-0.16506381830743724,0.0025121282578085408,-0.24755182968990283,0.022771033460630134,-0.007745359959498425,0.00017693782777981993,0.24425175611560165,-0.09181778457927141,-0.00664171486268258,0.24000540981218035,-0.010282120187644541,-0.005648789570291096
protein|RPL31,0.0018262990224299923,-0.35405161952162917,0.4255698207244353,-0.1855904422569717,0.0011524768341167205,0.15632588544915338,-0.00860896637996254,-0.0008322596507018277,-0.00016503323210221308,-0.09177912464367972,0.00832047965235699,0.05718001844933238,0.07238893235049934,-0.04056432363878434,-0.013858496736301407
protein|RABEP1,-0.006079797984927587,-0.2020682465824579,-0.08469115540658942,-0.10393813275883879,0.009914363761982231,-0.07263229647214685,-0.03372022574948843,0.00058895069151086,-0.0003012325360505147,0.012934021827332396,-0.021061699906509745,-0.01030533374134417,0.07490530169856377,-0.027655826327211853,0.05466720200135297
protein|BRK1,-0.0027693252461633154,-0.28751090175555943,-0.1279224456856895,0.15907978002024323,-0.013102898339617699,0.021220231046044778,-0.01156024667159849,-0.00011514804517030009,1.7522594086631488e-05,0.04236258587242827,0.11970208584549936,0.05589799318056223,0.0592714995739767,0.02635490304546413,0.013780292728186408
protein|CNN2,0.0012738523196938365,-0.13034871794823186,-0.08505781766455672,0.15153196274516648,0.03695957592843728,0.0041065642644294255,0.09716796937708891,0.0019012755436810644,-0.0001633837563013356,-0.155857440231629,-0.08262375248378027,0.03577389979704508,-0.1572859695423934,-0.014357675973080469,-0.07108106990493426
protein|LIG1,0.004218363816064212,-0.1971426850771259,0.11182381629292758,-0.31712058144407607,-0.011300540031322154,-0.009433839253877403,-0.09950191409221805,-0.002050095753067266,-3.807967056211029e-08,-0.049514949591043717,-0.13353950937767464,0.004328924876684363,0.0236021659362668,0.05095114168969884,0.011959519175914618
protein|PPIL1,-0.0024692126258552705,-0.14897956637294893,0.3973301572549127,-0.07939170280658848,-0.035031338751693085,-0.0053566465913436456,-0.0615294629310295,0.0016791188942087022,-6.470945204726717e-05,0.10453562018398563,0.029144082732333935,0.006196767916690091,-0.07652746819835797,0.010624539892763128,0.0026556191548651785
protein|RPL38,-0.02260916961779404,-0.4180029489404066,0.176875468080124,-0.08729773143235635,0.0030740243407751324,0.08553779101282462,0.016719487409958263,0.0046018111642258455,0.00010150288571277299,0.08894780379844017,0.00860342199084119,0.1515024682358371,0.11758002703299349,-0.04275318343204997,-0.006518820393046793
protein|PLEKHA2,-0.0018588562567762612,-0.1937623701206738,-0.2915224923911869,-0.1015984934962236,0.0033200935226509695,-0.0054628429720527455,0.014267916396704616,-0.0008337313452366886,0.00020307872452166465,0.004752692227029135,-0.062092149829958095,0.006264063156257543,0.16711626376280656,-0.02038990622613875,-0.016548068857668304
protein|GIMAP8,-0.014481071304728341,-0.023867926995135583,-0.11069707452450268,0.33465934605640135,-0.0012756026482795661,0.18177964596677407,0.08897542700074992,-0.0009675784529837657,0.0004734358164947979,-0.04096480958241973,-0.013471496540420591,-0.013907095385540361,0.020584398264530325,-0.016551091952679505,0.0003151054426505526
protein|TWF1,0.003518341330019532,0.13018464136161256,-0.31839597613129894,0.13334242849703978,-0.0241117597289839,0.0023886018116740927,-0.004198874905538921,0.0005821514766725444,-0.00030027090172295216,-0.3376113197999984,0.1261990184195229,0.010292231268721927,-0.046203181090849914,-0.007841935459709468,-0.056262565137553164
protein|MRPL54,0.0010461962872155238,-0.15131924855381776,0.19335472098885564,-0.0726202107988474,0.0005715124595186328,0.0684130066456209,-0.017265015970102635,0.028060138029668495,-0.00010494764613363097,-0.0852241495216934,0.15061424538506618,0.067892816876141,0.05372581747138748,-0.007200991798682192,-0.05728114855100819
protein|SPCS3,0.02098566947111082,-0.020056312314716114,-0.30385715860780066,-0.059343127188996835,0.007371960670589235,0.02259208652648176,0.1404320531791037,0.01927090384522289,0.00023736063627566515,-0.17869860675633872,-0.007321979759119579,0.0032903852370325874,0.028575645579386275,-0.003088640620687213,0.019880750186760204
protein|SCYL2,-0.0057293277719770745,-0.14183318915938514,-0.3691838629553426,0.08767043667820126,-0.009012757966522462,-0.1700465828811668,0.1292667707631153,0.009602002258673876,-0.0001862723454054636,-0.031354779851165554,-0.0029796284876252585,0.000381414342949272,0.09786052237451388,0.0011790159559348157,-0.051379561012767895
protein|CFDP1,0.012636454346794135,-0.18733974038997497,0.023008250196873116,-0.19609481461079822,-0.002818632192197955,-0.07674766996817521,0.0347323233298412,-0.0019148168737753927,0.00012248447717785397,-0.13215108782802742,-0.019093227649046488,-0.012085004381898917,0.040567493648348316,0.005241806684458979,-0.01937118698932405
protein|SMAD4,0.016359821498182905,-0.012526129195221846,0.006839818562193489,-0.18604538432835085,-0.0008177327146794976,-0.007254980674233284,0.005590441011855604,0.03832212465250955,-0.00034890490718486627,-0.14976928591691155,-0.10125537710391802,-0.022429002662952502,0.0753245647581099,0.02522671042670711,0.046983209116962375
protein|CASP8,-0.008140003662529989,-0.004977192503238629,-0.25912094321227436,0.015233843018362045,0.0029733484613587314,0.07942087131399958,0.01608604940006904,0.0018704306932963695,-0.00023908800242032174,0.04136199214582798,-0.10974090363234637,-0.007325265372277152,0.09446922706434105,0.011526384807363947,0.024417018957661813
protein|MRPS33,0.006508949344267236,-0.2267939768141511,-0.11737665093831058,-0.1442843071548435,0.00021774173903910457,0.07538840655900717,0.0028880677931467707,-0.004019002464317014,5.5702552637107994e-05,0.005087521593327499,0.014099605735026137,0.00288135954344541,0.068189502726242,-0.0074372074774129516,0.003995879964663582
protein|NKRF,-0.02609774816880054,-0.03364219597587105,-0.026173149343609647,-0.294072765035469,-0.0024371871846918473,0.02543570144714481,-0.03844117688292628,0.005050789242916764,-3.8237935943932206e-05,-0.11681775089977307,-0.025533530864708474,-0.0480102976632776,0.1303883575162853,-0.012285498251042326,-0.006527474519159097
protein|CCDC86,0.01793477712005074,-0.11992568179288224,0.39817833101659356,-0.2571124604743548,0.001673765066978948,0.08646983686360504,-0.0059394595995111,-0.0001037648833102946,0.00020622204706122443,-0.11876492874712616,-0.1142230508135865,-0.009634484320508598,0.10166614144953663,0.018079483301396172,0.0020369740087725027
protein|UQCRQ,0.021449300482063925,-0.054256803000239766,-0.1754533326670432,-0.019586496874294406,-0.021440264092691466,-0.025368424724560468,0.008754795127381778,0.0026813678892926326,-6.969943394320229e-05,-0.0009148803692977678,0.2709709418745354,-0.005698171182374679,0.1576127513286145,0.011784000833404744,0.0017632022919413376
protein|TST,0.000232235483006029,0.008457647233515402,-0.0794150119330046,0.0023508501794821464,-0.007701018739349987,0.06325280238985889,-0.0009019176482256261,-0.0002983590979881274,-0.00011662425182669566,0.13549903187064047,0.45651878366820603,-0.00108019530329785,0.16074889881626606,-0.008069134742566035,-0.004300122518029746
protein|RPL8,-0.0031937547163055167,-0.26951404072334123,0.4634329585510737,-0.15162931460970946,-0.01396582005152035,0.10540165826961856,-0.049096461263793946,-0.00020262921501596547,-0.0010542166828263005,-0.02174980135058491,0.002161294124839058,0.011000153236959544,0.17657707769015055,-0.05772684939164947,-0.011374987190598863
protein|TMEM160,-0.013470500359915628,0.21198513950383793,0.11582033910459699,-0.02111915974587097,0.002367152856802457,0.025519001089332798,0.0003451409435813686,0.019135695351569133,-0.0005828177553471528,-0.1157266249844039,0.06326613779188528,0.007593903377390657,0.28171454680606856,0.03811493537638461,0.09954981511389689
protein|DLG1,0.016950991462076924,0.17747494771915368,-0.011760131985741346,-0.043269715209868234,-0.004046129353545746,0.0021828545122320087,-0.00655215275573501,-0.0031246471039120057,-0.00036128865732889815,-0.02577078861909709,0.05264651098939958,-0.02836155163469297,0.20394677116817284,0.016632650915815513,-0.032776223307556536
protein|NUFIP2,-0.009782392058647423,-0.010473845929641568,0.13641106037219577,-0.18448264384998492,-0.009739580833167543,0.18728266451731804,-0.07158987852854387,0.002150181293323234,-6.546249159020809e-05,-0.15649794235928582,-0.08488375164310112,-0.010219218755136487,-0.0043193269957510026,-0.005603504835034058,-0.0016053660339714238
protein|SPATA5,-0.006655330760955395,0.014949725464300845,-0.06447160601278322,-0.04833907588362308,-0.013160103758087517,0.1368962433248049,-0.02282369857655323,-0.0021464489096184075,9.483230087999753e-06,0.023191556137603698,-0.08581260393802316,-0.008719104148076246,0.20054975972909628,0.0319177081236741,0.003902104690833799
protein|HSP90AB1,-0.0007978726412717087,-0.16144781948829265,-0.4222346005290974,-0.285310300887217,-0.016384055938333215,0.11530309154501388,-0.0721835328215338,-0.000989871355743495,-0.0003645029840315145,-0.09147905883524428,-0.15881510597569312,0.008491072923110368,0.038645846010980825,0.0328236093395472,-0.06337075013658985
protein|LENG8,-0.005764768469082343,-0.0721575371526506,-0.012957915262309747,-0.08709888050253854,-0.003106992572440523,-0.001552596886466905,-0.015161696813096147,-0.001106356561590102,1.8219137707141618e-05,0.06185685278145677,0.19365182745854534,0.035703849488254266,0.16718281351756653,0.03037126066587979,-0.004024130094856436
protein|LAP3,-0.021590670107787632,0.09722910062192865,-0.0888354060789154,0.4530326605219275,0.0014085944308122906,0.2241546013042284,-0.10920967583834794,-0.06064671638120232,-0.00018688194181476757,-0.20941563793975423,-0.04464175359760539,-0.07744189058926554,-0.07975068885176026,-0.029344146012068386,-0.040228215197904434
protein|PDK3,-0.015852775928117624,-0.03778366886113705,-0.23532351618530664,-0.09860891039513989,0.0005653818446782044,-0.13430111768513983,-0.015329765447234783,-0.0029707675720609976,1.5089356692623047e-05,-0.12880269315954784,0.06583631749964516,0.003292814268963644,0.08374063045665261,-0.01510246444124965,0.06585570767004018
protein|LRRC57,-0.002211291783453398,-0.019151508223021595,-0.18111553086004073,0.04562619339624403,0.007882308666866069,-0.138362989471517,-0.02823503120494182,0.004430086173543277,6.06342464284162e-05,-0.003908483191741984,0.0447047943832634,-0.01763581619767108,0.0585113124971122,0.010099585029112351,0.0023048935133514257
protein|PHB,0.02006939716755071,0.006550338965700033,-0.4117288582053908,-0.19879370700417576,0.010381257118094303,-0.0743656388635723,0.002494904877620545,-0.001951218531800623,5.2931364518043596e-05,-0.14660691602599937,0.29984090031467575,-0.060231489598151444,0.12203862585797484,0.024432575763353753,-0.003011112292533676
protein|RPRD1A,0.007484485198378894,-0.1344959569084877,-0.0776359358733387,-0.0713671497055444,-0.013890970837819311,-0.0011223506140056252,0.01225125013030508,0.002657498812062062,2.561315115958617e-07,0.2100325598087447,-0.1016940726033624,0.005994399897961268,0.2732545805585402,0.033341114638431396,0.042967787460447486
protein|TJP1,-0.01066812612475494,0.23555426636712004,0.016420548550130896,0.06618604345733309,0.0031527137039523362,-0.0029844485650556297,0.15829604909765943,-4.339522631952846e-05,4.517874841465573e-07,-0.010730413539746063,0.12372917085947775,0.004023835969531065,0.19294787195267651,0.002450295841923866,-0.02319435097278108
protein|SF3B4,-0.006114377520512602,-0.23366888431009442,0.1623222717317383,-0.15115819496766417,-0.001101002586823603,-0.05345160507804342,0.009702426197524733,0.0005326963737817602,1.5588127358375094e-05,-0.055319480430041895,-0.03401280219796234,0.024212558462823233,-0.06463404599295011,0.044187417693970235,-0.011646508163779322
protein|PLEK,-0.0034033093170034376,0.0011040800289032475,-0.1211612901825068,0.1360687039430894,0.006613579308068177,-0.005694423484398033,-0.0658726256199644,-0.06414627160228949,-0.00030492258435819275,-0.1573595411890109,-0.13492823124893735,-0.0326041782700259,-0.06840963209156013,0.0034698499298498374,-0.0739376159673234
protein|STIM1,-0.005438207435986286,0.04690819424505224,0.15364466890531428,0.09123784393583462,0.009863628284933349,0.04244451180339938,0.07466094881125056,-0.023707467007907383,-8.304229043738061e-06,-0.07543731442288519,0.06701816557524676,0.007382055167966148,0.1357598115344271,0.0314407976113978,0.051263570675948555
protein|GGT5,0.0025401428706170806,0.08007912172614577,0.16208852668821414,0.18836166497685414,-0.024646145615816493,0.0066790409999283925,0.19356951013683016,-0.06072995853711205,-0.00033000037364610174,0.00022344953066391753,0.13398946903328665,3.3768252836658e-05,0.00543381313609417,-0.010352460480387996,-0.030446257037533283
protein|ICMT,0.020096576740185987,0.2031280866299637,0.008227392721469596,-0.21995681777233692,-0.008509340485781055,-0.0013092739435530075,-0.010589576721421735,-0.024048338867765383,0.00024412809003993398,-0.14078226409867314,0.009302069868391731,-0.009527143831081924,0.21430083268891595,-0.03468110066236905,0.006525846644507662
protein|LMAN1,0.02710836155636838,0.17324489078684926,-0.29967974871848685,-0.05671795786195194,0.005772964251677289,0.14404761132273622,0.015334976304333873,-0.0012171235904019943,-5.583077383113607e-05,-0.14928074308367129,0.11827358816326278,0.004632061941675486,0.09451566803238064,-0.0001703568970560496,0.013606706936893297
protein|DIDO1,-0.003549524184344174,-0.1469678611435239,0.4631011895360648,-0.0908734010899461,-0.009780629638052648,-0.014503925455172238,0.002765391796884257,0.00010728483673834713,-8.761973759607023e-05,-0.12252220840400742,-0.0072556795520223386,0.017262013009183654,0.15068783019712745,-0.00892627434473327,-0.00609634892918007
protein|LY9,0.011144585325454507,-0.05404110946757267,0.26027415024534545,0.07418451703958902,-0.010216521891850346,0.033140475171556494,0.018869951304814017,-0.009910845505380366,0.00032012323324587515,0.14114511958205014,0.05218871729522342,-0.01925931607948582,0.10988247028529771,-0.00843694567401096,0.11601245963931353
protein|GCDH,-0.016055260954042253,-0.1680275500851282,-0.19413742714434581,-0.14141409020478676,0.0006074414965678552,0.06710484123276816,0.05109936387178196,-0.004381444628542344,-0.00011947581148800731,-0.11607237696668189,0.32405692090289884,-0.010302389848452356,0.07921439545704333,-0.04028459201517479,0.000556385037370117
protein|CST3,0.018212182406290203,0.11756201012349665,0.06856207429055691,0.24544192475037083,-0.02148151249990437,0.0019592631158770885,-0.017724696819485897,-0.0019459208115196085,-9.714405689636355e-05,0.08891524589355489,0.010740670568238344,-0.013932439285615723,-0.04924873113206307,-0.010517927272921912,-0.0010371052463422825
protein|ARFGEF1,-0.007645238349912187,-0.012520643111104447,-0.0833002962683637,0.06253570481632331,0.013062863437876193,-0.011761551767693026,-0.010586891973367124,0.0015925507897844777,0.00012017113871601991,-0.04785660986506965,-0.08697166949343745,0.05258517055233624,0.2214606269777368,0.015331644178039753,-0.043427982165124085
protein|Q96AE4,0.009465392738196621,-0.31847248964307506,0.4813639792436406,-0.06908464272822834,0.027791362589041982,-0.013636335628494319,-0.013541048752873439,0.005027069998639195,-0.0003550292707968592,-0.06446251055300066,-0.002891105186543867,-0.030190163229079737,0.0452369806412403,-0.04903810174619955,-0.002150307127682823
protein|CRYL1,0.016415837117698385,-0.02032181762711278,-0.2038641047782218,0.16179426118952514,-0.013248725772260442,0.03555550599257483,0.08674077144252312,-0.006958605306486971,-0.00037188663182788107,-0.04675446129538758,0.1306939227237898,0.014194027042374519,0.06068100247829242,-0.014234979682079284,-0.10470140760198113
protein|CTSZ,0.013268914209185682,0.02592002060410429,0.3008591641099234,0.21576225134157195,-0.004260432474663144,0.20633604453922158,-0.12675931277353664,-0.0002555696894816087,-5.632520613413657e-05,-0.17023579423685165,-0.007515486880405668,-0.00032953667476090086,0.07007841093293633,-0.02126203609623221,-0.06783879021957591
protein|RPL34,-0.001387392935262165,-0.4390805925889939,0.16071843555774165,-0.20261635857714444,0.0005244015364424435,0.12068533836219472,-0.0013337962932102186,0.0004531686723911413,-0.0002385976196393767,-0.1203663367106648,-0.06142753215556971,0.10650062379424903,0.04341658494300718,-0.06394463573633322,0.0003104043846394198
protein|SAMD9,-0.002602042610430129,-0.013048642383037514,-0.0646292881638105,0.011530215970071214,-0.003258828749018972,0.015927846052111616,0.013172458208826534,0.0003253164819512568,-0.00023419864876098436,0.167334359737487,-0.18081003234256562,-0.028408861748257158,0.21703184549132512,-0.004687712871725362,0.01664156897898171
protein|STX18,-0.005875136847149176,-0.12937763070372665,-0.35084020494158386,-0.12551896174961094,0.00016556089670141736,0.024317124346344757,-0.009167108487774165,-0.00401378048758525,0.00026419180697183115,-0.126222644425854,0.0011060515317854373,0.004533712374961312,0.12050947970818814,-0.020091967731394746,-0.03863600960774267
protein|NID1,0.0018200210930657155,0.41609044951657154,0.1115001489777168,0.03825271412080214,-0.0006975679609240686,0.012688621618967784,0.16583182970859173,-0.09976044233919282,3.3688491187940277e-05,-0.08041573860325452,-0.023265557564406916,-0.04088384517622555,0.21184334446951528,-0.014184337110350591,-0.016993766919134144
protein|IFIH1,-0.014895968473098889,0.02044542022325156,-0.0538624066932199,0.2282869029103721,0.015072819959548529,0.018970782504259,-0.009863532992888729,-0.015143518172027633,0.00010775980450823195,-0.09147121788456458,-0.019998591528795094,-0.0067625324596646726,0.15157341105551295,-0.012059975745215178,-0.047852303805974994
protein|EIF2B2,-0.027210805588298647,-0.20454329141286492,-0.32165599313253485,-0.13656556734356787,-0.005068545359154559,0.10449247396166841,-0.0029454717201015906,-0.0023522632426871424,-5.741032767916736e-05,-0.06592355874050204,0.03932356844151918,0.15563720060701203,0.0863369666852687,0.04249846711350532,-0.0027705909015040948
protein|PSMG4,-0.0016315162846531172,0.10158634813780093,0.11335231783617364,-0.07848769371198633,-0.0034089366842266025,0.044758703667441516,-0.01592299485886348,-0.014270424752546319,0.00010770108348575621,0.10826447019400846,0.08104547604364577,-0.030840501539777156,0.05733392438311444,0.010319422574253676,-0.06932834152985244
protein|MAVS,-0.0023051434602983025,-0.013771669724927483,0.25322224437348445,-0.058388532523669205,0.004851831563309061,0.004439897174379466,-0.04381515149072642,-0.001823873337681644,-0.00038007696730757456,-0.11927017259729417,0.1826499534575113,-0.017717757143582067,0.01696770899487153,0.060253887339044965,-0.13590955976255314
protein|KPNA2,-0.009892484064564654,-0.008636360278671429,0.019974773142906,-0.37573046220580686,0.0038710957032240026,0.17441775463584563,-0.175596861097876,-0.0011432546227507863,4.77940927215906e-05,-0.0408087477333328,-0.06653182974794795,-0.010384790348365116,0.09345454917723679,-0.017938098116529827,-0.04965393157729507
protein|MAX,0.0010989921601832484,-0.14492036248577783,0.457015852803509,0.11449782262712173,-0.0053948584362906535,-0.016122078911968724,0.08967497274484759,0.008271997046476812,9.366445934887479e-05,-0.034790164740000774,-0.06539842259841382,-0.07130877281161925,0.08229045593567434,-0.03986757478466794,0.04407880244456403
protein|ARSA,-0.01749680529559798,-0.013053906496161128,0.11722331184110892,0.12524946866544465,0.005498696153769972,0.038380989797270955,0.11584975561403635,-0.00020718242434240159,0.0001977862279140988,0.12197205979425756,0.15021868105543387,0.07275646668280114,0.10156087913865038,-0.0016547680227558532,-0.014716739651973757
protein|SNRNP70,0.009387247592766452,-0.3021749159060712,0.431740856810003,-0.16755808373524855,0.032969953340709145,-0.0018943887847787451,-0.0022219362158687364,0.0012585608658227932,-0.0002548642563002082,-0.012339370718340393,-0.08696895484128848,0.008435634756733645,0.10127525520777009,-0.07715499767358366,-0.005256772865474436
protein|ITPR2,0.01236311402571288,0.13808113532407934,-0.174445161108016,-0.0005529393981120351,0.012993985450811017,-0.0333602210360803,-0.08413760724335818,0.005348310982786487,9.754992809293322e-05,-0.28368529813069115,-0.0022802004673771856,-0.07739400256553933,0.08451774173782707,-0.009727731378634643,0.03435482296576514
protein|P4HB,-0.001812056656794095,0.15389805459898523,-0.27543339481915863,0.001249567227003698,0.009902950776588306,0.3307424192194771,-0.0107586834723986,9.564040580841511e-05,0.000672069124752549,-0.12312389907965293,0.1451235673046555,0.07820520456390691,-0.11140310042878034,0.014892953553951599,-0.014670077572743535
protein|ALDH3A2,-0.004196627155778399,0.09446926749306833,-0.14425266489560265,0.05971245171570301,0.0037161879358353885,0.14584152327620375,0.04689402018689654,0.0014683194774768639,5.1408282649951926e-05,-0.050811968527021315,0.3028742694363748,0.023965082984732235,0.16255640145162006,0.015995351965439653,0.03394435911821536
protein|SEC61A1,0.009611382715436876,0.11707655920691878,-0.23513340614100342,-0.0765118624723883,0.003832679173307518,0.1439037368831186,0.08873149411283301,-3.594120881597625e-05,0.000327731674408339,-0.16849611613635856,0.029055994298562263,0.10869481518669634,0.289514889241564,0.017781438750730256,0.04541785243209914
protein|NIPSNAP3A,-0.00108237783486351,0.2226465055710679,-0.23134052979983452,0.07450728644359739,0.0013535803116957383,-0.057656833908668256,-0.009981638020988535,-0.008884748092348101,0.00011658639236064457,0.02178553586744475,0.24617157069815973,-0.11431209127096284,0.1869563439578105,-0.0005312687219944884,0.029357527922951973
protein|NOL8,-0.006510818779932215,0.12246632181026472,0.09299501723129688,-0.0729617951166767,-0.004158530916526993,0.06876131646897371,-0.05101013642354427,-0.020666662484785624,-8.859832903421339e-06,-0.09945039494137045,0.035604308628013864,-0.04142782493846221,0.3110304761636363,-0.020134570639592102,-0.00039740106122268564
protein|HSPBP1,-0.013369850920131331,-0.03371441770860942,-0.21432453999866094,-0.09799888695940781,-0.029865799482925105,-0.01055042358274461,-0.041255328669725914,0.001557074016477896,-4.125405379629884e-05,0.07468319194992795,-0.11865990121247326,0.023180066829236488,0.2691399808303288,0.018880220463848595,0.06621959969348384
protein|NCL,-0.0027613984978067346,-0.2585195713699336,0.005268967509638333,-0.36571665991693797,-0.0017944670146932368,-0.04005214830792752,-0.0023197348884923933,-0.0005110666338766978,6.234721791552168e-05,-0.12161809562380571,-0.12582568510185538,-0.08857473396401791,0.0775099718561309,-0.014451664423179536,0.04670904600490973
protein|RRAGA,0.009069074868601255,0.0030517401497607384,-0.21915889711210326,0.05941280691967265,0.0039406540694025185,0.025142867648727325,-0.06698143592603518,-0.01720368662969751,0.00016711342480656708,0.14214991453525477,-0.01765838156484567,-0.08102921574207181,0.08899705956550039,-0.03049396367884303,0.004487798201293878
protein|SRSF5,0.007591597346610601,-0.385483132148144,0.2789620717566134,-0.11449677997997781,0.0442978736989594,0.009510229681878332,-0.0033367036306619904,0.023259924674187655,-0.00043186752804396885,-0.001560868436956769,-0.0258718403887695,0.002284879796950372,0.0346724459804669,-0.008061803875521559,0.00662979542180883
protein|RALB,0.024297422128940076,0.1222379137982367,-0.09510170289581371,0.2578864091810586,-0.0007172741515478907,0.1475957583519731,0.008648647208256931,0.004587789799774478,-1.3223128721735658e-05,-0.11091827157576002,-0.007489796688850158,0.00042768032294702426,0.15837500275432506,0.019961550311676315,-0.012506091971849868
protein|PRUNE,-0.004735622192741173,0.0010242569144560897,-0.20816632412598315,0.007007789415675019,-0.008426468211831446,-0.06129543466334131,0.018817206494403115,-0.00034346470247690957,2.045047534271732e-05,0.03934000437034631,-0.0106689644530098,0.0006307310512276808,0.13637414196064232,0.014978588650692208,0.11215283672990166
protein|BCAP31,0.0018825109288099521,0.01132552587896284,-0.41311395506917853,0.13980773064999075,0.006139392933655767,0.05604041928711035,0.012982241410244202,-0.0001940961925715863,0.00013461860106660204,-0.22802156244608246,0.05419644871085076,9.340512007050295e-06,-0.09104840470953453,0.016900727441178556,0.025371878200827803
protein|PTRHD1,-0.02611335463195166,-0.3341389849474141,0.04196590592412452,-0.009245566511413467,-0.0011867323365426683,0.04518090557227393,-0.002658153135270319,0.0016576583448999686,8.217964298912707e-05,0.061709992650632824,0.04271590834099324,0.07140156728053061,-0.05717531197337083,0.04327631361715955,0.0050838068255298725
protein|ETHE1,-0.007933189123751901,0.045555183504359484,-0.08211971493235065,0.3401186302389249,-0.004441988330314038,0.16634065570410778,-0.08259695905503939,0.0010302111558475483,-9.927613133307499e-05,-0.06938464735000809,0.21972631357748654,-0.0008032006308205118,0.048299751474364466,0.011478705028357981,-0.13036092253218676
protein|PPP6R1,-0.01299407998844813,-0.09916281456344712,0.31974660397361115,0.12374059529651413,0.007193124304323616,-0.040194846566171206,-0.005687387696888645,0.0047428044974804715,5.2645063082209915e-05,-0.025046495460148765,-0.06112258922786011,-0.04642393689585377,0.04884584045005255,0.046415023717156924,0.007986821899022006
protein|EIF4A2,-0.007598332620697489,-0.0901656330973447,-0.24002880619524844,0.024480364212622577,-0.0015178383891538867,-0.00535293636894786,0.14254306533779612,-0.003663619598779963,2.1586719986692597e-05,0.005813160636211754,-0.05806299351157054,0.07509924186085273,0.18844764524530705,0.03224030948086424,0.04971650878413818
protein|SKAP2,0.005969643918730231,0.02772494535928591,-0.0631711133463542,0.2933491751103114,-0.015521203974467952,0.09352011446839309,-0.07507440049341854,0.00012410767317876876,1.3211858409370015e-05,-0.08621343348972715,0.03899880625994473,-0.036526047936677575,0.2415026787868223,0.014329068503751666,-0.1385920870282889
protein|TXNRD2,-0.006415159619576601,-0.013424212506957425,0.07924148880375445,0.05421456453685737,-0.016839766944058,-0.06210682242252602,-0.022541864659840254,-0.002302318023318048,0.00017329349266780896,-0.030045821346048315,0.275882375647481,-0.01668920558114125,0.02049787287226716,0.044608529945145164,-0.005053500101047114
protein|A0A0C4DGB5,0.0034408445877511375,-0.14160114830014903,0.41716438479142226,0.20546144794165497,-0.003501633042750579,0.01564786687475155,0.0007962970706050357,8.479445581148341e-05,-0.00028158682157224335,-0.12400617844987513,0.04243255870313092,-0.03142038059918189,-0.12308472713122917,0.03607701251129697,-0.09728899397347501
protein|UBFD1,-0.008452375903943212,-0.26146605713128135,0.15686083385540006,-0.09975372485237527,0.0010735427403441515,-0.0058736223889501275,0.05156333663546119,-0.0017437821090026783,6.329453884949238e-05,-0.10867823176050342,-0.08883316757590935,-0.025002929556394365,-0.06487616501706682,0.005207768446739991,0.02355936114978731
protein|HSPA14,0.007506616776186459,-0.13760618266575847,0.0697275428529733,-0.25537178293589874,-0.0070793751186078654,0.028244196155654436,-0.08643386991455415,-0.007980532977945373,-0.0005114847303730459,0.01544727064111488,-0.06790991529046804,-0.004198785221703917,0.06637975774973898,-0.00027141692695285753,-0.05246281628625347
protein|ATG7,-0.00407725362364123,-0.002770336039199245,-0.3125737250286043,0.24147784391461385,0.004080867675878504,0.06026979147318945,-0.020793542638428482,-0.00099324250496331,0.00027823699941604825,-0.10385848435981154,-0.1467127185842581,0.021381803100733097,0.09587993006421011,0.00832537650402041,-0.053510440936245504
protein|MDH1,-0.01844883715311563,-0.28419067349050053,-0.20113183583626804,0.10501361407111319,-0.008279429654091008,-0.20350666611312423,0.011315916799792963,0.002492667507763643,-0.00017409690212610615,-0.05293472713598856,-0.008501902204721842,0.06768637812707912,-0.02319161278769597,-0.00541928727028557,0.0812610637953288
protein|FAHD2A,-0.023747851223605447,-0.20026182755762761,-0.18014110615670648,-0.03840109804980943,-0.021336527873926238,-0.061907436179560814,-0.08887323547066084,0.021996646555584597,-0.0001906268523114591,0.02359689163716403,0.2528514059676798,0.012770912296964676,0.11881319871785223,0.018021231310454962,-0.00618556334931418
protein|MRPS26,-0.004906531435651575,-0.11356240779526582,0.024154126681967238,0.05712251759402041,-0.0006536159555604662,-0.03348383038474393,-0.0026366097123304627,0.001754240300852847,0.00012708453622832627,0.17455166004981312,-0.006673848347522215,-0.048867162487633606,0.19243950483911224,0.041240459062891734,0.030367509076197372
protein|LHPP,0.015375535574793332,-0.014593799927431402,-0.05510655049481867,0.20347894796726004,-0.006868648214423186,0.021454786144881888,0.19281014976243097,-0.002130854450518484,0.00013658931299879822,0.013397124656517762,0.08800870806267114,-0.0011207870755968275,-0.039826188757471744,-0.00413804694301379,0.052019082383301114
protein|SETD3,0.018625998516931176,-0.008423798100620843,0.08941883315201936,0.04513200887489534,-0.013272470176838618,-0.12445196704999721,0.010154707919171882,0.0029152554293987226,0.00015967515978122551,0.10088018295457359,0.027222512508047657,0.007104909982516301,0.15452993365578263,-0.005979134077948903,0.001754194121197646
protein|ASL,-0.01819777179341654,-0.00751028098923208,0.006226400674401846,0.04389356433657224,-0.002353738440140324,-0.06416696011669375,0.001257188900270295,-0.0008634827387590776,5.503246443447543e-05,0.08648977132373374,0.2942959201563218,0.0799185896004762,0.17212677595867032,0.008062600498558848,0.006929739465166177
protein|SLC9A3R1,0.017984959678697773,-0.08277591951924956,0.30965255522450025,0.3171830974214147,-0.00780415994234766,0.15379844749074847,0.17426947258324552,0.0004291811348773301,8.266822622267254e-05,-0.1259389602428226,0.06784710704029696,-0.013057182569963214,0.03818990960607221,0.006671529896437275,0.006171719227477154
protein|CECR1,0.0007267870948530535,-0.006832961585108241,-0.1689328018821232,0.2391692803627158,0.008908133565570556,0.01511349017711182,-0.0674200945280154,-0.000757108656302548,9.632576275801468e-05,-0.04620499618983091,-0.02719723922365825,0.002359374028903682,0.12224836592169123,-0.006659377296945104,0.04438705848209984
protein|PSMB3,4.47689889585585e-06,-0.34208500082773785,-0.35388858998577366,0.11698685887002255,0.0014039349726243844,0.07320395922668825,0.0018073615314014857,-0.0005440131923318837,-0.0002255199338720147,0.001712389363341052,-0.042037154419293093,0.14446924862066537,0.002914780321644269,-0.020226344376975434,-0.06249163535145582
protein|CDH5,0.004324854404885267,0.17512611858974997,0.2729323629854346,-0.023356748331030897,-0.01714315450934773,0.017733796914180935,0.15412049859542604,-0.009054298243293924,-0.00011335505147373104,0.11881042051641834,-0.006101933318539714,-0.008064270706558109,0.18794044400818094,-0.0033023990245718833,0.0029738805320504427
protein|FNBP1,-0.012965017261356014,-0.3240152913847141,-0.1201012077078338,0.16868610805164236,0.015713511691018308,-0.14051320785179697,0.016832262643400302,0.0007851098787968827,8.165160794569968e-05,-0.047876862250190666,-0.12640176011815557,-0.018968782182134925,-0.01803441812745811,0.007201641217728678,-0.08781028926476454
protein|SRA1,-0.012009854588563186,-0.1199080229545746,0.35936874724383117,0.024535061585072935,-0.03595603903233395,-0.04636977293613648,0.0013927044139177064,-0.0010300145284450725,-6.277240786628185e-05,-0.16458693597839352,0.013413763099302709,0.08092846309716452,0.10790163195770927,0.009173775229037166,-0.01957028173709644
protein|ASH2L,0.0017325731124990065,-0.20231280234075955,0.1345948076547079,-0.06637065246065871,0.00130824720476905,-0.009447513521705246,0.10360593657797706,0.002736165663588302,0.00010569751452082029,0.10983998815174216,-0.012524904347111395,0.01549483752457014,0.0045984044579871,-0.0001360592939853231,0.04866000694152321
protein|GMFB,-0.004463618690503568,-0.21929570136387042,-0.2404508740891484,0.14354537612246673,0.0007254527172988554,-0.001216168096576115,-0.001735877645578111,-0.00389185993110022,-8.655191409508309e-05,0.005857677157406069,-0.02994836313776124,0.1217987360305894,0.02786477504329938,0.017863152242688835,-0.04745489925899136
protein|RSL1D1,-0.0011461082742360402,0.0019786893943317795,0.04010175810644961,-0.3973177542751958,0.006818817452410979,0.012926533794920045,-0.0029539403855523673,-0.009962027897972141,0.0004791383453682645,-0.10416603528844101,-0.03608131664239547,-0.0051941815739194866,0.1616975692128092,-0.002513536257672619,-0.0014754862565457797
protein|LST1,-0.0032242339961344297,0.09548583076267504,-0.04577302525690867,0.334790114083289,0.0006100225968524137,0.16066225703661308,-0.0017930074131614646,-0.00253623959137697,5.662677721962098e-05,0.02497928431447056,0.0027910838401843953,0.01842633016855089,0.04732758235162755,0.001593414686936693,-0.01598103396737064
protein|TUBB6,0.00715987850645066,0.10290971320645786,0.15124491449360758,0.022742386598051105,-0.004261952935106245,-0.012840245906927146,-0.08589480073976001,-0.0045586333207511725,-0.000269990845610121,0.02501385423835858,0.030779324715728574,-0.011055185155704791,0.17184455778185126,0.007930007378604902,-0.004064753031547137
protein|ZDHHC5,-0.0008385796769300325,0.010260344960364888,0.3754207058001274,0.024207669763879475,-0.0016911127094238463,-0.028954889811250373,-0.0031231557657979557,0.0008433120959688137,0.00040571047347841223,-0.11287872643349213,0.02380897350311074,0.0023397189469441045,0.14850603210574928,0.017708871518783257,-0.050919784585280806
protein|EEF1E1,-0.009375933586487542,-0.20046684538893803,-0.3242638439127677,-0.1561216135300607,-0.022987671757957302,-0.011421428028079494,-0.02867287780525488,-0.0016645942480958647,-0.00011624999888529805,0.049029306074851654,-0.004498202097260261,0.00893897639108794,0.11487239996835784,0.054564987992788326,0.0750677010846239
protein|RBM42,0.012551724913229636,-0.11608978560238024,0.1453451869975308,-0.044654059663399394,0.013098919221078071,0.03803151907479898,-2.759362148539142e-05,0.0018038408088292249,8.328333556433268e-05,0.022844947654870496,-0.1546784955273093,-0.029855887225769397,0.2032999354847624,-0.01292838665815091,0.008260959317601471
protein|ACSF3,0.010824221754928734,-0.024853597599448184,-0.1255059596468365,-0.016250782165742193,0.0005447983365998903,-0.11644918172426016,0.01673374125459383,-0.0012199406086494064,0.00036714577151740805,-0.015613642367777271,0.1464781228750439,-0.07390131999177506,0.23785243191573505,-0.005222945796623264,0.035246902683233085
protein|PXDN,-0.007986826549962118,0.1852047439364759,0.11381371236584137,-0.12575114211111268,-0.006637739579177636,-0.00215568728464508,0.06038054555451948,-0.0009679248374009975,0.00020927051713896675,0.12195834048345444,0.017230385833643794,0.0420794105570145,0.1730700798009461,0.00035138273890453187,-0.16780991409779059
protein|ARPC2,-0.004182198759905949,-0.12314608709823183,-0.452664575900036,0.21450857575046595,-0.0009747689388488759,-0.15371776573965967,0.06588433261014191,-0.005193631407711424,0.00025322833722894,-0.03248152263062093,-0.11563571732485721,0.050398802663034044,0.04796061775676731,0.004659471433030132,-0.05528630289835239
protein|SAMSN1,-0.013251510867791846,-0.00882838341351501,0.03045116945134107,0.08579063408512975,-0.010785558465738775,-0.0003876394811932582,-0.027031919954563704,0.009470716344686434,7.009290692788054e-05,0.0713261050874176,-0.006906228159139504,-0.0057785444713989885,0.12517649171428402,0.0019619740285592093,-0.007838863963277154
protein|ERC1,-0.0043252872316894425,0.1405374608168199,-0.10562916655965718,0.0016350103150793752,0.014840217371006895,0.007863890179504344,-0.08830561260777875,0.003674905933524476,-0.00020810432371681504,0.1322584430356803,0.08132516899896279,-0.04039539869167441,0.14894499073540182,0.032203057973798896,-0.03860500403010789
protein|CASP3,-0.004146143183354906,-0.06065828639288886,0.0883628970375549,-0.014595910642442304,0.0009591820420429702,-0.03158737956450893,-0.020752783296198167,-0.0013112624869967991,1.7988489436490303e-05,-0.14911139908809223,-0.027852568388804722,0.001062632306168414,0.20685649535935471,-0.0578103787880643,-0.004937466871670657
protein|WDR11,0.0013013659881210976,-0.24145594589021985,0.10192963066679683,0.03753228818596732,-0.011303443149358187,-0.0016541267857616742,0.015003342085394217,0.001016572735812354,0.0001457686214522369,-0.0016982251093628515,0.08701513567377236,0.027652933737530232,0.20992862596801956,0.01495005721881999,0.033686487920988474
protein|DPYSL3,-0.005692217287829596,0.2504363550692361,0.03324952176555781,0.03770843510899186,0.012127558361203493,-0.25941055059482043,0.1436353635015089,-0.0009446020550623975,-9.924612861000867e-05,-0.20610290503537382,0.0273408365985785,0.046683942088107847,-0.05310686864846793,-0.03767742379468404,-0.2599406950900825
protein|NCEH1,0.012180067799484447,0.12379942685684975,-0.2251643589379301,0.2709554198584762,-0.0125753158587211,-0.007111553696314196,0.014446145023227164,-0.0072694749700119516,0.00041958470207036324,-0.18767216077154417,0.006328768007009516,-0.09306719754924696,0.15819717780910122,0.0201962747670952,-0.1957723068348553
protein|SCAF4,0.01801346805354925,-0.23413291109647205,0.24160072005574212,-0.15683741516509056,0.007632756628122917,-0.13910952862482479,-0.00981682367060424,-0.0037325515915773125,0.00025593903584478206,-0.039137771310592144,0.004716205207396636,-0.10696292447026363,-0.016957054812007693,-0.004645845669667366,-0.012641533478391278
protein|GMFG,0.01583411557835589,-0.1963355507562095,-0.2072649201734721,0.245915064416672,0.004832547074882873,0.17017843714992947,0.1739634397192003,0.004334488104972157,-9.522110392620158e-05,0.008036889382910719,-0.15286053942865188,0.0013544048192640021,-0.016891312947541044,-0.002576742059686486,0.006315307021802677
protein|RSF1,-0.007733822101350601,0.11074428125173374,0.06459740763199169,0.00024636697435084147,-0.0042965976566472375,-0.0037597395001032164,0.0018831171382220934,0.0010749506794698828,-0.00026972108002169836,0.09478178762112208,0.011887324106723647,0.0010586269579171553,0.14510831753114906,0.008065460884312701,0.008314534235770136
protein|TNFAIP2,0.0006244182926080962,0.20098343814566408,-0.049297378170915215,0.38867042896241183,-0.007170881742530918,0.1982183760821003,-0.13800761482317256,0.00372046842522929,0.0003556082048168302,-0.0726507273674215,-0.08564816613044558,-0.10597596532869995,0.15328636523833933,0.00326960698464773,-0.10126501337441361
protein|SAP30,0.011333717122523847,-0.15294400552217455,0.2627326029787342,-0.14356667608471707,0.0003855310911530511,-0.07142060580491022,-0.13022731885728453,0.0006472549900042628,-3.152218244502522e-05,-0.15035233936539102,-0.17827832101729846,-0.0006637805140525697,0.1484313666676773,-0.013415979681819202,-0.02652833919590988
protein|PTPRJ,0.0033782046478968686,0.0033889904047956975,0.2915946433429177,0.05273767196425204,0.0029314122091576088,0.2428452686144471,-0.013897222298809346,-0.02244549624529077,0.000739720592963865,0.19778522499805526,-0.005201158276420697,-0.1261990110040255,0.18226883074466274,0.03298601289188206,-0.0033653821576422474
protein|CAPRIN1,-0.017512785761955033,-0.12821074344873262,0.27850575603205435,-0.3118822845193999,0.010810334745018576,0.19941769915450946,-0.021181673320767536,-0.0004906497282084932,-0.00012850483793890372,-0.07062626530708035,-0.05658149970756293,-0.02931132230461985,-0.08604286837300505,-0.0056331518231705876,-0.008771859075055543
protein|SYNJ2BP,0.008495425212838782,-0.07126210076917919,0.26308368706047486,0.018971571039845658,0.011182088552179175,0.027921601306893522,-0.05783493793468284,-0.0004554710661451649,4.973996985987481e-05,0.05625686972443537,0.1893966236390825,-0.010080949410287952,0.25308207565587704,0.04952507414727659,-0.08479250956767821
protein|RAB27A,0.013616169749688338,0.00801175508492557,-0.09766356425283114,0.3930145759538798,-0.008849654289010741,0.034195899986643435,0.0010071656927439418,0.03115591597536411,1.886004969695033e-05,0.1080130120538593,-0.008874949229665904,-0.03163868950469113,0.2211525397351312,0.013827120122422997,-0.0010301112821866462
protein|PPP3R1,-0.019039012349828407,-0.23613448486541377,0.03865011101451406,0.011516364720552638,0.034639735535787544,0.0008132299222174414,0.12365065207776399,0.0005805791444605465,-0.00022825869814407663,0.019361729168608104,-0.03919311442672603,0.11246233568686638,0.029930877798456386,0.05300104813836044,0.02008387948773524
protein|RBM6,-0.006006647302564189,-0.18678385514102439,0.5006511914278455,0.002721784621486628,0.000509103011928011,-0.038973395035675006,-0.05977951684078856,-0.0035725369201688754,0.00042642367478795603,0.0433283315091944,0.04488941911494467,-0.0048348014865146755,0.12722409735380494,0.024598069232797774,-0.0040009235807619845
protein|SARS2,0.017602108793577917,0.17136984809471767,0.18558084576064704,-0.0878074911412248,0.01595231772218728,-0.0037230032225538476,0.07659821343237277,-0.00018440023303976298,-7.462306714042273e-05,-0.04918056251704298,0.060076992108702765,-0.05673807336780466,0.10924296458853348,0.0058715731534009375,0.057365334809485996
protein|NT5DC1,0.031348135517358364,-0.09025630878467493,-0.11576509889418667,-0.15208959026723787,-0.016950527651888113,0.02887112148831302,0.0674730022689399,-0.0010126285558717178,-8.725761109309889e-05,-0.14580734162049436,-0.13219272581872385,-0.003109541862240154,-0.04120368065998497,-0.0008063670191202275,-0.00984362514966229
protein|ARSB,-0.008186962954013046,0.02604113877038952,0.017446228951829693,-0.01089764352143911,0.0032293900616583303,0.013170454391051634,-0.013121462885963848,0.0007745803488782509,-0.00017368035697065145,0.2900729930863632,0.019608913612717042,0.06506020734645347,0.13819352388425662,0.0028668419734200136,0.005744390357706624
protein|CNOT2,0.0009069462101419266,-0.12360201065244504,0.24932838080442976,-0.06258783912315107,-0.009888648594003855,0.07260415222359082,-0.0018175950010135345,-8.248076918180473e-05,-0.00011649894609527636,-0.0594239236273793,0.008079928381168066,-0.005503663723735959,0.11433493740653346,0.013837110098391007,0.0017808573605803111
protein|GMDS,0.009895495828638268,-0.09597518867585073,-0.18987558630208526,-0.0016910145836448076,-0.005096663684886338,0.0106634774706152,0.05648064364735954,0.0031620803150196842,7.640088651227635e-05,-0.099564218536464,0.0401854293660434,0.006854779133441558,0.07926914472782341,0.029323449545304497,-0.009640803340851486
protein|PRDX5,-0.005934903355890375,-0.345008057121496,-0.21001643879490975,0.13083387031699273,0.0019989113268950327,-0.0617177000286958,0.004434049791196873,0.0008683457900744884,-0.0002826715740329086,0.135814244198099,0.19264632965058698,0.1108542756662593,-0.09140111968261874,0.013213577484413912,-0.0011906948276815166
protein|RPL27A,-0.007070947334299342,-0.3629922950934409,0.12511053982626108,-0.17738381309145704,0.03791036323902812,0.16369773015863961,0.00034883416508041707,-0.00048073563966153537,-2.5085674770289897e-05,-0.02615408862013571,-0.047506427335921454,0.007728426443982548,-0.07495198072839407,-0.013883080845208753,-0.03775232591641778
protein|SKP1,-0.008919428553547671,-0.18864513124999369,-0.11460052651031029,-0.006775190667142255,0.0025328698244559767,-0.0710019424560572,0.02103651138145302,-0.0029447622878122216,7.383955341575213e-07,-0.04015025644741678,-0.07380211440554237,0.09145632424795733,-0.07842634954737936,0.02173571941406456,-0.01746799369626038
protein|LEO1,-0.003496830886773884,-0.3073358819253872,0.2964169557516602,-0.1174515855041207,0.01829530471213458,0.14935317045850544,0.0022792602083407673,0.0003914544377396034,-0.0012368292940142284,0.010274776044658507,-0.08476296428431702,0.003525623853700797,0.023476907379914102,-0.027964787493888615,-0.0098753645999166
protein|TBC1D22A,0.0036174641365072785,-0.13593168017567378,0.041015550090671045,0.08591537168517922,0.0033858489958950915,-0.09507961574657048,0.01668133413352243,-0.003885101568152687,3.603631123503339e-05,0.12669346902699832,0.030310859945003658,-0.03374917124540269,0.27455984988705145,-0.03968530103169047,-0.004244378041763244
protein|CELF2,0.015181777198358075,-0.2604498962005562,0.23331323516265834,0.028551764320813598,0.025092413007072187,0.13044438466911845,0.10062440157781657,0.0007661038052653312,-0.0003199628187720884,-0.15295457174101101,-0.2683307720436347,-0.03525560157010001,0.11205016038327434,-0.033189559551476115,-0.00011267048017354
protein|NEK7,0.005209374042615945,-0.1609951132195171,-0.26292298527325253,0.19249707495395535,0.022683868277243426,-0.10031613492001175,0.034434416417991796,-0.00197906864428104,0.00012844751099729023,-0.04107834369594018,-0.016830792004520388,0.004187481871073868,0.16035446329070946,0.007864719730355492,-0.003524431704488742
protein|MGST2,0.0036803217056670663,0.20282511201515632,-0.13723812801213395,0.17491020034609658,-0.012154121699378273,-0.0008304739070962554,0.015179940763082411,-0.0007659317076699547,4.241202079299527e-05,-0.1607602365391338,0.18346087491021526,0.00847400809449618,0.12955449075946654,-0.05054935400412571,-0.01495503060275986
protein|FERMT3,-0.028126785574352994,-0.08288662910910645,-0.44135322049270936,0.2686558532966441,-0.00015443875721996632,-0.07225619526924554,-0.05730942797460573,0.0007329481338272439,0.0003039667161302076,-0.03282269403846561,-0.1330099641775912,0.0015851344800010638,0.07104059720248058,-0.030271403737967446,-0.06402080320990418
protein|PAIP2,-0.01214454671713033,-0.17130823358051328,0.1822418941075465,-0.19408018161532173,-0.01791425830346384,-0.01893291897607577,-0.05679321759976961,0.0016200353230618162,-0.000375013360178453,-0.1314644900659017,-0.0016292802042179896,-0.056330721924412935,-0.09290069233875452,0.050623845089973044,-0.05343189882542119
protein|MOSPD2,0.0008304725671770632,0.1755839070044888,0.1866082549041201,0.09685986554271186,-0.003784482009738847,-0.022014383729790348,-0.028268760993153695,-0.026680622091743073,9.754272746431116e-05,-0.14991467459559066,0.03226239499539842,-0.02492904283297123,0.16612892487629413,0.008792163809508398,-0.04304796832824344
protein|GNA13,0.01676082127030128,-0.02138850271513998,-0.3026313554679817,0.17399273459307174,0.005174599065402204,-0.11027780472203963,-0.037904053148402644,-0.0034512223740503765,0.0004888315067887287,-0.06274776246802785,-0.034558974657494766,0.0032583096527103853,0.14182443802061967,0.037535621679477986,-0.0070296312288505
protein|NOP14,-0.01246702281561539,-0.006536637974482229,0.14224743716002974,-0.30713840393344205,0.014847965618485353,0.10550807597936196,-0.01895698357474057,-0.0007434299304665548,0.00030752012561930243,-0.11621138695276356,-0.02122978649484252,-0.034359265933286566,0.19101177046699386,0.004852258816267295,0.013217788084585574
protein|CBR3,-0.015611243710059342,0.00882529595974345,0.0845174971209043,0.26708906894471846,-0.011246188072442568,0.2596548869960806,0.04443249148103163,-0.0043075763342377655,-0.0006879362426206519,-0.0056804303091293785,0.10956007837493416,0.07545953639898731,0.0675105049767026,0.007601469889328122,-0.0025853720063014384
protein|DPP7,0.017313544548308468,0.006265626080949523,0.05487106773400828,0.13133212405207814,0.006260611852129242,-0.007452280896685936,0.09189936623253601,0.007926673726690665,0.0003162265220437548,0.014951395316798162,-0.0008975136398409496,0.09454571209194146,0.13337931501909478,0.021268915512086383,0.07071149285124341
protein|NMRAL1,0.0014316824083535008,-0.10798782040070293,-0.19350846257511034,0.02302159047640187,2.6639604282065447e-05,0.03290652741745774,0.04675405881445744,0.005058990001850873,1.3329597875419439e-06,0.12216211148571084,-0.012806695635919189,0.018907242439427666,0.05523811696826689,0.0044584162939707486,-0.02761528415338198
protein|RRP1B,-0.011531846773452674,0.029633371211205527,0.02151398710458345,-0.3468970438341066,0.005579407854432228,0.03128477187472511,0.0008759311760208853,-0.00016267187055576555,8.257533943854578e-05,-0.07869331378020149,-0.010903185455113266,-0.018526514681187108,0.2533697112106809,-0.043517227598741846,-0.010590041991488454
protein|K7EL81,0.016176753871828143,0.13885145401403334,0.3729237171199387,0.05458451999043962,-0.004598185343152143,-0.06357698911087308,0.0008916751321108619,-0.02064722304881307,0.0002447527247696995,-0.14176236868062325,0.09906384184388951,-0.01905710527004369,0.06678927214973886,-0.016584254598782742,0.000994841462676756
protein|CIAO1,0.009976796217855242,-0.16614447855475428,0.33189755905332424,-0.015693764720087246,0.010660592528055665,-0.011808704228311562,0.014172084309663874,-0.09981672986421622,-7.004350563555698e-05,-0.05717061514682337,-0.07905552377639663,-0.031117476409307253,0.12938861520154946,0.013316638622320952,0.0033716901365472888
protein|PGK2,-0.027582913500895923,-0.1722092644766178,-0.13295978664577013,0.08078334284495789,-0.008234166518277226,-0.025935549849575797,-0.026355538162494065,-0.0013165451462378852,-1.242204753898363e-05,0.013776280266490571,-0.008663757242479182,-0.010786087278659207,-0.02122486598890127,0.0625554694101759,-0.08733510798754733
protein|AGAP2,0.006841054243356526,-0.0006450474426842791,-0.11189367077862408,0.12699140770549203,-0.0037946096233126255,-0.011642879873203622,0.053551918257587504,5.89431199346302e-06,-3.3335937879891674e-05,0.3063361495345866,-0.13947109862687337,-0.07712329574236569,0.026017405519294993,-0.06217212403652527,0.01020945453805443
protein|PDXP,-0.0012402368713607791,-0.06690040995273411,0.1522524954722644,-0.019445146908764203,-0.0015506567010351718,-0.007026731143296962,-0.0010995686295592344,0.04071851932819823,0.00030745441204801444,0.05637336056347346,0.01231220021188699,-0.005975699803285393,0.1564261595306873,-0.009899935727637855,0.006888095109382196
protein|SERPINB8,0.019096725053509424,-0.14345989482586124,-0.15316347846842135,0.17802280627965067,0.007832853867405516,0.11024720358063961,0.014170677877236354,0.04346084393083539,5.356295896504495e-05,0.06825785969586778,0.001089789937984597,-0.0024824877815952584,0.150427660220745,0.006131983552224815,-0.015380405088141496
protein|SLAMF6,0.012164206216617096,-0.009341487069917876,0.18433640821745112,-0.006016041294934579,-0.0025133722708853283,-0.1312716218746422,0.10268989248780364,-0.0005199316365528068,-2.4200484721927356e-05,-0.09638239760039206,0.0022775783596078346,-0.09725234868903342,0.117964942943309,-0.010511299709638024,0.0027588715430526592
protein|TRAFD1,-0.004320335662105619,-0.08892152431518266,0.30487364920943966,0.11966731752898259,-0.0020911620649858363,0.0706512962684384,-0.012491856609745514,-0.0015139371354518467,0.00013623084232702127,-0.12357545790578736,-0.00301607418141316,-0.01146242881418395,0.10616905934548751,-0.025085311811014983,-0.03527949194030346
protein|PPA1,-0.02681341792412127,-0.24770717089179026,-0.12117568629527808,0.07984172840386224,-0.007825596160208123,0.2659262965610122,-0.02331571622765154,-0.08324974092688305,-0.0006135062665497629,0.004015723729592648,-0.005897202668365981,-0.007972377400338479,-0.023636750913532185,0.04810735736960277,-0.15822590995721916
protein|DR1,-0.0030687753659926686,-0.22579664087810017,0.3457442255507158,0.1287200268955388,0.007249070629415074,0.006175973021365347,0.09352603123111991,-0.0008850876653073135,-0.0003762680152289436,-0.027374472529506755,0.00895697518249254,0.0025403550336109883,0.10357855951400709,0.00030940534368640123,-0.004344467574855922
protein|PAK1,-0.004321614291444371,0.08504371787433383,0.17528742289773763,0.025727227010749764,0.0054581883416589,0.015176225582472768,0.011253077919781808,0.00426036915750321,-0.000799586937093316,0.008944664925071164,0.0892950095654651,0.010941352679578584,0.16166711483841487,-0.00849026148955221,-0.0074496801447514974
protein|WDR13,-0.0059332986386666725,0.29125999827943355,0.28472121347164386,0.009419442182189776,-0.003720034335713893,0.003648483618116804,-0.004236742645369527,0.008295080396611374,-0.0005062764610949957,-0.11974344957970776,0.15609029899836435,8.931216661801772e-06,0.027627719457548838,0.04824531159219758,0.010566523814529891
protein|EXOSC9,0.013808954537040024,-0.1716136517553995,0.16442615505548205,-0.18144033822750186,-0.009847795610765887,0.1054751146259613,0.0020534096711569533,0.008330084951701082,0.0001485281944588437,-0.21638135941024592,-0.017310890353578447,-0.00010405858639581026,0.0138537105866702,0.022309341022090753,0.011843839798432634
protein|DEK,0.011004610315043184,-0.33164200042711495,0.2657989929897181,-0.022245190858002844,0.034068896662751806,-0.12407420560813749,-0.002759671556387761,-0.00023274389450297437,3.055977467047503e-05,0.029886145223407292,-0.146060150591107,-0.007784443880430867,0.09268472501595719,0.014961021352890179,-0.014642942313260346
protein|TBC1D13,-0.008841532914587977,-0.018020103275715835,-0.038863528018984544,0.08728665678871507,-0.006116571875860214,-0.001998458973131545,-0.014458815234507191,0.0028136748659232844,-5.904640988891192e-05,0.16414284140897384,0.01875387072030148,-0.0018133124698756328,-0.06411023455792118,0.01650805838313046,-0.02302348717039364
protein|SRRM1,0.020264626782122205,-0.2523714753951424,0.30368320544807903,-0.2054593413830342,0.014227340340273013,0.02094488726788343,-0.002580404620909996,-0.00019432003505389525,0.00023574928746080648,-0.02092685645171075,0.026871280059368216,-0.02373765393034309,-0.08812370825368378,-0.013373534566643813,0.059070188129553315
protein|GGACT,-0.00467867853526162,-0.06889148647474039,0.048938061012903204,0.14890419866773108,-0.017160607882648705,-0.09170719607521403,0.008851249449741418,-0.0020089660138573585,-0.0002878290310303375,0.2480902979105931,-0.014340440795668926,0.005834663314207685,0.09510855729300097,0.004485145418012865,0.0044813261592656336
protein|PGM2L1,0.01108008892758614,0.014420123044612715,-0.13957117931781807,0.10357969025546324,-0.011466695284877754,-0.004850754331889207,0.19299943487761564,-0.00034066995931165,6.218059514251812e-06,0.09178173033173076,-0.04097324335812243,0.034952363453606076,0.15952101388381226,0.012124185866981932,-0.05538429884159516
protein|CSTB,-0.01950368849614361,-0.003640335618258232,0.05366556353307923,0.22531646946358672,-0.0037425320897356454,-0.031558805079073333,-0.14355646738725725,0.06416876076284979,-0.0001324654099294974,-0.13256857787444787,0.0032260985077746636,-0.0004510272916481384,-0.06307874333415489,0.005971850750240392,-0.09058691533497525
protein|ELMSAN1,7.82606332466336e-05,-0.1815399979140192,0.23119175285635754,0.021216030425745217,-0.002418962089350623,-0.02868512000054662,-0.007116030916994947,-0.01080361771238011,0.00043513100709175546,0.035190959408453584,0.0036936254139161595,-0.055826789585823905,0.11086757776274363,0.023655245202424534,9.56912961653003e-05
protein|ATP5A1,0.023604998020999097,-0.10374479233021737,-0.3324973582701447,-0.13932968335524473,-0.008799608069525034,0.002927283249374065,0.006043745904763373,-0.00042035087657078877,-0.0002415401025443001,-0.15971763104252226,0.34331079751234295,-0.02215923021281299,0.1279018863305013,-0.005217985580451463,0.006950633869906603
protein|ZC3H18,0.005540274699391879,-0.22652311816500592,0.4893501322336298,-0.10080788427325828,0.010432568032492243,-0.0008354157649368898,-0.0017496055730847485,-0.0001932302154250645,-8.888692615313674e-05,-0.08459067571024975,0.0023753414694319226,-0.006561106401385849,0.0006991654531203395,0.017104462914031573,-0.007590056677849467
protein|DDX58,-0.0090940493670486,-0.0005333443120209813,-0.24603914729780021,0.28532772314822313,0.01703093574490292,0.03221299151337938,0.13105596706571895,-0.0010178791451481459,2.678466030677825e-05,0.030286673252783444,0.0030218480322017015,-0.004756913029405961,0.15606841796072976,0.034183048707802845,-0.04500345576115569
protein|TNFAIP8,-0.00131381739585002,-0.30513939197331524,0.028866721971006704,0.06508321429010429,0.0041852650674029995,0.18128947396876025,0.11387550223722676,0.0010575954102473863,-4.2081424221515215e-05,-0.10238305773387968,-0.048710181484749523,-0.018695885070506908,-0.08555408854012235,0.035155775477857205,-0.07537122928306556
protein|LSM7,0.008202566094158472,-0.466201131856419,0.11838218059941044,-0.015080183512090463,-0.006602576281191028,0.005043409399266981,-0.0002441897891358004,0.0013096751425668803,-0.0007128151108790576,0.00673220607103917,-0.012255968010611604,0.0033367322827901284,0.003077623961277929,0.017569393833006215,-0.06192465141887326
protein|NOL6,-0.036474916009952875,-0.00512188026545419,-0.18008741671970288,-0.310791875870863,0.00605318970779091,0.07690220635369902,-0.005954402422793405,0.0021326231812827477,0.00033600202467671755,-0.05027478505813588,-0.007491366549783708,-0.002941977903289048,0.26503101731438555,-0.02246251105085663,-0.007256579956239226
protein|TOMM22,-0.006309353785354424,-0.006876211113062024,-0.17480427958706232,-0.20143554530531055,-0.009042723680728297,0.04195933996801579,-0.006055743789596261,-0.07766879268212522,6.324956953191893e-05,0.03973976742796574,0.15108800503918815,-0.019315743725474403,0.1037257442290934,0.05317802026628424,0.008027234478447014
protein|CYB561D2,0.005183283810104269,0.27666472375974405,0.2851047233982494,-0.012391982534159802,-0.007036935109871158,-0.023754440136461653,-0.007964569433312954,-0.0015250663246617578,0.00022469027714374601,-0.09450774031611063,-0.021391351049785488,-0.0007348544181634673,0.1860298935769632,0.03326543328372586,-0.010469204940437737
protein|TAF5,-0.001442282832510124,-0.02024936856738219,0.15371811812787528,0.08428573887575526,0.00946786090534108,0.000945487343563729,0.014835247297040891,-0.0033037400182988146,-0.00010932095462669475,0.19519048383252624,0.0004994486524650166,0.011026317934401357,0.19047097022775547,0.02426112512888789,4.90216071647807e-05
protein|LSP1,0.003365534156371433,-0.1936137757906357,0.0844332196232797,0.20675387697368208,0.01378117964762997,-0.14673205533866682,0.00013514907238683838,0.020782893965193616,0.0001788420262451243,-0.04457463001803516,-0.004120378180067397,-0.048275985719089656,-0.07820689648711868,-0.00718940239337718,0.02761576971637769
protein|GPR108,0.01293291343481369,0.002288547792510616,-0.20719214327889135,0.28901017019848646,-0.0029615881343199608,0.003367480560516073,0.002378255450142476,-0.009818302458052998,-0.00016524099657490277,-0.12004845476624472,-0.07952641451480609,-0.10233261536622287,-0.07271828854713919,-0.0010387658433093905,-0.0460820048807246
protein|SRSF10,0.0006884589563025625,-0.27642325974994325,0.40127131902957996,-0.11377829685936985,0.028907918551581105,-0.002272156230631394,-0.0037029682453877766,0.0001410268095923911,-0.0005296322891885819,0.019198688321720926,-0.04898142263523248,-0.005133639570319368,0.2699422936212256,-0.03694930579247089,0.0016343498503067167
protein|PMPCA,-0.017192313517232292,-0.0012922036587370653,-0.22462039056615468,-0.2719197250112247,0.02298542737398065,0.010837165876942572,-0.0130998955222852,-0.00013858026850731989,2.1611887046577522e-05,-0.13711774190478596,0.1571774194976881,-0.0690479802029754,0.14911316109873368,-0.05530668626882228,0.009525541647389474
protein|CAV1,-0.0024044883188483464,0.2964237653371053,0.05770971572096017,-0.09462640810923138,0.0026012716168482765,-0.004020261023605877,0.14643076542460456,0.008710920780263353,-0.00018932464131238044,-0.1333095737585579,0.008125432848417368,0.0655409216628434,-0.05748339931876142,0.00199770113615445,0.03356734102394361
protein|UBE2I,0.010873933498167888,-0.2086790078143241,0.17953342922853646,-0.09112642533284745,0.027034591697349848,0.0029921637614727836,0.0596380020343957,0.0016054284269301472,-0.0003314128980362044,-0.032142100848166134,-0.03966928278141989,0.01288307046610387,0.05137557051695614,0.007267500839894234,0.02401045956673134
protein|EMC3,-0.016639139892795283,0.09337573952226753,-0.023078612643599904,0.013279024118944351,0.00032848878120668066,0.004448679575002405,0.008051451695828027,0.0017388990694945667,0.00039722199760629137,0.13235240250188723,0.03198927388900781,0.0008264041091302594,0.14955218398905493,0.012872790372681497,-0.04125854705199437
protein|STXBP3,-0.0017778682674601505,0.21031435907607215,0.032735358050630256,0.15295596860612842,0.0023485182283837585,-0.08594813454199687,0.02978729330190229,0.0003274144182509401,0.00015601507990618902,-0.07025011120091061,-0.04053431651857505,-0.058597194716813614,0.21522541168405937,0.04480769504902469,0.004704345087565783
protein|MRPL14,0.006992888825664699,-0.15533053931019059,0.27008883360995367,-0.1390924513479783,0.006922617890967179,0.05816412161581395,-0.036494941720952086,0.004608696660589044,-0.00022399648856778,0.125755334191778,0.05357367638317524,-0.019071009621653433,0.06875303446949191,0.007668944595707602,0.0037485667546186124
protein|SH2D1A,0.009255953799993532,0.005851359552838182,0.02333106716763759,0.3070341882004837,-0.009186720649474647,0.05889010122426777,0.09351494682509216,0.0013687554739169447,0.00028606804507593105,-0.17104948308050988,-0.0026682979277295664,-0.03147408498828242,0.10814472937327492,-0.0182802817557846,0.04567072931446271
protein|THEMIS2,0.0002446479595940897,-0.056107669861549386,-0.09483831587473178,0.25131790281124816,-0.006175524601038265,0.23596286307658423,0.016247485145829025,0.0012207900598923678,-7.349863063916848e-05,-0.037469840793856755,-0.07650723978365102,-0.025106841994522476,0.21992245957785825,0.0024230539556408933,-0.10608511648480397
protein|ETFDH,-0.008258857627180408,0.10183927846835567,0.01598315355365105,0.0087243905372344,-0.009909862082548926,0.07185020952723899,0.005356343196959612,0.01039301269978153,0.0007864827760357644,-0.13825397419506041,0.34678360256395846,0.04514217826433735,0.15795719753170415,0.023518275190105617,0.004547057520456192
protein|TCEB3,-0.0005705557684915438,0.0673305312003865,0.08857656908862581,-0.10801139767755291,-0.0013446708200330777,0.03686034420618115,-0.0032253528311589827,-0.02859013429261357,3.8489186631734566e-05,-0.10298179284524053,0.03653307168599454,-0.006606440389798056,0.07939789879343934,-0.00018354882483567314,-0.09989514845880768
protein|DYNLT1,-0.018220410636012145,0.1679188810346285,0.03494093013849483,0.03668791348775006,-0.00348224262776523,0.18005429141235285,-0.012032258544380248,-0.007666697887550729,-9.902134179939056e-05,-0.12191383372090348,0.015102211584722042,-0.012721664442563865,0.06574415213429596,0.023011605735839078,-0.07131557354967688
protein|PGRMC1,-0.01226436009502098,-0.11766698820384486,0.15830556782469304,-0.06709928327212418,-0.002392067095643203,0.12743751851178042,0.05801768697416717,-0.0025645463737514695,8.963262900257905e-05,0.0028036554234188694,0.32319636000533725,0.11320205861729842,0.007464080535795569,-0.007087737627231854,-0.08308823871988517
protein|ITGA4,0.005202104525506446,0.07109916366497489,0.11615096117569587,0.054877527108310245,0.0076481319262864675,0.10626578252480096,0.17486994734524072,-0.13195380642160925,0.00017073286976989238,-0.046379789827509836,-0.02063682742071705,-0.019913392906704786,0.1303610488299364,-0.006140669846352039,0.05077243546100843
protein|TM7SF2,-0.0030578776764942682,0.06849485674065292,-0.09842942868849157,-0.1235490304076804,-0.0053349911180480296,-0.035599028867331496,-0.01913893902548975,0.0023185987211973417,-6.82349943962255e-05,0.17678781177066483,0.0708481006076119,-0.030107055234643437,0.1200642557585141,0.009433197398802506,0.02107653432339406
protein|SLC39A11,0.003909620385560459,0.153659474202457,-0.25827413864469717,0.09427530426310234,0.0012547078620024192,0.10802550596403936,-0.010075550653876789,0.016922174646529786,-5.008743791932753e-05,-0.11012468771528884,-0.16865206066726882,0.002891852656033852,0.1103267748629545,0.007993675484167913,0.043074577874178774
protein|SH3PXD2B,0.006283120732790439,0.17848605542044646,0.1407530103303203,0.22000218985593314,-0.005172080805162096,0.16491748257812905,-0.13371233607405483,0.0031414582880787893,-0.00030938755505841226,-0.02636890656436046,-0.026314753247488866,-0.05575537531892029,0.2117021531163514,-0.012033365588061286,-0.18152914628405284
protein|CD63,-0.0024401001393831723,0.2198543415974554,-0.014232482669284164,0.09569488360353007,0.000709359479362304,0.16901196085972736,0.006412490236199825,-0.0004670081012236406,-2.707902391565923e-05,0.02616160702681799,-0.053954822562937814,0.007776445328919355,0.014055941477727379,-0.005478477160029751,-0.015275572788192795
protein|MAD1L1,-0.0014575141318610763,0.16444291354027954,0.05246817772438383,0.028231599078711152,0.0009601986752397573,-0.13395768183824627,0.0021492285550637627,0.0008695715451151291,0.0001129438656929211,-0.12411980097218366,-0.04965082240383527,-0.053422680228381196,0.2840123101250804,0.01836822847454121,0.0114525029268232
protein|SERBP1,0.0008123345362114497,-0.3277374129979567,0.40937827748496086,-0.25128107523393634,-0.004735273545152291,0.12905998448828862,-0.0005600320465042124,0.00021644629808374518,3.4983476934859255e-05,-0.09370395868425935,-0.05905503765867616,0.001547592874075014,-0.030078453319152782,0.006359750641864056,-0.0013865688996436134
protein|UCKL1,-0.014240648943860346,-0.15240036636462626,-0.27319648531422197,-0.08661003750131968,-0.010960271683866912,0.01815845958409854,-0.01649754267156994,-0.0012175976903775216,-0.00015792487136336987,-0.014539196035721848,-0.05939391511522755,0.05214934443780337,0.3063513225211446,0.03040385148556203,-0.039194638617593175
protein|ACACA,-0.016448519114260533,0.15076114967396603,-0.13268294641418557,-0.1552613499137499,-0.00013490863424249822,0.010747795372988884,-0.08357951857038472,0.0002708608632367571,0.00013392548367363198,-0.0013268266276863906,0.005884064564990589,-0.047508270540879804,0.30176879518567296,0.028188744295817938,0.010076989299729871
protein|DAGLB,0.003753978876687724,0.05225628939436146,-0.2562352518007603,-0.057282754015385434,0.020377041994889652,-0.01590452415002899,0.007814817319292872,0.001062021731944746,2.5718318293385416e-05,0.020650403139886916,-0.014702507875162724,-0.003730895933252756,0.054388480983880466,-0.01028189035269001,-0.006577623332400066
protein|BIN2,0.02621225697628534,-0.028773077211098938,0.18832280318370734,0.36694862470922074,-0.0024891516269432484,0.1179012003162155,0.0930341899967202,-0.001263750918090033,5.0335131934834394e-05,-0.07805462395012634,-0.1242239171911052,-0.054591244173047844,0.0325951024425827,0.019307037948787773,-0.006801129855297704
protein|CFI,0.010508598821295508,0.26340421840201794,-0.020328720220074554,-0.005066641554380482,0.009039171991610938,0.005627573440026061,-0.02522270433672103,-0.005311586542037734,-5.054354253232495e-05,0.24835001646922503,0.06797417579004587,0.002222272635021042,0.07396879717879884,0.0018414453711279033,-0.1366762638194995
protein|FARP1,-0.004519468378985394,0.2020116057605259,0.1652682404555263,0.030126686237700852,0.006445579539038559,-0.008310355699896662,0.011000627869048298,-0.05553531895394708,-0.00011411808933087648,0.015404475722021964,0.09147947166093058,-0.001993494340911112,0.17576622691915042,0.01813396975360747,-0.019980063140711442
protein|PRMT1,-0.010794442147660677,-0.15588307620610967,-0.4031044757805481,-0.2085551399397916,0.0013999212153372736,0.004467635078422443,0.0038939562459073475,4.234094057753436e-05,0.00017124648302951177,-0.016438176482588822,-0.20511667448113577,0.07537317703165586,0.20042689143489104,0.04222470154593299,-0.0009233646066099545
protein|HIBCH,0.022468797321216424,-0.1067742570641597,-0.1058231315301004,-0.1231165060822784,0.004250421025726274,-0.020543260635997155,0.0030548488801088332,-0.0004620613663883503,0.000145154979114016,0.00016251253282477109,0.3757654074765847,-0.06055081151548576,-0.015063511994505866,0.003252916432668954,0.005094771890254332
protein|SMARCE1,5.160429894129474e-05,-0.16935900639774482,0.20715143919257253,-0.013488583450745857,0.0019208462590809704,-0.01507360044768166,-0.0015372966966944299,-0.0035207636618477017,-0.0002887001479154697,0.11830256241209873,-0.10854704088680618,0.002732553444073337,0.19440924887017552,-0.011678522527497334,0.08820905260403049
protein|VPS53,-0.00607584433655563,0.055921459208067174,-0.012422574465354422,-0.04670361768558466,0.006954691991137049,-0.0024776701534406495,-0.010958710293304568,0.015929974613422285,-0.00019541262952842267,-0.02430821940969503,-0.02265532999899296,0.03019643280362852,0.10192088050280558,-0.01448540166682256,0.016910043623607183
protein|CUX1,0.013503391676276223,0.040688144362383424,-0.016316497872538374,-0.050312917994421676,0.008349528590342657,-0.17190649526611412,-0.0649296937458167,-0.0014044251702381213,-0.0003387506495370312,-0.008955238884277511,0.004875024408112798,-0.004915831262495324,0.18483742832107516,0.014538141161621826,0.04367497583527942
protein|GABPB1,-0.012760017869979176,-0.38206205455163683,-0.035280231685143146,0.07112760814537646,0.008586136402047865,0.0016962482367286478,0.10131459549441582,-0.0003425552946355376,0.0001164184847783545,-0.09968535628575301,-0.016577192006802258,0.15820708263968852,0.18275525921530925,0.01265960057223376,-0.08100744891711038
protein|LBR,0.03171782001286314,-0.1643883253461854,-0.1318335774898121,0.05295338842475521,-0.002775044167361843,-0.2051406962370004,0.013349166128459605,-0.00894342761752678,-0.0002630683767706016,-0.04295778007783212,-0.13466841308335772,-0.07027132338598656,0.08681325630996746,0.022296121414615205,0.048729942077595303
protein|CAB39,-0.02683590720007525,-0.17127205302047072,-0.321020475818847,0.043873823156339996,0.015502089601558668,-0.03903813061446948,0.027854251336189323,-0.00038872041075660365,4.515793218556308e-05,-0.015837402281381623,-0.08063848660599256,0.07492703842387635,0.019866833002918798,0.007743399431452107,0.005281593315811945
protein|CAMK1D,-0.008280127515908653,-0.17636232705792193,0.010973374512238107,0.03364651794140062,-0.0122789363406142,0.03125205003852204,0.05365292469519514,0.006367191535478482,0.00016508207229651653,0.03537846585015189,-0.001693747252310298,0.06381220479345392,0.1251413339801644,0.03164405096646615,0.0022060690814377617
protein|SLC4A7,-0.00844529745605484,0.02664504174476563,0.17478117652070085,-0.008134865215651287,0.0062534138076760625,0.06263520663182189,-0.018684102660675234,0.0011812625385212781,3.9700636583729404e-05,0.11297933166717956,-0.004364182385791517,0.000864360862034264,0.16635966210346761,0.006198906922965081,-0.07212752345601192
protein|ITGB2,0.003971368076718413,0.14017175727398498,0.05912869800788882,0.3774665081585716,0.0035100838467005454,0.018044809896653823,-0.10714116824136818,-0.0015103395779305087,0.0006498528374338199,-0.020709058653448756,-0.05079132147451616,-0.09989082178574485,0.09058438463652019,0.014073609794670143,-0.29109480055918074
protein|RBM34,-0.006645940158635785,0.010947066294597812,0.027434564431778774,-0.2224639002426214,-0.009226281342901084,0.008268676059024033,-0.003963208075368716,0.031645832013669,-4.550986752227913e-05,0.06472700596464057,-0.03181852314530622,-0.0036344121269489367,0.22702046281464694,0.026247422290636094,-0.019969998219559502
protein|IMMT,0.01099053264783947,0.09416308940480463,-0.3531934324995056,-0.11658737415582363,0.003933477106060192,-0.11728966100995708,0.017258275812220298,9.876147041054514e-05,3.188685667314935e-05,-0.22081909581328207,0.249640514245791,-0.12019539797123631,0.10045871738203321,0.019150117135509324,0.0008425402553939185
